match_key,season,date,innings,team,opponent,venue,player_key,player,overs,runs,wickets,source
53588,2022-23,2022-10-17 12:30,1,DOL,TIT,Senwes Park,ci:698343,Eathan Bosch,4.0,13,2,cricbuzz
53588,2022-23,2022-10-17 12:30,1,DOL,TIT,Senwes Park,ci:437438,Subrayen,3.0,26,0,cricbuzz
53588,2022-23,2022-10-17 12:30,1,DOL,TIT,Senwes Park,ci:535353,Ottniel Baartman,4.0,23,1,cricbuzz
53588,2022-23,2022-10-17 12:30,1,DOL,TIT,Senwes Park,ci:280490,Smuts,2.0,27,0,cricbuzz
53588,2022-23,2022-10-17 12:30,1,DOL,TIT,Senwes Park,ci:695245,Thando Ntini,4.0,49,1,cricbuzz
53588,2022-23,2022-10-17 12:30,1,DOL,TIT,Senwes Park,ci:1070754,Simelane,3.0,25,2,cricbuzz
53588,2022-23,2022-10-17 12:30,2,TIT,DOL,Senwes Park,ci:550189,Dayyaan Galiem,3.0,27,1,cricbuzz
53588,2022-23,2022-10-17 12:30,2,TIT,DOL,Senwes Park,ci:545467,Junior Dala,2.0,16,1,cricbuzz
53588,2022-23,2022-10-17 12:30,2,TIT,DOL,Senwes Park,cb:7649,Aaron Phangiso,3.4,16,3,cricbuzz
53588,2022-23,2022-10-17 12:30,2,TIT,DOL,Senwes Park,ci:594322,Corbin Bosch,2.0,20,0,cricbuzz
53588,2022-23,2022-10-17 12:30,2,TIT,DOL,Senwes Park,ci:742489,Neil Brand,4.0,20,1,cricbuzz
53588,2022-23,2022-10-17 12:30,2,TIT,DOL,Senwes Park,cb:9489,Ayabulela Gqamane,1.0,11,0,cricbuzz
53588,2022-23,2022-10-17 12:30,2,TIT,DOL,Senwes Park,ci:1070665,Dewald Brevis,3.0,20,1,cricbuzz
53595,2022-23,2022-10-17 16:00,1,NWEST,LIONS,Senwes Park,ci:595954,Duan Jansen,3.0,32,1,cricbuzz
53595,2022-23,2022-10-17 16:00,1,NWEST,LIONS,Senwes Park,ci:594335,Mungroo,4.0,35,1,cricbuzz
53595,2022-23,2022-10-17 16:00,1,NWEST,LIONS,Senwes Park,ci:601150,Eldred Hawken,4.0,30,2,cricbuzz
53595,2022-23,2022-10-17 16:00,1,NWEST,LIONS,Senwes Park,ci:946365,Caleb Seleka,3.0,24,0,cricbuzz
53595,2022-23,2022-10-17 16:00,1,NWEST,LIONS,Senwes Park,ci:596442,Delano Potgieter,4.0,29,2,cricbuzz
53595,2022-23,2022-10-17 16:00,1,NWEST,LIONS,Senwes Park,ci:535393,Senuran Muthusamy,2.0,20,0,cricbuzz
53595,2022-23,2022-10-17 16:00,2,LIONS,NWEST,Senwes Park,cb:11208,Lutho Sipamla,3.0,38,2,cricbuzz
53595,2022-23,2022-10-17 16:00,2,LIONS,NWEST,Senwes Park,ci:488620,Tladi Bokako,3.0,22,1,cricbuzz
53595,2022-23,2022-10-17 16:00,2,LIONS,NWEST,Senwes Park,ci:949461,Codi Yusuf,3.0,28,1,cricbuzz
53595,2022-23,2022-10-17 16:00,2,LIONS,NWEST,Senwes Park,cb:11200,Wiaan Mulder,3.0,20,1,cricbuzz
53595,2022-23,2022-10-17 16:00,2,LIONS,NWEST,Senwes Park,cb:9708,Malusi Siboto,2.1,17,0,cricbuzz
53595,2022-23,2022-10-17 16:00,2,LIONS,NWEST,Senwes Park,ci:696337,Tetelo Maphaka,2.0,24,0,cricbuzz
53595,2022-23,2022-10-17 16:00,2,LIONS,NWEST,Senwes Park,ci:605681,Evan Jones,1.0,8,0,cricbuzz
53595,2022-23,2022-10-17 16:00,2,LIONS,NWEST,Senwes Park,cb:9719,Cameron Delport,2.0,15,1,cricbuzz
53609,2022-23,2022-10-18 16:00,1,BOL,WPR,Senwes Park,ci:375126,Viljoen,4.0,29,1,cricbuzz
53609,2022-23,2022-10-18 16:00,1,BOL,WPR,Senwes Park,ci:949545,Khwezi Gumede,4.0,42,1,cricbuzz
53609,2022-23,2022-10-18 16:00,1,BOL,WPR,Senwes Park,ci:549288,Ferisco Adams,4.0,20,2,cricbuzz
53609,2022-23,2022-10-18 16:00,1,BOL,WPR,Senwes Park,ci:437506,Imran Manack,4.0,26,2,cricbuzz
53609,2022-23,2022-10-18 16:00,1,BOL,WPR,Senwes Park,ci:595036,Bamanye Xenxe,4.0,34,1,cricbuzz
53609,2022-23,2022-10-18 16:00,2,WPR,BOL,Senwes Park,ci:594235,Tshepo Moreki,3.0,24,2,cricbuzz
53609,2022-23,2022-10-18 16:00,2,WPR,BOL,Senwes Park,cb:17026,Mihlali Mpongwana,1.0,15,0,cricbuzz
53609,2022-23,2022-10-18 16:00,2,WPR,BOL,Senwes Park,ci:550251,Kyle Simmonds,4.0,40,1,cricbuzz
53609,2022-23,2022-10-18 16:00,2,WPR,BOL,Senwes Park,ci:1337353,Abdullah Bayoumy,4.0,38,2,cricbuzz
53609,2022-23,2022-10-18 16:00,2,WPR,BOL,Senwes Park,ci:481875,George Linde,2.1,18,0,cricbuzz
53609,2022-23,2022-10-18 16:00,2,WPR,BOL,Senwes Park,cb:13629,Junaid Dawood,2.0,18,0,cricbuzz
53616,2022-23,2022-10-19 12:30,1,LIONS,TIT,Senwes Park,cb:11208,Sipamla,4.0,42,2,cricbuzz
53616,2022-23,2022-10-19 12:30,1,LIONS,TIT,Senwes Park,ci:946255,Muhammad Manack,1.0,9,0,cricbuzz
53616,2022-23,2022-10-19 12:30,1,LIONS,TIT,Senwes Park,cb:11200,Mulder,3.0,27,0,cricbuzz
53616,2022-23,2022-10-19 12:30,1,LIONS,TIT,Senwes Park,ci:949461,Codi Yusuf,2.0,29,0,cricbuzz
53616,2022-23,2022-10-19 12:30,1,LIONS,TIT,Senwes Park,cb:9708,Siboto,4.0,26,1,cricbuzz
53616,2022-23,2022-10-19 12:30,1,LIONS,TIT,Senwes Park,ci:696337,Tetelo Maphaka,2.0,19,1,cricbuzz
53616,2022-23,2022-10-19 12:30,1,LIONS,TIT,Senwes Park,cb:9719,Delport,1.0,15,1,cricbuzz
53616,2022-23,2022-10-19 12:30,1,LIONS,TIT,Senwes Park,ci:605681,Evan Jones,3.0,18,1,cricbuzz
53616,2022-23,2022-10-19 12:30,2,TIT,LIONS,Senwes Park,ci:545467,Junior Dala,4.0,30,2,cricbuzz
53616,2022-23,2022-10-19 12:30,2,TIT,LIONS,Senwes Park,cb:9540,Simon Harmer,2.0,12,1,cricbuzz
53616,2022-23,2022-10-19 12:30,2,TIT,LIONS,Senwes Park,ci:550189,Dayyaan Galiem,2.0,9,1,cricbuzz
53616,2022-23,2022-10-19 12:30,2,TIT,LIONS,Senwes Park,cb:7649,Aaron Phangiso,4.0,16,1,cricbuzz
53616,2022-23,2022-10-19 12:30,2,TIT,LIONS,Senwes Park,cb:9489,Ayabulela Gqamane,2.0,17,2,cricbuzz
53616,2022-23,2022-10-19 12:30,2,TIT,LIONS,Senwes Park,ci:1070665,Dewald Brevis,4.0,19,2,cricbuzz
53616,2022-23,2022-10-19 12:30,2,TIT,LIONS,Senwes Park,ci:594322,Corbin Bosch,2.0,10,0,cricbuzz
53623,2022-23,2022-10-19 16:00,1,NWEST,DOL,Senwes Park,ci:594335,Mungroo,4.0,32,2,cricbuzz
53623,2022-23,2022-10-19 16:00,1,NWEST,DOL,Senwes Park,ci:595954,Duan Jansen,4.0,36,0,cricbuzz
53623,2022-23,2022-10-19 16:00,1,NWEST,DOL,Senwes Park,ci:601150,Eldred Hawken,3.0,43,0,cricbuzz
53623,2022-23,2022-10-19 16:00,1,NWEST,DOL,Senwes Park,ci:596442,Delano Potgieter,2.0,23,1,cricbuzz
53623,2022-23,2022-10-19 16:00,1,NWEST,DOL,Senwes Park,ci:535393,Senuran Muthusamy,4.0,11,1,cricbuzz
53623,2022-23,2022-10-19 16:00,1,NWEST,DOL,Senwes Park,ci:946365,Caleb Seleka,3.0,15,0,cricbuzz
53623,2022-23,2022-10-19 16:00,2,DOL,NWEST,Senwes Park,ci:698343,Eathan Bosch,4.0,20,2,cricbuzz
53623,2022-23,2022-10-19 16:00,2,DOL,NWEST,Senwes Park,ci:280490,JJ Smuts,4.0,23,1,cricbuzz
53623,2022-23,2022-10-19 16:00,2,DOL,NWEST,Senwes Park,ci:535353,Ottniel Baartman,4.0,30,3,cricbuzz
53623,2022-23,2022-10-19 16:00,2,DOL,NWEST,Senwes Park,ci:695245,Thando Ntini,2.0,18,1,cricbuzz
53623,2022-23,2022-10-19 16:00,2,DOL,NWEST,Senwes Park,ci:1071000,Bryce Parsons,2.0,18,1,cricbuzz
53623,2022-23,2022-10-19 16:00,2,DOL,NWEST,Senwes Park,ci:437438,Prenelan Subrayen,4.0,21,1,cricbuzz
53630,2022-23,2022-10-20 12:30,1,KNG,WPR,Senwes Park,ci:543041,Budaza,2.0,25,1,cricbuzz
53630,2022-23,2022-10-20 12:30,1,KNG,WPR,Senwes Park,ci:605683,Migael Pretorius,3.0,16,0,cricbuzz
53630,2022-23,2022-10-20 12:30,1,KNG,WPR,Senwes Park,ci:596010,Gerald Coetzee,3.5,22,4,cricbuzz
53630,2022-23,2022-10-20 12:30,1,KNG,WPR,Senwes Park,ci:594329,Snyman,4.0,13,2,cricbuzz
53630,2022-23,2022-10-20 12:30,1,KNG,WPR,Senwes Park,ci:688143,Alfred Mothoa,2.0,10,0,cricbuzz
53630,2022-23,2022-10-20 12:30,1,KNG,WPR,Senwes Park,ci:276843,Swanepoel,4.0,24,3,cricbuzz
53630,2022-23,2022-10-20 12:30,2,WPR,KNG,Senwes Park,ci:481875,George Linde,3.0,25,0,cricbuzz
53630,2022-23,2022-10-20 12:30,2,WPR,KNG,Senwes Park,ci:594235,Tshepo Moreki,2.0,16,1,cricbuzz
53630,2022-23,2022-10-20 12:30,2,WPR,KNG,Senwes Park,ci:327947,Dane Paterson,3.5,34,0,cricbuzz
53630,2022-23,2022-10-20 12:30,2,WPR,KNG,Senwes Park,cb:13629,Junaid Dawood,3.0,30,0,cricbuzz
53630,2022-23,2022-10-20 12:30,2,WPR,KNG,Senwes Park,ci:550251,Kyle Simmonds,2.0,12,0,cricbuzz
53632,2022-23,2022-10-20 16:00,1,BOL,WAR,Senwes Park,ci:375126,Viljoen,4.0,29,1,cricbuzz
53632,2022-23,2022-10-20 16:00,1,BOL,WAR,Senwes Park,ci:549288,Ferisco Adams,4.0,48,0,cricbuzz
53632,2022-23,2022-10-20 16:00,1,BOL,WAR,Senwes Park,ci:437506,Imran Manack,4.0,13,0,cricbuzz
53632,2022-23,2022-10-20 16:00,1,BOL,WAR,Senwes Park,ci:949545,Khwezi Gumede,2.0,23,1,cricbuzz
53632,2022-23,2022-10-20 16:00,1,BOL,WAR,Senwes Park,ci:946367,Michael Copeland,3.0,22,1,cricbuzz
53632,2022-23,2022-10-20 16:00,1,BOL,WAR,Senwes Park,ci:595036,Bamanye Xenxe,3.0,28,1,cricbuzz
53632,2022-23,2022-10-20 16:00,2,WAR,BOL,Senwes Park,ci:481803,Glenton Stuurman,4.0,33,1,cricbuzz
53632,2022-23,2022-10-20 16:00,2,WAR,BOL,Senwes Park,ci:948513,Kgaudisa Molefe,4.0,28,0,cricbuzz
53632,2022-23,2022-10-20 16:00,2,WAR,BOL,Senwes Park,ci:429886,Wihan Lubbe,1.0,11,0,cricbuzz
53632,2022-23,2022-10-20 16:00,2,WAR,BOL,Senwes Park,cb:11204,Ziyaad Abrahams,4.0,35,3,cricbuzz
53632,2022-23,2022-10-20 16:00,2,WAR,BOL,Senwes Park,ci:698319,Beyers Swanepoel,4.0,25,0,cricbuzz
53632,2022-23,2022-10-20 16:00,2,WAR,BOL,Senwes Park,ci:973815,Tsepo Ndwandwa,3.0,24,2,cricbuzz
53637,2022-23,2022-10-21 12:30,1,WPR,TIT,Senwes Park,ci:971349,Nandre Burger,3.0,20,2,cricbuzz
53637,2022-23,2022-10-21 12:30,1,WPR,TIT,Senwes Park,ci:594235,Tshepo Moreki,3.0,24,2,cricbuzz
53637,2022-23,2022-10-21 12:30,1,WPR,TIT,Senwes Park,ci:327947,Dane Paterson,3.0,29,0,cricbuzz
53637,2022-23,2022-10-21 12:30,1,WPR,TIT,Senwes Park,ci:481875,George Linde,2.0,19,0,cricbuzz
53637,2022-23,2022-10-21 12:30,1,WPR,TIT,Senwes Park,cb:17026,Mpongwana,2.0,14,3,cricbuzz
53637,2022-23,2022-10-21 12:30,2,TIT,WPR,Senwes Park,cb:9489,Ayabulela Gqamane,2.0,22,2,cricbuzz
53637,2022-23,2022-10-21 12:30,2,TIT,WPR,Senwes Park,ci:545467,Junior Dala,3.0,20,1,cricbuzz
53637,2022-23,2022-10-21 12:30,2,TIT,WPR,Senwes Park,cb:9540,Simon Harmer,3.0,15,2,cricbuzz
53637,2022-23,2022-10-21 12:30,2,TIT,WPR,Senwes Park,cb:7649,Aaron Phangiso,3.0,23,0,cricbuzz
53637,2022-23,2022-10-21 12:30,2,TIT,WPR,Senwes Park,ci:1070665,Dewald Brevis,2.0,13,1,cricbuzz
53644,2022-23,2022-10-21 16:00,1,LIONS,WAR,Senwes Park,ci:946255,Muhammad Manack,3.0,22,0,cricbuzz
53644,2022-23,2022-10-21 16:00,1,LIONS,WAR,Senwes Park,ci:488620,Tladi Bokako,2.0,7,0,cricbuzz
53644,2022-23,2022-10-21 16:00,1,LIONS,WAR,Senwes Park,cb:11200,Mulder,2.0,11,0,cricbuzz
53644,2022-23,2022-10-21 16:00,1,LIONS,WAR,Senwes Park,cb:9708,Siboto,2.0,11,0,cricbuzz
53644,2022-23,2022-10-21 16:00,1,LIONS,WAR,Senwes Park,cb:11208,Sipamla,1.0,15,1,cricbuzz
53644,2022-23,2022-10-21 16:00,1,LIONS,WAR,Senwes Park,ci:696337,Tetelo Maphaka,3.0,17,1,cricbuzz
53644,2022-23,2022-10-21 16:00,1,LIONS,WAR,Senwes Park,ci:605681,Evan Jones,4.0,20,2,cricbuzz
53644,2022-23,2022-10-21 16:00,2,WAR,LIONS,Senwes Park,ci:481803,Glenton Stuurman,2.0,24,0,cricbuzz
53644,2022-23,2022-10-21 16:00,2,WAR,LIONS,Senwes Park,cb:11204,Ziyaad Abrahams,1.3,33,0,cricbuzz
53644,2022-23,2022-10-21 16:00,2,WAR,LIONS,Senwes Park,ci:429886,Wihan Lubbe,1.0,7,1,cricbuzz
53644,2022-23,2022-10-21 16:00,2,WAR,LIONS,Senwes Park,ci:698319,Beyers Swanepoel,3.0,16,1,cricbuzz
53644,2022-23,2022-10-21 16:00,2,WAR,LIONS,Senwes Park,ci:948513,Kgaudisa Molefe,1.0,8,0,cricbuzz
53644,2022-23,2022-10-21 16:00,2,WAR,LIONS,Senwes Park,ci:973815,Tsepo Ndwandwa,2.0,10,0,cricbuzz
53646,2022-23,2022-10-22 08:00,1,BOL,DOL,Senwes Park,ci:375126,Viljoen,3.0,11,0,cricbuzz
53646,2022-23,2022-10-22 08:00,1,BOL,DOL,Senwes Park,ci:549288,Ferisco Adams,4.0,29,2,cricbuzz
53646,2022-23,2022-10-22 08:00,1,BOL,DOL,Senwes Park,ci:437506,Imran Manack,4.0,39,0,cricbuzz
53646,2022-23,2022-10-22 08:00,1,BOL,DOL,Senwes Park,ci:595036,Bamanye Xenxe,4.0,21,3,cricbuzz
53646,2022-23,2022-10-22 08:00,1,BOL,DOL,Senwes Park,ci:393289,von Berg,4.0,27,2,cricbuzz
53646,2022-23,2022-10-22 08:00,1,BOL,DOL,Senwes Park,ci:946367,Michael Copeland,1.0,8,0,cricbuzz
53646,2022-23,2022-10-22 08:00,2,DOL,BOL,Senwes Park,ci:698343,Eathan Bosch,3.0,17,2,cricbuzz
53646,2022-23,2022-10-22 08:00,2,DOL,BOL,Senwes Park,cb:10079,Daryn Dupavillon,3.0,17,0,cricbuzz
53646,2022-23,2022-10-22 08:00,2,DOL,BOL,Senwes Park,ci:535353,Ottniel Baartman,2.0,17,0,cricbuzz
53646,2022-23,2022-10-22 08:00,2,DOL,BOL,Senwes Park,ci:437438,Prenelan Subrayen,2.0,14,1,cricbuzz
53646,2022-23,2022-10-22 08:00,2,DOL,BOL,Senwes Park,ci:1070754,Andile Simelane,1.2,16,0,cricbuzz
53651,2022-23,2022-10-22 12:30,1,TIT,NWEST,Senwes Park,cb:9489,Gqamane,2.0,13,1,cricbuzz
53651,2022-23,2022-10-22 12:30,1,TIT,NWEST,Senwes Park,ci:545467,Junior Dala,4.0,31,2,cricbuzz
53651,2022-23,2022-10-22 12:30,1,TIT,NWEST,Senwes Park,ci:550189,D Galiem,1.0,4,0,cricbuzz
53651,2022-23,2022-10-22 12:30,1,TIT,NWEST,Senwes Park,ci:742489,Neil Brand,4.0,34,1,cricbuzz
53651,2022-23,2022-10-22 12:30,1,TIT,NWEST,Senwes Park,cb:7649,Phangiso,4.0,22,0,cricbuzz
53651,2022-23,2022-10-22 12:30,1,TIT,NWEST,Senwes Park,cb:9540,Harmer,4.0,18,1,cricbuzz
53651,2022-23,2022-10-22 12:30,1,TIT,NWEST,Senwes Park,ci:1070665,Dewald Brevis,1.0,9,1,cricbuzz
53651,2022-23,2022-10-22 12:30,2,NWEST,TIT,Senwes Park,ci:594335,Kerwin Mungroo,2.0,20,0,cricbuzz
53651,2022-23,2022-10-22 12:30,2,NWEST,TIT,Senwes Park,ci:595954,Duan Jansen,3.0,23,0,cricbuzz
53651,2022-23,2022-10-22 12:30,2,NWEST,TIT,Senwes Park,ci:535393,Senuran Muthusamy,2.0,12,0,cricbuzz
53651,2022-23,2022-10-22 12:30,2,NWEST,TIT,Senwes Park,ci:1124737,Renaldo Meyer,4.0,19,2,cricbuzz
53651,2022-23,2022-10-22 12:30,2,NWEST,TIT,Senwes Park,ci:1341104,Hardus Coetzer,1.3,22,0,cricbuzz
53651,2022-23,2022-10-22 12:30,2,NWEST,TIT,Senwes Park,ci:946365,Caleb Seleka,4.0,29,3,cricbuzz
53651,2022-23,2022-10-22 12:30,2,NWEST,TIT,Senwes Park,ci:596442,Delano Potgieter,1.0,8,0,cricbuzz
53667,2022-23,2022-10-25 12:30,1,WAR,DOL,Senwes Park,ci:948513,Kgaudisa Molefe,4.0,38,1,cricbuzz
53667,2022-23,2022-10-25 12:30,1,WAR,DOL,Senwes Park,ci:481803,Glenton Stuurman,4.0,35,1,cricbuzz
53667,2022-23,2022-10-25 12:30,1,WAR,DOL,Senwes Park,ci:698319,Beyers Swanepoel,4.0,23,1,cricbuzz
53667,2022-23,2022-10-25 12:30,1,WAR,DOL,Senwes Park,ci:696439,Tiaan van Vuuren,2.0,25,0,cricbuzz
53667,2022-23,2022-10-25 12:30,1,WAR,DOL,Senwes Park,cb:11204,Abrahams,4.0,57,0,cricbuzz
53667,2022-23,2022-10-25 12:30,1,WAR,DOL,Senwes Park,ci:429886,Wihan Lubbe,1.0,4,1,cricbuzz
53667,2022-23,2022-10-25 12:30,1,WAR,DOL,Senwes Park,ci:464702,Diego Rosier,1.0,7,0,cricbuzz
53667,2022-23,2022-10-25 12:30,2,DOL,WAR,Senwes Park,ci:698343,Eathan Bosch,2.0,3,2,cricbuzz
53667,2022-23,2022-10-25 12:30,2,DOL,WAR,Senwes Park,cb:10079,Daryn Dupavillon,2.0,5,0,cricbuzz
53667,2022-23,2022-10-25 12:30,2,DOL,WAR,Senwes Park,ci:437438,Prenelan Subrayen,3.0,14,2,cricbuzz
53667,2022-23,2022-10-25 12:30,2,DOL,WAR,Senwes Park,ci:535353,Ottniel Baartman,2.2,14,5,cricbuzz
53667,2022-23,2022-10-25 12:30,2,DOL,WAR,Senwes Park,ci:1070754,Andile Simelane,2.0,16,0,cricbuzz
53667,2022-23,2022-10-25 12:30,2,DOL,WAR,Senwes Park,ci:280490,JJ Smuts,2.0,10,1,cricbuzz
53674,2022-23,2022-10-25 16:00,1,TIT,BOL,Senwes Park,cb:9489,Gqamane,2.0,10,1,cricbuzz
53674,2022-23,2022-10-25 16:00,1,TIT,BOL,Senwes Park,ci:742489,Neil Brand,3.0,21,1,cricbuzz
53674,2022-23,2022-10-25 16:00,1,TIT,BOL,Senwes Park,cb:7649,Phangiso,4.0,17,1,cricbuzz
53674,2022-23,2022-10-25 16:00,1,TIT,BOL,Senwes Park,ci:545467,Junior Dala,4.0,20,3,cricbuzz
53674,2022-23,2022-10-25 16:00,1,TIT,BOL,Senwes Park,ci:1070739,Matthew Boast,2.0,18,0,cricbuzz
53674,2022-23,2022-10-25 16:00,1,TIT,BOL,Senwes Park,ci:1070665,Dewald Brevis,2.0,10,0,cricbuzz
53674,2022-23,2022-10-25 16:00,1,TIT,BOL,Senwes Park,ci:594322,Corbin Bosch,1.0,12,0,cricbuzz
53674,2022-23,2022-10-25 16:00,1,TIT,BOL,Senwes Park,cb:9540,Harmer,1.0,4,0,cricbuzz
53674,2022-23,2022-10-25 16:00,1,TIT,BOL,Senwes Park,ci:550189,D Galiem,1.0,9,0,cricbuzz
53674,2022-23,2022-10-25 16:00,2,BOL,TIT,Senwes Park,ci:375126,Hardus Viljoen,4.0,35,2,cricbuzz
53674,2022-23,2022-10-25 16:00,2,BOL,TIT,Senwes Park,ci:549288,Ferisco Adams,3.0,13,1,cricbuzz
53674,2022-23,2022-10-25 16:00,2,BOL,TIT,Senwes Park,ci:437506,Imran Manack,4.0,15,0,cricbuzz
53674,2022-23,2022-10-25 16:00,2,BOL,TIT,Senwes Park,ci:393289,Shaun von Berg,3.0,20,1,cricbuzz
53674,2022-23,2022-10-25 16:00,2,BOL,TIT,Senwes Park,ci:595036,Bamanye Xenxe,3.0,20,3,cricbuzz
53679,2022-23,2022-10-26 12:30,1,DOL,LIONS,Senwes Park,ci:698343,Eathan Bosch,4.0,34,0,cricbuzz
53679,2022-23,2022-10-26 12:30,1,DOL,LIONS,Senwes Park,ci:437438,Subrayen,3.0,23,1,cricbuzz
53679,2022-23,2022-10-26 12:30,1,DOL,LIONS,Senwes Park,cb:10079,Dupavillon,4.0,30,3,cricbuzz
53679,2022-23,2022-10-26 12:30,1,DOL,LIONS,Senwes Park,ci:535353,Ottniel Baartman,4.0,30,2,cricbuzz
53679,2022-23,2022-10-26 12:30,1,DOL,LIONS,Senwes Park,ci:1070754,Simelane,1.0,8,0,cricbuzz
53679,2022-23,2022-10-26 12:30,1,DOL,LIONS,Senwes Park,ci:280490,Smuts,4.0,38,0,cricbuzz
53679,2022-23,2022-10-26 12:30,2,LIONS,DOL,Senwes Park,ci:488620,Tladi Bokako,3.0,32,0,cricbuzz
53679,2022-23,2022-10-26 12:30,2,LIONS,DOL,Senwes Park,ci:696337,Tetelo Maphaka,2.0,21,0,cricbuzz
53679,2022-23,2022-10-26 12:30,2,LIONS,DOL,Senwes Park,cb:11200,Wiaan Mulder,1.2,14,0,cricbuzz
53679,2022-23,2022-10-26 12:30,2,LIONS,DOL,Senwes Park,ci:949461,Codi Yusuf,4.0,26,1,cricbuzz
53679,2022-23,2022-10-26 12:30,2,LIONS,DOL,Senwes Park,cb:9708,Malusi Siboto,3.0,26,0,cricbuzz
53679,2022-23,2022-10-26 12:30,2,LIONS,DOL,Senwes Park,cb:10763,Ayavuya Myoli,1.0,11,0,cricbuzz
53679,2022-23,2022-10-26 12:30,2,LIONS,DOL,Senwes Park,ci:605681,Evan Jones,4.0,32,0,cricbuzz
53686,2022-23,2022-10-26 16:00,1,BOL,KNG,Senwes Park,ci:375126,Viljoen,4.0,24,0,cricbuzz
53686,2022-23,2022-10-26 16:00,1,BOL,KNG,Senwes Park,ci:549288,Ferisco Adams,2.0,18,0,cricbuzz
53686,2022-23,2022-10-26 16:00,1,BOL,KNG,Senwes Park,ci:595036,Bamanye Xenxe,4.0,30,4,cricbuzz
53686,2022-23,2022-10-26 16:00,1,BOL,KNG,Senwes Park,ci:437506,Imran Manack,4.0,38,1,cricbuzz
53686,2022-23,2022-10-26 16:00,1,BOL,KNG,Senwes Park,ci:393289,von Berg,4.0,43,1,cricbuzz
53686,2022-23,2022-10-26 16:00,1,BOL,KNG,Senwes Park,ci:595739,Leus du Plooy,2.0,25,0,cricbuzz
53686,2022-23,2022-10-26 16:00,2,KNG,BOL,Senwes Park,ci:543041,Mbulelo Budaza,4.0,28,2,cricbuzz
53686,2022-23,2022-10-26 16:00,2,KNG,BOL,Senwes Park,ci:605683,Migael Pretorius,4.0,43,0,cricbuzz
53686,2022-23,2022-10-26 16:00,2,KNG,BOL,Senwes Park,ci:596010,Gerald Coetzee,4.0,36,4,cricbuzz
53686,2022-23,2022-10-26 16:00,2,KNG,BOL,Senwes Park,ci:688143,Alfred Mothoa,2.0,12,0,cricbuzz
53686,2022-23,2022-10-26 16:00,2,KNG,BOL,Senwes Park,ci:276843,Aubrey Swanepoel,4.0,39,2,cricbuzz
53686,2022-23,2022-10-26 16:00,2,KNG,BOL,Senwes Park,ci:499560,Patrick Kruger,1.4,15,2,cricbuzz
53693,2022-23,2022-10-27 16:00,1,NWEST,WPR,Senwes Park,ci:594335,Mungroo,4.0,36,0,cricbuzz
53693,2022-23,2022-10-27 16:00,1,NWEST,WPR,Senwes Park,ci:595954,Duan Jansen,4.0,26,2,cricbuzz
53693,2022-23,2022-10-27 16:00,1,NWEST,WPR,Senwes Park,ci:596442,Delano Potgieter,2.0,20,0,cricbuzz
53693,2022-23,2022-10-27 16:00,1,NWEST,WPR,Senwes Park,ci:535393,Senuran Muthusamy,1.0,12,0,cricbuzz
53693,2022-23,2022-10-27 16:00,1,NWEST,WPR,Senwes Park,ci:1124737,Renaldo Meyer,2.0,15,0,cricbuzz
53693,2022-23,2022-10-27 16:00,1,NWEST,WPR,Senwes Park,ci:946365,Caleb Seleka,3.0,38,1,cricbuzz
53693,2022-23,2022-10-27 16:00,1,NWEST,WPR,Senwes Park,ci:1341104,Hardus Coetzer,2.0,12,1,cricbuzz
53693,2022-23,2022-10-27 16:00,2,WPR,NWEST,Senwes Park,ci:971349,Nandre Burger,4.0,30,2,cricbuzz
53693,2022-23,2022-10-27 16:00,2,WPR,NWEST,Senwes Park,ci:327947,Dane Paterson,4.0,28,2,cricbuzz
53693,2022-23,2022-10-27 16:00,2,WPR,NWEST,Senwes Park,ci:481875,George Linde,2.0,13,0,cricbuzz
53693,2022-23,2022-10-27 16:00,2,WPR,NWEST,Senwes Park,ci:594235,Tshepo Moreki,4.0,22,1,cricbuzz
53693,2022-23,2022-10-27 16:00,2,WPR,NWEST,Senwes Park,cb:17026,Mihlali Mpongwana,2.0,25,0,cricbuzz
53693,2022-23,2022-10-27 16:00,2,WPR,NWEST,Senwes Park,cb:13629,Junaid Dawood,2.0,15,1,cricbuzz
53695,2022-23,2022-10-28 12:30,1,TIT,WAR,Senwes Park,cb:9489,Gqamane,2.0,15,0,cricbuzz
53695,2022-23,2022-10-28 12:30,1,TIT,WAR,Senwes Park,ci:545467,Junior Dala,4.0,30,1,cricbuzz
53695,2022-23,2022-10-28 12:30,1,TIT,WAR,Senwes Park,cb:9540,Harmer,4.0,12,2,cricbuzz
53695,2022-23,2022-10-28 12:30,1,TIT,WAR,Senwes Park,ci:550189,D Galiem,3.0,13,0,cricbuzz
53695,2022-23,2022-10-28 12:30,1,TIT,WAR,Senwes Park,cb:7649,Phangiso,4.0,23,4,cricbuzz
53695,2022-23,2022-10-28 12:30,1,TIT,WAR,Senwes Park,ci:742489,Neil Brand,1.0,5,0,cricbuzz
53695,2022-23,2022-10-28 12:30,1,TIT,WAR,Senwes Park,ci:1070665,Dewald Brevis,2.0,17,0,cricbuzz
53695,2022-23,2022-10-28 12:30,2,WAR,TIT,Senwes Park,ci:595882,Akhona Mnyaka,3.3,23,2,cricbuzz
53695,2022-23,2022-10-28 12:30,2,WAR,TIT,Senwes Park,ci:481803,Glenton Stuurman,4.0,19,2,cricbuzz
53695,2022-23,2022-10-28 12:30,2,WAR,TIT,Senwes Park,ci:696439,Tiaan van Vuuren,2.0,14,0,cricbuzz
53695,2022-23,2022-10-28 12:30,2,WAR,TIT,Senwes Park,cb:11204,Ziyaad Abrahams,4.0,26,2,cricbuzz
53695,2022-23,2022-10-28 12:30,2,WAR,TIT,Senwes Park,ci:973815,Tsepo Ndwandwa,4.0,21,2,cricbuzz
53695,2022-23,2022-10-28 12:30,2,WAR,TIT,Senwes Park,ci:429886,Wihan Lubbe,1.0,9,0,cricbuzz
53695,2022-23,2022-10-28 12:30,2,WAR,TIT,Senwes Park,ci:464702,Diego Rosier,1.0,6,0,cricbuzz
53702,2022-23,2022-10-29 08:00,1,BOL,NWEST,Senwes Park,ci:375126,Viljoen,4.0,13,1,cricbuzz
53702,2022-23,2022-10-29 08:00,1,BOL,NWEST,Senwes Park,ci:949545,Khwezi Gumede,3.0,31,0,cricbuzz
53702,2022-23,2022-10-29 08:00,1,BOL,NWEST,Senwes Park,ci:595036,Bamanye Xenxe,4.0,32,2,cricbuzz
53702,2022-23,2022-10-29 08:00,1,BOL,NWEST,Senwes Park,ci:437506,Imran Manack,4.0,30,1,cricbuzz
53702,2022-23,2022-10-29 08:00,1,BOL,NWEST,Senwes Park,ci:393289,von Berg,4.0,26,1,cricbuzz
53702,2022-23,2022-10-29 08:00,1,BOL,NWEST,Senwes Park,ci:946367,Michael Copeland,1.0,10,0,cricbuzz
53702,2022-23,2022-10-29 08:00,2,NWEST,BOL,Senwes Park,ci:595954,Duan Jansen,2.0,10,0,cricbuzz
53702,2022-23,2022-10-29 08:00,2,NWEST,BOL,Senwes Park,ci:594335,Kerwin Mungroo,1.0,13,1,cricbuzz
53702,2022-23,2022-10-29 08:00,2,NWEST,BOL,Senwes Park,ci:601150,Eldred Hawken,2.0,18,1,cricbuzz
53702,2022-23,2022-10-29 08:00,2,NWEST,BOL,Senwes Park,ci:535393,Senuran Muthusamy,2.0,29,0,cricbuzz
53702,2022-23,2022-10-29 08:00,2,NWEST,BOL,Senwes Park,ci:1124737,Renaldo Meyer,3.1,26,1,cricbuzz
53702,2022-23,2022-10-29 08:00,2,NWEST,BOL,Senwes Park,ci:596442,Delano Potgieter,1.0,14,0,cricbuzz
53702,2022-23,2022-10-29 08:00,2,NWEST,BOL,Senwes Park,ci:946365,Caleb Seleka,4.0,22,2,cricbuzz
53707,2022-23,2022-10-29 12:30,1,DOL,WPR,Senwes Park,ci:698343,Eathan Bosch,4.0,17,1,cricbuzz
53707,2022-23,2022-10-29 12:30,1,DOL,WPR,Senwes Park,cb:10079,Dupavillon,3.0,5,2,cricbuzz
53707,2022-23,2022-10-29 12:30,1,DOL,WPR,Senwes Park,ci:535353,Ottniel Baartman,3.0,16,2,cricbuzz
53707,2022-23,2022-10-29 12:30,1,DOL,WPR,Senwes Park,ci:437438,Subrayen,4.0,16,2,cricbuzz
53707,2022-23,2022-10-29 12:30,1,DOL,WPR,Senwes Park,ci:280490,Smuts,4.0,12,3,cricbuzz
53707,2022-23,2022-10-29 12:30,2,WPR,DOL,Senwes Park,ci:971349,Nandre Burger,2.0,10,1,cricbuzz
53707,2022-23,2022-10-29 12:30,2,WPR,DOL,Senwes Park,ci:481875,George Linde,2.0,15,0,cricbuzz
53707,2022-23,2022-10-29 12:30,2,WPR,DOL,Senwes Park,ci:594235,Tshepo Moreki,2.4,17,1,cricbuzz
53707,2022-23,2022-10-29 12:30,2,WPR,DOL,Senwes Park,ci:327947,Dane Paterson,1.0,13,0,cricbuzz
53707,2022-23,2022-10-29 12:30,2,WPR,DOL,Senwes Park,cb:13629,Junaid Dawood,2.0,15,1,cricbuzz
53709,2022-23,2022-10-30 12:30,1,NWEST,WAR,Senwes Park,ci:601150,Eldred Hawken,4.0,33,0,cricbuzz
53709,2022-23,2022-10-30 12:30,1,NWEST,WAR,Senwes Park,ci:595954,Duan Jansen,4.0,30,1,cricbuzz
53709,2022-23,2022-10-30 12:30,1,NWEST,WAR,Senwes Park,ci:1341104,Hardus Coetzer,3.0,21,2,cricbuzz
53709,2022-23,2022-10-30 12:30,1,NWEST,WAR,Senwes Park,ci:1124737,Renaldo Meyer,3.0,26,1,cricbuzz
53709,2022-23,2022-10-30 12:30,1,NWEST,WAR,Senwes Park,ci:535393,Senuran Muthusamy,2.0,11,0,cricbuzz
53709,2022-23,2022-10-30 12:30,1,NWEST,WAR,Senwes Park,ci:594336,Zuma,3.0,26,0,cricbuzz
53709,2022-23,2022-10-30 12:30,1,NWEST,WAR,Senwes Park,ci:946365,Caleb Seleka,1.0,11,0,cricbuzz
53709,2022-23,2022-10-30 12:30,2,WAR,NWEST,Senwes Park,ci:481803,Glenton Stuurman,4.0,26,2,cricbuzz
53709,2022-23,2022-10-30 12:30,2,WAR,NWEST,Senwes Park,ci:973815,Tsepo Ndwandwa,4.0,33,1,cricbuzz
53709,2022-23,2022-10-30 12:30,2,WAR,NWEST,Senwes Park,ci:698319,Beyers Swanepoel,3.0,27,0,cricbuzz
53709,2022-23,2022-10-30 12:30,2,WAR,NWEST,Senwes Park,ci:948513,Kgaudisa Molefe,4.0,28,1,cricbuzz
53709,2022-23,2022-10-30 12:30,2,WAR,NWEST,Senwes Park,ci:429886,Wihan Lubbe,3.0,23,0,cricbuzz
53709,2022-23,2022-10-30 12:30,2,WAR,NWEST,Senwes Park,ci:696439,Tiaan van Vuuren,2.0,14,0,cricbuzz
53716,2022-23,2022-10-31 12:30,1,KNG,TIT,Senwes Park,ci:543041,Budaza,4.0,61,0,cricbuzz
53716,2022-23,2022-10-31 12:30,1,KNG,TIT,Senwes Park,ci:605683,Migael Pretorius,4.0,41,1,cricbuzz
53716,2022-23,2022-10-31 12:30,1,KNG,TIT,Senwes Park,ci:596010,Gerald Coetzee,3.3,42,1,cricbuzz
53716,2022-23,2022-10-31 12:30,1,KNG,TIT,Senwes Park,ci:594329,Snyman,2.0,30,0,cricbuzz
53716,2022-23,2022-10-31 12:30,1,KNG,TIT,Senwes Park,ci:499560,Patrick Kruger,2.0,31,0,cricbuzz
53716,2022-23,2022-10-31 12:30,1,KNG,TIT,Senwes Park,ci:276843,Swanepoel,4.0,56,1,cricbuzz
53716,2022-23,2022-10-31 12:30,1,KNG,TIT,Senwes Park,ci:948545,Motlhoaring,0.3,9,0,cricbuzz
53716,2022-23,2022-10-31 12:30,2,TIT,KNG,Senwes Park,cb:9489,Ayabulela Gqamane,2.0,29,1,cricbuzz
53716,2022-23,2022-10-31 12:30,2,TIT,KNG,Senwes Park,ci:545467,Junior Dala,2.0,30,0,cricbuzz
53716,2022-23,2022-10-31 12:30,2,TIT,KNG,Senwes Park,cb:7649,Aaron Phangiso,4.0,44,2,cricbuzz
53716,2022-23,2022-10-31 12:30,2,TIT,KNG,Senwes Park,ci:742489,Neil Brand,4.0,28,3,cricbuzz
53716,2022-23,2022-10-31 12:30,2,TIT,KNG,Senwes Park,cb:9540,Simon Harmer,3.0,29,1,cricbuzz
53716,2022-23,2022-10-31 12:30,2,TIT,KNG,Senwes Park,ci:550189,Dayyaan Galiem,2.0,21,1,cricbuzz
53716,2022-23,2022-10-31 12:30,2,TIT,KNG,Senwes Park,cb:9801,Sibonelo Makhanya,1.0,10,0,cricbuzz
53716,2022-23,2022-10-31 12:30,2,TIT,KNG,Senwes Park,ci:1070665,Dewald Brevis,2.0,36,1,cricbuzz
53721,2022-23,2022-10-31 16:00,1,WPR,LIONS,Senwes Park,ci:971349,Nandre Burger,4.0,22,3,cricbuzz
53721,2022-23,2022-10-31 16:00,1,WPR,LIONS,Senwes Park,ci:379927,B Hendricks,4.0,39,0,cricbuzz
53721,2022-23,2022-10-31 16:00,1,WPR,LIONS,Senwes Park,ci:594235,Tshepo Moreki,4.0,22,4,cricbuzz
53721,2022-23,2022-10-31 16:00,1,WPR,LIONS,Senwes Park,ci:481875,George Linde,4.0,29,0,cricbuzz
53721,2022-23,2022-10-31 16:00,1,WPR,LIONS,Senwes Park,cb:13629,Dawood,3.0,33,1,cricbuzz
53721,2022-23,2022-10-31 16:00,1,WPR,LIONS,Senwes Park,cb:17026,Mpongwana,1.0,12,0,cricbuzz
53721,2022-23,2022-10-31 16:00,2,LIONS,WPR,Senwes Park,cb:11200,Wiaan Mulder,4.0,29,0,cricbuzz
53721,2022-23,2022-10-31 16:00,2,LIONS,WPR,Senwes Park,ci:488620,Tladi Bokako,4.0,18,2,cricbuzz
53721,2022-23,2022-10-31 16:00,2,LIONS,WPR,Senwes Park,cb:9708,Malusi Siboto,4.0,19,2,cricbuzz
53721,2022-23,2022-10-31 16:00,2,LIONS,WPR,Senwes Park,ci:605681,Evan Jones,1.0,13,0,cricbuzz
53721,2022-23,2022-10-31 16:00,2,LIONS,WPR,Senwes Park,cb:10763,Ayavuya Myoli,2.0,18,0,cricbuzz
53721,2022-23,2022-10-31 16:00,2,LIONS,WPR,Senwes Park,ci:949461,Codi Yusuf,4.0,15,2,cricbuzz
53721,2022-23,2022-10-31 16:00,2,LIONS,WPR,Senwes Park,ci:596437,Glen Adams,1.0,11,1,cricbuzz
53728,2022-23,2022-11-01 12:30,1,KNG,NWEST,Senwes Park,ci:543041,Budaza,3.0,28,1,cricbuzz
53728,2022-23,2022-11-01 12:30,1,KNG,NWEST,Senwes Park,ci:605683,Migael Pretorius,4.0,35,1,cricbuzz
53728,2022-23,2022-11-01 12:30,1,KNG,NWEST,Senwes Park,ci:596010,Gerald Coetzee,4.0,24,2,cricbuzz
53728,2022-23,2022-11-01 12:30,1,KNG,NWEST,Senwes Park,ci:276843,Swanepoel,3.0,27,0,cricbuzz
53728,2022-23,2022-11-01 12:30,1,KNG,NWEST,Senwes Park,ci:499560,Patrick Kruger,2.0,13,1,cricbuzz
53728,2022-23,2022-11-01 12:30,1,KNG,NWEST,Senwes Park,ci:594329,Snyman,4.0,22,1,cricbuzz
53728,2022-23,2022-11-01 12:30,2,NWEST,KNG,Senwes Park,ci:595954,Duan Jansen,3.0,31,0,cricbuzz
53728,2022-23,2022-11-01 12:30,2,NWEST,KNG,Senwes Park,ci:535393,Senuran Muthusamy,3.4,35,2,cricbuzz
53728,2022-23,2022-11-01 12:30,2,NWEST,KNG,Senwes Park,ci:1341104,Hardus Coetzer,1.0,8,1,cricbuzz
53728,2022-23,2022-11-01 12:30,2,NWEST,KNG,Senwes Park,ci:1124737,Renaldo Meyer,4.0,26,3,cricbuzz
53728,2022-23,2022-11-01 12:30,2,NWEST,KNG,Senwes Park,ci:946365,Caleb Seleka,4.0,13,3,cricbuzz
53728,2022-23,2022-11-01 12:30,2,NWEST,KNG,Senwes Park,ci:594336,Lwandiswa Zuma,1.0,19,0,cricbuzz
53737,2022-23,2022-11-02 12:30,1,KNG,TIT,Senwes Park,ci:596010,Gerald Coetzee,4.0,28,2,cricbuzz
53737,2022-23,2022-11-02 12:30,1,KNG,TIT,Senwes Park,ci:543041,Budaza,4.0,22,1,cricbuzz
53737,2022-23,2022-11-02 12:30,1,KNG,TIT,Senwes Park,ci:605683,Migael Pretorius,4.0,42,1,cricbuzz
53737,2022-23,2022-11-02 12:30,1,KNG,TIT,Senwes Park,ci:688143,Alfred Mothoa,4.0,31,0,cricbuzz
53737,2022-23,2022-11-02 12:30,1,KNG,TIT,Senwes Park,ci:594329,Snyman,3.0,17,1,cricbuzz
53737,2022-23,2022-11-02 12:30,1,KNG,TIT,Senwes Park,ci:276843,Swanepoel,1.0,15,0,cricbuzz
53737,2022-23,2022-11-02 12:30,2,TIT,KNG,Senwes Park,cb:9489,Ayabulela Gqamane,2.0,3,0,cricbuzz
53737,2022-23,2022-11-02 12:30,2,TIT,KNG,Senwes Park,ci:550189,Dayyaan Galiem,2.0,16,0,cricbuzz
53737,2022-23,2022-11-02 12:30,2,TIT,KNG,Senwes Park,ci:545467,Junior Dala,2.0,17,0,cricbuzz
53737,2022-23,2022-11-02 12:30,2,TIT,KNG,Senwes Park,cb:7649,Aaron Phangiso,3.0,16,1,cricbuzz
53737,2022-23,2022-11-02 12:30,2,TIT,KNG,Senwes Park,cb:9540,Simon Harmer,4.0,22,2,cricbuzz
53737,2022-23,2022-11-02 12:30,2,TIT,KNG,Senwes Park,ci:1070665,Dewald Brevis,3.0,15,1,cricbuzz
53737,2022-23,2022-11-02 12:30,2,TIT,KNG,Senwes Park,ci:742489,Neil Brand,4.0,24,3,cricbuzz
53742,2022-23,2022-11-02 16:00,1,BOL,DOL,Senwes Park,ci:549288,Ferisco Adams,4.0,19,1,cricbuzz
53742,2022-23,2022-11-02 16:00,1,BOL,DOL,Senwes Park,ci:375126,Viljoen,3.0,26,0,cricbuzz
53742,2022-23,2022-11-02 16:00,1,BOL,DOL,Senwes Park,ci:949545,Khwezi Gumede,3.0,28,0,cricbuzz
53742,2022-23,2022-11-02 16:00,1,BOL,DOL,Senwes Park,ci:595036,Bamanye Xenxe,3.4,34,4,cricbuzz
53742,2022-23,2022-11-02 16:00,1,BOL,DOL,Senwes Park,ci:393289,von Berg,4.0,22,3,cricbuzz
53742,2022-23,2022-11-02 16:00,1,BOL,DOL,Senwes Park,ci:595739,Leus du Plooy,2.0,14,1,cricbuzz
53742,2022-23,2022-11-02 16:00,2,DOL,BOL,Senwes Park,ci:698343,Eathan Bosch,4.0,22,1,cricbuzz
53742,2022-23,2022-11-02 16:00,2,DOL,BOL,Senwes Park,cb:10079,Daryn Dupavillon,4.0,38,0,cricbuzz
53742,2022-23,2022-11-02 16:00,2,DOL,BOL,Senwes Park,ci:535353,Ottniel Baartman,4.0,29,1,cricbuzz
53742,2022-23,2022-11-02 16:00,2,DOL,BOL,Senwes Park,ci:437438,Prenelan Subrayen,4.0,18,3,cricbuzz
53742,2022-23,2022-11-02 16:00,2,DOL,BOL,Senwes Park,ci:280490,JJ Smuts,4.0,17,2,cricbuzz
53749,2022-23,2022-11-05 12:30,1,TIT,DOL,Senwes Park,cb:9489,Gqamane,4.0,29,1,cricbuzz
53749,2022-23,2022-11-05 12:30,1,TIT,DOL,Senwes Park,ci:545467,Junior Dala,4.0,45,0,cricbuzz
53749,2022-23,2022-11-05 12:30,1,TIT,DOL,Senwes Park,ci:742489,Neil Brand,3.0,26,1,cricbuzz
53749,2022-23,2022-11-05 12:30,1,TIT,DOL,Senwes Park,ci:550189,D Galiem,3.0,18,1,cricbuzz
53749,2022-23,2022-11-05 12:30,1,TIT,DOL,Senwes Park,cb:7649,Phangiso,4.0,23,0,cricbuzz
53749,2022-23,2022-11-05 12:30,1,TIT,DOL,Senwes Park,cb:9540,Harmer,1.0,10,0,cricbuzz
53749,2022-23,2022-11-05 12:30,1,TIT,DOL,Senwes Park,ci:1070665,Dewald Brevis,1.0,11,0,cricbuzz
53749,2022-23,2022-11-05 12:30,2,DOL,TIT,Senwes Park,ci:698343,Eathan Bosch,4.0,24,0,cricbuzz
53749,2022-23,2022-11-05 12:30,2,DOL,TIT,Senwes Park,cb:10079,Daryn Dupavillon,4.0,34,2,cricbuzz
53749,2022-23,2022-11-05 12:30,2,DOL,TIT,Senwes Park,ci:535353,Ottniel Baartman,3.4,44,0,cricbuzz
53749,2022-23,2022-11-05 12:30,2,DOL,TIT,Senwes Park,ci:437438,Prenelan Subrayen,4.0,25,1,cricbuzz
53749,2022-23,2022-11-05 12:30,2,DOL,TIT,Senwes Park,ci:280490,JJ Smuts,3.0,25,2,cricbuzz
53749,2022-23,2022-11-05 12:30,2,DOL,TIT,Senwes Park,ci:1070754,Andile Simelane,1.0,8,0,cricbuzz
90424,2023-24,2024-03-08 16:00,1,KZNIN,WAR,St George's Park,ci:543041,Budaza,3.0,25,1,cricbuzz
90424,2023-24,2024-03-08 16:00,1,KZNIN,WAR,St George's Park,ci:699719,Smangaliso Nhlebela,4.0,17,3,cricbuzz
90424,2023-24,2024-03-08 16:00,1,KZNIN,WAR,St George's Park,ci:596800,Keith Dudgeon,2.0,13,0,cricbuzz
90424,2023-24,2024-03-08 16:00,1,KZNIN,WAR,St George's Park,ci:333879,Erlank,3.0,18,1,cricbuzz
90424,2023-24,2024-03-08 16:00,1,KZNIN,WAR,St George's Park,ci:948605,Mondli Khumalo,2.0,13,1,cricbuzz
90424,2023-24,2024-03-08 16:00,1,KZNIN,WAR,St George's Park,ci:1203962,Alindile Mhletywa,4.0,19,3,cricbuzz
90424,2023-24,2024-03-08 16:00,1,KZNIN,WAR,St George's Park,ci:379860,Nofal,2.0,20,0,cricbuzz
90424,2023-24,2024-03-08 16:00,2,WAR,KZNIN,St George's Park,ci:696401,Marco Jansen,3.4,19,4,cricbuzz
90424,2023-24,2024-03-08 16:00,2,WAR,KZNIN,St George's Park,cb:11427,Anrich Nortje,4.0,12,0,cricbuzz
90424,2023-24,2024-03-08 16:00,2,WAR,KZNIN,St George's Park,cb:20372,Nealan van Heerden,2.0,17,1,cricbuzz
90424,2023-24,2024-03-08 16:00,2,WAR,KZNIN,St George's Park,ci:595978,Tristan Stubbs,1.0,2,1,cricbuzz
90424,2023-24,2024-03-08 16:00,2,WAR,KZNIN,St George's Park,cb:9714,Siya Simetu,4.0,25,3,cricbuzz
90424,2023-24,2024-03-08 16:00,2,WAR,KZNIN,St George's Park,ci:499560,Patrick Kruger,2.0,10,1,cricbuzz
90428,2023-24,2024-03-08 16:00,1,DOL,WPR,Kingsmead,ci:437438,Subrayen,4.0,28,0,cricbuzz
90428,2023-24,2024-03-08 16:00,1,DOL,WPR,Kingsmead,ci:595618,Okuhle Cele,4.0,27,2,cricbuzz
90428,2023-24,2024-03-08 16:00,1,DOL,WPR,Kingsmead,ci:535353,Ottniel Baartman,4.0,29,1,cricbuzz
90428,2023-24,2024-03-08 16:00,1,DOL,WPR,Kingsmead,ci:540316,Phehlukwayo,4.0,29,2,cricbuzz
90428,2023-24,2024-03-08 16:00,1,DOL,WPR,Kingsmead,ci:267724,Maharaj,3.0,28,1,cricbuzz
90428,2023-24,2024-03-08 16:00,1,DOL,WPR,Kingsmead,ci:949549,Bradley Porteous,1.0,5,1,cricbuzz
90428,2023-24,2024-03-08 16:00,2,WPR,DOL,Kingsmead,ci:971349,Nandre Burger,4.0,13,1,cricbuzz
90428,2023-24,2024-03-08 16:00,2,WPR,DOL,Kingsmead,ci:379927,Beuran Hendricks,4.0,41,0,cricbuzz
90428,2023-24,2024-03-08 16:00,2,WPR,DOL,Kingsmead,cb:13151,Mthiwekhaya Nabe,4.0,37,2,cricbuzz
90428,2023-24,2024-03-08 16:00,2,WPR,DOL,Kingsmead,ci:550251,Kyle Simmonds,4.0,18,2,cricbuzz
90428,2023-24,2024-03-08 16:00,2,WPR,DOL,Kingsmead,cb:17026,Mihlali Mpongwana,3.0,22,2,cricbuzz
90428,2023-24,2024-03-08 16:00,2,WPR,DOL,Kingsmead,cb:14429,Onke Nyaku,1.0,10,0,cricbuzz
90431,2023-24,2024-03-08 16:00,1,BOL,LIONS,The Wanderers Stadium,ci:375126,Viljoen,4.0,45,3,cricbuzz
90431,2023-24,2024-03-08 16:00,1,BOL,LIONS,The Wanderers Stadium,ci:437506,Imran Manack,4.0,24,0,cricbuzz
90431,2023-24,2024-03-08 16:00,1,BOL,LIONS,The Wanderers Stadium,ci:596537,Mahima,4.0,47,0,cricbuzz
90431,2023-24,2024-03-08 16:00,1,BOL,LIONS,The Wanderers Stadium,ci:549288,Ferisco Adams,4.0,47,1,cricbuzz
90431,2023-24,2024-03-08 16:00,1,BOL,LIONS,The Wanderers Stadium,ci:595882,Akhona Mnyaka,3.0,38,1,cricbuzz
90431,2023-24,2024-03-08 16:00,1,BOL,LIONS,The Wanderers Stadium,ci:946367,Michael Copeland,1.0,16,0,cricbuzz
90431,2023-24,2024-03-08 16:00,2,LIONS,BOL,The Wanderers Stadium,cb:9585,Kagiso Rabada,4.0,31,0,cricbuzz
90431,2023-24,2024-03-08 16:00,2,LIONS,BOL,The Wanderers Stadium,ci:553249,Bjorn Fortuin,4.0,21,2,cricbuzz
90431,2023-24,2024-03-08 16:00,2,LIONS,BOL,The Wanderers Stadium,ci:605681,Evan Jones,4.0,34,2,cricbuzz
90431,2023-24,2024-03-08 16:00,2,LIONS,BOL,The Wanderers Stadium,ci:1294342,Kwena Maphaka,4.0,22,3,cricbuzz
90431,2023-24,2024-03-08 16:00,2,LIONS,BOL,The Wanderers Stadium,ci:594235,Tshepo Moreki,4.0,66,0,cricbuzz
90438,2023-24,2024-03-08 16:00,1,NWEST,TIT,SuperSport Park,ci:535393,Senuran Muthusamy,2.0,15,0,cricbuzz
90438,2023-24,2024-03-08 16:00,1,NWEST,TIT,SuperSport Park,ci:595954,Duan Jansen,3.0,25,2,cricbuzz
90438,2023-24,2024-03-08 16:00,1,NWEST,TIT,SuperSport Park,ci:605683,Migael Pretorius,4.0,18,3,cricbuzz
90438,2023-24,2024-03-08 16:00,1,NWEST,TIT,SuperSport Park,ci:595036,Bamanye Xenxe,2.0,28,0,cricbuzz
90438,2023-24,2024-03-08 16:00,1,NWEST,TIT,SuperSport Park,ci:946365,Caleb Seleka,4.0,33,0,cricbuzz
90438,2023-24,2024-03-08 16:00,1,NWEST,TIT,SuperSport Park,ci:807039,Irvin Modimokoane,4.0,31,2,cricbuzz
90438,2023-24,2024-03-08 16:00,1,NWEST,TIT,SuperSport Park,ci:595380,van Tonder,1.0,8,0,cricbuzz
90438,2023-24,2024-03-08 16:00,2,TIT,NWEST,SuperSport Park,cb:9582,Aiden Markram,1.0,12,0,cricbuzz
90438,2023-24,2024-03-08 16:00,2,TIT,NWEST,SuperSport Park,cb:8531,Lizaad Williams,4.0,33,0,cricbuzz
90438,2023-24,2024-03-08 16:00,2,TIT,NWEST,SuperSport Park,cb:9489,Ayabulela Gqamane,2.0,19,1,cricbuzz
90438,2023-24,2024-03-08 16:00,2,TIT,NWEST,SuperSport Park,ci:594322,Corbin Bosch,4.0,29,1,cricbuzz
90438,2023-24,2024-03-08 16:00,2,TIT,NWEST,SuperSport Park,ci:545467,Junior Dala,4.0,30,3,cricbuzz
90438,2023-24,2024-03-08 16:00,2,TIT,NWEST,SuperSport Park,cb:10173,Tabraiz Shamsi,4.0,18,3,cricbuzz
90438,2023-24,2024-03-08 16:00,2,TIT,NWEST,SuperSport Park,ci:698315,Donovan Ferreira,1.0,9,0,cricbuzz
90452,2023-24,2024-03-10 12:00,1,LIONS,NWEST,North-West University No1 Ground,ci:1294342,Kwena Maphaka,3.0,11,2,cricbuzz
90452,2023-24,2024-03-10 12:00,1,LIONS,NWEST,North-West University No1 Ground,ci:553249,Bjorn Fortuin,3.0,14,2,cricbuzz
90452,2023-24,2024-03-10 12:00,1,LIONS,NWEST,North-West University No1 Ground,ci:596442,Delano Potgieter,3.0,20,1,cricbuzz
90452,2023-24,2024-03-10 12:00,1,LIONS,NWEST,North-West University No1 Ground,cb:11208,Sipamla,2.2,17,1,cricbuzz
90452,2023-24,2024-03-10 12:00,1,LIONS,NWEST,North-West University No1 Ground,cb:13629,Dawood,4.0,23,3,cricbuzz
90452,2023-24,2024-03-10 12:00,1,LIONS,NWEST,North-West University No1 Ground,ci:269280,Reeza Hendricks,3.0,18,1,cricbuzz
90452,2023-24,2024-03-10 12:00,2,NWEST,LIONS,North-West University No1 Ground,ci:535393,Senuran Muthusamy,1.0,6,0,cricbuzz
90452,2023-24,2024-03-10 12:00,2,NWEST,LIONS,North-West University No1 Ground,ci:595954,Duan Jansen,1.0,12,0,cricbuzz
90452,2023-24,2024-03-10 12:00,2,NWEST,LIONS,North-West University No1 Ground,ci:605683,Migael Pretorius,2.0,21,0,cricbuzz
90452,2023-24,2024-03-10 12:00,2,NWEST,LIONS,North-West University No1 Ground,ci:807039,Irvin Modimokoane,1.0,9,0,cricbuzz
90452,2023-24,2024-03-10 12:00,2,NWEST,LIONS,North-West University No1 Ground,ci:429886,Wihan Lubbe,1.0,11,0,cricbuzz
90452,2023-24,2024-03-10 12:00,2,NWEST,LIONS,North-West University No1 Ground,ci:946365,Caleb Seleka,2.4,22,0,cricbuzz
90452,2023-24,2024-03-10 12:00,2,NWEST,LIONS,North-West University No1 Ground,ci:595036,Bamanye Xenxe,2.0,22,1,cricbuzz
90449,2023-24,2024-03-10 12:00,1,WAR,DOL,Kingsmead,ci:698319,Beyers Swanepoel,4.0,26,1,cricbuzz
90449,2023-24,2024-03-10 12:00,1,WAR,DOL,Kingsmead,ci:595978,Tristan Stubbs,2.0,10,1,cricbuzz
90449,2023-24,2024-03-10 12:00,1,WAR,DOL,Kingsmead,ci:696401,Marco Jansen,4.0,14,2,cricbuzz
90449,2023-24,2024-03-10 12:00,1,WAR,DOL,Kingsmead,cb:9714,Simetu,4.0,15,2,cricbuzz
90449,2023-24,2024-03-10 12:00,1,WAR,DOL,Kingsmead,cb:20372,Heerden,4.0,42,1,cricbuzz
90449,2023-24,2024-03-10 12:00,1,WAR,DOL,Kingsmead,ci:499560,Patrick Kruger,2.0,10,1,cricbuzz
90449,2023-24,2024-03-10 12:00,2,DOL,WAR,Kingsmead,ci:280490,JJ Smuts,3.0,23,1,cricbuzz
90449,2023-24,2024-03-10 12:00,2,DOL,WAR,Kingsmead,ci:535353,Ottniel Baartman,2.0,16,1,cricbuzz
90449,2023-24,2024-03-10 12:00,2,DOL,WAR,Kingsmead,ci:595618,Okuhle Cele,1.0,13,0,cricbuzz
90449,2023-24,2024-03-10 12:00,2,DOL,WAR,Kingsmead,ci:437438,Prenelan Subrayen,4.0,32,1,cricbuzz
90449,2023-24,2024-03-10 12:00,2,DOL,WAR,Kingsmead,ci:267724,Keshav Maharaj,3.0,30,0,cricbuzz
90449,2023-24,2024-03-10 12:00,2,DOL,WAR,Kingsmead,ci:540316,Andile Phehlukwayo,1.0,4,0,cricbuzz
90449,2023-24,2024-03-10 12:00,2,DOL,WAR,Kingsmead,ci:1071000,Bryce Parsons,0.1,4,0,cricbuzz
90445,2023-24,2024-03-10 12:00,1,WPR,KZNIN,Newlands,ci:971349,Nandre Burger,4.0,22,2,cricbuzz
90445,2023-24,2024-03-10 12:00,1,WPR,KZNIN,Newlands,ci:379927,B Hendricks,4.0,15,1,cricbuzz
90445,2023-24,2024-03-10 12:00,1,WPR,KZNIN,Newlands,ci:550251,Kyle Simmonds,4.0,20,2,cricbuzz
90445,2023-24,2024-03-10 12:00,1,WPR,KZNIN,Newlands,ci:265564,Parnell,4.0,26,0,cricbuzz
90445,2023-24,2024-03-10 12:00,1,WPR,KZNIN,Newlands,cb:13151,Nabe,4.0,28,2,cricbuzz
90445,2023-24,2024-03-10 12:00,2,KZNIN,WPR,Newlands,ci:596800,Keith Dudgeon,3.0,22,2,cricbuzz
90445,2023-24,2024-03-10 12:00,2,KZNIN,WPR,Newlands,ci:543041,Mbulelo Budaza,3.0,26,0,cricbuzz
90445,2023-24,2024-03-10 12:00,2,KZNIN,WPR,Newlands,cb:20348,Kurtlyn Mannikam,1.3,23,0,cricbuzz
90445,2023-24,2024-03-10 12:00,2,KZNIN,WPR,Newlands,ci:1203962,Alindile Mhletywa,2.0,21,1,cricbuzz
90445,2023-24,2024-03-10 12:00,2,KZNIN,WPR,Newlands,ci:699719,Smangaliso Nhlebela,2.0,17,0,cricbuzz
90445,2023-24,2024-03-10 12:00,2,KZNIN,WPR,Newlands,ci:379860,Malcolm Nofal,1.0,6,0,cricbuzz
90442,2023-24,2024-03-10 12:00,1,TIT,BOL,Boland Park,cb:7649,Phangiso,4.0,16,1,cricbuzz
90442,2023-24,2024-03-10 12:00,1,TIT,BOL,Boland Park,cb:9582,Markram,1.0,6,1,cricbuzz
90442,2023-24,2024-03-10 12:00,1,TIT,BOL,Boland Park,cb:8531,Williams,4.0,30,2,cricbuzz
90442,2023-24,2024-03-10 12:00,1,TIT,BOL,Boland Park,ci:545467,Junior Dala,1.0,15,0,cricbuzz
90442,2023-24,2024-03-10 12:00,1,TIT,BOL,Boland Park,cb:10173,Shamsi,4.0,23,4,cricbuzz
90442,2023-24,2024-03-10 12:00,1,TIT,BOL,Boland Park,ci:594322,Corbin Bosch,3.0,20,0,cricbuzz
90442,2023-24,2024-03-10 12:00,1,TIT,BOL,Boland Park,ci:1070665,Dewald Brevis,3.0,13,1,cricbuzz
90442,2023-24,2024-03-10 12:00,2,BOL,TIT,Boland Park,ci:596537,Siyabonga Mahima,4.0,22,2,cricbuzz
90442,2023-24,2024-03-10 12:00,2,BOL,TIT,Boland Park,ci:437506,Imran Manack,4.0,23,0,cricbuzz
90442,2023-24,2024-03-10 12:00,2,BOL,TIT,Boland Park,ci:549288,Ferisco Adams,3.0,38,1,cricbuzz
90442,2023-24,2024-03-10 12:00,2,BOL,TIT,Boland Park,ci:946367,Michael Copeland,4.0,22,2,cricbuzz
90442,2023-24,2024-03-10 12:00,2,BOL,TIT,Boland Park,ci:393289,Shaun von Berg,4.0,18,0,cricbuzz
90442,2023-24,2024-03-10 12:00,2,BOL,TIT,Boland Park,ci:595882,Akhona Mnyaka,0.1,3,0,cricbuzz
90459,2023-24,2024-03-13 16:00,1,NWEST,WPR,Newlands,ci:605683,Migael Pretorius,4.0,37,2,cricbuzz
90459,2023-24,2024-03-13 16:00,1,NWEST,WPR,Newlands,ci:807039,Irvin Modimokoane,3.0,30,1,cricbuzz
90459,2023-24,2024-03-13 16:00,1,NWEST,WPR,Newlands,ci:595036,Bamanye Xenxe,4.0,35,1,cricbuzz
90459,2023-24,2024-03-13 16:00,1,NWEST,WPR,Newlands,ci:535393,Senuran Muthusamy,4.0,35,0,cricbuzz
90459,2023-24,2024-03-13 16:00,1,NWEST,WPR,Newlands,ci:698321,Ruan de Swardt,4.0,23,3,cricbuzz
90459,2023-24,2024-03-13 16:00,1,NWEST,WPR,Newlands,ci:946365,Caleb Seleka,1.0,15,0,cricbuzz
90459,2023-24,2024-03-13 16:00,2,WPR,NWEST,Newlands,ci:550251,Kyle Simmonds,4.0,16,2,cricbuzz
90459,2023-24,2024-03-13 16:00,2,WPR,NWEST,Newlands,ci:379927,Beuran Hendricks,4.0,28,2,cricbuzz
90459,2023-24,2024-03-13 16:00,2,WPR,NWEST,Newlands,ci:265564,Wayne Parnell,4.0,52,1,cricbuzz
90459,2023-24,2024-03-13 16:00,2,WPR,NWEST,Newlands,ci:481875,George Linde,3.0,33,0,cricbuzz
90459,2023-24,2024-03-13 16:00,2,WPR,NWEST,Newlands,cb:13151,Mthiwekhaya Nabe,3.0,34,1,cricbuzz
90459,2023-24,2024-03-13 16:00,2,WPR,NWEST,Newlands,cb:17026,Mihlali Mpongwana,2.0,20,0,cricbuzz
90463,2023-24,2024-03-13 16:00,1,DOL,LIONS,Kingsmead,cb:10079,Dupavillon,4.0,38,0,cricbuzz
90463,2023-24,2024-03-13 16:00,1,DOL,LIONS,Kingsmead,ci:437438,Subrayen,1.0,8,0,cricbuzz
90463,2023-24,2024-03-13 16:00,1,DOL,LIONS,Kingsmead,ci:595618,Okuhle Cele,4.0,21,2,cricbuzz
90463,2023-24,2024-03-13 16:00,1,DOL,LIONS,Kingsmead,ci:535353,Ottniel Baartman,4.0,25,2,cricbuzz
90463,2023-24,2024-03-13 16:00,1,DOL,LIONS,Kingsmead,ci:280490,Smuts,3.0,23,1,cricbuzz
90463,2023-24,2024-03-13 16:00,1,DOL,LIONS,Kingsmead,ci:540316,Phehlukwayo,4.0,36,0,cricbuzz
90463,2023-24,2024-03-13 16:00,2,LIONS,DOL,Kingsmead,cb:11208,Lutho Sipamla,3.1,29,0,cricbuzz
90463,2023-24,2024-03-13 16:00,2,LIONS,DOL,Kingsmead,ci:553249,Bjorn Fortuin,4.0,28,0,cricbuzz
90463,2023-24,2024-03-13 16:00,2,LIONS,DOL,Kingsmead,ci:949461,Codi Yusuf,4.0,34,2,cricbuzz
90463,2023-24,2024-03-13 16:00,2,LIONS,DOL,Kingsmead,ci:596442,Delano Potgieter,4.0,25,3,cricbuzz
90463,2023-24,2024-03-13 16:00,2,LIONS,DOL,Kingsmead,ci:269280,Reeza Hendricks,2.0,18,0,cricbuzz
90463,2023-24,2024-03-13 16:00,2,LIONS,DOL,Kingsmead,ci:946483,Nqaba Peter,2.0,17,0,cricbuzz
90470,2023-24,2024-03-13 16:00,1,TIT,WAR,SuperSport Park,cb:9582,Markram,3.0,21,1,cricbuzz
90470,2023-24,2024-03-13 16:00,1,TIT,WAR,SuperSport Park,cb:8531,Williams,4.0,22,1,cricbuzz
90470,2023-24,2024-03-13 16:00,1,TIT,WAR,SuperSport Park,cb:7649,Phangiso,1.0,14,0,cricbuzz
90470,2023-24,2024-03-13 16:00,1,TIT,WAR,SuperSport Park,ci:545467,Junior Dala,4.0,39,1,cricbuzz
90470,2023-24,2024-03-13 16:00,1,TIT,WAR,SuperSport Park,cb:10173,Shamsi,3.0,25,0,cricbuzz
90470,2023-24,2024-03-13 16:00,1,TIT,WAR,SuperSport Park,ci:594322,Corbin Bosch,3.0,35,1,cricbuzz
90470,2023-24,2024-03-13 16:00,1,TIT,WAR,SuperSport Park,ci:550189,D Galiem,2.0,20,1,cricbuzz
90470,2023-24,2024-03-13 16:00,2,WAR,TIT,SuperSport Park,ci:698319,Beyers Swanepoel,4.0,27,0,cricbuzz
90470,2023-24,2024-03-13 16:00,2,WAR,TIT,SuperSport Park,ci:696401,Marco Jansen,4.0,49,1,cricbuzz
90470,2023-24,2024-03-13 16:00,2,WAR,TIT,SuperSport Park,cb:20372,Nealan van Heerden,4.0,44,0,cricbuzz
90470,2023-24,2024-03-13 16:00,2,WAR,TIT,SuperSport Park,cb:9714,Siya Simetu,4.0,20,3,cricbuzz
90470,2023-24,2024-03-13 16:00,2,WAR,TIT,SuperSport Park,ci:499560,Patrick Kruger,3.0,22,2,cricbuzz
90470,2023-24,2024-03-13 16:00,2,WAR,TIT,SuperSport Park,cb:53450,Andile Mogakane,1.0,19,0,cricbuzz
90473,2023-24,2024-03-15 11:00,1,KZNIN,NWEST,City Oval,ci:699719,Smangaliso Nhlebela,4.0,32,0,cricbuzz
90473,2023-24,2024-03-15 11:00,1,KZNIN,NWEST,City Oval,ci:596800,Keith Dudgeon,4.0,31,1,cricbuzz
90473,2023-24,2024-03-15 11:00,1,KZNIN,NWEST,City Oval,cb:14431,Trumpelmann,4.0,48,0,cricbuzz
90473,2023-24,2024-03-15 11:00,1,KZNIN,NWEST,City Oval,ci:1203962,Alindile Mhletywa,2.0,31,0,cricbuzz
90473,2023-24,2024-03-15 11:00,1,KZNIN,NWEST,City Oval,ci:333879,Erlank,1.0,17,0,cricbuzz
90473,2023-24,2024-03-15 11:00,1,KZNIN,NWEST,City Oval,ci:948605,Mondli Khumalo,4.0,33,3,cricbuzz
90473,2023-24,2024-03-15 11:00,1,KZNIN,NWEST,City Oval,cb:9719,Delport,1.0,14,0,cricbuzz
90473,2023-24,2024-03-15 11:00,2,NWEST,KZNIN,City Oval,ci:594335,Kerwin Mungroo,2.0,14,2,cricbuzz
90473,2023-24,2024-03-15 11:00,2,NWEST,KZNIN,City Oval,ci:605683,Migael Pretorius,2.0,13,1,cricbuzz
90473,2023-24,2024-03-15 11:00,2,NWEST,KZNIN,City Oval,ci:698321,Ruan de Swardt,1.0,5,0,cricbuzz
90473,2023-24,2024-03-15 11:00,2,NWEST,KZNIN,City Oval,ci:535393,Senuran Muthusamy,4.0,16,3,cricbuzz
90473,2023-24,2024-03-15 11:00,2,NWEST,KZNIN,City Oval,ci:946365,Caleb Seleka,4.0,16,2,cricbuzz
90473,2023-24,2024-03-15 11:00,2,NWEST,KZNIN,City Oval,ci:595036,Bamanye Xenxe,1.5,15,1,cricbuzz
90480,2023-24,2024-03-15 16:00,1,DOL,BOL,Boland Park,ci:280490,Smuts,4.0,20,0,cricbuzz
90480,2023-24,2024-03-15 16:00,1,DOL,BOL,Boland Park,cb:10079,Dupavillon,4.0,30,2,cricbuzz
90480,2023-24,2024-03-15 16:00,1,DOL,BOL,Boland Park,ci:595618,Okuhle Cele,4.0,27,2,cricbuzz
90480,2023-24,2024-03-15 16:00,1,DOL,BOL,Boland Park,ci:535353,Ottniel Baartman,4.0,26,2,cricbuzz
90480,2023-24,2024-03-15 16:00,1,DOL,BOL,Boland Park,ci:437438,Subrayen,4.0,19,2,cricbuzz
90480,2023-24,2024-03-15 16:00,2,BOL,DOL,Boland Park,ci:596537,Siyabonga Mahima,4.0,34,0,cricbuzz
90480,2023-24,2024-03-15 16:00,2,BOL,DOL,Boland Park,ci:437506,Imran Manack,4.0,27,0,cricbuzz
90480,2023-24,2024-03-15 16:00,2,BOL,DOL,Boland Park,ci:946367,Michael Copeland,1.0,10,0,cricbuzz
90480,2023-24,2024-03-15 16:00,2,BOL,DOL,Boland Park,ci:375126,Hardus Viljoen,3.3,33,1,cricbuzz
90480,2023-24,2024-03-15 16:00,2,BOL,DOL,Boland Park,ci:549288,Ferisco Adams,1.0,15,0,cricbuzz
90480,2023-24,2024-03-15 16:00,2,BOL,DOL,Boland Park,ci:393289,Shaun von Berg,1.0,8,0,cricbuzz
90484,2023-24,2024-03-15 16:00,1,TIT,LIONS,The Wanderers Stadium,cb:8531,Williams,4.0,20,2,cricbuzz
90484,2023-24,2024-03-15 16:00,1,TIT,LIONS,The Wanderers Stadium,ci:550189,D Galiem,2.0,34,0,cricbuzz
90484,2023-24,2024-03-15 16:00,1,TIT,LIONS,The Wanderers Stadium,ci:545467,Junior Dala,4.0,45,1,cricbuzz
90484,2023-24,2024-03-15 16:00,1,TIT,LIONS,The Wanderers Stadium,ci:594322,Corbin Bosch,4.0,32,0,cricbuzz
90484,2023-24,2024-03-15 16:00,1,TIT,LIONS,The Wanderers Stadium,cb:7649,Phangiso,4.0,22,1,cricbuzz
90484,2023-24,2024-03-15 16:00,1,TIT,LIONS,The Wanderers Stadium,cb:10173,Shamsi,2.0,26,0,cricbuzz
90484,2023-24,2024-03-15 16:00,2,LIONS,TIT,The Wanderers Stadium,ci:553249,Bjorn Fortuin,4.0,23,2,cricbuzz
90484,2023-24,2024-03-15 16:00,2,LIONS,TIT,The Wanderers Stadium,cb:9585,Kagiso Rabada,4.0,24,1,cricbuzz
90484,2023-24,2024-03-15 16:00,2,LIONS,TIT,The Wanderers Stadium,ci:1294342,Kwena Maphaka,4.0,37,1,cricbuzz
90484,2023-24,2024-03-15 16:00,2,LIONS,TIT,The Wanderers Stadium,ci:949461,Codi Yusuf,4.0,48,2,cricbuzz
90484,2023-24,2024-03-15 16:00,2,LIONS,TIT,The Wanderers Stadium,ci:596442,Delano Potgieter,2.0,29,0,cricbuzz
90484,2023-24,2024-03-15 16:00,2,LIONS,TIT,The Wanderers Stadium,cb:11200,Wiaan Mulder,2.0,18,0,cricbuzz
90501,2023-24,2024-03-17 12:00,1,LIONS,WPR,The Wanderers Stadium,ci:553249,Bjorn Fortuin,4.0,22,1,cricbuzz
90501,2023-24,2024-03-17 12:00,1,LIONS,WPR,The Wanderers Stadium,ci:1294342,Kwena Maphaka,4.0,27,1,cricbuzz
90501,2023-24,2024-03-17 12:00,1,LIONS,WPR,The Wanderers Stadium,ci:605681,Evan Jones,3.0,20,1,cricbuzz
90501,2023-24,2024-03-17 12:00,1,LIONS,WPR,The Wanderers Stadium,cb:11208,Sipamla,4.0,20,2,cricbuzz
90501,2023-24,2024-03-17 12:00,1,LIONS,WPR,The Wanderers Stadium,ci:949461,Codi Yusuf,4.0,28,2,cricbuzz
90501,2023-24,2024-03-17 12:00,1,LIONS,WPR,The Wanderers Stadium,ci:269280,Reeza Hendricks,1.0,8,1,cricbuzz
90501,2023-24,2024-03-17 12:00,2,WPR,LIONS,The Wanderers Stadium,ci:379927,Beuran Hendricks,2.0,8,0,cricbuzz
90501,2023-24,2024-03-17 12:00,2,WPR,LIONS,The Wanderers Stadium,ci:265564,Wayne Parnell,2.0,21,1,cricbuzz
90501,2023-24,2024-03-17 12:00,2,WPR,LIONS,The Wanderers Stadium,ci:550251,Kyle Simmonds,2.0,13,1,cricbuzz
90501,2023-24,2024-03-17 12:00,2,WPR,LIONS,The Wanderers Stadium,cb:13151,Mthiwekhaya Nabe,1.0,7,1,cricbuzz
90487,2023-24,2024-03-17 12:00,1,BOL,WAR,St George's Park,ci:375126,Viljoen,4.0,28,2,cricbuzz
90487,2023-24,2024-03-17 12:00,1,BOL,WAR,St George's Park,ci:595882,Akhona Mnyaka,2.0,27,0,cricbuzz
90487,2023-24,2024-03-17 12:00,1,BOL,WAR,St George's Park,ci:437506,Imran Manack,4.0,24,0,cricbuzz
90487,2023-24,2024-03-17 12:00,1,BOL,WAR,St George's Park,ci:596537,Mahima,3.0,33,2,cricbuzz
90487,2023-24,2024-03-17 12:00,1,BOL,WAR,St George's Park,ci:393289,von Berg,4.0,23,2,cricbuzz
90487,2023-24,2024-03-17 12:00,1,BOL,WAR,St George's Park,ci:946367,Michael Copeland,1.0,5,0,cricbuzz
90487,2023-24,2024-03-17 12:00,1,BOL,WAR,St George's Park,ci:549288,Ferisco Adams,2.0,25,0,cricbuzz
90487,2023-24,2024-03-17 12:00,2,WAR,BOL,St George's Park,ci:698319,Beyers Swanepoel,4.0,16,4,cricbuzz
90487,2023-24,2024-03-17 12:00,2,WAR,BOL,St George's Park,cb:11427,Anrich Nortje,4.0,28,1,cricbuzz
90487,2023-24,2024-03-17 12:00,2,WAR,BOL,St George's Park,ci:1124737,Renaldo Meyer,3.0,32,0,cricbuzz
90487,2023-24,2024-03-17 12:00,2,WAR,BOL,St George's Park,cb:9714,Siya Simetu,3.0,17,1,cricbuzz
90487,2023-24,2024-03-17 12:00,2,WAR,BOL,St George's Park,ci:499560,Patrick Kruger,2.4,20,3,cricbuzz
90505,2023-24,2024-03-20 16:00,1,TIT,DOL,SuperSport Park,cb:9489,Gqamane,2.0,31,0,cricbuzz
90505,2023-24,2024-03-20 16:00,1,TIT,DOL,SuperSport Park,cb:8531,Williams,3.0,44,0,cricbuzz
90505,2023-24,2024-03-20 16:00,1,TIT,DOL,SuperSport Park,ci:221140,Wiese,2.0,24,1,cricbuzz
90505,2023-24,2024-03-20 16:00,1,TIT,DOL,SuperSport Park,cb:7649,Phangiso,3.0,37,0,cricbuzz
90505,2023-24,2024-03-20 16:00,1,TIT,DOL,SuperSport Park,cb:10173,Shamsi,2.0,26,0,cricbuzz
90505,2023-24,2024-03-20 16:00,1,TIT,DOL,SuperSport Park,ci:550189,D Galiem,2.0,20,0,cricbuzz
90505,2023-24,2024-03-20 16:00,2,DOL,TIT,SuperSport Park,ci:437438,Prenelan Subrayen,2.0,15,1,cricbuzz
90505,2023-24,2024-03-20 16:00,2,DOL,TIT,SuperSport Park,cb:10079,Daryn Dupavillon,3.0,28,0,cricbuzz
90505,2023-24,2024-03-20 16:00,2,DOL,TIT,SuperSport Park,ci:595618,Okuhle Cele,3.0,40,2,cricbuzz
90505,2023-24,2024-03-20 16:00,2,DOL,TIT,SuperSport Park,ci:535353,Ottniel Baartman,3.0,33,1,cricbuzz
90505,2023-24,2024-03-20 16:00,2,DOL,TIT,SuperSport Park,ci:540316,Andile Phehlukwayo,2.0,20,0,cricbuzz
90505,2023-24,2024-03-20 16:00,2,DOL,TIT,SuperSport Park,ci:280490,JJ Smuts,1.0,7,0,cricbuzz
90508,2023-24,2024-03-21 12:00,1,WAR,WPR,St George's Park,ci:698319,Beyers Swanepoel,4.0,34,1,cricbuzz
90508,2023-24,2024-03-21 12:00,1,WAR,WPR,St George's Park,ci:499560,Patrick Kruger,4.0,25,2,cricbuzz
90508,2023-24,2024-03-21 12:00,1,WAR,WPR,St George's Park,ci:1124737,Renaldo Meyer,3.0,22,1,cricbuzz
90508,2023-24,2024-03-21 12:00,1,WAR,WPR,St George's Park,cb:11427,Nortje,4.0,43,1,cricbuzz
90508,2023-24,2024-03-21 12:00,1,WAR,WPR,St George's Park,cb:9714,Simetu,4.0,15,2,cricbuzz
90508,2023-24,2024-03-21 12:00,1,WAR,WPR,St George's Park,ci:1255248,Jordan Hermann,1.0,7,0,cricbuzz
90508,2023-24,2024-03-21 12:00,2,WPR,WAR,St George's Park,ci:550251,Kyle Simmonds,4.0,27,0,cricbuzz
90508,2023-24,2024-03-21 12:00,2,WPR,WAR,St George's Park,ci:379927,Beuran Hendricks,3.0,33,0,cricbuzz
90508,2023-24,2024-03-21 12:00,2,WPR,WAR,St George's Park,ci:265564,Wayne Parnell,2.0,24,1,cricbuzz
90508,2023-24,2024-03-21 12:00,2,WPR,WAR,St George's Park,ci:481875,George Linde,4.0,17,1,cricbuzz
90508,2023-24,2024-03-21 12:00,2,WPR,WAR,St George's Park,cb:13151,Mthiwekhaya Nabe,1.4,20,0,cricbuzz
90508,2023-24,2024-03-21 12:00,2,WPR,WAR,St George's Park,ci:1337353,Abdullah Bayoumy,2.0,21,0,cricbuzz
90508,2023-24,2024-03-21 12:00,2,WPR,WAR,St George's Park,cb:14429,Onke Nyaku,1.0,7,0,cricbuzz
90512,2023-24,2024-03-21 12:00,1,NWEST,BOL,North-West University No1 Ground,ci:594335,Mungroo,4.0,32,1,cricbuzz
90512,2023-24,2024-03-21 12:00,1,NWEST,BOL,North-West University No1 Ground,ci:605683,Migael Pretorius,4.0,14,4,cricbuzz
90512,2023-24,2024-03-21 12:00,1,NWEST,BOL,North-West University No1 Ground,ci:535393,Senuran Muthusamy,4.0,17,0,cricbuzz
90512,2023-24,2024-03-21 12:00,1,NWEST,BOL,North-West University No1 Ground,ci:946365,Caleb Seleka,4.0,31,0,cricbuzz
90512,2023-24,2024-03-21 12:00,1,NWEST,BOL,North-West University No1 Ground,ci:595954,Duan Jansen,2.0,26,1,cricbuzz
90512,2023-24,2024-03-21 12:00,1,NWEST,BOL,North-West University No1 Ground,ci:595036,Bamanye Xenxe,2.0,19,0,cricbuzz
90512,2023-24,2024-03-21 12:00,2,BOL,NWEST,North-West University No1 Ground,ci:375126,Hardus Viljoen,3.0,23,1,cricbuzz
90512,2023-24,2024-03-21 12:00,2,BOL,NWEST,North-West University No1 Ground,ci:549288,Ferisco Adams,2.0,19,0,cricbuzz
90512,2023-24,2024-03-21 12:00,2,BOL,NWEST,North-West University No1 Ground,ci:437506,Imran Manack,4.0,17,2,cricbuzz
90512,2023-24,2024-03-21 12:00,2,BOL,NWEST,North-West University No1 Ground,ci:596537,Siyabonga Mahima,2.0,18,0,cricbuzz
90512,2023-24,2024-03-21 12:00,2,BOL,NWEST,North-West University No1 Ground,ci:393289,Shaun von Berg,2.0,20,0,cricbuzz
90512,2023-24,2024-03-21 12:00,2,BOL,NWEST,North-West University No1 Ground,ci:946367,Michael Copeland,1.5,34,0,cricbuzz
90512,2023-24,2024-03-21 12:00,2,BOL,NWEST,North-West University No1 Ground,ci:595882,Akhona Mnyaka,2.0,16,0,cricbuzz
90515,2023-24,2024-03-23 12:00,1,WPR,TIT,The Wanderers Stadium,ci:550251,Kyle Simmonds,4.0,35,1,cricbuzz
90515,2023-24,2024-03-23 12:00,1,WPR,TIT,The Wanderers Stadium,ci:265564,Parnell,4.0,23,2,cricbuzz
90515,2023-24,2024-03-23 12:00,1,WPR,TIT,The Wanderers Stadium,ci:379927,B Hendricks,4.0,23,2,cricbuzz
90515,2023-24,2024-03-23 12:00,1,WPR,TIT,The Wanderers Stadium,cb:13151,Nabe,4.0,39,0,cricbuzz
90515,2023-24,2024-03-23 12:00,1,WPR,TIT,The Wanderers Stadium,ci:481875,George Linde,4.0,25,2,cricbuzz
90515,2023-24,2024-03-23 12:00,2,TIT,WPR,The Wanderers Stadium,cb:7649,Aaron Phangiso,3.0,25,0,cricbuzz
90515,2023-24,2024-03-23 12:00,2,TIT,WPR,The Wanderers Stadium,cb:8531,Lizaad Williams,3.0,22,0,cricbuzz
90515,2023-24,2024-03-23 12:00,2,TIT,WPR,The Wanderers Stadium,ci:545467,Junior Dala,2.0,20,0,cricbuzz
90515,2023-24,2024-03-23 12:00,2,TIT,WPR,The Wanderers Stadium,ci:550189,Dayyaan Galiem,3.0,19,0,cricbuzz
90515,2023-24,2024-03-23 12:00,2,TIT,WPR,The Wanderers Stadium,cb:10173,Tabraiz Shamsi,4.0,31,2,cricbuzz
90515,2023-24,2024-03-23 12:00,2,TIT,WPR,The Wanderers Stadium,ci:221140,David Wiese,4.0,20,4,cricbuzz
90522,2023-24,2024-03-23 16:00,1,KZNIN,LIONS,The Wanderers Stadium,ci:596800,Keith Dudgeon,3.0,5,4,cricbuzz
90522,2023-24,2024-03-23 16:00,1,KZNIN,LIONS,The Wanderers Stadium,cb:14431,Trumpelmann,3.0,14,0,cricbuzz
90522,2023-24,2024-03-23 16:00,1,KZNIN,LIONS,The Wanderers Stadium,ci:948605,Mondli Khumalo,3.0,16,0,cricbuzz
90522,2023-24,2024-03-23 16:00,1,KZNIN,LIONS,The Wanderers Stadium,ci:1203962,Alindile Mhletywa,2.0,16,1,cricbuzz
90522,2023-24,2024-03-23 16:00,1,KZNIN,LIONS,The Wanderers Stadium,cb:16631,Tian Koekemoer,2.0,12,0,cricbuzz
90522,2023-24,2024-03-23 16:00,1,KZNIN,LIONS,The Wanderers Stadium,ci:699719,Smangaliso Nhlebela,2.0,24,0,cricbuzz
90522,2023-24,2024-03-23 16:00,2,LIONS,KZNIN,The Wanderers Stadium,ci:594235,Tshepo Moreki,1.0,9,0,cricbuzz
90522,2023-24,2024-03-23 16:00,2,LIONS,KZNIN,The Wanderers Stadium,ci:553249,Bjorn Fortuin,3.0,21,0,cricbuzz
90522,2023-24,2024-03-23 16:00,2,LIONS,KZNIN,The Wanderers Stadium,cb:11208,Lutho Sipamla,2.0,12,1,cricbuzz
90522,2023-24,2024-03-23 16:00,2,LIONS,KZNIN,The Wanderers Stadium,ci:605681,Evan Jones,2.4,21,0,cricbuzz
90522,2023-24,2024-03-23 16:00,2,LIONS,KZNIN,The Wanderers Stadium,cb:11200,Wiaan Mulder,1.0,10,0,cricbuzz
90522,2023-24,2024-03-23 16:00,2,LIONS,KZNIN,The Wanderers Stadium,cb:13629,Junaid Dawood,2.0,16,1,cricbuzz
90529,2023-24,2024-03-24 08:00,1,BOL,DOL,St George's Park,ci:481803,Glenton Stuurman,4.0,24,1,cricbuzz
90529,2023-24,2024-03-24 08:00,1,BOL,DOL,St George's Park,ci:549288,Ferisco Adams,4.0,36,0,cricbuzz
90529,2023-24,2024-03-24 08:00,1,BOL,DOL,St George's Park,ci:595882,Akhona Mnyaka,3.0,34,0,cricbuzz
90529,2023-24,2024-03-24 08:00,1,BOL,DOL,St George's Park,ci:437506,Imran Manack,4.0,26,1,cricbuzz
90529,2023-24,2024-03-24 08:00,1,BOL,DOL,St George's Park,ci:393289,von Berg,4.0,26,1,cricbuzz
90529,2023-24,2024-03-24 08:00,1,BOL,DOL,St George's Park,cb:1423931,Adrian du Toit,1.0,9,0,cricbuzz
90529,2023-24,2024-03-24 08:00,2,DOL,BOL,St George's Park,cb:10079,Daryn Dupavillon,4.0,33,2,cricbuzz
90529,2023-24,2024-03-24 08:00,2,DOL,BOL,St George's Park,ci:595618,Okuhle Cele,4.0,29,0,cricbuzz
90529,2023-24,2024-03-24 08:00,2,DOL,BOL,St George's Park,ci:535353,Ottniel Baartman,3.3,35,1,cricbuzz
90529,2023-24,2024-03-24 08:00,2,DOL,BOL,St George's Park,ci:280490,JJ Smuts,4.0,21,0,cricbuzz
90529,2023-24,2024-03-24 08:00,2,DOL,BOL,St George's Park,ci:540316,Andile Phehlukwayo,1.0,9,1,cricbuzz
90529,2023-24,2024-03-24 08:00,2,DOL,BOL,St George's Park,ci:1070754,Andile Simelane,2.0,21,1,cricbuzz
90529,2023-24,2024-03-24 08:00,2,DOL,BOL,St George's Park,ci:1071000,Bryce Parsons,1.0,13,0,cricbuzz
90533,2023-24,2024-03-24 12:00,1,NWEST,WAR,St George's Park,ci:594335,Mungroo,3.0,44,0,cricbuzz
90533,2023-24,2024-03-24 12:00,1,NWEST,WAR,St George's Park,ci:605683,Migael Pretorius,2.0,24,0,cricbuzz
90533,2023-24,2024-03-24 12:00,1,NWEST,WAR,St George's Park,ci:595954,Duan Jansen,4.0,39,1,cricbuzz
90533,2023-24,2024-03-24 12:00,1,NWEST,WAR,St George's Park,ci:535393,Senuran Muthusamy,3.0,22,0,cricbuzz
90533,2023-24,2024-03-24 12:00,1,NWEST,WAR,St George's Park,ci:946365,Caleb Seleka,4.0,33,2,cricbuzz
90533,2023-24,2024-03-24 12:00,1,NWEST,WAR,St George's Park,ci:429886,Wihan Lubbe,4.0,23,1,cricbuzz
90533,2023-24,2024-03-24 12:00,2,WAR,NWEST,St George's Park,ci:698319,Beyers Swanepoel,4.0,28,2,cricbuzz
90533,2023-24,2024-03-24 12:00,2,WAR,NWEST,St George's Park,ci:499560,Patrick Kruger,2.0,21,0,cricbuzz
90533,2023-24,2024-03-24 12:00,2,WAR,NWEST,St George's Park,cb:9714,Siya Simetu,4.0,24,1,cricbuzz
90533,2023-24,2024-03-24 12:00,2,WAR,NWEST,St George's Park,ci:688143,Shimane Alfred Mothoa,4.0,33,1,cricbuzz
90533,2023-24,2024-03-24 12:00,2,WAR,NWEST,St George's Park,ci:1124737,Renaldo Meyer,4.0,38,2,cricbuzz
90533,2023-24,2024-03-24 12:00,2,WAR,NWEST,St George's Park,ci:1361874,JP King,2.0,13,2,cricbuzz
90540,2023-24,2024-03-27 11:00,1,KZNIN,WPR,City Oval,ci:333879,Erlank,4.0,33,1,cricbuzz
90540,2023-24,2024-03-27 11:00,1,KZNIN,WPR,City Oval,ci:596800,Keith Dudgeon,4.0,45,0,cricbuzz
90540,2023-24,2024-03-27 11:00,1,KZNIN,WPR,City Oval,ci:543041,Budaza,4.0,41,3,cricbuzz
90540,2023-24,2024-03-27 11:00,1,KZNIN,WPR,City Oval,ci:699719,Smangaliso Nhlebela,2.0,27,0,cricbuzz
90540,2023-24,2024-03-27 11:00,1,KZNIN,WPR,City Oval,cb:16631,Tian Koekemoer,3.0,27,1,cricbuzz
90540,2023-24,2024-03-27 11:00,1,KZNIN,WPR,City Oval,cb:9719,Delport,3.0,32,0,cricbuzz
90540,2023-24,2024-03-27 11:00,2,WPR,KZNIN,City Oval,ci:379927,Beuran Hendricks,4.0,37,0,cricbuzz
90540,2023-24,2024-03-27 11:00,2,WPR,KZNIN,City Oval,ci:265564,Wayne Parnell,2.0,28,1,cricbuzz
90540,2023-24,2024-03-27 11:00,2,WPR,KZNIN,City Oval,ci:550251,Kyle Simmonds,4.0,28,2,cricbuzz
90540,2023-24,2024-03-27 11:00,2,WPR,KZNIN,City Oval,cb:13151,Mthiwekhaya Nabe,4.0,27,1,cricbuzz
90540,2023-24,2024-03-27 11:00,2,WPR,KZNIN,City Oval,ci:481875,George Linde,4.0,27,0,cricbuzz
90540,2023-24,2024-03-27 11:00,2,WPR,KZNIN,City Oval,ci:1337355,Juan James,2.0,12,2,cricbuzz
90543,2023-24,2024-03-27 16:00,1,LIONS,WAR,The Wanderers Stadium,cb:11208,Sipamla,3.0,24,1,cricbuzz
90543,2023-24,2024-03-27 16:00,1,LIONS,WAR,The Wanderers Stadium,cb:11200,Wiaan Mulder,4.0,28,1,cricbuzz
90543,2023-24,2024-03-27 16:00,1,LIONS,WAR,The Wanderers Stadium,ci:949461,Codi Yusuf,4.0,32,1,cricbuzz
90543,2023-24,2024-03-27 16:00,1,LIONS,WAR,The Wanderers Stadium,ci:594235,Tshepo Moreki,2.0,18,0,cricbuzz
90543,2023-24,2024-03-27 16:00,1,LIONS,WAR,The Wanderers Stadium,ci:605681,Evan Jones,2.0,21,0,cricbuzz
90543,2023-24,2024-03-27 16:00,1,LIONS,WAR,The Wanderers Stadium,ci:553249,Bjorn Fortuin,4.0,28,1,cricbuzz
90543,2023-24,2024-03-27 16:00,1,LIONS,WAR,The Wanderers Stadium,ci:269280,Reeza Hendricks,1.0,15,0,cricbuzz
90543,2023-24,2024-03-27 16:00,2,WAR,LIONS,The Wanderers Stadium,ci:698319,Beyers Swanepoel,4.0,27,2,cricbuzz
90543,2023-24,2024-03-27 16:00,2,WAR,LIONS,The Wanderers Stadium,ci:1361874,JP King,1.0,6,0,cricbuzz
90543,2023-24,2024-03-27 16:00,2,WAR,LIONS,The Wanderers Stadium,cb:9714,Siya Simetu,4.0,25,1,cricbuzz
90543,2023-24,2024-03-27 16:00,2,WAR,LIONS,The Wanderers Stadium,ci:688143,Shimane Alfred Mothoa,4.0,35,3,cricbuzz
90543,2023-24,2024-03-27 16:00,2,WAR,LIONS,The Wanderers Stadium,cb:20372,Nealan van Heerden,4.0,36,1,cricbuzz
90543,2023-24,2024-03-27 16:00,2,WAR,LIONS,The Wanderers Stadium,ci:499560,Patrick Kruger,3.0,41,0,cricbuzz
90547,2023-24,2024-03-31 08:00,1,WAR,WPR,Boland Park,ci:698319,Beyers Swanepoel,2.0,18,0,cricbuzz
90547,2023-24,2024-03-31 08:00,1,WAR,WPR,Boland Park,ci:1361874,JP King,4.0,24,1,cricbuzz
90547,2023-24,2024-03-31 08:00,1,WAR,WPR,Boland Park,ci:688143,Shimane Mothoa,4.0,36,2,cricbuzz
90547,2023-24,2024-03-31 08:00,1,WAR,WPR,Boland Park,cb:20372,Heerden,4.0,25,2,cricbuzz
90547,2023-24,2024-03-31 08:00,1,WAR,WPR,Boland Park,ci:499560,Patrick Kruger,2.0,14,1,cricbuzz
90547,2023-24,2024-03-31 08:00,1,WAR,WPR,Boland Park,cb:9714,Simetu,4.0,24,1,cricbuzz
90547,2023-24,2024-03-31 08:00,2,WPR,WAR,Boland Park,ci:550251,Kyle Simmonds,4.0,32,1,cricbuzz
90547,2023-24,2024-03-31 08:00,2,WPR,WAR,Boland Park,ci:481875,George Linde,2.0,16,0,cricbuzz
90547,2023-24,2024-03-31 08:00,2,WPR,WAR,Boland Park,ci:379927,Beuran Hendricks,3.0,34,0,cricbuzz
90547,2023-24,2024-03-31 08:00,2,WPR,WAR,Boland Park,ci:265564,Wayne Parnell,2.0,16,0,cricbuzz
90547,2023-24,2024-03-31 08:00,2,WPR,WAR,Boland Park,cb:13151,Mthiwekhaya Nabe,2.3,29,0,cricbuzz
90547,2023-24,2024-03-31 08:00,2,WPR,WAR,Boland Park,ci:1337355,Juan James,3.0,16,0,cricbuzz
90554,2023-24,2024-03-31 12:00,1,LIONS,BOL,Boland Park,cb:11200,Wiaan Mulder,4.0,26,2,cricbuzz
90554,2023-24,2024-03-31 12:00,1,LIONS,BOL,Boland Park,ci:553249,Bjorn Fortuin,4.0,15,2,cricbuzz
90554,2023-24,2024-03-31 12:00,1,LIONS,BOL,Boland Park,ci:949461,Codi Yusuf,2.0,12,0,cricbuzz
90554,2023-24,2024-03-31 12:00,1,LIONS,BOL,Boland Park,cb:11208,Sipamla,3.0,29,0,cricbuzz
90554,2023-24,2024-03-31 12:00,1,LIONS,BOL,Boland Park,ci:946483,Nqaba Peter,4.0,14,3,cricbuzz
90554,2023-24,2024-03-31 12:00,1,LIONS,BOL,Boland Park,ci:605681,Evan Jones,3.0,20,1,cricbuzz
90554,2023-24,2024-03-31 12:00,2,BOL,LIONS,Boland Park,ci:481803,Glenton Stuurman,4.0,30,0,cricbuzz
90554,2023-24,2024-03-31 12:00,2,BOL,LIONS,Boland Park,ci:437506,Imran Manack,4.0,24,0,cricbuzz
90554,2023-24,2024-03-31 12:00,2,BOL,LIONS,Boland Park,ci:393289,Shaun von Berg,4.0,29,1,cricbuzz
90554,2023-24,2024-03-31 12:00,2,BOL,LIONS,Boland Park,ci:549288,Ferisco Adams,2.0,16,0,cricbuzz
90554,2023-24,2024-03-31 12:00,2,BOL,LIONS,Boland Park,cb:1423931,Adrian du Toit,2.0,8,0,cricbuzz
90554,2023-24,2024-03-31 12:00,2,BOL,LIONS,Boland Park,ci:595882,Akhona Mnyaka,1.2,13,0,cricbuzz
90561,2023-24,2024-04-01 08:00,1,KZNIN,DOL,North-West University No1 Ground,ci:596800,Keith Dudgeon,4.0,24,0,cricbuzz
90561,2023-24,2024-04-01 08:00,1,KZNIN,DOL,North-West University No1 Ground,ci:543041,Budaza,4.0,27,3,cricbuzz
90561,2023-24,2024-04-01 08:00,1,KZNIN,DOL,North-West University No1 Ground,ci:699719,Smangaliso Nhlebela,4.0,28,2,cricbuzz
90561,2023-24,2024-04-01 08:00,1,KZNIN,DOL,North-West University No1 Ground,ci:695245,Thando Ntini,4.0,24,2,cricbuzz
90561,2023-24,2024-04-01 08:00,1,KZNIN,DOL,North-West University No1 Ground,cb:16631,Tian Koekemoer,2.0,26,0,cricbuzz
90561,2023-24,2024-04-01 08:00,1,KZNIN,DOL,North-West University No1 Ground,ci:379860,Nofal,2.0,18,0,cricbuzz
90561,2023-24,2024-04-01 08:00,2,DOL,KZNIN,North-West University No1 Ground,ci:1385637,Tristan Luus,4.0,30,2,cricbuzz
90561,2023-24,2024-04-01 08:00,2,DOL,KZNIN,North-West University No1 Ground,ci:535353,Ottniel Baartman,4.0,23,0,cricbuzz
90561,2023-24,2024-04-01 08:00,2,DOL,KZNIN,North-West University No1 Ground,ci:437438,Prenelan Subrayen,4.0,23,1,cricbuzz
90561,2023-24,2024-04-01 08:00,2,DOL,KZNIN,North-West University No1 Ground,ci:280490,JJ Smuts,4.0,26,0,cricbuzz
90561,2023-24,2024-04-01 08:00,2,DOL,KZNIN,North-West University No1 Ground,ci:540316,Andile Phehlukwayo,4.0,28,1,cricbuzz
90575,2023-24,2024-04-03 16:00,1,WPR,LIONS,Newlands,ci:550251,Kyle Simmonds,4.0,34,0,cricbuzz
90575,2023-24,2024-04-03 16:00,1,WPR,LIONS,Newlands,ci:379927,B Hendricks,4.0,38,1,cricbuzz
90575,2023-24,2024-04-03 16:00,1,WPR,LIONS,Newlands,ci:265564,Parnell,4.0,58,0,cricbuzz
90575,2023-24,2024-04-03 16:00,1,WPR,LIONS,Newlands,cb:13151,Nabe,2.0,32,0,cricbuzz
90575,2023-24,2024-04-03 16:00,1,WPR,LIONS,Newlands,ci:481875,George Linde,4.0,34,1,cricbuzz
90575,2023-24,2024-04-03 16:00,1,WPR,LIONS,Newlands,ci:1337355,Juan James,2.0,15,0,cricbuzz
90575,2023-24,2024-04-03 16:00,2,LIONS,WPR,Newlands,ci:594235,Tshepo Moreki,2.0,14,1,cricbuzz
90575,2023-24,2024-04-03 16:00,2,LIONS,WPR,Newlands,cb:11208,Lutho Sipamla,3.0,14,3,cricbuzz
90575,2023-24,2024-04-03 16:00,2,LIONS,WPR,Newlands,cb:11200,Wiaan Mulder,1.0,10,0,cricbuzz
90575,2023-24,2024-04-03 16:00,2,LIONS,WPR,Newlands,ci:553249,Bjorn Fortuin,4.0,30,1,cricbuzz
90575,2023-24,2024-04-03 16:00,2,LIONS,WPR,Newlands,ci:605681,Evan Jones,2.0,6,1,cricbuzz
90575,2023-24,2024-04-03 16:00,2,LIONS,WPR,Newlands,ci:946483,Nqaba Peter,2.3,7,4,cricbuzz
90585,2023-24,2024-04-05 16:00,1,BOL,KZNIN,Boland Park,ci:481803,Glenton Stuurman,3.0,14,0,cricbuzz
90585,2023-24,2024-04-05 16:00,1,BOL,KZNIN,Boland Park,ci:437506,Imran Manack,4.0,17,3,cricbuzz
90585,2023-24,2024-04-05 16:00,1,BOL,KZNIN,Boland Park,ci:596537,Mahima,4.0,22,1,cricbuzz
90585,2023-24,2024-04-05 16:00,1,BOL,KZNIN,Boland Park,ci:393289,von Berg,4.0,15,2,cricbuzz
90585,2023-24,2024-04-05 16:00,1,BOL,KZNIN,Boland Park,ci:314991,Mgijima,1.0,5,0,cricbuzz
90585,2023-24,2024-04-05 16:00,1,BOL,KZNIN,Boland Park,ci:222320,Jonker,1.0,4,0,cricbuzz
90585,2023-24,2024-04-05 16:00,1,BOL,KZNIN,Boland Park,cb:1423931,Adrian du Toit,3.0,17,1,cricbuzz
90585,2023-24,2024-04-05 16:00,2,KZNIN,BOL,Boland Park,ci:596800,Keith Dudgeon,4.0,20,1,cricbuzz
90585,2023-24,2024-04-05 16:00,2,KZNIN,BOL,Boland Park,ci:543041,Mbulelo Budaza,4.0,39,3,cricbuzz
90585,2023-24,2024-04-05 16:00,2,KZNIN,BOL,Boland Park,ci:695245,Thando Ntini,1.0,10,0,cricbuzz
90585,2023-24,2024-04-05 16:00,2,KZNIN,BOL,Boland Park,ci:699719,Smangaliso Nhlebela,3.3,12,0,cricbuzz
90585,2023-24,2024-04-05 16:00,2,KZNIN,BOL,Boland Park,ci:379860,Malcolm Nofal,3.0,15,0,cricbuzz
90592,2023-24,2024-04-05 16:00,1,WAR,TIT,St George's Park,cb:9714,Simetu,4.0,18,0,cricbuzz
90592,2023-24,2024-04-05 16:00,1,WAR,TIT,St George's Park,ci:698319,Beyers Swanepoel,4.0,39,5,cricbuzz
90592,2023-24,2024-04-05 16:00,1,WAR,TIT,St George's Park,ci:499560,Patrick Kruger,2.0,25,0,cricbuzz
90592,2023-24,2024-04-05 16:00,1,WAR,TIT,St George's Park,ci:688143,Shimane Mothoa,4.0,27,2,cricbuzz
90592,2023-24,2024-04-05 16:00,1,WAR,TIT,St George's Park,ci:1361874,JP King,2.0,25,0,cricbuzz
90592,2023-24,2024-04-05 16:00,1,WAR,TIT,St George's Park,cb:20372,Heerden,4.0,30,1,cricbuzz
90592,2023-24,2024-04-05 16:00,2,TIT,WAR,St George's Park,cb:8531,Lizaad Williams,4.0,26,2,cricbuzz
90592,2023-24,2024-04-05 16:00,2,TIT,WAR,St George's Park,ci:542023,Lungi Ngidi,2.0,28,0,cricbuzz
90592,2023-24,2024-04-05 16:00,2,TIT,WAR,St George's Park,ci:550189,Dayyaan Galiem,3.0,23,1,cricbuzz
90592,2023-24,2024-04-05 16:00,2,TIT,WAR,St George's Park,cb:7649,Aaron Phangiso,2.0,11,0,cricbuzz
90592,2023-24,2024-04-05 16:00,2,TIT,WAR,St George's Park,ci:742489,Neil Brand,3.0,21,1,cricbuzz
90592,2023-24,2024-04-05 16:00,2,TIT,WAR,St George's Park,cb:10173,Tabraiz Shamsi,2.0,13,0,cricbuzz
90592,2023-24,2024-04-05 16:00,2,TIT,WAR,St George's Park,ci:594322,Corbin Bosch,4.0,22,3,cricbuzz
90596,2023-24,2024-04-05 16:00,1,LIONS,DOL,The Wanderers Stadium,cb:11208,Sipamla,1.0,19,0,cricbuzz
90596,2023-24,2024-04-05 16:00,1,LIONS,DOL,The Wanderers Stadium,ci:553249,Bjorn Fortuin,2.0,19,1,cricbuzz
90596,2023-24,2024-04-05 16:00,1,LIONS,DOL,The Wanderers Stadium,ci:949461,Codi Yusuf,2.0,15,3,cricbuzz
90596,2023-24,2024-04-05 16:00,1,LIONS,DOL,The Wanderers Stadium,ci:946483,Nqaba Peter,2.0,13,0,cricbuzz
90596,2023-24,2024-04-05 16:00,1,LIONS,DOL,The Wanderers Stadium,ci:605681,Evan Jones,2.0,27,1,cricbuzz
90596,2023-24,2024-04-05 16:00,2,DOL,LIONS,The Wanderers Stadium,ci:698343,Eathan Bosch,1.0,19,0,cricbuzz
90596,2023-24,2024-04-05 16:00,2,DOL,LIONS,The Wanderers Stadium,ci:595618,Okuhle Cele,1.0,13,0,cricbuzz
90596,2023-24,2024-04-05 16:00,2,DOL,LIONS,The Wanderers Stadium,ci:535353,Ottniel Baartman,2.0,26,1,cricbuzz
90596,2023-24,2024-04-05 16:00,2,DOL,LIONS,The Wanderers Stadium,ci:280490,JJ Smuts,1.0,11,0,cricbuzz
90596,2023-24,2024-04-05 16:00,2,DOL,LIONS,The Wanderers Stadium,ci:437438,Prenelan Subrayen,2.0,18,1,cricbuzz
90596,2023-24,2024-04-05 16:00,2,DOL,LIONS,The Wanderers Stadium,ci:540316,Andile Phehlukwayo,1.2,11,1,cricbuzz
90603,2023-24,2024-04-07 11:00,1,KZNIN,TIT,City Oval,ci:596800,Keith Dudgeon,4.0,42,0,cricbuzz
90603,2023-24,2024-04-07 11:00,1,KZNIN,TIT,City Oval,ci:543041,Budaza,3.0,18,1,cricbuzz
90603,2023-24,2024-04-07 11:00,1,KZNIN,TIT,City Oval,ci:379860,Nofal,3.0,29,0,cricbuzz
90603,2023-24,2024-04-07 11:00,1,KZNIN,TIT,City Oval,ci:695245,Thando Ntini,4.0,25,1,cricbuzz
90603,2023-24,2024-04-07 11:00,1,KZNIN,TIT,City Oval,cb:20348,Mannikam,4.0,28,3,cricbuzz
90603,2023-24,2024-04-07 11:00,1,KZNIN,TIT,City Oval,ci:1203962,Alindile Mhletywa,2.0,23,1,cricbuzz
90603,2023-24,2024-04-07 11:00,2,TIT,KZNIN,City Oval,cb:8531,Lizaad Williams,3.0,39,0,cricbuzz
90603,2023-24,2024-04-07 11:00,2,TIT,KZNIN,City Oval,ci:542023,Lungi Ngidi,1.4,18,1,cricbuzz
90603,2023-24,2024-04-07 11:00,2,TIT,KZNIN,City Oval,ci:550189,Dayyaan Galiem,4.0,27,2,cricbuzz
90603,2023-24,2024-04-07 11:00,2,TIT,KZNIN,City Oval,ci:594322,Corbin Bosch,4.0,24,0,cricbuzz
90603,2023-24,2024-04-07 11:00,2,TIT,KZNIN,City Oval,cb:10173,Tabraiz Shamsi,3.0,32,0,cricbuzz
90603,2023-24,2024-04-07 11:00,2,TIT,KZNIN,City Oval,cb:7649,Aaron Phangiso,2.0,25,0,cricbuzz
90617,2023-24,2024-04-07 12:00,1,NWEST,DOL,North-West University No1 Ground,ci:594335,Mungroo,4.0,36,1,cricbuzz
90617,2023-24,2024-04-07 12:00,1,NWEST,DOL,North-West University No1 Ground,ci:605683,Migael Pretorius,4.0,35,3,cricbuzz
90617,2023-24,2024-04-07 12:00,1,NWEST,DOL,North-West University No1 Ground,ci:698321,Ruan de Swardt,4.0,23,3,cricbuzz
90617,2023-24,2024-04-07 12:00,1,NWEST,DOL,North-West University No1 Ground,ci:429886,Wihan Lubbe,3.0,24,1,cricbuzz
90617,2023-24,2024-04-07 12:00,1,NWEST,DOL,North-West University No1 Ground,ci:535393,Senuran Muthusamy,2.0,16,0,cricbuzz
90617,2023-24,2024-04-07 12:00,1,NWEST,DOL,North-West University No1 Ground,ci:807039,Irvin Modimokoane,2.0,26,0,cricbuzz
90617,2023-24,2024-04-07 12:00,1,NWEST,DOL,North-West University No1 Ground,ci:946365,Caleb Seleka,1.0,11,0,cricbuzz
90617,2023-24,2024-04-07 12:00,2,DOL,NWEST,North-West University No1 Ground,ci:698343,Eathan Bosch,3.0,25,1,cricbuzz
90617,2023-24,2024-04-07 12:00,2,DOL,NWEST,North-West University No1 Ground,ci:595618,Okuhle Cele,4.0,28,3,cricbuzz
90617,2023-24,2024-04-07 12:00,2,DOL,NWEST,North-West University No1 Ground,ci:535353,Ottniel Baartman,4.0,28,2,cricbuzz
90617,2023-24,2024-04-07 12:00,2,DOL,NWEST,North-West University No1 Ground,ci:540316,Andile Phehlukwayo,2.0,8,0,cricbuzz
90617,2023-24,2024-04-07 12:00,2,DOL,NWEST,North-West University No1 Ground,ci:280490,JJ Smuts,4.0,36,0,cricbuzz
90617,2023-24,2024-04-07 12:00,2,DOL,NWEST,North-West University No1 Ground,ci:437438,Prenelan Subrayen,3.0,24,1,cricbuzz
90620,2023-24,2024-04-10 16:00,1,TIT,DOL,Kingsmead,ci:742489,Neil Brand,3.0,13,0,cricbuzz
90620,2023-24,2024-04-10 16:00,1,TIT,DOL,Kingsmead,ci:542023,Lungi Ngidi,2.0,18,0,cricbuzz
90620,2023-24,2024-04-10 16:00,1,TIT,DOL,Kingsmead,ci:550189,D Galiem,2.0,12,0,cricbuzz
90620,2023-24,2024-04-10 16:00,1,TIT,DOL,Kingsmead,ci:221140,Wiese,4.0,29,5,cricbuzz
90620,2023-24,2024-04-10 16:00,1,TIT,DOL,Kingsmead,cb:10173,Shamsi,3.0,17,0,cricbuzz
90620,2023-24,2024-04-10 16:00,1,TIT,DOL,Kingsmead,cb:7649,Phangiso,3.0,17,0,cricbuzz
90620,2023-24,2024-04-10 16:00,1,TIT,DOL,Kingsmead,ci:594322,Corbin Bosch,3.0,17,0,cricbuzz
90620,2023-24,2024-04-10 16:00,2,DOL,TIT,Kingsmead,ci:437438,Prenelan Subrayen,4.0,17,2,cricbuzz
90620,2023-24,2024-04-10 16:00,2,DOL,TIT,Kingsmead,ci:595618,Okuhle Cele,3.0,25,0,cricbuzz
90620,2023-24,2024-04-10 16:00,2,DOL,TIT,Kingsmead,ci:698343,Eathan Bosch,1.0,9,0,cricbuzz
90620,2023-24,2024-04-10 16:00,2,DOL,TIT,Kingsmead,ci:535353,Ottniel Baartman,3.0,18,1,cricbuzz
90620,2023-24,2024-04-10 16:00,2,DOL,TIT,Kingsmead,ci:540316,Andile Phehlukwayo,2.0,14,1,cricbuzz
90620,2023-24,2024-04-10 16:00,2,DOL,TIT,Kingsmead,ci:280490,JJ Smuts,3.0,15,2,cricbuzz
90624,2023-24,2024-04-12 11:30,1,KZNIN,WAR,City Oval,ci:543041,Budaza,4.0,26,1,cricbuzz
90624,2023-24,2024-04-12 11:30,1,KZNIN,WAR,City Oval,ci:596800,Keith Dudgeon,4.0,19,0,cricbuzz
90624,2023-24,2024-04-12 11:30,1,KZNIN,WAR,City Oval,ci:1203962,Alindile Mhletywa,2.0,29,0,cricbuzz
90624,2023-24,2024-04-12 11:30,1,KZNIN,WAR,City Oval,ci:277797,Nipper,2.0,38,1,cricbuzz
90624,2023-24,2024-04-12 11:30,1,KZNIN,WAR,City Oval,ci:695245,Thando Ntini,4.0,30,1,cricbuzz
90624,2023-24,2024-04-12 11:30,1,KZNIN,WAR,City Oval,cb:20348,Mannikam,4.0,26,2,cricbuzz
90624,2023-24,2024-04-12 11:30,2,WAR,KZNIN,City Oval,ci:698319,Beyers Swanepoel,4.0,34,2,cricbuzz
90624,2023-24,2024-04-12 11:30,2,WAR,KZNIN,City Oval,ci:1361874,JP King,1.0,7,0,cricbuzz
90624,2023-24,2024-04-12 11:30,2,WAR,KZNIN,City Oval,ci:688143,Shimane Alfred Mothoa,4.0,20,1,cricbuzz
90624,2023-24,2024-04-12 11:30,2,WAR,KZNIN,City Oval,cb:9714,Siya Simetu,4.0,29,0,cricbuzz
90624,2023-24,2024-04-12 11:30,2,WAR,KZNIN,City Oval,cb:20372,Nealan van Heerden,4.0,31,3,cricbuzz
90624,2023-24,2024-04-12 11:30,2,WAR,KZNIN,City Oval,ci:499560,Patrick Kruger,3.0,14,1,cricbuzz
90631,2023-24,2024-04-12 16:00,1,TIT,BOL,SuperSport Park,ci:221140,Wiese,3.0,9,2,cricbuzz
90631,2023-24,2024-04-12 16:00,1,TIT,BOL,SuperSport Park,ci:550189,D Galiem,2.0,14,0,cricbuzz
90631,2023-24,2024-04-12 16:00,1,TIT,BOL,SuperSport Park,ci:542023,Lungi Ngidi,3.0,19,2,cricbuzz
90631,2023-24,2024-04-12 16:00,1,TIT,BOL,SuperSport Park,ci:545467,Junior Dala,3.0,32,2,cricbuzz
90631,2023-24,2024-04-12 16:00,1,TIT,BOL,SuperSport Park,ci:594322,Corbin Bosch,3.1,14,1,cricbuzz
90631,2023-24,2024-04-12 16:00,1,TIT,BOL,SuperSport Park,ci:742489,Neil Brand,1.0,13,1,cricbuzz
90631,2023-24,2024-04-12 16:00,1,TIT,BOL,SuperSport Park,cb:10173,Shamsi,3.0,16,1,cricbuzz
90631,2023-24,2024-04-12 16:00,2,BOL,TIT,SuperSport Park,ci:481803,Glenton Stuurman,4.0,24,2,cricbuzz
90631,2023-24,2024-04-12 16:00,2,BOL,TIT,SuperSport Park,ci:437506,Imran Manack,4.0,23,1,cricbuzz
90631,2023-24,2024-04-12 16:00,2,BOL,TIT,SuperSport Park,ci:375126,Hardus Viljoen,2.0,21,0,cricbuzz
90631,2023-24,2024-04-12 16:00,2,BOL,TIT,SuperSport Park,ci:393289,Shaun von Berg,1.0,17,1,cricbuzz
90631,2023-24,2024-04-12 16:00,2,BOL,TIT,SuperSport Park,cb:1423931,Adrian du Toit,1.0,14,0,cricbuzz
90631,2023-24,2024-04-12 16:00,2,BOL,TIT,SuperSport Park,ci:595882,Akhona Mnyaka,1.0,23,0,cricbuzz
90634,2023-24,2024-04-12 16:00,1,WPR,NWEST,North-West University No1 Ground,ci:379927,B Hendricks,4.0,23,1,cricbuzz
90634,2023-24,2024-04-12 16:00,1,WPR,NWEST,North-West University No1 Ground,ci:1412823,Wesley Bedja,2.0,22,0,cricbuzz
90634,2023-24,2024-04-12 16:00,1,WPR,NWEST,North-West University No1 Ground,ci:550251,Kyle Simmonds,4.0,22,2,cricbuzz
90634,2023-24,2024-04-12 16:00,1,WPR,NWEST,North-West University No1 Ground,cb:13151,Nabe,4.0,25,2,cricbuzz
90634,2023-24,2024-04-12 16:00,1,WPR,NWEST,North-West University No1 Ground,ci:1337355,Juan James,3.0,26,1,cricbuzz
90634,2023-24,2024-04-12 16:00,1,WPR,NWEST,North-West University No1 Ground,ci:481875,George Linde,3.0,29,2,cricbuzz
90634,2023-24,2024-04-12 16:00,2,NWEST,WPR,North-West University No1 Ground,ci:594335,Kerwin Mungroo,4.0,12,1,cricbuzz
90634,2023-24,2024-04-12 16:00,2,NWEST,WPR,North-West University No1 Ground,ci:429886,Wihan Lubbe,2.0,26,0,cricbuzz
90634,2023-24,2024-04-12 16:00,2,NWEST,WPR,North-West University No1 Ground,ci:698321,Ruan de Swardt,4.0,35,1,cricbuzz
90634,2023-24,2024-04-12 16:00,2,NWEST,WPR,North-West University No1 Ground,ci:1072026,Gideon Peters,4.0,23,3,cricbuzz
90634,2023-24,2024-04-12 16:00,2,NWEST,WPR,North-West University No1 Ground,ci:535393,Senuran Muthusamy,4.0,27,1,cricbuzz
90634,2023-24,2024-04-12 16:00,2,NWEST,WPR,North-West University No1 Ground,ci:595036,Bamanye Xenxe,2.0,21,0,cricbuzz
90652,2023-24,2024-04-14 12:00,1,TIT,KZNIN,SuperSport Park,ci:221140,Wiese,4.0,21,3,cricbuzz
90652,2023-24,2024-04-14 12:00,1,TIT,KZNIN,SuperSport Park,ci:594322,Corbin Bosch,3.0,20,2,cricbuzz
90652,2023-24,2024-04-14 12:00,1,TIT,KZNIN,SuperSport Park,ci:545467,Junior Dala,2.0,26,0,cricbuzz
90652,2023-24,2024-04-14 12:00,1,TIT,KZNIN,SuperSport Park,ci:542023,Lungi Ngidi,3.0,12,2,cricbuzz
90652,2023-24,2024-04-14 12:00,1,TIT,KZNIN,SuperSport Park,cb:10173,Shamsi,3.0,23,0,cricbuzz
90652,2023-24,2024-04-14 12:00,1,TIT,KZNIN,SuperSport Park,ci:550189,D Galiem,3.4,24,3,cricbuzz
90652,2023-24,2024-04-14 12:00,1,TIT,KZNIN,SuperSport Park,ci:742489,Neil Brand,1.0,11,0,cricbuzz
90652,2023-24,2024-04-14 12:00,2,KZNIN,TIT,SuperSport Park,ci:596800,Keith Dudgeon,2.0,25,0,cricbuzz
90652,2023-24,2024-04-14 12:00,2,KZNIN,TIT,SuperSport Park,ci:543041,Mbulelo Budaza,2.0,38,0,cricbuzz
90652,2023-24,2024-04-14 12:00,2,KZNIN,TIT,SuperSport Park,ci:695245,Thando Ntini,3.3,29,2,cricbuzz
90652,2023-24,2024-04-14 12:00,2,KZNIN,TIT,SuperSport Park,ci:333879,Michael Erlank,1.0,7,0,cricbuzz
90652,2023-24,2024-04-14 12:00,2,KZNIN,TIT,SuperSport Park,ci:277797,Kyle Nipper,2.0,15,0,cricbuzz
90652,2023-24,2024-04-14 12:00,2,KZNIN,TIT,SuperSport Park,ci:948605,Mondli Khumalo,1.0,11,0,cricbuzz
90652,2023-24,2024-04-14 12:00,2,KZNIN,TIT,SuperSport Park,cb:20348,Kurtlyn Mannikam,1.0,13,0,cricbuzz
90645,2023-24,2024-04-14 12:00,1,LIONS,NWEST,The Wanderers Stadium,ci:949461,Codi Yusuf,2.2,5,1,cricbuzz
90645,2023-24,2024-04-14 12:00,1,LIONS,NWEST,The Wanderers Stadium,cb:11200,Wiaan Mulder,2.0,9,2,cricbuzz
90645,2023-24,2024-04-14 12:00,1,LIONS,NWEST,The Wanderers Stadium,cb:11208,Sipamla,3.0,18,2,cricbuzz
90645,2023-24,2024-04-14 12:00,1,LIONS,NWEST,The Wanderers Stadium,ci:605681,Evan Jones,3.0,11,1,cricbuzz
90645,2023-24,2024-04-14 12:00,1,LIONS,NWEST,The Wanderers Stadium,ci:553249,Bjorn Fortuin,4.0,19,1,cricbuzz
90645,2023-24,2024-04-14 12:00,1,LIONS,NWEST,The Wanderers Stadium,ci:946483,Nqaba Peter,4.0,22,3,cricbuzz
90645,2023-24,2024-04-14 12:00,2,NWEST,LIONS,The Wanderers Stadium,ci:594335,Kerwin Mungroo,3.0,16,0,cricbuzz
90645,2023-24,2024-04-14 12:00,2,NWEST,LIONS,The Wanderers Stadium,ci:1072026,Gideon Peters,2.0,20,0,cricbuzz
90645,2023-24,2024-04-14 12:00,2,NWEST,LIONS,The Wanderers Stadium,ci:698321,Ruan de Swardt,1.0,16,0,cricbuzz
90645,2023-24,2024-04-14 12:00,2,NWEST,LIONS,The Wanderers Stadium,ci:595036,Bamanye Xenxe,2.0,19,0,cricbuzz
90645,2023-24,2024-04-14 12:00,2,NWEST,LIONS,The Wanderers Stadium,ci:946365,Caleb Seleka,1.2,15,0,cricbuzz
90641,2023-24,2024-04-14 12:00,1,DOL,WPR,Newlands,ci:698343,Eathan Bosch,2.0,14,1,cricbuzz
90641,2023-24,2024-04-14 12:00,1,DOL,WPR,Newlands,ci:595618,Okuhle Cele,2.0,19,0,cricbuzz
90641,2023-24,2024-04-14 12:00,1,DOL,WPR,Newlands,ci:437438,Subrayen,4.0,18,3,cricbuzz
90641,2023-24,2024-04-14 12:00,1,DOL,WPR,Newlands,cb:10079,Dupavillon,3.0,13,1,cricbuzz
90641,2023-24,2024-04-14 12:00,1,DOL,WPR,Newlands,ci:280490,Smuts,3.0,11,2,cricbuzz
90641,2023-24,2024-04-14 12:00,1,DOL,WPR,Newlands,ci:1070754,Simelane,3.0,12,3,cricbuzz
90641,2023-24,2024-04-14 12:00,2,WPR,DOL,Newlands,ci:550251,Kyle Simmonds,1.0,10,0,cricbuzz
90641,2023-24,2024-04-14 12:00,2,WPR,DOL,Newlands,ci:379927,Beuran Hendricks,4.0,22,1,cricbuzz
90641,2023-24,2024-04-14 12:00,2,WPR,DOL,Newlands,cb:13151,Mthiwekhaya Nabe,2.0,24,0,cricbuzz
90641,2023-24,2024-04-14 12:00,2,WPR,DOL,Newlands,ci:1412823,Wesley Bedja,3.0,26,1,cricbuzz
90641,2023-24,2024-04-14 12:00,2,WPR,DOL,Newlands,cb:14429,Onke Nyaku,1.1,13,0,cricbuzz
90659,2023-24,2024-04-14 16:00,1,BOL,WAR,Boland Park,ci:481803,Glenton Stuurman,3.0,31,1,cricbuzz
90659,2023-24,2024-04-14 16:00,1,BOL,WAR,Boland Park,ci:437506,Imran Manack,4.0,24,0,cricbuzz
90659,2023-24,2024-04-14 16:00,1,BOL,WAR,Boland Park,ci:596537,Mahima,4.0,21,2,cricbuzz
90659,2023-24,2024-04-14 16:00,1,BOL,WAR,Boland Park,ci:549288,Ferisco Adams,2.0,10,1,cricbuzz
90659,2023-24,2024-04-14 16:00,1,BOL,WAR,Boland Park,ci:393289,von Berg,4.0,18,1,cricbuzz
90659,2023-24,2024-04-14 16:00,1,BOL,WAR,Boland Park,ci:222320,Jonker,2.0,21,2,cricbuzz
90659,2023-24,2024-04-14 16:00,1,BOL,WAR,Boland Park,cb:1423931,Adrian du Toit,1.0,2,1,cricbuzz
90659,2023-24,2024-04-14 16:00,2,WAR,BOL,Boland Park,ci:698319,Beyers Swanepoel,4.0,28,2,cricbuzz
90659,2023-24,2024-04-14 16:00,2,WAR,BOL,Boland Park,cb:9714,Siya Simetu,4.0,21,2,cricbuzz
90659,2023-24,2024-04-14 16:00,2,WAR,BOL,Boland Park,ci:688143,Shimane Alfred Mothoa,4.0,29,1,cricbuzz
90659,2023-24,2024-04-14 16:00,2,WAR,BOL,Boland Park,ci:1070726,Liam Alder,4.0,26,0,cricbuzz
90659,2023-24,2024-04-14 16:00,2,WAR,BOL,Boland Park,ci:1124737,Renaldo Meyer,1.0,18,0,cricbuzz
90666,2023-24,2024-04-17 11:00,1,BOL,KZNIN,City Oval,ci:481803,Glenton Stuurman,2.0,14,1,cricbuzz
90666,2023-24,2024-04-17 11:00,1,BOL,KZNIN,City Oval,ci:437506,Imran Manack,4.0,20,2,cricbuzz
90666,2023-24,2024-04-17 11:00,1,BOL,KZNIN,City Oval,cb:9489,Gqamane,2.0,12,1,cricbuzz
90666,2023-24,2024-04-17 11:00,1,BOL,KZNIN,City Oval,ci:596537,Mahima,4.0,17,3,cricbuzz
90666,2023-24,2024-04-17 11:00,1,BOL,KZNIN,City Oval,ci:393289,von Berg,4.0,25,0,cricbuzz
90666,2023-24,2024-04-17 11:00,1,BOL,KZNIN,City Oval,cb:1423931,Adrian du Toit,2.0,8,1,cricbuzz
90666,2023-24,2024-04-17 11:00,1,BOL,KZNIN,City Oval,ci:314991,Mgijima,2.0,22,0,cricbuzz
90666,2023-24,2024-04-17 11:00,2,KZNIN,BOL,City Oval,ci:596800,Keith Dudgeon,2.0,17,0,cricbuzz
90666,2023-24,2024-04-17 11:00,2,KZNIN,BOL,City Oval,ci:543041,Mbulelo Budaza,3.0,15,2,cricbuzz
90666,2023-24,2024-04-17 11:00,2,KZNIN,BOL,City Oval,ci:699719,Smangaliso Nhlebela,4.0,26,0,cricbuzz
90666,2023-24,2024-04-17 11:00,2,KZNIN,BOL,City Oval,ci:695245,Thando Ntini,3.0,24,0,cricbuzz
90666,2023-24,2024-04-17 11:00,2,KZNIN,BOL,City Oval,ci:277797,Kyle Nipper,3.4,20,0,cricbuzz
90666,2023-24,2024-04-17 11:00,2,KZNIN,BOL,City Oval,cb:20348,Kurtlyn Mannikam,2.0,17,1,cricbuzz
90669,2023-24,2024-04-17 16:00,1,WAR,LIONS,St George's Park,ci:698319,Beyers Swanepoel,4.0,36,1,cricbuzz
90669,2023-24,2024-04-17 16:00,1,WAR,LIONS,St George's Park,ci:1070726,Liam Alder,2.0,22,0,cricbuzz
90669,2023-24,2024-04-17 16:00,1,WAR,LIONS,St George's Park,ci:688143,Shimane Mothoa,4.0,26,2,cricbuzz
90669,2023-24,2024-04-17 16:00,1,WAR,LIONS,St George's Park,cb:9714,Simetu,4.0,29,1,cricbuzz
90669,2023-24,2024-04-17 16:00,1,WAR,LIONS,St George's Park,cb:20372,Heerden,4.0,23,4,cricbuzz
90669,2023-24,2024-04-17 16:00,1,WAR,LIONS,St George's Park,ci:1255248,Jordan Hermann,1.0,5,0,cricbuzz
90669,2023-24,2024-04-17 16:00,1,WAR,LIONS,St George's Park,ci:499560,Patrick Kruger,1.0,6,0,cricbuzz
90669,2023-24,2024-04-17 16:00,2,LIONS,WAR,St George's Park,cb:11208,Lutho Sipamla,2.0,19,1,cricbuzz
90669,2023-24,2024-04-17 16:00,2,LIONS,WAR,St George's Park,ci:553249,Bjorn Fortuin,4.0,12,1,cricbuzz
90669,2023-24,2024-04-17 16:00,2,LIONS,WAR,St George's Park,cb:11200,Wiaan Mulder,4.0,14,4,cricbuzz
90669,2023-24,2024-04-17 16:00,2,LIONS,WAR,St George's Park,ci:605681,Evan Jones,3.1,17,2,cricbuzz
90669,2023-24,2024-04-17 16:00,2,LIONS,WAR,St George's Park,cb:13629,Junaid Dawood,4.0,33,1,cricbuzz
90669,2023-24,2024-04-17 16:00,2,LIONS,WAR,St George's Park,ci:946483,Nqaba Peter,2.0,13,0,cricbuzz
90687,2023-24,2024-04-19 16:00,1,NWEST,WAR,North-West University No1 Ground,ci:594335,Mungroo,4.0,29,1,cricbuzz
90687,2023-24,2024-04-19 16:00,1,NWEST,WAR,North-West University No1 Ground,ci:535393,Senuran Muthusamy,4.0,22,1,cricbuzz
90687,2023-24,2024-04-19 16:00,1,NWEST,WAR,North-West University No1 Ground,ci:429886,Wihan Lubbe,1.0,8,0,cricbuzz
90687,2023-24,2024-04-19 16:00,1,NWEST,WAR,North-West University No1 Ground,ci:595954,Duan Jansen,2.0,17,1,cricbuzz
90687,2023-24,2024-04-19 16:00,1,NWEST,WAR,North-West University No1 Ground,ci:1072026,Gideon Peters,4.0,28,3,cricbuzz
90687,2023-24,2024-04-19 16:00,1,NWEST,WAR,North-West University No1 Ground,ci:595036,Bamanye Xenxe,1.0,9,0,cricbuzz
90687,2023-24,2024-04-19 16:00,1,NWEST,WAR,North-West University No1 Ground,ci:946365,Caleb Seleka,4.0,27,1,cricbuzz
90687,2023-24,2024-04-19 16:00,2,WAR,NWEST,North-West University No1 Ground,ci:499560,Patrick Kruger,1.0,1,0,cricbuzz
90687,2023-24,2024-04-19 16:00,2,WAR,NWEST,North-West University No1 Ground,cb:20372,Nealan van Heerden,2.3,41,0,cricbuzz
90687,2023-24,2024-04-19 16:00,2,WAR,NWEST,North-West University No1 Ground,ci:1361874,JP King,4.0,22,1,cricbuzz
90687,2023-24,2024-04-19 16:00,2,WAR,NWEST,North-West University No1 Ground,ci:595283,Sean Whitehead,4.0,22,2,cricbuzz
90687,2023-24,2024-04-19 16:00,2,WAR,NWEST,North-West University No1 Ground,ci:688143,Shimane Alfred Mothoa,4.0,33,0,cricbuzz
90687,2023-24,2024-04-19 16:00,2,WAR,NWEST,North-West University No1 Ground,cb:9714,Siya Simetu,2.0,9,1,cricbuzz
90687,2023-24,2024-04-19 16:00,2,WAR,NWEST,North-West University No1 Ground,ci:1255248,Jordan Hermann,1.0,16,0,cricbuzz
90683,2023-24,2024-04-19 16:00,1,TIT,LIONS,SuperSport Park,ci:221140,Wiese,4.0,22,1,cricbuzz
90683,2023-24,2024-04-19 16:00,1,TIT,LIONS,SuperSport Park,ci:542023,Lungi Ngidi,3.0,26,2,cricbuzz
90683,2023-24,2024-04-19 16:00,1,TIT,LIONS,SuperSport Park,ci:550189,D Galiem,4.0,20,1,cricbuzz
90683,2023-24,2024-04-19 16:00,1,TIT,LIONS,SuperSport Park,ci:594322,Corbin Bosch,4.0,42,2,cricbuzz
90683,2023-24,2024-04-19 16:00,1,TIT,LIONS,SuperSport Park,cb:10173,Shamsi,3.0,27,1,cricbuzz
90683,2023-24,2024-04-19 16:00,1,TIT,LIONS,SuperSport Park,ci:545467,Junior Dala,2.0,15,0,cricbuzz
90683,2023-24,2024-04-19 16:00,2,LIONS,TIT,SuperSport Park,ci:553249,Bjorn Fortuin,2.0,18,0,cricbuzz
90683,2023-24,2024-04-19 16:00,2,LIONS,TIT,SuperSport Park,ci:594235,Tshepo Moreki,3.0,21,0,cricbuzz
90683,2023-24,2024-04-19 16:00,2,LIONS,TIT,SuperSport Park,ci:949461,Codi Yusuf,4.0,25,1,cricbuzz
90683,2023-24,2024-04-19 16:00,2,LIONS,TIT,SuperSport Park,ci:605681,Evan Jones,3.0,33,2,cricbuzz
90683,2023-24,2024-04-19 16:00,2,LIONS,TIT,SuperSport Park,cb:11200,Wiaan Mulder,4.0,24,1,cricbuzz
90683,2023-24,2024-04-19 16:00,2,LIONS,TIT,SuperSport Park,ci:946483,Nqaba Peter,4.0,29,2,cricbuzz
90680,2023-24,2024-04-19 16:00,1,DOL,KZNIN,Kingsmead,ci:437438,Subrayen,4.0,20,1,cricbuzz
90680,2023-24,2024-04-19 16:00,1,DOL,KZNIN,Kingsmead,ci:595618,Okuhle Cele,3.3,13,4,cricbuzz
90680,2023-24,2024-04-19 16:00,1,DOL,KZNIN,Kingsmead,ci:1070754,Simelane,4.0,21,3,cricbuzz
90680,2023-24,2024-04-19 16:00,1,DOL,KZNIN,Kingsmead,ci:1385637,Tristan Luus,4.0,25,1,cricbuzz
90680,2023-24,2024-04-19 16:00,1,DOL,KZNIN,Kingsmead,ci:540316,Phehlukwayo,3.0,18,0,cricbuzz
90680,2023-24,2024-04-19 16:00,2,KZNIN,DOL,Kingsmead,ci:596800,Keith Dudgeon,3.0,22,1,cricbuzz
90680,2023-24,2024-04-19 16:00,2,KZNIN,DOL,Kingsmead,ci:543041,Mbulelo Budaza,0.1,2,0,cricbuzz
90680,2023-24,2024-04-19 16:00,2,KZNIN,DOL,Kingsmead,ci:948605,Mondli Khumalo,2.5,22,0,cricbuzz
90680,2023-24,2024-04-19 16:00,2,KZNIN,DOL,Kingsmead,cb:20348,Kurtlyn Mannikam,4.0,28,0,cricbuzz
90680,2023-24,2024-04-19 16:00,2,KZNIN,DOL,Kingsmead,ci:699719,Smangaliso Nhlebela,4.0,34,1,cricbuzz
90680,2023-24,2024-04-19 16:00,2,KZNIN,DOL,Kingsmead,ci:333879,Michael Erlank,0.1,4,0,cricbuzz
90673,2023-24,2024-04-19 16:00,1,BOL,WPR,Boland Park,ci:481803,Glenton Stuurman,4.0,20,1,cricbuzz
90673,2023-24,2024-04-19 16:00,1,BOL,WPR,Boland Park,ci:437506,Imran Manack,4.0,30,1,cricbuzz
90673,2023-24,2024-04-19 16:00,1,BOL,WPR,Boland Park,cb:9489,Gqamane,4.0,54,0,cricbuzz
90673,2023-24,2024-04-19 16:00,1,BOL,WPR,Boland Park,ci:596537,Mahima,4.0,23,1,cricbuzz
90673,2023-24,2024-04-19 16:00,1,BOL,WPR,Boland Park,ci:549288,Ferisco Adams,3.0,31,1,cricbuzz
90673,2023-24,2024-04-19 16:00,1,BOL,WPR,Boland Park,cb:1423931,Adrian du Toit,1.0,15,0,cricbuzz
90673,2023-24,2024-04-19 16:00,2,WPR,BOL,Boland Park,ci:379927,Beuran Hendricks,4.0,18,3,cricbuzz
90673,2023-24,2024-04-19 16:00,2,WPR,BOL,Boland Park,ci:1412823,Wesley Bedja,3.0,18,1,cricbuzz
90673,2023-24,2024-04-19 16:00,2,WPR,BOL,Boland Park,ci:481875,George Linde,4.0,20,1,cricbuzz
90673,2023-24,2024-04-19 16:00,2,WPR,BOL,Boland Park,ci:550251,Kyle Simmonds,3.4,23,2,cricbuzz
90673,2023-24,2024-04-19 16:00,2,WPR,BOL,Boland Park,cb:14429,Onke Nyaku,3.0,27,3,cricbuzz
90690,2023-24,2024-04-21 11:00,1,LIONS,KZNIN,City Oval,ci:596442,Delano Potgieter,2.0,10,1,cricbuzz
90690,2023-24,2024-04-21 11:00,1,LIONS,KZNIN,City Oval,ci:949461,Codi Yusuf,4.0,43,0,cricbuzz
90690,2023-24,2024-04-21 11:00,1,LIONS,KZNIN,City Oval,cb:11208,Sipamla,4.0,25,2,cricbuzz
90690,2023-24,2024-04-21 11:00,1,LIONS,KZNIN,City Oval,ci:553249,Bjorn Fortuin,4.0,19,2,cricbuzz
90690,2023-24,2024-04-21 11:00,1,LIONS,KZNIN,City Oval,ci:269280,Reeza Hendricks,2.0,19,0,cricbuzz
90690,2023-24,2024-04-21 11:00,1,LIONS,KZNIN,City Oval,ci:946483,Nqaba Peter,4.0,15,3,cricbuzz
90690,2023-24,2024-04-21 11:00,2,KZNIN,LIONS,City Oval,ci:596800,Keith Dudgeon,4.0,11,2,cricbuzz
90690,2023-24,2024-04-21 11:00,2,KZNIN,LIONS,City Oval,ci:695245,Thando Ntini,3.3,45,0,cricbuzz
90690,2023-24,2024-04-21 11:00,2,KZNIN,LIONS,City Oval,ci:948605,Mondli Khumalo,3.0,25,0,cricbuzz
90690,2023-24,2024-04-21 11:00,2,KZNIN,LIONS,City Oval,ci:699719,Smangaliso Nhlebela,4.0,34,1,cricbuzz
90690,2023-24,2024-04-21 11:00,2,KZNIN,LIONS,City Oval,ci:333879,Michael Erlank,2.0,10,0,cricbuzz
90690,2023-24,2024-04-21 11:00,2,KZNIN,LIONS,City Oval,ci:379139,Kagiso Rapulana,1.0,10,0,cricbuzz
90697,2023-24,2024-04-21 12:00,1,TIT,WPR,Newlands,ci:221140,Wiese,3.0,16,0,cricbuzz
90697,2023-24,2024-04-21 12:00,1,TIT,WPR,Newlands,ci:542023,Lungi Ngidi,3.0,23,1,cricbuzz
90697,2023-24,2024-04-21 12:00,1,TIT,WPR,Newlands,ci:550189,D Galiem,2.0,18,0,cricbuzz
90697,2023-24,2024-04-21 12:00,1,TIT,WPR,Newlands,ci:545467,Junior Dala,4.0,13,3,cricbuzz
90697,2023-24,2024-04-21 12:00,1,TIT,WPR,Newlands,cb:10173,Shamsi,4.0,22,1,cricbuzz
90697,2023-24,2024-04-21 12:00,1,TIT,WPR,Newlands,ci:594322,Corbin Bosch,4.0,21,3,cricbuzz
90697,2023-24,2024-04-21 12:00,2,WPR,TIT,Newlands,ci:379927,Beuran Hendricks,3.0,12,0,cricbuzz
90697,2023-24,2024-04-21 12:00,2,WPR,TIT,Newlands,ci:550251,Kyle Simmonds,3.2,33,2,cricbuzz
90697,2023-24,2024-04-21 12:00,2,WPR,TIT,Newlands,ci:1412823,Wesley Bedja,2.2,16,1,cricbuzz
90697,2023-24,2024-04-21 12:00,2,WPR,TIT,Newlands,ci:1337355,Juan James,1.0,17,0,cricbuzz
90697,2023-24,2024-04-21 12:00,2,WPR,TIT,Newlands,cb:14429,Onke Nyaku,2.4,15,1,cricbuzz
90697,2023-24,2024-04-21 12:00,2,WPR,TIT,Newlands,ci:481875,George Linde,1.0,15,0,cricbuzz
90704,2023-24,2024-04-21 12:00,1,DOL,WAR,St George's Park,ci:698343,Eathan Bosch,4.0,18,2,cricbuzz
90704,2023-24,2024-04-21 12:00,1,DOL,WAR,St George's Park,cb:10079,Dupavillon,4.0,20,5,cricbuzz
90704,2023-24,2024-04-21 12:00,1,DOL,WAR,St George's Park,ci:1070754,Simelane,2.0,19,0,cricbuzz
90704,2023-24,2024-04-21 12:00,1,DOL,WAR,St George's Park,ci:280490,Smuts,4.0,28,0,cricbuzz
90704,2023-24,2024-04-21 12:00,1,DOL,WAR,St George's Park,ci:437438,Subrayen,4.0,24,1,cricbuzz
90704,2023-24,2024-04-21 12:00,1,DOL,WAR,St George's Park,ci:540316,Phehlukwayo,2.0,17,0,cricbuzz
90704,2023-24,2024-04-21 12:00,2,WAR,DOL,St George's Park,ci:499560,Patrick Kruger,2.0,20,1,cricbuzz
90704,2023-24,2024-04-21 12:00,2,WAR,DOL,St George's Park,ci:595283,Sean Whitehead,4.0,14,0,cricbuzz
90704,2023-24,2024-04-21 12:00,2,WAR,DOL,St George's Park,cb:9714,Siya Simetu,4.0,35,1,cricbuzz
90704,2023-24,2024-04-21 12:00,2,WAR,DOL,St George's Park,ci:688143,Shimane Alfred Mothoa,2.0,12,0,cricbuzz
90704,2023-24,2024-04-21 12:00,2,WAR,DOL,St George's Park,ci:1361874,JP King,4.0,32,1,cricbuzz
90704,2023-24,2024-04-21 12:00,2,WAR,DOL,St George's Park,cb:20372,Nealan van Heerden,1.2,15,0,cricbuzz
90708,2023-24,2024-04-21 12:00,1,NWEST,BOL,Boland Park,ci:594335,Mungroo,4.0,21,1,cricbuzz
90708,2023-24,2024-04-21 12:00,1,NWEST,BOL,Boland Park,ci:429886,Wihan Lubbe,1.0,5,0,cricbuzz
90708,2023-24,2024-04-21 12:00,1,NWEST,BOL,Boland Park,ci:595954,Duan Jansen,3.0,23,1,cricbuzz
90708,2023-24,2024-04-21 12:00,1,NWEST,BOL,Boland Park,ci:1072026,Gideon Peters,2.0,29,0,cricbuzz
90708,2023-24,2024-04-21 12:00,1,NWEST,BOL,Boland Park,ci:535393,Senuran Muthusamy,4.0,26,0,cricbuzz
90708,2023-24,2024-04-21 12:00,1,NWEST,BOL,Boland Park,ci:946365,Caleb Seleka,4.0,21,2,cricbuzz
90708,2023-24,2024-04-21 12:00,1,NWEST,BOL,Boland Park,ci:595036,Bamanye Xenxe,2.0,11,1,cricbuzz
90708,2023-24,2024-04-21 12:00,2,BOL,NWEST,Boland Park,ci:437506,Imran Manack,4.0,21,0,cricbuzz
90708,2023-24,2024-04-21 12:00,2,BOL,NWEST,Boland Park,ci:596537,Siyabonga Mahima,4.0,27,0,cricbuzz
90708,2023-24,2024-04-21 12:00,2,BOL,NWEST,Boland Park,ci:549288,Ferisco Adams,2.0,32,1,cricbuzz
90708,2023-24,2024-04-21 12:00,2,BOL,NWEST,Boland Park,ci:393289,Shaun von Berg,4.0,21,1,cricbuzz
90708,2023-24,2024-04-21 12:00,2,BOL,NWEST,Boland Park,cb:55748,Jevano Baron,1.0,12,1,cricbuzz
90708,2023-24,2024-04-21 12:00,2,BOL,NWEST,Boland Park,cb:1423931,Adrian du Toit,3.5,24,0,cricbuzz
90708,2023-24,2024-04-21 12:00,2,BOL,NWEST,Boland Park,ci:222320,Christiaan Jonker,1.0,12,0,cricbuzz
90715,2023-24,2024-04-24 16:00,1,LIONS,TIT,New Wanderers No. 1 Oval,cb:11208,Sipamla,2.0,18,0,cricbuzz
90715,2023-24,2024-04-24 16:00,1,LIONS,TIT,New Wanderers No. 1 Oval,ci:949461,Codi Yusuf,4.0,25,2,cricbuzz
90715,2023-24,2024-04-24 16:00,1,LIONS,TIT,New Wanderers No. 1 Oval,ci:553249,Bjorn Fortuin,3.0,21,0,cricbuzz
90715,2023-24,2024-04-24 16:00,1,LIONS,TIT,New Wanderers No. 1 Oval,cb:11200,Wiaan Mulder,3.0,31,1,cricbuzz
90715,2023-24,2024-04-24 16:00,1,LIONS,TIT,New Wanderers No. 1 Oval,ci:946483,Nqaba Peter,4.0,18,4,cricbuzz
90715,2023-24,2024-04-24 16:00,1,LIONS,TIT,New Wanderers No. 1 Oval,ci:605681,Evan Jones,2.0,16,1,cricbuzz
90715,2023-24,2024-04-24 16:00,2,TIT,LIONS,New Wanderers No. 1 Oval,ci:221140,David Wiese,2.0,17,1,cricbuzz
90715,2023-24,2024-04-24 16:00,2,TIT,LIONS,New Wanderers No. 1 Oval,ci:550189,Dayyaan Galiem,3.0,37,0,cricbuzz
90715,2023-24,2024-04-24 16:00,2,TIT,LIONS,New Wanderers No. 1 Oval,ci:542023,Lungi Ngidi,1.0,11,0,cricbuzz
90715,2023-24,2024-04-24 16:00,2,TIT,LIONS,New Wanderers No. 1 Oval,ci:545467,Junior Dala,1.4,15,0,cricbuzz
90715,2023-24,2024-04-24 16:00,2,TIT,LIONS,New Wanderers No. 1 Oval,ci:594322,Corbin Bosch,2.0,26,0,cricbuzz
90715,2023-24,2024-04-24 16:00,2,TIT,LIONS,New Wanderers No. 1 Oval,ci:742489,Neil Brand,4.0,24,1,cricbuzz
90715,2023-24,2024-04-24 16:00,2,TIT,LIONS,New Wanderers No. 1 Oval,cb:10173,Tabraiz Shamsi,1.0,4,0,cricbuzz
90722,2023-24,2024-04-25 16:00,1,DOL,WAR,Kingsmead,ci:698343,Eathan Bosch,4.0,14,1,cricbuzz
90722,2023-24,2024-04-25 16:00,1,DOL,WAR,Kingsmead,cb:10079,Dupavillon,4.0,31,1,cricbuzz
90722,2023-24,2024-04-25 16:00,1,DOL,WAR,Kingsmead,ci:595618,Okuhle Cele,4.0,36,1,cricbuzz
90722,2023-24,2024-04-25 16:00,1,DOL,WAR,Kingsmead,ci:540316,Phehlukwayo,2.0,22,0,cricbuzz
90722,2023-24,2024-04-25 16:00,1,DOL,WAR,Kingsmead,ci:280490,Smuts,4.0,36,1,cricbuzz
90722,2023-24,2024-04-25 16:00,1,DOL,WAR,Kingsmead,ci:437438,Subrayen,2.0,18,0,cricbuzz
90722,2023-24,2024-04-25 16:00,2,WAR,DOL,Kingsmead,ci:698319,Beyers Swanepoel,4.0,40,1,cricbuzz
90722,2023-24,2024-04-25 16:00,2,WAR,DOL,Kingsmead,cb:9714,Siya Simetu,4.0,38,2,cricbuzz
90722,2023-24,2024-04-25 16:00,2,WAR,DOL,Kingsmead,ci:595283,Sean Whitehead,4.0,35,0,cricbuzz
90722,2023-24,2024-04-25 16:00,2,WAR,DOL,Kingsmead,ci:499560,Patrick Kruger,2.0,15,1,cricbuzz
90722,2023-24,2024-04-25 16:00,2,WAR,DOL,Kingsmead,cb:20372,Nealan van Heerden,2.0,25,0,cricbuzz
90722,2023-24,2024-04-25 16:00,2,WAR,DOL,Kingsmead,ci:1361874,JP King,2.0,12,0,cricbuzz
90729,2023-24,2024-04-28 12:00,1,LIONS,DOL,The Wanderers Stadium,ci:949461,Codi Yusuf,4.0,16,2,cricbuzz
90729,2023-24,2024-04-28 12:00,1,LIONS,DOL,The Wanderers Stadium,cb:11200,Wiaan Mulder,3.0,29,0,cricbuzz
90729,2023-24,2024-04-28 12:00,1,LIONS,DOL,The Wanderers Stadium,cb:11208,Sipamla,3.0,28,1,cricbuzz
90729,2023-24,2024-04-28 12:00,1,LIONS,DOL,The Wanderers Stadium,ci:553249,Bjorn Fortuin,4.0,24,2,cricbuzz
90729,2023-24,2024-04-28 12:00,1,LIONS,DOL,The Wanderers Stadium,ci:946483,Nqaba Peter,4.0,42,1,cricbuzz
90729,2023-24,2024-04-28 12:00,1,LIONS,DOL,The Wanderers Stadium,ci:605681,Evan Jones,2.0,19,1,cricbuzz
90729,2023-24,2024-04-28 12:00,2,DOL,LIONS,The Wanderers Stadium,ci:437438,Prenelan Subrayen,2.0,10,0,cricbuzz
90729,2023-24,2024-04-28 12:00,2,DOL,LIONS,The Wanderers Stadium,ci:698343,Eathan Bosch,4.0,41,0,cricbuzz
90729,2023-24,2024-04-28 12:00,2,DOL,LIONS,The Wanderers Stadium,ci:595618,Okuhle Cele,3.0,38,1,cricbuzz
90729,2023-24,2024-04-28 12:00,2,DOL,LIONS,The Wanderers Stadium,cb:10079,Daryn Dupavillon,2.4,40,1,cricbuzz
90729,2023-24,2024-04-28 12:00,2,DOL,LIONS,The Wanderers Stadium,ci:280490,JJ Smuts,4.0,25,0,cricbuzz
90729,2023-24,2024-04-28 12:00,2,DOL,LIONS,The Wanderers Stadium,ci:540316,Andile Phehlukwayo,2.0,14,1,cricbuzz
103384,2024-25,2024-09-27 16:00,1,LIONS,TIT,The Wanderers Stadium,ci:949461,Codi Yusuf,3.0,46,0,cricbuzz
103384,2024-25,2024-09-27 16:00,1,LIONS,TIT,The Wanderers Stadium,ci:1294342,Kwena Maphaka,4.0,31,2,cricbuzz
103384,2024-25,2024-09-27 16:00,1,LIONS,TIT,The Wanderers Stadium,ci:605681,Evan Jones,3.0,41,1,cricbuzz
103384,2024-25,2024-09-27 16:00,1,LIONS,TIT,The Wanderers Stadium,cb:11208,Sipamla,4.0,44,1,cricbuzz
103384,2024-25,2024-09-27 16:00,1,LIONS,TIT,The Wanderers Stadium,cb:13629,Dawood,3.0,48,0,cricbuzz
103384,2024-25,2024-09-27 16:00,1,LIONS,TIT,The Wanderers Stadium,ci:596442,Delano Potgieter,3.0,41,1,cricbuzz
103384,2024-25,2024-09-27 16:00,2,TIT,LIONS,The Wanderers Stadium,cb:1669,Roelof van der Merwe,4.0,28,3,cricbuzz
103384,2024-25,2024-09-27 16:00,2,TIT,LIONS,The Wanderers Stadium,ci:550189,Dayyaan Galiem,4.0,22,3,cricbuzz
103384,2024-25,2024-09-27 16:00,2,TIT,LIONS,The Wanderers Stadium,ci:545467,Junior Dala,4.0,19,0,cricbuzz
103384,2024-25,2024-09-27 16:00,2,TIT,LIONS,The Wanderers Stadium,ci:594322,Corbin Bosch,4.0,26,0,cricbuzz
103384,2024-25,2024-09-27 16:00,2,TIT,LIONS,The Wanderers Stadium,ci:698315,Donovan Ferreira,2.0,17,0,cricbuzz
103384,2024-25,2024-09-27 16:00,2,TIT,LIONS,The Wanderers Stadium,ci:973815,Tsepo Ndwandwa,2.0,23,0,cricbuzz
103393,2024-25,2024-09-28 12:00,1,KNG,NWEST,Mangaung Oval,ci:696471,Dian Forrester,4.0,22,2,cricbuzz
103393,2024-25,2024-09-28 12:00,1,KNG,NWEST,Mangaung Oval,ci:543187,Johan van Dyk,2.0,12,0,cricbuzz
103393,2024-25,2024-09-28 12:00,1,KNG,NWEST,Mangaung Oval,ci:696439,Tiaan van Vuuren,1.0,7,0,cricbuzz
103393,2024-25,2024-09-28 12:00,1,KNG,NWEST,Mangaung Oval,cb:9708,Siboto,4.0,46,2,cricbuzz
103393,2024-25,2024-09-28 12:00,1,KNG,NWEST,Mangaung Oval,ci:379926,D Piedt,3.0,15,0,cricbuzz
103393,2024-25,2024-09-28 12:00,1,KNG,NWEST,Mangaung Oval,cb:7649,Phangiso,3.0,27,0,cricbuzz
103393,2024-25,2024-09-28 12:00,1,KNG,NWEST,Mangaung Oval,ci:276843,Swanepoel,1.0,10,0,cricbuzz
103393,2024-25,2024-09-28 12:00,2,NWEST,KNG,Mangaung Oval,ci:605683,Migael Pretorius,4.0,32,0,cricbuzz
103393,2024-25,2024-09-28 12:00,2,NWEST,KNG,Mangaung Oval,ci:594335,Kerwin Mungroo,4.0,23,1,cricbuzz
103393,2024-25,2024-09-28 12:00,2,NWEST,KNG,Mangaung Oval,ci:595954,Duan Jansen,4.0,30,3,cricbuzz
103393,2024-25,2024-09-28 12:00,2,NWEST,KNG,Mangaung Oval,ci:946365,Caleb Seleka,3.0,24,0,cricbuzz
103393,2024-25,2024-09-28 12:00,2,NWEST,KNG,Mangaung Oval,ci:1070953,Achille Cloete,1.0,10,0,cricbuzz
103393,2024-25,2024-09-28 12:00,2,NWEST,KNG,Mangaung Oval,ci:429886,Wihan Lubbe,2.0,13,0,cricbuzz
103404,2024-25,2024-09-29 12:00,1,WAR,DOL,St George's Park,ci:698319,Beyers Swanepoel,4.0,51,1,cricbuzz
103404,2024-25,2024-09-29 12:00,1,WAR,DOL,St George's Park,ci:1427726,Christopher King,4.0,18,3,cricbuzz
103404,2024-25,2024-09-29 12:00,1,WAR,DOL,St George's Park,ci:1124737,Renaldo Meyer,4.0,26,2,cricbuzz
103404,2024-25,2024-09-29 12:00,1,WAR,DOL,St George's Park,cb:9714,Simetu,2.0,6,0,cricbuzz
103404,2024-25,2024-09-29 12:00,1,WAR,DOL,St George's Park,ci:1176017,Siya Plaatjie,2.0,24,2,cricbuzz
103404,2024-25,2024-09-29 12:00,1,WAR,DOL,St George's Park,ci:535393,Senuran Muthusamy,4.0,30,1,cricbuzz
103404,2024-25,2024-09-29 12:00,2,DOL,WAR,St George's Park,ci:595618,Okuhle Cele,4.0,35,1,cricbuzz
103404,2024-25,2024-09-29 12:00,2,DOL,WAR,St George's Park,ci:698343,Eathan Bosch,3.2,21,1,cricbuzz
103404,2024-25,2024-09-29 12:00,2,DOL,WAR,St George's Park,ci:280490,JJ Smuts,4.0,30,0,cricbuzz
103404,2024-25,2024-09-29 12:00,2,DOL,WAR,St George's Park,ci:1414819,Nqobani Mokoena,2.0,20,0,cricbuzz
103404,2024-25,2024-09-29 12:00,2,DOL,WAR,St George's Park,ci:1385638,Romashan Pillay,3.0,33,1,cricbuzz
103404,2024-25,2024-09-29 12:00,2,DOL,WAR,St George's Park,ci:437438,Prenelan Subrayen,3.0,21,1,cricbuzz
103422,2024-25,2024-10-04 12:00,1,DOL,TIT,Kingsmead,ci:437438,Subrayen,4.0,27,0,cricbuzz
103422,2024-25,2024-10-04 12:00,1,DOL,TIT,Kingsmead,cb:10079,Dupavillon,4.0,51,1,cricbuzz
103422,2024-25,2024-10-04 12:00,1,DOL,TIT,Kingsmead,ci:595618,Okuhle Cele,4.0,45,0,cricbuzz
103422,2024-25,2024-10-04 12:00,1,DOL,TIT,Kingsmead,ci:1070754,Simelane,4.0,46,2,cricbuzz
103422,2024-25,2024-10-04 12:00,1,DOL,TIT,Kingsmead,ci:280490,Smuts,3.0,34,0,cricbuzz
103422,2024-25,2024-10-04 12:00,1,DOL,TIT,Kingsmead,ci:1385638,Romashan Pillay,1.0,5,0,cricbuzz
103422,2024-25,2024-10-04 12:00,2,TIT,DOL,Kingsmead,ci:550189,Dayyaan Galiem,4.0,26,1,cricbuzz
103422,2024-25,2024-10-04 12:00,2,TIT,DOL,Kingsmead,cb:1669,Roelof van der Merwe,4.0,31,4,cricbuzz
103422,2024-25,2024-10-04 12:00,2,TIT,DOL,Kingsmead,ci:545467,Junior Dala,2.0,17,1,cricbuzz
103422,2024-25,2024-10-04 12:00,2,TIT,DOL,Kingsmead,ci:594322,Corbin Bosch,1.0,9,1,cricbuzz
103422,2024-25,2024-10-04 12:00,2,TIT,DOL,Kingsmead,ci:973815,Tsepo Ndwandwa,4.0,34,1,cricbuzz
103422,2024-25,2024-10-04 12:00,2,TIT,DOL,Kingsmead,ci:698315,Donovan Ferreira,4.0,25,1,cricbuzz
103422,2024-25,2024-10-04 12:00,2,TIT,DOL,Kingsmead,ci:1070665,Dewald Brevis,1.0,13,0,cricbuzz
103413,2024-25,2024-10-04 16:00,1,KNG,BOL,Boland Park,ci:696471,Dian Forrester,2.5,30,3,cricbuzz
103413,2024-25,2024-10-04 16:00,1,KNG,BOL,Boland Park,ci:543187,Johan van Dyk,3.0,27,0,cricbuzz
103413,2024-25,2024-10-04 16:00,1,KNG,BOL,Boland Park,ci:594322,Clayton Bosch,2.0,16,2,cricbuzz
103413,2024-25,2024-10-04 16:00,1,KNG,BOL,Boland Park,cb:9708,Siboto,4.0,23,2,cricbuzz
103413,2024-25,2024-10-04 16:00,1,KNG,BOL,Boland Park,cb:7649,Phangiso,4.0,20,1,cricbuzz
103413,2024-25,2024-10-04 16:00,1,KNG,BOL,Boland Park,ci:379926,D Piedt,4.0,18,2,cricbuzz
103413,2024-25,2024-10-04 16:00,2,BOL,KNG,Boland Park,ci:437506,Imran Manack,4.0,11,0,cricbuzz
103413,2024-25,2024-10-04 16:00,2,BOL,KNG,Boland Park,ci:596800,Keith Dudgeon,4.0,23,2,cricbuzz
103413,2024-25,2024-10-04 16:00,2,BOL,KNG,Boland Park,ci:549288,Ferisco Adams,4.0,33,0,cricbuzz
103413,2024-25,2024-10-04 16:00,2,BOL,KNG,Boland Park,ci:393289,Shaun von Berg,3.0,27,1,cricbuzz
103413,2024-25,2024-10-04 16:00,2,BOL,KNG,Boland Park,cb:9489,Ayabulela Gqamane,3.0,30,0,cricbuzz
103413,2024-25,2024-10-04 16:00,2,BOL,KNG,Boland Park,ci:596537,Siyabonga Mahima,2.0,12,1,cricbuzz
103431,2024-25,2024-10-04 16:00,1,WAR,LIONS,The Wanderers Stadium,ci:698319,Beyers Swanepoel,4.0,26,1,cricbuzz
103431,2024-25,2024-10-04 16:00,1,WAR,LIONS,The Wanderers Stadium,ci:1427726,Christopher King,4.0,38,1,cricbuzz
103431,2024-25,2024-10-04 16:00,1,WAR,LIONS,The Wanderers Stadium,cb:9714,Simetu,2.0,28,1,cricbuzz
103431,2024-25,2024-10-04 16:00,1,WAR,LIONS,The Wanderers Stadium,ci:535393,Senuran Muthusamy,2.0,25,0,cricbuzz
103431,2024-25,2024-10-04 16:00,1,WAR,LIONS,The Wanderers Stadium,ci:1176017,Siya Plaatjie,4.0,53,1,cricbuzz
103431,2024-25,2024-10-04 16:00,1,WAR,LIONS,The Wanderers Stadium,ci:499560,Patrick Kruger,4.0,61,0,cricbuzz
103431,2024-25,2024-10-04 16:00,2,LIONS,WAR,The Wanderers Stadium,ci:1294342,Kwena Maphaka,4.0,29,1,cricbuzz
103431,2024-25,2024-10-04 16:00,2,LIONS,WAR,The Wanderers Stadium,ci:594235,Tshepo Moreki,4.0,27,0,cricbuzz
103431,2024-25,2024-10-04 16:00,2,LIONS,WAR,The Wanderers Stadium,cb:11208,Lutho Sipamla,3.0,20,0,cricbuzz
103431,2024-25,2024-10-04 16:00,2,LIONS,WAR,The Wanderers Stadium,cb:13629,Junaid Dawood,4.0,30,5,cricbuzz
103431,2024-25,2024-10-04 16:00,2,LIONS,WAR,The Wanderers Stadium,ci:605681,Evan Jones,3.0,26,0,cricbuzz
103431,2024-25,2024-10-04 16:00,2,LIONS,WAR,The Wanderers Stadium,cb:19057,Mitchell Van Buuren,1.0,27,0,cricbuzz
103431,2024-25,2024-10-04 16:00,2,LIONS,WAR,The Wanderers Stadium,ci:596442,Delano Potgieter,1.0,13,0,cricbuzz
103440,2024-25,2024-10-04 16:00,1,NWEST,WPR,Senwes Park,ci:696401,Marco Jansen,4.0,34,3,cricbuzz
103440,2024-25,2024-10-04 16:00,1,NWEST,WPR,Senwes Park,ci:594335,Mungroo,4.0,22,2,cricbuzz
103440,2024-25,2024-10-04 16:00,1,NWEST,WPR,Senwes Park,ci:595954,Duan Jansen,4.0,24,1,cricbuzz
103440,2024-25,2024-10-04 16:00,1,NWEST,WPR,Senwes Park,ci:1070953,Achille Cloete,2.0,18,0,cricbuzz
103440,2024-25,2024-10-04 16:00,1,NWEST,WPR,Senwes Park,ci:429886,Wihan Lubbe,4.0,28,2,cricbuzz
103440,2024-25,2024-10-04 16:00,1,NWEST,WPR,Senwes Park,ci:946365,Caleb Seleka,2.0,14,1,cricbuzz
103440,2024-25,2024-10-04 16:00,2,WPR,NWEST,Senwes Park,ci:550251,Kyle Simmonds,4.0,27,1,cricbuzz
103440,2024-25,2024-10-04 16:00,2,WPR,NWEST,Senwes Park,ci:379927,Beuran Hendricks,4.0,33,0,cricbuzz
103440,2024-25,2024-10-04 16:00,2,WPR,NWEST,Senwes Park,cb:17026,Mihlali Mpongwana,2.4,18,2,cricbuzz
103440,2024-25,2024-10-04 16:00,2,WPR,NWEST,Senwes Park,ci:1412823,Wesley Bedja,4.0,28,2,cricbuzz
103440,2024-25,2024-10-04 16:00,2,WPR,NWEST,Senwes Park,cb:13151,Mthiwekhaya Nabe,1.0,14,0,cricbuzz
103440,2024-25,2024-10-04 16:00,2,WPR,NWEST,Senwes Park,ci:481875,George Linde,4.0,24,2,cricbuzz
103467,2024-25,2024-10-06 12:00,1,BOL,NWEST,Senwes Park,ci:596537,Mahima,4.0,26,0,cricbuzz
103467,2024-25,2024-10-06 12:00,1,BOL,NWEST,Senwes Park,ci:481803,Glenton Stuurman,4.0,32,2,cricbuzz
103467,2024-25,2024-10-06 12:00,1,BOL,NWEST,Senwes Park,ci:596800,Keith Dudgeon,2.0,24,0,cricbuzz
103467,2024-25,2024-10-06 12:00,1,BOL,NWEST,Senwes Park,ci:549288,Ferisco Adams,2.0,22,0,cricbuzz
103467,2024-25,2024-10-06 12:00,1,BOL,NWEST,Senwes Park,ci:437506,Imran Manack,4.0,27,1,cricbuzz
103467,2024-25,2024-10-06 12:00,1,BOL,NWEST,Senwes Park,cb:9489,Gqamane,4.0,41,1,cricbuzz
103467,2024-25,2024-10-06 12:00,2,NWEST,BOL,Senwes Park,ci:696401,Marco Jansen,4.0,35,1,cricbuzz
103467,2024-25,2024-10-06 12:00,2,NWEST,BOL,Senwes Park,ci:594335,Kerwin Mungroo,4.0,21,1,cricbuzz
103467,2024-25,2024-10-06 12:00,2,NWEST,BOL,Senwes Park,cb:9735,Lesiba Ngoepe,2.0,15,2,cricbuzz
103467,2024-25,2024-10-06 12:00,2,NWEST,BOL,Senwes Park,ci:595954,Duan Jansen,2.0,27,0,cricbuzz
103467,2024-25,2024-10-06 12:00,2,NWEST,BOL,Senwes Park,ci:1070953,Achille Cloete,4.0,33,2,cricbuzz
103467,2024-25,2024-10-06 12:00,2,NWEST,BOL,Senwes Park,ci:946365,Caleb Seleka,4.0,36,1,cricbuzz
103456,2024-25,2024-10-06 12:00,1,DOL,LIONS,The Wanderers Stadium,cb:10079,Dupavillon,4.0,44,1,cricbuzz
103456,2024-25,2024-10-06 12:00,1,DOL,LIONS,The Wanderers Stadium,ci:595618,Okuhle Cele,4.0,16,1,cricbuzz
103456,2024-25,2024-10-06 12:00,1,DOL,LIONS,The Wanderers Stadium,ci:1385638,Romashan Pillay,2.0,16,0,cricbuzz
103456,2024-25,2024-10-06 12:00,1,DOL,LIONS,The Wanderers Stadium,ci:1070754,Simelane,4.0,36,2,cricbuzz
103456,2024-25,2024-10-06 12:00,1,DOL,LIONS,The Wanderers Stadium,ci:280490,Smuts,3.0,19,0,cricbuzz
103456,2024-25,2024-10-06 12:00,1,DOL,LIONS,The Wanderers Stadium,ci:437438,Subrayen,3.0,24,1,cricbuzz
103456,2024-25,2024-10-06 12:00,2,LIONS,DOL,The Wanderers Stadium,ci:1294342,Kwena Maphaka,4.0,24,2,cricbuzz
103456,2024-25,2024-10-06 12:00,2,LIONS,DOL,The Wanderers Stadium,ci:594235,Tshepo Moreki,4.0,39,0,cricbuzz
103456,2024-25,2024-10-06 12:00,2,LIONS,DOL,The Wanderers Stadium,ci:949461,Codi Yusuf,4.0,24,2,cricbuzz
103456,2024-25,2024-10-06 12:00,2,LIONS,DOL,The Wanderers Stadium,cb:13629,Junaid Dawood,4.0,23,3,cricbuzz
103456,2024-25,2024-10-06 12:00,2,LIONS,DOL,The Wanderers Stadium,ci:605681,Evan Jones,4.0,33,1,cricbuzz
103447,2024-25,2024-10-06 12:00,1,WAR,KNG,St George's Park,ci:698319,Beyers Swanepoel,4.0,42,2,cricbuzz
103447,2024-25,2024-10-06 12:00,1,WAR,KNG,St George's Park,ci:1124737,Renaldo Meyer,2.0,20,1,cricbuzz
103447,2024-25,2024-10-06 12:00,1,WAR,KNG,St George's Park,cb:11427,Nortje,4.0,32,0,cricbuzz
103447,2024-25,2024-10-06 12:00,1,WAR,KNG,St George's Park,cb:9714,Simetu,4.0,18,2,cricbuzz
103447,2024-25,2024-10-06 12:00,1,WAR,KNG,St George's Park,ci:535393,Senuran Muthusamy,3.0,28,0,cricbuzz
103447,2024-25,2024-10-06 12:00,1,WAR,KNG,St George's Park,ci:499560,Patrick Kruger,3.0,24,2,cricbuzz
103447,2024-25,2024-10-06 12:00,2,KNG,WAR,St George's Park,ci:594329,Jacques Snyman,2.0,16,0,cricbuzz
103447,2024-25,2024-10-06 12:00,2,KNG,WAR,St George's Park,cb:7649,Aaron Phangiso,4.0,17,2,cricbuzz
103447,2024-25,2024-10-06 12:00,2,KNG,WAR,St George's Park,ci:696471,Dian Forrester,2.0,21,0,cricbuzz
103447,2024-25,2024-10-06 12:00,2,KNG,WAR,St George's Park,ci:696439,Tiaan van Vuuren,4.0,29,0,cricbuzz
103447,2024-25,2024-10-06 12:00,2,KNG,WAR,St George's Park,cb:9708,Malusi Siboto,4.0,28,4,cricbuzz
103447,2024-25,2024-10-06 12:00,2,KNG,WAR,St George's Park,ci:596392,Sithembile Langa,2.0,19,0,cricbuzz
103447,2024-25,2024-10-06 12:00,2,KNG,WAR,St George's Park,ci:379926,Dane Piedt,2.0,17,0,cricbuzz
103458,2024-25,2024-10-06 14:00,1,WPR,TIT,SuperSport Park,ci:550251,Kyle Simmonds,4.0,26,0,cricbuzz
103458,2024-25,2024-10-06 14:00,1,WPR,TIT,SuperSport Park,cb:17026,Mpongwana,2.0,14,2,cricbuzz
103458,2024-25,2024-10-06 14:00,1,WPR,TIT,SuperSport Park,ci:1412823,Wesley Bedja,4.0,22,2,cricbuzz
103458,2024-25,2024-10-06 14:00,1,WPR,TIT,SuperSport Park,ci:379927,B Hendricks,4.0,39,0,cricbuzz
103458,2024-25,2024-10-06 14:00,1,WPR,TIT,SuperSport Park,ci:481875,George Linde,4.0,23,2,cricbuzz
103458,2024-25,2024-10-06 14:00,1,WPR,TIT,SuperSport Park,cb:13151,Nabe,2.0,16,0,cricbuzz
103458,2024-25,2024-10-06 14:00,2,TIT,WPR,SuperSport Park,ci:550189,Dayyaan Galiem,3.4,27,0,cricbuzz
103458,2024-25,2024-10-06 14:00,2,TIT,WPR,SuperSport Park,ci:545467,Junior Dala,3.0,24,1,cricbuzz
103458,2024-25,2024-10-06 14:00,2,TIT,WPR,SuperSport Park,ci:594322,Corbin Bosch,3.0,23,2,cricbuzz
103458,2024-25,2024-10-06 14:00,2,TIT,WPR,SuperSport Park,cb:1669,Roelof van der Merwe,3.0,25,0,cricbuzz
103458,2024-25,2024-10-06 14:00,2,TIT,WPR,SuperSport Park,ci:698315,Donovan Ferreira,1.0,18,0,cricbuzz
103458,2024-25,2024-10-06 14:00,2,TIT,WPR,SuperSport Park,ci:973815,Tsepo Ndwandwa,2.0,25,0,cricbuzz
103474,2024-25,2024-10-09 16:00,1,WAR,WPR,Newlands,ci:698319,Beyers Swanepoel,4.0,15,2,cricbuzz
103474,2024-25,2024-10-09 16:00,1,WAR,WPR,Newlands,ci:1427726,Christopher King,4.0,27,3,cricbuzz
103474,2024-25,2024-10-09 16:00,1,WAR,WPR,Newlands,ci:499560,Patrick Kruger,4.0,56,0,cricbuzz
103474,2024-25,2024-10-09 16:00,1,WAR,WPR,Newlands,cb:9714,Simetu,3.0,11,0,cricbuzz
103474,2024-25,2024-10-09 16:00,1,WAR,WPR,Newlands,ci:688143,Shimane Mothoa,4.0,30,2,cricbuzz
103474,2024-25,2024-10-09 16:00,1,WAR,WPR,Newlands,ci:595978,Tristan Stubbs,1.0,5,0,cricbuzz
103474,2024-25,2024-10-09 16:00,2,WPR,WAR,Newlands,ci:379927,Beuran Hendricks,3.4,24,0,cricbuzz
103474,2024-25,2024-10-09 16:00,2,WPR,WAR,Newlands,cb:17026,Mihlali Mpongwana,3.0,23,2,cricbuzz
103474,2024-25,2024-10-09 16:00,2,WPR,WAR,Newlands,ci:1412823,Wesley Bedja,4.0,13,1,cricbuzz
103474,2024-25,2024-10-09 16:00,2,WPR,WAR,Newlands,cb:13151,Mthiwekhaya Nabe,2.0,23,0,cricbuzz
103474,2024-25,2024-10-09 16:00,2,WPR,WAR,Newlands,ci:550251,Kyle Simmonds,1.0,21,0,cricbuzz
103474,2024-25,2024-10-09 16:00,2,WPR,WAR,Newlands,ci:696587,Jonathan Bird,2.0,20,0,cricbuzz
103474,2024-25,2024-10-09 16:00,2,WPR,WAR,Newlands,ci:481875,George Linde,2.0,19,1,cricbuzz
103476,2024-25,2024-10-09 16:00,1,DOL,NWEST,Kingsmead,ci:267724,Maharaj,4.0,27,0,cricbuzz
103476,2024-25,2024-10-09 16:00,1,DOL,NWEST,Kingsmead,ci:280490,Smuts,2.0,9,1,cricbuzz
103476,2024-25,2024-10-09 16:00,1,DOL,NWEST,Kingsmead,cb:10079,Dupavillon,2.0,18,1,cricbuzz
103476,2024-25,2024-10-09 16:00,1,DOL,NWEST,Kingsmead,ci:437438,Subrayen,4.0,31,0,cricbuzz
103476,2024-25,2024-10-09 16:00,1,DOL,NWEST,Kingsmead,ci:595618,Okuhle Cele,4.0,31,1,cricbuzz
103476,2024-25,2024-10-09 16:00,1,DOL,NWEST,Kingsmead,ci:1070754,Simelane,4.0,19,4,cricbuzz
103476,2024-25,2024-10-09 16:00,2,NWEST,DOL,Kingsmead,ci:594335,Kerwin Mungroo,4.0,29,3,cricbuzz
103476,2024-25,2024-10-09 16:00,2,NWEST,DOL,Kingsmead,ci:605683,Migael Pretorius,3.5,10,2,cricbuzz
103476,2024-25,2024-10-09 16:00,2,NWEST,DOL,Kingsmead,ci:595036,Bamanye Xenxe,4.0,25,4,cricbuzz
103476,2024-25,2024-10-09 16:00,2,NWEST,DOL,Kingsmead,ci:1070953,Achille Cloete,1.0,6,0,cricbuzz
103476,2024-25,2024-10-09 16:00,2,NWEST,DOL,Kingsmead,ci:698321,Ruan de Swardt,1.0,12,0,cricbuzz
103476,2024-25,2024-10-09 16:00,2,NWEST,DOL,Kingsmead,ci:946365,Caleb Seleka,3.0,9,1,cricbuzz
103485,2024-25,2024-10-09 16:00,1,KNG,LIONS,Mangaung Oval,ci:594329,Snyman,1.0,9,0,cricbuzz
103485,2024-25,2024-10-09 16:00,1,KNG,LIONS,Mangaung Oval,cb:7649,Phangiso,4.0,26,3,cricbuzz
103485,2024-25,2024-10-09 16:00,1,KNG,LIONS,Mangaung Oval,ci:696439,Tiaan van Vuuren,3.0,27,0,cricbuzz
103485,2024-25,2024-10-09 16:00,1,KNG,LIONS,Mangaung Oval,ci:696471,Dian Forrester,1.0,9,0,cricbuzz
103485,2024-25,2024-10-09 16:00,1,KNG,LIONS,Mangaung Oval,ci:596392,S Langa,4.0,24,2,cricbuzz
103485,2024-25,2024-10-09 16:00,1,KNG,LIONS,Mangaung Oval,cb:9708,Siboto,4.0,26,2,cricbuzz
103485,2024-25,2024-10-09 16:00,1,KNG,LIONS,Mangaung Oval,ci:379926,D Piedt,3.0,21,0,cricbuzz
103485,2024-25,2024-10-09 16:00,2,LIONS,KNG,Mangaung Oval,ci:949461,Codi Yusuf,3.0,13,2,cricbuzz
103485,2024-25,2024-10-09 16:00,2,LIONS,KNG,Mangaung Oval,ci:594235,Tshepo Moreki,3.0,20,1,cricbuzz
103485,2024-25,2024-10-09 16:00,2,LIONS,KNG,Mangaung Oval,ci:605681,Evan Jones,3.0,14,2,cricbuzz
103485,2024-25,2024-10-09 16:00,2,LIONS,KNG,Mangaung Oval,cb:11208,Lutho Sipamla,2.5,14,1,cricbuzz
103485,2024-25,2024-10-09 16:00,2,LIONS,KNG,Mangaung Oval,ci:596442,Delano Potgieter,2.0,11,0,cricbuzz
103485,2024-25,2024-10-09 16:00,2,LIONS,KNG,Mangaung Oval,cb:13629,Junaid Dawood,4.0,21,2,cricbuzz
103492,2024-25,2024-10-09 16:00,1,BOL,TIT,SuperSport Park,ci:481803,Glenton Stuurman,3.0,27,0,cricbuzz
103492,2024-25,2024-10-09 16:00,1,BOL,TIT,SuperSport Park,ci:596800,Keith Dudgeon,3.0,38,1,cricbuzz
103492,2024-25,2024-10-09 16:00,1,BOL,TIT,SuperSport Park,ci:437506,Imran Manack,3.0,33,1,cricbuzz
103492,2024-25,2024-10-09 16:00,1,BOL,TIT,SuperSport Park,ci:549288,Ferisco Adams,1.1,2,2,cricbuzz
103492,2024-25,2024-10-09 16:00,1,BOL,TIT,SuperSport Park,ci:595882,Akhona Mnyaka,3.0,29,0,cricbuzz
103492,2024-25,2024-10-09 16:00,1,BOL,TIT,SuperSport Park,cb:9489,Gqamane,1.5,39,0,cricbuzz
103492,2024-25,2024-10-09 16:00,2,TIT,BOL,SuperSport Park,ci:550189,Dayyaan Galiem,3.0,7,3,cricbuzz
103492,2024-25,2024-10-09 16:00,2,TIT,BOL,SuperSport Park,ci:1070739,Matthew Boast,3.0,23,1,cricbuzz
103492,2024-25,2024-10-09 16:00,2,TIT,BOL,SuperSport Park,ci:594322,Corbin Bosch,2.2,16,1,cricbuzz
103492,2024-25,2024-10-09 16:00,2,TIT,BOL,SuperSport Park,ci:973815,Tsepo Ndwandwa,2.0,20,1,cricbuzz
103492,2024-25,2024-10-09 16:00,2,TIT,BOL,SuperSport Park,ci:540316,Andile Phehlukwayo,3.0,7,2,cricbuzz
103501,2024-25,2024-10-12 12:00,1,LIONS,BOL,Boland Park,ci:596442,Delano Potgieter,2.0,12,0,cricbuzz
103501,2024-25,2024-10-12 12:00,1,LIONS,BOL,Boland Park,ci:553249,Bjorn Fortuin,4.0,22,0,cricbuzz
103501,2024-25,2024-10-12 12:00,1,LIONS,BOL,Boland Park,cb:11208,Sipamla,3.0,19,2,cricbuzz
103501,2024-25,2024-10-12 12:00,1,LIONS,BOL,Boland Park,ci:605681,Evan Jones,3.0,24,1,cricbuzz
103501,2024-25,2024-10-12 12:00,1,LIONS,BOL,Boland Park,ci:946483,Nqaba Peter,4.0,28,1,cricbuzz
103501,2024-25,2024-10-12 12:00,1,LIONS,BOL,Boland Park,cb:13629,Dawood,4.0,21,3,cricbuzz
103501,2024-25,2024-10-12 12:00,2,BOL,LIONS,Boland Park,ci:596800,Keith Dudgeon,4.0,18,2,cricbuzz
103501,2024-25,2024-10-12 12:00,2,BOL,LIONS,Boland Park,ci:481803,Glenton Stuurman,4.0,37,1,cricbuzz
103501,2024-25,2024-10-12 12:00,2,BOL,LIONS,Boland Park,ci:596537,Siyabonga Mahima,4.0,21,0,cricbuzz
103501,2024-25,2024-10-12 12:00,2,BOL,LIONS,Boland Park,ci:393289,Shaun von Berg,4.0,27,0,cricbuzz
103501,2024-25,2024-10-12 12:00,2,BOL,LIONS,Boland Park,ci:437506,Imran Manack,3.4,29,1,cricbuzz
103510,2024-25,2024-10-12 16:00,1,NWEST,WAR,St George's Park,ci:605683,Migael Pretorius,4.0,32,2,cricbuzz
103510,2024-25,2024-10-12 16:00,1,NWEST,WAR,St George's Park,ci:594335,Mungroo,4.0,54,2,cricbuzz
103510,2024-25,2024-10-12 16:00,1,NWEST,WAR,St George's Park,ci:429886,Wihan Lubbe,2.0,24,0,cricbuzz
103510,2024-25,2024-10-12 16:00,1,NWEST,WAR,St George's Park,ci:1070953,Achille Cloete,2.0,28,0,cricbuzz
103510,2024-25,2024-10-12 16:00,1,NWEST,WAR,St George's Park,ci:595036,Bamanye Xenxe,2.0,24,0,cricbuzz
103510,2024-25,2024-10-12 16:00,1,NWEST,WAR,St George's Park,ci:698321,Ruan de Swardt,2.0,26,0,cricbuzz
103510,2024-25,2024-10-12 16:00,1,NWEST,WAR,St George's Park,ci:946365,Caleb Seleka,4.0,33,1,cricbuzz
103510,2024-25,2024-10-12 16:00,2,WAR,NWEST,St George's Park,ci:1427726,Christopher King,2.0,21,0,cricbuzz
103510,2024-25,2024-10-12 16:00,2,WAR,NWEST,St George's Park,cb:11427,Anrich Nortje,4.0,36,0,cricbuzz
103510,2024-25,2024-10-12 16:00,2,WAR,NWEST,St George's Park,cb:9823,Duanne Olivier,4.0,42,1,cricbuzz
103510,2024-25,2024-10-12 16:00,2,WAR,NWEST,St George's Park,ci:688143,Shimane Alfred Mothoa,3.0,39,1,cricbuzz
103510,2024-25,2024-10-12 16:00,2,WAR,NWEST,St George's Park,cb:9714,Siya Simetu,2.0,18,0,cricbuzz
103510,2024-25,2024-10-12 16:00,2,WAR,NWEST,St George's Park,ci:1361874,JP King,4.0,30,1,cricbuzz
103510,2024-25,2024-10-12 16:00,2,WAR,NWEST,St George's Park,ci:499560,Patrick Kruger,1.0,12,0,cricbuzz
103512,2024-25,2024-10-13 12:00,1,DOL,WPR,Kingsmead,ci:437438,Subrayen,4.0,32,0,cricbuzz
103512,2024-25,2024-10-13 12:00,1,DOL,WPR,Kingsmead,ci:595618,Okuhle Cele,4.0,29,2,cricbuzz
103512,2024-25,2024-10-13 12:00,1,DOL,WPR,Kingsmead,ci:1070754,Simelane,4.0,44,3,cricbuzz
103512,2024-25,2024-10-13 12:00,1,DOL,WPR,Kingsmead,ci:535353,Ottneil Baartman,4.0,33,0,cricbuzz
103512,2024-25,2024-10-13 12:00,1,DOL,WPR,Kingsmead,ci:498582,J Smith,3.0,19,0,cricbuzz
103512,2024-25,2024-10-13 12:00,1,DOL,WPR,Kingsmead,ci:1071000,Bryce Parsons,1.0,9,0,cricbuzz
103512,2024-25,2024-10-13 12:00,2,WPR,DOL,Kingsmead,ci:550251,Kyle Simmonds,4.0,21,2,cricbuzz
103512,2024-25,2024-10-13 12:00,2,WPR,DOL,Kingsmead,ci:379927,Beuran Hendricks,3.0,37,0,cricbuzz
103512,2024-25,2024-10-13 12:00,2,WPR,DOL,Kingsmead,cb:17026,Mihlali Mpongwana,3.0,26,3,cricbuzz
103512,2024-25,2024-10-13 12:00,2,WPR,DOL,Kingsmead,ci:1412823,Wesley Bedja,4.0,46,0,cricbuzz
103512,2024-25,2024-10-13 12:00,2,WPR,DOL,Kingsmead,ci:481875,George Linde,2.0,17,0,cricbuzz
103512,2024-25,2024-10-13 12:00,2,WPR,DOL,Kingsmead,cb:13151,Mthiwekhaya Nabe,1.0,12,0,cricbuzz
103512,2024-25,2024-10-13 12:00,2,WPR,DOL,Kingsmead,ci:696587,Jonathan Bird,2.0,10,1,cricbuzz
103521,2024-25,2024-10-13 12:00,1,TIT,KNG,SuperSport Park,ci:550189,D Galiem,4.0,61,1,cricbuzz
103521,2024-25,2024-10-13 12:00,1,TIT,KNG,SuperSport Park,ci:596010,Gerald Coetzee,4.0,37,2,cricbuzz
103521,2024-25,2024-10-13 12:00,1,TIT,KNG,SuperSport Park,ci:973815,Tsepo Ndwandwa,2.0,29,0,cricbuzz
103521,2024-25,2024-10-13 12:00,1,TIT,KNG,SuperSport Park,ci:594322,Corbin Bosch,4.0,35,1,cricbuzz
103521,2024-25,2024-10-13 12:00,1,TIT,KNG,SuperSport Park,ci:698315,Donovan Ferreira,3.0,32,0,cricbuzz
103521,2024-25,2024-10-13 12:00,1,TIT,KNG,SuperSport Park,ci:1455133,Letsholo Selemela,2.0,25,1,cricbuzz
103521,2024-25,2024-10-13 12:00,1,TIT,KNG,SuperSport Park,cb:9801,Makhanya,1.0,3,1,cricbuzz
103521,2024-25,2024-10-13 12:00,2,KNG,TIT,SuperSport Park,ci:594329,Jacques Snyman,1.0,11,0,cricbuzz
103521,2024-25,2024-10-13 12:00,2,KNG,TIT,SuperSport Park,ci:543187,Johannes van Dyk,4.0,37,0,cricbuzz
103521,2024-25,2024-10-13 12:00,2,KNG,TIT,SuperSport Park,ci:696439,Tiaan van Vuuren,4.0,28,1,cricbuzz
103521,2024-25,2024-10-13 12:00,2,KNG,TIT,SuperSport Park,cb:7649,Aaron Phangiso,3.0,22,2,cricbuzz
103521,2024-25,2024-10-13 12:00,2,KNG,TIT,SuperSport Park,cb:9708,Malusi Siboto,4.0,46,2,cricbuzz
103521,2024-25,2024-10-13 12:00,2,KNG,TIT,SuperSport Park,ci:596392,Sithembile Langa,4.0,47,1,cricbuzz
103528,2024-25,2024-10-16 16:00,1,WAR,BOL,Boland Park,ci:698319,Beyers Swanepoel,4.0,51,0,cricbuzz
103528,2024-25,2024-10-16 16:00,1,WAR,BOL,Boland Park,cb:9714,Simetu,4.0,19,1,cricbuzz
103528,2024-25,2024-10-16 16:00,1,WAR,BOL,Boland Park,ci:688143,Shimane Mothoa,4.0,34,1,cricbuzz
103528,2024-25,2024-10-16 16:00,1,WAR,BOL,Boland Park,ci:499560,Patrick Kruger,3.0,31,1,cricbuzz
103528,2024-25,2024-10-16 16:00,1,WAR,BOL,Boland Park,ci:1070726,Liam Alder,4.0,24,2,cricbuzz
103528,2024-25,2024-10-16 16:00,1,WAR,BOL,Boland Park,ci:1361874,JP King,1.0,12,0,cricbuzz
103528,2024-25,2024-10-16 16:00,2,BOL,WAR,Boland Park,ci:596800,Keith Dudgeon,4.0,27,1,cricbuzz
103528,2024-25,2024-10-16 16:00,2,BOL,WAR,Boland Park,ci:481803,Glenton Stuurman,4.0,33,5,cricbuzz
103528,2024-25,2024-10-16 16:00,2,BOL,WAR,Boland Park,ci:437506,Imran Manack,3.0,17,0,cricbuzz
103528,2024-25,2024-10-16 16:00,2,BOL,WAR,Boland Park,ci:393289,Shaun von Berg,3.0,23,0,cricbuzz
103528,2024-25,2024-10-16 16:00,2,BOL,WAR,Boland Park,ci:596537,Siyabonga Mahima,2.0,17,0,cricbuzz
103528,2024-25,2024-10-16 16:00,2,BOL,WAR,Boland Park,cb:9489,Ayabulela Gqamane,3.5,36,3,cricbuzz
103530,2024-25,2024-10-16 16:00,1,DOL,KNG,Mangaung Oval,ci:595618,Okuhle Cele,3.0,34,2,cricbuzz
103530,2024-25,2024-10-16 16:00,1,DOL,KNG,Mangaung Oval,ci:280490,Smuts,4.0,27,0,cricbuzz
103530,2024-25,2024-10-16 16:00,1,DOL,KNG,Mangaung Oval,ci:535353,Ottneil Baartman,4.0,35,2,cricbuzz
103530,2024-25,2024-10-16 16:00,1,DOL,KNG,Mangaung Oval,ci:1070754,Simelane,1.0,15,0,cricbuzz
103530,2024-25,2024-10-16 16:00,1,DOL,KNG,Mangaung Oval,ci:437438,Subrayen,4.0,21,0,cricbuzz
103530,2024-25,2024-10-16 16:00,1,DOL,KNG,Mangaung Oval,ci:498582,J Smith,4.0,21,3,cricbuzz
103530,2024-25,2024-10-16 16:00,2,KNG,DOL,Mangaung Oval,ci:594329,Jacques Snyman,1.0,7,0,cricbuzz
103530,2024-25,2024-10-16 16:00,2,KNG,DOL,Mangaung Oval,ci:543187,Johannes van Dyk,3.0,25,1,cricbuzz
103530,2024-25,2024-10-16 16:00,2,KNG,DOL,Mangaung Oval,ci:696439,Tiaan van Vuuren,3.0,32,0,cricbuzz
103530,2024-25,2024-10-16 16:00,2,KNG,DOL,Mangaung Oval,ci:596392,Sithembile Langa,3.3,34,2,cricbuzz
103530,2024-25,2024-10-16 16:00,2,KNG,DOL,Mangaung Oval,ci:276843,Aubrey Swanepoel,2.0,13,0,cricbuzz
103530,2024-25,2024-10-16 16:00,2,KNG,DOL,Mangaung Oval,cb:9708,Malusi Siboto,2.0,23,0,cricbuzz
103530,2024-25,2024-10-16 16:00,2,KNG,DOL,Mangaung Oval,cb:7649,Aaron Phangiso,4.0,22,0,cricbuzz
103539,2024-25,2024-10-16 16:00,1,WPR,LIONS,The Wanderers Stadium,ci:379927,B Hendricks,4.0,27,1,cricbuzz
103539,2024-25,2024-10-16 16:00,1,WPR,LIONS,The Wanderers Stadium,ci:550251,Kyle Simmonds,2.0,14,0,cricbuzz
103539,2024-25,2024-10-16 16:00,1,WPR,LIONS,The Wanderers Stadium,cb:17026,Mpongwana,4.0,29,1,cricbuzz
103539,2024-25,2024-10-16 16:00,1,WPR,LIONS,The Wanderers Stadium,ci:1412823,Wesley Bedja,4.0,33,1,cricbuzz
103539,2024-25,2024-10-16 16:00,1,WPR,LIONS,The Wanderers Stadium,ci:481875,George Linde,3.0,16,1,cricbuzz
103539,2024-25,2024-10-16 16:00,1,WPR,LIONS,The Wanderers Stadium,cb:13151,Nabe,3.0,24,2,cricbuzz
103539,2024-25,2024-10-16 16:00,2,LIONS,WPR,The Wanderers Stadium,ci:949461,Codi Yusuf,4.0,40,1,cricbuzz
103539,2024-25,2024-10-16 16:00,2,LIONS,WPR,The Wanderers Stadium,ci:1294342,Kwena Maphaka,3.3,28,1,cricbuzz
103539,2024-25,2024-10-16 16:00,2,LIONS,WPR,The Wanderers Stadium,ci:605681,Evan Jones,4.0,39,0,cricbuzz
103539,2024-25,2024-10-16 16:00,2,LIONS,WPR,The Wanderers Stadium,ci:596442,Delano Potgieter,3.0,4,2,cricbuzz
103539,2024-25,2024-10-16 16:00,2,LIONS,WPR,The Wanderers Stadium,ci:553249,Bjorn Fortuin,3.0,21,0,cricbuzz
103539,2024-25,2024-10-16 16:00,2,LIONS,WPR,The Wanderers Stadium,ci:946483,Nqaba Peter,2.0,11,1,cricbuzz
103555,2024-25,2024-10-18 16:00,1,WPR,KNG,Newlands,ci:379927,B Hendricks,4.0,28,2,cricbuzz
103555,2024-25,2024-10-18 16:00,1,WPR,KNG,Newlands,ci:550251,Kyle Simmonds,4.0,19,1,cricbuzz
103555,2024-25,2024-10-18 16:00,1,WPR,KNG,Newlands,cb:17026,Mpongwana,2.0,22,0,cricbuzz
103555,2024-25,2024-10-18 16:00,1,WPR,KNG,Newlands,ci:1412823,Wesley Bedja,4.0,34,2,cricbuzz
103555,2024-25,2024-10-18 16:00,1,WPR,KNG,Newlands,ci:481875,George Linde,4.0,33,0,cricbuzz
103555,2024-25,2024-10-18 16:00,1,WPR,KNG,Newlands,cb:13151,Nabe,2.0,15,1,cricbuzz
103555,2024-25,2024-10-18 16:00,2,KNG,WPR,Newlands,ci:594329,Jacques Snyman,4.0,26,0,cricbuzz
103555,2024-25,2024-10-18 16:00,2,KNG,WPR,Newlands,ci:696439,Tiaan van Vuuren,1.0,14,0,cricbuzz
103555,2024-25,2024-10-18 16:00,2,KNG,WPR,Newlands,ci:596392,Sithembile Langa,2.5,25,1,cricbuzz
103555,2024-25,2024-10-18 16:00,2,KNG,WPR,Newlands,ci:696471,Dian Forrester,1.0,8,0,cricbuzz
103555,2024-25,2024-10-18 16:00,2,KNG,WPR,Newlands,cb:9708,Malusi Siboto,1.0,14,0,cricbuzz
103555,2024-25,2024-10-18 16:00,2,KNG,WPR,Newlands,cb:7649,Aaron Phangiso,4.0,24,0,cricbuzz
103555,2024-25,2024-10-18 16:00,2,KNG,WPR,Newlands,ci:276843,Aubrey Swanepoel,2.0,17,0,cricbuzz
103555,2024-25,2024-10-18 16:00,2,KNG,WPR,Newlands,cb:51098,Seth Flerdermaus,3.0,32,2,cricbuzz
103564,2024-25,2024-10-19 12:00,1,NWEST,LIONS,Senwes Park,ci:696401,Marco Jansen,4.0,32,0,cricbuzz
103564,2024-25,2024-10-19 12:00,1,NWEST,LIONS,Senwes Park,ci:605683,Migael Pretorius,4.0,28,1,cricbuzz
103564,2024-25,2024-10-19 12:00,1,NWEST,LIONS,Senwes Park,ci:594335,Mungroo,4.0,39,1,cricbuzz
103564,2024-25,2024-10-19 12:00,1,NWEST,LIONS,Senwes Park,ci:1070953,Achille Cloete,2.0,23,0,cricbuzz
103564,2024-25,2024-10-19 12:00,1,NWEST,LIONS,Senwes Park,ci:946365,Caleb Seleka,4.0,24,0,cricbuzz
103564,2024-25,2024-10-19 12:00,1,NWEST,LIONS,Senwes Park,cb:9735,Ngoepe,2.0,24,1,cricbuzz
103564,2024-25,2024-10-19 12:00,2,LIONS,NWEST,Senwes Park,ci:553249,Bjorn Fortuin,3.0,25,0,cricbuzz
103564,2024-25,2024-10-19 12:00,2,LIONS,NWEST,Senwes Park,ci:1294342,Kwena Maphaka,4.0,28,2,cricbuzz
103564,2024-25,2024-10-19 12:00,2,LIONS,NWEST,Senwes Park,ci:594235,Tshepo Moreki,4.0,38,2,cricbuzz
103564,2024-25,2024-10-19 12:00,2,LIONS,NWEST,Senwes Park,ci:269280,Reeza Hendricks,2.0,10,0,cricbuzz
103564,2024-25,2024-10-19 12:00,2,LIONS,NWEST,Senwes Park,ci:605681,Evan Jones,3.0,31,0,cricbuzz
103564,2024-25,2024-10-19 12:00,2,LIONS,NWEST,Senwes Park,ci:946483,Nqaba Peter,3.0,19,0,cricbuzz
103564,2024-25,2024-10-19 12:00,2,LIONS,NWEST,Senwes Park,ci:596442,Delano Potgieter,1.0,12,0,cricbuzz
103566,2024-25,2024-10-19 16:00,1,TIT,WAR,St George's Park,ci:550189,D Galiem,4.0,28,1,cricbuzz
103566,2024-25,2024-10-19 16:00,1,TIT,WAR,St George's Park,ci:594322,Corbin Bosch,4.0,42,1,cricbuzz
103566,2024-25,2024-10-19 16:00,1,TIT,WAR,St George's Park,ci:545467,Junior Dala,2.0,49,1,cricbuzz
103566,2024-25,2024-10-19 16:00,1,TIT,WAR,St George's Park,cb:1669,van der Merwe,4.0,16,0,cricbuzz
103566,2024-25,2024-10-19 16:00,1,TIT,WAR,St George's Park,cb:10173,Shamsi,2.0,23,2,cricbuzz
103566,2024-25,2024-10-19 16:00,1,TIT,WAR,St George's Park,ci:540316,Phehlukwayo,4.0,20,0,cricbuzz
103566,2024-25,2024-10-19 16:00,2,WAR,TIT,St George's Park,cb:11427,Anrich Nortje,4.0,46,1,cricbuzz
103566,2024-25,2024-10-19 16:00,2,WAR,TIT,St George's Park,cb:9714,Siya Simetu,3.0,27,0,cricbuzz
103566,2024-25,2024-10-19 16:00,2,WAR,TIT,St George's Park,ci:1427726,Christopher King,3.2,30,0,cricbuzz
103566,2024-25,2024-10-19 16:00,2,WAR,TIT,St George's Park,ci:688143,Shimane Alfred Mothoa,4.0,47,1,cricbuzz
103566,2024-25,2024-10-19 16:00,2,WAR,TIT,St George's Park,ci:1361874,JP King,2.0,23,1,cricbuzz
103575,2024-25,2024-10-19 16:00,1,DOL,BOL,Kingsmead,ci:280490,Smuts,4.0,32,1,cricbuzz
103575,2024-25,2024-10-19 16:00,1,DOL,BOL,Kingsmead,ci:595618,Okuhle Cele,3.0,21,0,cricbuzz
103575,2024-25,2024-10-19 16:00,1,DOL,BOL,Kingsmead,ci:1070754,Simelane,1.0,11,1,cricbuzz
103575,2024-25,2024-10-19 16:00,1,DOL,BOL,Kingsmead,ci:437438,Subrayen,2.0,13,1,cricbuzz
103575,2024-25,2024-10-19 16:00,1,DOL,BOL,Kingsmead,ci:535353,Ottneil Baartman,4.0,43,0,cricbuzz
103575,2024-25,2024-10-19 16:00,1,DOL,BOL,Kingsmead,ci:1071000,Bryce Parsons,3.0,16,1,cricbuzz
103575,2024-25,2024-10-19 16:00,1,DOL,BOL,Kingsmead,ci:498582,J Smith,3.0,28,0,cricbuzz
103575,2024-25,2024-10-19 16:00,2,BOL,DOL,Kingsmead,ci:596800,Keith Dudgeon,3.0,22,0,cricbuzz
103575,2024-25,2024-10-19 16:00,2,BOL,DOL,Kingsmead,ci:481803,Glenton Stuurman,2.0,24,0,cricbuzz
103575,2024-25,2024-10-19 16:00,2,BOL,DOL,Kingsmead,ci:437506,Imran Manack,2.0,14,2,cricbuzz
103575,2024-25,2024-10-19 16:00,2,BOL,DOL,Kingsmead,ci:595882,Akhona Mnyaka,2.0,9,1,cricbuzz
103575,2024-25,2024-10-19 16:00,2,BOL,DOL,Kingsmead,cb:9489,Ayabulela Gqamane,1.0,11,2,cricbuzz
103582,2024-25,2024-10-22 16:00,1,LIONS,TIT,The Wanderers Stadium,ci:596442,Delano Potgieter,4.0,22,1,cricbuzz
103582,2024-25,2024-10-22 16:00,1,LIONS,TIT,The Wanderers Stadium,ci:1294342,Kwena Maphaka,4.0,11,3,cricbuzz
103582,2024-25,2024-10-22 16:00,1,LIONS,TIT,The Wanderers Stadium,cb:11208,Sipamla,3.0,27,1,cricbuzz
103582,2024-25,2024-10-22 16:00,1,LIONS,TIT,The Wanderers Stadium,ci:605681,Evan Jones,4.0,22,1,cricbuzz
103582,2024-25,2024-10-22 16:00,1,LIONS,TIT,The Wanderers Stadium,ci:553249,Bjorn Fortuin,1.0,12,0,cricbuzz
103582,2024-25,2024-10-22 16:00,1,LIONS,TIT,The Wanderers Stadium,ci:946483,Nqabayomzi Peter,3.2,15,4,cricbuzz
103582,2024-25,2024-10-22 16:00,2,TIT,LIONS,The Wanderers Stadium,cb:1669,Roelof van der Merwe,3.0,17,0,cricbuzz
103582,2024-25,2024-10-22 16:00,2,TIT,LIONS,The Wanderers Stadium,ci:550189,Dayyaan Galiem,4.0,16,2,cricbuzz
103582,2024-25,2024-10-22 16:00,2,TIT,LIONS,The Wanderers Stadium,ci:596010,Gerald Coetzee,4.0,31,1,cricbuzz
103582,2024-25,2024-10-22 16:00,2,TIT,LIONS,The Wanderers Stadium,ci:540316,Andile Phehlukwayo,1.0,8,0,cricbuzz
103582,2024-25,2024-10-22 16:00,2,TIT,LIONS,The Wanderers Stadium,ci:545467,Junior Dala,2.0,17,0,cricbuzz
103582,2024-25,2024-10-22 16:00,2,TIT,LIONS,The Wanderers Stadium,cb:10173,Tabraiz Shamsi,2.0,25,0,cricbuzz
103591,2024-25,2024-10-23 16:00,1,NWEST,WPR,The Wanderers Stadium,ci:605683,Migael Pretorius,3.0,26,0,cricbuzz
103591,2024-25,2024-10-23 16:00,1,NWEST,WPR,The Wanderers Stadium,ci:696401,Marco Jansen,4.0,38,0,cricbuzz
103591,2024-25,2024-10-23 16:00,1,NWEST,WPR,The Wanderers Stadium,ci:594335,Mungroo,3.0,34,1,cricbuzz
103591,2024-25,2024-10-23 16:00,1,NWEST,WPR,The Wanderers Stadium,ci:1072026,Gideon Peters,4.0,24,3,cricbuzz
103591,2024-25,2024-10-23 16:00,1,NWEST,WPR,The Wanderers Stadium,ci:429886,Wihan Lubbe,1.0,5,0,cricbuzz
103591,2024-25,2024-10-23 16:00,1,NWEST,WPR,The Wanderers Stadium,ci:595036,Bamanye Xenxe,1.0,3,0,cricbuzz
103591,2024-25,2024-10-23 16:00,1,NWEST,WPR,The Wanderers Stadium,ci:946365,Caleb Seleka,4.0,25,1,cricbuzz
103591,2024-25,2024-10-23 16:00,2,WPR,NWEST,The Wanderers Stadium,ci:379927,Beuran Hendricks,2.0,9,2,cricbuzz
103591,2024-25,2024-10-23 16:00,2,WPR,NWEST,The Wanderers Stadium,ci:550251,Kyle Simmonds,4.0,14,3,cricbuzz
103591,2024-25,2024-10-23 16:00,2,WPR,NWEST,The Wanderers Stadium,ci:1412823,Wesley Bedja,3.0,43,1,cricbuzz
103591,2024-25,2024-10-23 16:00,2,WPR,NWEST,The Wanderers Stadium,cb:17026,Mihlali Mpongwana,1.0,9,0,cricbuzz
103591,2024-25,2024-10-23 16:00,2,WPR,NWEST,The Wanderers Stadium,cb:13151,Mthiwekhaya Nabe,1.0,22,0,cricbuzz
103591,2024-25,2024-10-23 16:00,2,WPR,NWEST,The Wanderers Stadium,ci:481875,George Linde,3.3,15,3,cricbuzz
103591,2024-25,2024-10-23 16:00,2,WPR,NWEST,The Wanderers Stadium,ci:696587,Jonathan Bird,1.0,11,0,cricbuzz
103600,2024-25,2024-10-25 16:00,1,WPR,TIT,SuperSport Park,ci:550251,Kyle Simmonds,4.0,20,0,cricbuzz
103600,2024-25,2024-10-25 16:00,1,WPR,TIT,SuperSport Park,ci:379927,B Hendricks,4.0,38,2,cricbuzz
103600,2024-25,2024-10-25 16:00,1,WPR,TIT,SuperSport Park,cb:17026,Mpongwana,3.0,28,2,cricbuzz
103600,2024-25,2024-10-25 16:00,1,WPR,TIT,SuperSport Park,ci:1412823,Wesley Bedja,3.0,40,1,cricbuzz
103600,2024-25,2024-10-25 16:00,1,WPR,TIT,SuperSport Park,ci:481875,George Linde,2.0,18,0,cricbuzz
103600,2024-25,2024-10-25 16:00,1,WPR,TIT,SuperSport Park,ci:1385642,Oliver Whitehead,2.0,21,1,cricbuzz
103600,2024-25,2024-10-25 16:00,1,WPR,TIT,SuperSport Park,cb:13151,Nabe,2.0,13,1,cricbuzz
103600,2024-25,2024-10-25 16:00,2,TIT,WPR,SuperSport Park,ci:550189,Dayyaan Galiem,4.0,37,0,cricbuzz
103600,2024-25,2024-10-25 16:00,2,TIT,WPR,SuperSport Park,ci:545467,Junior Dala,3.0,36,1,cricbuzz
103600,2024-25,2024-10-25 16:00,2,TIT,WPR,SuperSport Park,ci:596010,Gerald Coetzee,4.0,14,2,cricbuzz
103600,2024-25,2024-10-25 16:00,2,TIT,WPR,SuperSport Park,ci:594322,Corbin Bosch,4.0,20,0,cricbuzz
103600,2024-25,2024-10-25 16:00,2,TIT,WPR,SuperSport Park,cb:10173,Tabraiz Shamsi,3.0,26,1,cricbuzz
103600,2024-25,2024-10-25 16:00,2,TIT,WPR,SuperSport Park,ci:540316,Andile Phehlukwayo,2.0,18,0,cricbuzz
103602,2024-25,2024-10-27 12:00,1,LIONS,TIT,The Wanderers Stadium,ci:596442,Delano Potgieter,2.0,18,1,cricbuzz
103602,2024-25,2024-10-27 12:00,1,LIONS,TIT,The Wanderers Stadium,ci:1294342,Kwena Maphaka,4.0,15,2,cricbuzz
103602,2024-25,2024-10-27 12:00,1,LIONS,TIT,The Wanderers Stadium,cb:11208,Sipamla,4.0,12,4,cricbuzz
103602,2024-25,2024-10-27 12:00,1,LIONS,TIT,The Wanderers Stadium,ci:946483,Nqabayomzi Peter,3.0,36,0,cricbuzz
103602,2024-25,2024-10-27 12:00,1,LIONS,TIT,The Wanderers Stadium,ci:605681,Evan Jones,3.2,24,1,cricbuzz
103602,2024-25,2024-10-27 12:00,1,LIONS,TIT,The Wanderers Stadium,ci:553249,Bjorn Fortuin,3.0,10,2,cricbuzz
103602,2024-25,2024-10-27 12:00,2,TIT,LIONS,The Wanderers Stadium,cb:1669,Roelof van der Merwe,3.0,13,0,cricbuzz
103602,2024-25,2024-10-27 12:00,2,TIT,LIONS,The Wanderers Stadium,ci:550189,Dayyaan Galiem,3.0,14,1,cricbuzz
103602,2024-25,2024-10-27 12:00,2,TIT,LIONS,The Wanderers Stadium,ci:596010,Gerald Coetzee,3.1,38,1,cricbuzz
103602,2024-25,2024-10-27 12:00,2,TIT,LIONS,The Wanderers Stadium,cb:10173,Tabraiz Shamsi,2.0,21,0,cricbuzz
103602,2024-25,2024-10-27 12:00,2,TIT,LIONS,The Wanderers Stadium,ci:540316,Andile Phehlukwayo,2.0,14,0,cricbuzz
103602,2024-25,2024-10-27 12:00,2,TIT,LIONS,The Wanderers Stadium,ci:545467,Junior Dala,2.0,23,0,cricbuzz
105146,2024-25,2024-09-21 11:00,1,NCAPE,ESTORM,Diamond Oval,ci:550226,Ntuli,3.0,31,1,cricbuzz
105146,2024-25,2024-09-21 11:00,1,NCAPE,ESTORM,Diamond Oval,ci:375126,Viljoen,4.0,25,2,cricbuzz
105146,2024-25,2024-09-21 11:00,1,NCAPE,ESTORM,Diamond Oval,ci:316909,Walters,4.0,37,2,cricbuzz
105146,2024-25,2024-09-21 11:00,1,NCAPE,ESTORM,Diamond Oval,ci:280267,Terblanche,4.0,25,0,cricbuzz
105146,2024-25,2024-09-21 11:00,1,NCAPE,ESTORM,Diamond Oval,ci:297484,Ernest Kemm,3.0,33,0,cricbuzz
105146,2024-25,2024-09-21 11:00,1,NCAPE,ESTORM,Diamond Oval,ci:1071995,Emmanuel Motswiri,2.0,18,1,cricbuzz
105146,2024-25,2024-09-21 11:00,2,ESTORM,NCAPE,Diamond Oval,ci:1070976,Juan Lubbe,3.0,32,1,cricbuzz
105146,2024-25,2024-09-21 11:00,2,ESTORM,NCAPE,Diamond Oval,cb:18582,Andrew Rasemene,4.0,38,1,cricbuzz
105146,2024-25,2024-09-21 11:00,2,ESTORM,NCAPE,Diamond Oval,ci:1070696,Amaan Khan,4.0,15,2,cricbuzz
105146,2024-25,2024-09-21 11:00,2,ESTORM,NCAPE,Diamond Oval,ci:596409,Tumelo Simelane,4.0,31,1,cricbuzz
105146,2024-25,2024-09-21 11:00,2,ESTORM,NCAPE,Diamond Oval,cb:1431059,Shaveer Khan,4.0,41,0,cricbuzz
105146,2024-25,2024-09-21 11:00,2,ESTORM,NCAPE,Diamond Oval,cb:10685,Grant Thomson,1.0,12,0,cricbuzz
105148,2024-25,2024-09-21 11:00,1,LIMPO,KZNIN,Polokwane Cricket Club,cb:20503,Morne Venter,2.0,10,1,cricbuzz
105148,2024-25,2024-09-21 11:00,1,LIMPO,KZNIN,Polokwane Cricket Club,ci:696479,Atwell Mokgoloboto,3.0,14,1,cricbuzz
105148,2024-25,2024-09-21 11:00,1,LIMPO,KZNIN,Polokwane Cricket Club,ci:595832,Don Radebe,4.0,24,1,cricbuzz
105148,2024-25,2024-09-21 11:00,1,LIMPO,KZNIN,Polokwane Cricket Club,ci:601150,Eldred Hawken,4.0,39,0,cricbuzz
105148,2024-25,2024-09-21 11:00,1,LIMPO,KZNIN,Polokwane Cricket Club,ci:948513,Kgaudisa Molefe,3.0,30,1,cricbuzz
105148,2024-25,2024-09-21 11:00,1,LIMPO,KZNIN,Polokwane Cricket Club,cb:50552,Daniel van der Merwe,4.0,41,0,cricbuzz
105148,2024-25,2024-09-21 11:00,2,KZNIN,LIMPO,Polokwane Cricket Club,ci:543041,Mbulelo Budaza,2.0,8,0,cricbuzz
105148,2024-25,2024-09-21 11:00,2,KZNIN,LIMPO,Polokwane Cricket Club,cb:11204,Ziyaad Abrahams,2.5,17,3,cricbuzz
105148,2024-25,2024-09-21 11:00,2,KZNIN,LIMPO,Polokwane Cricket Club,ci:1452091,Thabiso Ndlela,3.0,19,2,cricbuzz
105148,2024-25,2024-09-21 11:00,2,KZNIN,LIMPO,Polokwane Cricket Club,ci:595283,Sean Whitehead,2.0,13,2,cricbuzz
105148,2024-25,2024-09-21 11:00,2,KZNIN,LIMPO,Polokwane Cricket Club,ci:596063,Sean Gilson,4.0,13,2,cricbuzz
105148,2024-25,2024-09-21 11:00,2,KZNIN,LIMPO,Polokwane Cricket Club,ci:333879,Michael Erlank,2.0,10,0,cricbuzz
105148,2024-25,2024-09-21 11:00,2,KZNIN,LIMPO,Polokwane Cricket Club,cb:1431051,James Ritchie,1.0,3,1,cricbuzz
105162,2024-25,2024-09-24 11:00,1,BOR,LIMPO,Buffalo Park,ci:1282002,Aphiwe Mnyanda,3.0,44,0,cricbuzz
105162,2024-25,2024-09-24 11:00,1,BOR,LIMPO,Buffalo Park,cb:31923,Nico van Zyl,3.0,20,0,cricbuzz
105162,2024-25,2024-09-24 11:00,1,BOR,LIMPO,Buffalo Park,ci:595408,Chad Classen,3.0,23,1,cricbuzz
105162,2024-25,2024-09-24 11:00,1,BOR,LIMPO,Buffalo Park,ci:488620,Tladi Bokako,4.0,47,0,cricbuzz
105162,2024-25,2024-09-24 11:00,1,BOR,LIMPO,Buffalo Park,ci:595907,Jade de Klerk,4.0,18,0,cricbuzz
105162,2024-25,2024-09-24 11:00,1,BOR,LIMPO,Buffalo Park,ci:698117,Jason Niemand,3.0,33,1,cricbuzz
105162,2024-25,2024-09-24 11:00,2,LIMPO,BOR,Buffalo Park,ci:696479,Atwell Mokgoloboto,4.0,18,1,cricbuzz
105162,2024-25,2024-09-24 11:00,2,LIMPO,BOR,Buffalo Park,ci:601150,Eldred Hawken,4.0,38,0,cricbuzz
105162,2024-25,2024-09-24 11:00,2,LIMPO,BOR,Buffalo Park,cb:20503,Morne Venter,1.0,16,0,cricbuzz
105162,2024-25,2024-09-24 11:00,2,LIMPO,BOR,Buffalo Park,ci:595832,Don Radebe,4.0,32,1,cricbuzz
105162,2024-25,2024-09-24 11:00,2,LIMPO,BOR,Buffalo Park,ci:948513,Kgaudisa Molefe,4.0,30,3,cricbuzz
105162,2024-25,2024-09-24 11:00,2,LIMPO,BOR,Buffalo Park,cb:20458,Ludwig Kaestner,3.0,28,1,cricbuzz
105164,2024-25,2024-09-24 11:00,1,ESTORM,SWD,Willowmoore Park,cb:10685,Thomson,0.3,8,0,cricbuzz
105164,2024-25,2024-09-24 11:00,1,ESTORM,SWD,Willowmoore Park,ci:1070976,Juan Lubbe,3.3,37,0,cricbuzz
105164,2024-25,2024-09-24 11:00,1,ESTORM,SWD,Willowmoore Park,cb:18582,Andrew Rasemene,4.0,29,1,cricbuzz
105164,2024-25,2024-09-24 11:00,1,ESTORM,SWD,Willowmoore Park,ci:1070696,Amaan Khan,4.0,34,1,cricbuzz
105164,2024-25,2024-09-24 11:00,1,ESTORM,SWD,Willowmoore Park,ci:596409,Tumelo Simelane,4.0,29,0,cricbuzz
105164,2024-25,2024-09-24 11:00,1,ESTORM,SWD,Willowmoore Park,cb:1431059,Shaveer Khan,3.0,23,1,cricbuzz
105164,2024-25,2024-09-24 11:00,1,ESTORM,SWD,Willowmoore Park,ci:595056,Kabelo Sekhukhune,1.0,4,1,cricbuzz
105164,2024-25,2024-09-24 11:00,2,SWD,ESTORM,Willowmoore Park,cb:14611,Jarred Jardine,3.3,37,1,cricbuzz
105164,2024-25,2024-09-24 11:00,2,SWD,ESTORM,Willowmoore Park,cb:50808,Liyabona Malife,3.0,18,2,cricbuzz
105164,2024-25,2024-09-24 11:00,2,SWD,ESTORM,Willowmoore Park,cb:22106,Hlompo Modimokwane,2.0,17,0,cricbuzz
105164,2024-25,2024-09-24 11:00,2,SWD,ESTORM,Willowmoore Park,cb:14585,Lifa Ntanzi,4.0,34,1,cricbuzz
105164,2024-25,2024-09-24 11:00,2,SWD,ESTORM,Willowmoore Park,ci:952211,Kyle Jacobs,2.0,23,0,cricbuzz
105164,2024-25,2024-09-24 11:00,2,SWD,ESTORM,Willowmoore Park,ci:381006,Thomas Kaber,4.0,26,3,cricbuzz
105172,2024-25,2024-09-24 11:00,1,MPR,NCAPE,"Uplands College, White River",ci:1088122,Nonelela Yikha,2.0,12,0,cricbuzz
105172,2024-25,2024-09-24 11:00,1,MPR,NCAPE,"Uplands College, White River",cb:20362,Gareth Dukes,4.0,36,1,cricbuzz
105172,2024-25,2024-09-24 11:00,1,MPR,NCAPE,"Uplands College, White River",ci:543324,Jurie Snyman,2.0,22,0,cricbuzz
105172,2024-25,2024-09-24 11:00,1,MPR,NCAPE,"Uplands College, White River",cb:1431091,Themba Maupa,4.0,38,1,cricbuzz
105172,2024-25,2024-09-24 11:00,1,MPR,NCAPE,"Uplands College, White River",ci:595406,Dadswell,4.0,44,1,cricbuzz
105172,2024-25,2024-09-24 11:00,1,MPR,NCAPE,"Uplands College, White River",ci:1070624,Hinrichsen,4.0,46,1,cricbuzz
105172,2024-25,2024-09-24 11:00,2,NCAPE,MPR,"Uplands College, White River",ci:297484,Ernest Kemm,3.0,22,1,cricbuzz
105172,2024-25,2024-09-24 11:00,2,NCAPE,MPR,"Uplands College, White River",ci:375126,Hardus Viljoen,4.0,26,0,cricbuzz
105172,2024-25,2024-09-24 11:00,2,NCAPE,MPR,"Uplands College, White River",ci:316909,Basheeru-Deen Walters,4.0,41,2,cricbuzz
105172,2024-25,2024-09-24 11:00,2,NCAPE,MPR,"Uplands College, White River",ci:606231,Zakhele Qwabe,3.0,28,2,cricbuzz
105172,2024-25,2024-09-24 11:00,2,NCAPE,MPR,"Uplands College, White River",ci:280267,Romano Terblanche,4.0,41,1,cricbuzz
105172,2024-25,2024-09-24 11:00,2,NCAPE,MPR,"Uplands College, White River",ci:550226,Tshepo Ntuli,2.0,22,1,cricbuzz
105186,2024-25,2024-09-28 11:00,1,BOR,KZNIN,City Oval,cb:31923,Nico van Zyl,4.0,22,2,cricbuzz
105186,2024-25,2024-09-28 11:00,1,BOR,KZNIN,City Oval,ci:1282002,Aphiwe Mnyanda,4.0,36,0,cricbuzz
105186,2024-25,2024-09-28 11:00,1,BOR,KZNIN,City Oval,ci:595408,Chad Classen,3.0,24,1,cricbuzz
105186,2024-25,2024-09-28 11:00,1,BOR,KZNIN,City Oval,ci:488620,Tladi Bokako,1.0,9,0,cricbuzz
105186,2024-25,2024-09-28 11:00,1,BOR,KZNIN,City Oval,ci:698117,Jason Niemand,4.0,21,2,cricbuzz
105186,2024-25,2024-09-28 11:00,1,BOR,KZNIN,City Oval,ci:595907,Jade de Klerk,4.0,17,1,cricbuzz
105186,2024-25,2024-09-28 11:00,2,KZNIN,BOR,City Oval,ci:333879,Michael Erlank,1.0,7,0,cricbuzz
105186,2024-25,2024-09-28 11:00,2,KZNIN,BOR,City Oval,ci:543041,Mbulelo Budaza,4.0,17,2,cricbuzz
105186,2024-25,2024-09-28 11:00,2,KZNIN,BOR,City Oval,cb:11204,Ziyaad Abrahams,4.0,27,1,cricbuzz
105186,2024-25,2024-09-28 11:00,2,KZNIN,BOR,City Oval,ci:595283,Sean Whitehead,4.0,18,1,cricbuzz
105186,2024-25,2024-09-28 11:00,2,KZNIN,BOR,City Oval,ci:1452091,Thabiso Ndlela,2.0,20,0,cricbuzz
105186,2024-25,2024-09-28 11:00,2,KZNIN,BOR,City Oval,ci:596063,Sean Gilson,2.0,12,1,cricbuzz
105186,2024-25,2024-09-28 11:00,2,KZNIN,BOR,City Oval,ci:277797,Kyle Nipper,3.0,17,2,cricbuzz
105178,2024-25,2024-09-28 11:00,1,LIMPO,SWD,Recreation Ground,ci:696479,Atwell Mokgoloboto,2.0,18,0,cricbuzz
105178,2024-25,2024-09-28 11:00,1,LIMPO,SWD,Recreation Ground,cb:20503,Morne Venter,3.0,20,1,cricbuzz
105178,2024-25,2024-09-28 11:00,1,LIMPO,SWD,Recreation Ground,ci:601150,Eldred Hawken,4.0,18,3,cricbuzz
105178,2024-25,2024-09-28 11:00,1,LIMPO,SWD,Recreation Ground,cb:22086,Jesse Albanie,3.0,30,0,cricbuzz
105178,2024-25,2024-09-28 11:00,1,LIMPO,SWD,Recreation Ground,ci:948513,Kgaudisa Molefe,2.0,18,0,cricbuzz
105178,2024-25,2024-09-28 11:00,1,LIMPO,SWD,Recreation Ground,ci:595832,Don Radebe,4.0,17,3,cricbuzz
105178,2024-25,2024-09-28 11:00,1,LIMPO,SWD,Recreation Ground,cb:20458,Ludwig Kaestner,2.0,20,1,cricbuzz
105178,2024-25,2024-09-28 11:00,2,SWD,LIMPO,Recreation Ground,cb:50808,Liyabona Malife,2.0,17,0,cricbuzz
105178,2024-25,2024-09-28 11:00,2,SWD,LIMPO,Recreation Ground,cb:20288,Sintu Majeza,3.0,21,1,cricbuzz
105178,2024-25,2024-09-28 11:00,2,SWD,LIMPO,Recreation Ground,cb:14611,Jarred Jardine,3.5,37,0,cricbuzz
105178,2024-25,2024-09-28 11:00,2,SWD,LIMPO,Recreation Ground,ci:381006,Thomas Kaber,4.0,34,2,cricbuzz
105178,2024-25,2024-09-28 11:00,2,SWD,LIMPO,Recreation Ground,cb:14585,Lifa Ntanzi,2.0,22,1,cricbuzz
105178,2024-25,2024-09-28 11:00,2,SWD,LIMPO,Recreation Ground,ci:952211,Kyle Jacobs,1.0,15,0,cricbuzz
105188,2024-25,2024-09-29 11:00,1,MPR,ESTORM,Willowmoore Park,cb:20362,Gareth Dukes,4.0,27,2,cricbuzz
105188,2024-25,2024-09-29 11:00,1,MPR,ESTORM,Willowmoore Park,cb:1431091,Themba Maupa,3.0,28,1,cricbuzz
105188,2024-25,2024-09-29 11:00,1,MPR,ESTORM,Willowmoore Park,cb:13325,Hermann Rolfes,4.0,33,0,cricbuzz
105188,2024-25,2024-09-29 11:00,1,MPR,ESTORM,Willowmoore Park,ci:1088122,Nonelela Yikha,1.0,13,0,cricbuzz
105188,2024-25,2024-09-29 11:00,1,MPR,ESTORM,Willowmoore Park,cb:20407,Akhulile Mkhatu,3.0,24,1,cricbuzz
105188,2024-25,2024-09-29 11:00,1,MPR,ESTORM,Willowmoore Park,ci:595406,Dadswell,3.0,24,1,cricbuzz
105188,2024-25,2024-09-29 11:00,1,MPR,ESTORM,Willowmoore Park,ci:543324,Jurie Snyman,2.0,17,1,cricbuzz
105188,2024-25,2024-09-29 11:00,2,ESTORM,MPR,Willowmoore Park,ci:596409,Tumelo Simelane,4.0,28,3,cricbuzz
105188,2024-25,2024-09-29 11:00,2,ESTORM,MPR,Willowmoore Park,cb:18582,Andrew Rasemene,4.0,14,2,cricbuzz
105188,2024-25,2024-09-29 11:00,2,ESTORM,MPR,Willowmoore Park,ci:1070696,Amaan Khan,4.0,22,1,cricbuzz
105188,2024-25,2024-09-29 11:00,2,ESTORM,MPR,Willowmoore Park,cb:1431059,Shaveer Khan,4.0,36,1,cricbuzz
105188,2024-25,2024-09-29 11:00,2,ESTORM,MPR,Willowmoore Park,ci:807033,Christopher Britz,3.0,41,0,cricbuzz
105188,2024-25,2024-09-29 11:00,2,ESTORM,MPR,Willowmoore Park,ci:595056,Kabelo Sekhukhune,1.0,6,0,cricbuzz
105194,2024-25,2024-10-02 11:00,1,SWD,KZNIN,Recreation Ground,ci:952211,Kyle Jacobs,4.0,27,3,cricbuzz
105194,2024-25,2024-10-02 11:00,1,SWD,KZNIN,Recreation Ground,cb:20288,Majeza,3.0,12,2,cricbuzz
105194,2024-25,2024-10-02 11:00,1,SWD,KZNIN,Recreation Ground,cb:50808,Liyabona Malife,4.0,33,1,cricbuzz
105194,2024-25,2024-10-02 11:00,1,SWD,KZNIN,Recreation Ground,cb:14585,Lifa Ntanzi,4.0,40,1,cricbuzz
105194,2024-25,2024-10-02 11:00,1,SWD,KZNIN,Recreation Ground,ci:381006,Thomas Kaber,4.0,33,1,cricbuzz
105194,2024-25,2024-10-02 11:00,1,SWD,KZNIN,Recreation Ground,cb:15918,Tyrese Karelse,1.0,8,0,cricbuzz
105194,2024-25,2024-10-02 11:00,2,KZNIN,SWD,Recreation Ground,ci:543041,Mbulelo Budaza,3.0,22,1,cricbuzz
105194,2024-25,2024-10-02 11:00,2,KZNIN,SWD,Recreation Ground,cb:11204,Ziyaad Abrahams,3.1,38,0,cricbuzz
105194,2024-25,2024-10-02 11:00,2,KZNIN,SWD,Recreation Ground,ci:596063,Sean Gilson,2.0,22,1,cricbuzz
105194,2024-25,2024-10-02 11:00,2,KZNIN,SWD,Recreation Ground,ci:1452091,Thabiso Ndlela,4.0,24,1,cricbuzz
105194,2024-25,2024-10-02 11:00,2,KZNIN,SWD,Recreation Ground,ci:595283,Sean Whitehead,4.0,26,0,cricbuzz
105194,2024-25,2024-10-02 11:00,2,KZNIN,SWD,Recreation Ground,ci:277797,Kyle Nipper,3.0,23,0,cricbuzz
105202,2024-25,2024-10-02 11:00,1,BOR,NCAPE,Diamond Oval,ci:1282002,Aphiwe Mnyanda,4.0,42,0,cricbuzz
105202,2024-25,2024-10-02 11:00,1,BOR,NCAPE,Diamond Oval,cb:31923,Nico van Zyl,4.0,9,5,cricbuzz
105202,2024-25,2024-10-02 11:00,1,BOR,NCAPE,Diamond Oval,ci:595408,Chad Classen,4.0,38,0,cricbuzz
105202,2024-25,2024-10-02 11:00,1,BOR,NCAPE,Diamond Oval,ci:1349906,Thabile Hlatuka,4.0,35,1,cricbuzz
105202,2024-25,2024-10-02 11:00,1,BOR,NCAPE,Diamond Oval,ci:698117,Jason Niemand,3.0,15,1,cricbuzz
105202,2024-25,2024-10-02 11:00,1,BOR,NCAPE,Diamond Oval,ci:595907,Jade de Klerk,1.0,16,0,cricbuzz
105202,2024-25,2024-10-02 11:00,2,NCAPE,BOR,Diamond Oval,ci:550226,Tshepo Ntuli,4.0,23,1,cricbuzz
105202,2024-25,2024-10-02 11:00,2,NCAPE,BOR,Diamond Oval,ci:596084,Ruan Haasbroek,4.0,30,3,cricbuzz
105202,2024-25,2024-10-02 11:00,2,NCAPE,BOR,Diamond Oval,cb:20322,Benjamin Van Rensburg,4.0,27,1,cricbuzz
105202,2024-25,2024-10-02 11:00,2,NCAPE,BOR,Diamond Oval,ci:375126,Hardus Viljoen,4.0,20,0,cricbuzz
105202,2024-25,2024-10-02 11:00,2,NCAPE,BOR,Diamond Oval,ci:316909,Basheeru-Deen Walters,3.0,22,3,cricbuzz
105202,2024-25,2024-10-02 11:00,2,NCAPE,BOR,Diamond Oval,ci:1071995,Emmanuel Motswiri,1.0,16,0,cricbuzz
105210,2024-25,2024-10-02 11:00,1,LIMPO,ESTORM,Polokwane Cricket Club,cb:20503,Morne Venter,3.0,20,0,cricbuzz
105210,2024-25,2024-10-02 11:00,1,LIMPO,ESTORM,Polokwane Cricket Club,ci:601150,Eldred Hawken,4.0,35,0,cricbuzz
105210,2024-25,2024-10-02 11:00,1,LIMPO,ESTORM,Polokwane Cricket Club,ci:595832,Don Radebe,4.0,49,0,cricbuzz
105210,2024-25,2024-10-02 11:00,1,LIMPO,ESTORM,Polokwane Cricket Club,ci:948513,Kgaudisa Molefe,3.0,23,1,cricbuzz
105210,2024-25,2024-10-02 11:00,1,LIMPO,ESTORM,Polokwane Cricket Club,ci:696479,Atwell Mokgoloboto,3.0,24,0,cricbuzz
105210,2024-25,2024-10-02 11:00,1,LIMPO,ESTORM,Polokwane Cricket Club,cb:50552,Daniel van der Merwe,3.0,41,1,cricbuzz
105210,2024-25,2024-10-02 11:00,2,ESTORM,LIMPO,Polokwane Cricket Club,ci:596409,Tumelo Simelane,4.0,56,0,cricbuzz
105210,2024-25,2024-10-02 11:00,2,ESTORM,LIMPO,Polokwane Cricket Club,cb:18582,Andrew Rasemene,4.0,33,1,cricbuzz
105210,2024-25,2024-10-02 11:00,2,ESTORM,LIMPO,Polokwane Cricket Club,ci:1070696,Amaan Khan,4.0,46,1,cricbuzz
105210,2024-25,2024-10-02 11:00,2,ESTORM,LIMPO,Polokwane Cricket Club,ci:1070976,Juan Lubbe,4.0,26,2,cricbuzz
105210,2024-25,2024-10-02 11:00,2,ESTORM,LIMPO,Polokwane Cricket Club,cb:1431059,Shaveer Khan,4.0,27,2,cricbuzz
105220,2024-25,2024-10-05 11:00,1,NCAPE,KZNIN,City Oval,ci:297484,Ernest Kemm,3.0,16,0,cricbuzz
105220,2024-25,2024-10-05 11:00,1,NCAPE,KZNIN,City Oval,ci:375126,Viljoen,4.0,29,0,cricbuzz
105220,2024-25,2024-10-05 11:00,1,NCAPE,KZNIN,City Oval,ci:316909,Walters,4.0,41,1,cricbuzz
105220,2024-25,2024-10-05 11:00,1,NCAPE,KZNIN,City Oval,ci:606231,Zakhele Qwabe,4.0,33,2,cricbuzz
105220,2024-25,2024-10-05 11:00,1,NCAPE,KZNIN,City Oval,ci:596084,Haasbroek,2.0,15,0,cricbuzz
105220,2024-25,2024-10-05 11:00,1,NCAPE,KZNIN,City Oval,ci:550226,Ntuli,2.0,20,0,cricbuzz
105220,2024-25,2024-10-05 11:00,1,NCAPE,KZNIN,City Oval,cb:16631,Tian Koekemoer,1.0,8,0,cricbuzz
105220,2024-25,2024-10-05 11:00,2,KZNIN,NCAPE,City Oval,ci:595283,Sean Whitehead,4.0,24,1,cricbuzz
105220,2024-25,2024-10-05 11:00,2,KZNIN,NCAPE,City Oval,ci:543041,Mbulelo Budaza,4.0,19,1,cricbuzz
105220,2024-25,2024-10-05 11:00,2,KZNIN,NCAPE,City Oval,ci:333879,Michael Erlank,1.0,12,0,cricbuzz
105220,2024-25,2024-10-05 11:00,2,KZNIN,NCAPE,City Oval,cb:11204,Ziyaad Abrahams,4.0,44,2,cricbuzz
105220,2024-25,2024-10-05 11:00,2,KZNIN,NCAPE,City Oval,ci:596063,Sean Gilson,2.0,7,1,cricbuzz
105220,2024-25,2024-10-05 11:00,2,KZNIN,NCAPE,City Oval,ci:948605,Mondli Khumalo,4.0,27,1,cricbuzz
105220,2024-25,2024-10-05 11:00,2,KZNIN,NCAPE,City Oval,ci:277797,Kyle Nipper,1.0,8,0,cricbuzz
105218,2024-25,2024-10-05 11:00,1,SWD,BOR,Buffalo Park,ci:952211,Kyle Jacobs,4.0,27,1,cricbuzz
105218,2024-25,2024-10-05 11:00,1,SWD,BOR,Buffalo Park,cb:20288,Majeza,4.0,31,1,cricbuzz
105218,2024-25,2024-10-05 11:00,1,SWD,BOR,Buffalo Park,cb:50808,Liyabona Malife,2.0,9,1,cricbuzz
105218,2024-25,2024-10-05 11:00,1,SWD,BOR,Buffalo Park,cb:15918,Tyrese Karelse,4.0,16,1,cricbuzz
105218,2024-25,2024-10-05 11:00,1,SWD,BOR,Buffalo Park,cb:14585,Lifa Ntanzi,2.0,12,0,cricbuzz
105218,2024-25,2024-10-05 11:00,1,SWD,BOR,Buffalo Park,ci:381006,Thomas Kaber,4.0,16,3,cricbuzz
105218,2024-25,2024-10-05 11:00,2,BOR,SWD,Buffalo Park,cb:31923,Nico van Zyl,3.0,13,0,cricbuzz
105218,2024-25,2024-10-05 11:00,2,BOR,SWD,Buffalo Park,ci:595907,Jade de Klerk,3.5,24,2,cricbuzz
105218,2024-25,2024-10-05 11:00,2,BOR,SWD,Buffalo Park,ci:595408,Chad Classen,3.0,11,0,cricbuzz
105218,2024-25,2024-10-05 11:00,2,BOR,SWD,Buffalo Park,cb:1431507,Ayabonga Tongo,4.0,28,0,cricbuzz
105218,2024-25,2024-10-05 11:00,2,BOR,SWD,Buffalo Park,ci:1349906,Thabile Hlatuka,1.0,17,0,cricbuzz
105218,2024-25,2024-10-05 11:00,2,BOR,SWD,Buffalo Park,ci:698117,Jason Niemand,1.0,21,0,cricbuzz
105226,2024-25,2024-10-06 11:00,1,MPR,LIMPO,Polokwane Cricket Club,ci:1088122,Nonelela Yikha,1.0,11,0,cricbuzz
105226,2024-25,2024-10-06 11:00,1,MPR,LIMPO,Polokwane Cricket Club,cb:20362,Gareth Dukes,4.0,17,2,cricbuzz
105226,2024-25,2024-10-06 11:00,1,MPR,LIMPO,Polokwane Cricket Club,cb:13325,Hermann Rolfes,4.0,37,1,cricbuzz
105226,2024-25,2024-10-06 11:00,1,MPR,LIMPO,Polokwane Cricket Club,ci:1070624,Hinrichsen,4.0,28,1,cricbuzz
105226,2024-25,2024-10-06 11:00,1,MPR,LIMPO,Polokwane Cricket Club,cb:1431091,Themba Maupa,4.0,20,1,cricbuzz
105226,2024-25,2024-10-06 11:00,1,MPR,LIMPO,Polokwane Cricket Club,ci:543324,Jurie Snyman,1.0,12,0,cricbuzz
105226,2024-25,2024-10-06 11:00,1,MPR,LIMPO,Polokwane Cricket Club,cb:1409130,Junior Makua,2.0,10,1,cricbuzz
105226,2024-25,2024-10-06 11:00,2,LIMPO,MPR,Polokwane Cricket Club,cb:50552,Daniel van der Merwe,3.0,27,0,cricbuzz
105226,2024-25,2024-10-06 11:00,2,LIMPO,MPR,Polokwane Cricket Club,ci:696479,Atwell Mokgoloboto,3.0,21,1,cricbuzz
105226,2024-25,2024-10-06 11:00,2,LIMPO,MPR,Polokwane Cricket Club,cb:20503,Morne Venter,3.5,17,3,cricbuzz
105226,2024-25,2024-10-06 11:00,2,LIMPO,MPR,Polokwane Cricket Club,ci:601150,Eldred Hawken,4.0,18,2,cricbuzz
105226,2024-25,2024-10-06 11:00,2,LIMPO,MPR,Polokwane Cricket Club,ci:595832,Don Radebe,4.0,19,3,cricbuzz
105226,2024-25,2024-10-06 11:00,2,LIMPO,MPR,Polokwane Cricket Club,ci:948513,Kgaudisa Molefe,2.0,19,1,cricbuzz
105234,2024-25,2024-10-09 11:00,1,NCAPE,SWD,Recreation Ground,ci:316909,Walters,4.0,21,0,cricbuzz
105234,2024-25,2024-10-09 11:00,1,NCAPE,SWD,Recreation Ground,ci:375126,Viljoen,2.0,9,1,cricbuzz
105234,2024-25,2024-10-09 11:00,1,NCAPE,SWD,Recreation Ground,ci:606231,Zakhele Qwabe,4.0,40,2,cricbuzz
105234,2024-25,2024-10-09 11:00,1,NCAPE,SWD,Recreation Ground,ci:297484,Ernest Kemm,4.0,15,1,cricbuzz
105234,2024-25,2024-10-09 11:00,1,NCAPE,SWD,Recreation Ground,ci:1071995,Emmanuel Motswiri,2.0,24,0,cricbuzz
105234,2024-25,2024-10-09 11:00,1,NCAPE,SWD,Recreation Ground,ci:550226,Ntuli,1.0,9,0,cricbuzz
105234,2024-25,2024-10-09 11:00,1,NCAPE,SWD,Recreation Ground,ci:595926,Klijnhans,2.0,16,0,cricbuzz
105234,2024-25,2024-10-09 11:00,1,NCAPE,SWD,Recreation Ground,ci:596084,Haasbroek,1.0,6,2,cricbuzz
105234,2024-25,2024-10-09 11:00,2,SWD,NCAPE,Recreation Ground,cb:20288,Sintu Majeza,3.0,15,0,cricbuzz
105234,2024-25,2024-10-09 11:00,2,SWD,NCAPE,Recreation Ground,cb:14611,Jarred Jardine,4.0,27,2,cricbuzz
105234,2024-25,2024-10-09 11:00,2,SWD,NCAPE,Recreation Ground,ci:952211,Kyle Jacobs,4.0,27,3,cricbuzz
105234,2024-25,2024-10-09 11:00,2,SWD,NCAPE,Recreation Ground,cb:50808,Liyabona Malife,4.0,23,1,cricbuzz
105234,2024-25,2024-10-09 11:00,2,SWD,NCAPE,Recreation Ground,cb:14585,Lifa Ntanzi,1.0,7,0,cricbuzz
105234,2024-25,2024-10-09 11:00,2,SWD,NCAPE,Recreation Ground,ci:381006,Thomas Kaber,4.0,29,3,cricbuzz
105236,2024-25,2024-10-09 11:00,1,ESTORM,BOR,Buffalo Park,cb:18582,Andrew Rasemene,4.0,34,1,cricbuzz
105236,2024-25,2024-10-09 11:00,1,ESTORM,BOR,Buffalo Park,ci:596409,Tumelo Simelane,4.0,11,0,cricbuzz
105236,2024-25,2024-10-09 11:00,1,ESTORM,BOR,Buffalo Park,ci:1070696,Amaan Khan,4.0,43,1,cricbuzz
105236,2024-25,2024-10-09 11:00,1,ESTORM,BOR,Buffalo Park,cb:1431059,Shaveer Khan,4.0,36,1,cricbuzz
105236,2024-25,2024-10-09 11:00,1,ESTORM,BOR,Buffalo Park,ci:1070976,Juan Lubbe,3.0,29,0,cricbuzz
105236,2024-25,2024-10-09 11:00,1,ESTORM,BOR,Buffalo Park,ci:595056,Kabelo Sekhukhune,1.0,6,0,cricbuzz
105236,2024-25,2024-10-09 11:00,2,BOR,ESTORM,Buffalo Park,cb:31923,Nico van Zyl,3.3,39,1,cricbuzz
105236,2024-25,2024-10-09 11:00,2,BOR,ESTORM,Buffalo Park,ci:595408,Chad Classen,4.0,30,2,cricbuzz
105236,2024-25,2024-10-09 11:00,2,BOR,ESTORM,Buffalo Park,cb:1423859,Olwakhe Goqoza,1.0,22,0,cricbuzz
105236,2024-25,2024-10-09 11:00,2,BOR,ESTORM,Buffalo Park,ci:488620,Tladi Bokako,3.0,26,0,cricbuzz
105236,2024-25,2024-10-09 11:00,2,BOR,ESTORM,Buffalo Park,ci:698117,Jason Niemand,2.0,33,0,cricbuzz
105236,2024-25,2024-10-09 11:00,2,BOR,ESTORM,Buffalo Park,ci:595907,Jade de Klerk,4.0,15,0,cricbuzz
105242,2024-25,2024-10-09 11:00,1,KZNIN,MPR,City Oval,ci:595283,Sean Whitehead,4.0,17,1,cricbuzz
105242,2024-25,2024-10-09 11:00,1,KZNIN,MPR,City Oval,ci:543041,Budaza,4.0,38,2,cricbuzz
105242,2024-25,2024-10-09 11:00,1,KZNIN,MPR,City Oval,ci:333879,Erlank,1.0,7,0,cricbuzz
105242,2024-25,2024-10-09 11:00,1,KZNIN,MPR,City Oval,ci:948605,Mondli Khumalo,4.0,44,1,cricbuzz
105242,2024-25,2024-10-09 11:00,1,KZNIN,MPR,City Oval,cb:11204,Abrahams,4.0,29,1,cricbuzz
105242,2024-25,2024-10-09 11:00,1,KZNIN,MPR,City Oval,ci:596063,Sean Gilson,2.0,22,0,cricbuzz
105242,2024-25,2024-10-09 11:00,1,KZNIN,MPR,City Oval,ci:277797,Nipper,1.0,8,0,cricbuzz
105242,2024-25,2024-10-09 11:00,2,MPR,KZNIN,City Oval,cb:20362,Gareth Dukes,4.0,38,2,cricbuzz
105242,2024-25,2024-10-09 11:00,2,MPR,KZNIN,City Oval,ci:1070624,Jon Hinrichsen,4.0,35,2,cricbuzz
105242,2024-25,2024-10-09 11:00,2,MPR,KZNIN,City Oval,cb:1409130,Junior Makua,3.0,26,0,cricbuzz
105242,2024-25,2024-10-09 11:00,2,MPR,KZNIN,City Oval,ci:1088122,Nonelela Yikha,1.0,14,1,cricbuzz
105242,2024-25,2024-10-09 11:00,2,MPR,KZNIN,City Oval,cb:1431091,Themba Maupa,3.0,20,0,cricbuzz
105242,2024-25,2024-10-09 11:00,2,MPR,KZNIN,City Oval,cb:13325,Hermann Rolfes,1.0,15,0,cricbuzz
105242,2024-25,2024-10-09 11:00,2,MPR,KZNIN,City Oval,ci:543324,Jurie Snyman,4.0,22,0,cricbuzz
105260,2024-25,2024-10-12 11:00,1,MPR,BOR,"Uplands College, White River",cb:1431091,Themba Maupa,4.0,12,1,cricbuzz
105260,2024-25,2024-10-12 11:00,1,MPR,BOR,"Uplands College, White River",cb:20362,Gareth Dukes,4.0,39,2,cricbuzz
105260,2024-25,2024-10-12 11:00,1,MPR,BOR,"Uplands College, White River",cb:13325,Hermann Rolfes,4.0,46,0,cricbuzz
105260,2024-25,2024-10-12 11:00,1,MPR,BOR,"Uplands College, White River",ci:543324,Jurie Snyman,1.0,8,0,cricbuzz
105260,2024-25,2024-10-12 11:00,1,MPR,BOR,"Uplands College, White River",cb:1409130,Junior Makua,3.0,28,1,cricbuzz
105260,2024-25,2024-10-12 11:00,1,MPR,BOR,"Uplands College, White River",ci:1070624,Hinrichsen,4.0,26,0,cricbuzz
105260,2024-25,2024-10-12 11:00,2,BOR,MPR,"Uplands College, White River",cb:31923,Nico van Zyl,4.0,13,2,cricbuzz
105260,2024-25,2024-10-12 11:00,2,BOR,MPR,"Uplands College, White River",ci:595907,Jade de Klerk,4.0,47,0,cricbuzz
105260,2024-25,2024-10-12 11:00,2,BOR,MPR,"Uplands College, White River",cb:34116,Mathew Fourie,4.0,15,1,cricbuzz
105260,2024-25,2024-10-12 11:00,2,BOR,MPR,"Uplands College, White River",ci:488620,Tladi Bokako,3.4,38,0,cricbuzz
105260,2024-25,2024-10-12 11:00,2,BOR,MPR,"Uplands College, White River",cb:1431507,Ayabonga Tongo,3.0,49,1,cricbuzz
105252,2024-25,2024-10-12 11:00,1,ESTORM,KZNIN,Willowmoore Park,ci:596409,Tumelo Simelane,4.0,36,0,cricbuzz
105252,2024-25,2024-10-12 11:00,1,ESTORM,KZNIN,Willowmoore Park,cb:18582,Andrew Rasemene,3.5,26,5,cricbuzz
105252,2024-25,2024-10-12 11:00,1,ESTORM,KZNIN,Willowmoore Park,ci:1070696,Amaan Khan,4.0,33,1,cricbuzz
105252,2024-25,2024-10-12 11:00,1,ESTORM,KZNIN,Willowmoore Park,cb:1431059,Shaveer Khan,4.0,27,2,cricbuzz
105252,2024-25,2024-10-12 11:00,1,ESTORM,KZNIN,Willowmoore Park,ci:807033,Christopher Britz,4.0,18,1,cricbuzz
105252,2024-25,2024-10-12 11:00,2,KZNIN,ESTORM,Willowmoore Park,ci:543041,Mbulelo Budaza,4.0,22,1,cricbuzz
105252,2024-25,2024-10-12 11:00,2,KZNIN,ESTORM,Willowmoore Park,ci:595283,Sean Whitehead,4.0,21,2,cricbuzz
105252,2024-25,2024-10-12 11:00,2,KZNIN,ESTORM,Willowmoore Park,cb:11204,Ziyaad Abrahams,4.0,26,2,cricbuzz
105252,2024-25,2024-10-12 11:00,2,KZNIN,ESTORM,Willowmoore Park,ci:1452091,Thabiso Ndlela,4.0,35,3,cricbuzz
105252,2024-25,2024-10-12 11:00,2,KZNIN,ESTORM,Willowmoore Park,ci:333879,Michael Erlank,2.0,10,0,cricbuzz
105252,2024-25,2024-10-12 11:00,2,KZNIN,ESTORM,Willowmoore Park,ci:277797,Kyle Nipper,1.0,11,0,cricbuzz
105252,2024-25,2024-10-12 11:00,2,KZNIN,ESTORM,Willowmoore Park,ci:596063,Sean Gilson,1.0,15,0,cricbuzz
105244,2024-25,2024-10-12 11:00,1,LIMPO,NCAPE,Diamond Oval,ci:696479,Atwell Mokgoloboto,2.0,19,1,cricbuzz
105244,2024-25,2024-10-12 11:00,1,LIMPO,NCAPE,Diamond Oval,cb:22086,Jesse Albanie,3.0,18,1,cricbuzz
105244,2024-25,2024-10-12 11:00,1,LIMPO,NCAPE,Diamond Oval,cb:20503,Morne Venter,4.0,45,0,cricbuzz
105244,2024-25,2024-10-12 11:00,1,LIMPO,NCAPE,Diamond Oval,ci:948513,Kgaudisa Molefe,3.0,37,0,cricbuzz
105244,2024-25,2024-10-12 11:00,1,LIMPO,NCAPE,Diamond Oval,ci:601150,Eldred Hawken,4.0,33,1,cricbuzz
105244,2024-25,2024-10-12 11:00,1,LIMPO,NCAPE,Diamond Oval,ci:595832,Don Radebe,4.0,38,1,cricbuzz
105244,2024-25,2024-10-12 11:00,2,NCAPE,LIMPO,Diamond Oval,ci:316909,Basheeru-Deen Walters,4.0,20,2,cricbuzz
105244,2024-25,2024-10-12 11:00,2,NCAPE,LIMPO,Diamond Oval,ci:596084,Ruan Haasbroek,3.0,29,1,cricbuzz
105244,2024-25,2024-10-12 11:00,2,NCAPE,LIMPO,Diamond Oval,ci:375126,Hardus Viljoen,4.0,27,1,cricbuzz
105244,2024-25,2024-10-12 11:00,2,NCAPE,LIMPO,Diamond Oval,ci:606231,Zakhele Qwabe,3.0,17,1,cricbuzz
105244,2024-25,2024-10-12 11:00,2,NCAPE,LIMPO,Diamond Oval,ci:550226,Tshepo Ntuli,4.0,21,2,cricbuzz
105266,2024-25,2024-10-16 11:00,1,NCAPE,ESTORM,Willowmoore Park,ci:550226,Ntuli,4.0,30,1,cricbuzz
105266,2024-25,2024-10-16 11:00,1,NCAPE,ESTORM,Willowmoore Park,ci:316909,Walters,3.0,50,0,cricbuzz
105266,2024-25,2024-10-16 11:00,1,NCAPE,ESTORM,Willowmoore Park,ci:375126,Viljoen,4.0,48,0,cricbuzz
105266,2024-25,2024-10-16 11:00,1,NCAPE,ESTORM,Willowmoore Park,ci:606231,Zakhele Qwabe,4.0,29,0,cricbuzz
105266,2024-25,2024-10-16 11:00,1,NCAPE,ESTORM,Willowmoore Park,ci:596084,Haasbroek,4.0,47,0,cricbuzz
105266,2024-25,2024-10-16 11:00,1,NCAPE,ESTORM,Willowmoore Park,ci:595926,Klijnhans,1.0,11,0,cricbuzz
105266,2024-25,2024-10-16 11:00,2,ESTORM,NCAPE,Willowmoore Park,cb:22046,Divan Posthumus,3.5,23,3,cricbuzz
105266,2024-25,2024-10-16 11:00,2,ESTORM,NCAPE,Willowmoore Park,ci:596409,Tumelo Simelane,4.0,36,3,cricbuzz
105266,2024-25,2024-10-16 11:00,2,ESTORM,NCAPE,Willowmoore Park,ci:1070696,Amaan Khan,4.0,31,3,cricbuzz
105266,2024-25,2024-10-16 11:00,2,ESTORM,NCAPE,Willowmoore Park,ci:1399519,Martin Khumalo,4.0,28,1,cricbuzz
105266,2024-25,2024-10-16 11:00,2,ESTORM,NCAPE,Willowmoore Park,cb:1431059,Shaveer Khan,4.0,26,0,cricbuzz
105268,2024-25,2024-10-17 11:00,1,KZNIN,SWD,City Oval,ci:595283,Sean Whitehead,3.0,19,0,cricbuzz
105268,2024-25,2024-10-17 11:00,1,KZNIN,SWD,City Oval,ci:543041,Budaza,4.0,25,2,cricbuzz
105268,2024-25,2024-10-17 11:00,1,KZNIN,SWD,City Oval,cb:11204,Abrahams,4.0,22,3,cricbuzz
105268,2024-25,2024-10-17 11:00,1,KZNIN,SWD,City Oval,ci:1452091,Thabiso Ndlela,4.0,21,1,cricbuzz
105268,2024-25,2024-10-17 11:00,1,KZNIN,SWD,City Oval,ci:596063,Sean Gilson,1.0,3,1,cricbuzz
105268,2024-25,2024-10-17 11:00,1,KZNIN,SWD,City Oval,ci:427964,Marcello Piedt,3.0,23,0,cricbuzz
105268,2024-25,2024-10-17 11:00,1,KZNIN,SWD,City Oval,ci:277797,Nipper,1.0,4,0,cricbuzz
105268,2024-25,2024-10-17 11:00,2,SWD,KZNIN,City Oval,ci:952211,Kyle Jacobs,2.0,11,0,cricbuzz
105268,2024-25,2024-10-17 11:00,2,SWD,KZNIN,City Oval,cb:20288,Sintu Majeza,3.0,26,0,cricbuzz
105268,2024-25,2024-10-17 11:00,2,SWD,KZNIN,City Oval,ci:949545,Khwezi Gumede,2.0,24,0,cricbuzz
105268,2024-25,2024-10-17 11:00,2,SWD,KZNIN,City Oval,cb:50808,Liyabona Malife,2.0,13,0,cricbuzz
105268,2024-25,2024-10-17 11:00,2,SWD,KZNIN,City Oval,cb:15918,Tyrese Karelse,2.0,14,0,cricbuzz
105268,2024-25,2024-10-17 11:00,2,SWD,KZNIN,City Oval,ci:381006,Thomas Kaber,3.0,17,1,cricbuzz
105268,2024-25,2024-10-17 11:00,2,SWD,KZNIN,City Oval,cb:20293,Heath Richards,1.0,9,0,cricbuzz
105274,2024-25,2024-10-20 11:00,1,KZNIN,ESTORM,Willowmoore Park,ci:333879,Erlank,1.0,9,1,cricbuzz
105274,2024-25,2024-10-20 11:00,1,KZNIN,ESTORM,Willowmoore Park,ci:543041,Budaza,3.0,21,0,cricbuzz
105274,2024-25,2024-10-20 11:00,1,KZNIN,ESTORM,Willowmoore Park,ci:595283,Sean Whitehead,4.0,14,2,cricbuzz
105274,2024-25,2024-10-20 11:00,1,KZNIN,ESTORM,Willowmoore Park,cb:11204,Abrahams,3.0,18,3,cricbuzz
105274,2024-25,2024-10-20 11:00,1,KZNIN,ESTORM,Willowmoore Park,ci:1452091,Thabiso Ndlela,3.0,21,1,cricbuzz
105274,2024-25,2024-10-20 11:00,1,KZNIN,ESTORM,Willowmoore Park,ci:277797,Nipper,4.0,21,1,cricbuzz
105274,2024-25,2024-10-20 11:00,1,KZNIN,ESTORM,Willowmoore Park,ci:427964,Marcello Piedt,2.0,22,0,cricbuzz
105274,2024-25,2024-10-20 11:00,2,ESTORM,KZNIN,Willowmoore Park,cb:22046,Divan Posthumus,4.0,26,1,cricbuzz
105274,2024-25,2024-10-20 11:00,2,ESTORM,KZNIN,Willowmoore Park,ci:596409,Tumelo Simelane,4.0,28,0,cricbuzz
105274,2024-25,2024-10-20 11:00,2,ESTORM,KZNIN,Willowmoore Park,ci:1070696,Amaan Khan,4.0,21,0,cricbuzz
105274,2024-25,2024-10-20 11:00,2,ESTORM,KZNIN,Willowmoore Park,ci:1399519,Martin Khumalo,3.0,22,1,cricbuzz
105274,2024-25,2024-10-20 11:00,2,ESTORM,KZNIN,Willowmoore Park,cb:1431059,Shaveer Khan,3.2,32,1,cricbuzz
136269,2025-26,2025-10-29 10:00,1,KZNIN,TIT,City Oval,ci:375126,Viljoen,4.0,25,1,cricbuzz
136269,2025-26,2025-10-29 10:00,1,KZNIN,TIT,City Oval,cb:10079,Dupavillon,4.0,38,0,cricbuzz
136269,2025-26,2025-10-29 10:00,1,KZNIN,TIT,City Oval,ci:265564,Parnell,4.0,28,3,cricbuzz
136269,2025-26,2025-10-29 10:00,1,KZNIN,TIT,City Oval,cb:11204,Abrahams,4.0,30,2,cricbuzz
136269,2025-26,2025-10-29 10:00,1,KZNIN,TIT,City Oval,ci:595283,Sean Whitehead,4.0,27,1,cricbuzz
136269,2025-26,2025-10-29 10:00,2,TIT,KZNIN,City Oval,ci:550189,Dayyaan Galiem,3.3,17,2,cricbuzz
136269,2025-26,2025-10-29 10:00,2,TIT,KZNIN,City Oval,ci:742489,Neil Brand,3.0,25,2,cricbuzz
136269,2025-26,2025-10-29 10:00,2,TIT,KZNIN,City Oval,ci:595954,Duan Jansen,2.0,34,0,cricbuzz
136269,2025-26,2025-10-29 10:00,2,TIT,KZNIN,City Oval,cb:10173,Tabraiz Shamsi,4.0,19,1,cricbuzz
136269,2025-26,2025-10-29 10:00,2,TIT,KZNIN,City Oval,cb:1669,Roelof van der Merwe,4.0,12,2,cricbuzz
136269,2025-26,2025-10-29 10:00,2,TIT,KZNIN,City Oval,ci:545467,Junior Dala,3.0,32,2,cricbuzz
136291,2025-26,2025-10-31 16:00,1,NWEST,BOL,Boland Park,ci:696471,Dian Forrester,2.0,19,0,cricbuzz
136291,2025-26,2025-10-31 16:00,1,NWEST,BOL,Boland Park,ci:429886,Wihan Lubbe,3.0,22,1,cricbuzz
136291,2025-26,2025-10-31 16:00,1,NWEST,BOL,Boland Park,ci:698321,Ruan de Swardt,3.0,30,1,cricbuzz
136291,2025-26,2025-10-31 16:00,1,NWEST,BOL,Boland Park,ci:595907,Jade de Klerk,4.0,23,1,cricbuzz
136291,2025-26,2025-10-31 16:00,1,NWEST,BOL,Boland Park,ci:688143,Shimane Mothoa,4.0,32,3,cricbuzz
136291,2025-26,2025-10-31 16:00,1,NWEST,BOL,Boland Park,ci:946365,Caleb Seleka,4.0,19,1,cricbuzz
136291,2025-26,2025-10-31 16:00,2,BOL,NWEST,Boland Park,ci:437506,Imran Manack,4.0,30,3,cricbuzz
136291,2025-26,2025-10-31 16:00,2,BOL,NWEST,Boland Park,ci:481803,Glenton Stuurman,4.0,25,2,cricbuzz
136291,2025-26,2025-10-31 16:00,2,BOL,NWEST,Boland Park,ci:596800,Keith Dudgeon,3.0,21,3,cricbuzz
136291,2025-26,2025-10-31 16:00,2,BOL,NWEST,Boland Park,ci:596537,Siyabonga Mahima,4.0,23,0,cricbuzz
136291,2025-26,2025-10-31 16:00,2,BOL,NWEST,Boland Park,ci:549288,Ferisco Adams,4.0,32,1,cricbuzz
136291,2025-26,2025-10-31 16:00,2,BOL,NWEST,Boland Park,ci:314991,Aviwe Mgijima,1.0,5,0,cricbuzz
136293,2025-26,2025-11-01 10:00,1,KZNIN,DOL,Kingsmead,cb:10079,Dupavillon,4.0,36,0,cricbuzz
136293,2025-26,2025-11-01 10:00,1,KZNIN,DOL,Kingsmead,ci:265564,Parnell,3.0,49,1,cricbuzz
136293,2025-26,2025-11-01 10:00,1,KZNIN,DOL,Kingsmead,ci:595283,Sean Whitehead,4.0,21,1,cricbuzz
136293,2025-26,2025-11-01 10:00,1,KZNIN,DOL,Kingsmead,cb:11204,Abrahams,4.0,34,1,cricbuzz
136293,2025-26,2025-11-01 10:00,1,KZNIN,DOL,Kingsmead,ci:1452090,Chad Laycock,3.0,29,1,cricbuzz
136293,2025-26,2025-11-01 10:00,1,KZNIN,DOL,Kingsmead,ci:596063,Sean Gilson,2.0,9,1,cricbuzz
136293,2025-26,2025-11-01 10:00,2,DOL,KZNIN,Kingsmead,ci:280490,JJ Smuts,4.0,21,1,cricbuzz
136293,2025-26,2025-11-01 10:00,2,DOL,KZNIN,Kingsmead,cb:11427,Anrich Nortje,4.0,27,2,cricbuzz
136293,2025-26,2025-11-01 10:00,2,DOL,KZNIN,Kingsmead,ci:1385637,Tristan Luus,4.0,27,0,cricbuzz
136293,2025-26,2025-11-01 10:00,2,DOL,KZNIN,Kingsmead,ci:1414819,Nqobani Mokoena,3.0,38,1,cricbuzz
136293,2025-26,2025-11-01 10:00,2,DOL,KZNIN,Kingsmead,ci:1385638,Romashan Pillay,3.0,24,1,cricbuzz
136293,2025-26,2025-11-01 10:00,2,DOL,KZNIN,Kingsmead,ci:1507202,Aryan Gopalan,2.0,24,0,cricbuzz
136304,2025-26,2025-11-01 11:30,1,TIT,WAR,SuperSport Park,ci:550189,D Galiem,4.0,29,0,cricbuzz
136304,2025-26,2025-11-01 11:30,1,TIT,WAR,SuperSport Park,ci:696401,Marco Jansen,4.0,29,2,cricbuzz
136304,2025-26,2025-11-01 11:30,1,TIT,WAR,SuperSport Park,ci:545467,Junior Dala,4.0,49,1,cricbuzz
136304,2025-26,2025-11-01 11:30,1,TIT,WAR,SuperSport Park,cb:10173,Shamsi,4.0,30,0,cricbuzz
136304,2025-26,2025-11-01 11:30,1,TIT,WAR,SuperSport Park,ci:540316,Phehlukwayo,2.0,31,0,cricbuzz
136304,2025-26,2025-11-01 11:30,1,TIT,WAR,SuperSport Park,cb:1669,van der Merwe,2.0,18,0,cricbuzz
136304,2025-26,2025-11-01 11:30,2,WAR,TIT,SuperSport Park,ci:594335,Kerwin Mungroo,4.0,24,3,cricbuzz
136304,2025-26,2025-11-01 11:30,2,WAR,TIT,SuperSport Park,ci:1070739,Matthew Boast,3.1,23,4,cricbuzz
136304,2025-26,2025-11-01 11:30,2,WAR,TIT,SuperSport Park,ci:1282002,Aphiwe Mnyanda,3.0,22,0,cricbuzz
136304,2025-26,2025-11-01 11:30,2,WAR,TIT,SuperSport Park,ci:1412823,Wesley Bedja,4.0,13,1,cricbuzz
136304,2025-26,2025-11-01 11:30,2,WAR,TIT,SuperSport Park,ci:381006,Thomas Kaber,3.0,22,1,cricbuzz
136315,2025-26,2025-11-02 10:00,1,WPR,NWEST,Newlands,ci:379927,B Hendricks,4.0,40,1,cricbuzz
136315,2025-26,2025-11-02 10:00,1,WPR,NWEST,Newlands,ci:1385642,Oliver Whitehead,4.0,41,2,cricbuzz
136315,2025-26,2025-11-02 10:00,1,WPR,NWEST,Newlands,ci:1337355,Juan James,1.0,12,0,cricbuzz
136315,2025-26,2025-11-02 10:00,1,WPR,NWEST,Newlands,cb:13151,Nabe,4.0,31,1,cricbuzz
136315,2025-26,2025-11-02 10:00,1,WPR,NWEST,Newlands,ci:1509713,Mbulelo Dube,4.0,32,1,cricbuzz
136315,2025-26,2025-11-02 10:00,1,WPR,NWEST,Newlands,ci:1088083,Josh Breed,3.0,23,0,cricbuzz
136315,2025-26,2025-11-02 10:00,2,NWEST,WPR,Newlands,ci:688143,Shimane Alfred Mothoa,3.5,34,1,cricbuzz
136315,2025-26,2025-11-02 10:00,2,NWEST,WPR,Newlands,cb:14429,Onke Nyaku,4.0,29,3,cricbuzz
136315,2025-26,2025-11-02 10:00,2,NWEST,WPR,Newlands,ci:696471,Dian Forrester,2.0,28,0,cricbuzz
136315,2025-26,2025-11-02 10:00,2,NWEST,WPR,Newlands,ci:698321,Ruan de Swardt,2.0,26,1,cricbuzz
136315,2025-26,2025-11-02 10:00,2,NWEST,WPR,Newlands,ci:946365,Caleb Seleka,3.0,55,0,cricbuzz
136315,2025-26,2025-11-02 10:00,2,NWEST,WPR,Newlands,ci:429886,Wihan Lubbe,2.0,11,1,cricbuzz
136326,2025-26,2025-11-02 11:30,1,LIONS,BOL,The Wanderers Stadium,ci:698319,Beyers Swanepoel,4.0,27,4,cricbuzz
136326,2025-26,2025-11-02 11:30,1,LIONS,BOL,The Wanderers Stadium,ci:596442,Delano Potgieter,2.0,20,0,cricbuzz
136326,2025-26,2025-11-02 11:30,1,LIONS,BOL,The Wanderers Stadium,ci:1509723,Rafeeq Patel,3.0,28,0,cricbuzz
136326,2025-26,2025-11-02 11:30,1,LIONS,BOL,The Wanderers Stadium,ci:1176017,Siya Plaatjie,4.0,31,3,cricbuzz
136326,2025-26,2025-11-02 11:30,1,LIONS,BOL,The Wanderers Stadium,ci:605681,Evan Jones,3.0,16,2,cricbuzz
136326,2025-26,2025-11-02 11:30,1,LIONS,BOL,The Wanderers Stadium,ci:946255,Muhammad Manack,2.0,13,0,cricbuzz
136326,2025-26,2025-11-02 11:30,2,BOL,LIONS,The Wanderers Stadium,ci:481803,Glenton Stuurman,4.0,23,0,cricbuzz
136326,2025-26,2025-11-02 11:30,2,BOL,LIONS,The Wanderers Stadium,ci:595882,Akhona Mnyaka,4.0,19,3,cricbuzz
136326,2025-26,2025-11-02 11:30,2,BOL,LIONS,The Wanderers Stadium,ci:437506,Imran Manack,4.0,27,0,cricbuzz
136326,2025-26,2025-11-02 11:30,2,BOL,LIONS,The Wanderers Stadium,ci:1255246,Lehan Botha,3.0,26,1,cricbuzz
136326,2025-26,2025-11-02 11:30,2,BOL,LIONS,The Wanderers Stadium,cb:9489,Ayabulela Gqamane,2.0,18,1,cricbuzz
136326,2025-26,2025-11-02 11:30,2,BOL,LIONS,The Wanderers Stadium,ci:549288,Ferisco Adams,3.0,14,1,cricbuzz
136337,2025-26,2025-11-04 16:00,1,WPR,BOL,Boland Park,ci:1255250,Asakhe Tsaka,4.0,25,0,cricbuzz
136337,2025-26,2025-11-04 16:00,1,WPR,BOL,Boland Park,ci:379927,B Hendricks,4.0,34,1,cricbuzz
136337,2025-26,2025-11-04 16:00,1,WPR,BOL,Boland Park,ci:1385642,Oliver Whitehead,4.0,38,1,cricbuzz
136337,2025-26,2025-11-04 16:00,1,WPR,BOL,Boland Park,cb:13151,Nabe,3.0,35,0,cricbuzz
136337,2025-26,2025-11-04 16:00,1,WPR,BOL,Boland Park,ci:1088083,Josh Breed,4.0,31,3,cricbuzz
136337,2025-26,2025-11-04 16:00,1,WPR,BOL,Boland Park,ci:1337355,Juan James,1.0,6,0,cricbuzz
136337,2025-26,2025-11-04 16:00,2,BOL,WPR,Boland Park,ci:481803,Glenton Stuurman,4.0,20,3,cricbuzz
136337,2025-26,2025-11-04 16:00,2,BOL,WPR,Boland Park,ci:596800,Keith Dudgeon,3.0,11,3,cricbuzz
136337,2025-26,2025-11-04 16:00,2,BOL,WPR,Boland Park,ci:596537,Siyabonga Mahima,3.0,22,1,cricbuzz
136337,2025-26,2025-11-04 16:00,2,BOL,WPR,Boland Park,ci:437506,Imran Manack,3.0,24,3,cricbuzz
136337,2025-26,2025-11-04 16:00,2,BOL,WPR,Boland Park,ci:549288,Ferisco Adams,2.0,18,0,cricbuzz
136337,2025-26,2025-11-04 16:00,2,BOL,WPR,Boland Park,ci:1255246,Lehan Botha,1.0,5,0,cricbuzz
136348,2025-26,2025-11-06 16:00,1,BOL,TIT,Boland Park,ci:481803,Glenton Stuurman,4.0,16,2,cricbuzz
136348,2025-26,2025-11-06 16:00,1,BOL,TIT,Boland Park,ci:596800,Keith Dudgeon,4.0,32,1,cricbuzz
136348,2025-26,2025-11-06 16:00,1,BOL,TIT,Boland Park,ci:437506,Imran Manack,4.0,18,2,cricbuzz
136348,2025-26,2025-11-06 16:00,1,BOL,TIT,Boland Park,ci:596537,Mahima,4.0,32,1,cricbuzz
136348,2025-26,2025-11-06 16:00,1,BOL,TIT,Boland Park,ci:549288,Ferisco Adams,3.0,24,1,cricbuzz
136348,2025-26,2025-11-06 16:00,1,BOL,TIT,Boland Park,ci:1255246,Lehan Botha,1.0,3,1,cricbuzz
136348,2025-26,2025-11-06 16:00,2,TIT,BOL,Boland Park,ci:550189,Dayyaan Galiem,2.0,24,1,cricbuzz
136348,2025-26,2025-11-06 16:00,2,TIT,BOL,Boland Park,ci:1479495,Janco Smit,2.0,30,0,cricbuzz
136348,2025-26,2025-11-06 16:00,2,TIT,BOL,Boland Park,cb:1669,Roelof van der Merwe,3.0,21,1,cricbuzz
136348,2025-26,2025-11-06 16:00,2,TIT,BOL,Boland Park,ci:545467,Junior Dala,2.0,17,0,cricbuzz
136348,2025-26,2025-11-06 16:00,2,TIT,BOL,Boland Park,cb:10173,Tabraiz Shamsi,4.0,34,1,cricbuzz
136348,2025-26,2025-11-06 16:00,2,TIT,BOL,Boland Park,ci:540316,Andile Phehlukwayo,0.4,3,0,cricbuzz
136359,2025-26,2025-11-07 15:00,1,WAR,WPR,St George's Park,ci:594335,Mungroo,4.0,26,3,cricbuzz
136359,2025-26,2025-11-07 15:00,1,WAR,WPR,St George's Park,ci:1070739,Matthew Boast,4.0,36,0,cricbuzz
136359,2025-26,2025-11-07 15:00,1,WAR,WPR,St George's Park,ci:1282002,Aphiwe Mnyanda,4.0,24,0,cricbuzz
136359,2025-26,2025-11-07 15:00,1,WAR,WPR,St George's Park,ci:1412823,Wesley Bedja,4.0,22,4,cricbuzz
136359,2025-26,2025-11-07 15:00,1,WAR,WPR,St George's Park,ci:381006,Thomas Kaber,4.0,24,1,cricbuzz
136359,2025-26,2025-11-07 15:00,2,WPR,WAR,St George's Park,ci:327947,Dane Paterson,3.0,31,0,cricbuzz
136359,2025-26,2025-11-07 15:00,2,WPR,WAR,St George's Park,ci:1418278,Raeeq Daniels,2.0,23,1,cricbuzz
136359,2025-26,2025-11-07 15:00,2,WPR,WAR,St George's Park,cb:13151,Mthiwekhaya Nabe,3.0,25,1,cricbuzz
136359,2025-26,2025-11-07 15:00,2,WPR,WAR,St George's Park,ci:1255250,Asakhe Tsaka,2.3,22,0,cricbuzz
136359,2025-26,2025-11-07 15:00,2,WPR,WAR,St George's Park,ci:1088083,Josh Breed,4.0,26,2,cricbuzz
136359,2025-26,2025-11-07 15:00,2,WPR,WAR,St George's Park,ci:1385642,Oliver Whitehead,1.0,7,0,cricbuzz
136370,2025-26,2025-11-07 16:00,1,NWEST,DOL,Senwes Park,cb:14429,Nyaku,3.0,27,1,cricbuzz
136370,2025-26,2025-11-07 16:00,1,NWEST,DOL,Senwes Park,ci:688143,Shimane Mothoa,4.0,26,3,cricbuzz
136370,2025-26,2025-11-07 16:00,1,NWEST,DOL,Senwes Park,ci:696471,Dian Forrester,3.0,29,1,cricbuzz
136370,2025-26,2025-11-07 16:00,1,NWEST,DOL,Senwes Park,ci:946365,Caleb Seleka,4.0,23,2,cricbuzz
136370,2025-26,2025-11-07 16:00,1,NWEST,DOL,Senwes Park,ci:1070953,Achille Cloete,1.0,18,0,cricbuzz
136370,2025-26,2025-11-07 16:00,1,NWEST,DOL,Senwes Park,ci:429886,Wihan Lubbe,2.0,20,1,cricbuzz
136370,2025-26,2025-11-07 16:00,2,DOL,NWEST,Senwes Park,ci:698343,Eathan Bosch,3.0,27,4,cricbuzz
136370,2025-26,2025-11-07 16:00,2,DOL,NWEST,Senwes Park,cb:11427,Anrich Nortje,4.0,18,3,cricbuzz
136370,2025-26,2025-11-07 16:00,2,DOL,NWEST,Senwes Park,ci:1385637,Tristan Luus,4.0,20,3,cricbuzz
136370,2025-26,2025-11-07 16:00,2,DOL,NWEST,Senwes Park,ci:280490,JJ Smuts,2.0,11,0,cricbuzz
136370,2025-26,2025-11-07 16:00,2,DOL,NWEST,Senwes Park,ci:1070754,Andile Simelane,2.0,25,0,cricbuzz
136370,2025-26,2025-11-07 16:00,2,DOL,NWEST,Senwes Park,ci:1414819,Nqobani Mokoena,2.0,21,0,cricbuzz
136381,2025-26,2025-11-08 11:00,1,LIONS,KZNIN,The Wanderers Stadium,ci:698319,Beyers Swanepoel,4.0,24,2,cricbuzz
136381,2025-26,2025-11-08 11:00,1,LIONS,KZNIN,The Wanderers Stadium,ci:1509904,Morteza Manack,2.0,14,0,cricbuzz
136381,2025-26,2025-11-08 11:00,1,LIONS,KZNIN,The Wanderers Stadium,ci:605681,Evan Jones,4.0,25,2,cricbuzz
136381,2025-26,2025-11-08 11:00,1,LIONS,KZNIN,The Wanderers Stadium,ci:1509723,Rafeeq Patel,3.0,27,1,cricbuzz
136381,2025-26,2025-11-08 11:00,1,LIONS,KZNIN,The Wanderers Stadium,ci:1176017,Siya Plaatjie,3.0,48,0,cricbuzz
136381,2025-26,2025-11-08 11:00,1,LIONS,KZNIN,The Wanderers Stadium,ci:596442,Delano Potgieter,4.0,22,0,cricbuzz
136381,2025-26,2025-11-08 11:00,2,KZNIN,LIONS,The Wanderers Stadium,ci:595283,Sean Whitehead,4.0,26,1,cricbuzz
136381,2025-26,2025-11-08 11:00,2,KZNIN,LIONS,The Wanderers Stadium,cb:10079,Daryn Dupavillon,4.0,30,0,cricbuzz
136381,2025-26,2025-11-08 11:00,2,KZNIN,LIONS,The Wanderers Stadium,cb:11204,Ziyaad Abrahams,4.0,40,1,cricbuzz
136381,2025-26,2025-11-08 11:00,2,KZNIN,LIONS,The Wanderers Stadium,ci:265564,Wayne Parnell,4.0,29,2,cricbuzz
136381,2025-26,2025-11-08 11:00,2,KZNIN,LIONS,The Wanderers Stadium,ci:596063,Sean Gilson,3.0,23,0,cricbuzz
136381,2025-26,2025-11-08 11:00,2,KZNIN,LIONS,The Wanderers Stadium,ci:1072594,Andile Mokgakane,1.0,11,0,cricbuzz
136403,2025-26,2025-11-09 10:00,1,DOL,WAR,Kingsmead,ci:280490,Smuts,2.0,14,0,cricbuzz
136403,2025-26,2025-11-09 10:00,1,DOL,WAR,Kingsmead,ci:698343,Eathan Bosch,4.0,11,2,cricbuzz
136403,2025-26,2025-11-09 10:00,1,DOL,WAR,Kingsmead,cb:11427,Nortje,4.0,21,2,cricbuzz
136403,2025-26,2025-11-09 10:00,1,DOL,WAR,Kingsmead,ci:1385637,Tristan Luus,3.0,22,1,cricbuzz
136403,2025-26,2025-11-09 10:00,1,DOL,WAR,Kingsmead,ci:1070754,Simelane,3.1,13,3,cricbuzz
136403,2025-26,2025-11-09 10:00,1,DOL,WAR,Kingsmead,ci:1507202,Aryan Gopalan,3.0,9,2,cricbuzz
136403,2025-26,2025-11-09 10:00,2,WAR,DOL,Kingsmead,ci:594335,Kerwin Mungroo,3.0,22,0,cricbuzz
136403,2025-26,2025-11-09 10:00,2,WAR,DOL,Kingsmead,ci:1412823,Wesley Bedja,4.0,24,0,cricbuzz
136403,2025-26,2025-11-09 10:00,2,WAR,DOL,Kingsmead,ci:1070739,Matthew Boast,1.0,11,0,cricbuzz
136403,2025-26,2025-11-09 10:00,2,WAR,DOL,Kingsmead,ci:381006,Thomas Kaber,2.2,17,0,cricbuzz
136403,2025-26,2025-11-09 10:00,2,WAR,DOL,Kingsmead,ci:1361874,JP King,1.0,6,0,cricbuzz
136403,2025-26,2025-11-09 10:00,2,WAR,DOL,Kingsmead,ci:1282002,Aphiwe Mnyanda,3.0,19,3,cricbuzz
136392,2025-26,2025-11-09 11:30,1,TIT,WPR,Newlands,ci:550189,D Galiem,4.0,41,1,cricbuzz
136392,2025-26,2025-11-09 11:30,1,TIT,WPR,Newlands,ci:595954,Duan Jansen,4.0,22,3,cricbuzz
136392,2025-26,2025-11-09 11:30,1,TIT,WPR,Newlands,ci:545467,Junior Dala,2.0,30,0,cricbuzz
136392,2025-26,2025-11-09 11:30,1,TIT,WPR,Newlands,cb:10173,Shamsi,4.0,50,1,cricbuzz
136392,2025-26,2025-11-09 11:30,1,TIT,WPR,Newlands,cb:1669,van der Merwe,1.0,9,0,cricbuzz
136392,2025-26,2025-11-09 11:30,1,TIT,WPR,Newlands,ci:742489,Neil Brand,1.0,11,0,cricbuzz
136392,2025-26,2025-11-09 11:30,1,TIT,WPR,Newlands,ci:540316,Phehlukwayo,4.0,53,1,cricbuzz
136392,2025-26,2025-11-09 11:30,2,WPR,TIT,Newlands,ci:1418278,Raeeq Daniels,2.0,21,2,cricbuzz
136392,2025-26,2025-11-09 11:30,2,WPR,TIT,Newlands,ci:327947,Dane Paterson,3.0,32,1,cricbuzz
136392,2025-26,2025-11-09 11:30,2,WPR,TIT,Newlands,ci:1385642,Oliver Whitehead,2.0,22,0,cricbuzz
136392,2025-26,2025-11-09 11:30,2,WPR,TIT,Newlands,ci:1255250,Asakhe Tsaka,2.4,23,2,cricbuzz
136392,2025-26,2025-11-09 11:30,2,WPR,TIT,Newlands,cb:13151,Mthiwekhaya Nabe,4.0,19,4,cricbuzz
136392,2025-26,2025-11-09 11:30,2,WPR,TIT,Newlands,ci:1088083,Josh Breed,4.0,22,1,cricbuzz
136422,2025-26,2025-11-11 15:00,1,KZNIN,NWEST,Senwes Park,ci:595283,Sean Whitehead,4.0,19,0,cricbuzz
136422,2025-26,2025-11-11 15:00,1,KZNIN,NWEST,Senwes Park,cb:10079,Dupavillon,4.0,30,0,cricbuzz
136422,2025-26,2025-11-11 15:00,1,KZNIN,NWEST,Senwes Park,ci:375126,Viljoen,4.0,47,0,cricbuzz
136422,2025-26,2025-11-11 15:00,1,KZNIN,NWEST,Senwes Park,cb:11204,Abrahams,3.0,36,0,cricbuzz
136422,2025-26,2025-11-11 15:00,1,KZNIN,NWEST,Senwes Park,ci:596063,Sean Gilson,2.0,22,1,cricbuzz
136422,2025-26,2025-11-11 15:00,1,KZNIN,NWEST,Senwes Park,ci:333879,Erlank,3.0,17,3,cricbuzz
136422,2025-26,2025-11-11 15:00,2,NWEST,KZNIN,Senwes Park,cb:14429,Onke Nyaku,4.0,29,3,cricbuzz
136422,2025-26,2025-11-11 15:00,2,NWEST,KZNIN,Senwes Park,ci:595907,Jade de Klerk,2.0,9,1,cricbuzz
136422,2025-26,2025-11-11 15:00,2,NWEST,KZNIN,Senwes Park,ci:429886,Wihan Lubbe,4.0,24,0,cricbuzz
136422,2025-26,2025-11-11 15:00,2,NWEST,KZNIN,Senwes Park,ci:688143,Shimane Alfred Mothoa,4.0,29,0,cricbuzz
136422,2025-26,2025-11-11 15:00,2,NWEST,KZNIN,Senwes Park,ci:698321,Ruan de Swardt,2.0,19,2,cricbuzz
136422,2025-26,2025-11-11 15:00,2,NWEST,KZNIN,Senwes Park,ci:946365,Caleb Seleka,4.0,37,2,cricbuzz
136414,2025-26,2025-11-11 16:00,1,WAR,LIONS,St George's Park,ci:594335,Mungroo,4.0,24,1,cricbuzz
136414,2025-26,2025-11-11 16:00,1,WAR,LIONS,St George's Park,ci:1427726,Christopher King,3.0,21,2,cricbuzz
136414,2025-26,2025-11-11 16:00,1,WAR,LIONS,St George's Park,ci:1282002,Aphiwe Mnyanda,4.0,42,0,cricbuzz
136414,2025-26,2025-11-11 16:00,1,WAR,LIONS,St George's Park,ci:1412823,Wesley Bedja,4.0,21,1,cricbuzz
136414,2025-26,2025-11-11 16:00,1,WAR,LIONS,St George's Park,ci:381006,Thomas Kaber,3.0,25,1,cricbuzz
136414,2025-26,2025-11-11 16:00,1,WAR,LIONS,St George's Park,ci:946255,Muhammad Manack,2.0,11,1,cricbuzz
136414,2025-26,2025-11-11 16:00,2,LIONS,WAR,St George's Park,ci:698319,Beyers Swanepoel,3.0,33,1,cricbuzz
136414,2025-26,2025-11-11 16:00,2,LIONS,WAR,St George's Park,ci:1509904,Morteza Manack,4.0,27,0,cricbuzz
136414,2025-26,2025-11-11 16:00,2,LIONS,WAR,St George's Park,ci:269280,Reeza Hendricks,1.0,8,0,cricbuzz
136414,2025-26,2025-11-11 16:00,2,LIONS,WAR,St George's Park,ci:1510751,Wilco de Bruin,4.0,34,1,cricbuzz
136414,2025-26,2025-11-11 16:00,2,LIONS,WAR,St George's Park,ci:1509723,Rafeeq Patel,3.0,25,0,cricbuzz
136414,2025-26,2025-11-11 16:00,2,LIONS,WAR,St George's Park,ci:1176017,Siya Plaatjie,2.4,24,0,cricbuzz
136431,2025-26,2025-11-13 11:00,1,WPR,KZNIN,City Oval,ci:1418278,Raeeq Daniels,3.0,23,2,cricbuzz
136431,2025-26,2025-11-13 11:00,1,WPR,KZNIN,City Oval,ci:481875,George Linde,4.0,21,2,cricbuzz
136431,2025-26,2025-11-13 11:00,1,WPR,KZNIN,City Oval,ci:1290969,Liyema Waqu,2.0,7,1,cricbuzz
136431,2025-26,2025-11-13 11:00,1,WPR,KZNIN,City Oval,cb:13151,Nabe,3.0,22,0,cricbuzz
136431,2025-26,2025-11-13 11:00,1,WPR,KZNIN,City Oval,ci:1088083,Josh Breed,3.4,18,2,cricbuzz
136431,2025-26,2025-11-13 11:00,1,WPR,KZNIN,City Oval,ci:1509713,Mbulelo Dube,4.0,9,2,cricbuzz
136431,2025-26,2025-11-13 11:00,2,KZNIN,WPR,City Oval,ci:595283,Sean Whitehead,4.0,22,1,cricbuzz
136431,2025-26,2025-11-13 11:00,2,KZNIN,WPR,City Oval,cb:10079,Daryn Dupavillon,3.0,16,0,cricbuzz
136431,2025-26,2025-11-13 11:00,2,KZNIN,WPR,City Oval,ci:375126,Hardus Viljoen,2.0,14,0,cricbuzz
136431,2025-26,2025-11-13 11:00,2,KZNIN,WPR,City Oval,ci:427964,Marcello Piedt,1.0,20,0,cricbuzz
136431,2025-26,2025-11-13 11:00,2,KZNIN,WPR,City Oval,ci:596063,Sean Gilson,3.3,23,0,cricbuzz
136431,2025-26,2025-11-13 11:00,2,KZNIN,WPR,City Oval,ci:1452091,Thabiso Ndlela,2.0,14,0,cricbuzz
136442,2025-26,2025-11-14 15:00,1,DOL,BOL,Boland Park,ci:280490,Smuts,4.0,20,2,cricbuzz
136442,2025-26,2025-11-14 15:00,1,DOL,BOL,Boland Park,cb:11427,Nortje,4.0,32,1,cricbuzz
136442,2025-26,2025-11-14 15:00,1,DOL,BOL,Boland Park,ci:698343,Eathan Bosch,3.0,23,2,cricbuzz
136442,2025-26,2025-11-14 15:00,1,DOL,BOL,Boland Park,ci:1070754,Simelane,1.0,10,0,cricbuzz
136442,2025-26,2025-11-14 15:00,1,DOL,BOL,Boland Park,ci:1414819,Nqobani Mokoena,1.0,6,1,cricbuzz
136442,2025-26,2025-11-14 15:00,1,DOL,BOL,Boland Park,ci:1507202,Aryan Gopalan,4.0,27,1,cricbuzz
136442,2025-26,2025-11-14 15:00,1,DOL,BOL,Boland Park,ci:1071000,Bryce Parsons,3.0,14,1,cricbuzz
136442,2025-26,2025-11-14 15:00,2,BOL,DOL,Boland Park,ci:481803,Glenton Stuurman,4.0,30,2,cricbuzz
136442,2025-26,2025-11-14 15:00,2,BOL,DOL,Boland Park,ci:437506,Imran Manack,4.0,17,1,cricbuzz
136442,2025-26,2025-11-14 15:00,2,BOL,DOL,Boland Park,ci:596800,Keith Dudgeon,4.0,27,3,cricbuzz
136442,2025-26,2025-11-14 15:00,2,BOL,DOL,Boland Park,ci:549288,Ferisco Adams,4.0,26,1,cricbuzz
136442,2025-26,2025-11-14 15:00,2,BOL,DOL,Boland Park,ci:596537,Siyabonga Mahima,4.0,33,2,cricbuzz
136453,2025-26,2025-11-14 16:00,1,NWEST,TIT,Senwes Park,cb:14429,Nyaku,4.0,33,2,cricbuzz
136453,2025-26,2025-11-14 16:00,1,NWEST,TIT,Senwes Park,ci:429886,Wihan Lubbe,2.0,15,0,cricbuzz
136453,2025-26,2025-11-14 16:00,1,NWEST,TIT,Senwes Park,ci:595907,Jade de Klerk,3.0,36,0,cricbuzz
136453,2025-26,2025-11-14 16:00,1,NWEST,TIT,Senwes Park,ci:688143,Shimane Mothoa,4.0,34,1,cricbuzz
136453,2025-26,2025-11-14 16:00,1,NWEST,TIT,Senwes Park,ci:698321,Ruan de Swardt,4.0,40,1,cricbuzz
136453,2025-26,2025-11-14 16:00,1,NWEST,TIT,Senwes Park,ci:946365,Caleb Seleka,3.0,36,0,cricbuzz
136453,2025-26,2025-11-14 16:00,2,TIT,NWEST,Senwes Park,cb:1669,Roelof van der Merwe,1.0,4,0,cricbuzz
136453,2025-26,2025-11-14 16:00,2,TIT,NWEST,Senwes Park,ci:542023,Lungi Ngidi,4.0,38,2,cricbuzz
136453,2025-26,2025-11-14 16:00,2,TIT,NWEST,Senwes Park,ci:595954,Duan Jansen,4.0,40,1,cricbuzz
136453,2025-26,2025-11-14 16:00,2,TIT,NWEST,Senwes Park,cb:8531,Lizaad Williams,4.0,40,1,cricbuzz
136453,2025-26,2025-11-14 16:00,2,TIT,NWEST,Senwes Park,ci:698315,Donovan Ferreira,3.0,30,1,cricbuzz
136453,2025-26,2025-11-14 16:00,2,TIT,NWEST,Senwes Park,ci:550189,Dayyaan Galiem,4.0,33,1,cricbuzz
136464,2025-26,2025-11-15 11:00,1,KZNIN,WAR,City Oval,ci:595283,Sean Whitehead,4.0,33,1,cricbuzz
136464,2025-26,2025-11-15 11:00,1,KZNIN,WAR,City Oval,ci:375126,Viljoen,2.0,13,0,cricbuzz
136464,2025-26,2025-11-15 11:00,1,KZNIN,WAR,City Oval,ci:595036,Bamanye Xenxe,4.0,41,4,cricbuzz
136464,2025-26,2025-11-15 11:00,1,KZNIN,WAR,City Oval,ci:427964,Marcello Piedt,2.0,19,0,cricbuzz
136464,2025-26,2025-11-15 11:00,1,KZNIN,WAR,City Oval,ci:265564,Parnell,3.0,39,0,cricbuzz
136464,2025-26,2025-11-15 11:00,1,KZNIN,WAR,City Oval,ci:1452090,Chad Laycock,1.0,10,0,cricbuzz
136464,2025-26,2025-11-15 11:00,1,KZNIN,WAR,City Oval,ci:333879,Erlank,4.0,21,2,cricbuzz
136464,2025-26,2025-11-15 11:00,2,WAR,KZNIN,City Oval,ci:594335,Kerwin Mungroo,4.0,27,2,cricbuzz
136464,2025-26,2025-11-15 11:00,2,WAR,KZNIN,City Oval,ci:1427726,Christopher King,3.0,16,2,cricbuzz
136464,2025-26,2025-11-15 11:00,2,WAR,KZNIN,City Oval,ci:1412823,Wesley Bedja,3.0,17,1,cricbuzz
136464,2025-26,2025-11-15 11:00,2,WAR,KZNIN,City Oval,ci:1282002,Aphiwe Mnyanda,3.0,25,1,cricbuzz
136464,2025-26,2025-11-15 11:00,2,WAR,KZNIN,City Oval,ci:946255,Muhammad Manack,1.0,15,0,cricbuzz
136464,2025-26,2025-11-15 11:00,2,WAR,KZNIN,City Oval,ci:381006,Thomas Kaber,4.0,16,2,cricbuzz
136475,2025-26,2025-11-16 11:30,1,WPR,DOL,Newlands,ci:481875,George Linde,4.0,18,1,cricbuzz
136475,2025-26,2025-11-16 11:30,1,WPR,DOL,Newlands,ci:1418278,Raeeq Daniels,2.0,8,0,cricbuzz
136475,2025-26,2025-11-16 11:30,1,WPR,DOL,Newlands,cb:13151,Nabe,3.0,27,0,cricbuzz
136475,2025-26,2025-11-16 11:30,1,WPR,DOL,Newlands,ci:1509713,Mbulelo Dube,4.0,26,4,cricbuzz
136475,2025-26,2025-11-16 11:30,1,WPR,DOL,Newlands,ci:1088083,Josh Breed,4.0,32,2,cricbuzz
136475,2025-26,2025-11-16 11:30,1,WPR,DOL,Newlands,ci:1337353,Abdullah Bayoumy,3.0,25,0,cricbuzz
136475,2025-26,2025-11-16 11:30,2,DOL,WPR,Newlands,ci:698343,Eathan Bosch,4.0,37,1,cricbuzz
136475,2025-26,2025-11-16 11:30,2,DOL,WPR,Newlands,cb:11427,Anrich Nortje,3.1,19,0,cricbuzz
136475,2025-26,2025-11-16 11:30,2,DOL,WPR,Newlands,ci:1414819,Nqobani Mokoena,3.0,29,0,cricbuzz
136475,2025-26,2025-11-16 11:30,2,DOL,WPR,Newlands,ci:280490,JJ Smuts,3.0,11,2,cricbuzz
136475,2025-26,2025-11-16 11:30,2,DOL,WPR,Newlands,ci:1070754,Andile Simelane,1.0,17,0,cricbuzz
136475,2025-26,2025-11-16 11:30,2,DOL,WPR,Newlands,ci:1507202,Aryan Gopalan,1.0,11,0,cricbuzz
136475,2025-26,2025-11-16 11:30,2,DOL,WPR,Newlands,ci:1071000,Bryce Parsons,3.0,14,2,cricbuzz
136508,2025-26,2025-11-19 11:00,1,LIONS,NWEST,The Wanderers Stadium,ci:1176017,Siya Plaatjie,4.0,33,1,cricbuzz
136508,2025-26,2025-11-19 11:00,1,LIONS,NWEST,The Wanderers Stadium,ci:698319,Beyers Swanepoel,4.0,55,1,cricbuzz
136508,2025-26,2025-11-19 11:00,1,LIONS,NWEST,The Wanderers Stadium,ci:605681,Evan Jones,4.0,25,2,cricbuzz
136508,2025-26,2025-11-19 11:00,1,LIONS,NWEST,The Wanderers Stadium,ci:1509723,Rafeeq Patel,4.0,26,2,cricbuzz
136508,2025-26,2025-11-19 11:00,1,LIONS,NWEST,The Wanderers Stadium,ci:1509904,Morteza Manack,3.0,21,0,cricbuzz
136508,2025-26,2025-11-19 11:00,1,LIONS,NWEST,The Wanderers Stadium,ci:269280,Reeza Hendricks,1.0,18,0,cricbuzz
136508,2025-26,2025-11-19 11:00,2,NWEST,LIONS,The Wanderers Stadium,ci:698321,Ruan de Swardt,4.0,35,2,cricbuzz
136508,2025-26,2025-11-19 11:00,2,NWEST,LIONS,The Wanderers Stadium,cb:14429,Onke Nyaku,3.0,48,0,cricbuzz
136508,2025-26,2025-11-19 11:00,2,NWEST,LIONS,The Wanderers Stadium,ci:688143,Shimane Alfred Mothoa,4.0,46,1,cricbuzz
136508,2025-26,2025-11-19 11:00,2,NWEST,LIONS,The Wanderers Stadium,ci:595907,Jade de Klerk,4.0,12,3,cricbuzz
136508,2025-26,2025-11-19 11:00,2,NWEST,LIONS,The Wanderers Stadium,ci:946365,Caleb Seleka,2.0,17,0,cricbuzz
136508,2025-26,2025-11-19 11:00,2,NWEST,LIONS,The Wanderers Stadium,ci:429886,Wihan Lubbe,3.0,21,0,cricbuzz
136497,2025-26,2025-11-19 16:00,1,BOL,WAR,St George's Park,ci:481803,Glenton Stuurman,4.0,57,0,cricbuzz
136497,2025-26,2025-11-19 16:00,1,BOL,WAR,St George's Park,ci:596800,Keith Dudgeon,4.0,55,1,cricbuzz
136497,2025-26,2025-11-19 16:00,1,BOL,WAR,St George's Park,ci:595882,Akhona Mnyaka,3.0,30,1,cricbuzz
136497,2025-26,2025-11-19 16:00,1,BOL,WAR,St George's Park,ci:437506,Imran Manack,4.0,24,1,cricbuzz
136497,2025-26,2025-11-19 16:00,1,BOL,WAR,St George's Park,ci:549288,Ferisco Adams,4.0,31,2,cricbuzz
136497,2025-26,2025-11-19 16:00,1,BOL,WAR,St George's Park,ci:1255246,Lehan Botha,1.0,8,0,cricbuzz
136497,2025-26,2025-11-19 16:00,2,WAR,BOL,St George's Park,ci:594335,Kerwin Mungroo,2.0,11,0,cricbuzz
136497,2025-26,2025-11-19 16:00,2,WAR,BOL,St George's Park,ci:1427726,Christopher King,2.5,16,3,cricbuzz
136497,2025-26,2025-11-19 16:00,2,WAR,BOL,St George's Park,ci:1412823,Wesley Bedja,3.0,25,0,cricbuzz
136497,2025-26,2025-11-19 16:00,2,WAR,BOL,St George's Park,ci:1282002,Aphiwe Mnyanda,4.0,23,4,cricbuzz
136497,2025-26,2025-11-19 16:00,2,WAR,BOL,St George's Park,ci:1361874,JP King,1.0,10,1,cricbuzz
136497,2025-26,2025-11-19 16:00,2,WAR,BOL,St George's Park,ci:381006,Thomas Kaber,3.0,18,2,cricbuzz
136519,2025-26,2025-11-21 10:00,1,WPR,LIONS,Newlands,ci:1418278,Raeeq Daniels,4.0,25,0,cricbuzz
136519,2025-26,2025-11-21 10:00,1,WPR,LIONS,Newlands,ci:481875,George Linde,4.0,22,0,cricbuzz
136519,2025-26,2025-11-21 10:00,1,WPR,LIONS,Newlands,cb:13151,Nabe,4.0,44,0,cricbuzz
136519,2025-26,2025-11-21 10:00,1,WPR,LIONS,Newlands,ci:1509713,Mbulelo Dube,4.0,59,1,cricbuzz
136519,2025-26,2025-11-21 10:00,1,WPR,LIONS,Newlands,ci:1088083,Josh Breed,3.0,33,0,cricbuzz
136519,2025-26,2025-11-21 10:00,1,WPR,LIONS,Newlands,ci:1337353,Abdullah Bayoumy,1.0,13,1,cricbuzz
136519,2025-26,2025-11-21 10:00,2,LIONS,WPR,Newlands,ci:1176017,Siya Plaatjie,4.0,30,1,cricbuzz
136519,2025-26,2025-11-21 10:00,2,LIONS,WPR,Newlands,ci:698319,Beyers Swanepoel,4.0,42,1,cricbuzz
136519,2025-26,2025-11-21 10:00,2,LIONS,WPR,Newlands,ci:605681,Evan Jones,4.0,34,2,cricbuzz
136519,2025-26,2025-11-21 10:00,2,LIONS,WPR,Newlands,ci:1509723,Rafeeq Patel,4.0,39,1,cricbuzz
136519,2025-26,2025-11-21 10:00,2,LIONS,WPR,Newlands,ci:269280,Reeza Hendricks,2.0,21,0,cricbuzz
136519,2025-26,2025-11-21 10:00,2,LIONS,WPR,Newlands,ci:1512183,Zakwan Patel,2.0,11,1,cricbuzz
136530,2025-26,2025-11-21 11:30,1,DOL,TIT,SuperSport Park,ci:698343,Eathan Bosch,4.0,49,0,cricbuzz
136530,2025-26,2025-11-21 11:30,1,DOL,TIT,SuperSport Park,cb:11427,Nortje,4.0,47,1,cricbuzz
136530,2025-26,2025-11-21 11:30,1,DOL,TIT,SuperSport Park,ci:1385637,Tristan Luus,2.0,32,0,cricbuzz
136530,2025-26,2025-11-21 11:30,1,DOL,TIT,SuperSport Park,ci:1070754,Simelane,3.0,31,0,cricbuzz
136530,2025-26,2025-11-21 11:30,1,DOL,TIT,SuperSport Park,ci:280490,Smuts,3.0,35,0,cricbuzz
136530,2025-26,2025-11-21 11:30,1,DOL,TIT,SuperSport Park,ci:1414819,Nqobani Mokoena,3.0,35,1,cricbuzz
136530,2025-26,2025-11-21 11:30,1,DOL,TIT,SuperSport Park,ci:1071000,Bryce Parsons,1.0,14,0,cricbuzz
136530,2025-26,2025-11-21 11:30,2,TIT,DOL,SuperSport Park,ci:595954,Duan Jansen,2.0,16,2,cricbuzz
136530,2025-26,2025-11-21 11:30,2,TIT,DOL,SuperSport Park,cb:8531,Lizaad Williams,2.0,35,1,cricbuzz
136530,2025-26,2025-11-21 11:30,2,TIT,DOL,SuperSport Park,ci:698315,Donovan Ferreira,1.0,17,0,cricbuzz
136530,2025-26,2025-11-21 11:30,2,TIT,DOL,SuperSport Park,cb:1669,Roelof van der Merwe,1.0,18,0,cricbuzz
136530,2025-26,2025-11-21 11:30,2,TIT,DOL,SuperSport Park,ci:550189,Dayyaan Galiem,1.0,17,0,cricbuzz
136541,2025-26,2025-11-22 11:00,1,KZNIN,BOL,City Oval,cb:10079,Dupavillon,4.0,30,2,cricbuzz
136541,2025-26,2025-11-22 11:00,1,KZNIN,BOL,City Oval,ci:379860,Nofal,4.0,31,0,cricbuzz
136541,2025-26,2025-11-22 11:00,1,KZNIN,BOL,City Oval,cb:11204,Abrahams,4.0,51,2,cricbuzz
136541,2025-26,2025-11-22 11:00,1,KZNIN,BOL,City Oval,ci:595036,Bamanye Xenxe,4.0,26,1,cricbuzz
136541,2025-26,2025-11-22 11:00,1,KZNIN,BOL,City Oval,ci:1124737,Renaldo Meyer,4.0,29,1,cricbuzz
136541,2025-26,2025-11-22 11:00,2,BOL,KZNIN,City Oval,ci:481803,Glenton Stuurman,4.0,16,4,cricbuzz
136541,2025-26,2025-11-22 11:00,2,BOL,KZNIN,City Oval,ci:437506,Imran Manack,4.0,13,2,cricbuzz
136541,2025-26,2025-11-22 11:00,2,BOL,KZNIN,City Oval,ci:596800,Keith Dudgeon,4.0,36,2,cricbuzz
136541,2025-26,2025-11-22 11:00,2,BOL,KZNIN,City Oval,ci:596537,Siyabonga Mahima,4.0,16,1,cricbuzz
136541,2025-26,2025-11-22 11:00,2,BOL,KZNIN,City Oval,ci:549288,Ferisco Adams,2.0,14,1,cricbuzz
136541,2025-26,2025-11-22 11:00,2,BOL,KZNIN,City Oval,cb:9489,Ayabulela Gqamane,2.0,16,0,cricbuzz
136544,2025-26,2025-11-23 11:00,1,DOL,LIONS,Kingsmead,ci:280490,Smuts,4.0,33,1,cricbuzz
136544,2025-26,2025-11-23 11:00,1,DOL,LIONS,Kingsmead,cb:11427,Nortje,4.0,49,0,cricbuzz
136544,2025-26,2025-11-23 11:00,1,DOL,LIONS,Kingsmead,ci:698343,Eathan Bosch,2.0,20,0,cricbuzz
136544,2025-26,2025-11-23 11:00,1,DOL,LIONS,Kingsmead,ci:1070754,Simelane,3.0,39,1,cricbuzz
136544,2025-26,2025-11-23 11:00,1,DOL,LIONS,Kingsmead,ci:1070753,Zeden Mahomed,2.0,13,0,cricbuzz
136544,2025-26,2025-11-23 11:00,1,DOL,LIONS,Kingsmead,ci:1071000,Bryce Parsons,4.0,28,0,cricbuzz
136544,2025-26,2025-11-23 11:00,1,DOL,LIONS,Kingsmead,ci:1507202,Aryan Gopalan,1.0,10,0,cricbuzz
136544,2025-26,2025-11-23 11:00,2,LIONS,DOL,Kingsmead,ci:1176017,Siya Plaatjie,4.0,38,0,cricbuzz
136544,2025-26,2025-11-23 11:00,2,LIONS,DOL,Kingsmead,ci:698319,Beyers Swanepoel,3.4,48,1,cricbuzz
136544,2025-26,2025-11-23 11:00,2,LIONS,DOL,Kingsmead,ci:605681,Evan Jones,4.0,43,2,cricbuzz
136544,2025-26,2025-11-23 11:00,2,LIONS,DOL,Kingsmead,ci:1512183,Zakwan Patel,4.0,33,2,cricbuzz
136544,2025-26,2025-11-23 11:00,2,LIONS,DOL,Kingsmead,ci:1509723,Rafeeq Patel,4.0,32,2,cricbuzz
136555,2025-26,2025-11-25 16:00,1,WAR,BOL,Boland Park,ci:594335,Mungroo,3.0,28,0,cricbuzz
136555,2025-26,2025-11-25 16:00,1,WAR,BOL,Boland Park,ci:1427726,Christopher King,4.0,39,0,cricbuzz
136555,2025-26,2025-11-25 16:00,1,WAR,BOL,Boland Park,ci:1412823,Wesley Bedja,4.0,42,0,cricbuzz
136555,2025-26,2025-11-25 16:00,1,WAR,BOL,Boland Park,ci:1282002,Aphiwe Mnyanda,4.0,25,1,cricbuzz
136555,2025-26,2025-11-25 16:00,1,WAR,BOL,Boland Park,ci:381006,Thomas Kaber,4.0,28,1,cricbuzz
136555,2025-26,2025-11-25 16:00,1,WAR,BOL,Boland Park,ci:1361874,JP King,1.0,7,0,cricbuzz
136555,2025-26,2025-11-25 16:00,2,BOL,WAR,Boland Park,ci:481803,Glenton Stuurman,4.0,29,1,cricbuzz
136555,2025-26,2025-11-25 16:00,2,BOL,WAR,Boland Park,ci:437506,Imran Manack,4.0,25,3,cricbuzz
136555,2025-26,2025-11-25 16:00,2,BOL,WAR,Boland Park,ci:596537,Siyabonga Mahima,4.0,27,0,cricbuzz
136555,2025-26,2025-11-25 16:00,2,BOL,WAR,Boland Park,ci:549288,Ferisco Adams,4.0,39,1,cricbuzz
136555,2025-26,2025-11-25 16:00,2,BOL,WAR,Boland Park,cb:9489,Ayabulela Gqamane,3.0,31,1,cricbuzz
136555,2025-26,2025-11-25 16:00,2,BOL,WAR,Boland Park,ci:1255246,Lehan Botha,1.0,15,0,cricbuzz
136566,2025-26,2025-11-26 11:00,1,WPR,DOL,Kingsmead,ci:481875,George Linde,4.0,9,2,cricbuzz
136566,2025-26,2025-11-26 11:00,1,WPR,DOL,Kingsmead,ci:1418278,Raeeq Daniels,2.0,11,0,cricbuzz
136566,2025-26,2025-11-26 11:00,1,WPR,DOL,Kingsmead,ci:594235,Tshepo Moreki,3.0,37,2,cricbuzz
136566,2025-26,2025-11-26 11:00,1,WPR,DOL,Kingsmead,ci:550251,Kyle Simmonds,4.0,29,0,cricbuzz
136566,2025-26,2025-11-26 11:00,1,WPR,DOL,Kingsmead,ci:1088083,Josh Breed,4.0,29,1,cricbuzz
136566,2025-26,2025-11-26 11:00,1,WPR,DOL,Kingsmead,ci:1509713,Mbulelo Dube,3.0,25,1,cricbuzz
136566,2025-26,2025-11-26 11:00,2,DOL,WPR,Kingsmead,ci:698343,Eathan Bosch,4.0,21,4,cricbuzz
136566,2025-26,2025-11-26 11:00,2,DOL,WPR,Kingsmead,cb:11427,Anrich Nortje,4.0,20,2,cricbuzz
136566,2025-26,2025-11-26 11:00,2,DOL,WPR,Kingsmead,ci:1071000,Bryce Parsons,4.0,24,0,cricbuzz
136566,2025-26,2025-11-26 11:00,2,DOL,WPR,Kingsmead,ci:1070754,Andile Simelane,4.0,19,1,cricbuzz
136566,2025-26,2025-11-26 11:00,2,DOL,WPR,Kingsmead,ci:1385637,Tristan Luus,1.0,14,1,cricbuzz
136566,2025-26,2025-11-26 11:00,2,DOL,WPR,Kingsmead,ci:1507202,Aryan Gopalan,3.0,22,1,cricbuzz
136588,2025-26,2025-11-30 11:00,1,WAR,BOL,Boland Park,ci:594335,Mungroo,4.0,30,1,cricbuzz
136588,2025-26,2025-11-30 11:00,1,WAR,BOL,Boland Park,ci:535393,Senuran Muthusamy,4.0,23,2,cricbuzz
136588,2025-26,2025-11-30 11:00,1,WAR,BOL,Boland Park,ci:1282002,Aphiwe Mnyanda,2.0,14,0,cricbuzz
136588,2025-26,2025-11-30 11:00,1,WAR,BOL,Boland Park,ci:381006,Thomas Kaber,4.0,18,1,cricbuzz
136588,2025-26,2025-11-30 11:00,1,WAR,BOL,Boland Park,ci:1412823,Wesley Bedja,3.0,23,2,cricbuzz
136588,2025-26,2025-11-30 11:00,1,WAR,BOL,Boland Park,ci:499560,Patrick Kruger,3.0,31,0,cricbuzz
136588,2025-26,2025-11-30 11:00,2,BOL,WAR,Boland Park,ci:481803,Glenton Stuurman,4.0,30,0,cricbuzz
136588,2025-26,2025-11-30 11:00,2,BOL,WAR,Boland Park,ci:437506,Imran Manack,4.0,25,0,cricbuzz
136588,2025-26,2025-11-30 11:00,2,BOL,WAR,Boland Park,ci:1255246,Lehan Botha,1.0,17,0,cricbuzz
136588,2025-26,2025-11-30 11:00,2,BOL,WAR,Boland Park,ci:596537,Siyabonga Mahima,4.0,24,3,cricbuzz
136588,2025-26,2025-11-30 11:00,2,BOL,WAR,Boland Park,ci:549288,Ferisco Adams,4.0,22,0,cricbuzz
136588,2025-26,2025-11-30 11:00,2,BOL,WAR,Boland Park,cb:9489,Ayabulela Gqamane,3.0,24,1,cricbuzz
136037,2025-26,2025-10-24 11:00,1,NCAPE,KNG,Diamond Oval,cb:20322,Benjamin Van Rensburg,4.0,36,2,cricbuzz
136037,2025-26,2025-10-24 11:00,1,NCAPE,KNG,Diamond Oval,ci:550226,Ntuli,4.0,44,1,cricbuzz
136037,2025-26,2025-10-24 11:00,1,NCAPE,KNG,Diamond Oval,cb:1423883,Ethan Frosler,4.0,55,0,cricbuzz
136037,2025-26,2025-10-24 11:00,1,NCAPE,KNG,Diamond Oval,ci:948523,Odirile Modimokoane,4.0,42,0,cricbuzz
136037,2025-26,2025-10-24 11:00,1,NCAPE,KNG,Diamond Oval,ci:948545,Motlhoaring,4.0,34,1,cricbuzz
136037,2025-26,2025-10-24 11:00,2,KNG,NCAPE,Diamond Oval,ci:543187,Johannes van Dyk,4.0,23,2,cricbuzz
136037,2025-26,2025-10-24 11:00,2,KNG,NCAPE,Diamond Oval,ci:1070783,Mbongiseni Mhlanga,4.0,31,2,cricbuzz
136037,2025-26,2025-10-24 11:00,2,KNG,NCAPE,Diamond Oval,cb:10172,Sisanda Magala,1.5,12,2,cricbuzz
136037,2025-26,2025-10-24 11:00,2,KNG,NCAPE,Diamond Oval,cb:9708,Malusi Siboto,2.0,12,1,cricbuzz
136037,2025-26,2025-10-24 11:00,2,KNG,NCAPE,Diamond Oval,ci:379926,Dane Piedt,4.0,26,1,cricbuzz
136037,2025-26,2025-10-24 11:00,2,KNG,NCAPE,Diamond Oval,ci:594329,Jacques Snyman,3.0,11,2,cricbuzz
136040,2025-26,2025-10-25 11:00,1,SWD,LIMPO,Polokwane Cricket Club,cb:50808,Liyabona Malife,4.0,37,1,cricbuzz
136040,2025-26,2025-10-25 11:00,1,SWD,LIMPO,Polokwane Cricket Club,ci:1070763,Banele Cele,2.0,18,1,cricbuzz
136040,2025-26,2025-10-25 11:00,1,SWD,LIMPO,Polokwane Cricket Club,ci:1070726,Liam Alder,4.0,15,1,cricbuzz
136040,2025-26,2025-10-25 11:00,1,SWD,LIMPO,Polokwane Cricket Club,cb:1431291,Zack Momberg,2.0,16,0,cricbuzz
136040,2025-26,2025-10-25 11:00,1,SWD,LIMPO,Polokwane Cricket Club,ci:948605,Mondli Khumalo,4.0,49,0,cricbuzz
136040,2025-26,2025-10-25 11:00,1,SWD,LIMPO,Polokwane Cricket Club,ci:952211,Kyle Jacobs,4.0,20,1,cricbuzz
136040,2025-26,2025-10-25 11:00,2,LIMPO,SWD,Polokwane Cricket Club,ci:696479,Atwell Mokgoloboto,4.0,29,0,cricbuzz
136040,2025-26,2025-10-25 11:00,2,LIMPO,SWD,Polokwane Cricket Club,cb:33204,Maphekgola Pootona,3.0,32,1,cricbuzz
136040,2025-26,2025-10-25 11:00,2,LIMPO,SWD,Polokwane Cricket Club,cb:1463082,Matthew Hollard,3.0,31,1,cricbuzz
136040,2025-26,2025-10-25 11:00,2,LIMPO,SWD,Polokwane Cricket Club,ci:595832,Don Radebe,3.2,28,0,cricbuzz
136040,2025-26,2025-10-25 11:00,2,LIMPO,SWD,Polokwane Cricket Club,ci:807039,Irvin Modimokoane,3.0,26,0,cricbuzz
136040,2025-26,2025-10-25 11:00,2,LIMPO,SWD,Polokwane Cricket Club,cb:1463980,Richard Williams,2.0,13,0,cricbuzz
136062,2025-26,2025-10-29 11:00,1,BOR,SWD,Recreation Ground,ci:698117,Jason Niemand,1.0,14,0,cricbuzz
136062,2025-26,2025-10-29 11:00,1,BOR,SWD,Recreation Ground,ci:695245,Thando Ntini,3.0,30,0,cricbuzz
136062,2025-26,2025-10-29 11:00,1,BOR,SWD,Recreation Ground,cb:34116,Mathew Fourie,3.0,20,0,cricbuzz
136062,2025-26,2025-10-29 11:00,1,BOR,SWD,Recreation Ground,ci:1341104,Jan Hardus Coetzer,4.0,36,2,cricbuzz
136062,2025-26,2025-10-29 11:00,1,BOR,SWD,Recreation Ground,ci:946367,Michael Copeland,1.0,13,0,cricbuzz
136062,2025-26,2025-10-29 11:00,1,BOR,SWD,Recreation Ground,ci:1203962,Alindile Mhletywa,4.0,35,2,cricbuzz
136062,2025-26,2025-10-29 11:00,1,BOR,SWD,Recreation Ground,ci:948513,Kgaudisa Molefe,4.0,11,1,cricbuzz
136062,2025-26,2025-10-29 11:00,2,SWD,BOR,Recreation Ground,cb:50808,Liyabona Malife,3.0,23,0,cricbuzz
136062,2025-26,2025-10-29 11:00,2,SWD,BOR,Recreation Ground,ci:1070763,Banele Cele,2.0,16,0,cricbuzz
136062,2025-26,2025-10-29 11:00,2,SWD,BOR,Recreation Ground,ci:1070726,Liam Alder,4.0,38,2,cricbuzz
136062,2025-26,2025-10-29 11:00,2,SWD,BOR,Recreation Ground,cb:1431291,Zack Momberg,2.0,19,1,cricbuzz
136062,2025-26,2025-10-29 11:00,2,SWD,BOR,Recreation Ground,ci:952211,Kyle Jacobs,4.0,40,1,cricbuzz
136062,2025-26,2025-10-29 11:00,2,SWD,BOR,Recreation Ground,ci:948605,Mondli Khumalo,2.4,21,0,cricbuzz
136073,2025-26,2025-10-29 11:00,1,LIMPO,KNG,Mangaung Oval,cb:1451017,Thabo Mosefowa,3.0,24,0,cricbuzz
136073,2025-26,2025-10-29 11:00,1,LIMPO,KNG,Mangaung Oval,cb:33204,Maphekgola Pootona,3.0,36,0,cricbuzz
136073,2025-26,2025-10-29 11:00,1,LIMPO,KNG,Mangaung Oval,cb:1463082,Matthew Hollard,2.0,29,0,cricbuzz
136073,2025-26,2025-10-29 11:00,1,LIMPO,KNG,Mangaung Oval,ci:807039,Irvin Modimokoane,4.0,34,2,cricbuzz
136073,2025-26,2025-10-29 11:00,1,LIMPO,KNG,Mangaung Oval,ci:696479,Atwell Mokgoloboto,4.0,27,1,cricbuzz
136073,2025-26,2025-10-29 11:00,1,LIMPO,KNG,Mangaung Oval,ci:1071995,Emmanuel Motswiri,3.0,38,0,cricbuzz
136073,2025-26,2025-10-29 11:00,1,LIMPO,KNG,Mangaung Oval,cb:20458,Ludwig Kaestner,1.0,9,1,cricbuzz
136073,2025-26,2025-10-29 11:00,2,KNG,LIMPO,Mangaung Oval,ci:543187,Johannes van Dyk,1.0,26,2,cricbuzz
136073,2025-26,2025-10-29 11:00,2,KNG,LIMPO,Mangaung Oval,ci:594329,Jacques Snyman,2.0,9,0,cricbuzz
136073,2025-26,2025-10-29 11:00,2,KNG,LIMPO,Mangaung Oval,ci:1070783,Mbongiseni Mhlanga,4.0,23,0,cricbuzz
136073,2025-26,2025-10-29 11:00,2,KNG,LIMPO,Mangaung Oval,cb:9708,Malusi Siboto,1.0,2,1,cricbuzz
136073,2025-26,2025-10-29 11:00,2,KNG,LIMPO,Mangaung Oval,ci:596392,Sithembile Langa,1.0,13,0,cricbuzz
136073,2025-26,2025-10-29 11:00,2,KNG,LIMPO,Mangaung Oval,ci:379926,Dane Piedt,3.0,14,2,cricbuzz
136073,2025-26,2025-10-29 11:00,2,KNG,LIMPO,Mangaung Oval,cb:1464059,Ross Boast,2.5,12,5,cricbuzz
136093,2025-26,2025-11-01 11:00,1,ESTORM,MPR,"Uplands College, White River",cb:18582,Andrew Rasemene,4.0,31,1,cricbuzz
136093,2025-26,2025-11-01 11:00,1,ESTORM,MPR,"Uplands College, White River",ci:596409,Tumelo Simelane,4.0,13,0,cricbuzz
136093,2025-26,2025-11-01 11:00,1,ESTORM,MPR,"Uplands College, White River",ci:1070696,Amaan Khan,4.0,28,4,cricbuzz
136093,2025-26,2025-11-01 11:00,1,ESTORM,MPR,"Uplands College, White River",cb:1431059,Shaveer Khan,4.0,20,1,cricbuzz
136093,2025-26,2025-11-01 11:00,1,ESTORM,MPR,"Uplands College, White River",ci:297484,Ernest Kemm,4.0,23,1,cricbuzz
136093,2025-26,2025-11-01 11:00,2,MPR,ESTORM,"Uplands College, White River",ci:1070624,Jon Hinrichsen,4.0,16,0,cricbuzz
136093,2025-26,2025-11-01 11:00,2,MPR,ESTORM,"Uplands College, White River",ci:696337,Tetelo Maphaka,4.0,25,1,cricbuzz
136093,2025-26,2025-11-01 11:00,2,MPR,ESTORM,"Uplands College, White River",cb:1463229,Ricus Kramm,4.0,33,3,cricbuzz
136093,2025-26,2025-11-01 11:00,2,MPR,ESTORM,"Uplands College, White River",cb:13325,Hermann Rolfes,1.4,15,0,cricbuzz
136093,2025-26,2025-11-01 11:00,2,MPR,ESTORM,"Uplands College, White River",ci:276843,Aubrey Swanepoel,2.0,14,0,cricbuzz
136093,2025-26,2025-11-01 11:00,2,MPR,ESTORM,"Uplands College, White River",ci:1507531,Bryn Brokensha,4.0,12,5,cricbuzz
136092,2025-26,2025-11-01 11:00,1,BOR,KNG,Buffalo Park,ci:695245,Thando Ntini,4.0,21,1,cricbuzz
136092,2025-26,2025-11-01 11:00,1,BOR,KNG,Buffalo Park,ci:1341104,Jan Hardus Coetzer,4.0,22,1,cricbuzz
136092,2025-26,2025-11-01 11:00,1,BOR,KNG,Buffalo Park,ci:1203962,Alindile Mhletywa,4.0,18,2,cricbuzz
136092,2025-26,2025-11-01 11:00,1,BOR,KNG,Buffalo Park,cb:50454,Thozama Totana,4.0,21,2,cricbuzz
136092,2025-26,2025-11-01 11:00,1,BOR,KNG,Buffalo Park,ci:948513,Kgaudisa Molefe,4.0,28,1,cricbuzz
136092,2025-26,2025-11-01 11:00,2,KNG,BOR,Buffalo Park,ci:596392,Sithembile Langa,3.0,25,0,cricbuzz
136092,2025-26,2025-11-01 11:00,2,KNG,BOR,Buffalo Park,cb:9708,Malusi Siboto,3.0,21,0,cricbuzz
136092,2025-26,2025-11-01 11:00,2,KNG,BOR,Buffalo Park,ci:1070783,Mbongiseni Mhlanga,3.1,26,0,cricbuzz
136092,2025-26,2025-11-01 11:00,2,KNG,BOR,Buffalo Park,cb:1464059,Ross Boast,2.0,14,2,cricbuzz
136092,2025-26,2025-11-01 11:00,2,KNG,BOR,Buffalo Park,ci:379926,Dane Piedt,4.0,15,3,cricbuzz
136092,2025-26,2025-11-01 11:00,2,KNG,BOR,Buffalo Park,ci:594329,Jacques Snyman,1.0,11,1,cricbuzz
136104,2025-26,2025-11-02 11:00,1,NCAPE,SWD,Diamond Oval,ci:550226,Ntuli,2.0,17,0,cricbuzz
136104,2025-26,2025-11-02 11:00,1,NCAPE,SWD,Diamond Oval,cb:20322,Benjamin Van Rensburg,4.0,35,1,cricbuzz
136104,2025-26,2025-11-02 11:00,1,NCAPE,SWD,Diamond Oval,cb:1423883,Ethan Frosler,2.0,17,0,cricbuzz
136104,2025-26,2025-11-02 11:00,1,NCAPE,SWD,Diamond Oval,ci:280267,Terblanche,4.0,34,2,cricbuzz
136104,2025-26,2025-11-02 11:00,1,NCAPE,SWD,Diamond Oval,ci:948545,Motlhoaring,4.0,34,1,cricbuzz
136104,2025-26,2025-11-02 11:00,1,NCAPE,SWD,Diamond Oval,ci:1508580,Ruan Van Rooyen,4.0,27,0,cricbuzz
136104,2025-26,2025-11-02 11:00,2,SWD,NCAPE,Diamond Oval,ci:1070763,Banele Cele,3.0,22,0,cricbuzz
136104,2025-26,2025-11-02 11:00,2,SWD,NCAPE,Diamond Oval,cb:1431291,Zack Momberg,3.0,25,3,cricbuzz
136104,2025-26,2025-11-02 11:00,2,SWD,NCAPE,Diamond Oval,ci:1070726,Liam Alder,4.0,31,2,cricbuzz
136104,2025-26,2025-11-02 11:00,2,SWD,NCAPE,Diamond Oval,ci:948605,Mondli Khumalo,3.3,20,3,cricbuzz
136104,2025-26,2025-11-02 11:00,2,SWD,NCAPE,Diamond Oval,ci:952211,Kyle Jacobs,2.0,17,0,cricbuzz
136104,2025-26,2025-11-02 11:00,2,SWD,NCAPE,Diamond Oval,cb:50808,Liyabona Malife,3.0,17,0,cricbuzz
136115,2025-26,2025-11-03 11:00,1,BOR,ESTORM,Willowmoore Park,ci:695245,Thando Ntini,4.0,26,1,cricbuzz
136115,2025-26,2025-11-03 11:00,1,BOR,ESTORM,Willowmoore Park,ci:1341104,Jan Hardus Coetzer,4.0,23,1,cricbuzz
136115,2025-26,2025-11-03 11:00,1,BOR,ESTORM,Willowmoore Park,ci:1203962,Alindile Mhletywa,4.0,36,2,cricbuzz
136115,2025-26,2025-11-03 11:00,1,BOR,ESTORM,Willowmoore Park,cb:50454,Thozama Totana,4.0,21,2,cricbuzz
136115,2025-26,2025-11-03 11:00,1,BOR,ESTORM,Willowmoore Park,ci:948513,Kgaudisa Molefe,4.0,28,0,cricbuzz
136115,2025-26,2025-11-03 11:00,2,ESTORM,BOR,Willowmoore Park,ci:596409,Tumelo Simelane,4.0,26,3,cricbuzz
136115,2025-26,2025-11-03 11:00,2,ESTORM,BOR,Willowmoore Park,cb:18582,Andrew Rasemene,4.0,29,2,cricbuzz
136115,2025-26,2025-11-03 11:00,2,ESTORM,BOR,Willowmoore Park,ci:1070696,Amaan Khan,3.0,15,0,cricbuzz
136115,2025-26,2025-11-03 11:00,2,ESTORM,BOR,Willowmoore Park,ci:297484,Ernest Kemm,4.0,34,0,cricbuzz
136115,2025-26,2025-11-03 11:00,2,ESTORM,BOR,Willowmoore Park,cb:33197,Mekyle Pillay,3.0,31,0,cricbuzz
136137,2025-26,2025-11-05 11:00,1,KNG,MPR,"Uplands College, White River",ci:543187,Johan van Dyk,4.0,45,2,cricbuzz
136137,2025-26,2025-11-05 11:00,1,KNG,MPR,"Uplands College, White River",ci:596392,S Langa,2.0,34,0,cricbuzz
136137,2025-26,2025-11-05 11:00,1,KNG,MPR,"Uplands College, White River",cb:9708,Siboto,4.0,31,2,cricbuzz
136137,2025-26,2025-11-05 11:00,1,KNG,MPR,"Uplands College, White River",ci:1070783,Mbongiseni Mhlanga,4.0,18,1,cricbuzz
136137,2025-26,2025-11-05 11:00,1,KNG,MPR,"Uplands College, White River",ci:594329,Snyman,2.0,16,0,cricbuzz
136137,2025-26,2025-11-05 11:00,1,KNG,MPR,"Uplands College, White River",ci:1509595,Ruben du Toit,3.0,21,1,cricbuzz
136137,2025-26,2025-11-05 11:00,1,KNG,MPR,"Uplands College, White River",ci:1402469,Seth Fledermaus,1.0,6,0,cricbuzz
136137,2025-26,2025-11-05 11:00,2,MPR,KNG,"Uplands College, White River",cb:20362,Gareth Dukes,4.0,30,2,cricbuzz
136137,2025-26,2025-11-05 11:00,2,MPR,KNG,"Uplands College, White River",ci:696337,Tetelo Maphaka,4.0,26,1,cricbuzz
136137,2025-26,2025-11-05 11:00,2,MPR,KNG,"Uplands College, White River",ci:1070624,Jon Hinrichsen,3.5,41,2,cricbuzz
136137,2025-26,2025-11-05 11:00,2,MPR,KNG,"Uplands College, White River",ci:276843,Aubrey Swanepoel,4.0,31,0,cricbuzz
136137,2025-26,2025-11-05 11:00,2,MPR,KNG,"Uplands College, White River",cb:13325,Hermann Rolfes,3.0,29,1,cricbuzz
136137,2025-26,2025-11-05 11:00,2,MPR,KNG,"Uplands College, White River",ci:1507531,Bryn Brokensha,1.0,23,0,cricbuzz
136156,2025-26,2025-11-08 11:00,1,BOR,LIMPO,Polokwane Cricket Club,ci:695245,Thando Ntini,3.0,22,0,cricbuzz
136156,2025-26,2025-11-08 11:00,1,BOR,LIMPO,Polokwane Cricket Club,ci:1341104,Jan Hardus Coetzer,4.0,25,0,cricbuzz
136156,2025-26,2025-11-08 11:00,1,BOR,LIMPO,Polokwane Cricket Club,ci:1203962,Alindile Mhletywa,3.0,38,2,cricbuzz
136156,2025-26,2025-11-08 11:00,1,BOR,LIMPO,Polokwane Cricket Club,cb:51644,Lihle Sizani,3.0,23,1,cricbuzz
136156,2025-26,2025-11-08 11:00,1,BOR,LIMPO,Polokwane Cricket Club,cb:50454,Thozama Totana,4.0,30,3,cricbuzz
136156,2025-26,2025-11-08 11:00,1,BOR,LIMPO,Polokwane Cricket Club,ci:948513,Kgaudisa Molefe,3.0,20,0,cricbuzz
136156,2025-26,2025-11-08 11:00,2,LIMPO,BOR,Polokwane Cricket Club,cb:33204,Maphekgola Pootona,3.0,14,0,cricbuzz
136156,2025-26,2025-11-08 11:00,2,LIMPO,BOR,Polokwane Cricket Club,ci:696479,Atwell Mokgoloboto,4.0,24,2,cricbuzz
136156,2025-26,2025-11-08 11:00,2,LIMPO,BOR,Polokwane Cricket Club,cb:1451017,Thabo Mosefowa,2.0,22,0,cricbuzz
136156,2025-26,2025-11-08 11:00,2,LIMPO,BOR,Polokwane Cricket Club,ci:807039,Irvin Modimokoane,4.0,27,3,cricbuzz
136156,2025-26,2025-11-08 11:00,2,LIMPO,BOR,Polokwane Cricket Club,cb:55638,Kyle Landsberg,3.0,12,2,cricbuzz
136156,2025-26,2025-11-08 11:00,2,LIMPO,BOR,Polokwane Cricket Club,cb:20458,Ludwig Kaestner,2.0,15,0,cricbuzz
136156,2025-26,2025-11-08 11:00,2,LIMPO,BOR,Polokwane Cricket Club,ci:1071995,Emmanuel Motswiri,1.1,11,1,cricbuzz
136148,2025-26,2025-11-08 11:00,1,SWD,MPR,Recreation Ground,cb:1431291,Zack Momberg,3.0,22,0,cricbuzz
136148,2025-26,2025-11-08 11:00,1,SWD,MPR,Recreation Ground,ci:1070726,Liam Alder,4.0,26,3,cricbuzz
136148,2025-26,2025-11-08 11:00,1,SWD,MPR,Recreation Ground,ci:1070763,Banele Cele,3.0,15,1,cricbuzz
136148,2025-26,2025-11-08 11:00,1,SWD,MPR,Recreation Ground,ci:948605,Mondli Khumalo,4.0,27,1,cricbuzz
136148,2025-26,2025-11-08 11:00,1,SWD,MPR,Recreation Ground,ci:952211,Kyle Jacobs,3.0,11,1,cricbuzz
136148,2025-26,2025-11-08 11:00,1,SWD,MPR,Recreation Ground,cb:50808,Liyabona Malife,3.0,23,1,cricbuzz
136148,2025-26,2025-11-08 11:00,2,MPR,SWD,Recreation Ground,cb:20362,Gareth Dukes,2.0,17,1,cricbuzz
136148,2025-26,2025-11-08 11:00,2,MPR,SWD,Recreation Ground,ci:696337,Tetelo Maphaka,3.0,29,0,cricbuzz
136148,2025-26,2025-11-08 11:00,2,MPR,SWD,Recreation Ground,ci:1070624,Jon Hinrichsen,2.0,11,0,cricbuzz
136148,2025-26,2025-11-08 11:00,2,MPR,SWD,Recreation Ground,ci:699719,Smangaliso Nhlebela,3.1,25,1,cricbuzz
136148,2025-26,2025-11-08 11:00,2,MPR,SWD,Recreation Ground,cb:13325,Hermann Rolfes,3.0,22,1,cricbuzz
136148,2025-26,2025-11-08 11:00,2,MPR,SWD,Recreation Ground,ci:276843,Aubrey Swanepoel,2.0,14,2,cricbuzz
136148,2025-26,2025-11-08 11:00,2,MPR,SWD,Recreation Ground,ci:1507531,Bryn Brokensha,1.0,10,0,cricbuzz
136167,2025-26,2025-11-09 11:00,1,ESTORM,KNG,Mangaung Oval,ci:596409,Tumelo Simelane,2.0,22,0,cricbuzz
136167,2025-26,2025-11-09 11:00,1,ESTORM,KNG,Mangaung Oval,cb:18582,Andrew Rasemene,2.0,25,0,cricbuzz
136167,2025-26,2025-11-09 11:00,1,ESTORM,KNG,Mangaung Oval,ci:1070696,Amaan Khan,1.1,14,0,cricbuzz
136167,2025-26,2025-11-09 11:00,1,ESTORM,KNG,Mangaung Oval,ci:543324,Jurie Snyman,2.0,16,0,cricbuzz
136167,2025-26,2025-11-09 11:00,1,ESTORM,KNG,Mangaung Oval,cb:1464659,Kaylan Archary,2.0,14,0,cricbuzz
136167,2025-26,2025-11-09 11:00,1,ESTORM,KNG,Mangaung Oval,ci:1070976,Juan Lubbe,2.0,15,0,cricbuzz
136167,2025-26,2025-11-09 11:00,2,KNG,ESTORM,Mangaung Oval,ci:1070783,Mbongiseni Mhlanga,2.0,25,0,cricbuzz
136167,2025-26,2025-11-09 11:00,2,KNG,ESTORM,Mangaung Oval,cb:10172,Sisanda Magala,2.0,12,4,cricbuzz
136167,2025-26,2025-11-09 11:00,2,KNG,ESTORM,Mangaung Oval,ci:594329,Jacques Snyman,1.0,14,1,cricbuzz
136167,2025-26,2025-11-09 11:00,2,KNG,ESTORM,Mangaung Oval,cb:9708,Malusi Siboto,1.0,11,0,cricbuzz
136178,2025-26,2025-11-12 11:00,1,ESTORM,SWD,Recreation Ground,ci:596409,Tumelo Simelane,3.0,21,1,cricbuzz
136178,2025-26,2025-11-12 11:00,1,ESTORM,SWD,Recreation Ground,cb:18582,Andrew Rasemene,4.0,36,1,cricbuzz
136178,2025-26,2025-11-12 11:00,1,ESTORM,SWD,Recreation Ground,ci:1070696,Amaan Khan,4.0,38,1,cricbuzz
136178,2025-26,2025-11-12 11:00,1,ESTORM,SWD,Recreation Ground,cb:1464659,Kaylan Archary,4.0,41,1,cricbuzz
136178,2025-26,2025-11-12 11:00,1,ESTORM,SWD,Recreation Ground,ci:297484,Ernest Kemm,3.0,24,2,cricbuzz
136178,2025-26,2025-11-12 11:00,1,ESTORM,SWD,Recreation Ground,ci:543324,Jurie Snyman,2.0,9,0,cricbuzz
136178,2025-26,2025-11-12 11:00,2,SWD,ESTORM,Recreation Ground,cb:1463245,Jade Richter,4.0,26,2,cricbuzz
136178,2025-26,2025-11-12 11:00,2,SWD,ESTORM,Recreation Ground,ci:1070726,Liam Alder,4.0,27,0,cricbuzz
136178,2025-26,2025-11-12 11:00,2,SWD,ESTORM,Recreation Ground,ci:1070763,Banele Cele,3.1,30,0,cricbuzz
136178,2025-26,2025-11-12 11:00,2,SWD,ESTORM,Recreation Ground,cb:1431291,Zack Momberg,1.0,17,0,cricbuzz
136178,2025-26,2025-11-12 11:00,2,SWD,ESTORM,Recreation Ground,ci:948605,Mondli Khumalo,3.0,37,0,cricbuzz
136178,2025-26,2025-11-12 11:00,2,SWD,ESTORM,Recreation Ground,ci:952211,Kyle Jacobs,4.0,41,2,cricbuzz
136189,2025-26,2025-11-12 11:00,1,NCAPE,BOR,Buffalo Park,cb:20322,Benjamin Van Rensburg,4.0,28,1,cricbuzz
136189,2025-26,2025-11-12 11:00,1,NCAPE,BOR,Buffalo Park,ci:1508580,Ruan Van Rooyen,4.0,27,1,cricbuzz
136189,2025-26,2025-11-12 11:00,1,NCAPE,BOR,Buffalo Park,ci:948545,Motlhoaring,2.0,27,0,cricbuzz
136189,2025-26,2025-11-12 11:00,1,NCAPE,BOR,Buffalo Park,ci:280267,Terblanche,4.0,41,1,cricbuzz
136189,2025-26,2025-11-12 11:00,1,NCAPE,BOR,Buffalo Park,cb:1423883,Ethan Frosler,2.0,16,0,cricbuzz
136189,2025-26,2025-11-12 11:00,1,NCAPE,BOR,Buffalo Park,ci:550226,Ntuli,4.0,34,1,cricbuzz
136189,2025-26,2025-11-12 11:00,2,BOR,NCAPE,Buffalo Park,ci:695245,Thando Ntini,4.0,16,2,cricbuzz
136189,2025-26,2025-11-12 11:00,2,BOR,NCAPE,Buffalo Park,ci:1341104,Jan Hardus Coetzer,4.0,31,1,cricbuzz
136189,2025-26,2025-11-12 11:00,2,BOR,NCAPE,Buffalo Park,ci:1203962,Alindile Mhletywa,3.0,28,1,cricbuzz
136189,2025-26,2025-11-12 11:00,2,BOR,NCAPE,Buffalo Park,ci:948513,Kgaudisa Molefe,4.0,14,1,cricbuzz
136189,2025-26,2025-11-12 11:00,2,BOR,NCAPE,Buffalo Park,cb:50454,Thozama Totana,4.0,18,2,cricbuzz
136189,2025-26,2025-11-12 11:00,2,BOR,NCAPE,Buffalo Park,ci:946367,Michael Copeland,1.0,4,1,cricbuzz
136200,2025-26,2025-11-12 11:00,1,LIMPO,MPR,"Uplands College, White River",cb:33204,Maphekgola Pootona,4.0,16,1,cricbuzz
136200,2025-26,2025-11-12 11:00,1,LIMPO,MPR,"Uplands College, White River",ci:696479,Atwell Mokgoloboto,4.0,13,3,cricbuzz
136200,2025-26,2025-11-12 11:00,1,LIMPO,MPR,"Uplands College, White River",ci:807039,Irvin Modimokoane,4.0,38,1,cricbuzz
136200,2025-26,2025-11-12 11:00,1,LIMPO,MPR,"Uplands College, White River",cb:55638,Kyle Landsberg,4.0,29,0,cricbuzz
136200,2025-26,2025-11-12 11:00,1,LIMPO,MPR,"Uplands College, White River",ci:1071995,Emmanuel Motswiri,3.4,27,4,cricbuzz
136200,2025-26,2025-11-12 11:00,2,MPR,LIMPO,"Uplands College, White River",ci:696337,Tetelo Maphaka,1.0,1,0,cricbuzz
136200,2025-26,2025-11-12 11:00,2,MPR,LIMPO,"Uplands College, White River",cb:20362,Gareth Dukes,3.0,24,1,cricbuzz
136200,2025-26,2025-11-12 11:00,2,MPR,LIMPO,"Uplands College, White River",ci:1070624,Jon Hinrichsen,4.0,13,2,cricbuzz
136200,2025-26,2025-11-12 11:00,2,MPR,LIMPO,"Uplands College, White River",ci:276843,Aubrey Swanepoel,4.0,18,2,cricbuzz
136200,2025-26,2025-11-12 11:00,2,MPR,LIMPO,"Uplands College, White River",cb:13325,Hermann Rolfes,4.0,24,0,cricbuzz
136200,2025-26,2025-11-12 11:00,2,MPR,LIMPO,"Uplands College, White River",ci:699719,Smangaliso Nhlebela,1.0,6,1,cricbuzz
136200,2025-26,2025-11-12 11:00,2,MPR,LIMPO,"Uplands College, White River",ci:1507531,Bryn Brokensha,3.0,24,1,cricbuzz
136224,2025-26,2025-11-15 11:00,1,ESTORM,LIMPO,Willowmoore Park,ci:596409,Tumelo Simelane,4.0,13,3,cricbuzz
136224,2025-26,2025-11-15 11:00,1,ESTORM,LIMPO,Willowmoore Park,cb:18582,Andrew Rasemene,4.0,22,2,cricbuzz
136224,2025-26,2025-11-15 11:00,1,ESTORM,LIMPO,Willowmoore Park,ci:1070696,Amaan Khan,3.0,31,1,cricbuzz
136224,2025-26,2025-11-15 11:00,1,ESTORM,LIMPO,Willowmoore Park,ci:297484,Ernest Kemm,3.0,10,0,cricbuzz
136224,2025-26,2025-11-15 11:00,1,ESTORM,LIMPO,Willowmoore Park,cb:1431059,Shaveer Khan,2.0,16,0,cricbuzz
136224,2025-26,2025-11-15 11:00,1,ESTORM,LIMPO,Willowmoore Park,ci:543324,Jurie Snyman,1.0,5,1,cricbuzz
136224,2025-26,2025-11-15 11:00,2,LIMPO,ESTORM,Willowmoore Park,ci:696479,Atwell Mokgoloboto,1.0,15,0,cricbuzz
136224,2025-26,2025-11-15 11:00,2,LIMPO,ESTORM,Willowmoore Park,cb:33204,Maphekgola Pootona,1.1,7,0,cricbuzz
136224,2025-26,2025-11-15 11:00,2,LIMPO,ESTORM,Willowmoore Park,ci:807039,Irvin Modimokoane,1.0,10,0,cricbuzz
136224,2025-26,2025-11-15 11:00,2,LIMPO,ESTORM,Willowmoore Park,ci:595832,Don Radebe,2.0,15,2,cricbuzz
136224,2025-26,2025-11-15 11:00,2,LIMPO,ESTORM,Willowmoore Park,ci:1071995,Emmanuel Motswiri,1.0,8,0,cricbuzz
136235,2025-26,2025-11-18 11:00,1,KNG,BOR,Mangaung Oval,cb:10172,Magala,3.0,25,1,cricbuzz
136235,2025-26,2025-11-18 11:00,1,KNG,BOR,Mangaung Oval,cb:9708,Siboto,3.0,19,0,cricbuzz
136235,2025-26,2025-11-18 11:00,1,KNG,BOR,Mangaung Oval,ci:1070783,Mbongiseni Mhlanga,4.0,20,3,cricbuzz
136235,2025-26,2025-11-18 11:00,1,KNG,BOR,Mangaung Oval,ci:543187,Johan van Dyk,3.0,28,0,cricbuzz
136235,2025-26,2025-11-18 11:00,1,KNG,BOR,Mangaung Oval,ci:1509595,Ruben du Toit,4.0,33,2,cricbuzz
136235,2025-26,2025-11-18 11:00,1,KNG,BOR,Mangaung Oval,ci:594329,Snyman,2.0,5,0,cricbuzz
136235,2025-26,2025-11-18 11:00,1,KNG,BOR,Mangaung Oval,ci:1402469,Seth Fledermaus,1.0,4,1,cricbuzz
136235,2025-26,2025-11-18 11:00,2,BOR,KNG,Mangaung Oval,cb:51644,Lihle Sizani,2.0,13,1,cricbuzz
136235,2025-26,2025-11-18 11:00,2,BOR,KNG,Mangaung Oval,ci:1341104,Jan Hardus Coetzer,2.0,20,0,cricbuzz
136235,2025-26,2025-11-18 11:00,2,BOR,KNG,Mangaung Oval,ci:1203962,Alindile Mhletywa,2.0,25,0,cricbuzz
136235,2025-26,2025-11-18 11:00,2,BOR,KNG,Mangaung Oval,cb:50454,Thozama Totana,3.0,6,1,cricbuzz
136235,2025-26,2025-11-18 11:00,2,BOR,KNG,Mangaung Oval,ci:948513,Kgaudisa Molefe,2.4,8,0,cricbuzz
136246,2025-26,2025-11-19 11:00,1,MPR,SWD,Recreation Ground,cb:20362,Gareth Dukes,3.0,29,0,cricbuzz
136246,2025-26,2025-11-19 11:00,1,MPR,SWD,Recreation Ground,ci:696337,Tetelo Maphaka,1.0,13,0,cricbuzz
136246,2025-26,2025-11-19 11:00,1,MPR,SWD,Recreation Ground,ci:1070624,Hinrichsen,4.0,33,1,cricbuzz
136246,2025-26,2025-11-19 11:00,1,MPR,SWD,Recreation Ground,cb:13325,Hermann Rolfes,4.0,23,2,cricbuzz
136246,2025-26,2025-11-19 11:00,1,MPR,SWD,Recreation Ground,ci:276843,Swanepoel,4.0,17,1,cricbuzz
136246,2025-26,2025-11-19 11:00,1,MPR,SWD,Recreation Ground,ci:1507531,Bryn Brokensha,3.0,23,1,cricbuzz
136246,2025-26,2025-11-19 11:00,1,MPR,SWD,Recreation Ground,ci:699719,Smangaliso Nhlebela,1.0,13,0,cricbuzz
136246,2025-26,2025-11-19 11:00,2,SWD,MPR,Recreation Ground,cb:1463245,Jade Richter,4.0,37,1,cricbuzz
136246,2025-26,2025-11-19 11:00,2,SWD,MPR,Recreation Ground,ci:1070726,Liam Alder,4.0,7,3,cricbuzz
136246,2025-26,2025-11-19 11:00,2,SWD,MPR,Recreation Ground,ci:1070763,Banele Cele,4.0,19,2,cricbuzz
136246,2025-26,2025-11-19 11:00,2,SWD,MPR,Recreation Ground,cb:50808,Liyabona Malife,2.2,7,1,cricbuzz
136246,2025-26,2025-11-19 11:00,2,SWD,MPR,Recreation Ground,ci:952211,Kyle Jacobs,2.0,11,0,cricbuzz
136246,2025-26,2025-11-19 11:00,2,SWD,MPR,Recreation Ground,ci:948605,Mondli Khumalo,3.0,24,3,cricbuzz
136257,2025-26,2025-11-21 11:00,1,SWD,BOR,Buffalo Park,cb:1463245,Jade Richter,4.0,24,3,cricbuzz
136257,2025-26,2025-11-21 11:00,1,SWD,BOR,Buffalo Park,ci:1070726,Liam Alder,4.0,24,0,cricbuzz
136257,2025-26,2025-11-21 11:00,1,SWD,BOR,Buffalo Park,ci:1070763,Banele Cele,3.0,29,0,cricbuzz
136257,2025-26,2025-11-21 11:00,1,SWD,BOR,Buffalo Park,cb:50808,Liyabona Malife,4.0,29,0,cricbuzz
136257,2025-26,2025-11-21 11:00,1,SWD,BOR,Buffalo Park,ci:952211,Kyle Jacobs,2.0,19,1,cricbuzz
136257,2025-26,2025-11-21 11:00,1,SWD,BOR,Buffalo Park,ci:948605,Mondli Khumalo,3.0,30,0,cricbuzz
136257,2025-26,2025-11-21 11:00,2,BOR,SWD,Buffalo Park,ci:695245,Thando Ntini,4.0,16,4,cricbuzz
136257,2025-26,2025-11-21 11:00,2,BOR,SWD,Buffalo Park,ci:1341104,Jan Hardus Coetzer,4.0,32,1,cricbuzz
136257,2025-26,2025-11-21 11:00,2,BOR,SWD,Buffalo Park,ci:1203962,Alindile Mhletywa,4.0,23,3,cricbuzz
136257,2025-26,2025-11-21 11:00,2,BOR,SWD,Buffalo Park,cb:50454,Thozama Totana,4.0,32,1,cricbuzz
136257,2025-26,2025-11-21 11:00,2,BOR,SWD,Buffalo Park,ci:948513,Kgaudisa Molefe,4.0,22,0,cricbuzz
136268,2025-26,2025-11-23 11:00,1,BOR,KNG,Mangaung Oval,ci:695245,Thando Ntini,3.0,26,1,cricbuzz
136268,2025-26,2025-11-23 11:00,1,BOR,KNG,Mangaung Oval,ci:1341104,Jan Hardus Coetzer,3.0,36,0,cricbuzz
136268,2025-26,2025-11-23 11:00,1,BOR,KNG,Mangaung Oval,ci:1203962,Alindile Mhletywa,4.0,31,2,cricbuzz
136268,2025-26,2025-11-23 11:00,1,BOR,KNG,Mangaung Oval,ci:948513,Kgaudisa Molefe,4.0,18,2,cricbuzz
136268,2025-26,2025-11-23 11:00,1,BOR,KNG,Mangaung Oval,cb:50454,Thozama Totana,2.0,20,1,cricbuzz
136268,2025-26,2025-11-23 11:00,1,BOR,KNG,Mangaung Oval,ci:946367,Michael Copeland,4.0,23,1,cricbuzz
136268,2025-26,2025-11-23 11:00,2,KNG,BOR,Mangaung Oval,cb:10172,Sisanda Magala,3.0,16,2,cricbuzz
136268,2025-26,2025-11-23 11:00,2,KNG,BOR,Mangaung Oval,ci:696439,Tiaan van Vuuren,4.0,28,0,cricbuzz
136268,2025-26,2025-11-23 11:00,2,KNG,BOR,Mangaung Oval,cb:1464059,Ross Boast,2.0,23,0,cricbuzz
136268,2025-26,2025-11-23 11:00,2,KNG,BOR,Mangaung Oval,ci:1070783,Mbongiseni Mhlanga,3.0,18,0,cricbuzz
136268,2025-26,2025-11-23 11:00,2,KNG,BOR,Mangaung Oval,cb:9708,Malusi Siboto,4.0,25,1,cricbuzz
136268,2025-26,2025-11-23 11:00,2,KNG,BOR,Mangaung Oval,ci:594329,Jacques Snyman,4.0,31,3,cricbuzz
172981,2026,2026-09-25 12:00,1,NWEST,WAR,SuperSport Park,ci:429886,Wihan Lubbe,3.0,9,3,cricbuzz
172981,2026,2026-09-25 12:00,1,NWEST,WAR,SuperSport Park,cb:10079,Daryn Dupavillon,4.0,23,1,cricbuzz
172981,2026,2026-09-25 12:00,1,NWEST,WAR,SuperSport Park,cb:14429,Onke Nyaku,3.0,28,1,cricbuzz
172981,2026,2026-09-25 12:00,1,NWEST,WAR,SuperSport Park,ci:688143,Shimane Alfred Mothoa,2.0,13,0,cricbuzz
172981,2026,2026-09-25 12:00,1,NWEST,WAR,SuperSport Park,ci:698321,Ruan de Swardt,4.0,27,0,cricbuzz
172981,2026,2026-09-25 12:00,1,NWEST,WAR,SuperSport Park,ci:946365,Caleb Seleka,4.0,23,1,cricbuzz
172981,2026,2026-09-25 12:00,2,WAR,NWEST,SuperSport Park,ci:1255248,Jordan Hermann,3.0,18,0,cricbuzz
172981,2026,2026-09-25 12:00,2,WAR,NWEST,SuperSport Park,ci:379927,Beuran Hendricks,2.0,19,1,cricbuzz
172981,2026,2026-09-25 12:00,2,WAR,NWEST,SuperSport Park,ci:594335,Kerwin Mungroo,3.3,30,0,cricbuzz
172981,2026,2026-09-25 12:00,2,WAR,NWEST,SuperSport Park,ci:1072026,Gideon Peters,3.0,38,0,cricbuzz
172981,2026,2026-09-25 12:00,2,WAR,NWEST,SuperSport Park,ci:381006,Thomas Kaber,3.0,15,2,cricbuzz
172981,2026,2026-09-25 12:00,2,WAR,NWEST,SuperSport Park,ci:499560,Patrick Kruger,1.0,9,0,cricbuzz
172991,2026,2026-09-25 16:00,1,TIT,WPR,SuperSport Park,ci:698319,Beyers Swanepoel,3.0,19,0,cricbuzz
172991,2026,2026-09-25 16:00,1,TIT,WPR,SuperSport Park,ci:698343,Eathan Bosch,4.0,30,1,cricbuzz
172991,2026,2026-09-25 16:00,1,TIT,WPR,SuperSport Park,ci:550189,Dayyaan Galiem,4.0,38,2,cricbuzz
172991,2026,2026-09-25 16:00,1,TIT,WPR,SuperSport Park,cb:10173,Tabraiz Shamsi,3.0,34,0,cricbuzz
172991,2026,2026-09-25 16:00,1,TIT,WPR,SuperSport Park,ci:545467,Junior Dala,2.0,21,1,cricbuzz
172991,2026,2026-09-25 16:00,1,TIT,WPR,SuperSport Park,ci:1282002,Aphiwe Mnyanda,2.0,23,0,cricbuzz
172991,2026,2026-09-25 16:00,1,TIT,WPR,SuperSport Park,ci:698315,Donovan Ferreira,2.0,20,0,cricbuzz
172991,2026,2026-09-25 16:00,2,WPR,TIT,SuperSport Park,cb:17026,Mihlali Mpongwana,2.0,17,0,cricbuzz
172991,2026,2026-09-25 16:00,2,WPR,TIT,SuperSport Park,ci:1418278,Raeeq Daniels,4.0,27,3,cricbuzz
172991,2026,2026-09-25 16:00,2,WPR,TIT,SuperSport Park,ci:1385642,Oliver Whitehead,2.0,32,0,cricbuzz
172991,2026,2026-09-25 16:00,2,WPR,TIT,SuperSport Park,ci:594235,Tshepo Lebohang Moreki,3.5,52,2,cricbuzz
172991,2026,2026-09-25 16:00,2,WPR,TIT,SuperSport Park,ci:481875,George Linde,2.0,34,0,cricbuzz
172991,2026,2026-09-25 16:00,2,WPR,TIT,SuperSport Park,ci:825405,Jody Lawrence,1.0,25,0,cricbuzz
173010,2026,2026-09-27 11:00,1,DOL,LIONS,Kingsmead,ci:1071000,Bryce Parsons,3.0,42,0,cricbuzz
173010,2026,2026-09-27 11:00,1,DOL,LIONS,Kingsmead,ci:595618,Okuhle Cele,4.0,39,1,cricbuzz
173010,2026,2026-09-27 11:00,1,DOL,LIONS,Kingsmead,ci:1451597,Bayanda Majola,2.0,21,0,cricbuzz
173010,2026,2026-09-27 11:00,1,DOL,LIONS,Kingsmead,ci:437438,Prenelan Subrayen,4.0,28,1,cricbuzz
173010,2026,2026-09-27 11:00,1,DOL,LIONS,Kingsmead,ci:498582,Jason Smith,3.0,25,0,cricbuzz
173010,2026,2026-09-27 11:00,1,DOL,LIONS,Kingsmead,ci:1385637,Tristan Luus,4.0,47,2,cricbuzz
173010,2026,2026-09-27 11:00,2,LIONS,DOL,Kingsmead,ci:949461,Codi Yusuf,4.0,38,2,cricbuzz
173010,2026,2026-09-27 11:00,2,LIONS,DOL,Kingsmead,cb:11208,Lutho Sipamla,4.0,37,1,cricbuzz
173010,2026,2026-09-27 11:00,2,LIONS,DOL,Kingsmead,cb:11200,Wiaan Mulder,4.0,31,2,cricbuzz
173010,2026,2026-09-27 11:00,2,LIONS,DOL,Kingsmead,ci:596442,Delano Potgieter,2.0,23,1,cricbuzz
173010,2026,2026-09-27 11:00,2,LIONS,DOL,Kingsmead,ci:946483,Nqabayomzi Peter,4.0,46,0,cricbuzz
173010,2026,2026-09-27 11:00,2,LIONS,DOL,Kingsmead,ci:269280,Reeza Hendricks,2.0,18,0,cricbuzz
173027,2026,2026-09-27 11:00,1,TIT,MPR,"Uplands College, White River",ci:698319,Beyers Swanepoel,2.0,21,1,cricbuzz
173027,2026,2026-09-27 11:00,1,TIT,MPR,"Uplands College, White River",ci:550189,Dayyaan Galiem,2.0,23,1,cricbuzz
173027,2026,2026-09-27 11:00,1,TIT,MPR,"Uplands College, White River",ci:1479495,Janco Smit,2.0,30,0,cricbuzz
173027,2026,2026-09-27 11:00,2,MPR,TIT,"Uplands College, White River",ci:1070624,Jon Hinrichsen,2.0,29,1,cricbuzz
173027,2026,2026-09-27 11:00,2,MPR,TIT,"Uplands College, White River",ci:1349906,Thabile Hlatuka,2.0,31,0,cricbuzz
173027,2026,2026-09-27 11:00,2,MPR,TIT,"Uplands College, White River",ci:1507531,Bryn Brokensha,1.0,19,0,cricbuzz
173017,2026,2026-09-27 16:00,1,WPR,KNG,Newlands,ci:1418278,Raeeq Daniels,4.0,38,1,cricbuzz
173017,2026,2026-09-27 16:00,1,WPR,KNG,Newlands,ci:481875,George Linde,2.0,14,0,cricbuzz
173017,2026,2026-09-27 16:00,1,WPR,KNG,Newlands,ci:594235,Tshepo Lebohang Moreki,4.0,29,1,cricbuzz
173017,2026,2026-09-27 16:00,1,WPR,KNG,Newlands,ci:825405,Jody Lawrence,2.0,18,1,cricbuzz
173017,2026,2026-09-27 16:00,1,WPR,KNG,Newlands,ci:1088083,Josh Breed,4.0,31,3,cricbuzz
173017,2026,2026-09-27 16:00,1,WPR,KNG,Newlands,ci:698311,Joshua van Heerden,1.0,10,0,cricbuzz
173017,2026,2026-09-27 16:00,1,WPR,KNG,Newlands,cb:17026,Mihlali Mpongwana,3.0,22,1,cricbuzz
173017,2026,2026-09-27 16:00,2,KNG,WPR,Newlands,ci:696439,Tiaan van Vuuren,4.0,28,1,cricbuzz
173017,2026,2026-09-27 16:00,2,KNG,WPR,Newlands,ci:594329,Jacques Snyman,3.0,22,1,cricbuzz
173017,2026,2026-09-27 16:00,2,KNG,WPR,Newlands,ci:1070783,Mbongiseni Mhlanga,1.0,6,0,cricbuzz
173017,2026,2026-09-27 16:00,2,KNG,WPR,Newlands,ci:1071995,Emmanuel Motswiri,4.0,42,0,cricbuzz
173017,2026,2026-09-27 16:00,2,KNG,WPR,Newlands,cb:9708,Malusi Siboto,3.4,36,1,cricbuzz
173017,2026,2026-09-27 16:00,2,KNG,WPR,Newlands,ci:379926,Dane Piedt,4.0,33,1,cricbuzz
173031,2026,2026-09-28 11:00,1,NWEST,BOR,Buffalo Park,cb:10079,Daryn Dupavillon,4.0,14,1,cricbuzz
173031,2026,2026-09-28 11:00,1,NWEST,BOR,Buffalo Park,ci:698321,Ruan de Swardt,3.0,31,0,cricbuzz
173031,2026,2026-09-28 11:00,1,NWEST,BOR,Buffalo Park,cb:13151,Mthiwekhaya Nabe,3.0,29,0,cricbuzz
173031,2026,2026-09-28 11:00,1,NWEST,BOR,Buffalo Park,ci:688143,Shimane Alfred Mothoa,4.0,31,0,cricbuzz
173031,2026,2026-09-28 11:00,1,NWEST,BOR,Buffalo Park,ci:946365,Caleb Seleka,4.0,32,2,cricbuzz
173031,2026,2026-09-28 11:00,1,NWEST,BOR,Buffalo Park,ci:429886,Wihan Lubbe,2.0,9,1,cricbuzz
173031,2026,2026-09-28 11:00,2,BOR,NWEST,Buffalo Park,ci:596392,Sithembile Langa,4.0,18,3,cricbuzz
173031,2026,2026-09-28 11:00,2,BOR,NWEST,Buffalo Park,ci:1341104,Jan Hardus Coetzer,3.0,16,0,cricbuzz
173031,2026,2026-09-28 11:00,2,BOR,NWEST,Buffalo Park,ci:1203962,Alindile Mhletywa,4.0,52,0,cricbuzz
173031,2026,2026-09-28 11:00,2,BOR,NWEST,Buffalo Park,cb:9489,Ayabulela Gqamane,2.0,20,0,cricbuzz
173031,2026,2026-09-28 11:00,2,BOR,NWEST,Buffalo Park,ci:946367,Michael Copeland,3.0,14,1,cricbuzz
173031,2026,2026-09-28 11:00,2,BOR,NWEST,Buffalo Park,ci:948513,Kgaudisa Molefe,4.0,17,4,cricbuzz
173133,2026,2026-09-29 12:00,1,LIMPO,WAR,St George's Park,ci:696479,Atwell Mokgoloboto,3.0,18,0,cricbuzz
173133,2026,2026-09-29 12:00,1,LIMPO,WAR,St George's Park,ci:1253296,Thomas Mayes,4.0,32,0,cricbuzz
173133,2026,2026-09-29 12:00,1,LIMPO,WAR,St George's Park,ci:427964,Marcello Piedt,3.0,38,2,cricbuzz
173133,2026,2026-09-29 12:00,1,LIMPO,WAR,St George's Park,ci:807039,Irvin Modimokoane,3.0,30,0,cricbuzz
173133,2026,2026-09-29 12:00,1,LIMPO,WAR,St George's Park,ci:595832,Don Radebe,4.0,30,1,cricbuzz
173133,2026,2026-09-29 12:00,1,LIMPO,WAR,St George's Park,ci:1337353,Abdullah Bayoumy,1.0,10,0,cricbuzz
173133,2026,2026-09-29 12:00,1,LIMPO,WAR,St George's Park,ci:297484,Ernest Kemm,2.0,10,1,cricbuzz
173133,2026,2026-09-29 12:00,2,WAR,LIMPO,St George's Park,ci:594335,Kerwin Mungroo,4.0,31,1,cricbuzz
173133,2026,2026-09-29 12:00,2,WAR,LIMPO,St George's Park,ci:379927,Beuran Hendricks,4.0,34,1,cricbuzz
173133,2026,2026-09-29 12:00,2,WAR,LIMPO,St George's Park,ci:1412823,Wesley Bedja,4.0,21,0,cricbuzz
173133,2026,2026-09-29 12:00,2,WAR,LIMPO,St George's Park,cb:9801,Sibonelo Makhanya,2.0,18,0,cricbuzz
173133,2026,2026-09-29 12:00,2,WAR,LIMPO,St George's Park,ci:381006,Thomas Kaber,4.0,25,4,cricbuzz
173133,2026,2026-09-29 12:00,2,WAR,LIMPO,St George's Park,ci:1255248,Jordan Hermann,2.0,10,0,cricbuzz
173143,2026,2026-09-29 16:00,1,BOL,KNG,Boland Park,ci:481803,Glenton Stuurman,4.0,36,1,cricbuzz
173143,2026,2026-09-29 16:00,1,BOL,KNG,Boland Park,ci:596537,Siyabonga Mahima,3.0,23,0,cricbuzz
173143,2026,2026-09-29 16:00,1,BOL,KNG,Boland Park,ci:595882,Akhona Mnyaka,2.0,18,1,cricbuzz
173143,2026,2026-09-29 16:00,1,BOL,KNG,Boland Park,ci:437506,Imran Manack,4.0,28,1,cricbuzz
173143,2026,2026-09-29 16:00,1,BOL,KNG,Boland Park,ci:549288,Ferisco Adams,2.0,22,0,cricbuzz
173143,2026,2026-09-29 16:00,1,BOL,KNG,Boland Park,ci:742489,Neil Brand,2.0,13,0,cricbuzz
173143,2026,2026-09-29 16:00,1,BOL,KNG,Boland Park,ci:1255246,Lehan Botha,3.0,19,1,cricbuzz
173143,2026,2026-09-29 16:00,2,KNG,BOL,Boland Park,ci:594329,Jacques Snyman,2.0,9,0,cricbuzz
173143,2026,2026-09-29 16:00,2,KNG,BOL,Boland Park,ci:379926,Dane Piedt,4.0,35,2,cricbuzz
173143,2026,2026-09-29 16:00,2,KNG,BOL,Boland Park,ci:696439,Tiaan van Vuuren,3.0,38,1,cricbuzz
173143,2026,2026-09-29 16:00,2,KNG,BOL,Boland Park,cb:9708,Malusi Siboto,4.0,23,1,cricbuzz
173143,2026,2026-09-29 16:00,2,KNG,BOL,Boland Park,ci:1070783,Mbongiseni Mhlanga,3.0,23,0,cricbuzz
173143,2026,2026-09-29 16:00,2,KNG,BOL,Boland Park,cb:13629,Junaid Dawood,2.0,20,0,cricbuzz
173143,2026,2026-09-29 16:00,2,KNG,BOL,Boland Park,ci:1071995,Emmanuel Motswiri,2.0,13,0,cricbuzz
cs1003843,2016-17,2016-11-12,1,WPR,KNG,"New Wanderers Stadium, Johannesburg",ci:45949,RK Kleinveldt,3.0,15,0,cricsheet
cs1003843,2016-17,2016-11-12,1,WPR,KNG,"New Wanderers Stadium, Johannesburg",ci:327947,D Paterson,4.0,40,3,cricsheet
cs1003843,2016-17,2016-11-12,1,WPR,KNG,"New Wanderers Stadium, Johannesburg",ci:230559,KA Pollard,4.0,29,1,cricsheet
cs1003843,2016-17,2016-11-12,1,WPR,KNG,"New Wanderers Stadium, Johannesburg",ci:481875,GF Linde,4.0,34,2,cricsheet
cs1003843,2016-17,2016-11-12,1,WPR,KNG,"New Wanderers Stadium, Johannesburg",ci:594235,TL Moreki,1.0,14,0,cricsheet
cs1003843,2016-17,2016-11-12,1,WPR,KNG,"New Wanderers Stadium, Johannesburg",ci:498582,JF Smith,2.0,25,2,cricsheet
cs1003843,2016-17,2016-11-12,1,WPR,KNG,"New Wanderers Stadium, Johannesburg",ci:314991,A Mgijima,2.0,20,0,cricsheet
cs1003843,2016-17,2016-11-12,2,KNG,WPR,"New Wanderers Stadium, Johannesburg",ci:44938,D du Preez,3.0,19,1,cricsheet
cs1003843,2016-17,2016-11-12,2,KNG,WPR,"New Wanderers Stadium, Johannesburg",ci:393279,M de Lange,3.2,17,3,cricsheet
cs1003843,2016-17,2016-11-12,2,KNG,WPR,"New Wanderers Stadium, Johannesburg",ci:334621,SC van Schalkwyk,3.0,31,1,cricsheet
cs1003843,2016-17,2016-11-12,2,KNG,WPR,"New Wanderers Stadium, Johannesburg",ci:594336,LM Zuma,4.0,20,1,cricsheet
cs1003843,2016-17,2016-11-12,2,KNG,WPR,"New Wanderers Stadium, Johannesburg",ci:550226,T Ntuli,2.0,25,1,cricsheet
cs1003843,2016-17,2016-11-12,2,KNG,WPR,"New Wanderers Stadium, Johannesburg",ci:499560,PE Kruger,2.0,30,2,cricsheet
cs1003845,2016-17,2016-11-12,1,LIONS,TIT,"New Wanderers Stadium, Johannesburg",ci:375126,GC Viljoen,4.0,34,2,cricsheet
cs1003845,2016-17,2016-11-12,1,LIONS,TIT,"New Wanderers Stadium, Johannesburg",ci:553249,BC Fortuin,1.0,5,0,cricsheet
cs1003845,2016-17,2016-11-12,1,LIONS,TIT,"New Wanderers Stadium, Johannesburg",ci:698189,PWA Mulder,4.0,56,0,cricsheet
cs1003845,2016-17,2016-11-12,1,LIONS,TIT,"New Wanderers Stadium, Johannesburg",ci:486490,MK McGillivray,4.0,43,1,cricsheet
cs1003845,2016-17,2016-11-12,1,LIONS,TIT,"New Wanderers Stadium, Johannesburg",ci:46942,AM Phangiso,4.0,28,0,cricsheet
cs1003845,2016-17,2016-11-12,1,LIONS,TIT,"New Wanderers Stadium, Johannesburg",ci:46149,E Leie,3.0,26,1,cricsheet
cs1003845,2016-17,2016-11-12,2,TIT,LIONS,"New Wanderers Stadium, Johannesburg",ci:46248,JA Morkel,4.0,12,3,cricsheet
cs1003845,2016-17,2016-11-12,2,TIT,LIONS,"New Wanderers Stadium, Johannesburg",ci:221140,D Wiese,4.0,41,0,cricsheet
cs1003845,2016-17,2016-11-12,2,TIT,LIONS,"New Wanderers Stadium, Johannesburg",ci:542023,L Ngidi,4.0,42,2,cricsheet
cs1003845,2016-17,2016-11-12,2,TIT,LIONS,"New Wanderers Stadium, Johannesburg",ci:230861,MP Siboto,3.0,21,2,cricsheet
cs1003845,2016-17,2016-11-12,2,TIT,LIONS,"New Wanderers Stadium, Johannesburg",ci:393289,S von Berg,4.0,24,1,cricsheet
cs1003845,2016-17,2016-11-12,2,TIT,LIONS,"New Wanderers Stadium, Johannesburg",ci:44752,H Davids,1.0,7,0,cricsheet
cs1003847,2016-17,2016-11-13,1,WAR,DOL,"Kingsmead, Durban",ci:316909,BD Walters,3.0,20,1,cricsheet
cs1003847,2016-17,2016-11-13,1,WAR,DOL,"Kingsmead, Durban",ci:44413,ACR Birch,4.0,16,3,cricsheet
cs1003847,2016-17,2016-11-13,1,WAR,DOL,"Kingsmead, Durban",ci:379776,SSB Magala,4.0,32,1,cricsheet
cs1003847,2016-17,2016-11-13,1,WAR,DOL,"Kingsmead, Durban",ci:379774,CN Ackermann,3.0,13,1,cricsheet
cs1003847,2016-17,2016-11-13,1,WAR,DOL,"Kingsmead, Durban",ci:280490,JT Smuts,3.0,18,1,cricsheet
cs1003847,2016-17,2016-11-13,1,WAR,DOL,"Kingsmead, Durban",ci:437691,SSN Nqweni,3.0,14,2,cricsheet
cs1003847,2016-17,2016-11-13,2,DOL,WAR,"Kingsmead, Durban",ci:45204,R Frylinck,3.0,22,0,cricsheet
cs1003847,2016-17,2016-11-13,2,DOL,WAR,"Kingsmead, Durban",ci:230860,M Shezi,2.5,18,0,cricsheet
cs1003847,2016-17,2016-11-13,2,DOL,WAR,"Kingsmead, Durban",ci:540316,AL Phehlukwayo,2.0,3,2,cricsheet
cs1003847,2016-17,2016-11-13,2,DOL,WAR,"Kingsmead, Durban",ci:44019,CJ Alexander,1.0,15,0,cricsheet
cs1003847,2016-17,2016-11-13,2,DOL,WAR,"Kingsmead, Durban",ci:40618,Imran Tahir,3.0,28,1,cricsheet
cs1003847,2016-17,2016-11-13,2,DOL,WAR,"Kingsmead, Durban",ci:322810,CS Delport,2.0,12,0,cricsheet
cs1003847,2016-17,2016-11-13,2,DOL,WAR,"Kingsmead, Durban",ci:277797,K Nipper,2.0,14,0,cricsheet
cs1003849,2016-17,2016-11-16,1,TIT,WPR,"Boland Park, Paarl",ci:46248,JA Morkel,2.0,13,0,cricsheet
cs1003849,2016-17,2016-11-16,1,TIT,WPR,"Boland Park, Paarl",ci:221140,D Wiese,3.0,18,1,cricsheet
cs1003849,2016-17,2016-11-16,1,TIT,WPR,"Boland Park, Paarl",ci:542023,L Ngidi,4.0,21,2,cricsheet
cs1003849,2016-17,2016-11-16,1,TIT,WPR,"Boland Park, Paarl",ci:230861,MP Siboto,4.0,35,1,cricsheet
cs1003849,2016-17,2016-11-16,1,TIT,WPR,"Boland Park, Paarl",ci:545467,CJ Dala,4.0,17,2,cricsheet
cs1003849,2016-17,2016-11-16,1,TIT,WPR,"Boland Park, Paarl",ci:393289,S von Berg,3.0,31,0,cricsheet
cs1003849,2016-17,2016-11-16,2,WPR,TIT,"Boland Park, Paarl",ci:327947,D Paterson,3.5,24,1,cricsheet
cs1003849,2016-17,2016-11-16,2,WPR,TIT,"Boland Park, Paarl",ci:45949,RK Kleinveldt,4.0,34,1,cricsheet
cs1003849,2016-17,2016-11-16,2,WPR,TIT,"Boland Park, Paarl",ci:230559,KA Pollard,3.0,26,0,cricsheet
cs1003849,2016-17,2016-11-16,2,WPR,TIT,"Boland Park, Paarl",ci:481875,GF Linde,4.0,24,0,cricsheet
cs1003849,2016-17,2016-11-16,2,WPR,TIT,"Boland Park, Paarl",ci:234064,NM Serame,1.0,7,0,cricsheet
cs1003849,2016-17,2016-11-16,2,WPR,TIT,"Boland Park, Paarl",ci:498582,JF Smith,3.0,23,1,cricsheet
cs1003855,2016-17,2016-11-18,1,TIT,KNG,"Willowmoore Park, Benoni",ci:46248,JA Morkel,4.0,21,2,cricsheet
cs1003855,2016-17,2016-11-18,1,TIT,KNG,"Willowmoore Park, Benoni",ci:221140,D Wiese,4.0,27,2,cricsheet
cs1003855,2016-17,2016-11-18,1,TIT,KNG,"Willowmoore Park, Benoni",ci:542023,L Ngidi,3.0,23,0,cricsheet
cs1003855,2016-17,2016-11-18,1,TIT,KNG,"Willowmoore Park, Benoni",ci:230861,MP Siboto,4.0,38,1,cricsheet
cs1003855,2016-17,2016-11-18,1,TIT,KNG,"Willowmoore Park, Benoni",ci:545467,CJ Dala,4.0,57,0,cricsheet
cs1003855,2016-17,2016-11-18,1,TIT,KNG,"Willowmoore Park, Benoni",ci:393289,S von Berg,1.0,16,0,cricsheet
cs1003855,2016-17,2016-11-18,2,KNG,TIT,"Willowmoore Park, Benoni",ci:393279,M de Lange,4.0,34,2,cricsheet
cs1003855,2016-17,2016-11-18,2,KNG,TIT,"Willowmoore Park, Benoni",ci:44938,D du Preez,4.0,37,1,cricsheet
cs1003855,2016-17,2016-11-18,2,KNG,TIT,"Willowmoore Park, Benoni",ci:334621,SC van Schalkwyk,3.5,26,0,cricsheet
cs1003855,2016-17,2016-11-18,2,KNG,TIT,"Willowmoore Park, Benoni",ci:486679,D Olivier,3.0,37,1,cricsheet
cs1003855,2016-17,2016-11-18,2,KNG,TIT,"Willowmoore Park, Benoni",ci:550226,T Ntuli,1.0,8,0,cricsheet
cs1003855,2016-17,2016-11-18,2,KNG,TIT,"Willowmoore Park, Benoni",ci:464702,DS Rosier,1.0,12,1,cricsheet
cs1003855,2016-17,2016-11-18,2,KNG,TIT,"Willowmoore Park, Benoni",ci:499560,PE Kruger,3.0,29,1,cricsheet
cs1003857,2016-17,2016-11-20,1,DOL,TIT,"Mangaung Oval, Bloemfontein",ci:437438,P Subrayen,3.0,26,0,cricsheet
cs1003857,2016-17,2016-11-20,1,DOL,TIT,"Mangaung Oval, Bloemfontein",ci:230860,M Shezi,4.0,37,0,cricsheet
cs1003857,2016-17,2016-11-20,1,DOL,TIT,"Mangaung Oval, Bloemfontein",ci:45204,R Frylinck,4.0,39,0,cricsheet
cs1003857,2016-17,2016-11-20,1,DOL,TIT,"Mangaung Oval, Bloemfontein",ci:40618,Imran Tahir,4.0,38,1,cricsheet
cs1003857,2016-17,2016-11-20,1,DOL,TIT,"Mangaung Oval, Bloemfontein",ci:262159,M Gqadushe,2.0,17,0,cricsheet
cs1003857,2016-17,2016-11-20,1,DOL,TIT,"Mangaung Oval, Bloemfontein",ci:322810,CS Delport,2.0,11,1,cricsheet
cs1003857,2016-17,2016-11-20,1,DOL,TIT,"Mangaung Oval, Bloemfontein",ci:277797,K Nipper,1.0,12,1,cricsheet
cs1003857,2016-17,2016-11-20,2,TIT,DOL,"Mangaung Oval, Bloemfontein",ci:46248,JA Morkel,2.0,11,0,cricsheet
cs1003857,2016-17,2016-11-20,2,TIT,DOL,"Mangaung Oval, Bloemfontein",ci:545467,CJ Dala,4.0,30,3,cricsheet
cs1003857,2016-17,2016-11-20,2,TIT,DOL,"Mangaung Oval, Bloemfontein",ci:542023,L Ngidi,4.0,18,1,cricsheet
cs1003857,2016-17,2016-11-20,2,TIT,DOL,"Mangaung Oval, Bloemfontein",ci:230861,MP Siboto,4.0,23,1,cricsheet
cs1003857,2016-17,2016-11-20,2,TIT,DOL,"Mangaung Oval, Bloemfontein",ci:221140,D Wiese,2.0,18,0,cricsheet
cs1003857,2016-17,2016-11-20,2,TIT,DOL,"Mangaung Oval, Bloemfontein",ci:393289,S von Berg,4.0,25,3,cricsheet
cs1003859,2016-17,2016-11-20,1,KNG,WAR,"Mangaung Oval, Bloemfontein",ci:393279,M de Lange,4.0,33,1,cricsheet
cs1003859,2016-17,2016-11-20,1,KNG,WAR,"Mangaung Oval, Bloemfontein",ci:486679,D Olivier,4.0,20,1,cricsheet
cs1003859,2016-17,2016-11-20,1,KNG,WAR,"Mangaung Oval, Bloemfontein",ci:381033,P Botha,2.0,17,0,cricsheet
cs1003859,2016-17,2016-11-20,1,KNG,WAR,"Mangaung Oval, Bloemfontein",ci:543041,M Budaza,4.0,34,1,cricsheet
cs1003859,2016-17,2016-11-20,1,KNG,WAR,"Mangaung Oval, Bloemfontein",ci:334621,SC van Schalkwyk,4.0,39,1,cricsheet
cs1003859,2016-17,2016-11-20,1,KNG,WAR,"Mangaung Oval, Bloemfontein",ci:499560,PE Kruger,2.0,13,0,cricsheet
cs1003859,2016-17,2016-11-20,2,WAR,KNG,"Mangaung Oval, Bloemfontein",ci:44413,ACR Birch,3.2,24,2,cricsheet
cs1003859,2016-17,2016-11-20,2,WAR,KNG,"Mangaung Oval, Bloemfontein",ci:316909,BD Walters,3.0,16,3,cricsheet
cs1003859,2016-17,2016-11-20,2,WAR,KNG,"Mangaung Oval, Bloemfontein",ci:379776,SSB Magala,3.0,15,2,cricsheet
cs1003859,2016-17,2016-11-20,2,WAR,KNG,"Mangaung Oval, Bloemfontein",ci:379774,CN Ackermann,3.0,19,0,cricsheet
cs1003859,2016-17,2016-11-20,2,WAR,KNG,"Mangaung Oval, Bloemfontein",ci:280490,JT Smuts,4.0,22,2,cricsheet
cs1003859,2016-17,2016-11-20,2,WAR,KNG,"Mangaung Oval, Bloemfontein",ci:437691,SSN Nqweni,2.0,17,1,cricsheet
cs1003861,2016-17,2016-11-20,1,WPR,LIONS,"Senwes Park, Potchefstroom",ci:327947,D Paterson,4.0,27,1,cricsheet
cs1003861,2016-17,2016-11-20,1,WPR,LIONS,"Senwes Park, Potchefstroom",ci:45949,RK Kleinveldt,4.0,24,2,cricsheet
cs1003861,2016-17,2016-11-20,1,WPR,LIONS,"Senwes Park, Potchefstroom",ci:481875,GF Linde,3.0,24,0,cricsheet
cs1003861,2016-17,2016-11-20,1,WPR,LIONS,"Senwes Park, Potchefstroom",ci:234064,NM Serame,2.0,14,0,cricsheet
cs1003861,2016-17,2016-11-20,1,WPR,LIONS,"Senwes Park, Potchefstroom",ci:265564,WD Parnell,2.1,24,0,cricsheet
cs1003861,2016-17,2016-11-20,1,WPR,LIONS,"Senwes Park, Potchefstroom",ci:230559,KA Pollard,4.0,43,2,cricsheet
cs1003861,2016-17,2016-11-20,2,LIONS,WPR,"Senwes Park, Potchefstroom",ci:375126,GC Viljoen,2.0,21,1,cricsheet
cs1003861,2016-17,2016-11-20,2,LIONS,WPR,"Senwes Park, Potchefstroom",ci:785673,Z Pongolo,1.0,14,0,cricsheet
cs1003861,2016-17,2016-11-20,2,LIONS,WPR,"Senwes Park, Potchefstroom",ci:46149,E Leie,1.0,12,1,cricsheet
cs1003861,2016-17,2016-11-20,2,LIONS,WPR,"Senwes Park, Potchefstroom",ci:46942,AM Phangiso,1.0,5,0,cricsheet
cs1003861,2016-17,2016-11-20,2,LIONS,WPR,"Senwes Park, Potchefstroom",ci:698189,PWA Mulder,1.0,11,1,cricsheet
cs1003865,2016-17,2016-11-25,1,WAR,LIONS,"St George's Park, Port Elizabeth",ci:44413,ACR Birch,4.0,30,1,cricsheet
cs1003865,2016-17,2016-11-25,1,WAR,LIONS,"St George's Park, Port Elizabeth",ci:316909,BD Walters,4.0,32,0,cricsheet
cs1003865,2016-17,2016-11-25,1,WAR,LIONS,"St George's Park, Port Elizabeth",ci:379776,SSB Magala,4.0,28,1,cricsheet
cs1003865,2016-17,2016-11-25,1,WAR,LIONS,"St George's Park, Port Elizabeth",ci:280490,JT Smuts,4.0,15,2,cricsheet
cs1003865,2016-17,2016-11-25,1,WAR,LIONS,"St George's Park, Port Elizabeth",ci:379774,CN Ackermann,3.0,30,0,cricsheet
cs1003865,2016-17,2016-11-25,1,WAR,LIONS,"St George's Park, Port Elizabeth",ci:437691,SSN Nqweni,1.0,12,0,cricsheet
cs1003865,2016-17,2016-11-25,2,LIONS,WAR,"St George's Park, Port Elizabeth",ci:375126,GC Viljoen,4.0,30,2,cricsheet
cs1003865,2016-17,2016-11-25,2,LIONS,WAR,"St George's Park, Port Elizabeth",ci:46149,E Leie,4.0,29,1,cricsheet
cs1003865,2016-17,2016-11-25,2,LIONS,WAR,"St George's Park, Port Elizabeth",ci:698189,PWA Mulder,3.0,39,0,cricsheet
cs1003865,2016-17,2016-11-25,2,LIONS,WAR,"St George's Park, Port Elizabeth",ci:785673,Z Pongolo,2.5,33,0,cricsheet
cs1003865,2016-17,2016-11-25,2,LIONS,WAR,"St George's Park, Port Elizabeth",ci:46942,AM Phangiso,4.0,20,1,cricsheet
cs1003867,2016-17,2016-11-25,1,DOL,KNG,"Mangaung Oval, Bloemfontein",ci:230860,M Shezi,3.0,23,0,cricsheet
cs1003867,2016-17,2016-11-25,1,DOL,KNG,"Mangaung Oval, Bloemfontein",ci:379088,RJ Engelbrecht,2.0,16,0,cricsheet
cs1003867,2016-17,2016-11-25,1,DOL,KNG,"Mangaung Oval, Bloemfontein",ci:45204,R Frylinck,4.0,36,1,cricsheet
cs1003867,2016-17,2016-11-25,1,DOL,KNG,"Mangaung Oval, Bloemfontein",ci:322810,CS Delport,4.0,26,3,cricsheet
cs1003867,2016-17,2016-11-25,1,DOL,KNG,"Mangaung Oval, Bloemfontein",ci:277797,K Nipper,3.0,22,0,cricsheet
cs1003867,2016-17,2016-11-25,1,DOL,KNG,"Mangaung Oval, Bloemfontein",ci:40618,Imran Tahir,4.0,30,0,cricsheet
cs1003867,2016-17,2016-11-25,2,KNG,DOL,"Mangaung Oval, Bloemfontein",ci:393279,M de Lange,3.3,33,0,cricsheet
cs1003867,2016-17,2016-11-25,2,KNG,DOL,"Mangaung Oval, Bloemfontein",ci:486679,D Olivier,4.0,25,1,cricsheet
cs1003867,2016-17,2016-11-25,2,KNG,DOL,"Mangaung Oval, Bloemfontein",ci:334621,SC van Schalkwyk,3.0,21,1,cricsheet
cs1003867,2016-17,2016-11-25,2,KNG,DOL,"Mangaung Oval, Bloemfontein",ci:543041,M Budaza,2.0,22,0,cricsheet
cs1003867,2016-17,2016-11-25,2,KNG,DOL,"Mangaung Oval, Bloemfontein",ci:486672,TB de Bruyn,2.0,17,0,cricsheet
cs1003867,2016-17,2016-11-25,2,KNG,DOL,"Mangaung Oval, Bloemfontein",ci:499560,PE Kruger,3.0,24,0,cricsheet
cs1003867,2016-17,2016-11-25,2,KNG,DOL,"Mangaung Oval, Bloemfontein",ci:381033,P Botha,1.0,12,0,cricsheet
cs1003869,2016-17,2016-11-25,1,TIT,WPR,"SuperSport Park, Centurion",ci:46248,JA Morkel,1.0,9,0,cricsheet
cs1003869,2016-17,2016-11-25,1,TIT,WPR,"SuperSport Park, Centurion",ci:221140,D Wiese,2.0,18,1,cricsheet
cs1003869,2016-17,2016-11-25,1,TIT,WPR,"SuperSport Park, Centurion",ci:542023,L Ngidi,2.0,31,1,cricsheet
cs1003869,2016-17,2016-11-25,1,TIT,WPR,"SuperSport Park, Centurion",ci:379926,DL Piedt,1.0,9,0,cricsheet
cs1003869,2016-17,2016-11-25,1,TIT,WPR,"SuperSport Park, Centurion",ci:545467,CJ Dala,2.0,23,0,cricsheet
cs1003869,2016-17,2016-11-25,1,TIT,WPR,"SuperSport Park, Centurion",ci:230861,MP Siboto,2.0,22,2,cricsheet
cs1003869,2016-17,2016-11-25,2,WPR,TIT,"SuperSport Park, Centurion",ci:327947,D Paterson,1.0,6,0,cricsheet
cs1003871,2016-17,2016-11-27,1,KNG,TIT,"Diamond Oval, Kimberley",ci:393279,M de Lange,4.0,32,2,cricsheet
cs1003871,2016-17,2016-11-27,1,KNG,TIT,"Diamond Oval, Kimberley",ci:486679,D Olivier,4.0,34,1,cricsheet
cs1003871,2016-17,2016-11-27,1,KNG,TIT,"Diamond Oval, Kimberley",ci:334621,SC van Schalkwyk,4.0,34,1,cricsheet
cs1003871,2016-17,2016-11-27,1,KNG,TIT,"Diamond Oval, Kimberley",ci:594336,LM Zuma,4.0,27,0,cricsheet
cs1003871,2016-17,2016-11-27,1,KNG,TIT,"Diamond Oval, Kimberley",ci:486672,TB de Bruyn,2.0,16,0,cricsheet
cs1003871,2016-17,2016-11-27,1,KNG,TIT,"Diamond Oval, Kimberley",ci:499560,PE Kruger,2.0,21,0,cricsheet
cs1003871,2016-17,2016-11-27,2,TIT,KNG,"Diamond Oval, Kimberley",ci:46248,JA Morkel,4.0,16,1,cricsheet
cs1003871,2016-17,2016-11-27,2,TIT,KNG,"Diamond Oval, Kimberley",ci:221140,D Wiese,4.0,33,2,cricsheet
cs1003871,2016-17,2016-11-27,2,TIT,KNG,"Diamond Oval, Kimberley",ci:545467,CJ Dala,3.0,28,1,cricsheet
cs1003871,2016-17,2016-11-27,2,TIT,KNG,"Diamond Oval, Kimberley",ci:230861,MP Siboto,3.0,25,2,cricsheet
cs1003871,2016-17,2016-11-27,2,TIT,KNG,"Diamond Oval, Kimberley",ci:542023,L Ngidi,4.0,20,0,cricsheet
cs1003871,2016-17,2016-11-27,2,TIT,KNG,"Diamond Oval, Kimberley",ci:379926,DL Piedt,2.0,26,0,cricsheet
cs1003873,2016-17,2016-11-27,1,DOL,LIONS,"New Wanderers Stadium, Johannesburg",ci:230860,M Shezi,4.0,37,0,cricsheet
cs1003873,2016-17,2016-11-27,1,DOL,LIONS,"New Wanderers Stadium, Johannesburg",ci:379088,RJ Engelbrecht,3.0,27,1,cricsheet
cs1003873,2016-17,2016-11-27,1,DOL,LIONS,"New Wanderers Stadium, Johannesburg",ci:45204,R Frylinck,4.0,34,1,cricsheet
cs1003873,2016-17,2016-11-27,1,DOL,LIONS,"New Wanderers Stadium, Johannesburg",ci:322810,CS Delport,3.0,21,1,cricsheet
cs1003873,2016-17,2016-11-27,1,DOL,LIONS,"New Wanderers Stadium, Johannesburg",ci:262159,M Gqadushe,2.0,22,0,cricsheet
cs1003873,2016-17,2016-11-27,1,DOL,LIONS,"New Wanderers Stadium, Johannesburg",ci:40618,Imran Tahir,4.0,32,2,cricsheet
cs1003873,2016-17,2016-11-27,2,LIONS,DOL,"New Wanderers Stadium, Johannesburg",ci:375126,GC Viljoen,4.0,37,3,cricsheet
cs1003873,2016-17,2016-11-27,2,LIONS,DOL,"New Wanderers Stadium, Johannesburg",ci:379879,A Myoli,2.0,23,1,cricsheet
cs1003873,2016-17,2016-11-27,2,LIONS,DOL,"New Wanderers Stadium, Johannesburg",ci:486490,MK McGillivray,4.0,43,2,cricsheet
cs1003873,2016-17,2016-11-27,2,LIONS,DOL,"New Wanderers Stadium, Johannesburg",ci:46149,E Leie,2.0,16,0,cricsheet
cs1003873,2016-17,2016-11-27,2,LIONS,DOL,"New Wanderers Stadium, Johannesburg",ci:46942,AM Phangiso,4.0,25,0,cricsheet
cs1003873,2016-17,2016-11-27,2,LIONS,DOL,"New Wanderers Stadium, Johannesburg",ci:553249,BC Fortuin,4.0,23,3,cricsheet
cs1003875,2016-17,2016-11-30,1,WAR,KNG,"St George's Park, Port Elizabeth",ci:44413,ACR Birch,4.0,30,2,cricsheet
cs1003875,2016-17,2016-11-30,1,WAR,KNG,"St George's Park, Port Elizabeth",ci:316909,BD Walters,2.0,7,0,cricsheet
cs1003875,2016-17,2016-11-30,1,WAR,KNG,"St George's Park, Port Elizabeth",ci:379776,SSB Magala,3.4,14,1,cricsheet
cs1003875,2016-17,2016-11-30,1,WAR,KNG,"St George's Park, Port Elizabeth",ci:280490,JT Smuts,4.0,13,2,cricsheet
cs1003875,2016-17,2016-11-30,1,WAR,KNG,"St George's Park, Port Elizabeth",ci:322818,A Gqamane,2.0,10,2,cricsheet
cs1003875,2016-17,2016-11-30,1,WAR,KNG,"St George's Park, Port Elizabeth",ci:379774,CN Ackermann,4.0,17,2,cricsheet
cs1003875,2016-17,2016-11-30,2,KNG,WAR,"St George's Park, Port Elizabeth",ci:393279,M de Lange,3.0,27,0,cricsheet
cs1003875,2016-17,2016-11-30,2,KNG,WAR,"St George's Park, Port Elizabeth",ci:486679,D Olivier,2.2,28,0,cricsheet
cs1003875,2016-17,2016-11-30,2,KNG,WAR,"St George's Park, Port Elizabeth",ci:334621,SC van Schalkwyk,4.0,24,1,cricsheet
cs1003875,2016-17,2016-11-30,2,KNG,WAR,"St George's Park, Port Elizabeth",ci:594336,LM Zuma,1.0,12,0,cricsheet
cs1003875,2016-17,2016-11-30,2,KNG,WAR,"St George's Park, Port Elizabeth",ci:276843,AR Swanepoel,1.0,1,1,cricsheet
cs1003877,2016-17,2016-11-30,1,DOL,TIT,"Kingsmead, Durban",ci:437438,P Subrayen,4.0,27,1,cricsheet
cs1003877,2016-17,2016-11-30,1,DOL,TIT,"Kingsmead, Durban",ci:230860,M Shezi,3.0,28,0,cricsheet
cs1003877,2016-17,2016-11-30,1,DOL,TIT,"Kingsmead, Durban",ci:44019,CJ Alexander,2.0,21,0,cricsheet
cs1003877,2016-17,2016-11-30,1,DOL,TIT,"Kingsmead, Durban",ci:45204,R Frylinck,4.0,37,2,cricsheet
cs1003877,2016-17,2016-11-30,1,DOL,TIT,"Kingsmead, Durban",ci:322810,CS Delport,4.0,23,1,cricsheet
cs1003877,2016-17,2016-11-30,1,DOL,TIT,"Kingsmead, Durban",ci:40618,Imran Tahir,2.0,25,0,cricsheet
cs1003877,2016-17,2016-11-30,1,DOL,TIT,"Kingsmead, Durban",ci:262159,M Gqadushe,1.0,8,0,cricsheet
cs1003877,2016-17,2016-11-30,2,TIT,DOL,"Kingsmead, Durban",ci:46248,JA Morkel,3.0,34,1,cricsheet
cs1003877,2016-17,2016-11-30,2,TIT,DOL,"Kingsmead, Durban",ci:221140,D Wiese,4.0,24,0,cricsheet
cs1003877,2016-17,2016-11-30,2,TIT,DOL,"Kingsmead, Durban",ci:542023,L Ngidi,4.0,31,0,cricsheet
cs1003877,2016-17,2016-11-30,2,TIT,DOL,"Kingsmead, Durban",ci:230861,MP Siboto,2.0,29,0,cricsheet
cs1003877,2016-17,2016-11-30,2,TIT,DOL,"Kingsmead, Durban",ci:545467,CJ Dala,2.2,25,1,cricsheet
cs1003877,2016-17,2016-11-30,2,TIT,DOL,"Kingsmead, Durban",ci:393289,S von Berg,4.0,26,2,cricsheet
cs1003879,2016-17,2016-12-02,1,KNG,LIONS,"Diamond Oval, Kimberley",ci:486679,D Olivier,4.0,44,0,cricsheet
cs1003879,2016-17,2016-12-02,1,KNG,LIONS,"Diamond Oval, Kimberley",ci:393279,M de Lange,4.0,32,1,cricsheet
cs1003879,2016-17,2016-12-02,1,KNG,LIONS,"Diamond Oval, Kimberley",ci:334621,SC van Schalkwyk,4.0,27,1,cricsheet
cs1003879,2016-17,2016-12-02,1,KNG,LIONS,"Diamond Oval, Kimberley",ci:594336,LM Zuma,2.0,31,0,cricsheet
cs1003879,2016-17,2016-12-02,1,KNG,LIONS,"Diamond Oval, Kimberley",ci:276843,AR Swanepoel,3.0,20,1,cricsheet
cs1003879,2016-17,2016-12-02,1,KNG,LIONS,"Diamond Oval, Kimberley",ci:486672,TB de Bruyn,3.0,28,1,cricsheet
cs1003879,2016-17,2016-12-02,2,LIONS,KNG,"Diamond Oval, Kimberley",ci:375126,GC Viljoen,4.0,24,1,cricsheet
cs1003879,2016-17,2016-12-02,2,LIONS,KNG,"Diamond Oval, Kimberley",ci:327830,D Pretorius,3.0,31,0,cricsheet
cs1003879,2016-17,2016-12-02,2,LIONS,KNG,"Diamond Oval, Kimberley",ci:486490,MK McGillivray,2.0,12,1,cricsheet
cs1003879,2016-17,2016-12-02,2,LIONS,KNG,"Diamond Oval, Kimberley",ci:46942,AM Phangiso,4.0,23,0,cricsheet
cs1003879,2016-17,2016-12-02,2,LIONS,KNG,"Diamond Oval, Kimberley",ci:46149,E Leie,3.0,29,0,cricsheet
cs1003879,2016-17,2016-12-02,2,LIONS,KNG,"Diamond Oval, Kimberley",ci:553249,BC Fortuin,4.0,39,4,cricsheet
cs1003881,2016-17,2016-12-02,1,WAR,TIT,"SuperSport Park, Centurion",ci:44413,ACR Birch,3.2,16,5,cricsheet
cs1003881,2016-17,2016-12-02,1,WAR,TIT,"SuperSport Park, Centurion",ci:316909,BD Walters,4.0,24,1,cricsheet
cs1003881,2016-17,2016-12-02,1,WAR,TIT,"SuperSport Park, Centurion",ci:322818,A Gqamane,2.0,22,0,cricsheet
cs1003881,2016-17,2016-12-02,1,WAR,TIT,"SuperSport Park, Centurion",ci:379776,SSB Magala,4.0,43,2,cricsheet
cs1003881,2016-17,2016-12-02,1,WAR,TIT,"SuperSport Park, Centurion",ci:280490,JT Smuts,3.0,15,0,cricsheet
cs1003881,2016-17,2016-12-02,1,WAR,TIT,"SuperSport Park, Centurion",ci:379774,CN Ackermann,3.0,24,1,cricsheet
cs1003881,2016-17,2016-12-02,2,TIT,WAR,"SuperSport Park, Centurion",ci:46248,JA Morkel,3.0,16,2,cricsheet
cs1003881,2016-17,2016-12-02,2,TIT,WAR,"SuperSport Park, Centurion",ci:221140,D Wiese,4.0,29,0,cricsheet
cs1003881,2016-17,2016-12-02,2,TIT,WAR,"SuperSport Park, Centurion",ci:542023,L Ngidi,2.0,24,0,cricsheet
cs1003881,2016-17,2016-12-02,2,TIT,WAR,"SuperSport Park, Centurion",ci:545467,CJ Dala,2.5,34,1,cricsheet
cs1003881,2016-17,2016-12-02,2,TIT,WAR,"SuperSport Park, Centurion",ci:230861,MP Siboto,1.0,14,0,cricsheet
cs1003881,2016-17,2016-12-02,2,TIT,WAR,"SuperSport Park, Centurion",ci:379145,T Shamsi,4.0,18,1,cricsheet
cs1003881,2016-17,2016-12-02,2,TIT,WAR,"SuperSport Park, Centurion",ci:600498,AK Markram,2.0,13,0,cricsheet
cs1003883,2016-17,2016-12-04,1,WAR,LIONS,"Kingsmead, Durban",ci:316909,BD Walters,2.0,33,0,cricsheet
cs1003883,2016-17,2016-12-04,1,WAR,LIONS,"Kingsmead, Durban",ci:44413,ACR Birch,2.5,13,1,cricsheet
cs1003883,2016-17,2016-12-04,1,WAR,LIONS,"Kingsmead, Durban",ci:379776,SSB Magala,3.0,23,1,cricsheet
cs1003883,2016-17,2016-12-04,1,WAR,LIONS,"Kingsmead, Durban",ci:45705,CA Ingram,4.0,22,2,cricsheet
cs1003883,2016-17,2016-12-04,1,WAR,LIONS,"Kingsmead, Durban",ci:280490,JT Smuts,3.0,25,1,cricsheet
cs1003883,2016-17,2016-12-04,1,WAR,LIONS,"Kingsmead, Durban",ci:379774,CN Ackermann,4.0,23,3,cricsheet
cs1003883,2016-17,2016-12-04,1,WAR,LIONS,"Kingsmead, Durban",ci:322818,A Gqamane,1.0,10,1,cricsheet
cs1003883,2016-17,2016-12-04,2,LIONS,WAR,"Kingsmead, Durban",ci:553249,BC Fortuin,4.0,22,2,cricsheet
cs1003883,2016-17,2016-12-04,2,LIONS,WAR,"Kingsmead, Durban",ci:375126,GC Viljoen,4.0,16,3,cricsheet
cs1003883,2016-17,2016-12-04,2,LIONS,WAR,"Kingsmead, Durban",ci:327830,D Pretorius,3.0,33,2,cricsheet
cs1003883,2016-17,2016-12-04,2,LIONS,WAR,"Kingsmead, Durban",ci:486490,MK McGillivray,2.0,20,0,cricsheet
cs1003883,2016-17,2016-12-04,2,LIONS,WAR,"Kingsmead, Durban",ci:46942,AM Phangiso,3.0,32,0,cricsheet
cs1003883,2016-17,2016-12-04,2,LIONS,WAR,"Kingsmead, Durban",ci:46149,E Leie,4.0,28,3,cricsheet
cs1003885,2016-17,2016-12-04,1,WPR,DOL,"Kingsmead, Durban",ci:46681,JL Ontong,1.0,15,0,cricsheet
cs1003885,2016-17,2016-12-04,1,WPR,DOL,"Kingsmead, Durban",ci:327947,D Paterson,4.0,30,0,cricsheet
cs1003885,2016-17,2016-12-04,1,WPR,DOL,"Kingsmead, Durban",ci:45949,RK Kleinveldt,3.0,31,3,cricsheet
cs1003885,2016-17,2016-12-04,1,WPR,DOL,"Kingsmead, Durban",ci:481875,GF Linde,4.0,33,0,cricsheet
cs1003885,2016-17,2016-12-04,1,WPR,DOL,"Kingsmead, Durban",ci:265564,WD Parnell,4.0,29,0,cricsheet
cs1003885,2016-17,2016-12-04,1,WPR,DOL,"Kingsmead, Durban",ci:234064,NM Serame,2.0,23,2,cricsheet
cs1003885,2016-17,2016-12-04,1,WPR,DOL,"Kingsmead, Durban",ci:230559,KA Pollard,2.0,13,0,cricsheet
cs1003885,2016-17,2016-12-04,2,DOL,WPR,"Kingsmead, Durban",ci:230860,M Shezi,3.3,33,1,cricsheet
cs1003885,2016-17,2016-12-04,2,DOL,WPR,"Kingsmead, Durban",ci:45204,R Frylinck,3.0,26,0,cricsheet
cs1003885,2016-17,2016-12-04,2,DOL,WPR,"Kingsmead, Durban",ci:267724,KA Maharaj,4.0,27,0,cricsheet
cs1003885,2016-17,2016-12-04,2,DOL,WPR,"Kingsmead, Durban",ci:40618,Imran Tahir,4.0,38,1,cricsheet
cs1003885,2016-17,2016-12-04,2,DOL,WPR,"Kingsmead, Durban",ci:322810,CS Delport,3.1,33,0,cricsheet
cs1003885,2016-17,2016-12-04,2,DOL,WPR,"Kingsmead, Durban",ci:437438,P Subrayen,1.0,19,0,cricsheet
cs1003887,2016-17,2016-12-07,1,WPR,KNG,"Newlands, Cape Town",ci:327947,D Paterson,4.0,37,1,cricsheet
cs1003887,2016-17,2016-12-07,1,WPR,KNG,"Newlands, Cape Town",ci:45949,RK Kleinveldt,4.0,21,1,cricsheet
cs1003887,2016-17,2016-12-07,1,WPR,KNG,"Newlands, Cape Town",ci:481875,GF Linde,4.0,26,1,cricsheet
cs1003887,2016-17,2016-12-07,1,WPR,KNG,"Newlands, Cape Town",ci:234064,NM Serame,1.0,16,0,cricsheet
cs1003887,2016-17,2016-12-07,1,WPR,KNG,"Newlands, Cape Town",ci:265564,WD Parnell,4.0,20,3,cricsheet
cs1003887,2016-17,2016-12-07,1,WPR,KNG,"Newlands, Cape Town",ci:230559,KA Pollard,3.0,18,2,cricsheet
cs1003887,2016-17,2016-12-07,2,KNG,WPR,"Newlands, Cape Town",ci:44938,D du Preez,2.4,29,0,cricsheet
cs1003887,2016-17,2016-12-07,2,KNG,WPR,"Newlands, Cape Town",ci:429927,CA Dry,3.0,31,0,cricsheet
cs1003887,2016-17,2016-12-07,2,KNG,WPR,"Newlands, Cape Town",ci:334621,SC van Schalkwyk,2.0,22,0,cricsheet
cs1003887,2016-17,2016-12-07,2,KNG,WPR,"Newlands, Cape Town",ci:594336,LM Zuma,1.0,14,0,cricsheet
cs1003887,2016-17,2016-12-07,2,KNG,WPR,"Newlands, Cape Town",ci:543041,M Budaza,2.0,24,1,cricsheet
cs1003887,2016-17,2016-12-07,2,KNG,WPR,"Newlands, Cape Town",ci:276843,AR Swanepoel,4.0,25,1,cricsheet
cs1003889,2016-17,2016-12-07,1,WAR,DOL,"Buffalo Park, East London",ci:316909,BD Walters,4.0,46,3,cricsheet
cs1003889,2016-17,2016-12-07,1,WAR,DOL,"Buffalo Park, East London",ci:44413,ACR Birch,3.0,44,0,cricsheet
cs1003889,2016-17,2016-12-07,1,WAR,DOL,"Buffalo Park, East London",ci:280490,JT Smuts,4.0,23,0,cricsheet
cs1003889,2016-17,2016-12-07,1,WAR,DOL,"Buffalo Park, East London",ci:379776,SSB Magala,4.0,39,2,cricsheet
cs1003889,2016-17,2016-12-07,1,WAR,DOL,"Buffalo Park, East London",ci:379774,CN Ackermann,1.0,12,0,cricsheet
cs1003889,2016-17,2016-12-07,1,WAR,DOL,"Buffalo Park, East London",ci:45705,CA Ingram,2.0,17,0,cricsheet
cs1003889,2016-17,2016-12-07,1,WAR,DOL,"Buffalo Park, East London",ci:322818,A Gqamane,1.0,21,0,cricsheet
cs1003889,2016-17,2016-12-07,1,WAR,DOL,"Buffalo Park, East London",ci:222320,C Jonker,1.0,11,0,cricsheet
cs1003889,2016-17,2016-12-07,2,DOL,WAR,"Buffalo Park, East London",ci:230860,M Shezi,4.0,37,2,cricsheet
cs1003889,2016-17,2016-12-07,2,DOL,WAR,"Buffalo Park, East London",ci:267724,KA Maharaj,2.0,39,0,cricsheet
cs1003889,2016-17,2016-12-07,2,DOL,WAR,"Buffalo Park, East London",ci:45204,R Frylinck,4.0,48,0,cricsheet
cs1003889,2016-17,2016-12-07,2,DOL,WAR,"Buffalo Park, East London",ci:594233,BS Makhanya,3.0,27,0,cricsheet
cs1003889,2016-17,2016-12-07,2,DOL,WAR,"Buffalo Park, East London",ci:40618,Imran Tahir,4.0,34,1,cricsheet
cs1003889,2016-17,2016-12-07,2,DOL,WAR,"Buffalo Park, East London",ci:322810,CS Delport,2.0,26,0,cricsheet
cs1003891,2016-17,2016-12-07,1,LIONS,TIT,"SuperSport Park, Centurion",ci:375126,GC Viljoen,4.0,47,1,cricsheet
cs1003891,2016-17,2016-12-07,1,LIONS,TIT,"SuperSport Park, Centurion",ci:327830,D Pretorius,4.0,45,0,cricsheet
cs1003891,2016-17,2016-12-07,1,LIONS,TIT,"SuperSport Park, Centurion",ci:486490,MK McGillivray,2.1,29,0,cricsheet
cs1003891,2016-17,2016-12-07,1,LIONS,TIT,"SuperSport Park, Centurion",ci:553249,BC Fortuin,3.5,30,1,cricsheet
cs1003891,2016-17,2016-12-07,1,LIONS,TIT,"SuperSport Park, Centurion",ci:46149,E Leie,3.0,42,1,cricsheet
cs1003891,2016-17,2016-12-07,1,LIONS,TIT,"SuperSport Park, Centurion",ci:46942,AM Phangiso,3.0,28,2,cricsheet
cs1003891,2016-17,2016-12-07,2,TIT,LIONS,"SuperSport Park, Centurion",ci:46248,JA Morkel,2.0,23,0,cricsheet
cs1003891,2016-17,2016-12-07,2,TIT,LIONS,"SuperSport Park, Centurion",ci:221140,D Wiese,4.0,21,1,cricsheet
cs1003891,2016-17,2016-12-07,2,TIT,LIONS,"SuperSport Park, Centurion",ci:545467,CJ Dala,4.0,40,2,cricsheet
cs1003891,2016-17,2016-12-07,2,TIT,LIONS,"SuperSport Park, Centurion",ci:542023,L Ngidi,4.0,42,1,cricsheet
cs1003891,2016-17,2016-12-07,2,TIT,LIONS,"SuperSport Park, Centurion",ci:230861,MP Siboto,2.0,27,3,cricsheet
cs1003891,2016-17,2016-12-07,2,TIT,LIONS,"SuperSport Park, Centurion",ci:379145,T Shamsi,4.0,31,0,cricsheet
cs1003895,2016-17,2016-12-09,1,KNG,LIONS,"Senwes Park, Potchefstroom",ci:44938,D du Preez,4.0,25,1,cricsheet
cs1003895,2016-17,2016-12-09,1,KNG,LIONS,"Senwes Park, Potchefstroom",ci:429927,CA Dry,4.0,27,2,cricsheet
cs1003895,2016-17,2016-12-09,1,KNG,LIONS,"Senwes Park, Potchefstroom",ci:543041,M Budaza,4.0,10,1,cricsheet
cs1003895,2016-17,2016-12-09,1,KNG,LIONS,"Senwes Park, Potchefstroom",ci:594336,LM Zuma,3.0,21,0,cricsheet
cs1003895,2016-17,2016-12-09,1,KNG,LIONS,"Senwes Park, Potchefstroom",ci:499560,PE Kruger,2.0,16,0,cricsheet
cs1003895,2016-17,2016-12-09,1,KNG,LIONS,"Senwes Park, Potchefstroom",ci:276843,AR Swanepoel,2.0,16,1,cricsheet
cs1003895,2016-17,2016-12-09,1,KNG,LIONS,"Senwes Park, Potchefstroom",ci:595739,JL du Plooy,1.0,5,0,cricsheet
cs1003895,2016-17,2016-12-09,2,LIONS,KNG,"Senwes Park, Potchefstroom",ci:375126,GC Viljoen,4.0,25,1,cricsheet
cs1003895,2016-17,2016-12-09,2,LIONS,KNG,"Senwes Park, Potchefstroom",ci:327830,D Pretorius,2.0,13,1,cricsheet
cs1003895,2016-17,2016-12-09,2,LIONS,KNG,"Senwes Park, Potchefstroom",ci:698189,PWA Mulder,3.0,16,0,cricsheet
cs1003895,2016-17,2016-12-09,2,LIONS,KNG,"Senwes Park, Potchefstroom",ci:553249,BC Fortuin,4.0,21,0,cricsheet
cs1003895,2016-17,2016-12-09,2,LIONS,KNG,"Senwes Park, Potchefstroom",ci:46149,E Leie,3.0,21,0,cricsheet
cs1003895,2016-17,2016-12-09,2,LIONS,KNG,"Senwes Park, Potchefstroom",ci:46942,AM Phangiso,2.0,16,0,cricsheet
cs1003899,2016-17,2016-12-11,1,WAR,TIT,"Buffalo Park, East London",ci:44413,ACR Birch,1.0,7,0,cricsheet
cs1003899,2016-17,2016-12-11,1,WAR,TIT,"Buffalo Park, East London",ci:316909,BD Walters,1.0,4,1,cricsheet
cs1003899,2016-17,2016-12-11,1,WAR,TIT,"Buffalo Park, East London",ci:280490,JT Smuts,1.0,24,0,cricsheet
cs1003899,2016-17,2016-12-11,1,WAR,TIT,"Buffalo Park, East London",ci:379776,SSB Magala,1.0,27,0,cricsheet
cs1003899,2016-17,2016-12-11,1,WAR,TIT,"Buffalo Park, East London",ci:297583,KJ Abbott,1.0,18,0,cricsheet
cs1003899,2016-17,2016-12-11,2,TIT,WAR,"Buffalo Park, East London",ci:542023,L Ngidi,1.0,19,0,cricsheet
cs1003899,2016-17,2016-12-11,2,TIT,WAR,"Buffalo Park, East London",ci:545467,CJ Dala,1.0,14,1,cricsheet
cs1003899,2016-17,2016-12-11,2,TIT,WAR,"Buffalo Park, East London",ci:46248,JA Morkel,1.0,20,0,cricsheet
cs1003899,2016-17,2016-12-11,2,TIT,WAR,"Buffalo Park, East London",ci:221140,D Wiese,1.0,6,1,cricsheet
cs1003899,2016-17,2016-12-11,2,TIT,WAR,"Buffalo Park, East London",ci:230861,MP Siboto,1.0,15,0,cricsheet
cs1003901,2016-17,2016-12-11,1,KNG,DOL,"Kingsmead, Durban",ci:44938,D du Preez,2.0,9,1,cricsheet
cs1003901,2016-17,2016-12-11,1,KNG,DOL,"Kingsmead, Durban",ci:429927,CA Dry,2.0,23,0,cricsheet
cs1003901,2016-17,2016-12-11,1,KNG,DOL,"Kingsmead, Durban",ci:594336,LM Zuma,1.0,7,1,cricsheet
cs1003901,2016-17,2016-12-11,1,KNG,DOL,"Kingsmead, Durban",ci:543041,M Budaza,2.0,13,2,cricsheet
cs1003901,2016-17,2016-12-11,1,KNG,DOL,"Kingsmead, Durban",ci:499560,PE Kruger,1.0,4,1,cricsheet
cs1003901,2016-17,2016-12-11,2,DOL,KNG,"Kingsmead, Durban",ci:230860,M Shezi,1.0,8,1,cricsheet
cs1003901,2016-17,2016-12-11,2,DOL,KNG,"Kingsmead, Durban",ci:45204,R Frylinck,1.0,20,0,cricsheet
cs1003901,2016-17,2016-12-11,2,DOL,KNG,"Kingsmead, Durban",ci:40618,Imran Tahir,2.0,11,0,cricsheet
cs1003901,2016-17,2016-12-11,2,DOL,KNG,"Kingsmead, Durban",ci:594233,BS Makhanya,1.0,6,0,cricsheet
cs1003901,2016-17,2016-12-11,2,DOL,KNG,"Kingsmead, Durban",ci:437438,P Subrayen,1.0,15,0,cricsheet
cs1003901,2016-17,2016-12-11,2,DOL,KNG,"Kingsmead, Durban",ci:322810,CS Delport,0.0,5,0,cricsheet
cs1003903,2016-17,2016-12-13,1,WAR,LIONS,"St George's Park, Port Elizabeth",ci:316909,BD Walters,2.0,18,0,cricsheet
cs1003903,2016-17,2016-12-13,1,WAR,LIONS,"St George's Park, Port Elizabeth",ci:297583,KJ Abbott,3.0,24,0,cricsheet
cs1003903,2016-17,2016-12-13,1,WAR,LIONS,"St George's Park, Port Elizabeth",ci:379776,SSB Magala,3.0,26,2,cricsheet
cs1003903,2016-17,2016-12-13,1,WAR,LIONS,"St George's Park, Port Elizabeth",ci:45705,CA Ingram,4.0,24,2,cricsheet
cs1003903,2016-17,2016-12-13,1,WAR,LIONS,"St George's Park, Port Elizabeth",ci:280490,JT Smuts,4.0,17,1,cricsheet
cs1003903,2016-17,2016-12-13,1,WAR,LIONS,"St George's Park, Port Elizabeth",ci:379774,CN Ackermann,2.0,9,0,cricsheet
cs1003903,2016-17,2016-12-13,1,WAR,LIONS,"St George's Park, Port Elizabeth",ci:322818,A Gqamane,2.0,14,1,cricsheet
cs1003903,2016-17,2016-12-13,2,LIONS,WAR,"St George's Park, Port Elizabeth",ci:375126,GC Viljoen,3.2,25,1,cricsheet
cs1003903,2016-17,2016-12-13,2,LIONS,WAR,"St George's Park, Port Elizabeth",ci:553249,BC Fortuin,4.0,35,0,cricsheet
cs1003903,2016-17,2016-12-13,2,LIONS,WAR,"St George's Park, Port Elizabeth",ci:327830,D Pretorius,3.0,17,1,cricsheet
cs1003903,2016-17,2016-12-13,2,LIONS,WAR,"St George's Park, Port Elizabeth",ci:698189,PWA Mulder,1.0,13,0,cricsheet
cs1003903,2016-17,2016-12-13,2,LIONS,WAR,"St George's Park, Port Elizabeth",ci:46149,E Leie,3.0,19,0,cricsheet
cs1003903,2016-17,2016-12-13,2,LIONS,WAR,"St George's Park, Port Elizabeth",ci:46942,AM Phangiso,4.0,24,1,cricsheet
cs1003905,2016-17,2016-12-16,1,WAR,TIT,"SuperSport Park, Centurion",ci:297583,KJ Abbott,4.0,27,1,cricsheet
cs1003905,2016-17,2016-12-16,1,WAR,TIT,"SuperSport Park, Centurion",ci:316909,BD Walters,3.0,15,1,cricsheet
cs1003905,2016-17,2016-12-16,1,WAR,TIT,"SuperSport Park, Centurion",ci:379776,SSB Magala,4.0,40,0,cricsheet
cs1003905,2016-17,2016-12-16,1,WAR,TIT,"SuperSport Park, Centurion",ci:280490,JT Smuts,2.0,16,0,cricsheet
cs1003905,2016-17,2016-12-16,1,WAR,TIT,"SuperSport Park, Centurion",ci:379774,CN Ackermann,2.0,20,0,cricsheet
cs1003905,2016-17,2016-12-16,1,WAR,TIT,"SuperSport Park, Centurion",ci:45705,CA Ingram,4.0,24,1,cricsheet
cs1003905,2016-17,2016-12-16,1,WAR,TIT,"SuperSport Park, Centurion",ci:322818,A Gqamane,1.0,8,1,cricsheet
cs1003905,2016-17,2016-12-16,2,TIT,WAR,"SuperSport Park, Centurion",ci:46248,JA Morkel,0.5,5,1,cricsheet
cs1003905,2016-17,2016-12-16,2,TIT,WAR,"SuperSport Park, Centurion",ci:44410,F Behardien,0.1,0,0,cricsheet
cs1003905,2016-17,2016-12-16,2,TIT,WAR,"SuperSport Park, Centurion",ci:600498,AK Markram,1.0,7,0,cricsheet
cs1003905,2016-17,2016-12-16,2,TIT,WAR,"SuperSport Park, Centurion",ci:221140,D Wiese,4.0,31,1,cricsheet
cs1003905,2016-17,2016-12-16,2,TIT,WAR,"SuperSport Park, Centurion",ci:542023,L Ngidi,4.0,27,2,cricsheet
cs1003905,2016-17,2016-12-16,2,TIT,WAR,"SuperSport Park, Centurion",ci:230861,MP Siboto,2.0,15,0,cricsheet
cs1003905,2016-17,2016-12-16,2,TIT,WAR,"SuperSport Park, Centurion",ci:379145,T Shamsi,4.0,36,2,cricsheet
cs1003905,2016-17,2016-12-16,2,TIT,WAR,"SuperSport Park, Centurion",ci:545467,CJ Dala,4.0,25,0,cricsheet
cs1124658,2017-18,2017-11-10,1,KNG,WAR,"St George's Park, Port Elizabeth",ci:393279,M de Lange,4.0,25,2,cricsheet
cs1124658,2017-18,2017-11-10,1,KNG,WAR,"St George's Park, Port Elizabeth",ci:46393,R McLaren,4.0,44,0,cricsheet
cs1124658,2017-18,2017-11-10,1,KNG,WAR,"St George's Park, Port Elizabeth",ci:334621,SC van Schalkwyk,4.0,25,3,cricsheet
cs1124658,2017-18,2017-11-10,1,KNG,WAR,"St George's Park, Port Elizabeth",ci:276843,AR Swanepoel,4.0,37,1,cricsheet
cs1124658,2017-18,2017-11-10,1,KNG,WAR,"St George's Park, Port Elizabeth",ci:46149,E Leie,4.0,16,2,cricsheet
cs1124658,2017-18,2017-11-10,2,WAR,KNG,"St George's Park, Port Elizabeth",ci:44413,ACR Birch,4.0,37,1,cricsheet
cs1124658,2017-18,2017-11-10,2,WAR,KNG,"St George's Park, Port Elizabeth",ci:316909,BD Walters,3.0,30,1,cricsheet
cs1124658,2017-18,2017-11-10,2,WAR,KNG,"St George's Park, Port Elizabeth",ci:379776,SSB Magala,4.0,23,0,cricsheet
cs1124658,2017-18,2017-11-10,2,WAR,KNG,"St George's Park, Port Elizabeth",ci:322818,A Gqamane,1.0,9,0,cricsheet
cs1124658,2017-18,2017-11-10,2,WAR,KNG,"St George's Park, Port Elizabeth",ci:280490,JT Smuts,1.0,9,0,cricsheet
cs1124658,2017-18,2017-11-10,2,WAR,KNG,"St George's Park, Port Elizabeth",ci:379774,CN Ackermann,3.0,37,0,cricsheet
cs1124658,2017-18,2017-11-10,2,WAR,KNG,"St George's Park, Port Elizabeth",ci:45705,CA Ingram,2.0,9,0,cricsheet
cs1124659,2017-18,2017-11-12,1,WPR,DOL,"SuperSport Park, Centurion",ci:46945,VD Philander,4.0,49,1,cricsheet
cs1124659,2017-18,2017-11-12,1,WPR,DOL,"SuperSport Park, Centurion",ci:327947,D Paterson,4.0,44,0,cricsheet
cs1124659,2017-18,2017-11-12,1,WPR,DOL,"SuperSport Park, Centurion",ci:45949,RK Kleinveldt,3.0,36,0,cricsheet
cs1124659,2017-18,2017-11-12,1,WPR,DOL,"SuperSport Park, Centurion",ci:481875,GF Linde,2.0,19,0,cricsheet
cs1124659,2017-18,2017-11-12,1,WPR,DOL,"SuperSport Park, Centurion",ci:977991,M Nabe,4.0,38,1,cricsheet
cs1124659,2017-18,2017-11-12,1,WPR,DOL,"SuperSport Park, Centurion",ci:44932,JP Duminy,3.0,40,0,cricsheet
cs1124659,2017-18,2017-11-12,2,DOL,WPR,"SuperSport Park, Centurion",ci:267724,KA Maharaj,3.0,23,1,cricsheet
cs1124659,2017-18,2017-11-12,2,DOL,WPR,"SuperSport Park, Centurion",ci:45204,R Frylinck,2.0,14,1,cricsheet
cs1124659,2017-18,2017-11-12,2,DOL,WPR,"SuperSport Park, Centurion",ci:698343,E Bosch,1.0,15,0,cricsheet
cs1124659,2017-18,2017-11-12,2,DOL,WPR,"SuperSport Park, Centurion",ci:699719,S Nhlebela,1.0,16,0,cricsheet
cs1124659,2017-18,2017-11-12,2,DOL,WPR,"SuperSport Park, Centurion",ci:540316,AL Phehlukwayo,2.0,23,0,cricsheet
cs1124659,2017-18,2017-11-12,2,DOL,WPR,"SuperSport Park, Centurion",ci:437438,P Subrayen,1.0,17,0,cricsheet
cs1124661,2017-18,2017-11-15,1,KNG,TIT,"Diamond Oval, Kimberley",ci:393279,M de Lange,4.0,39,1,cricsheet
cs1124661,2017-18,2017-11-15,1,KNG,TIT,"Diamond Oval, Kimberley",ci:46393,R McLaren,3.0,32,0,cricsheet
cs1124661,2017-18,2017-11-15,1,KNG,TIT,"Diamond Oval, Kimberley",ci:334621,SC van Schalkwyk,4.0,38,1,cricsheet
cs1124661,2017-18,2017-11-15,1,KNG,TIT,"Diamond Oval, Kimberley",ci:276843,AR Swanepoel,4.0,38,1,cricsheet
cs1124661,2017-18,2017-11-15,1,KNG,TIT,"Diamond Oval, Kimberley",ci:46149,E Leie,4.0,33,0,cricsheet
cs1124661,2017-18,2017-11-15,1,KNG,TIT,"Diamond Oval, Kimberley",ci:550226,T Ntuli,1.0,11,0,cricsheet
cs1124661,2017-18,2017-11-15,2,TIT,KNG,"Diamond Oval, Kimberley",ci:46248,JA Morkel,2.0,10,1,cricsheet
cs1124661,2017-18,2017-11-15,2,TIT,KNG,"Diamond Oval, Kimberley",ci:47492,DW Steyn,3.0,25,1,cricsheet
cs1124661,2017-18,2017-11-15,2,TIT,KNG,"Diamond Oval, Kimberley",ci:542023,L Ngidi,3.0,21,0,cricsheet
cs1124661,2017-18,2017-11-15,2,TIT,KNG,"Diamond Oval, Kimberley",ci:545467,CJ Dala,4.0,33,1,cricsheet
cs1124661,2017-18,2017-11-15,2,TIT,KNG,"Diamond Oval, Kimberley",ci:230861,MP Siboto,4.0,38,2,cricsheet
cs1124661,2017-18,2017-11-15,2,TIT,KNG,"Diamond Oval, Kimberley",ci:379145,T Shamsi,4.0,30,2,cricsheet
cs1124662,2017-18,2017-11-17,1,WAR,TIT,"Buffalo Park, East London",ci:44413,ACR Birch,4.0,22,0,cricsheet
cs1124662,2017-18,2017-11-17,1,WAR,TIT,"Buffalo Park, East London",ci:316909,BD Walters,4.0,15,1,cricsheet
cs1124662,2017-18,2017-11-17,1,WAR,TIT,"Buffalo Park, East London",ci:379776,SSB Magala,4.0,52,1,cricsheet
cs1124662,2017-18,2017-11-17,1,WAR,TIT,"Buffalo Park, East London",ci:379774,CN Ackermann,2.0,18,0,cricsheet
cs1124662,2017-18,2017-11-17,1,WAR,TIT,"Buffalo Park, East London",ci:280490,JT Smuts,2.0,22,0,cricsheet
cs1124662,2017-18,2017-11-17,1,WAR,TIT,"Buffalo Park, East London",ci:437691,SSN Nqweni,2.0,18,1,cricsheet
cs1124662,2017-18,2017-11-17,1,WAR,TIT,"Buffalo Park, East London",ci:322818,A Gqamane,1.0,14,0,cricsheet
cs1124662,2017-18,2017-11-17,1,WAR,TIT,"Buffalo Park, East London",ci:327829,KR Smuts,1.0,6,1,cricsheet
cs1124662,2017-18,2017-11-17,2,TIT,WAR,"Buffalo Park, East London",ci:600498,AK Markram,4.0,21,3,cricsheet
cs1124662,2017-18,2017-11-17,2,TIT,WAR,"Buffalo Park, East London",ci:47492,DW Steyn,3.0,20,1,cricsheet
cs1124662,2017-18,2017-11-17,2,TIT,WAR,"Buffalo Park, East London",ci:542023,L Ngidi,2.2,14,4,cricsheet
cs1124662,2017-18,2017-11-17,2,TIT,WAR,"Buffalo Park, East London",ci:545467,CJ Dala,1.0,17,0,cricsheet
cs1124662,2017-18,2017-11-17,2,TIT,WAR,"Buffalo Park, East London",ci:379145,T Shamsi,3.0,25,2,cricsheet
cs1124662,2017-18,2017-11-17,2,TIT,WAR,"Buffalo Park, East London",ci:230861,MP Siboto,1.0,14,0,cricsheet
cs1124664,2017-18,2017-11-17,1,LIONS,WPR,"New Wanderers Stadium, Johannesburg",ci:550215,K Rabada,4.0,19,2,cricsheet
cs1124664,2017-18,2017-11-17,1,LIONS,WPR,"New Wanderers Stadium, Johannesburg",ci:379927,BE Hendricks,3.0,34,0,cricsheet
cs1124664,2017-18,2017-11-17,1,LIONS,WPR,"New Wanderers Stadium, Johannesburg",ci:375126,GC Viljoen,4.0,29,0,cricsheet
cs1124664,2017-18,2017-11-17,1,LIONS,WPR,"New Wanderers Stadium, Johannesburg",ci:327830,D Pretorius,3.0,36,0,cricsheet
cs1124664,2017-18,2017-11-17,1,LIONS,WPR,"New Wanderers Stadium, Johannesburg",ci:46942,AM Phangiso,3.0,25,2,cricsheet
cs1124664,2017-18,2017-11-17,1,LIONS,WPR,"New Wanderers Stadium, Johannesburg",ci:698189,PWA Mulder,3.0,23,1,cricsheet
cs1124664,2017-18,2017-11-17,2,WPR,LIONS,"New Wanderers Stadium, Johannesburg",ci:46945,VD Philander,4.0,26,1,cricsheet
cs1124664,2017-18,2017-11-17,2,WPR,LIONS,"New Wanderers Stadium, Johannesburg",ci:265564,WD Parnell,3.5,37,0,cricsheet
cs1124664,2017-18,2017-11-17,2,WPR,LIONS,"New Wanderers Stadium, Johannesburg",ci:327947,D Paterson,4.0,38,0,cricsheet
cs1124664,2017-18,2017-11-17,2,WPR,LIONS,"New Wanderers Stadium, Johannesburg",ci:977991,M Nabe,3.0,26,1,cricsheet
cs1124664,2017-18,2017-11-17,2,WPR,LIONS,"New Wanderers Stadium, Johannesburg",ci:481875,GF Linde,4.0,32,1,cricsheet
cs1124665,2017-18,2017-11-19,1,LIONS,DOL,"Senwes Park, Potchefstroom",ci:553249,BC Fortuin,3.0,26,1,cricsheet
cs1124665,2017-18,2017-11-19,1,LIONS,DOL,"Senwes Park, Potchefstroom",ci:550215,K Rabada,4.0,31,1,cricsheet
cs1124665,2017-18,2017-11-19,1,LIONS,DOL,"Senwes Park, Potchefstroom",ci:375126,GC Viljoen,4.0,33,1,cricsheet
cs1124665,2017-18,2017-11-19,1,LIONS,DOL,"Senwes Park, Potchefstroom",ci:327830,D Pretorius,2.0,12,0,cricsheet
cs1124665,2017-18,2017-11-19,1,LIONS,DOL,"Senwes Park, Potchefstroom",ci:46942,AM Phangiso,4.0,25,2,cricsheet
cs1124665,2017-18,2017-11-19,1,LIONS,DOL,"Senwes Park, Potchefstroom",ci:698189,PWA Mulder,3.0,33,1,cricsheet
cs1124665,2017-18,2017-11-19,2,DOL,LIONS,"Senwes Park, Potchefstroom",ci:267724,KA Maharaj,1.0,15,0,cricsheet
cs1124665,2017-18,2017-11-19,2,DOL,LIONS,"Senwes Park, Potchefstroom",ci:45204,R Frylinck,4.0,35,1,cricsheet
cs1124665,2017-18,2017-11-19,2,DOL,LIONS,"Senwes Park, Potchefstroom",ci:230860,M Shezi,4.0,32,0,cricsheet
cs1124665,2017-18,2017-11-19,2,DOL,LIONS,"Senwes Park, Potchefstroom",ci:540316,AL Phehlukwayo,4.0,26,2,cricsheet
cs1124665,2017-18,2017-11-19,2,DOL,LIONS,"Senwes Park, Potchefstroom",ci:594233,BS Makhanya,3.0,24,0,cricsheet
cs1124665,2017-18,2017-11-19,2,DOL,LIONS,"Senwes Park, Potchefstroom",ci:40618,Imran Tahir,3.0,28,0,cricsheet
cs1124665,2017-18,2017-11-19,2,DOL,LIONS,"Senwes Park, Potchefstroom",ci:437438,P Subrayen,1.0,9,0,cricsheet
cs1124666,2017-18,2017-11-19,1,TIT,WPR,"SuperSport Park, Centurion",ci:46248,JA Morkel,1.0,6,0,cricsheet
cs1124666,2017-18,2017-11-19,1,TIT,WPR,"SuperSport Park, Centurion",ci:47492,DW Steyn,4.0,16,2,cricsheet
cs1124666,2017-18,2017-11-19,1,TIT,WPR,"SuperSport Park, Centurion",ci:542023,L Ngidi,4.0,32,2,cricsheet
cs1124666,2017-18,2017-11-19,1,TIT,WPR,"SuperSport Park, Centurion",ci:545467,CJ Dala,1.0,10,0,cricsheet
cs1124666,2017-18,2017-11-19,1,TIT,WPR,"SuperSport Park, Centurion",ci:379145,T Shamsi,4.0,16,1,cricsheet
cs1124666,2017-18,2017-11-19,1,TIT,WPR,"SuperSport Park, Centurion",ci:600498,AK Markram,4.0,20,1,cricsheet
cs1124666,2017-18,2017-11-19,1,TIT,WPR,"SuperSport Park, Centurion",ci:230861,MP Siboto,2.0,16,2,cricsheet
cs1124666,2017-18,2017-11-19,2,WPR,TIT,"SuperSport Park, Centurion",ci:46945,VD Philander,4.0,31,2,cricsheet
cs1124666,2017-18,2017-11-19,2,WPR,TIT,"SuperSport Park, Centurion",ci:327947,D Paterson,3.0,16,0,cricsheet
cs1124666,2017-18,2017-11-19,2,WPR,TIT,"SuperSport Park, Centurion",ci:265564,WD Parnell,1.0,19,0,cricsheet
cs1124666,2017-18,2017-11-19,2,WPR,TIT,"SuperSport Park, Centurion",ci:977991,M Nabe,2.0,23,1,cricsheet
cs1124666,2017-18,2017-11-19,2,WPR,TIT,"SuperSport Park, Centurion",ci:481875,GF Linde,3.3,27,0,cricsheet
cs1124668,2017-18,2017-11-24,1,LIONS,WPR,"Boland Park, Paarl",ci:553249,BC Fortuin,3.0,18,0,cricsheet
cs1124668,2017-18,2017-11-24,1,LIONS,WPR,"Boland Park, Paarl",ci:550215,K Rabada,4.0,20,2,cricsheet
cs1124668,2017-18,2017-11-24,1,LIONS,WPR,"Boland Park, Paarl",ci:375126,GC Viljoen,4.0,30,2,cricsheet
cs1124668,2017-18,2017-11-24,1,LIONS,WPR,"Boland Park, Paarl",ci:698189,PWA Mulder,3.0,16,2,cricsheet
cs1124668,2017-18,2017-11-24,1,LIONS,WPR,"Boland Park, Paarl",ci:46942,AM Phangiso,2.0,15,0,cricsheet
cs1124668,2017-18,2017-11-24,1,LIONS,WPR,"Boland Park, Paarl",ci:327830,D Pretorius,4.0,42,0,cricsheet
cs1124668,2017-18,2017-11-24,2,WPR,LIONS,"Boland Park, Paarl",ci:481875,GF Linde,4.0,26,2,cricsheet
cs1124668,2017-18,2017-11-24,2,WPR,LIONS,"Boland Park, Paarl",ci:46945,VD Philander,3.0,21,0,cricsheet
cs1124668,2017-18,2017-11-24,2,WPR,LIONS,"Boland Park, Paarl",ci:45949,RK Kleinveldt,3.0,16,2,cricsheet
cs1124668,2017-18,2017-11-24,2,WPR,LIONS,"Boland Park, Paarl",ci:549288,FD Adams,4.0,31,1,cricsheet
cs1124668,2017-18,2017-11-24,2,WPR,LIONS,"Boland Park, Paarl",ci:977991,M Nabe,3.0,20,1,cricsheet
cs1124668,2017-18,2017-11-24,2,WPR,LIONS,"Boland Park, Paarl",ci:44932,JP Duminy,3.0,19,0,cricsheet
cs1124669,2017-18,2017-11-24,1,KNG,WAR,"Mangaung Oval, Bloemfontein",ci:393279,M de Lange,3.0,28,1,cricsheet
cs1124669,2017-18,2017-11-24,1,KNG,WAR,"Mangaung Oval, Bloemfontein",ci:334621,SC van Schalkwyk,4.0,38,2,cricsheet
cs1124669,2017-18,2017-11-24,1,KNG,WAR,"Mangaung Oval, Bloemfontein",ci:46393,R McLaren,2.0,15,0,cricsheet
cs1124669,2017-18,2017-11-24,1,KNG,WAR,"Mangaung Oval, Bloemfontein",ci:543041,M Budaza,4.0,34,2,cricsheet
cs1124669,2017-18,2017-11-24,1,KNG,WAR,"Mangaung Oval, Bloemfontein",ci:46149,E Leie,4.0,20,1,cricsheet
cs1124669,2017-18,2017-11-24,1,KNG,WAR,"Mangaung Oval, Bloemfontein",ci:276843,AR Swanepoel,2.0,8,0,cricsheet
cs1124669,2017-18,2017-11-24,1,KNG,WAR,"Mangaung Oval, Bloemfontein",ci:499560,PE Kruger,1.0,8,0,cricsheet
cs1124669,2017-18,2017-11-24,2,WAR,KNG,"Mangaung Oval, Bloemfontein",ci:44413,ACR Birch,4.0,29,1,cricsheet
cs1124669,2017-18,2017-11-24,2,WAR,KNG,"Mangaung Oval, Bloemfontein",ci:316909,BD Walters,2.4,23,0,cricsheet
cs1124669,2017-18,2017-11-24,2,WAR,KNG,"Mangaung Oval, Bloemfontein",ci:379776,SSB Magala,4.0,29,1,cricsheet
cs1124669,2017-18,2017-11-24,2,WAR,KNG,"Mangaung Oval, Bloemfontein",ci:280490,JT Smuts,4.0,33,2,cricsheet
cs1124669,2017-18,2017-11-24,2,WAR,KNG,"Mangaung Oval, Bloemfontein",ci:45705,CA Ingram,2.0,17,0,cricsheet
cs1124669,2017-18,2017-11-24,2,WAR,KNG,"Mangaung Oval, Bloemfontein",ci:379774,CN Ackermann,2.0,14,0,cricsheet
cs1124669,2017-18,2017-11-24,2,WAR,KNG,"Mangaung Oval, Bloemfontein",ci:437691,SSN Nqweni,1.0,10,1,cricsheet
cs1124671,2017-18,2017-11-26,1,WAR,LIONS,"Newlands, Cape Town",ci:44413,ACR Birch,4.0,36,1,cricsheet
cs1124671,2017-18,2017-11-26,1,WAR,LIONS,"Newlands, Cape Town",ci:316909,BD Walters,3.0,33,1,cricsheet
cs1124671,2017-18,2017-11-26,1,WAR,LIONS,"Newlands, Cape Town",ci:379776,SSB Magala,3.0,34,0,cricsheet
cs1124671,2017-18,2017-11-26,1,WAR,LIONS,"Newlands, Cape Town",ci:280490,JT Smuts,4.0,37,1,cricsheet
cs1124671,2017-18,2017-11-26,1,WAR,LIONS,"Newlands, Cape Town",ci:45705,CA Ingram,3.0,21,0,cricsheet
cs1124671,2017-18,2017-11-26,1,WAR,LIONS,"Newlands, Cape Town",ci:379774,CN Ackermann,2.0,10,0,cricsheet
cs1124671,2017-18,2017-11-26,1,WAR,LIONS,"Newlands, Cape Town",ci:437691,SSN Nqweni,1.0,6,0,cricsheet
cs1124671,2017-18,2017-11-26,2,LIONS,WAR,"Newlands, Cape Town",ci:379927,BE Hendricks,4.0,50,1,cricsheet
cs1124671,2017-18,2017-11-26,2,LIONS,WAR,"Newlands, Cape Town",ci:550215,K Rabada,4.0,25,3,cricsheet
cs1124671,2017-18,2017-11-26,2,LIONS,WAR,"Newlands, Cape Town",ci:375126,GC Viljoen,4.0,30,1,cricsheet
cs1124671,2017-18,2017-11-26,2,LIONS,WAR,"Newlands, Cape Town",ci:698189,PWA Mulder,3.0,39,0,cricsheet
cs1124671,2017-18,2017-11-26,2,LIONS,WAR,"Newlands, Cape Town",ci:46942,AM Phangiso,3.0,29,1,cricsheet
cs1124671,2017-18,2017-11-26,2,LIONS,WAR,"Newlands, Cape Town",ci:596436,MJ Ackerman,1.0,10,0,cricsheet
cs1124672,2017-18,2017-11-26,1,WPR,KNG,"Newlands, Cape Town",ci:46945,VD Philander,4.0,31,0,cricsheet
cs1124672,2017-18,2017-11-26,1,WPR,KNG,"Newlands, Cape Town",ci:45949,RK Kleinveldt,4.0,19,3,cricsheet
cs1124672,2017-18,2017-11-26,1,WPR,KNG,"Newlands, Cape Town",ci:481875,GF Linde,1.0,22,0,cricsheet
cs1124672,2017-18,2017-11-26,1,WPR,KNG,"Newlands, Cape Town",ci:977991,M Nabe,4.0,35,1,cricsheet
cs1124672,2017-18,2017-11-26,1,WPR,KNG,"Newlands, Cape Town",ci:549288,FD Adams,4.0,21,0,cricsheet
cs1124672,2017-18,2017-11-26,1,WPR,KNG,"Newlands, Cape Town",ci:44932,JP Duminy,3.0,29,1,cricsheet
cs1124672,2017-18,2017-11-26,2,KNG,WPR,"Newlands, Cape Town",ci:393279,M de Lange,4.0,31,1,cricsheet
cs1124672,2017-18,2017-11-26,2,KNG,WPR,"Newlands, Cape Town",ci:334621,SC van Schalkwyk,3.0,27,1,cricsheet
cs1124672,2017-18,2017-11-26,2,KNG,WPR,"Newlands, Cape Town",ci:46393,R McLaren,4.0,33,2,cricsheet
cs1124672,2017-18,2017-11-26,2,KNG,WPR,"Newlands, Cape Town",ci:46149,E Leie,4.0,38,2,cricsheet
cs1124672,2017-18,2017-11-26,2,KNG,WPR,"Newlands, Cape Town",ci:543041,M Budaza,3.0,21,1,cricsheet
cs1124672,2017-18,2017-11-26,2,KNG,WPR,"Newlands, Cape Town",ci:499560,PE Kruger,1.0,13,0,cricsheet
cs1124673,2017-18,2017-11-29,1,WAR,WPR,"Boland Park, Paarl",ci:44413,ACR Birch,4.0,27,2,cricsheet
cs1124673,2017-18,2017-11-29,1,WAR,WPR,"Boland Park, Paarl",ci:316909,BD Walters,3.0,29,0,cricsheet
cs1124673,2017-18,2017-11-29,1,WAR,WPR,"Boland Park, Paarl",ci:280490,JT Smuts,3.0,21,1,cricsheet
cs1124673,2017-18,2017-11-29,1,WAR,WPR,"Boland Park, Paarl",ci:379776,SSB Magala,4.0,30,1,cricsheet
cs1124673,2017-18,2017-11-29,1,WAR,WPR,"Boland Park, Paarl",ci:45705,CA Ingram,4.0,25,0,cricsheet
cs1124673,2017-18,2017-11-29,1,WAR,WPR,"Boland Park, Paarl",ci:379774,CN Ackermann,1.0,13,0,cricsheet
cs1124673,2017-18,2017-11-29,1,WAR,WPR,"Boland Park, Paarl",ci:437691,SSN Nqweni,1.0,11,0,cricsheet
cs1124673,2017-18,2017-11-29,2,WPR,WAR,"Boland Park, Paarl",ci:45949,RK Kleinveldt,4.0,16,1,cricsheet
cs1124673,2017-18,2017-11-29,2,WPR,WAR,"Boland Park, Paarl",ci:327947,D Paterson,4.0,25,3,cricsheet
cs1124673,2017-18,2017-11-29,2,WPR,WAR,"Boland Park, Paarl",ci:977991,M Nabe,4.0,32,0,cricsheet
cs1124673,2017-18,2017-11-29,2,WPR,WAR,"Boland Park, Paarl",ci:44932,JP Duminy,2.0,11,0,cricsheet
cs1124673,2017-18,2017-11-29,2,WPR,WAR,"Boland Park, Paarl",ci:549288,FD Adams,4.0,38,2,cricsheet
cs1124673,2017-18,2017-11-29,2,WPR,WAR,"Boland Park, Paarl",ci:481875,GF Linde,2.0,26,1,cricsheet
cs1124675,2017-18,2017-12-01,1,DOL,WPR,"Kingsmead, Durban",ci:267724,KA Maharaj,3.0,19,1,cricsheet
cs1124675,2017-18,2017-12-01,1,DOL,WPR,"Kingsmead, Durban",ci:45204,R Frylinck,4.0,38,0,cricsheet
cs1124675,2017-18,2017-12-01,1,DOL,WPR,"Kingsmead, Durban",ci:230860,M Shezi,3.0,21,1,cricsheet
cs1124675,2017-18,2017-12-01,1,DOL,WPR,"Kingsmead, Durban",ci:540316,AL Phehlukwayo,4.0,42,0,cricsheet
cs1124675,2017-18,2017-12-01,1,DOL,WPR,"Kingsmead, Durban",ci:40618,Imran Tahir,4.0,31,2,cricsheet
cs1124675,2017-18,2017-12-01,1,DOL,WPR,"Kingsmead, Durban",ci:594233,BS Makhanya,2.0,19,0,cricsheet
cs1124675,2017-18,2017-12-01,2,WPR,DOL,"Kingsmead, Durban",ci:45949,RK Kleinveldt,1.1,7,0,cricsheet
cs1124675,2017-18,2017-12-01,2,WPR,DOL,"Kingsmead, Durban",ci:327947,D Paterson,1.0,1,1,cricsheet
cs1124676,2017-18,2017-12-01,1,LIONS,KNG,"Mangaung Oval, Bloemfontein",ci:553249,BC Fortuin,4.0,25,1,cricsheet
cs1124676,2017-18,2017-12-01,1,LIONS,KNG,"Mangaung Oval, Bloemfontein",ci:550215,K Rabada,2.0,14,0,cricsheet
cs1124676,2017-18,2017-12-01,1,LIONS,KNG,"Mangaung Oval, Bloemfontein",ci:46942,AM Phangiso,3.0,13,1,cricsheet
cs1124676,2017-18,2017-12-01,1,LIONS,KNG,"Mangaung Oval, Bloemfontein",ci:698189,PWA Mulder,1.0,9,0,cricsheet
cs1124676,2017-18,2017-12-01,1,LIONS,KNG,"Mangaung Oval, Bloemfontein",ci:375126,GC Viljoen,2.0,14,0,cricsheet
cs1124676,2017-18,2017-12-01,1,LIONS,KNG,"Mangaung Oval, Bloemfontein",ci:327830,D Pretorius,1.0,10,0,cricsheet
cs1124677,2017-18,2017-12-01,1,WAR,TIT,"Willowmoore Park, Benoni",ci:44413,ACR Birch,3.0,39,0,cricsheet
cs1124677,2017-18,2017-12-01,1,WAR,TIT,"Willowmoore Park, Benoni",ci:316909,BD Walters,3.0,40,1,cricsheet
cs1124677,2017-18,2017-12-01,1,WAR,TIT,"Willowmoore Park, Benoni",ci:379776,SSB Magala,3.0,41,0,cricsheet
cs1124677,2017-18,2017-12-01,1,WAR,TIT,"Willowmoore Park, Benoni",ci:45705,CA Ingram,1.0,15,0,cricsheet
cs1124677,2017-18,2017-12-01,1,WAR,TIT,"Willowmoore Park, Benoni",ci:280490,JT Smuts,2.0,29,1,cricsheet
cs1124677,2017-18,2017-12-01,1,WAR,TIT,"Willowmoore Park, Benoni",ci:437691,SSN Nqweni,1.0,7,1,cricsheet
cs1124677,2017-18,2017-12-01,2,TIT,WAR,"Willowmoore Park, Benoni",ci:439952,CH Morris,3.0,26,1,cricsheet
cs1124677,2017-18,2017-12-01,2,TIT,WAR,"Willowmoore Park, Benoni",ci:542023,L Ngidi,2.0,8,2,cricsheet
cs1124677,2017-18,2017-12-01,2,TIT,WAR,"Willowmoore Park, Benoni",ci:230861,MP Siboto,2.0,18,2,cricsheet
cs1124677,2017-18,2017-12-01,2,TIT,WAR,"Willowmoore Park, Benoni",ci:379145,T Shamsi,3.0,22,3,cricsheet
cs1124677,2017-18,2017-12-01,2,TIT,WAR,"Willowmoore Park, Benoni",ci:545467,CJ Dala,2.0,23,0,cricsheet
cs1124677,2017-18,2017-12-01,2,TIT,WAR,"Willowmoore Park, Benoni",ci:221140,D Wiese,1.0,15,1,cricsheet
cs1124678,2017-18,2017-12-03,1,TIT,KNG,"St George's Park, Port Elizabeth",ci:46248,JA Morkel,1.0,7,0,cricsheet
cs1124678,2017-18,2017-12-03,1,TIT,KNG,"St George's Park, Port Elizabeth",ci:47492,DW Steyn,4.0,20,2,cricsheet
cs1124678,2017-18,2017-12-03,1,TIT,KNG,"St George's Park, Port Elizabeth",ci:439952,CH Morris,4.0,36,0,cricsheet
cs1124678,2017-18,2017-12-03,1,TIT,KNG,"St George's Park, Port Elizabeth",ci:379145,T Shamsi,4.0,21,2,cricsheet
cs1124678,2017-18,2017-12-03,1,TIT,KNG,"St George's Park, Port Elizabeth",ci:545467,CJ Dala,2.0,12,1,cricsheet
cs1124678,2017-18,2017-12-03,1,TIT,KNG,"St George's Park, Port Elizabeth",ci:600498,AK Markram,2.0,5,0,cricsheet
cs1124678,2017-18,2017-12-03,1,TIT,KNG,"St George's Park, Port Elizabeth",ci:230861,MP Siboto,3.0,29,1,cricsheet
cs1124678,2017-18,2017-12-03,2,KNG,TIT,"St George's Park, Port Elizabeth",ci:276843,AR Swanepoel,3.0,20,2,cricsheet
cs1124678,2017-18,2017-12-03,2,KNG,TIT,"St George's Park, Port Elizabeth",ci:334621,SC van Schalkwyk,3.5,30,1,cricsheet
cs1124678,2017-18,2017-12-03,2,KNG,TIT,"St George's Park, Port Elizabeth",ci:486679,D Olivier,4.0,31,1,cricsheet
cs1124678,2017-18,2017-12-03,2,KNG,TIT,"St George's Park, Port Elizabeth",ci:46393,R McLaren,2.0,6,0,cricsheet
cs1124678,2017-18,2017-12-03,2,KNG,TIT,"St George's Park, Port Elizabeth",ci:543041,M Budaza,4.0,26,0,cricsheet
cs1124678,2017-18,2017-12-03,2,KNG,TIT,"St George's Park, Port Elizabeth",ci:46149,E Leie,3.0,24,0,cricsheet
cs1124679,2017-18,2017-12-03,1,DOL,WAR,"St George's Park, Port Elizabeth",ci:267724,KA Maharaj,4.0,24,1,cricsheet
cs1124679,2017-18,2017-12-03,1,DOL,WAR,"St George's Park, Port Elizabeth",ci:230860,M Shezi,4.0,24,3,cricsheet
cs1124679,2017-18,2017-12-03,1,DOL,WAR,"St George's Park, Port Elizabeth",ci:45204,R Frylinck,4.0,23,3,cricsheet
cs1124679,2017-18,2017-12-03,1,DOL,WAR,"St George's Park, Port Elizabeth",ci:540316,AL Phehlukwayo,4.0,37,1,cricsheet
cs1124679,2017-18,2017-12-03,1,DOL,WAR,"St George's Park, Port Elizabeth",ci:40618,Imran Tahir,3.0,33,0,cricsheet
cs1124679,2017-18,2017-12-03,1,DOL,WAR,"St George's Park, Port Elizabeth",ci:594233,BS Makhanya,1.0,10,0,cricsheet
cs1124679,2017-18,2017-12-03,2,WAR,DOL,"St George's Park, Port Elizabeth",ci:44413,ACR Birch,4.0,28,2,cricsheet
cs1124679,2017-18,2017-12-03,2,WAR,DOL,"St George's Park, Port Elizabeth",ci:316909,BD Walters,4.0,27,1,cricsheet
cs1124679,2017-18,2017-12-03,2,WAR,DOL,"St George's Park, Port Elizabeth",ci:280490,JT Smuts,4.0,31,2,cricsheet
cs1124679,2017-18,2017-12-03,2,WAR,DOL,"St George's Park, Port Elizabeth",ci:379776,SSB Magala,4.0,25,0,cricsheet
cs1124679,2017-18,2017-12-03,2,WAR,DOL,"St George's Park, Port Elizabeth",ci:45705,CA Ingram,2.0,18,0,cricsheet
cs1124679,2017-18,2017-12-03,2,WAR,DOL,"St George's Park, Port Elizabeth",ci:437691,SSN Nqweni,2.0,22,1,cricsheet
cs1124681,2017-18,2017-12-06,1,KNG,WPR,"Diamond Oval, Kimberley",ci:486679,D Olivier,2.0,16,0,cricsheet
cs1124681,2017-18,2017-12-06,1,KNG,WPR,"Diamond Oval, Kimberley",ci:46393,R McLaren,4.0,31,2,cricsheet
cs1124681,2017-18,2017-12-06,1,KNG,WPR,"Diamond Oval, Kimberley",ci:334621,SC van Schalkwyk,4.0,27,3,cricsheet
cs1124681,2017-18,2017-12-06,1,KNG,WPR,"Diamond Oval, Kimberley",ci:543041,M Budaza,4.0,32,4,cricsheet
cs1124681,2017-18,2017-12-06,1,KNG,WPR,"Diamond Oval, Kimberley",ci:276843,AR Swanepoel,2.0,19,0,cricsheet
cs1124681,2017-18,2017-12-06,1,KNG,WPR,"Diamond Oval, Kimberley",ci:46149,E Leie,4.0,29,0,cricsheet
cs1124681,2017-18,2017-12-06,2,WPR,KNG,"Diamond Oval, Kimberley",ci:45949,RK Kleinveldt,4.0,31,0,cricsheet
cs1124681,2017-18,2017-12-06,2,WPR,KNG,"Diamond Oval, Kimberley",ci:327947,D Paterson,4.0,24,4,cricsheet
cs1124681,2017-18,2017-12-06,2,WPR,KNG,"Diamond Oval, Kimberley",ci:977991,M Nabe,4.0,30,2,cricsheet
cs1124681,2017-18,2017-12-06,2,WPR,KNG,"Diamond Oval, Kimberley",ci:481875,GF Linde,4.0,29,0,cricsheet
cs1124681,2017-18,2017-12-06,2,WPR,KNG,"Diamond Oval, Kimberley",ci:44932,JP Duminy,1.0,11,0,cricsheet
cs1124681,2017-18,2017-12-06,2,WPR,KNG,"Diamond Oval, Kimberley",ci:549288,FD Adams,3.0,24,2,cricsheet
cs1124683,2017-18,2017-12-08,1,DOL,KNG,"Mangaung Oval, Bloemfontein",ci:267724,KA Maharaj,3.0,29,1,cricsheet
cs1124683,2017-18,2017-12-08,1,DOL,KNG,"Mangaung Oval, Bloemfontein",ci:230860,M Shezi,3.0,33,0,cricsheet
cs1124683,2017-18,2017-12-08,1,DOL,KNG,"Mangaung Oval, Bloemfontein",ci:45204,R Frylinck,4.0,40,0,cricsheet
cs1124683,2017-18,2017-12-08,1,DOL,KNG,"Mangaung Oval, Bloemfontein",ci:540316,AL Phehlukwayo,3.0,40,1,cricsheet
cs1124683,2017-18,2017-12-08,1,DOL,KNG,"Mangaung Oval, Bloemfontein",ci:40618,Imran Tahir,4.0,23,2,cricsheet
cs1124683,2017-18,2017-12-08,2,KNG,DOL,"Mangaung Oval, Bloemfontein",ci:393279,M de Lange,4.0,30,1,cricsheet
cs1124683,2017-18,2017-12-08,2,KNG,DOL,"Mangaung Oval, Bloemfontein",ci:334621,SC van Schalkwyk,3.3,40,0,cricsheet
cs1124683,2017-18,2017-12-08,2,KNG,DOL,"Mangaung Oval, Bloemfontein",ci:46393,R McLaren,3.0,34,1,cricsheet
cs1124683,2017-18,2017-12-08,2,KNG,DOL,"Mangaung Oval, Bloemfontein",ci:543041,M Budaza,3.0,25,1,cricsheet
cs1124683,2017-18,2017-12-08,2,KNG,DOL,"Mangaung Oval, Bloemfontein",ci:46149,E Leie,3.0,38,1,cricsheet
cs1124684,2017-18,2017-12-08,1,LIONS,WAR,"Senwes Park, Potchefstroom",ci:553249,BC Fortuin,3.0,22,2,cricsheet
cs1124684,2017-18,2017-12-08,1,LIONS,WAR,"Senwes Park, Potchefstroom",ci:550215,K Rabada,3.0,26,0,cricsheet
cs1124684,2017-18,2017-12-08,1,LIONS,WAR,"Senwes Park, Potchefstroom",ci:375126,GC Viljoen,3.0,31,0,cricsheet
cs1124684,2017-18,2017-12-08,1,LIONS,WAR,"Senwes Park, Potchefstroom",ci:327830,D Pretorius,3.0,17,0,cricsheet
cs1124684,2017-18,2017-12-08,1,LIONS,WAR,"Senwes Park, Potchefstroom",ci:698189,PWA Mulder,2.1,15,1,cricsheet
cs1124684,2017-18,2017-12-08,1,LIONS,WAR,"Senwes Park, Potchefstroom",ci:46942,AM Phangiso,3.0,15,0,cricsheet
cs1124684,2017-18,2017-12-08,2,WAR,LIONS,"Senwes Park, Potchefstroom",ci:280490,JT Smuts,2.0,9,1,cricsheet
cs1124684,2017-18,2017-12-08,2,WAR,LIONS,"Senwes Park, Potchefstroom",ci:44413,ACR Birch,2.0,11,1,cricsheet
cs1124684,2017-18,2017-12-08,2,WAR,LIONS,"Senwes Park, Potchefstroom",ci:316909,BD Walters,2.0,30,0,cricsheet
cs1124684,2017-18,2017-12-08,2,WAR,LIONS,"Senwes Park, Potchefstroom",ci:379776,SSB Magala,2.0,19,2,cricsheet
cs1124684,2017-18,2017-12-08,2,WAR,LIONS,"Senwes Park, Potchefstroom",ci:265564,WD Parnell,1.0,14,0,cricsheet
cs1124684,2017-18,2017-12-08,2,WAR,LIONS,"Senwes Park, Potchefstroom",ci:379774,CN Ackermann,1.0,6,1,cricsheet
cs1124685,2017-18,2017-12-10,1,WPR,WAR,"Buffalo Park, East London",ci:45949,RK Kleinveldt,4.0,33,1,cricsheet
cs1124685,2017-18,2017-12-10,1,WPR,WAR,"Buffalo Park, East London",ci:481875,GF Linde,4.0,39,2,cricsheet
cs1124685,2017-18,2017-12-10,1,WPR,WAR,"Buffalo Park, East London",ci:46945,VD Philander,2.0,20,0,cricsheet
cs1124685,2017-18,2017-12-10,1,WPR,WAR,"Buffalo Park, East London",ci:327947,D Paterson,4.0,30,1,cricsheet
cs1124685,2017-18,2017-12-10,1,WPR,WAR,"Buffalo Park, East London",ci:977991,M Nabe,4.0,33,1,cricsheet
cs1124685,2017-18,2017-12-10,1,WPR,WAR,"Buffalo Park, East London",ci:379926,DL Piedt,2.0,13,0,cricsheet
cs1124685,2017-18,2017-12-10,2,WAR,WPR,"Buffalo Park, East London",ci:280490,JT Smuts,3.0,22,0,cricsheet
cs1124685,2017-18,2017-12-10,2,WAR,WPR,"Buffalo Park, East London",ci:44413,ACR Birch,4.0,28,1,cricsheet
cs1124685,2017-18,2017-12-10,2,WAR,WPR,"Buffalo Park, East London",ci:316909,BD Walters,2.0,23,1,cricsheet
cs1124685,2017-18,2017-12-10,2,WAR,WPR,"Buffalo Park, East London",ci:379776,SSB Magala,3.0,26,1,cricsheet
cs1124685,2017-18,2017-12-10,2,WAR,WPR,"Buffalo Park, East London",ci:379774,CN Ackermann,4.0,25,0,cricsheet
cs1124685,2017-18,2017-12-10,2,WAR,WPR,"Buffalo Park, East London",ci:222320,C Jonker,1.0,6,1,cricsheet
cs1124685,2017-18,2017-12-10,2,WAR,WPR,"Buffalo Park, East London",ci:45705,CA Ingram,3.0,18,2,cricsheet
cs1124686,2017-18,2017-12-10,1,TIT,DOL,"Kingsmead, Durban",ci:230852,D Elgar,2.0,18,0,cricsheet
cs1124686,2017-18,2017-12-10,1,TIT,DOL,"Kingsmead, Durban",ci:46538,M Morkel,4.0,25,2,cricsheet
cs1124686,2017-18,2017-12-10,1,TIT,DOL,"Kingsmead, Durban",ci:221140,D Wiese,4.0,23,1,cricsheet
cs1124686,2017-18,2017-12-10,1,TIT,DOL,"Kingsmead, Durban",ci:545467,CJ Dala,3.0,23,2,cricsheet
cs1124686,2017-18,2017-12-10,1,TIT,DOL,"Kingsmead, Durban",ci:379145,T Shamsi,2.0,25,0,cricsheet
cs1124686,2017-18,2017-12-10,1,TIT,DOL,"Kingsmead, Durban",ci:393289,S von Berg,4.0,40,2,cricsheet
cs1124686,2017-18,2017-12-10,1,TIT,DOL,"Kingsmead, Durban",ci:688143,SA Mothoa,1.0,11,0,cricsheet
cs1124686,2017-18,2017-12-10,2,DOL,TIT,"Kingsmead, Durban",ci:437438,P Subrayen,4.0,17,2,cricsheet
cs1124686,2017-18,2017-12-10,2,DOL,TIT,"Kingsmead, Durban",ci:230860,M Shezi,2.0,4,1,cricsheet
cs1124686,2017-18,2017-12-10,2,DOL,TIT,"Kingsmead, Durban",ci:45204,R Frylinck,1.0,1,1,cricsheet
cs1124686,2017-18,2017-12-10,2,DOL,TIT,"Kingsmead, Durban",ci:40618,Imran Tahir,4.0,20,2,cricsheet
cs1124686,2017-18,2017-12-10,2,DOL,TIT,"Kingsmead, Durban",ci:267724,KA Maharaj,4.0,18,2,cricsheet
cs1124686,2017-18,2017-12-10,2,DOL,TIT,"Kingsmead, Durban",ci:540316,AL Phehlukwayo,3.0,12,1,cricsheet
cs1124686,2017-18,2017-12-10,2,DOL,TIT,"Kingsmead, Durban",ci:318842,K Zondo,1.4,5,1,cricsheet
cs1124687,2017-18,2017-12-10,1,KNG,LIONS,"New Wanderers Stadium, Johannesburg",ci:393279,M de Lange,1.0,3,0,cricsheet
cs1124688,2017-18,2017-12-13,1,TIT,WAR,"SuperSport Park, Centurion",ci:46248,JA Morkel,1.0,8,1,cricsheet
cs1124688,2017-18,2017-12-13,1,TIT,WAR,"SuperSport Park, Centurion",ci:542023,L Ngidi,2.0,16,1,cricsheet
cs1124688,2017-18,2017-12-13,1,TIT,WAR,"SuperSport Park, Centurion",ci:439952,CH Morris,3.0,18,1,cricsheet
cs1124688,2017-18,2017-12-13,1,TIT,WAR,"SuperSport Park, Centurion",ci:230861,MP Siboto,1.0,21,0,cricsheet
cs1124688,2017-18,2017-12-13,1,TIT,WAR,"SuperSport Park, Centurion",ci:545467,CJ Dala,3.1,18,2,cricsheet
cs1124688,2017-18,2017-12-13,1,TIT,WAR,"SuperSport Park, Centurion",ci:600498,AK Markram,4.0,30,1,cricsheet
cs1124688,2017-18,2017-12-13,1,TIT,WAR,"SuperSport Park, Centurion",ci:379145,T Shamsi,4.0,32,4,cricsheet
cs1124688,2017-18,2017-12-13,2,WAR,TIT,"SuperSport Park, Centurion",ci:44413,ACR Birch,3.0,29,1,cricsheet
cs1124688,2017-18,2017-12-13,2,WAR,TIT,"SuperSport Park, Centurion",ci:316909,BD Walters,2.2,21,0,cricsheet
cs1124688,2017-18,2017-12-13,2,WAR,TIT,"SuperSport Park, Centurion",ci:265564,WD Parnell,2.0,17,1,cricsheet
cs1124688,2017-18,2017-12-13,2,WAR,TIT,"SuperSport Park, Centurion",ci:379776,SSB Magala,2.0,23,0,cricsheet
cs1124688,2017-18,2017-12-13,2,WAR,TIT,"SuperSport Park, Centurion",ci:280490,JT Smuts,3.0,19,0,cricsheet
cs1124688,2017-18,2017-12-13,2,WAR,TIT,"SuperSport Park, Centurion",ci:45705,CA Ingram,2.0,19,0,cricsheet
cs1124688,2017-18,2017-12-13,2,WAR,TIT,"SuperSport Park, Centurion",ci:379774,CN Ackermann,1.0,14,0,cricsheet
cs1124690,2017-18,2017-12-16,1,TIT,DOL,"SuperSport Park, Centurion",ci:46248,JA Morkel,1.0,11,0,cricsheet
cs1124690,2017-18,2017-12-16,1,TIT,DOL,"SuperSport Park, Centurion",ci:542023,L Ngidi,4.0,15,2,cricsheet
cs1124690,2017-18,2017-12-16,1,TIT,DOL,"SuperSport Park, Centurion",ci:439952,CH Morris,3.3,13,4,cricsheet
cs1124690,2017-18,2017-12-16,1,TIT,DOL,"SuperSport Park, Centurion",ci:545467,CJ Dala,3.0,21,1,cricsheet
cs1124690,2017-18,2017-12-16,1,TIT,DOL,"SuperSport Park, Centurion",ci:230861,MP Siboto,3.0,10,2,cricsheet
cs1124690,2017-18,2017-12-16,1,TIT,DOL,"SuperSport Park, Centurion",ci:379145,T Shamsi,4.0,26,0,cricsheet
cs1124690,2017-18,2017-12-16,2,DOL,TIT,"SuperSport Park, Centurion",ci:45204,R Frylinck,3.0,26,1,cricsheet
cs1124690,2017-18,2017-12-16,2,DOL,TIT,"SuperSport Park, Centurion",ci:230860,M Shezi,2.0,34,1,cricsheet
cs1124690,2017-18,2017-12-16,2,DOL,TIT,"SuperSport Park, Centurion",ci:540316,AL Phehlukwayo,2.1,20,0,cricsheet
cs1124690,2017-18,2017-12-16,2,DOL,TIT,"SuperSport Park, Centurion",ci:267724,KA Maharaj,3.0,10,0,cricsheet
cs1124690,2017-18,2017-12-16,2,DOL,TIT,"SuperSport Park, Centurion",ci:318842,K Zondo,1.0,10,1,cricsheet
21213,2018-19,2019-04-05,1,WAR,TIT,"SuperSport Park, Centurion",ci:44413,ACR Birch,4.0,49,1,cricsheet
21213,2018-19,2019-04-05,1,WAR,TIT,"SuperSport Park, Centurion",ci:698143,L Sipamla,4.0,34,2,cricsheet
21213,2018-19,2019-04-05,1,WAR,TIT,"SuperSport Park, Centurion",ci:379776,SSB Magala,4.0,40,1,cricsheet
21213,2018-19,2019-04-05,1,WAR,TIT,"SuperSport Park, Centurion",ci:280490,JT Smuts,4.0,32,1,cricsheet
21213,2018-19,2019-04-05,1,WAR,TIT,"SuperSport Park, Centurion",ci:595647,O Nyaku,2.0,21,0,cricsheet
21213,2018-19,2019-04-05,1,WAR,TIT,"SuperSport Park, Centurion",ci:595907,J de Klerk,2.0,40,0,cricsheet
21213,2018-19,2019-04-05,2,TIT,WAR,"SuperSport Park, Centurion",ci:44752,H Davids,1.0,14,0,cricsheet
21213,2018-19,2019-04-05,2,TIT,WAR,"SuperSport Park, Centurion",ci:601150,EL Hawken,2.0,20,0,cricsheet
21213,2018-19,2019-04-05,2,TIT,WAR,"SuperSport Park, Centurion",ci:545467,CJ Dala,1.0,9,0,cricsheet
21213,2018-19,2019-04-05,2,TIT,WAR,"SuperSport Park, Centurion",ci:594235,TL Moreki,1.0,12,0,cricsheet
21213,2018-19,2019-04-05,2,TIT,WAR,"SuperSport Park, Centurion",ci:393289,S von Berg,1.0,5,0,cricsheet
21214,2018-19,2019-04-06,1,DOL,KNG,"Kingsmead, Durban",ci:698343,E Bosch,4.0,32,1,cricsheet
21214,2018-19,2019-04-06,1,DOL,KNG,"Kingsmead, Durban",ci:501907,DM Dupavillon,4.0,15,2,cricsheet
21214,2018-19,2019-04-06,1,DOL,KNG,"Kingsmead, Durban",ci:594336,LM Zuma,2.0,35,1,cricsheet
21214,2018-19,2019-04-06,1,DOL,KNG,"Kingsmead, Durban",ci:437438,P Subrayen,4.0,15,3,cricsheet
21214,2018-19,2019-04-06,1,DOL,KNG,"Kingsmead, Durban",ci:267724,KA Maharaj,4.0,16,0,cricsheet
21214,2018-19,2019-04-06,1,DOL,KNG,"Kingsmead, Durban",ci:318842,K Zondo,1.0,10,0,cricsheet
21214,2018-19,2019-04-06,1,DOL,KNG,"Kingsmead, Durban",ci:594233,BS Makhanya,1.0,9,0,cricsheet
21214,2018-19,2019-04-06,2,KNG,DOL,"Kingsmead, Durban",ci:429927,CA Dry,3.3,32,1,cricsheet
21214,2018-19,2019-04-06,2,KNG,DOL,"Kingsmead, Durban",ci:46393,R McLaren,3.0,22,0,cricsheet
21214,2018-19,2019-04-06,2,KNG,DOL,"Kingsmead, Durban",ci:276843,AR Swanepoel,2.0,21,0,cricsheet
21214,2018-19,2019-04-06,2,KNG,DOL,"Kingsmead, Durban",ci:334621,SC van Schalkwyk,4.0,23,2,cricsheet
21214,2018-19,2019-04-06,2,KNG,DOL,"Kingsmead, Durban",ci:485228,T Mnyaka,2.0,16,1,cricsheet
21214,2018-19,2019-04-06,2,KNG,DOL,"Kingsmead, Durban",ci:46149,E Leie,4.0,18,1,cricsheet
21215,2018-19,2019-04-07,1,LIONS,WPR,"New Wanderers Stadium, Johannesburg",ci:553249,BC Fortuin,4.0,14,2,cricsheet
21215,2018-19,2019-04-07,1,LIONS,WPR,"New Wanderers Stadium, Johannesburg",ci:379927,BE Hendricks,4.0,31,1,cricsheet
21215,2018-19,2019-04-07,1,LIONS,WPR,"New Wanderers Stadium, Johannesburg",ci:230861,MP Siboto,4.0,43,1,cricsheet
21215,2018-19,2019-04-07,1,LIONS,WPR,"New Wanderers Stadium, Johannesburg",ci:327830,D Pretorius,3.0,30,0,cricsheet
21215,2018-19,2019-04-07,1,LIONS,WPR,"New Wanderers Stadium, Johannesburg",ci:698189,PWA Mulder,3.0,28,2,cricsheet
21215,2018-19,2019-04-07,1,LIONS,WPR,"New Wanderers Stadium, Johannesburg",ci:785673,Z Pongolo,2.0,18,1,cricsheet
21215,2018-19,2019-04-07,2,WPR,LIONS,"New Wanderers Stadium, Johannesburg",ci:45949,RK Kleinveldt,4.0,35,3,cricsheet
21215,2018-19,2019-04-07,2,WPR,LIONS,"New Wanderers Stadium, Johannesburg",ci:46945,VD Philander,4.0,35,0,cricsheet
21215,2018-19,2019-04-07,2,WPR,LIONS,"New Wanderers Stadium, Johannesburg",ci:327947,D Paterson,4.0,30,3,cricsheet
21215,2018-19,2019-04-07,2,WPR,LIONS,"New Wanderers Stadium, Johannesburg",ci:481875,GF Linde,4.0,37,1,cricsheet
21215,2018-19,2019-04-07,2,WPR,LIONS,"New Wanderers Stadium, Johannesburg",ci:488620,T Bokako,4.0,26,0,cricsheet
21216,2018-19,2019-04-10,1,DOL,LIONS,"Kingsmead, Durban",ci:45204,R Frylinck,4.0,37,1,cricsheet
21216,2018-19,2019-04-10,1,DOL,LIONS,"Kingsmead, Durban",ci:501907,DM Dupavillon,4.0,38,1,cricsheet
21216,2018-19,2019-04-10,1,DOL,LIONS,"Kingsmead, Durban",ci:594336,LM Zuma,4.0,42,1,cricsheet
21216,2018-19,2019-04-10,1,DOL,LIONS,"Kingsmead, Durban",ci:267724,KA Maharaj,4.0,16,1,cricsheet
21216,2018-19,2019-04-10,1,DOL,LIONS,"Kingsmead, Durban",ci:437438,P Subrayen,4.0,25,1,cricsheet
21216,2018-19,2019-04-10,2,LIONS,DOL,"Kingsmead, Durban",ci:553249,BC Fortuin,4.0,14,2,cricsheet
21216,2018-19,2019-04-10,2,LIONS,DOL,"Kingsmead, Durban",ci:379927,BE Hendricks,4.0,46,1,cricsheet
21216,2018-19,2019-04-10,2,LIONS,DOL,"Kingsmead, Durban",ci:230861,MP Siboto,2.0,22,1,cricsheet
21216,2018-19,2019-04-10,2,LIONS,DOL,"Kingsmead, Durban",ci:327830,D Pretorius,2.0,16,1,cricsheet
21216,2018-19,2019-04-10,2,LIONS,DOL,"Kingsmead, Durban",ci:46942,AM Phangiso,4.0,15,2,cricsheet
21216,2018-19,2019-04-10,2,LIONS,DOL,"Kingsmead, Durban",ci:698189,PWA Mulder,4.0,24,1,cricsheet
21218,2018-19,2019-04-10,1,TIT,WPR,"Willowmoore Park, Benoni",ci:543195,G Mahlokwana,4.0,19,1,cricsheet
21218,2018-19,2019-04-10,1,TIT,WPR,"Willowmoore Park, Benoni",ci:601150,EL Hawken,4.0,39,1,cricsheet
21218,2018-19,2019-04-10,1,TIT,WPR,"Willowmoore Park, Benoni",ci:545467,CJ Dala,4.0,35,1,cricsheet
21218,2018-19,2019-04-10,1,TIT,WPR,"Willowmoore Park, Benoni",ci:393289,S von Berg,4.0,18,1,cricsheet
21218,2018-19,2019-04-10,1,TIT,WPR,"Willowmoore Park, Benoni",ci:450142,GM Thomson,2.0,12,0,cricsheet
21218,2018-19,2019-04-10,1,TIT,WPR,"Willowmoore Park, Benoni",ci:44752,H Davids,2.0,21,0,cricsheet
21218,2018-19,2019-04-10,2,WPR,TIT,"Willowmoore Park, Benoni",ci:45949,RK Kleinveldt,3.0,26,0,cricsheet
21218,2018-19,2019-04-10,2,WPR,TIT,"Willowmoore Park, Benoni",ci:46945,VD Philander,3.4,28,1,cricsheet
21218,2018-19,2019-04-10,2,WPR,TIT,"Willowmoore Park, Benoni",ci:488620,T Bokako,2.0,29,0,cricsheet
21218,2018-19,2019-04-10,2,WPR,TIT,"Willowmoore Park, Benoni",ci:327947,D Paterson,2.0,23,0,cricsheet
21218,2018-19,2019-04-10,2,WPR,TIT,"Willowmoore Park, Benoni",ci:481875,GF Linde,4.0,35,1,cricsheet
21218,2018-19,2019-04-10,2,WPR,TIT,"Willowmoore Park, Benoni",ci:314991,A Mgijima,1.0,9,0,cricsheet
21219,2018-19,2019-04-12,1,WPR,WAR,"Boland Park, Paarl",ci:45949,RK Kleinveldt,4.0,27,2,cricsheet
21219,2018-19,2019-04-12,1,WPR,WAR,"Boland Park, Paarl",ci:46945,VD Philander,4.0,25,1,cricsheet
21219,2018-19,2019-04-12,1,WPR,WAR,"Boland Park, Paarl",ci:327947,D Paterson,3.0,34,1,cricsheet
21219,2018-19,2019-04-12,1,WPR,WAR,"Boland Park, Paarl",ci:488620,T Bokako,3.0,19,1,cricsheet
21219,2018-19,2019-04-12,1,WPR,WAR,"Boland Park, Paarl",ci:481875,GF Linde,4.0,32,0,cricsheet
21219,2018-19,2019-04-12,1,WPR,WAR,"Boland Park, Paarl",ci:314991,A Mgijima,2.0,14,3,cricsheet
21219,2018-19,2019-04-12,2,WAR,WPR,"Boland Park, Paarl",ci:280490,JT Smuts,3.0,21,0,cricsheet
21219,2018-19,2019-04-12,2,WAR,WPR,"Boland Park, Paarl",ci:44413,ACR Birch,1.5,21,0,cricsheet
21219,2018-19,2019-04-12,2,WAR,WPR,"Boland Park, Paarl",ci:379776,SSB Magala,3.0,25,1,cricsheet
21219,2018-19,2019-04-12,2,WAR,WPR,"Boland Park, Paarl",ci:698143,L Sipamla,3.0,43,0,cricsheet
21219,2018-19,2019-04-12,2,WAR,WPR,"Boland Park, Paarl",ci:381006,TP Kaber,2.0,19,1,cricsheet
21219,2018-19,2019-04-12,2,WAR,WPR,"Boland Park, Paarl",ci:595907,J de Klerk,3.0,21,1,cricsheet
21220,2018-19,2019-04-12,1,KNG,LIONS,"Senwes Park, Potchefstroom",ci:535353,OEG Baartman,4.0,31,1,cricsheet
21220,2018-19,2019-04-12,1,KNG,LIONS,"Senwes Park, Potchefstroom",ci:596010,G Coetzee,4.0,30,2,cricsheet
21220,2018-19,2019-04-12,1,KNG,LIONS,"Senwes Park, Potchefstroom",ci:46393,R McLaren,3.0,18,1,cricsheet
21220,2018-19,2019-04-12,1,KNG,LIONS,"Senwes Park, Potchefstroom",ci:46149,E Leie,2.0,18,0,cricsheet
21220,2018-19,2019-04-12,1,KNG,LIONS,"Senwes Park, Potchefstroom",ci:550226,T Ntuli,3.0,16,1,cricsheet
21220,2018-19,2019-04-12,1,KNG,LIONS,"Senwes Park, Potchefstroom",ci:334621,SC van Schalkwyk,4.0,37,1,cricsheet
21220,2018-19,2019-04-12,2,LIONS,KNG,"Senwes Park, Potchefstroom",ci:553249,BC Fortuin,4.0,10,3,cricsheet
21220,2018-19,2019-04-12,2,LIONS,KNG,"Senwes Park, Potchefstroom",ci:379927,BE Hendricks,4.0,28,1,cricsheet
21220,2018-19,2019-04-12,2,LIONS,KNG,"Senwes Park, Potchefstroom",ci:327830,D Pretorius,3.0,20,1,cricsheet
21220,2018-19,2019-04-12,2,LIONS,KNG,"Senwes Park, Potchefstroom",ci:698189,PWA Mulder,2.0,17,0,cricsheet
21220,2018-19,2019-04-12,2,LIONS,KNG,"Senwes Park, Potchefstroom",ci:46942,AM Phangiso,4.0,24,1,cricsheet
21220,2018-19,2019-04-12,2,LIONS,KNG,"Senwes Park, Potchefstroom",ci:230861,MP Siboto,3.0,11,3,cricsheet
21222,2018-19,2019-04-14,1,DOL,WPR,"Newlands, Cape Town",ci:501907,DM Dupavillon,4.0,37,1,cricsheet
21222,2018-19,2019-04-14,1,DOL,WPR,"Newlands, Cape Town",ci:45204,R Frylinck,4.0,27,2,cricsheet
21222,2018-19,2019-04-14,1,DOL,WPR,"Newlands, Cape Town",ci:594336,LM Zuma,3.0,36,1,cricsheet
21222,2018-19,2019-04-14,1,DOL,WPR,"Newlands, Cape Town",ci:267724,KA Maharaj,4.0,20,1,cricsheet
21222,2018-19,2019-04-14,1,DOL,WPR,"Newlands, Cape Town",ci:437438,P Subrayen,4.0,23,1,cricsheet
21222,2018-19,2019-04-14,1,DOL,WPR,"Newlands, Cape Town",ci:318842,K Zondo,1.0,8,0,cricsheet
21222,2018-19,2019-04-14,2,WPR,DOL,"Newlands, Cape Town",ci:45949,RK Kleinveldt,4.0,9,2,cricsheet
21222,2018-19,2019-04-14,2,WPR,DOL,"Newlands, Cape Town",ci:46945,VD Philander,4.0,28,1,cricsheet
21222,2018-19,2019-04-14,2,WPR,DOL,"Newlands, Cape Town",ci:327947,D Paterson,3.0,40,0,cricsheet
21222,2018-19,2019-04-14,2,WPR,DOL,"Newlands, Cape Town",ci:234064,NM Serame,4.0,28,2,cricsheet
21222,2018-19,2019-04-14,2,WPR,DOL,"Newlands, Cape Town",ci:481875,GF Linde,4.0,25,0,cricsheet
21222,2018-19,2019-04-14,2,WPR,DOL,"Newlands, Cape Town",ci:488620,T Bokako,1.0,9,0,cricsheet
21223,2018-19,2019-04-14,1,LIONS,WAR,"Buffalo Park, East London",ci:553249,BC Fortuin,3.0,23,1,cricsheet
21223,2018-19,2019-04-14,1,LIONS,WAR,"Buffalo Park, East London",ci:379927,BE Hendricks,2.0,10,1,cricsheet
21223,2018-19,2019-04-14,1,LIONS,WAR,"Buffalo Park, East London",ci:327830,D Pretorius,3.0,41,0,cricsheet
21223,2018-19,2019-04-14,1,LIONS,WAR,"Buffalo Park, East London",ci:698189,PWA Mulder,2.0,24,0,cricsheet
21223,2018-19,2019-04-14,1,LIONS,WAR,"Buffalo Park, East London",ci:46942,AM Phangiso,4.0,13,2,cricsheet
21223,2018-19,2019-04-14,1,LIONS,WAR,"Buffalo Park, East London",ci:230861,MP Siboto,3.4,39,0,cricsheet
21223,2018-19,2019-04-14,1,LIONS,WAR,"Buffalo Park, East London",ci:429886,WJ Lubbe,1.0,4,1,cricsheet
21225,2018-19,2019-04-16,1,KNG,WPR,"Newlands, Cape Town",ci:535353,OEG Baartman,4.0,32,1,cricsheet
21225,2018-19,2019-04-16,1,KNG,WPR,"Newlands, Cape Town",ci:596010,G Coetzee,4.0,35,1,cricsheet
21225,2018-19,2019-04-16,1,KNG,WPR,"Newlands, Cape Town",ci:334621,SC van Schalkwyk,4.0,23,1,cricsheet
21225,2018-19,2019-04-16,1,KNG,WPR,"Newlands, Cape Town",ci:46393,R McLaren,4.0,30,2,cricsheet
21225,2018-19,2019-04-16,1,KNG,WPR,"Newlands, Cape Town",ci:550226,T Ntuli,3.0,15,0,cricsheet
21225,2018-19,2019-04-16,1,KNG,WPR,"Newlands, Cape Town",ci:46149,E Leie,1.0,14,0,cricsheet
21225,2018-19,2019-04-16,2,WPR,KNG,"Newlands, Cape Town",ci:45949,RK Kleinveldt,4.0,26,1,cricsheet
21225,2018-19,2019-04-16,2,WPR,KNG,"Newlands, Cape Town",ci:46945,VD Philander,4.0,17,1,cricsheet
21225,2018-19,2019-04-16,2,WPR,KNG,"Newlands, Cape Town",ci:481875,GF Linde,4.0,40,1,cricsheet
21225,2018-19,2019-04-16,2,WPR,KNG,"Newlands, Cape Town",ci:488620,T Bokako,4.0,20,2,cricsheet
21225,2018-19,2019-04-16,2,WPR,KNG,"Newlands, Cape Town",ci:498582,JF Smith,1.0,17,0,cricsheet
21225,2018-19,2019-04-16,2,WPR,KNG,"Newlands, Cape Town",ci:234064,NM Serame,3.0,25,1,cricsheet
21227,2018-19,2019-04-18,1,TIT,LIONS,"New Wanderers Stadium, Johannesburg",ci:543195,G Mahlokwana,4.0,22,1,cricsheet
21227,2018-19,2019-04-18,1,TIT,LIONS,"New Wanderers Stadium, Johannesburg",ci:601150,EL Hawken,4.0,39,0,cricsheet
21227,2018-19,2019-04-18,1,TIT,LIONS,"New Wanderers Stadium, Johannesburg",ci:545467,CJ Dala,4.0,33,3,cricsheet
21227,2018-19,2019-04-18,1,TIT,LIONS,"New Wanderers Stadium, Johannesburg",ci:393289,S von Berg,4.0,50,0,cricsheet
21227,2018-19,2019-04-18,1,TIT,LIONS,"New Wanderers Stadium, Johannesburg",ci:450142,GM Thomson,4.0,37,0,cricsheet
21227,2018-19,2019-04-18,2,LIONS,TIT,"New Wanderers Stadium, Johannesburg",ci:553249,BC Fortuin,4.0,26,1,cricsheet
21227,2018-19,2019-04-18,2,LIONS,TIT,"New Wanderers Stadium, Johannesburg",ci:605683,M Pretorius,4.0,32,2,cricsheet
21227,2018-19,2019-04-18,2,LIONS,TIT,"New Wanderers Stadium, Johannesburg",ci:327830,D Pretorius,2.0,21,1,cricsheet
21227,2018-19,2019-04-18,2,LIONS,TIT,"New Wanderers Stadium, Johannesburg",ci:46942,AM Phangiso,3.0,26,2,cricsheet
21227,2018-19,2019-04-18,2,LIONS,TIT,"New Wanderers Stadium, Johannesburg",ci:230861,MP Siboto,3.0,26,0,cricsheet
21227,2018-19,2019-04-18,2,LIONS,TIT,"New Wanderers Stadium, Johannesburg",ci:785673,Z Pongolo,4.0,29,3,cricsheet
21229,2018-19,2019-04-20,1,TIT,DOL,"City Oval, Pietermaritzburg",ci:543195,G Mahlokwana,3.0,23,1,cricsheet
21229,2018-19,2019-04-20,1,TIT,DOL,"City Oval, Pietermaritzburg",ci:601150,EL Hawken,4.0,42,1,cricsheet
21229,2018-19,2019-04-20,1,TIT,DOL,"City Oval, Pietermaritzburg",ci:545467,CJ Dala,4.0,41,1,cricsheet
21229,2018-19,2019-04-20,1,TIT,DOL,"City Oval, Pietermaritzburg",ci:393289,S von Berg,4.0,34,0,cricsheet
21229,2018-19,2019-04-20,1,TIT,DOL,"City Oval, Pietermaritzburg",ci:450142,GM Thomson,4.0,36,1,cricsheet
21229,2018-19,2019-04-20,1,TIT,DOL,"City Oval, Pietermaritzburg",ci:44752,H Davids,1.0,7,0,cricsheet
21229,2018-19,2019-04-20,2,DOL,TIT,"City Oval, Pietermaritzburg",ci:45204,R Frylinck,3.5,39,0,cricsheet
21229,2018-19,2019-04-20,2,DOL,TIT,"City Oval, Pietermaritzburg",ci:501907,DM Dupavillon,3.0,22,0,cricsheet
21229,2018-19,2019-04-20,2,DOL,TIT,"City Oval, Pietermaritzburg",ci:540316,AL Phehlukwayo,3.0,33,0,cricsheet
21229,2018-19,2019-04-20,2,DOL,TIT,"City Oval, Pietermaritzburg",ci:437438,P Subrayen,4.0,28,2,cricsheet
21229,2018-19,2019-04-20,2,DOL,TIT,"City Oval, Pietermaritzburg",ci:267724,KA Maharaj,3.0,35,0,cricsheet
21229,2018-19,2019-04-20,2,DOL,TIT,"City Oval, Pietermaritzburg",ci:594233,BS Makhanya,2.0,29,0,cricsheet
21234,2018-19,2019-04-24,1,WPR,TIT,"Boland Park, Paarl",ci:45949,RK Kleinveldt,4.0,22,0,cricsheet
21234,2018-19,2019-04-24,1,WPR,TIT,"Boland Park, Paarl",ci:46945,VD Philander,4.0,46,1,cricsheet
21234,2018-19,2019-04-24,1,WPR,TIT,"Boland Park, Paarl",ci:488620,T Bokako,4.0,47,2,cricsheet
21234,2018-19,2019-04-24,1,WPR,TIT,"Boland Park, Paarl",ci:481875,GF Linde,4.0,36,0,cricsheet
21234,2018-19,2019-04-24,1,WPR,TIT,"Boland Park, Paarl",ci:234064,NM Serame,4.0,29,0,cricsheet
21234,2018-19,2019-04-24,2,TIT,WPR,"Boland Park, Paarl",ci:543195,G Mahlokwana,4.0,37,1,cricsheet
21234,2018-19,2019-04-24,2,TIT,WPR,"Boland Park, Paarl",ci:601150,EL Hawken,3.5,44,1,cricsheet
21234,2018-19,2019-04-24,2,TIT,WPR,"Boland Park, Paarl",ci:545467,CJ Dala,3.0,32,3,cricsheet
21234,2018-19,2019-04-24,2,TIT,WPR,"Boland Park, Paarl",ci:393289,S von Berg,4.0,22,1,cricsheet
21234,2018-19,2019-04-24,2,TIT,WPR,"Boland Park, Paarl",ci:450142,GM Thomson,3.0,26,0,cricsheet
21234,2018-19,2019-04-24,2,TIT,WPR,"Boland Park, Paarl",ci:44752,H Davids,1.0,21,0,cricsheet
21236,2018-19,2019-04-24,1,WAR,LIONS,"New Wanderers Stadium, Johannesburg",ci:44413,ACR Birch,4.0,29,1,cricsheet
21236,2018-19,2019-04-24,1,WAR,LIONS,"New Wanderers Stadium, Johannesburg",ci:698143,L Sipamla,4.0,29,1,cricsheet
21236,2018-19,2019-04-24,1,WAR,LIONS,"New Wanderers Stadium, Johannesburg",ci:379776,SSB Magala,4.0,35,1,cricsheet
21236,2018-19,2019-04-24,1,WAR,LIONS,"New Wanderers Stadium, Johannesburg",ci:280490,JT Smuts,4.0,22,1,cricsheet
21236,2018-19,2019-04-24,1,WAR,LIONS,"New Wanderers Stadium, Johannesburg",ci:596392,S Langa,3.0,19,1,cricsheet
21236,2018-19,2019-04-24,1,WAR,LIONS,"New Wanderers Stadium, Johannesburg",ci:595907,J de Klerk,1.0,9,0,cricsheet
21236,2018-19,2019-04-24,2,LIONS,WAR,"New Wanderers Stadium, Johannesburg",ci:553249,BC Fortuin,4.0,27,1,cricsheet
21236,2018-19,2019-04-24,2,LIONS,WAR,"New Wanderers Stadium, Johannesburg",ci:605683,M Pretorius,3.0,19,0,cricsheet
21236,2018-19,2019-04-24,2,LIONS,WAR,"New Wanderers Stadium, Johannesburg",ci:327830,D Pretorius,2.0,27,0,cricsheet
21236,2018-19,2019-04-24,2,LIONS,WAR,"New Wanderers Stadium, Johannesburg",ci:230861,MP Siboto,2.3,28,0,cricsheet
21236,2018-19,2019-04-24,2,LIONS,WAR,"New Wanderers Stadium, Johannesburg",ci:46942,AM Phangiso,2.0,28,0,cricsheet
21236,2018-19,2019-04-24,2,LIONS,WAR,"New Wanderers Stadium, Johannesburg",ci:785673,Z Pongolo,1.0,15,0,cricsheet
21237,2018-19,2019-04-26,1,LIONS,WPR,"Newlands, Cape Town",ci:553249,BC Fortuin,4.0,22,1,cricsheet
21237,2018-19,2019-04-26,1,LIONS,WPR,"Newlands, Cape Town",ci:379887,LB Williams,3.0,25,1,cricsheet
21237,2018-19,2019-04-26,1,LIONS,WPR,"Newlands, Cape Town",ci:698189,PWA Mulder,4.0,25,1,cricsheet
21237,2018-19,2019-04-26,1,LIONS,WPR,"Newlands, Cape Town",ci:327830,D Pretorius,2.0,17,1,cricsheet
21237,2018-19,2019-04-26,1,LIONS,WPR,"Newlands, Cape Town",ci:230861,MP Siboto,3.0,26,1,cricsheet
21237,2018-19,2019-04-26,1,LIONS,WPR,"Newlands, Cape Town",ci:785673,Z Pongolo,4.0,17,1,cricsheet
21237,2018-19,2019-04-26,2,WPR,LIONS,"Newlands, Cape Town",ci:46945,VD Philander,4.0,28,0,cricsheet
21237,2018-19,2019-04-26,2,WPR,LIONS,"Newlands, Cape Town",ci:45949,RK Kleinveldt,3.0,35,0,cricsheet
21237,2018-19,2019-04-26,2,WPR,LIONS,"Newlands, Cape Town",ci:44932,JP Duminy,1.0,5,1,cricsheet
21237,2018-19,2019-04-26,2,WPR,LIONS,"Newlands, Cape Town",ci:488620,T Bokako,2.0,22,1,cricsheet
21237,2018-19,2019-04-26,2,WPR,LIONS,"Newlands, Cape Town",ci:498582,JF Smith,2.0,16,0,cricsheet
21237,2018-19,2019-04-26,2,WPR,LIONS,"Newlands, Cape Town",ci:481875,GF Linde,2.0,13,0,cricsheet
21237,2018-19,2019-04-26,2,WPR,LIONS,"Newlands, Cape Town",ci:234064,NM Serame,1.5,14,1,cricsheet
21238,2018-19,2019-04-26,1,DOL,WAR,"St George's Park, Port Elizabeth",ci:267724,KA Maharaj,4.0,18,1,cricsheet
21238,2018-19,2019-04-26,1,DOL,WAR,"St George's Park, Port Elizabeth",ci:501907,DM Dupavillon,3.0,31,1,cricsheet
21238,2018-19,2019-04-26,1,DOL,WAR,"St George's Park, Port Elizabeth",ci:45204,R Frylinck,4.0,35,2,cricsheet
21238,2018-19,2019-04-26,1,DOL,WAR,"St George's Park, Port Elizabeth",ci:540316,AL Phehlukwayo,2.0,22,0,cricsheet
21238,2018-19,2019-04-26,1,DOL,WAR,"St George's Park, Port Elizabeth",ci:535393,S Muthusamy,3.0,23,1,cricsheet
21238,2018-19,2019-04-26,1,DOL,WAR,"St George's Park, Port Elizabeth",ci:437438,P Subrayen,4.0,24,2,cricsheet
21238,2018-19,2019-04-26,2,WAR,DOL,"St George's Park, Port Elizabeth",ci:280490,JT Smuts,3.0,28,0,cricsheet
21238,2018-19,2019-04-26,2,WAR,DOL,"St George's Park, Port Elizabeth",ci:44413,ACR Birch,2.0,26,1,cricsheet
21238,2018-19,2019-04-26,2,WAR,DOL,"St George's Park, Port Elizabeth",ci:698143,L Sipamla,4.0,37,0,cricsheet
21238,2018-19,2019-04-26,2,WAR,DOL,"St George's Park, Port Elizabeth",ci:379776,SSB Magala,3.2,22,1,cricsheet
21238,2018-19,2019-04-26,2,WAR,DOL,"St George's Park, Port Elizabeth",ci:595907,J de Klerk,2.0,16,0,cricsheet
21238,2018-19,2019-04-26,2,WAR,DOL,"St George's Park, Port Elizabeth",ci:596392,S Langa,4.0,23,1,cricsheet
21239,2018-19,2019-04-26,1,TIT,KNG,"SuperSport Park, Centurion",ci:271165,M Arnold,4.0,23,1,cricsheet
21239,2018-19,2019-04-26,1,TIT,KNG,"SuperSport Park, Centurion",ci:543195,G Mahlokwana,4.0,25,2,cricsheet
21239,2018-19,2019-04-26,1,TIT,KNG,"SuperSport Park, Centurion",ci:545467,CJ Dala,4.0,27,1,cricsheet
21239,2018-19,2019-04-26,1,TIT,KNG,"SuperSport Park, Centurion",ci:393289,S von Berg,3.0,28,1,cricsheet
21239,2018-19,2019-04-26,1,TIT,KNG,"SuperSport Park, Centurion",ci:594235,TL Moreki,4.0,39,0,cricsheet
21239,2018-19,2019-04-26,1,TIT,KNG,"SuperSport Park, Centurion",ci:450142,GM Thomson,1.0,3,1,cricsheet
21239,2018-19,2019-04-26,2,KNG,TIT,"SuperSport Park, Centurion",ci:535353,OEG Baartman,4.0,18,1,cricsheet
21239,2018-19,2019-04-26,2,KNG,TIT,"SuperSport Park, Centurion",ci:596010,G Coetzee,4.0,26,2,cricsheet
21239,2018-19,2019-04-26,2,KNG,TIT,"SuperSport Park, Centurion",ci:396880,L Adam,2.0,25,0,cricsheet
21239,2018-19,2019-04-26,2,KNG,TIT,"SuperSport Park, Centurion",ci:334621,SC van Schalkwyk,3.2,25,0,cricsheet
21239,2018-19,2019-04-26,2,KNG,TIT,"SuperSport Park, Centurion",ci:550226,T Ntuli,1.0,14,0,cricsheet
21239,2018-19,2019-04-26,2,KNG,TIT,"SuperSport Park, Centurion",ci:46393,R McLaren,3.0,25,0,cricsheet
21239,2018-19,2019-04-26,2,KNG,TIT,"SuperSport Park, Centurion",ci:499560,PE Kruger,2.0,14,1,cricsheet
21241,2018-19,2019-04-28,1,DOL,WPR,"Kingsmead, Durban",ci:267724,KA Maharaj,4.0,16,2,cricsheet
21241,2018-19,2019-04-28,1,DOL,WPR,"Kingsmead, Durban",ci:45204,R Frylinck,4.0,39,3,cricsheet
21241,2018-19,2019-04-28,1,DOL,WPR,"Kingsmead, Durban",ci:501907,DM Dupavillon,2.0,7,1,cricsheet
21241,2018-19,2019-04-28,1,DOL,WPR,"Kingsmead, Durban",ci:540316,AL Phehlukwayo,2.0,19,0,cricsheet
21241,2018-19,2019-04-28,1,DOL,WPR,"Kingsmead, Durban",ci:437438,P Subrayen,4.0,17,0,cricsheet
21241,2018-19,2019-04-28,1,DOL,WPR,"Kingsmead, Durban",ci:535393,S Muthusamy,4.0,22,0,cricsheet
21241,2018-19,2019-04-28,2,WPR,DOL,"Kingsmead, Durban",ci:45949,RK Kleinveldt,4.0,22,2,cricsheet
21241,2018-19,2019-04-28,2,WPR,DOL,"Kingsmead, Durban",ci:46945,VD Philander,1.0,10,0,cricsheet
21241,2018-19,2019-04-28,2,WPR,DOL,"Kingsmead, Durban",ci:481875,GF Linde,3.0,29,1,cricsheet
21241,2018-19,2019-04-28,2,WPR,DOL,"Kingsmead, Durban",ci:44932,JP Duminy,2.1,24,0,cricsheet
21241,2018-19,2019-04-28,2,WPR,DOL,"Kingsmead, Durban",ci:234064,NM Serame,2.5,24,1,cricsheet
21241,2018-19,2019-04-28,2,WPR,DOL,"Kingsmead, Durban",ci:488620,T Bokako,2.0,14,1,cricsheet
21242,2018-19,2019-04-28,1,LIONS,TIT,"SuperSport Park, Centurion",ci:553249,BC Fortuin,4.0,28,0,cricsheet
21242,2018-19,2019-04-28,1,LIONS,TIT,"SuperSport Park, Centurion",ci:379887,LB Williams,4.0,32,3,cricsheet
21242,2018-19,2019-04-28,1,LIONS,TIT,"SuperSport Park, Centurion",ci:605683,M Pretorius,4.0,23,2,cricsheet
21242,2018-19,2019-04-28,1,LIONS,TIT,"SuperSport Park, Centurion",ci:698189,PWA Mulder,3.0,16,2,cricsheet
21242,2018-19,2019-04-28,1,LIONS,TIT,"SuperSport Park, Centurion",ci:46942,AM Phangiso,2.0,16,0,cricsheet
21242,2018-19,2019-04-28,1,LIONS,TIT,"SuperSport Park, Centurion",ci:785673,Z Pongolo,2.0,23,0,cricsheet
21242,2018-19,2019-04-28,1,LIONS,TIT,"SuperSport Park, Centurion",ci:327830,D Pretorius,1.0,9,0,cricsheet
21242,2018-19,2019-04-28,2,TIT,LIONS,"SuperSport Park, Centurion",ci:543195,G Mahlokwana,3.0,23,0,cricsheet
21242,2018-19,2019-04-28,2,TIT,LIONS,"SuperSport Park, Centurion",ci:271165,M Arnold,4.0,42,2,cricsheet
21242,2018-19,2019-04-28,2,TIT,LIONS,"SuperSport Park, Centurion",ci:379145,T Shamsi,4.0,33,2,cricsheet
21242,2018-19,2019-04-28,2,TIT,LIONS,"SuperSport Park, Centurion",ci:393289,S von Berg,4.0,29,0,cricsheet
21242,2018-19,2019-04-28,2,TIT,LIONS,"SuperSport Park, Centurion",ci:545467,CJ Dala,4.0,22,2,cricsheet
21243,2018-19,2019-05-01,1,LIONS,DOL,"New Wanderers Stadium, Johannesburg",ci:553249,BC Fortuin,3.0,24,0,cricsheet
21243,2018-19,2019-05-01,1,LIONS,DOL,"New Wanderers Stadium, Johannesburg",ci:379887,LB Williams,4.0,33,2,cricsheet
21243,2018-19,2019-05-01,1,LIONS,DOL,"New Wanderers Stadium, Johannesburg",ci:605683,M Pretorius,4.0,34,1,cricsheet
21243,2018-19,2019-05-01,1,LIONS,DOL,"New Wanderers Stadium, Johannesburg",ci:698189,PWA Mulder,3.0,23,2,cricsheet
21243,2018-19,2019-05-01,1,LIONS,DOL,"New Wanderers Stadium, Johannesburg",ci:46942,AM Phangiso,4.0,19,1,cricsheet
21243,2018-19,2019-05-01,1,LIONS,DOL,"New Wanderers Stadium, Johannesburg",ci:327830,D Pretorius,1.0,14,1,cricsheet
21243,2018-19,2019-05-01,1,LIONS,DOL,"New Wanderers Stadium, Johannesburg",ci:785673,Z Pongolo,1.0,15,0,cricsheet
21243,2018-19,2019-05-01,2,DOL,LIONS,"New Wanderers Stadium, Johannesburg",ci:45204,R Frylinck,3.0,33,0,cricsheet
21243,2018-19,2019-05-01,2,DOL,LIONS,"New Wanderers Stadium, Johannesburg",ci:437438,P Subrayen,2.0,21,0,cricsheet
21243,2018-19,2019-05-01,2,DOL,LIONS,"New Wanderers Stadium, Johannesburg",ci:501907,DM Dupavillon,4.0,22,2,cricsheet
21243,2018-19,2019-05-01,2,DOL,LIONS,"New Wanderers Stadium, Johannesburg",ci:540316,AL Phehlukwayo,3.0,33,0,cricsheet
21243,2018-19,2019-05-01,2,DOL,LIONS,"New Wanderers Stadium, Johannesburg",ci:267724,KA Maharaj,4.0,29,0,cricsheet
21243,2018-19,2019-05-01,2,DOL,LIONS,"New Wanderers Stadium, Johannesburg",ci:535393,S Muthusamy,2.4,26,0,cricsheet
21244,2018-19,2019-05-01,1,WPR,WAR,"Buffalo Park, East London",ci:44932,JP Duminy,4.0,25,0,cricsheet
21244,2018-19,2019-05-01,1,WPR,WAR,"Buffalo Park, East London",ci:234064,NM Serame,2.0,27,0,cricsheet
21244,2018-19,2019-05-01,1,WPR,WAR,"Buffalo Park, East London",ci:45949,RK Kleinveldt,4.0,33,4,cricsheet
21244,2018-19,2019-05-01,1,WPR,WAR,"Buffalo Park, East London",ci:327947,D Paterson,3.0,26,1,cricsheet
21244,2018-19,2019-05-01,1,WPR,WAR,"Buffalo Park, East London",ci:488620,T Bokako,1.0,12,0,cricsheet
21244,2018-19,2019-05-01,1,WPR,WAR,"Buffalo Park, East London",ci:549288,FD Adams,4.0,27,1,cricsheet
21244,2018-19,2019-05-01,1,WPR,WAR,"Buffalo Park, East London",ci:498582,JF Smith,2.0,16,1,cricsheet
21244,2018-19,2019-05-01,2,WAR,WPR,"Buffalo Park, East London",ci:280490,JT Smuts,4.0,35,0,cricsheet
21244,2018-19,2019-05-01,2,WAR,WPR,"Buffalo Park, East London",ci:44413,ACR Birch,4.0,37,2,cricsheet
21244,2018-19,2019-05-01,2,WAR,WPR,"Buffalo Park, East London",ci:379776,SSB Magala,4.0,19,2,cricsheet
21244,2018-19,2019-05-01,2,WAR,WPR,"Buffalo Park, East London",ci:698143,L Sipamla,3.0,21,2,cricsheet
21244,2018-19,2019-05-01,2,WAR,WPR,"Buffalo Park, East London",ci:595907,J de Klerk,4.0,33,1,cricsheet
21244,2018-19,2019-05-01,2,WAR,WPR,"Buffalo Park, East London",ci:595647,O Nyaku,1.0,6,1,cricsheet
21245,2018-19,2019-05-05,1,WAR,LIONS,"New Wanderers Stadium, Johannesburg",ci:280490,JT Smuts,4.0,35,0,cricsheet
21245,2018-19,2019-05-05,1,WAR,LIONS,"New Wanderers Stadium, Johannesburg",ci:44413,ACR Birch,4.0,36,3,cricsheet
21245,2018-19,2019-05-05,1,WAR,LIONS,"New Wanderers Stadium, Johannesburg",ci:379776,SSB Magala,4.0,26,1,cricsheet
21245,2018-19,2019-05-05,1,WAR,LIONS,"New Wanderers Stadium, Johannesburg",ci:596392,S Langa,4.0,69,0,cricsheet
21245,2018-19,2019-05-05,1,WAR,LIONS,"New Wanderers Stadium, Johannesburg",ci:595907,J de Klerk,4.0,37,0,cricsheet
21245,2018-19,2019-05-05,2,LIONS,WAR,"New Wanderers Stadium, Johannesburg",ci:553249,BC Fortuin,4.0,27,4,cricsheet
21245,2018-19,2019-05-05,2,LIONS,WAR,"New Wanderers Stadium, Johannesburg",ci:379887,LB Williams,4.0,49,2,cricsheet
21245,2018-19,2019-05-05,2,LIONS,WAR,"New Wanderers Stadium, Johannesburg",ci:605683,M Pretorius,3.2,35,3,cricsheet
21245,2018-19,2019-05-05,2,LIONS,WAR,"New Wanderers Stadium, Johannesburg",ci:46942,AM Phangiso,4.0,27,1,cricsheet
21245,2018-19,2019-05-05,2,LIONS,WAR,"New Wanderers Stadium, Johannesburg",ci:327830,D Pretorius,1.0,13,0,cricsheet
21245,2018-19,2019-05-05,2,LIONS,WAR,"New Wanderers Stadium, Johannesburg",ci:698189,PWA Mulder,1.0,19,0,cricsheet
21245,2018-19,2019-05-05,2,LIONS,WAR,"New Wanderers Stadium, Johannesburg",ci:785673,Z Pongolo,2.0,20,0,cricsheet
31470,2020-21,2021-02-24,1,TIT,WAR,"Kingsmead, Durban",ci:432960,SR Harmer,4.0,28,1,cricsheet
31470,2020-21,2021-02-24,1,TIT,WAR,"Kingsmead, Durban",ci:439952,CH Morris,4.0,26,2,cricsheet
31470,2020-21,2021-02-24,1,TIT,WAR,"Kingsmead, Durban",ci:542023,L Ngidi,3.0,22,1,cricsheet
31470,2020-21,2021-02-24,1,TIT,WAR,"Kingsmead, Durban",ci:379887,LB Williams,3.0,23,2,cricsheet
31470,2020-21,2021-02-24,1,TIT,WAR,"Kingsmead, Durban",ci:595618,O Cele,4.0,33,2,cricsheet
31470,2020-21,2021-02-24,1,TIT,WAR,"Kingsmead, Durban",ci:379145,T Shamsi,2.0,23,0,cricsheet
31470,2020-21,2021-02-24,2,WAR,TIT,"Kingsmead, Durban",ci:280490,JT Smuts,3.0,19,1,cricsheet
31470,2020-21,2021-02-24,2,WAR,TIT,"Kingsmead, Durban",ci:429886,WJ Lubbe,2.0,7,1,cricsheet
31470,2020-21,2021-02-24,2,WAR,TIT,"Kingsmead, Durban",ci:481979,A Nortje,4.0,20,1,cricsheet
31470,2020-21,2021-02-24,2,WAR,TIT,"Kingsmead, Durban",ci:696401,M Jansen,4.0,21,2,cricsheet
31470,2020-21,2021-02-24,2,WAR,TIT,"Kingsmead, Durban",ci:977991,M Nabe,4.0,21,4,cricsheet
31470,2020-21,2021-02-24,2,WAR,TIT,"Kingsmead, Durban",ci:595643,L Makhosi,3.0,24,0,cricsheet
31455,2020-21,2021-02-22,1,KNG,WPR,"Kingsmead, Durban",ci:605683,M Pretorius,4.0,37,1,cricsheet
31455,2020-21,2021-02-22,1,KNG,WPR,"Kingsmead, Durban",ci:549288,FD Adams,4.0,42,0,cricsheet
31455,2020-21,2021-02-22,1,KNG,WPR,"Kingsmead, Durban",ci:688143,SA Mothoa,4.0,32,2,cricsheet
31455,2020-21,2021-02-22,1,KNG,WPR,"Kingsmead, Durban",ci:594329,GJ Snyman,3.0,27,0,cricsheet
31455,2020-21,2021-02-22,1,KNG,WPR,"Kingsmead, Durban",ci:393289,S von Berg,4.0,23,2,cricsheet
31455,2020-21,2021-02-22,1,KNG,WPR,"Kingsmead, Durban",ci:499560,PE Kruger,1.0,6,0,cricsheet
31455,2020-21,2021-02-22,2,WPR,KNG,"Kingsmead, Durban",ci:594322,C Bosch,4.0,41,2,cricsheet
31455,2020-21,2021-02-22,2,WPR,KNG,"Kingsmead, Durban",ci:596537,Siyabonga Mahima,4.0,31,2,cricsheet
31455,2020-21,2021-02-22,2,WPR,KNG,"Kingsmead, Durban",ci:696297,Z Abrahams,4.0,42,2,cricsheet
31455,2020-21,2021-02-22,2,WPR,KNG,"Kingsmead, Durban",ci:481875,GF Linde,4.0,20,1,cricsheet
31455,2020-21,2021-02-22,2,WPR,KNG,"Kingsmead, Durban",ci:437506,I Manack,2.0,11,0,cricsheet
31455,2020-21,2021-02-22,2,WPR,KNG,"Kingsmead, Durban",ci:450881,CP Savage,2.0,16,0,cricsheet
31474,2020-21,2021-02-24,1,LIONS,DOL,"Kingsmead, Durban",ci:553249,BC Fortuin,2.0,18,1,cricsheet
31474,2020-21,2021-02-24,1,LIONS,DOL,"Kingsmead, Durban",ci:550215,K Rabada,4.0,25,1,cricsheet
31474,2020-21,2021-02-24,1,LIONS,DOL,"Kingsmead, Durban",ci:379927,BE Hendricks,4.0,22,0,cricsheet
31474,2020-21,2021-02-24,1,LIONS,DOL,"Kingsmead, Durban",ci:379776,SSB Magala,4.0,34,0,cricsheet
31474,2020-21,2021-02-24,1,LIONS,DOL,"Kingsmead, Durban",ci:46942,AM Phangiso,2.0,16,0,cricsheet
31474,2020-21,2021-02-24,1,LIONS,DOL,"Kingsmead, Durban",ci:327830,D Pretorius,4.0,34,1,cricsheet
31474,2020-21,2021-02-24,2,DOL,LIONS,"Kingsmead, Durban",ci:267724,KA Maharaj,4.0,10,1,cricsheet
31474,2020-21,2021-02-24,2,DOL,LIONS,"Kingsmead, Durban",ci:437438,P Subrayen,4.0,18,3,cricsheet
31474,2020-21,2021-02-24,2,DOL,LIONS,"Kingsmead, Durban",ci:594335,K Mungroo,3.3,29,2,cricsheet
31474,2020-21,2021-02-24,2,DOL,LIONS,"Kingsmead, Durban",ci:45204,R Frylinck,4.0,26,2,cricsheet
31474,2020-21,2021-02-24,2,DOL,LIONS,"Kingsmead, Durban",ci:535353,OEG Baartman,4.0,26,2,cricsheet
31460,2020-21,2021-02-23,1,WAR,WPR,"Kingsmead, Durban",ci:481979,A Nortje,4.0,30,2,cricsheet
31460,2020-21,2021-02-23,1,WAR,WPR,"Kingsmead, Durban",ci:280490,JT Smuts,2.0,12,0,cricsheet
31460,2020-21,2021-02-23,1,WAR,WPR,"Kingsmead, Durban",ci:696401,M Jansen,4.0,39,0,cricsheet
31460,2020-21,2021-02-23,1,WAR,WPR,"Kingsmead, Durban",ci:322818,A Gqamane,3.0,29,1,cricsheet
31460,2020-21,2021-02-23,1,WAR,WPR,"Kingsmead, Durban",ci:977991,M Nabe,3.0,32,1,cricsheet
31460,2020-21,2021-02-23,1,WAR,WPR,"Kingsmead, Durban",ci:595643,L Makhosi,4.0,34,1,cricsheet
31460,2020-21,2021-02-23,2,WPR,WAR,"Kingsmead, Durban",ci:437506,I Manack,4.0,23,2,cricsheet
31460,2020-21,2021-02-23,2,WPR,WAR,"Kingsmead, Durban",ci:696297,Z Abrahams,4.0,38,0,cricsheet
31460,2020-21,2021-02-23,2,WPR,WAR,"Kingsmead, Durban",ci:594235,TL Moreki,4.0,33,0,cricsheet
31460,2020-21,2021-02-23,2,WPR,WAR,"Kingsmead, Durban",ci:450881,CP Savage,1.0,12,1,cricsheet
31460,2020-21,2021-02-23,2,WPR,WAR,"Kingsmead, Durban",ci:481875,GF Linde,4.0,25,4,cricsheet
31460,2020-21,2021-02-23,2,WPR,WAR,"Kingsmead, Durban",ci:595647,O Nyaku,2.2,24,2,cricsheet
31485,2020-21,2021-02-26,1,TIT,DOL,"Kingsmead, Durban",ci:600498,AK Markram,1.0,6,0,cricsheet
31485,2020-21,2021-02-26,1,TIT,DOL,"Kingsmead, Durban",ci:542023,L Ngidi,4.0,20,3,cricsheet
31485,2020-21,2021-02-26,1,TIT,DOL,"Kingsmead, Durban",ci:439952,CH Morris,3.0,32,0,cricsheet
31485,2020-21,2021-02-26,1,TIT,DOL,"Kingsmead, Durban",ci:550189,Dayyaan Galiem,1.0,18,1,cricsheet
31485,2020-21,2021-02-26,1,TIT,DOL,"Kingsmead, Durban",ci:379887,LB Williams,4.0,32,0,cricsheet
31485,2020-21,2021-02-26,1,TIT,DOL,"Kingsmead, Durban",ci:379145,T Shamsi,4.0,28,1,cricsheet
31485,2020-21,2021-02-26,1,TIT,DOL,"Kingsmead, Durban",ci:595618,O Cele,3.0,10,0,cricsheet
31485,2020-21,2021-02-26,2,DOL,TIT,"Kingsmead, Durban",ci:267724,KA Maharaj,4.0,32,0,cricsheet
31485,2020-21,2021-02-26,2,DOL,TIT,"Kingsmead, Durban",ci:437438,P Subrayen,4.0,15,0,cricsheet
31485,2020-21,2021-02-26,2,DOL,TIT,"Kingsmead, Durban",ci:45204,R Frylinck,4.0,26,2,cricsheet
31485,2020-21,2021-02-26,2,DOL,TIT,"Kingsmead, Durban",ci:535353,OEG Baartman,4.0,38,1,cricsheet
31485,2020-21,2021-02-26,2,DOL,TIT,"Kingsmead, Durban",ci:594335,K Mungroo,4.0,29,2,cricsheet
31465,2020-21,2021-02-23,1,LIONS,KNG,"Kingsmead, Durban",ci:553249,BC Fortuin,4.0,25,0,cricsheet
31465,2020-21,2021-02-23,1,LIONS,KNG,"Kingsmead, Durban",ci:550215,K Rabada,4.0,24,1,cricsheet
31465,2020-21,2021-02-23,1,LIONS,KNG,"Kingsmead, Durban",ci:379927,BE Hendricks,4.0,21,2,cricsheet
31465,2020-21,2021-02-23,1,LIONS,KNG,"Kingsmead, Durban",ci:379776,SSB Magala,4.0,20,5,cricsheet
31465,2020-21,2021-02-23,1,LIONS,KNG,"Kingsmead, Durban",ci:46942,AM Phangiso,4.0,14,2,cricsheet
31465,2020-21,2021-02-23,2,KNG,LIONS,"Kingsmead, Durban",ci:596010,G Coetzee,4.0,19,2,cricsheet
31465,2020-21,2021-02-23,2,KNG,LIONS,"Kingsmead, Durban",ci:688143,SA Mothoa,4.0,22,0,cricsheet
31465,2020-21,2021-02-23,2,KNG,LIONS,"Kingsmead, Durban",ci:393289,S von Berg,4.0,21,0,cricsheet
31465,2020-21,2021-02-23,2,KNG,LIONS,"Kingsmead, Durban",ci:594329,GJ Snyman,2.0,13,0,cricsheet
31465,2020-21,2021-02-23,2,KNG,LIONS,"Kingsmead, Durban",ci:549288,FD Adams,3.0,27,0,cricsheet
31465,2020-21,2021-02-23,2,KNG,LIONS,"Kingsmead, Durban",ci:499560,PE Kruger,1.1,8,0,cricsheet
31435,2020-21,2021-02-19,1,WPR,DOL,"Kingsmead, Durban",ci:594322,C Bosch,4.0,31,1,cricsheet
31435,2020-21,2021-02-19,1,WPR,DOL,"Kingsmead, Durban",ci:437506,I Manack,4.0,24,0,cricsheet
31435,2020-21,2021-02-19,1,WPR,DOL,"Kingsmead, Durban",ci:450881,CP Savage,4.0,26,0,cricsheet
31435,2020-21,2021-02-19,1,WPR,DOL,"Kingsmead, Durban",ci:481875,GF Linde,4.0,40,1,cricsheet
31435,2020-21,2021-02-19,1,WPR,DOL,"Kingsmead, Durban",ci:596537,Siyabonga Mahima,3.0,18,4,cricsheet
31435,2020-21,2021-02-19,1,WPR,DOL,"Kingsmead, Durban",ci:595647,O Nyaku,1.0,10,0,cricsheet
31435,2020-21,2021-02-19,2,DOL,WPR,"Kingsmead, Durban",ci:267724,KA Maharaj,4.0,15,4,cricsheet
31435,2020-21,2021-02-19,2,DOL,WPR,"Kingsmead, Durban",ci:45204,R Frylinck,4.0,32,1,cricsheet
31435,2020-21,2021-02-19,2,DOL,WPR,"Kingsmead, Durban",ci:437438,P Subrayen,4.0,19,1,cricsheet
31435,2020-21,2021-02-19,2,DOL,WPR,"Kingsmead, Durban",ci:501907,DM Dupavillon,3.0,24,0,cricsheet
31435,2020-21,2021-02-19,2,DOL,WPR,"Kingsmead, Durban",ci:594335,K Mungroo,2.2,22,0,cricsheet
31435,2020-21,2021-02-19,2,DOL,WPR,"Kingsmead, Durban",ci:540316,AL Phehlukwayo,0.4,5,0,cricsheet
31435,2020-21,2021-02-19,2,DOL,WPR,"Kingsmead, Durban",ci:535393,S Muthusamy,2.0,21,1,cricsheet
31449,2020-21,2021-02-21,1,WPR,TIT,"Kingsmead, Durban",ci:594322,C Bosch,4.0,23,1,cricsheet
31449,2020-21,2021-02-21,1,WPR,TIT,"Kingsmead, Durban",ci:596537,Siyabonga Mahima,4.0,34,1,cricsheet
31449,2020-21,2021-02-21,1,WPR,TIT,"Kingsmead, Durban",ci:437506,I Manack,3.0,16,1,cricsheet
31449,2020-21,2021-02-21,1,WPR,TIT,"Kingsmead, Durban",ci:450881,CP Savage,3.0,36,1,cricsheet
31449,2020-21,2021-02-21,1,WPR,TIT,"Kingsmead, Durban",ci:481875,GF Linde,4.0,23,2,cricsheet
31449,2020-21,2021-02-21,1,WPR,TIT,"Kingsmead, Durban",ci:595647,O Nyaku,2.0,15,0,cricsheet
31449,2020-21,2021-02-21,2,TIT,WPR,"Kingsmead, Durban",ci:600498,AK Markram,1.0,3,0,cricsheet
31449,2020-21,2021-02-21,2,TIT,WPR,"Kingsmead, Durban",ci:439952,CH Morris,4.0,21,2,cricsheet
31449,2020-21,2021-02-21,2,TIT,WPR,"Kingsmead, Durban",ci:542023,L Ngidi,4.0,18,3,cricsheet
31449,2020-21,2021-02-21,2,TIT,WPR,"Kingsmead, Durban",ci:379887,LB Williams,4.0,25,2,cricsheet
31449,2020-21,2021-02-21,2,TIT,WPR,"Kingsmead, Durban",ci:550189,Dayyaan Galiem,2.0,11,0,cricsheet
31449,2020-21,2021-02-21,2,TIT,WPR,"Kingsmead, Durban",ci:545467,CJ Dala,1.0,6,1,cricsheet
31449,2020-21,2021-02-21,2,TIT,WPR,"Kingsmead, Durban",ci:379145,T Shamsi,4.0,46,1,cricsheet
31444,2020-21,2021-02-20,1,DOL,KNG,"Kingsmead, Durban",ci:267724,KA Maharaj,4.0,18,2,cricsheet
31444,2020-21,2021-02-20,1,DOL,KNG,"Kingsmead, Durban",ci:594335,K Mungroo,4.0,35,0,cricsheet
31444,2020-21,2021-02-20,1,DOL,KNG,"Kingsmead, Durban",ci:45204,R Frylinck,3.0,11,2,cricsheet
31444,2020-21,2021-02-20,1,DOL,KNG,"Kingsmead, Durban",ci:698343,E Bosch,4.0,42,1,cricsheet
31444,2020-21,2021-02-20,1,DOL,KNG,"Kingsmead, Durban",ci:437438,P Subrayen,4.0,25,0,cricsheet
31444,2020-21,2021-02-20,1,DOL,KNG,"Kingsmead, Durban",ci:535393,S Muthusamy,1.0,12,0,cricsheet
31444,2020-21,2021-02-20,2,KNG,DOL,"Kingsmead, Durban",ci:605683,M Pretorius,4.0,26,1,cricsheet
31444,2020-21,2021-02-20,2,KNG,DOL,"Kingsmead, Durban",ci:549288,FD Adams,3.0,26,2,cricsheet
31444,2020-21,2021-02-20,2,KNG,DOL,"Kingsmead, Durban",ci:594329,GJ Snyman,2.0,19,0,cricsheet
31444,2020-21,2021-02-20,2,KNG,DOL,"Kingsmead, Durban",ci:688143,SA Mothoa,4.0,37,2,cricsheet
31444,2020-21,2021-02-20,2,KNG,DOL,"Kingsmead, Durban",ci:393289,S von Berg,4.0,19,1,cricsheet
31444,2020-21,2021-02-20,2,KNG,DOL,"Kingsmead, Durban",ci:499560,PE Kruger,1.1,15,0,cricsheet
31479,2020-21,2021-02-25,1,KNG,WAR,"Kingsmead, Durban",ci:605683,M Pretorius,3.0,32,1,cricsheet
31479,2020-21,2021-02-25,1,KNG,WAR,"Kingsmead, Durban",ci:596010,G Coetzee,4.0,34,0,cricsheet
31479,2020-21,2021-02-25,1,KNG,WAR,"Kingsmead, Durban",ci:688143,SA Mothoa,2.0,25,0,cricsheet
31479,2020-21,2021-02-25,1,KNG,WAR,"Kingsmead, Durban",ci:393289,S von Berg,4.0,27,2,cricsheet
31479,2020-21,2021-02-25,1,KNG,WAR,"Kingsmead, Durban",ci:297477,MC Kleinveldt,3.0,17,2,cricsheet
31479,2020-21,2021-02-25,1,KNG,WAR,"Kingsmead, Durban",ci:543041,M Budaza,4.0,18,3,cricsheet
31479,2020-21,2021-02-25,2,WAR,KNG,"Kingsmead, Durban",ci:280490,JT Smuts,3.0,22,0,cricsheet
31479,2020-21,2021-02-25,2,WAR,KNG,"Kingsmead, Durban",ci:429886,WJ Lubbe,2.0,20,0,cricsheet
31479,2020-21,2021-02-25,2,WAR,KNG,"Kingsmead, Durban",ci:481979,A Nortje,4.0,17,2,cricsheet
31479,2020-21,2021-02-25,2,WAR,KNG,"Kingsmead, Durban",ci:696401,M Jansen,4.0,30,2,cricsheet
31479,2020-21,2021-02-25,2,WAR,KNG,"Kingsmead, Durban",ci:977991,M Nabe,4.0,19,3,cricsheet
31479,2020-21,2021-02-25,2,WAR,KNG,"Kingsmead, Durban",ci:595643,L Makhosi,3.0,31,1,cricsheet
31459,2020-21,2021-02-22,1,TIT,LIONS,"Kingsmead, Durban",ci:432960,SR Harmer,3.0,19,1,cricsheet
31459,2020-21,2021-02-22,1,TIT,LIONS,"Kingsmead, Durban",ci:439952,CH Morris,3.0,10,0,cricsheet
31459,2020-21,2021-02-22,1,TIT,LIONS,"Kingsmead, Durban",ci:542023,L Ngidi,3.0,19,1,cricsheet
31459,2020-21,2021-02-22,1,TIT,LIONS,"Kingsmead, Durban",ci:379887,LB Williams,2.2,19,1,cricsheet
31459,2020-21,2021-02-22,1,TIT,LIONS,"Kingsmead, Durban",ci:379145,T Shamsi,3.0,24,1,cricsheet
31459,2020-21,2021-02-22,1,TIT,LIONS,"Kingsmead, Durban",ci:545467,CJ Dala,2.0,28,0,cricsheet
31459,2020-21,2021-02-22,2,LIONS,TIT,"Kingsmead, Durban",ci:553249,BC Fortuin,3.0,21,2,cricsheet
31459,2020-21,2021-02-22,2,LIONS,TIT,"Kingsmead, Durban",ci:550215,K Rabada,3.0,18,1,cricsheet
31459,2020-21,2021-02-22,2,LIONS,TIT,"Kingsmead, Durban",ci:379927,BE Hendricks,3.0,7,2,cricsheet
31459,2020-21,2021-02-22,2,LIONS,TIT,"Kingsmead, Durban",ci:379776,SSB Magala,3.0,30,1,cricsheet
31459,2020-21,2021-02-22,2,LIONS,TIT,"Kingsmead, Durban",ci:327830,D Pretorius,3.0,29,2,cricsheet
31454,2020-21,2021-02-21,1,DOL,WAR,"Kingsmead, Durban",ci:267724,KA Maharaj,4.0,12,0,cricsheet
31454,2020-21,2021-02-21,1,DOL,WAR,"Kingsmead, Durban",ci:437438,P Subrayen,4.0,31,0,cricsheet
31454,2020-21,2021-02-21,1,DOL,WAR,"Kingsmead, Durban",ci:45204,R Frylinck,4.0,33,1,cricsheet
31454,2020-21,2021-02-21,1,DOL,WAR,"Kingsmead, Durban",ci:594335,K Mungroo,4.0,30,1,cricsheet
31454,2020-21,2021-02-21,1,DOL,WAR,"Kingsmead, Durban",ci:535353,OEG Baartman,4.0,31,2,cricsheet
31454,2020-21,2021-02-21,2,WAR,DOL,"Kingsmead, Durban",ci:550226,T Ntuli,4.0,24,0,cricsheet
31454,2020-21,2021-02-21,2,WAR,DOL,"Kingsmead, Durban",ci:696401,M Jansen,3.0,27,0,cricsheet
31454,2020-21,2021-02-21,2,WAR,DOL,"Kingsmead, Durban",ci:481979,A Nortje,4.0,15,0,cricsheet
31454,2020-21,2021-02-21,2,WAR,DOL,"Kingsmead, Durban",ci:322818,A Gqamane,3.0,15,1,cricsheet
31454,2020-21,2021-02-21,2,WAR,DOL,"Kingsmead, Durban",ci:595643,L Makhosi,2.0,21,0,cricsheet
31454,2020-21,2021-02-21,2,WAR,DOL,"Kingsmead, Durban",ci:280490,JT Smuts,2.0,21,0,cricsheet
31484,2020-21,2021-02-26,1,LIONS,WPR,"Kingsmead, Durban",ci:553249,BC Fortuin,4.0,29,2,cricsheet
31484,2020-21,2021-02-26,1,LIONS,WPR,"Kingsmead, Durban",ci:698143,L Sipamla,4.0,27,2,cricsheet
31484,2020-21,2021-02-26,1,LIONS,WPR,"Kingsmead, Durban",ci:230861,MP Siboto,4.0,33,1,cricsheet
31484,2020-21,2021-02-26,1,LIONS,WPR,"Kingsmead, Durban",ci:698189,PWA Mulder,2.0,16,1,cricsheet
31484,2020-21,2021-02-26,1,LIONS,WPR,"Kingsmead, Durban",ci:46942,AM Phangiso,4.0,19,0,cricsheet
31484,2020-21,2021-02-26,1,LIONS,WPR,"Kingsmead, Durban",ci:596442,D Potgieter,2.0,19,0,cricsheet
31484,2020-21,2021-02-26,2,WPR,LIONS,"Kingsmead, Durban",ci:437506,I Manack,4.0,20,0,cricsheet
31484,2020-21,2021-02-26,2,WPR,LIONS,"Kingsmead, Durban",ci:594322,C Bosch,3.0,28,0,cricsheet
31484,2020-21,2021-02-26,2,WPR,LIONS,"Kingsmead, Durban",ci:696297,Z Abrahams,3.0,29,2,cricsheet
31484,2020-21,2021-02-26,2,WPR,LIONS,"Kingsmead, Durban",ci:594235,TL Moreki,3.3,30,1,cricsheet
31484,2020-21,2021-02-26,2,WPR,LIONS,"Kingsmead, Durban",ci:481875,GF Linde,4.0,31,0,cricsheet
31484,2020-21,2021-02-26,2,WPR,LIONS,"Kingsmead, Durban",ci:595647,O Nyaku,2.0,9,0,cricsheet
31430,2020-21,2021-02-19,1,TIT,KNG,"Kingsmead, Durban",ci:439952,CH Morris,3.2,10,1,cricsheet
31430,2020-21,2021-02-19,1,TIT,KNG,"Kingsmead, Durban",ci:542023,L Ngidi,3.0,19,2,cricsheet
31430,2020-21,2021-02-19,1,TIT,KNG,"Kingsmead, Durban",ci:543195,G Mahlokwana,1.0,18,0,cricsheet
31430,2020-21,2021-02-19,1,TIT,KNG,"Kingsmead, Durban",ci:379887,LB Williams,3.0,20,2,cricsheet
31430,2020-21,2021-02-19,1,TIT,KNG,"Kingsmead, Durban",ci:550189,Dayyaan Galiem,2.0,25,2,cricsheet
31430,2020-21,2021-02-19,1,TIT,KNG,"Kingsmead, Durban",ci:379145,T Shamsi,4.0,20,3,cricsheet
31430,2020-21,2021-02-19,2,KNG,TIT,"Kingsmead, Durban",ci:605683,M Pretorius,4.0,26,3,cricsheet
31430,2020-21,2021-02-19,2,KNG,TIT,"Kingsmead, Durban",ci:688143,SA Mothoa,3.0,11,0,cricsheet
31430,2020-21,2021-02-19,2,KNG,TIT,"Kingsmead, Durban",ci:594329,GJ Snyman,3.1,27,0,cricsheet
31430,2020-21,2021-02-19,2,KNG,TIT,"Kingsmead, Durban",ci:393289,S von Berg,4.0,36,0,cricsheet
31430,2020-21,2021-02-19,2,KNG,TIT,"Kingsmead, Durban",ci:543041,M Budaza,1.0,10,0,cricsheet
31430,2020-21,2021-02-19,2,KNG,TIT,"Kingsmead, Durban",ci:549288,FD Adams,2.0,10,0,cricsheet
31489,2020-21,2021-02-27,1,LIONS,WAR,"Kingsmead, Durban",ci:550215,K Rabada,4.0,36,0,cricsheet
31489,2020-21,2021-02-27,1,LIONS,WAR,"Kingsmead, Durban",ci:379927,BE Hendricks,4.0,26,1,cricsheet
31489,2020-21,2021-02-27,1,LIONS,WAR,"Kingsmead, Durban",ci:379776,SSB Magala,3.0,27,1,cricsheet
31489,2020-21,2021-02-27,1,LIONS,WAR,"Kingsmead, Durban",ci:553249,BC Fortuin,2.0,18,0,cricsheet
31489,2020-21,2021-02-27,1,LIONS,WAR,"Kingsmead, Durban",ci:698189,PWA Mulder,3.0,11,1,cricsheet
31489,2020-21,2021-02-27,1,LIONS,WAR,"Kingsmead, Durban",ci:46942,AM Phangiso,4.0,20,1,cricsheet
31489,2020-21,2021-02-27,2,WAR,LIONS,"Kingsmead, Durban",ci:429886,WJ Lubbe,2.0,24,0,cricsheet
31489,2020-21,2021-02-27,2,WAR,LIONS,"Kingsmead, Durban",ci:481979,A Nortje,4.0,31,0,cricsheet
31489,2020-21,2021-02-27,2,WAR,LIONS,"Kingsmead, Durban",ci:696401,M Jansen,3.0,20,0,cricsheet
31489,2020-21,2021-02-27,2,WAR,LIONS,"Kingsmead, Durban",ci:977991,M Nabe,3.1,25,2,cricsheet
31489,2020-21,2021-02-27,2,WAR,LIONS,"Kingsmead, Durban",ci:280490,JT Smuts,4.0,18,1,cricsheet
31489,2020-21,2021-02-27,2,WAR,LIONS,"Kingsmead, Durban",ci:595907,J de Klerk,3.0,23,0,cricsheet
35098,2020-21,2021-02-28,1,LIONS,DOL,"Kingsmead, Durban",ci:553249,BC Fortuin,4.0,19,1,cricsheet
35098,2020-21,2021-02-28,1,LIONS,DOL,"Kingsmead, Durban",ci:550215,K Rabada,4.0,12,3,cricsheet
35098,2020-21,2021-02-28,1,LIONS,DOL,"Kingsmead, Durban",ci:379927,BE Hendricks,4.0,29,1,cricsheet
35098,2020-21,2021-02-28,1,LIONS,DOL,"Kingsmead, Durban",ci:379776,SSB Magala,4.0,19,2,cricsheet
35098,2020-21,2021-02-28,1,LIONS,DOL,"Kingsmead, Durban",ci:46942,AM Phangiso,4.0,25,0,cricsheet
35098,2020-21,2021-02-28,2,DOL,LIONS,"Kingsmead, Durban",ci:267724,KA Maharaj,4.0,22,1,cricsheet
35098,2020-21,2021-02-28,2,DOL,LIONS,"Kingsmead, Durban",ci:437438,P Subrayen,4.0,34,1,cricsheet
35098,2020-21,2021-02-28,2,DOL,LIONS,"Kingsmead, Durban",ci:535353,OEG Baartman,4.0,20,2,cricsheet
35098,2020-21,2021-02-28,2,DOL,LIONS,"Kingsmead, Durban",ci:45204,R Frylinck,4.0,16,1,cricsheet
35098,2020-21,2021-02-28,2,DOL,LIONS,"Kingsmead, Durban",ci:594335,K Mungroo,3.0,14,1,cricsheet
43976,2021-22,2022-02-07,1,WPR,BOL,"St George's Park, Port Elizabeth",ci:379927,BE Hendricks,4.0,28,2,cricsheet
43976,2021-22,2022-02-07,1,WPR,BOL,"St George's Park, Port Elizabeth",ci:481875,GF Linde,4.0,13,2,cricsheet
43976,2021-22,2022-02-07,1,WPR,BOL,"St George's Park, Port Elizabeth",ci:594235,TL Moreki,2.0,30,0,cricsheet
43976,2021-22,2022-02-07,1,WPR,BOL,"St George's Park, Port Elizabeth",ci:265564,WD Parnell,4.0,33,1,cricsheet
43976,2021-22,2022-02-07,1,WPR,BOL,"St George's Park, Port Elizabeth",ci:605640,J Dawood,4.0,20,1,cricsheet
43976,2021-22,2022-02-07,1,WPR,BOL,"St George's Park, Port Elizabeth",ci:948593,M Mpongwana,2.0,17,0,cricsheet
43976,2021-22,2022-02-07,2,BOL,WPR,"St George's Park, Port Elizabeth",ci:596537,Siyabonga Mahima,3.0,36,0,cricsheet
43976,2021-22,2022-02-07,2,BOL,WPR,"St George's Park, Port Elizabeth",ci:375126,GC Viljoen,3.0,16,3,cricsheet
43976,2021-22,2022-02-07,2,BOL,WPR,"St George's Park, Port Elizabeth",ci:696297,Z Abrahams,3.0,30,0,cricsheet
43976,2021-22,2022-02-07,2,BOL,WPR,"St George's Park, Port Elizabeth",ci:437506,I Manack,4.0,30,0,cricsheet
43976,2021-22,2022-02-07,2,BOL,WPR,"St George's Park, Port Elizabeth",ci:549288,FD Adams,4.0,31,1,cricsheet
43981,2021-22,2022-02-07,1,TIT,WAR,"St George's Park, Port Elizabeth",ci:698315,D Ferreira,2.0,11,1,cricsheet
43981,2021-22,2022-02-07,1,TIT,WAR,"St George's Park, Port Elizabeth",ci:594322,C Bosch,4.0,36,2,cricsheet
43981,2021-22,2022-02-07,1,TIT,WAR,"St George's Park, Port Elizabeth",ci:379887,LB Williams,4.0,29,2,cricsheet
43981,2021-22,2022-02-07,1,TIT,WAR,"St George's Park, Port Elizabeth",ci:46942,AM Phangiso,4.0,24,1,cricsheet
43981,2021-22,2022-02-07,1,TIT,WAR,"St George's Park, Port Elizabeth",ci:379145,T Shamsi,4.0,31,1,cricsheet
43981,2021-22,2022-02-07,1,TIT,WAR,"St George's Park, Port Elizabeth",ci:322818,A Gqamane,2.0,32,0,cricsheet
43981,2021-22,2022-02-07,2,WAR,TIT,"St George's Park, Port Elizabeth",ci:429886,WJ Lubbe,2.0,15,2,cricsheet
43981,2021-22,2022-02-07,2,WAR,TIT,"St George's Park, Port Elizabeth",ci:327947,D Paterson,4.0,42,2,cricsheet
43981,2021-22,2022-02-07,2,WAR,TIT,"St George's Park, Port Elizabeth",ci:977991,M Nabe,2.0,29,2,cricsheet
43981,2021-22,2022-02-07,2,WAR,TIT,"St George's Park, Port Elizabeth",ci:973815,Tsepo Ndwandwa,4.0,24,0,cricsheet
43981,2021-22,2022-02-07,2,WAR,TIT,"St George's Park, Port Elizabeth",ci:696439,T van Vuuren,4.0,31,0,cricsheet
43981,2021-22,2022-02-07,2,WAR,TIT,"St George's Park, Port Elizabeth",ci:280490,JT Smuts,4.0,12,1,cricsheet
43986,2021-22,2022-02-08,1,LIONS,NWEST,"St George's Park, Port Elizabeth",ci:553249,BC Fortuin,4.0,27,1,cricsheet
43986,2021-22,2022-02-08,1,LIONS,NWEST,"St George's Park, Port Elizabeth",ci:379776,SSB Magala,4.0,27,1,cricsheet
43986,2021-22,2022-02-08,1,LIONS,NWEST,"St George's Park, Port Elizabeth",ci:949461,Codi Yusuf,4.0,21,2,cricsheet
43986,2021-22,2022-02-08,1,LIONS,NWEST,"St George's Park, Port Elizabeth",ci:230861,MP Siboto,4.0,34,1,cricsheet
43986,2021-22,2022-02-08,1,LIONS,NWEST,"St George's Park, Port Elizabeth",ci:550226,T Ntuli,4.0,22,0,cricsheet
43986,2021-22,2022-02-08,2,NWEST,LIONS,"St George's Park, Port Elizabeth",ci:379239,JN Diseko,4.0,17,2,cricsheet
43986,2021-22,2022-02-08,2,NWEST,LIONS,"St George's Park, Port Elizabeth",ci:595408,C Classen,1.0,6,0,cricsheet
43986,2021-22,2022-02-08,2,NWEST,LIONS,"St George's Park, Port Elizabeth",ci:595954,D Jansen,4.0,24,0,cricsheet
43986,2021-22,2022-02-08,2,NWEST,LIONS,"St George's Park, Port Elizabeth",ci:327830,D Pretorius,2.0,20,0,cricsheet
43986,2021-22,2022-02-08,2,NWEST,LIONS,"St George's Park, Port Elizabeth",ci:535393,S Muthusamy,3.0,19,0,cricsheet
43986,2021-22,2022-02-08,2,NWEST,LIONS,"St George's Park, Port Elizabeth",ci:946365,C Seleka,4.0,23,2,cricsheet
43986,2021-22,2022-02-08,2,NWEST,LIONS,"St George's Park, Port Elizabeth",ci:785673,Z Pongolo,2.0,15,1,cricsheet
43991,2021-22,2022-02-08,1,DOL,KNG,"St George's Park, Port Elizabeth",ci:1071000,B Parsons,4.0,22,0,cricsheet
43991,2021-22,2022-02-08,1,DOL,KNG,"St George's Park, Port Elizabeth",ci:535353,OEG Baartman,3.0,22,0,cricsheet
43991,2021-22,2022-02-08,1,DOL,KNG,"St George's Park, Port Elizabeth",ci:948523,O Modimokoane,4.0,27,1,cricsheet
43991,2021-22,2022-02-08,1,DOL,KNG,"St George's Park, Port Elizabeth",ci:698321,R de Swardt,3.0,24,1,cricsheet
43991,2021-22,2022-02-08,1,DOL,KNG,"St George's Park, Port Elizabeth",ci:437438,P Subrayen,4.0,13,1,cricsheet
43991,2021-22,2022-02-08,1,DOL,KNG,"St George's Park, Port Elizabeth",ci:540316,AL Phehlukwayo,2.0,20,1,cricsheet
43991,2021-22,2022-02-08,2,KNG,DOL,"St George's Park, Port Elizabeth",ci:605683,M Pretorius,4.0,21,0,cricsheet
43991,2021-22,2022-02-08,2,KNG,DOL,"St George's Park, Port Elizabeth",ci:594329,GJ Snyman,2.0,17,0,cricsheet
43991,2021-22,2022-02-08,2,KNG,DOL,"St George's Park, Port Elizabeth",ci:688143,SA Mothoa,4.0,21,1,cricsheet
43991,2021-22,2022-02-08,2,KNG,DOL,"St George's Park, Port Elizabeth",ci:595439,N van Heerden,3.0,28,0,cricsheet
43991,2021-22,2022-02-08,2,KNG,DOL,"St George's Park, Port Elizabeth",ci:543195,G Mahlokwana,2.0,14,0,cricsheet
43991,2021-22,2022-02-08,2,KNG,DOL,"St George's Park, Port Elizabeth",ci:381033,P Botha,3.0,27,1,cricsheet
43996,2021-22,2022-02-09,1,BOL,TIT,"St George's Park, Port Elizabeth",ci:437506,I Manack,4.0,33,0,cricsheet
43996,2021-22,2022-02-09,1,BOL,TIT,"St George's Park, Port Elizabeth",ci:375126,GC Viljoen,4.0,35,1,cricsheet
43996,2021-22,2022-02-09,1,BOL,TIT,"St George's Park, Port Elizabeth",ci:549288,FD Adams,4.0,26,0,cricsheet
43996,2021-22,2022-02-09,1,BOL,TIT,"St George's Park, Port Elizabeth",ci:596537,Siyabonga Mahima,3.0,21,0,cricsheet
43996,2021-22,2022-02-09,1,BOL,TIT,"St George's Park, Port Elizabeth",ci:393289,S von Berg,1.0,9,0,cricsheet
43996,2021-22,2022-02-09,1,BOL,TIT,"St George's Park, Port Elizabeth",ci:606231,ZC Qwabe,3.0,29,1,cricsheet
43996,2021-22,2022-02-09,1,BOL,TIT,"St George's Park, Port Elizabeth",ci:946367,M Copeland,1.0,4,0,cricsheet
43996,2021-22,2022-02-09,2,TIT,BOL,"St George's Park, Port Elizabeth",ci:698315,D Ferreira,2.0,21,0,cricsheet
43996,2021-22,2022-02-09,2,TIT,BOL,"St George's Park, Port Elizabeth",ci:46942,AM Phangiso,4.0,20,2,cricsheet
43996,2021-22,2022-02-09,2,TIT,BOL,"St George's Park, Port Elizabeth",ci:379887,LB Williams,2.0,20,0,cricsheet
43996,2021-22,2022-02-09,2,TIT,BOL,"St George's Park, Port Elizabeth",ci:545467,CJ Dala,4.0,36,3,cricsheet
43996,2021-22,2022-02-09,2,TIT,BOL,"St George's Park, Port Elizabeth",ci:379145,T Shamsi,4.0,24,1,cricsheet
43996,2021-22,2022-02-09,2,TIT,BOL,"St George's Park, Port Elizabeth",ci:322818,A Gqamane,4.0,34,1,cricsheet
44001,2021-22,2022-02-09,1,WPR,WAR,"St George's Park, Port Elizabeth",ci:481875,GF Linde,1.0,11,0,cricsheet
44001,2021-22,2022-02-09,1,WPR,WAR,"St George's Park, Port Elizabeth",ci:379927,BE Hendricks,4.0,33,1,cricsheet
44001,2021-22,2022-02-09,1,WPR,WAR,"St George's Park, Port Elizabeth",ci:265564,WD Parnell,4.0,25,1,cricsheet
44001,2021-22,2022-02-09,1,WPR,WAR,"St George's Park, Port Elizabeth",ci:594235,TL Moreki,2.0,18,0,cricsheet
44001,2021-22,2022-02-09,1,WPR,WAR,"St George's Park, Port Elizabeth",ci:314991,A Mgijima,4.0,30,1,cricsheet
44001,2021-22,2022-02-09,1,WPR,WAR,"St George's Park, Port Elizabeth",ci:948593,M Mpongwana,2.0,14,0,cricsheet
44001,2021-22,2022-02-09,1,WPR,WAR,"St George's Park, Port Elizabeth",ci:605640,J Dawood,3.0,26,1,cricsheet
44001,2021-22,2022-02-09,2,WAR,WPR,"St George's Park, Port Elizabeth",ci:696439,T van Vuuren,3.1,29,1,cricsheet
44001,2021-22,2022-02-09,2,WAR,WPR,"St George's Park, Port Elizabeth",ci:973815,Tsepo Ndwandwa,3.0,30,0,cricsheet
44001,2021-22,2022-02-09,2,WAR,WPR,"St George's Park, Port Elizabeth",ci:429886,WJ Lubbe,1.0,15,0,cricsheet
44001,2021-22,2022-02-09,2,WAR,WPR,"St George's Park, Port Elizabeth",ci:327947,D Paterson,3.0,38,0,cricsheet
44001,2021-22,2022-02-09,2,WAR,WPR,"St George's Park, Port Elizabeth",ci:280490,JT Smuts,4.0,31,0,cricsheet
44001,2021-22,2022-02-09,2,WAR,WPR,"St George's Park, Port Elizabeth",ci:977991,M Nabe,3.0,18,2,cricsheet
44006,2021-22,2022-02-10,1,NWEST,KNG,"St George's Park, Port Elizabeth",ci:595408,C Classen,3.0,15,0,cricsheet
44006,2021-22,2022-02-10,1,NWEST,KNG,"St George's Park, Port Elizabeth",ci:595954,D Jansen,4.0,16,1,cricsheet
44006,2021-22,2022-02-10,1,NWEST,KNG,"St George's Park, Port Elizabeth",ci:379239,JN Diseko,4.0,19,2,cricsheet
44006,2021-22,2022-02-10,1,NWEST,KNG,"St George's Park, Port Elizabeth",ci:327830,D Pretorius,2.0,13,1,cricsheet
44006,2021-22,2022-02-10,1,NWEST,KNG,"St George's Park, Port Elizabeth",ci:535393,S Muthusamy,4.0,8,2,cricsheet
44006,2021-22,2022-02-10,1,NWEST,KNG,"St George's Park, Port Elizabeth",ci:785673,Z Pongolo,1.0,3,0,cricsheet
44006,2021-22,2022-02-10,1,NWEST,KNG,"St George's Park, Port Elizabeth",ci:946365,C Seleka,2.0,19,0,cricsheet
44006,2021-22,2022-02-10,2,KNG,NWEST,"St George's Park, Port Elizabeth",ci:605683,M Pretorius,2.0,28,0,cricsheet
44006,2021-22,2022-02-10,2,KNG,NWEST,"St George's Park, Port Elizabeth",ci:596010,G Coetzee,4.0,29,1,cricsheet
44006,2021-22,2022-02-10,2,KNG,NWEST,"St George's Park, Port Elizabeth",ci:688143,SA Mothoa,2.0,19,0,cricsheet
44006,2021-22,2022-02-10,2,KNG,NWEST,"St George's Park, Port Elizabeth",ci:543195,G Mahlokwana,2.1,14,1,cricsheet
44011,2021-22,2022-02-10,1,DOL,LIONS,"St George's Park, Port Elizabeth",ci:1071000,B Parsons,2.0,17,0,cricsheet
44011,2021-22,2022-02-10,1,DOL,LIONS,"St George's Park, Port Elizabeth",ci:501907,DM Dupavillon,4.0,32,0,cricsheet
44011,2021-22,2022-02-10,1,DOL,LIONS,"St George's Park, Port Elizabeth",ci:698321,R de Swardt,4.0,32,3,cricsheet
44011,2021-22,2022-02-10,1,DOL,LIONS,"St George's Park, Port Elizabeth",ci:498582,JF Smith,3.0,16,3,cricsheet
44011,2021-22,2022-02-10,1,DOL,LIONS,"St George's Park, Port Elizabeth",ci:437438,P Subrayen,4.0,26,1,cricsheet
44011,2021-22,2022-02-10,1,DOL,LIONS,"St George's Park, Port Elizabeth",ci:540316,AL Phehlukwayo,1.0,9,0,cricsheet
44011,2021-22,2022-02-10,1,DOL,LIONS,"St George's Park, Port Elizabeth",ci:948523,O Modimokoane,2.0,22,1,cricsheet
44011,2021-22,2022-02-10,2,LIONS,DOL,"St George's Park, Port Elizabeth",ci:553249,BC Fortuin,4.0,16,2,cricsheet
44011,2021-22,2022-02-10,2,LIONS,DOL,"St George's Park, Port Elizabeth",ci:379776,SSB Magala,4.0,26,2,cricsheet
44011,2021-22,2022-02-10,2,LIONS,DOL,"St George's Park, Port Elizabeth",ci:230861,MP Siboto,4.0,23,2,cricsheet
44011,2021-22,2022-02-10,2,LIONS,DOL,"St George's Park, Port Elizabeth",ci:949461,Codi Yusuf,3.0,28,1,cricsheet
44011,2021-22,2022-02-10,2,LIONS,DOL,"St George's Park, Port Elizabeth",ci:550226,T Ntuli,1.0,15,0,cricsheet
44011,2021-22,2022-02-10,2,LIONS,DOL,"St George's Park, Port Elizabeth",ci:595406,S Dadswell,4.0,35,0,cricsheet
44016,2021-22,2022-02-12,1,WAR,DOL,"St George's Park, Port Elizabeth",ci:280490,JT Smuts,4.0,22,1,cricsheet
44016,2021-22,2022-02-12,1,WAR,DOL,"St George's Park, Port Elizabeth",ci:1203962,A Mhletywa,4.0,52,1,cricsheet
44016,2021-22,2022-02-12,1,WAR,DOL,"St George's Park, Port Elizabeth",ci:596426,S Tait,4.0,41,0,cricsheet
44016,2021-22,2022-02-12,1,WAR,DOL,"St George's Park, Port Elizabeth",ci:977991,M Nabe,4.0,52,1,cricsheet
44016,2021-22,2022-02-12,1,WAR,DOL,"St George's Park, Port Elizabeth",ci:595643,L Makhosi,4.0,42,1,cricsheet
44016,2021-22,2022-02-12,2,DOL,WAR,"St George's Park, Port Elizabeth",ci:437438,P Subrayen,4.0,22,1,cricsheet
44016,2021-22,2022-02-12,2,DOL,WAR,"St George's Park, Port Elizabeth",ci:501907,DM Dupavillon,4.0,56,1,cricsheet
44016,2021-22,2022-02-12,2,DOL,WAR,"St George's Park, Port Elizabeth",ci:535353,OEG Baartman,4.0,16,1,cricsheet
44016,2021-22,2022-02-12,2,DOL,WAR,"St George's Park, Port Elizabeth",ci:698321,R de Swardt,4.0,43,0,cricsheet
44016,2021-22,2022-02-12,2,DOL,WAR,"St George's Park, Port Elizabeth",ci:695245,T Ntini,1.0,14,0,cricsheet
44016,2021-22,2022-02-12,2,DOL,WAR,"St George's Park, Port Elizabeth",ci:540316,AL Phehlukwayo,1.0,14,0,cricsheet
44016,2021-22,2022-02-12,2,DOL,WAR,"St George's Park, Port Elizabeth",ci:498582,JF Smith,2.0,24,3,cricsheet
44021,2021-22,2022-02-12,1,KNG,TIT,"St George's Park, Port Elizabeth",ci:605683,M Pretorius,4.0,39,1,cricsheet
44021,2021-22,2022-02-12,1,KNG,TIT,"St George's Park, Port Elizabeth",ci:688143,SA Mothoa,4.0,30,0,cricsheet
44021,2021-22,2022-02-12,1,KNG,TIT,"St George's Park, Port Elizabeth",ci:595439,N van Heerden,4.0,32,2,cricsheet
44021,2021-22,2022-02-12,1,KNG,TIT,"St George's Park, Port Elizabeth",ci:499560,PE Kruger,3.0,18,2,cricsheet
44021,2021-22,2022-02-12,1,KNG,TIT,"St George's Park, Port Elizabeth",ci:595881,J Raubenheimer,1.0,7,0,cricsheet
44021,2021-22,2022-02-12,1,KNG,TIT,"St George's Park, Port Elizabeth",ci:543195,G Mahlokwana,3.0,20,0,cricsheet
44021,2021-22,2022-02-12,1,KNG,TIT,"St George's Park, Port Elizabeth",ci:594329,GJ Snyman,1.0,4,1,cricsheet
44021,2021-22,2022-02-12,2,TIT,KNG,"St George's Park, Port Elizabeth",ci:379887,LB Williams,4.0,20,2,cricsheet
44021,2021-22,2022-02-12,2,TIT,KNG,"St George's Park, Port Elizabeth",ci:545467,CJ Dala,4.0,24,1,cricsheet
44021,2021-22,2022-02-12,2,TIT,KNG,"St George's Park, Port Elizabeth",ci:46942,AM Phangiso,4.0,20,2,cricsheet
44021,2021-22,2022-02-12,2,TIT,KNG,"St George's Park, Port Elizabeth",ci:379145,T Shamsi,4.0,29,2,cricsheet
44021,2021-22,2022-02-12,2,TIT,KNG,"St George's Park, Port Elizabeth",ci:322818,A Gqamane,2.0,20,1,cricsheet
44021,2021-22,2022-02-12,2,TIT,KNG,"St George's Park, Port Elizabeth",ci:698315,D Ferreira,1.0,9,0,cricsheet
44026,2021-22,2022-02-13,1,WPR,LIONS,"St George's Park, Port Elizabeth",ci:379927,BE Hendricks,4.0,26,2,cricsheet
44026,2021-22,2022-02-13,1,WPR,LIONS,"St George's Park, Port Elizabeth",ci:265564,WD Parnell,4.0,24,0,cricsheet
44026,2021-22,2022-02-13,1,WPR,LIONS,"St George's Park, Port Elizabeth",ci:316909,BD Walters,2.0,20,0,cricsheet
44026,2021-22,2022-02-13,1,WPR,LIONS,"St George's Park, Port Elizabeth",ci:314991,A Mgijima,3.0,26,0,cricsheet
44026,2021-22,2022-02-13,1,WPR,LIONS,"St George's Park, Port Elizabeth",ci:605640,J Dawood,4.0,23,2,cricsheet
44026,2021-22,2022-02-13,1,WPR,LIONS,"St George's Park, Port Elizabeth",ci:948593,M Mpongwana,3.0,19,1,cricsheet
44026,2021-22,2022-02-13,2,LIONS,WPR,"St George's Park, Port Elizabeth",ci:553249,BC Fortuin,4.0,31,1,cricsheet
44026,2021-22,2022-02-13,2,LIONS,WPR,"St George's Park, Port Elizabeth",ci:379776,SSB Magala,4.0,24,1,cricsheet
44026,2021-22,2022-02-13,2,LIONS,WPR,"St George's Park, Port Elizabeth",ci:949461,Codi Yusuf,4.0,20,1,cricsheet
44026,2021-22,2022-02-13,2,LIONS,WPR,"St George's Park, Port Elizabeth",ci:230861,MP Siboto,3.1,20,0,cricsheet
44026,2021-22,2022-02-13,2,LIONS,WPR,"St George's Park, Port Elizabeth",ci:550226,T Ntuli,3.0,29,1,cricsheet
44026,2021-22,2022-02-13,2,LIONS,WPR,"St George's Park, Port Elizabeth",ci:595406,S Dadswell,1.0,12,0,cricsheet
44031,2021-22,2022-02-13,1,NWEST,BOL,"St George's Park, Port Elizabeth",ci:595408,C Classen,3.0,34,0,cricsheet
44031,2021-22,2022-02-13,1,NWEST,BOL,"St George's Park, Port Elizabeth",ci:379239,JN Diseko,2.0,35,0,cricsheet
44031,2021-22,2022-02-13,1,NWEST,BOL,"St George's Park, Port Elizabeth",ci:595954,D Jansen,4.0,42,1,cricsheet
44031,2021-22,2022-02-13,1,NWEST,BOL,"St George's Park, Port Elizabeth",ci:327830,D Pretorius,4.0,33,1,cricsheet
44031,2021-22,2022-02-13,1,NWEST,BOL,"St George's Park, Port Elizabeth",ci:596442,D Potgieter,2.0,10,1,cricsheet
44031,2021-22,2022-02-13,1,NWEST,BOL,"St George's Park, Port Elizabeth",ci:535393,S Muthusamy,1.0,8,0,cricsheet
44031,2021-22,2022-02-13,1,NWEST,BOL,"St George's Park, Port Elizabeth",ci:946365,C Seleka,4.0,20,2,cricsheet
44031,2021-22,2022-02-13,2,BOL,NWEST,"St George's Park, Port Elizabeth",ci:596537,Siyabonga Mahima,4.0,25,1,cricsheet
44031,2021-22,2022-02-13,2,BOL,NWEST,"St George's Park, Port Elizabeth",ci:375126,GC Viljoen,4.0,50,0,cricsheet
44031,2021-22,2022-02-13,2,BOL,NWEST,"St George's Park, Port Elizabeth",ci:549288,FD Adams,4.0,38,1,cricsheet
44031,2021-22,2022-02-13,2,BOL,NWEST,"St George's Park, Port Elizabeth",ci:606231,ZC Qwabe,3.0,34,0,cricsheet
44031,2021-22,2022-02-13,2,BOL,NWEST,"St George's Park, Port Elizabeth",ci:393289,S von Berg,1.0,5,0,cricsheet
44031,2021-22,2022-02-13,2,BOL,NWEST,"St George's Park, Port Elizabeth",ci:437506,I Manack,4.0,28,1,cricsheet
44036,2021-22,2022-02-14,1,TIT,DOL,"St George's Park, Port Elizabeth",ci:379887,LB Williams,4.0,29,1,cricsheet
44036,2021-22,2022-02-14,1,TIT,DOL,"St George's Park, Port Elizabeth",ci:545467,CJ Dala,4.0,27,2,cricsheet
44036,2021-22,2022-02-14,1,TIT,DOL,"St George's Park, Port Elizabeth",ci:322818,A Gqamane,1.0,3,1,cricsheet
44036,2021-22,2022-02-14,1,TIT,DOL,"St George's Park, Port Elizabeth",ci:379145,T Shamsi,4.0,38,0,cricsheet
44036,2021-22,2022-02-14,1,TIT,DOL,"St George's Park, Port Elizabeth",ci:46942,AM Phangiso,4.0,19,0,cricsheet
44036,2021-22,2022-02-14,1,TIT,DOL,"St George's Park, Port Elizabeth",ci:698315,D Ferreira,2.0,17,0,cricsheet
44036,2021-22,2022-02-14,2,DOL,TIT,"St George's Park, Port Elizabeth",ci:501907,DM Dupavillon,3.3,30,0,cricsheet
44036,2021-22,2022-02-14,2,DOL,TIT,"St George's Park, Port Elizabeth",ci:535353,OEG Baartman,3.0,26,0,cricsheet
44036,2021-22,2022-02-14,2,DOL,TIT,"St George's Park, Port Elizabeth",ci:695245,T Ntini,4.0,21,2,cricsheet
44036,2021-22,2022-02-14,2,DOL,TIT,"St George's Park, Port Elizabeth",ci:437438,P Subrayen,3.0,25,0,cricsheet
44036,2021-22,2022-02-14,2,DOL,TIT,"St George's Park, Port Elizabeth",ci:540316,AL Phehlukwayo,2.0,17,0,cricsheet
44036,2021-22,2022-02-14,2,DOL,TIT,"St George's Park, Port Elizabeth",ci:698321,R de Swardt,1.0,16,0,cricsheet
44041,2021-22,2022-02-14,1,KNG,WAR,"St George's Park, Port Elizabeth",ci:596010,G Coetzee,4.0,35,2,cricsheet
44041,2021-22,2022-02-14,1,KNG,WAR,"St George's Park, Port Elizabeth",ci:595439,N van Heerden,4.0,37,0,cricsheet
44041,2021-22,2022-02-14,1,KNG,WAR,"St George's Park, Port Elizabeth",ci:543041,M Budaza,4.0,30,0,cricsheet
44041,2021-22,2022-02-14,1,KNG,WAR,"St George's Park, Port Elizabeth",ci:688143,SA Mothoa,4.0,31,1,cricsheet
44041,2021-22,2022-02-14,1,KNG,WAR,"St George's Park, Port Elizabeth",ci:499560,PE Kruger,1.0,13,0,cricsheet
44041,2021-22,2022-02-14,1,KNG,WAR,"St George's Park, Port Elizabeth",ci:594329,GJ Snyman,3.0,23,2,cricsheet
44041,2021-22,2022-02-14,2,WAR,KNG,"St George's Park, Port Elizabeth",ci:280490,JT Smuts,3.0,14,0,cricsheet
44041,2021-22,2022-02-14,2,WAR,KNG,"St George's Park, Port Elizabeth",ci:596426,S Tait,3.4,46,0,cricsheet
44041,2021-22,2022-02-14,2,WAR,KNG,"St George's Park, Port Elizabeth",ci:977991,M Nabe,4.0,38,1,cricsheet
44041,2021-22,2022-02-14,2,WAR,KNG,"St George's Park, Port Elizabeth",ci:595882,A Mnyaka,4.0,34,0,cricsheet
44041,2021-22,2022-02-14,2,WAR,KNG,"St George's Park, Port Elizabeth",ci:952211,K Jacobs,3.0,35,0,cricsheet
44041,2021-22,2022-02-14,2,WAR,KNG,"St George's Park, Port Elizabeth",ci:429886,WJ Lubbe,1.0,6,0,cricsheet
44046,2021-22,2022-02-15,1,LIONS,BOL,"St George's Park, Port Elizabeth",ci:553249,BC Fortuin,4.0,30,0,cricsheet
44046,2021-22,2022-02-15,1,LIONS,BOL,"St George's Park, Port Elizabeth",ci:379776,SSB Magala,4.0,41,1,cricsheet
44046,2021-22,2022-02-15,1,LIONS,BOL,"St George's Park, Port Elizabeth",ci:949461,Codi Yusuf,3.0,23,0,cricsheet
44046,2021-22,2022-02-15,1,LIONS,BOL,"St George's Park, Port Elizabeth",ci:379879,A Myoli,3.0,24,1,cricsheet
44046,2021-22,2022-02-15,1,LIONS,BOL,"St George's Park, Port Elizabeth",ci:230861,MP Siboto,4.0,29,1,cricsheet
44046,2021-22,2022-02-15,1,LIONS,BOL,"St George's Park, Port Elizabeth",ci:269280,RR Hendricks,2.0,10,1,cricsheet
44046,2021-22,2022-02-15,2,BOL,LIONS,"St George's Park, Port Elizabeth",ci:596537,Siyabonga Mahima,4.0,20,2,cricsheet
44046,2021-22,2022-02-15,2,BOL,LIONS,"St George's Park, Port Elizabeth",ci:437506,I Manack,4.0,27,1,cricsheet
44046,2021-22,2022-02-15,2,BOL,LIONS,"St George's Park, Port Elizabeth",ci:375126,GC Viljoen,2.0,15,2,cricsheet
44046,2021-22,2022-02-15,2,BOL,LIONS,"St George's Park, Port Elizabeth",ci:393289,S von Berg,4.0,14,3,cricsheet
44046,2021-22,2022-02-15,2,BOL,LIONS,"St George's Park, Port Elizabeth",ci:606231,ZC Qwabe,2.0,20,0,cricsheet
44046,2021-22,2022-02-15,2,BOL,LIONS,"St George's Park, Port Elizabeth",ci:549288,FD Adams,1.2,17,2,cricsheet
44051,2021-22,2022-02-15,1,NWEST,WPR,"St George's Park, Port Elizabeth",ci:595954,D Jansen,2.0,27,0,cricsheet
44051,2021-22,2022-02-15,1,NWEST,WPR,"St George's Park, Port Elizabeth",ci:379239,JN Diseko,3.0,19,1,cricsheet
44051,2021-22,2022-02-15,1,NWEST,WPR,"St George's Park, Port Elizabeth",ci:327830,D Pretorius,3.0,20,0,cricsheet
44051,2021-22,2022-02-15,1,NWEST,WPR,"St George's Park, Port Elizabeth",ci:596442,D Potgieter,3.0,27,2,cricsheet
44051,2021-22,2022-02-15,1,NWEST,WPR,"St George's Park, Port Elizabeth",ci:785673,Z Pongolo,3.0,38,0,cricsheet
44051,2021-22,2022-02-15,1,NWEST,WPR,"St George's Park, Port Elizabeth",ci:946365,C Seleka,2.0,12,0,cricsheet
44051,2021-22,2022-02-15,1,NWEST,WPR,"St George's Park, Port Elizabeth",ci:535393,S Muthusamy,4.0,20,4,cricsheet
44051,2021-22,2022-02-15,2,WPR,NWEST,"St George's Park, Port Elizabeth",ci:379927,BE Hendricks,4.0,20,4,cricsheet
44051,2021-22,2022-02-15,2,WPR,NWEST,"St George's Park, Port Elizabeth",ci:265564,WD Parnell,3.0,13,1,cricsheet
44051,2021-22,2022-02-15,2,WPR,NWEST,"St George's Park, Port Elizabeth",ci:316909,BD Walters,4.0,11,0,cricsheet
44051,2021-22,2022-02-15,2,WPR,NWEST,"St George's Park, Port Elizabeth",ci:605640,J Dawood,4.0,22,3,cricsheet
44051,2021-22,2022-02-15,2,WPR,NWEST,"St George's Park, Port Elizabeth",ci:948593,M Mpongwana,2.4,11,2,cricsheet
44056,2021-22,2022-02-17,1,TIT,LIONS,"St George's Park, Port Elizabeth",ci:379887,LB Williams,4.0,38,0,cricsheet
44056,2021-22,2022-02-17,1,TIT,LIONS,"St George's Park, Port Elizabeth",ci:545467,CJ Dala,4.0,39,1,cricsheet
44056,2021-22,2022-02-17,1,TIT,LIONS,"St George's Park, Port Elizabeth",ci:322818,A Gqamane,1.0,10,0,cricsheet
44056,2021-22,2022-02-17,1,TIT,LIONS,"St George's Park, Port Elizabeth",ci:46942,AM Phangiso,4.0,18,1,cricsheet
44056,2021-22,2022-02-17,1,TIT,LIONS,"St George's Park, Port Elizabeth",ci:379145,T Shamsi,4.0,25,2,cricsheet
44056,2021-22,2022-02-17,1,TIT,LIONS,"St George's Park, Port Elizabeth",ci:1070665,D Brevis,3.0,18,1,cricsheet
44056,2021-22,2022-02-17,2,LIONS,TIT,"St George's Park, Port Elizabeth",ci:553249,BC Fortuin,4.0,23,1,cricsheet
44056,2021-22,2022-02-17,2,LIONS,TIT,"St George's Park, Port Elizabeth",ci:269280,RR Hendricks,2.0,20,0,cricsheet
44056,2021-22,2022-02-17,2,LIONS,TIT,"St George's Park, Port Elizabeth",ci:379776,SSB Magala,3.0,30,0,cricsheet
44056,2021-22,2022-02-17,2,LIONS,TIT,"St George's Park, Port Elizabeth",ci:949461,Codi Yusuf,4.0,33,0,cricsheet
44056,2021-22,2022-02-17,2,LIONS,TIT,"St George's Park, Port Elizabeth",ci:230861,MP Siboto,3.1,21,2,cricsheet
44056,2021-22,2022-02-17,2,LIONS,TIT,"St George's Park, Port Elizabeth",ci:379879,A Myoli,2.0,25,0,cricsheet
44061,2021-22,2022-02-17,1,BOL,WAR,"St George's Park, Port Elizabeth",ci:437506,I Manack,4.0,21,1,cricsheet
44061,2021-22,2022-02-17,1,BOL,WAR,"St George's Park, Port Elizabeth",ci:375126,GC Viljoen,3.0,36,1,cricsheet
44061,2021-22,2022-02-17,1,BOL,WAR,"St George's Park, Port Elizabeth",ci:596537,Siyabonga Mahima,4.0,22,0,cricsheet
44061,2021-22,2022-02-17,1,BOL,WAR,"St George's Park, Port Elizabeth",ci:549288,FD Adams,4.0,45,0,cricsheet
44061,2021-22,2022-02-17,1,BOL,WAR,"St George's Park, Port Elizabeth",ci:393289,S von Berg,4.0,26,3,cricsheet
44061,2021-22,2022-02-17,1,BOL,WAR,"St George's Park, Port Elizabeth",ci:946367,M Copeland,1.0,3,0,cricsheet
44061,2021-22,2022-02-17,2,WAR,BOL,"St George's Park, Port Elizabeth",ci:280490,JT Smuts,4.0,16,1,cricsheet
44061,2021-22,2022-02-17,2,WAR,BOL,"St George's Park, Port Elizabeth",ci:973815,Tsepo Ndwandwa,4.0,33,2,cricsheet
44061,2021-22,2022-02-17,2,WAR,BOL,"St George's Park, Port Elizabeth",ci:696439,T van Vuuren,3.4,55,0,cricsheet
44061,2021-22,2022-02-17,2,WAR,BOL,"St George's Park, Port Elizabeth",ci:429886,WJ Lubbe,2.0,8,0,cricsheet
44061,2021-22,2022-02-17,2,WAR,BOL,"St George's Park, Port Elizabeth",ci:595643,L Makhosi,3.0,16,1,cricsheet
44061,2021-22,2022-02-17,2,WAR,BOL,"St George's Park, Port Elizabeth",ci:595882,A Mnyaka,3.0,27,2,cricsheet
44066,2021-22,2022-02-18,1,WPR,KNG,"St George's Park, Port Elizabeth",ci:379927,BE Hendricks,4.0,25,1,cricsheet
44066,2021-22,2022-02-18,1,WPR,KNG,"St George's Park, Port Elizabeth",ci:265564,WD Parnell,4.0,16,2,cricsheet
44066,2021-22,2022-02-18,1,WPR,KNG,"St George's Park, Port Elizabeth",ci:316909,BD Walters,4.0,28,1,cricsheet
44066,2021-22,2022-02-18,1,WPR,KNG,"St George's Park, Port Elizabeth",ci:481875,GF Linde,4.0,28,1,cricsheet
44066,2021-22,2022-02-18,1,WPR,KNG,"St George's Park, Port Elizabeth",ci:605640,J Dawood,4.0,28,3,cricsheet
44066,2021-22,2022-02-18,2,KNG,WPR,"St George's Park, Port Elizabeth",ci:596010,G Coetzee,4.0,31,1,cricsheet
44066,2021-22,2022-02-18,2,KNG,WPR,"St George's Park, Port Elizabeth",ci:688143,SA Mothoa,4.0,30,2,cricsheet
44066,2021-22,2022-02-18,2,KNG,WPR,"St George's Park, Port Elizabeth",ci:594329,GJ Snyman,3.0,21,0,cricsheet
44066,2021-22,2022-02-18,2,KNG,WPR,"St George's Park, Port Elizabeth",ci:543041,M Budaza,3.5,34,1,cricsheet
44066,2021-22,2022-02-18,2,KNG,WPR,"St George's Park, Port Elizabeth",ci:595439,N van Heerden,1.0,12,0,cricsheet
44071,2021-22,2022-02-18,1,DOL,NWEST,"St George's Park, Port Elizabeth",ci:535353,OEG Baartman,4.0,12,2,cricsheet
44071,2021-22,2022-02-18,1,DOL,NWEST,"St George's Park, Port Elizabeth",ci:437438,P Subrayen,3.0,23,0,cricsheet
44071,2021-22,2022-02-18,1,DOL,NWEST,"St George's Park, Port Elizabeth",ci:698343,E Bosch,4.0,20,3,cricsheet
44071,2021-22,2022-02-18,1,DOL,NWEST,"St George's Park, Port Elizabeth",ci:695245,T Ntini,3.0,41,1,cricsheet
44071,2021-22,2022-02-18,1,DOL,NWEST,"St George's Park, Port Elizabeth",ci:540316,AL Phehlukwayo,4.0,19,1,cricsheet
44071,2021-22,2022-02-18,1,DOL,NWEST,"St George's Park, Port Elizabeth",ci:1071000,B Parsons,2.0,18,0,cricsheet
44071,2021-22,2022-02-18,2,NWEST,DOL,"St George's Park, Port Elizabeth",ci:379239,JN Diseko,2.0,13,0,cricsheet
44071,2021-22,2022-02-18,2,NWEST,DOL,"St George's Park, Port Elizabeth",ci:601150,EL Hawken,3.4,19,0,cricsheet
44071,2021-22,2022-02-18,2,NWEST,DOL,"St George's Park, Port Elizabeth",ci:327830,D Pretorius,4.0,27,0,cricsheet
44071,2021-22,2022-02-18,2,NWEST,DOL,"St George's Park, Port Elizabeth",ci:535393,S Muthusamy,3.0,15,1,cricsheet
44071,2021-22,2022-02-18,2,NWEST,DOL,"St George's Park, Port Elizabeth",ci:946365,C Seleka,2.0,16,1,cricsheet
44071,2021-22,2022-02-18,2,NWEST,DOL,"St George's Park, Port Elizabeth",ci:785673,Z Pongolo,1.0,9,0,cricsheet
44071,2021-22,2022-02-18,2,NWEST,DOL,"St George's Park, Port Elizabeth",ci:498838,NP Mvelase,1.0,9,0,cricsheet
44071,2021-22,2022-02-18,2,NWEST,DOL,"St George's Park, Port Elizabeth",ci:596442,D Potgieter,2.0,23,1,cricsheet
44076,2021-22,2022-02-19,1,TIT,WPR,"St George's Park, Port Elizabeth",ci:379887,LB Williams,4.0,21,2,cricsheet
44076,2021-22,2022-02-19,1,TIT,WPR,"St George's Park, Port Elizabeth",ci:545467,CJ Dala,3.0,14,1,cricsheet
44076,2021-22,2022-02-19,1,TIT,WPR,"St George's Park, Port Elizabeth",ci:46942,AM Phangiso,3.0,27,0,cricsheet
44076,2021-22,2022-02-19,1,TIT,WPR,"St George's Park, Port Elizabeth",ci:379145,T Shamsi,4.0,36,1,cricsheet
44076,2021-22,2022-02-19,1,TIT,WPR,"St George's Park, Port Elizabeth",ci:1070665,D Brevis,3.0,19,1,cricsheet
44076,2021-22,2022-02-19,1,TIT,WPR,"St George's Park, Port Elizabeth",ci:322818,A Gqamane,3.0,23,0,cricsheet
44076,2021-22,2022-02-19,2,WPR,TIT,"St George's Park, Port Elizabeth",ci:379927,BE Hendricks,3.0,31,0,cricsheet
44076,2021-22,2022-02-19,2,WPR,TIT,"St George's Park, Port Elizabeth",ci:265564,WD Parnell,2.3,16,0,cricsheet
44076,2021-22,2022-02-19,2,WPR,TIT,"St George's Park, Port Elizabeth",ci:316909,BD Walters,3.0,17,1,cricsheet
44076,2021-22,2022-02-19,2,WPR,TIT,"St George's Park, Port Elizabeth",ci:481875,GF Linde,4.0,34,0,cricsheet
44076,2021-22,2022-02-19,2,WPR,TIT,"St George's Park, Port Elizabeth",ci:550251,KI Simmonds,4.0,26,1,cricsheet
44076,2021-22,2022-02-19,2,WPR,TIT,"St George's Park, Port Elizabeth",ci:948593,M Mpongwana,3.0,20,1,cricsheet
44081,2021-22,2022-02-19,1,WAR,LIONS,"St George's Park, Port Elizabeth",ci:280490,JT Smuts,4.0,20,0,cricsheet
44081,2021-22,2022-02-19,1,WAR,LIONS,"St George's Park, Port Elizabeth",ci:429886,WJ Lubbe,4.0,31,1,cricsheet
44081,2021-22,2022-02-19,1,WAR,LIONS,"St George's Park, Port Elizabeth",ci:973815,Tsepo Ndwandwa,3.0,12,2,cricsheet
44081,2021-22,2022-02-19,1,WAR,LIONS,"St George's Park, Port Elizabeth",ci:595882,A Mnyaka,3.0,24,0,cricsheet
44081,2021-22,2022-02-19,1,WAR,LIONS,"St George's Park, Port Elizabeth",ci:595643,L Makhosi,4.0,26,2,cricsheet
44081,2021-22,2022-02-19,1,WAR,LIONS,"St George's Park, Port Elizabeth",ci:327947,D Paterson,2.0,23,0,cricsheet
44081,2021-22,2022-02-19,2,LIONS,WAR,"St George's Park, Port Elizabeth",ci:553249,BC Fortuin,4.0,20,1,cricsheet
44081,2021-22,2022-02-19,2,LIONS,WAR,"St George's Park, Port Elizabeth",ci:269280,RR Hendricks,4.0,29,1,cricsheet
44081,2021-22,2022-02-19,2,LIONS,WAR,"St George's Park, Port Elizabeth",ci:379776,SSB Magala,2.0,22,0,cricsheet
44081,2021-22,2022-02-19,2,LIONS,WAR,"St George's Park, Port Elizabeth",ci:230861,MP Siboto,2.0,21,2,cricsheet
44081,2021-22,2022-02-19,2,LIONS,WAR,"St George's Park, Port Elizabeth",ci:605664,J Landsberg,1.0,11,0,cricsheet
44081,2021-22,2022-02-19,2,LIONS,WAR,"St George's Park, Port Elizabeth",ci:698199,M Van Buuren,1.0,10,0,cricsheet
44081,2021-22,2022-02-19,2,LIONS,WAR,"St George's Park, Port Elizabeth",ci:949461,Codi Yusuf,1.0,14,0,cricsheet
44081,2021-22,2022-02-19,2,LIONS,WAR,"St George's Park, Port Elizabeth",ci:488620,T Bokako,0.5,14,0,cricsheet
44086,2021-22,2022-02-20,1,DOL,BOL,"St George's Park, Port Elizabeth",ci:1071000,B Parsons,3.0,14,1,cricsheet
44086,2021-22,2022-02-20,1,DOL,BOL,"St George's Park, Port Elizabeth",ci:535353,OEG Baartman,3.0,24,0,cricsheet
44086,2021-22,2022-02-20,1,DOL,BOL,"St George's Park, Port Elizabeth",ci:698343,E Bosch,4.0,23,3,cricsheet
44086,2021-22,2022-02-20,1,DOL,BOL,"St George's Park, Port Elizabeth",ci:594335,K Mungroo,2.0,15,0,cricsheet
44086,2021-22,2022-02-20,1,DOL,BOL,"St George's Park, Port Elizabeth",ci:540316,AL Phehlukwayo,4.0,23,1,cricsheet
44086,2021-22,2022-02-20,1,DOL,BOL,"St George's Park, Port Elizabeth",ci:437438,P Subrayen,4.0,18,2,cricsheet
44086,2021-22,2022-02-20,2,BOL,DOL,"St George's Park, Port Elizabeth",ci:596537,Siyabonga Mahima,4.0,20,0,cricsheet
44086,2021-22,2022-02-20,2,BOL,DOL,"St George's Park, Port Elizabeth",ci:437506,I Manack,4.0,16,0,cricsheet
44086,2021-22,2022-02-20,2,BOL,DOL,"St George's Park, Port Elizabeth",ci:549288,FD Adams,2.0,14,2,cricsheet
44086,2021-22,2022-02-20,2,BOL,DOL,"St George's Park, Port Elizabeth",ci:393289,S von Berg,4.0,18,2,cricsheet
44086,2021-22,2022-02-20,2,BOL,DOL,"St George's Park, Port Elizabeth",ci:946367,M Copeland,2.0,18,0,cricsheet
44086,2021-22,2022-02-20,2,BOL,DOL,"St George's Park, Port Elizabeth",ci:696297,Z Abrahams,4.0,22,3,cricsheet
44091,2021-22,2022-02-20,1,LIONS,KNG,"St George's Park, Port Elizabeth",ci:550226,T Ntuli,4.0,21,3,cricsheet
44091,2021-22,2022-02-20,1,LIONS,KNG,"St George's Park, Port Elizabeth",ci:269280,RR Hendricks,3.0,15,0,cricsheet
44091,2021-22,2022-02-20,1,LIONS,KNG,"St George's Park, Port Elizabeth",ci:488620,T Bokako,3.0,24,1,cricsheet
44091,2021-22,2022-02-20,1,LIONS,KNG,"St George's Park, Port Elizabeth",ci:949461,Codi Yusuf,3.0,19,0,cricsheet
44091,2021-22,2022-02-20,1,LIONS,KNG,"St George's Park, Port Elizabeth",ci:379776,SSB Magala,2.0,12,0,cricsheet
44091,2021-22,2022-02-20,1,LIONS,KNG,"St George's Park, Port Elizabeth",ci:605664,J Landsberg,2.0,17,0,cricsheet
44091,2021-22,2022-02-20,1,LIONS,KNG,"St George's Park, Port Elizabeth",ci:230861,MP Siboto,3.0,18,3,cricsheet
44091,2021-22,2022-02-20,2,KNG,LIONS,"St George's Park, Port Elizabeth",ci:543195,G Mahlokwana,3.0,22,1,cricsheet
44091,2021-22,2022-02-20,2,KNG,LIONS,"St George's Park, Port Elizabeth",ci:381033,P Botha,2.0,12,0,cricsheet
44091,2021-22,2022-02-20,2,KNG,LIONS,"St George's Park, Port Elizabeth",ci:688143,SA Mothoa,4.0,20,2,cricsheet
44091,2021-22,2022-02-20,2,KNG,LIONS,"St George's Park, Port Elizabeth",ci:605683,M Pretorius,3.0,33,1,cricsheet
44091,2021-22,2022-02-20,2,KNG,LIONS,"St George's Park, Port Elizabeth",ci:595439,N van Heerden,3.0,19,0,cricsheet
44091,2021-22,2022-02-20,2,KNG,LIONS,"St George's Park, Port Elizabeth",ci:594329,GJ Snyman,4.0,19,1,cricsheet
44091,2021-22,2022-02-20,2,KNG,LIONS,"St George's Park, Port Elizabeth",ci:595926,CP Klijnhans,0.1,4,0,cricsheet
44096,2021-22,2022-02-22,1,NWEST,TIT,"St George's Park, Port Elizabeth",ci:379239,JN Diseko,2.0,25,0,cricsheet
44096,2021-22,2022-02-22,1,NWEST,TIT,"St George's Park, Port Elizabeth",ci:601150,EL Hawken,4.0,50,1,cricsheet
44096,2021-22,2022-02-22,1,NWEST,TIT,"St George's Park, Port Elizabeth",ci:595408,C Classen,2.0,20,0,cricsheet
44096,2021-22,2022-02-22,1,NWEST,TIT,"St George's Park, Port Elizabeth",ci:327830,D Pretorius,4.0,26,1,cricsheet
44096,2021-22,2022-02-22,1,NWEST,TIT,"St George's Park, Port Elizabeth",ci:535393,S Muthusamy,4.0,14,2,cricsheet
44096,2021-22,2022-02-22,1,NWEST,TIT,"St George's Park, Port Elizabeth",ci:946365,C Seleka,2.0,18,0,cricsheet
44096,2021-22,2022-02-22,1,NWEST,TIT,"St George's Park, Port Elizabeth",ci:785673,Z Pongolo,2.0,10,0,cricsheet
44096,2021-22,2022-02-22,2,TIT,NWEST,"St George's Park, Port Elizabeth",ci:379887,LB Williams,2.0,15,0,cricsheet
44096,2021-22,2022-02-22,2,TIT,NWEST,"St George's Park, Port Elizabeth",ci:545467,CJ Dala,3.0,21,0,cricsheet
44096,2021-22,2022-02-22,2,TIT,NWEST,"St George's Park, Port Elizabeth",ci:46942,AM Phangiso,4.0,13,2,cricsheet
44096,2021-22,2022-02-22,2,TIT,NWEST,"St George's Park, Port Elizabeth",ci:322818,A Gqamane,3.0,22,2,cricsheet
44096,2021-22,2022-02-22,2,TIT,NWEST,"St George's Park, Port Elizabeth",ci:379145,T Shamsi,4.0,29,0,cricsheet
44096,2021-22,2022-02-22,2,TIT,NWEST,"St George's Park, Port Elizabeth",ci:1070665,D Brevis,4.0,33,2,cricsheet
44101,2021-22,2022-02-22,1,BOL,KNG,"St George's Park, Port Elizabeth",ci:596537,Siyabonga Mahima,4.0,32,0,cricsheet
44101,2021-22,2022-02-22,1,BOL,KNG,"St George's Park, Port Elizabeth",ci:437506,I Manack,4.0,33,0,cricsheet
44101,2021-22,2022-02-22,1,BOL,KNG,"St George's Park, Port Elizabeth",ci:696297,Z Abrahams,4.0,34,5,cricsheet
44101,2021-22,2022-02-22,1,BOL,KNG,"St George's Park, Port Elizabeth",ci:549288,FD Adams,2.0,17,0,cricsheet
44101,2021-22,2022-02-22,1,BOL,KNG,"St George's Park, Port Elizabeth",ci:393289,S von Berg,4.0,27,1,cricsheet
44101,2021-22,2022-02-22,1,BOL,KNG,"St George's Park, Port Elizabeth",ci:946367,M Copeland,2.0,20,0,cricsheet
44101,2021-22,2022-02-22,2,KNG,BOL,"St George's Park, Port Elizabeth",ci:543195,G Mahlokwana,4.0,24,1,cricsheet
44101,2021-22,2022-02-22,2,KNG,BOL,"St George's Park, Port Elizabeth",ci:688143,SA Mothoa,4.0,33,0,cricsheet
44101,2021-22,2022-02-22,2,KNG,BOL,"St George's Park, Port Elizabeth",ci:595439,N van Heerden,4.0,30,0,cricsheet
44101,2021-22,2022-02-22,2,KNG,BOL,"St George's Park, Port Elizabeth",ci:596010,G Coetzee,4.0,36,0,cricsheet
44101,2021-22,2022-02-22,2,KNG,BOL,"St George's Park, Port Elizabeth",ci:595881,J Raubenheimer,3.0,27,0,cricsheet
44101,2021-22,2022-02-22,2,KNG,BOL,"St George's Park, Port Elizabeth",ci:499560,PE Kruger,1.0,9,1,cricsheet
44106,2021-22,2022-02-23,1,WPR,DOL,"St George's Park, Port Elizabeth",ci:481875,GF Linde,4.0,24,2,cricsheet
44106,2021-22,2022-02-23,1,WPR,DOL,"St George's Park, Port Elizabeth",ci:314991,A Mgijima,4.0,25,2,cricsheet
44106,2021-22,2022-02-23,1,WPR,DOL,"St George's Park, Port Elizabeth",ci:379927,BE Hendricks,4.0,40,0,cricsheet
44106,2021-22,2022-02-23,1,WPR,DOL,"St George's Park, Port Elizabeth",ci:265564,WD Parnell,3.0,34,0,cricsheet
44106,2021-22,2022-02-23,1,WPR,DOL,"St George's Park, Port Elizabeth",ci:605640,J Dawood,4.0,15,1,cricsheet
44106,2021-22,2022-02-23,1,WPR,DOL,"St George's Park, Port Elizabeth",ci:948593,M Mpongwana,1.0,10,0,cricsheet
44106,2021-22,2022-02-23,2,DOL,WPR,"St George's Park, Port Elizabeth",ci:437438,P Subrayen,4.0,17,2,cricsheet
44106,2021-22,2022-02-23,2,DOL,WPR,"St George's Park, Port Elizabeth",ci:535353,OEG Baartman,2.0,16,2,cricsheet
44106,2021-22,2022-02-23,2,DOL,WPR,"St George's Park, Port Elizabeth",ci:594335,K Mungroo,1.0,3,0,cricsheet
44106,2021-22,2022-02-23,2,DOL,WPR,"St George's Park, Port Elizabeth",ci:698343,E Bosch,2.0,9,1,cricsheet
44106,2021-22,2022-02-23,2,DOL,WPR,"St George's Park, Port Elizabeth",ci:1071000,B Parsons,3.4,22,3,cricsheet
44106,2021-22,2022-02-23,2,DOL,WPR,"St George's Park, Port Elizabeth",ci:540316,AL Phehlukwayo,3.0,16,2,cricsheet
44111,2021-22,2022-02-23,1,WAR,NWEST,"St George's Park, Port Elizabeth",ci:280490,JT Smuts,4.0,25,1,cricsheet
44111,2021-22,2022-02-23,1,WAR,NWEST,"St George's Park, Port Elizabeth",ci:429886,WJ Lubbe,4.0,24,1,cricsheet
44111,2021-22,2022-02-23,1,WAR,NWEST,"St George's Park, Port Elizabeth",ci:973815,Tsepo Ndwandwa,4.0,28,1,cricsheet
44111,2021-22,2022-02-23,1,WAR,NWEST,"St George's Park, Port Elizabeth",ci:595978,T Stubbs,2.0,20,0,cricsheet
44111,2021-22,2022-02-23,1,WAR,NWEST,"St George's Park, Port Elizabeth",ci:952211,K Jacobs,3.0,30,1,cricsheet
44111,2021-22,2022-02-23,1,WAR,NWEST,"St George's Park, Port Elizabeth",ci:429903,LC Ngoepe,1.0,15,0,cricsheet
44111,2021-22,2022-02-23,1,WAR,NWEST,"St George's Park, Port Elizabeth",ci:595882,A Mnyaka,2.0,21,1,cricsheet
44111,2021-22,2022-02-23,2,NWEST,WAR,"St George's Park, Port Elizabeth",ci:327830,D Pretorius,3.0,15,2,cricsheet
44111,2021-22,2022-02-23,2,NWEST,WAR,"St George's Park, Port Elizabeth",ci:595954,D Jansen,4.0,43,2,cricsheet
44111,2021-22,2022-02-23,2,NWEST,WAR,"St George's Park, Port Elizabeth",ci:535393,S Muthusamy,4.0,15,1,cricsheet
44111,2021-22,2022-02-23,2,NWEST,WAR,"St George's Park, Port Elizabeth",ci:596442,D Potgieter,2.0,24,0,cricsheet
44111,2021-22,2022-02-23,2,NWEST,WAR,"St George's Park, Port Elizabeth",ci:594336,LM Zuma,3.0,25,3,cricsheet
44111,2021-22,2022-02-23,2,NWEST,WAR,"St George's Park, Port Elizabeth",ci:785673,Z Pongolo,1.0,7,0,cricsheet
44111,2021-22,2022-02-23,2,NWEST,WAR,"St George's Park, Port Elizabeth",ci:946365,C Seleka,3.0,29,0,cricsheet
44116,2021-22,2022-02-25,1,TIT,DOL,"St George's Park, Port Elizabeth",ci:379887,LB Williams,4.0,13,1,cricsheet
44116,2021-22,2022-02-25,1,TIT,DOL,"St George's Park, Port Elizabeth",ci:545467,CJ Dala,3.0,21,2,cricsheet
44116,2021-22,2022-02-25,1,TIT,DOL,"St George's Park, Port Elizabeth",ci:322818,A Gqamane,3.0,20,2,cricsheet
44116,2021-22,2022-02-25,1,TIT,DOL,"St George's Park, Port Elizabeth",ci:46942,AM Phangiso,4.0,14,0,cricsheet
44116,2021-22,2022-02-25,1,TIT,DOL,"St George's Park, Port Elizabeth",ci:379145,T Shamsi,4.0,15,3,cricsheet
44116,2021-22,2022-02-25,1,TIT,DOL,"St George's Park, Port Elizabeth",ci:1070665,D Brevis,2.0,8,0,cricsheet
44116,2021-22,2022-02-25,2,DOL,TIT,"St George's Park, Port Elizabeth",ci:594335,K Mungroo,4.0,21,3,cricsheet
44116,2021-22,2022-02-25,2,DOL,TIT,"St George's Park, Port Elizabeth",ci:698343,E Bosch,3.0,26,1,cricsheet
44116,2021-22,2022-02-25,2,DOL,TIT,"St George's Park, Port Elizabeth",ci:535353,OEG Baartman,3.0,17,0,cricsheet
44116,2021-22,2022-02-25,2,DOL,TIT,"St George's Park, Port Elizabeth",ci:540316,AL Phehlukwayo,3.1,23,0,cricsheet
44116,2021-22,2022-02-25,2,DOL,TIT,"St George's Park, Port Elizabeth",ci:1071000,B Parsons,1.0,7,0,cricsheet
44121,2021-22,2022-02-25,1,BOL,WPR,"St George's Park, Port Elizabeth",ci:437506,I Manack,4.0,19,1,cricsheet
44121,2021-22,2022-02-25,1,BOL,WPR,"St George's Park, Port Elizabeth",ci:696297,Z Abrahams,3.5,34,4,cricsheet
44121,2021-22,2022-02-25,1,BOL,WPR,"St George's Park, Port Elizabeth",ci:596537,Siyabonga Mahima,4.0,24,2,cricsheet
44121,2021-22,2022-02-25,1,BOL,WPR,"St George's Park, Port Elizabeth",ci:549288,FD Adams,4.0,16,1,cricsheet
44121,2021-22,2022-02-25,1,BOL,WPR,"St George's Park, Port Elizabeth",ci:393289,S von Berg,4.0,19,2,cricsheet
44121,2021-22,2022-02-25,2,WPR,BOL,"St George's Park, Port Elizabeth",ci:379927,BE Hendricks,3.1,27,0,cricsheet
44121,2021-22,2022-02-25,2,WPR,BOL,"St George's Park, Port Elizabeth",ci:481875,GF Linde,4.0,19,0,cricsheet
44121,2021-22,2022-02-25,2,WPR,BOL,"St George's Park, Port Elizabeth",ci:265564,WD Parnell,4.0,30,0,cricsheet
44121,2021-22,2022-02-25,2,WPR,BOL,"St George's Park, Port Elizabeth",ci:605640,J Dawood,4.0,25,1,cricsheet
44121,2021-22,2022-02-25,2,WPR,BOL,"St George's Park, Port Elizabeth",ci:314991,A Mgijima,3.0,15,2,cricsheet
44126,2021-22,2022-02-27,1,TIT,BOL,"St George's Park, Port Elizabeth",ci:379887,LB Williams,4.0,30,2,cricsheet
44126,2021-22,2022-02-27,1,TIT,BOL,"St George's Park, Port Elizabeth",ci:46942,AM Phangiso,4.0,13,0,cricsheet
44126,2021-22,2022-02-27,1,TIT,BOL,"St George's Park, Port Elizabeth",ci:545467,CJ Dala,3.0,27,0,cricsheet
44126,2021-22,2022-02-27,1,TIT,BOL,"St George's Park, Port Elizabeth",ci:379145,T Shamsi,4.0,20,3,cricsheet
44126,2021-22,2022-02-27,1,TIT,BOL,"St George's Park, Port Elizabeth",ci:1070665,D Brevis,2.0,20,0,cricsheet
44126,2021-22,2022-02-27,1,TIT,BOL,"St George's Park, Port Elizabeth",ci:698315,D Ferreira,1.0,5,0,cricsheet
44126,2021-22,2022-02-27,1,TIT,BOL,"St George's Park, Port Elizabeth",ci:322818,A Gqamane,2.0,23,0,cricsheet
44126,2021-22,2022-02-27,2,BOL,TIT,"St George's Park, Port Elizabeth",ci:596537,Siyabonga Mahima,4.0,22,2,cricsheet
44126,2021-22,2022-02-27,2,BOL,TIT,"St George's Park, Port Elizabeth",ci:437506,I Manack,4.0,14,2,cricsheet
44126,2021-22,2022-02-27,2,BOL,TIT,"St George's Park, Port Elizabeth",ci:375126,GC Viljoen,3.0,14,2,cricsheet
44126,2021-22,2022-02-27,2,BOL,TIT,"St George's Park, Port Elizabeth",ci:393289,S von Berg,4.0,40,1,cricsheet
44126,2021-22,2022-02-27,2,BOL,TIT,"St George's Park, Port Elizabeth",ci:696297,Z Abrahams,3.0,18,0,cricsheet
44126,2021-22,2022-02-27,2,BOL,TIT,"St George's Park, Port Elizabeth",ci:549288,FD Adams,2.0,14,1,cricsheet
53602,2022-23,2022-10-18,1,KNG,WAR,"Senwes Park, Potchefstroom",ci:605683,M Pretorius,4.0,37,1,cricsheet
53602,2022-23,2022-10-18,1,KNG,WAR,"Senwes Park, Potchefstroom",ci:543041,M Budaza,2.0,11,2,cricsheet
53602,2022-23,2022-10-18,1,KNG,WAR,"Senwes Park, Potchefstroom",ci:596010,G Coetzee,4.0,27,0,cricsheet
53602,2022-23,2022-10-18,1,KNG,WAR,"Senwes Park, Potchefstroom",ci:276843,AR Swanepoel,4.0,27,3,cricsheet
53602,2022-23,2022-10-18,1,KNG,WAR,"Senwes Park, Potchefstroom",ci:688143,SA Mothoa,4.0,17,1,cricsheet
53602,2022-23,2022-10-18,1,KNG,WAR,"Senwes Park, Potchefstroom",ci:594329,GJ Snyman,2.0,13,1,cricsheet
53602,2022-23,2022-10-18,2,WAR,KNG,"Senwes Park, Potchefstroom",ci:481803,GA Stuurman,1.5,10,2,cricsheet
53602,2022-23,2022-10-18,2,WAR,KNG,"Senwes Park, Potchefstroom",ci:698319,B Swanepoel,1.0,11,1,cricsheet
53653,2022-23,2022-10-23,1,LIONS,KNG,"Senwes Park, Potchefstroom",ci:488620,T Bokako,4.0,33,1,cricsheet
53653,2022-23,2022-10-23,1,LIONS,KNG,"Senwes Park, Potchefstroom",ci:698189,PWA Mulder,4.0,24,2,cricsheet
53653,2022-23,2022-10-23,1,LIONS,KNG,"Senwes Park, Potchefstroom",ci:605681,E Jones,4.0,22,2,cricsheet
53653,2022-23,2022-10-23,1,LIONS,KNG,"Senwes Park, Potchefstroom",ci:696337,TM Maphaka,2.0,16,1,cricsheet
53653,2022-23,2022-10-23,1,LIONS,KNG,"Senwes Park, Potchefstroom",ci:230861,MP Siboto,4.0,38,2,cricsheet
53653,2022-23,2022-10-23,1,LIONS,KNG,"Senwes Park, Potchefstroom",ci:698143,L Sipamla,2.0,23,1,cricsheet
53700,2022-23,2022-10-28,1,DOL,KNG,"Senwes Park, Potchefstroom",ci:698343,E Bosch,4.0,19,1,cricsheet
53700,2022-23,2022-10-28,1,DOL,KNG,"Senwes Park, Potchefstroom",ci:501907,DM Dupavillon,3.0,23,1,cricsheet
53700,2022-23,2022-10-28,1,DOL,KNG,"Senwes Park, Potchefstroom",ci:535353,OEG Baartman,2.1,13,1,cricsheet
53700,2022-23,2022-10-28,1,DOL,KNG,"Senwes Park, Potchefstroom",ci:280490,JT Smuts,4.0,15,2,cricsheet
53700,2022-23,2022-10-28,1,DOL,KNG,"Senwes Park, Potchefstroom",ci:437438,P Subrayen,4.0,28,2,cricsheet
cs530321,2011-12,2012-02-15,1,WAR,WPR,"St George's Park, Port Elizabeth",ci:46592,M Ntini,4.0,19,2,cricsheet
cs530321,2011-12,2012-02-15,1,WAR,WPR,"St George's Park, Port Elizabeth",ci:432960,SR Harmer,3.0,21,0,cricsheet
cs530321,2011-12,2012-02-15,1,WAR,WPR,"St George's Park, Port Elizabeth",ci:44413,ACR Birch,2.0,17,0,cricsheet
cs530321,2011-12,2012-02-15,1,WAR,WPR,"St George's Park, Port Elizabeth",ci:46512,L Meyer,3.0,32,0,cricsheet
cs530321,2011-12,2012-02-15,1,WAR,WPR,"St George's Park, Port Elizabeth",ci:44091,N Boje,4.0,21,1,cricsheet
cs530321,2011-12,2012-02-15,1,WAR,WPR,"St George's Park, Port Elizabeth",ci:45842,JP Kreusch,2.0,18,0,cricsheet
cs530321,2011-12,2012-02-15,1,WAR,WPR,"St George's Park, Port Elizabeth",ci:327829,KR Smuts,2.0,19,2,cricsheet
cs530321,2011-12,2012-02-15,2,WPR,WAR,"St George's Park, Port Elizabeth",ci:45949,RK Kleinveldt,3.0,19,1,cricsheet
cs530321,2011-12,2012-02-15,2,WPR,WAR,"St George's Park, Port Elizabeth",ci:46945,VD Philander,4.0,29,1,cricsheet
cs530321,2011-12,2012-02-15,2,WPR,WAR,"St George's Park, Port Elizabeth",ci:46075,J Louw,4.0,28,0,cricsheet
cs530321,2011-12,2012-02-15,2,WPR,WAR,"St George's Park, Port Elizabeth",ci:379926,DL Piedt,2.0,15,1,cricsheet
cs530321,2011-12,2012-02-15,2,WPR,WAR,"St George's Park, Port Elizabeth",ci:327831,MY Vallie,4.0,28,2,cricsheet
cs530321,2011-12,2012-02-15,2,WPR,WAR,"St George's Park, Port Elizabeth",ci:45387,AJA Gray,3.0,25,2,cricsheet
cs530323,2011-12,2012-02-17,1,KNG,WPR,"De Beers Diamond Oval, Kimberley",ci:47693,JJ van der Wath,4.0,41,0,cricsheet
cs530323,2011-12,2012-02-17,1,KNG,WPR,"De Beers Diamond Oval, Kimberley",ci:44938,D du Preez,4.0,35,1,cricsheet
cs530323,2011-12,2012-02-17,1,KNG,WPR,"De Beers Diamond Oval, Kimberley",ci:230861,MP Siboto,2.0,17,0,cricsheet
cs530323,2011-12,2012-02-17,1,KNG,WPR,"De Beers Diamond Oval, Kimberley",ci:46393,R McLaren,4.0,28,2,cricsheet
cs530323,2011-12,2012-02-17,1,KNG,WPR,"De Beers Diamond Oval, Kimberley",ci:44660,WL Coetsee,4.0,33,1,cricsheet
cs530323,2011-12,2012-02-17,1,KNG,WPR,"De Beers Diamond Oval, Kimberley",ci:280267,RK Terblanche,2.0,24,0,cricsheet
cs530323,2011-12,2012-02-17,2,WPR,KNG,"De Beers Diamond Oval, Kimberley",ci:45387,AJA Gray,2.0,28,0,cricsheet
cs530323,2011-12,2012-02-17,2,WPR,KNG,"De Beers Diamond Oval, Kimberley",ci:46945,VD Philander,3.0,23,2,cricsheet
cs530323,2011-12,2012-02-17,2,WPR,KNG,"De Beers Diamond Oval, Kimberley",ci:45949,RK Kleinveldt,4.0,39,1,cricsheet
cs530323,2011-12,2012-02-17,2,WPR,KNG,"De Beers Diamond Oval, Kimberley",ci:46075,J Louw,2.0,13,1,cricsheet
cs530323,2011-12,2012-02-17,2,WPR,KNG,"De Beers Diamond Oval, Kimberley",ci:379926,DL Piedt,1.0,11,0,cricsheet
cs530323,2011-12,2012-02-17,2,WPR,KNG,"De Beers Diamond Oval, Kimberley",ci:327831,MY Vallie,1.0,4,1,cricsheet
cs530324,2011-12,2012-02-17,1,IMPI,LIONS,"Senwes Park, Potchefstroom",ci:44019,CJ Alexander,4.0,28,1,cricsheet
cs530324,2011-12,2012-02-17,1,IMPI,LIONS,"Senwes Park, Potchefstroom",ci:282357,P Matshikwe,4.0,40,2,cricsheet
cs530324,2011-12,2012-02-17,1,IMPI,LIONS,"Senwes Park, Potchefstroom",ci:46931,C Pietersen,4.0,29,1,cricsheet
cs530324,2011-12,2012-02-17,1,IMPI,LIONS,"Senwes Park, Potchefstroom",ci:429014,S Simetu,4.0,26,1,cricsheet
cs530324,2011-12,2012-02-17,1,IMPI,LIONS,"Senwes Park, Potchefstroom",ci:281764,R Cameron,4.0,27,2,cricsheet
cs530324,2011-12,2012-02-17,2,LIONS,IMPI,"Senwes Park, Potchefstroom",ci:370961,E O'Reilly,4.0,4,2,cricsheet
cs530324,2011-12,2012-02-17,2,LIONS,IMPI,"Senwes Park, Potchefstroom",ci:439952,CH Morris,4.0,15,1,cricsheet
cs530324,2011-12,2012-02-17,2,LIONS,IMPI,"Senwes Park, Potchefstroom",ci:46942,AM Phangiso,4.0,15,2,cricsheet
cs530324,2011-12,2012-02-17,2,LIONS,IMPI,"Senwes Park, Potchefstroom",ci:46934,AN Petersen,4.0,24,0,cricsheet
cs530324,2011-12,2012-02-17,2,LIONS,IMPI,"Senwes Park, Potchefstroom",ci:44396,S Burger,1.0,11,1,cricsheet
cs530324,2011-12,2012-02-17,2,LIONS,IMPI,"Senwes Park, Potchefstroom",ci:222159,J Symes,1.0,9,0,cricsheet
cs530324,2011-12,2012-02-17,2,LIONS,IMPI,"Senwes Park, Potchefstroom",ci:327830,D Pretorius,1.5,9,2,cricsheet
cs530325,2011-12,2012-02-19,1,IMPI,DOL,"City Oval, Pietermaritzburg",ci:44019,CJ Alexander,4.0,49,0,cricsheet
cs530325,2011-12,2012-02-19,1,IMPI,DOL,"City Oval, Pietermaritzburg",ci:282357,P Matshikwe,4.0,18,3,cricsheet
cs530325,2011-12,2012-02-19,1,IMPI,DOL,"City Oval, Pietermaritzburg",ci:46931,C Pietersen,2.0,14,1,cricsheet
cs530325,2011-12,2012-02-19,1,IMPI,DOL,"City Oval, Pietermaritzburg",ci:318842,K Zondo,3.0,21,0,cricsheet
cs530325,2011-12,2012-02-19,1,IMPI,DOL,"City Oval, Pietermaritzburg",ci:10772,PD Collingwood,4.0,19,1,cricsheet
cs530325,2011-12,2012-02-19,1,IMPI,DOL,"City Oval, Pietermaritzburg",ci:429014,S Simetu,1.0,12,0,cricsheet
cs530325,2011-12,2012-02-19,1,IMPI,DOL,"City Oval, Pietermaritzburg",ci:281764,R Cameron,2.0,17,1,cricsheet
cs530325,2011-12,2012-02-19,2,DOL,IMPI,"City Oval, Pietermaritzburg",ci:297583,KJ Abbott,4.0,25,1,cricsheet
cs530325,2011-12,2012-02-19,2,DOL,IMPI,"City Oval, Pietermaritzburg",ci:230860,M Shezi,4.0,40,0,cricsheet
cs530325,2011-12,2012-02-19,2,DOL,IMPI,"City Oval, Pietermaritzburg",ci:45204,R Frylinck,4.0,28,4,cricsheet
cs530325,2011-12,2012-02-19,2,DOL,IMPI,"City Oval, Pietermaritzburg",ci:40618,Imran Tahir,4.0,19,1,cricsheet
cs530325,2011-12,2012-02-19,2,DOL,IMPI,"City Oval, Pietermaritzburg",ci:45932,I Khan,2.0,14,1,cricsheet
cs530325,2011-12,2012-02-19,2,DOL,IMPI,"City Oval, Pietermaritzburg",ci:322810,CS Delport,2.0,20,0,cricsheet
cs530326,2011-12,2012-02-19,1,KNG,TIT,"SuperSport Park, Centurion",ci:47693,JJ van der Wath,3.0,22,1,cricsheet
cs530326,2011-12,2012-02-19,1,KNG,TIT,"SuperSport Park, Centurion",ci:44938,D du Preez,4.0,45,2,cricsheet
cs530326,2011-12,2012-02-19,1,KNG,TIT,"SuperSport Park, Centurion",ci:280267,RK Terblanche,2.0,26,0,cricsheet
cs530326,2011-12,2012-02-19,1,KNG,TIT,"SuperSport Park, Centurion",ci:46393,R McLaren,4.0,38,0,cricsheet
cs530326,2011-12,2012-02-19,1,KNG,TIT,"SuperSport Park, Centurion",ci:230861,MP Siboto,3.0,15,1,cricsheet
cs530326,2011-12,2012-02-19,1,KNG,TIT,"SuperSport Park, Centurion",ci:44660,WL Coetsee,4.0,16,1,cricsheet
cs530326,2011-12,2012-02-19,2,TIT,KNG,"SuperSport Park, Centurion",ci:47850,RE van der Merwe,3.0,24,0,cricsheet
cs530326,2011-12,2012-02-19,2,TIT,KNG,"SuperSport Park, Centurion",ci:47569,AC Thomas,4.0,17,3,cricsheet
cs530326,2011-12,2012-02-19,2,TIT,KNG,"SuperSport Park, Centurion",ci:266766,CJD de Villiers,3.0,35,1,cricsheet
cs530326,2011-12,2012-02-19,2,TIT,KNG,"SuperSport Park, Centurion",ci:221324,RR Richards,3.2,41,1,cricsheet
cs530326,2011-12,2012-02-19,2,TIT,KNG,"SuperSport Park, Centurion",ci:45568,PL Harris,4.0,31,0,cricsheet
cs530326,2011-12,2012-02-19,2,TIT,KNG,"SuperSport Park, Centurion",ci:44752,H Davids,2.0,17,0,cricsheet
cs530327,2011-12,2012-02-22,1,IMPI,WPR,"Boland Park, Paarl",ci:282357,P Matshikwe,3.0,34,1,cricsheet
cs530327,2011-12,2012-02-22,1,IMPI,WPR,"Boland Park, Paarl",ci:44019,CJ Alexander,4.0,52,1,cricsheet
cs530327,2011-12,2012-02-22,1,IMPI,WPR,"Boland Park, Paarl",ci:5197,BM Edmondson,4.0,40,0,cricsheet
cs530327,2011-12,2012-02-22,1,IMPI,WPR,"Boland Park, Paarl",ci:23460,LJ Wright,4.0,31,0,cricsheet
cs530327,2011-12,2012-02-22,1,IMPI,WPR,"Boland Park, Paarl",ci:429014,S Simetu,4.0,39,2,cricsheet
cs530327,2011-12,2012-02-22,1,IMPI,WPR,"Boland Park, Paarl",ci:10772,PD Collingwood,1.0,14,0,cricsheet
cs530327,2011-12,2012-02-22,2,WPR,IMPI,"Boland Park, Paarl",ci:45963,CK Langeveldt,4.0,39,0,cricsheet
cs530327,2011-12,2012-02-22,2,WPR,IMPI,"Boland Park, Paarl",ci:46945,VD Philander,4.0,32,0,cricsheet
cs530327,2011-12,2012-02-22,2,WPR,IMPI,"Boland Park, Paarl",ci:46075,J Louw,3.0,22,2,cricsheet
cs530327,2011-12,2012-02-22,2,WPR,IMPI,"Boland Park, Paarl",ci:267479,S van Zyl,1.0,7,0,cricsheet
cs530327,2011-12,2012-02-22,2,WPR,IMPI,"Boland Park, Paarl",ci:379926,DL Piedt,3.0,26,2,cricsheet
cs530327,2011-12,2012-02-22,2,WPR,IMPI,"Boland Park, Paarl",ci:45387,AJA Gray,3.0,23,1,cricsheet
cs530327,2011-12,2012-02-22,2,WPR,IMPI,"Boland Park, Paarl",ci:327831,MY Vallie,2.0,20,1,cricsheet
cs530328,2011-12,2012-02-22,1,LIONS,WAR,"St George's Park, Port Elizabeth",ci:370961,E O'Reilly,3.0,23,1,cricsheet
cs530328,2011-12,2012-02-22,1,LIONS,WAR,"St George's Park, Port Elizabeth",ci:439952,CH Morris,4.0,19,2,cricsheet
cs530328,2011-12,2012-02-22,1,LIONS,WAR,"St George's Park, Port Elizabeth",ci:44396,S Burger,1.0,9,0,cricsheet
cs530328,2011-12,2012-02-22,1,LIONS,WAR,"St George's Park, Port Elizabeth",ci:46942,AM Phangiso,4.0,18,1,cricsheet
cs530328,2011-12,2012-02-22,1,LIONS,WAR,"St George's Park, Port Elizabeth",ci:222159,J Symes,4.0,37,2,cricsheet
cs530328,2011-12,2012-02-22,1,LIONS,WAR,"St George's Park, Port Elizabeth",ci:327830,D Pretorius,2.0,18,0,cricsheet
cs530328,2011-12,2012-02-22,1,LIONS,WAR,"St George's Park, Port Elizabeth",ci:46934,AN Petersen,2.0,9,1,cricsheet
cs530328,2011-12,2012-02-22,2,WAR,LIONS,"St George's Park, Port Elizabeth",ci:46592,M Ntini,3.5,32,1,cricsheet
cs530328,2011-12,2012-02-22,2,WAR,LIONS,"St George's Park, Port Elizabeth",ci:316909,BD Walters,2.0,15,0,cricsheet
cs530328,2011-12,2012-02-22,2,WAR,LIONS,"St George's Park, Port Elizabeth",ci:44413,ACR Birch,4.0,22,0,cricsheet
cs530328,2011-12,2012-02-22,2,WAR,LIONS,"St George's Park, Port Elizabeth",ci:44091,N Boje,2.0,14,0,cricsheet
cs530328,2011-12,2012-02-22,2,WAR,LIONS,"St George's Park, Port Elizabeth",ci:280490,JT Smuts,1.0,18,0,cricsheet
cs530328,2011-12,2012-02-22,2,WAR,LIONS,"St George's Park, Port Elizabeth",ci:432960,SR Harmer,4.0,19,1,cricsheet
cs530328,2011-12,2012-02-22,2,WAR,LIONS,"St George's Park, Port Elizabeth",ci:327829,KR Smuts,2.0,15,0,cricsheet
cs530330,2011-12,2012-02-24,1,TIT,DOL,"Kingsmead, Durban",ci:47569,AC Thomas,4.0,21,1,cricsheet
cs530330,2011-12,2012-02-24,1,TIT,DOL,"Kingsmead, Durban",ci:221324,RR Richards,2.0,27,0,cricsheet
cs530330,2011-12,2012-02-24,1,TIT,DOL,"Kingsmead, Durban",ci:266766,CJD de Villiers,4.0,42,2,cricsheet
cs530330,2011-12,2012-02-24,1,TIT,DOL,"Kingsmead, Durban",ci:44752,H Davids,3.0,22,1,cricsheet
cs530330,2011-12,2012-02-24,1,TIT,DOL,"Kingsmead, Durban",ci:393273,ER Links,4.0,25,0,cricsheet
cs530330,2011-12,2012-02-24,1,TIT,DOL,"Kingsmead, Durban",ci:47850,RE van der Merwe,3.0,18,0,cricsheet
cs530330,2011-12,2012-02-24,2,DOL,TIT,"Kingsmead, Durban",ci:230860,M Shezi,4.0,32,1,cricsheet
cs530330,2011-12,2012-02-24,2,DOL,TIT,"Kingsmead, Durban",ci:297583,KJ Abbott,4.0,25,1,cricsheet
cs530330,2011-12,2012-02-24,2,DOL,TIT,"Kingsmead, Durban",ci:45204,R Frylinck,4.0,28,1,cricsheet
cs530330,2011-12,2012-02-24,2,DOL,TIT,"Kingsmead, Durban",ci:322810,CS Delport,4.0,42,1,cricsheet
cs530330,2011-12,2012-02-24,2,DOL,TIT,"Kingsmead, Durban",ci:40618,Imran Tahir,4.0,35,0,cricsheet
cs530332,2011-12,2012-02-24,1,LIONS,WPR,"New Wanderers Stadium, Johannesburg",ci:370961,E O'Reilly,4.0,26,2,cricsheet
cs530332,2011-12,2012-02-24,1,LIONS,WPR,"New Wanderers Stadium, Johannesburg",ci:439952,CH Morris,4.0,43,2,cricsheet
cs530332,2011-12,2012-02-24,1,LIONS,WPR,"New Wanderers Stadium, Johannesburg",ci:327830,D Pretorius,3.0,33,0,cricsheet
cs530332,2011-12,2012-02-24,1,LIONS,WPR,"New Wanderers Stadium, Johannesburg",ci:46942,AM Phangiso,4.0,25,0,cricsheet
cs530332,2011-12,2012-02-24,1,LIONS,WPR,"New Wanderers Stadium, Johannesburg",ci:222159,J Symes,3.0,23,1,cricsheet
cs530332,2011-12,2012-02-24,1,LIONS,WPR,"New Wanderers Stadium, Johannesburg",ci:44396,S Burger,2.0,19,0,cricsheet
cs530332,2011-12,2012-02-24,2,WPR,LIONS,"New Wanderers Stadium, Johannesburg",ci:46945,VD Philander,4.0,46,1,cricsheet
cs530332,2011-12,2012-02-24,2,WPR,LIONS,"New Wanderers Stadium, Johannesburg",ci:45949,RK Kleinveldt,3.0,37,1,cricsheet
cs530332,2011-12,2012-02-24,2,WPR,LIONS,"New Wanderers Stadium, Johannesburg",ci:379926,DL Piedt,4.0,24,3,cricsheet
cs530332,2011-12,2012-02-24,2,WPR,LIONS,"New Wanderers Stadium, Johannesburg",ci:327831,MY Vallie,4.0,26,0,cricsheet
cs530332,2011-12,2012-02-24,2,WPR,LIONS,"New Wanderers Stadium, Johannesburg",ci:20123,OA Shah,1.0,9,0,cricsheet
cs530332,2011-12,2012-02-24,2,WPR,LIONS,"New Wanderers Stadium, Johannesburg",ci:267479,S van Zyl,2.0,14,1,cricsheet
cs530332,2011-12,2012-02-24,2,WPR,LIONS,"New Wanderers Stadium, Johannesburg",ci:46075,J Louw,1.2,20,1,cricsheet
cs530334,2011-12,2012-02-26,1,KNG,LIONS,"Chevrolet Park, Bloemfontein",ci:47693,JJ van der Wath,3.0,19,1,cricsheet
cs530334,2011-12,2012-02-26,1,KNG,LIONS,"Chevrolet Park, Bloemfontein",ci:44938,D du Preez,2.0,10,1,cricsheet
cs530334,2011-12,2012-02-26,1,KNG,LIONS,"Chevrolet Park, Bloemfontein",ci:46393,R McLaren,3.0,19,0,cricsheet
cs530334,2011-12,2012-02-26,1,KNG,LIONS,"Chevrolet Park, Bloemfontein",ci:230861,MP Siboto,4.0,30,0,cricsheet
cs530334,2011-12,2012-02-26,1,KNG,LIONS,"Chevrolet Park, Bloemfontein",ci:276843,AR Swanepoel,4.0,30,0,cricsheet
cs530334,2011-12,2012-02-26,1,KNG,LIONS,"Chevrolet Park, Bloemfontein",ci:44660,WL Coetsee,4.0,21,1,cricsheet
cs530334,2011-12,2012-02-26,2,LIONS,KNG,"Chevrolet Park, Bloemfontein",ci:370961,E O'Reilly,3.3,27,0,cricsheet
cs530334,2011-12,2012-02-26,2,LIONS,KNG,"Chevrolet Park, Bloemfontein",ci:439952,CH Morris,3.0,21,0,cricsheet
cs530334,2011-12,2012-02-26,2,LIONS,KNG,"Chevrolet Park, Bloemfontein",ci:44396,S Burger,1.0,23,0,cricsheet
cs530334,2011-12,2012-02-26,2,LIONS,KNG,"Chevrolet Park, Bloemfontein",ci:46942,AM Phangiso,4.0,33,0,cricsheet
cs530334,2011-12,2012-02-26,2,LIONS,KNG,"Chevrolet Park, Bloemfontein",ci:46934,AN Petersen,2.0,12,1,cricsheet
cs530334,2011-12,2012-02-26,2,LIONS,KNG,"Chevrolet Park, Bloemfontein",ci:222159,J Symes,2.0,15,1,cricsheet
cs530335,2011-12,2012-02-26,1,TIT,IMPI,"Willowmoore Park, Benoni",ci:47569,AC Thomas,3.4,18,1,cricsheet
cs530335,2011-12,2012-02-26,1,TIT,IMPI,"Willowmoore Park, Benoni",ci:47850,RE van der Merwe,4.0,28,3,cricsheet
cs530335,2011-12,2012-02-26,1,TIT,IMPI,"Willowmoore Park, Benoni",ci:266766,CJD de Villiers,2.0,20,1,cricsheet
cs530335,2011-12,2012-02-26,1,TIT,IMPI,"Willowmoore Park, Benoni",ci:221324,RR Richards,2.0,17,0,cricsheet
cs530335,2011-12,2012-02-26,1,TIT,IMPI,"Willowmoore Park, Benoni",ci:393273,ER Links,4.0,21,2,cricsheet
cs530335,2011-12,2012-02-26,1,TIT,IMPI,"Willowmoore Park, Benoni",ci:44752,H Davids,1.0,14,0,cricsheet
cs530335,2011-12,2012-02-26,1,TIT,IMPI,"Willowmoore Park, Benoni",ci:221140,D Wiese,3.0,13,1,cricsheet
cs530335,2011-12,2012-02-26,2,IMPI,TIT,"Willowmoore Park, Benoni",ci:429014,S Simetu,4.0,23,0,cricsheet
cs530335,2011-12,2012-02-26,2,IMPI,TIT,"Willowmoore Park, Benoni",ci:5197,BM Edmondson,2.0,24,0,cricsheet
cs530335,2011-12,2012-02-26,2,IMPI,TIT,"Willowmoore Park, Benoni",ci:23460,LJ Wright,2.0,26,0,cricsheet
cs530335,2011-12,2012-02-26,2,IMPI,TIT,"Willowmoore Park, Benoni",ci:282357,P Matshikwe,2.0,17,0,cricsheet
cs530335,2011-12,2012-02-26,2,IMPI,TIT,"Willowmoore Park, Benoni",ci:10772,PD Collingwood,2.0,14,0,cricsheet
cs530335,2011-12,2012-02-26,2,IMPI,TIT,"Willowmoore Park, Benoni",ci:318842,K Zondo,2.4,26,1,cricsheet
cs530335,2011-12,2012-02-26,2,IMPI,TIT,"Willowmoore Park, Benoni",ci:47660,RN ten Doeschate,1.0,6,0,cricsheet
cs530336,2011-12,2012-02-29,1,IMPI,WAR,"Willowmoore Park, Benoni",ci:429014,S Simetu,3.0,22,0,cricsheet
cs530336,2011-12,2012-02-29,1,IMPI,WAR,"Willowmoore Park, Benoni",ci:45197,Q Friend,4.0,23,0,cricsheet
cs530336,2011-12,2012-02-29,1,IMPI,WAR,"Willowmoore Park, Benoni",ci:282357,P Matshikwe,3.0,34,0,cricsheet
cs530336,2011-12,2012-02-29,1,IMPI,WAR,"Willowmoore Park, Benoni",ci:5197,BM Edmondson,4.0,39,1,cricsheet
cs530336,2011-12,2012-02-29,1,IMPI,WAR,"Willowmoore Park, Benoni",ci:10772,PD Collingwood,3.0,25,0,cricsheet
cs530336,2011-12,2012-02-29,1,IMPI,WAR,"Willowmoore Park, Benoni",ci:23460,LJ Wright,2.0,21,1,cricsheet
cs530336,2011-12,2012-02-29,1,IMPI,WAR,"Willowmoore Park, Benoni",ci:318842,K Zondo,1.0,15,0,cricsheet
cs530336,2011-12,2012-02-29,2,WAR,IMPI,"Willowmoore Park, Benoni",ci:432960,SR Harmer,2.0,22,0,cricsheet
cs530336,2011-12,2012-02-29,2,WAR,IMPI,"Willowmoore Park, Benoni",ci:46592,M Ntini,4.0,38,2,cricsheet
cs530336,2011-12,2012-02-29,2,WAR,IMPI,"Willowmoore Park, Benoni",ci:223642,J Theron,4.0,24,0,cricsheet
cs530336,2011-12,2012-02-29,2,WAR,IMPI,"Willowmoore Park, Benoni",ci:44413,ACR Birch,4.0,21,2,cricsheet
cs530336,2011-12,2012-02-29,2,WAR,IMPI,"Willowmoore Park, Benoni",ci:44091,N Boje,4.0,25,1,cricsheet
cs530336,2011-12,2012-02-29,2,WAR,IMPI,"Willowmoore Park, Benoni",ci:45705,CA Ingram,2.0,16,1,cricsheet
cs530339,2011-12,2012-03-02,1,WAR,DOL,"Kingsmead, Durban",ci:432960,SR Harmer,4.0,25,1,cricsheet
cs530339,2011-12,2012-03-02,1,WAR,DOL,"Kingsmead, Durban",ci:46592,M Ntini,4.0,12,3,cricsheet
cs530339,2011-12,2012-03-02,1,WAR,DOL,"Kingsmead, Durban",ci:223642,J Theron,4.0,14,1,cricsheet
cs530339,2011-12,2012-03-02,1,WAR,DOL,"Kingsmead, Durban",ci:44413,ACR Birch,4.0,20,2,cricsheet
cs530339,2011-12,2012-03-02,1,WAR,DOL,"Kingsmead, Durban",ci:44091,N Boje,3.0,12,1,cricsheet
cs530339,2011-12,2012-03-02,1,WAR,DOL,"Kingsmead, Durban",ci:327829,KR Smuts,1.0,13,0,cricsheet
cs530339,2011-12,2012-03-02,2,DOL,WAR,"Kingsmead, Durban",ci:51782,FH Edwards,3.0,15,0,cricsheet
cs530339,2011-12,2012-03-02,2,DOL,WAR,"Kingsmead, Durban",ci:230860,M Shezi,4.0,21,0,cricsheet
cs530339,2011-12,2012-03-02,2,DOL,WAR,"Kingsmead, Durban",ci:45204,R Frylinck,4.0,36,0,cricsheet
cs530339,2011-12,2012-03-02,2,DOL,WAR,"Kingsmead, Durban",ci:297583,KJ Abbott,2.3,19,0,cricsheet
cs530339,2011-12,2012-03-02,2,DOL,WAR,"Kingsmead, Durban",ci:45932,I Khan,1.0,9,0,cricsheet
cs530340,2011-12,2012-03-02,1,LIONS,TIT,"SuperSport Park, Centurion",ci:370961,E O'Reilly,4.0,28,2,cricsheet
cs530340,2011-12,2012-03-02,1,LIONS,TIT,"SuperSport Park, Centurion",ci:6981,DP Nannes,3.1,12,3,cricsheet
cs530340,2011-12,2012-03-02,1,LIONS,TIT,"SuperSport Park, Centurion",ci:439952,CH Morris,4.0,18,3,cricsheet
cs530340,2011-12,2012-03-02,1,LIONS,TIT,"SuperSport Park, Centurion",ci:46942,AM Phangiso,4.0,23,0,cricsheet
cs530340,2011-12,2012-03-02,1,LIONS,TIT,"SuperSport Park, Centurion",ci:327830,D Pretorius,3.0,21,2,cricsheet
cs530340,2011-12,2012-03-02,1,LIONS,TIT,"SuperSport Park, Centurion",ci:222159,J Symes,1.0,14,0,cricsheet
cs530340,2011-12,2012-03-02,2,TIT,LIONS,"SuperSport Park, Centurion",ci:47569,AC Thomas,2.3,20,0,cricsheet
cs530340,2011-12,2012-03-02,2,TIT,LIONS,"SuperSport Park, Centurion",ci:46526,NE Mbhalati,3.0,27,1,cricsheet
cs530340,2011-12,2012-03-02,2,TIT,LIONS,"SuperSport Park, Centurion",ci:266766,CJD de Villiers,3.0,23,0,cricsheet
cs530340,2011-12,2012-03-02,2,TIT,LIONS,"SuperSport Park, Centurion",ci:393273,ER Links,1.0,10,0,cricsheet
cs530340,2011-12,2012-03-02,2,TIT,LIONS,"SuperSport Park, Centurion",ci:221140,D Wiese,1.0,13,1,cricsheet
cs530340,2011-12,2012-03-02,2,TIT,LIONS,"SuperSport Park, Centurion",ci:47850,RE van der Merwe,1.0,8,1,cricsheet
cs530340,2011-12,2012-03-02,2,TIT,LIONS,"SuperSport Park, Centurion",ci:44752,H Davids,1.0,18,0,cricsheet
cs530341,2011-12,2012-03-04,1,TIT,WPR,"Newlands, Cape Town",ci:47569,AC Thomas,4.0,32,2,cricsheet
cs530341,2011-12,2012-03-04,1,TIT,WPR,"Newlands, Cape Town",ci:393273,ER Links,4.0,22,1,cricsheet
cs530341,2011-12,2012-03-04,1,TIT,WPR,"Newlands, Cape Town",ci:266766,CJD de Villiers,1.0,16,0,cricsheet
cs530341,2011-12,2012-03-04,1,TIT,WPR,"Newlands, Cape Town",ci:47850,RE van der Merwe,4.0,19,1,cricsheet
cs530341,2011-12,2012-03-04,1,TIT,WPR,"Newlands, Cape Town",ci:44752,H Davids,3.0,18,0,cricsheet
cs530341,2011-12,2012-03-04,1,TIT,WPR,"Newlands, Cape Town",ci:221140,D Wiese,3.0,24,1,cricsheet
cs530341,2011-12,2012-03-04,1,TIT,WPR,"Newlands, Cape Town",ci:46526,NE Mbhalati,1.0,6,0,cricsheet
cs530341,2011-12,2012-03-04,2,WPR,TIT,"Newlands, Cape Town",ci:379926,DL Piedt,4.0,20,0,cricsheet
cs530341,2011-12,2012-03-04,2,WPR,TIT,"Newlands, Cape Town",ci:45949,RK Kleinveldt,3.0,25,0,cricsheet
cs530341,2011-12,2012-03-04,2,WPR,TIT,"Newlands, Cape Town",ci:45963,CK Langeveldt,3.1,42,1,cricsheet
cs530341,2011-12,2012-03-04,2,WPR,TIT,"Newlands, Cape Town",ci:5681,GB Hogg,4.0,22,2,cricsheet
cs530341,2011-12,2012-03-04,2,WPR,TIT,"Newlands, Cape Town",ci:45387,AJA Gray,4.0,18,1,cricsheet
cs530341,2011-12,2012-03-04,2,WPR,TIT,"Newlands, Cape Town",ci:327831,MY Vallie,1.0,16,0,cricsheet
cs530345,2011-12,2012-03-07,1,LIONS,KNG,"Senwes Park, Potchefstroom",ci:370961,E O'Reilly,2.0,11,0,cricsheet
cs530345,2011-12,2012-03-07,1,LIONS,KNG,"Senwes Park, Potchefstroom",ci:6981,DP Nannes,4.0,43,1,cricsheet
cs530345,2011-12,2012-03-07,1,LIONS,KNG,"Senwes Park, Potchefstroom",ci:43265,Sohail Tanvir,3.0,20,0,cricsheet
cs530345,2011-12,2012-03-07,1,LIONS,KNG,"Senwes Park, Potchefstroom",ci:46942,AM Phangiso,4.0,30,2,cricsheet
cs530345,2011-12,2012-03-07,1,LIONS,KNG,"Senwes Park, Potchefstroom",ci:439952,CH Morris,4.0,22,4,cricsheet
cs530345,2011-12,2012-03-07,1,LIONS,KNG,"Senwes Park, Potchefstroom",ci:222159,J Symes,1.0,6,1,cricsheet
cs530345,2011-12,2012-03-07,2,KNG,LIONS,"Senwes Park, Potchefstroom",ci:44667,J Coetzee,2.2,20,1,cricsheet
cs530345,2011-12,2012-03-07,2,KNG,LIONS,"Senwes Park, Potchefstroom",ci:47693,JJ van der Wath,2.0,6,0,cricsheet
cs530345,2011-12,2012-03-07,2,KNG,LIONS,"Senwes Park, Potchefstroom",ci:46393,R McLaren,3.0,21,0,cricsheet
cs530345,2011-12,2012-03-07,2,KNG,LIONS,"Senwes Park, Potchefstroom",ci:230861,MP Siboto,2.0,11,1,cricsheet
cs530345,2011-12,2012-03-07,2,KNG,LIONS,"Senwes Park, Potchefstroom",ci:44660,WL Coetsee,2.0,30,0,cricsheet
cs530346,2011-12,2012-03-09,1,LIONS,WPR,"Newlands, Cape Town",ci:43265,Sohail Tanvir,4.0,34,0,cricsheet
cs530346,2011-12,2012-03-09,1,LIONS,WPR,"Newlands, Cape Town",ci:6981,DP Nannes,4.0,48,1,cricsheet
cs530346,2011-12,2012-03-09,1,LIONS,WPR,"Newlands, Cape Town",ci:439952,CH Morris,4.0,39,1,cricsheet
cs530346,2011-12,2012-03-09,1,LIONS,WPR,"Newlands, Cape Town",ci:46942,AM Phangiso,4.0,22,0,cricsheet
cs530346,2011-12,2012-03-09,1,LIONS,WPR,"Newlands, Cape Town",ci:327830,D Pretorius,1.0,11,0,cricsheet
cs530346,2011-12,2012-03-09,1,LIONS,WPR,"Newlands, Cape Town",ci:222159,J Symes,3.0,24,1,cricsheet
cs530346,2011-12,2012-03-09,2,WPR,LIONS,"Newlands, Cape Town",ci:45949,RK Kleinveldt,3.0,25,0,cricsheet
cs530346,2011-12,2012-03-09,2,WPR,LIONS,"Newlands, Cape Town",ci:45963,CK Langeveldt,3.0,33,1,cricsheet
cs530346,2011-12,2012-03-09,2,WPR,LIONS,"Newlands, Cape Town",ci:379926,DL Piedt,3.0,28,0,cricsheet
cs530346,2011-12,2012-03-09,2,WPR,LIONS,"Newlands, Cape Town",ci:5681,GB Hogg,4.0,25,1,cricsheet
cs530346,2011-12,2012-03-09,2,WPR,LIONS,"Newlands, Cape Town",ci:45797,JM Kemp,3.0,43,0,cricsheet
cs530346,2011-12,2012-03-09,2,WPR,LIONS,"Newlands, Cape Town",ci:45387,AJA Gray,4.0,20,3,cricsheet
cs530349,2011-12,2012-03-11,1,WPR,KNG,"Boland Park, Paarl",ci:379926,DL Piedt,4.0,25,0,cricsheet
cs530349,2011-12,2012-03-11,1,WPR,KNG,"Boland Park, Paarl",ci:45949,RK Kleinveldt,2.0,21,0,cricsheet
cs530349,2011-12,2012-03-11,1,WPR,KNG,"Boland Park, Paarl",ci:45963,CK Langeveldt,4.0,36,1,cricsheet
cs530349,2011-12,2012-03-11,1,WPR,KNG,"Boland Park, Paarl",ci:5681,GB Hogg,4.0,28,2,cricsheet
cs530349,2011-12,2012-03-11,1,WPR,KNG,"Boland Park, Paarl",ci:45387,AJA Gray,4.0,27,2,cricsheet
cs530349,2011-12,2012-03-11,1,WPR,KNG,"Boland Park, Paarl",ci:45797,JM Kemp,2.0,16,1,cricsheet
cs530349,2011-12,2012-03-11,2,KNG,WPR,"Boland Park, Paarl",ci:44667,J Coetzee,3.4,25,0,cricsheet
cs530349,2011-12,2012-03-11,2,KNG,WPR,"Boland Park, Paarl",ci:230861,MP Siboto,3.0,16,0,cricsheet
cs530349,2011-12,2012-03-11,2,KNG,WPR,"Boland Park, Paarl",ci:44938,D du Preez,4.0,33,1,cricsheet
cs530349,2011-12,2012-03-11,2,KNG,WPR,"Boland Park, Paarl",ci:46393,R McLaren,3.0,21,1,cricsheet
cs530349,2011-12,2012-03-11,2,KNG,WPR,"Boland Park, Paarl",ci:276843,AR Swanepoel,3.0,41,0,cricsheet
cs530349,2011-12,2012-03-11,2,KNG,WPR,"Boland Park, Paarl",ci:44660,WL Coetsee,2.0,21,2,cricsheet
cs530351,2011-12,2012-03-11,1,TIT,LIONS,"New Wanderers Stadium, Johannesburg",ci:46526,NE Mbhalati,1.0,10,0,cricsheet
cs530351,2011-12,2012-03-11,1,TIT,LIONS,"New Wanderers Stadium, Johannesburg",ci:47569,AC Thomas,4.0,24,0,cricsheet
cs530351,2011-12,2012-03-11,1,TIT,LIONS,"New Wanderers Stadium, Johannesburg",ci:393273,ER Links,2.0,22,0,cricsheet
cs530351,2011-12,2012-03-11,1,TIT,LIONS,"New Wanderers Stadium, Johannesburg",ci:46248,JA Morkel,3.0,22,1,cricsheet
cs530351,2011-12,2012-03-11,1,TIT,LIONS,"New Wanderers Stadium, Johannesburg",ci:47850,RE van der Merwe,4.0,40,0,cricsheet
cs530351,2011-12,2012-03-11,1,TIT,LIONS,"New Wanderers Stadium, Johannesburg",ci:221140,D Wiese,2.0,13,0,cricsheet
cs530351,2011-12,2012-03-11,1,TIT,LIONS,"New Wanderers Stadium, Johannesburg",ci:44828,F du Plessis,4.0,28,5,cricsheet
cs530351,2011-12,2012-03-11,2,LIONS,TIT,"New Wanderers Stadium, Johannesburg",ci:43265,Sohail Tanvir,4.0,26,1,cricsheet
cs530351,2011-12,2012-03-11,2,LIONS,TIT,"New Wanderers Stadium, Johannesburg",ci:6981,DP Nannes,4.0,29,1,cricsheet
cs530351,2011-12,2012-03-11,2,LIONS,TIT,"New Wanderers Stadium, Johannesburg",ci:439952,CH Morris,4.0,24,4,cricsheet
cs530351,2011-12,2012-03-11,2,LIONS,TIT,"New Wanderers Stadium, Johannesburg",ci:46942,AM Phangiso,4.0,26,1,cricsheet
cs530351,2011-12,2012-03-11,2,LIONS,TIT,"New Wanderers Stadium, Johannesburg",ci:327830,D Pretorius,4.0,40,2,cricsheet
cs530352,2011-12,2012-03-14,1,DOL,KNG,"Kingsmead, Durban",ci:297583,KJ Abbott,4.0,22,1,cricsheet
cs530352,2011-12,2012-03-14,1,DOL,KNG,"Kingsmead, Durban",ci:51782,FH Edwards,2.0,23,0,cricsheet
cs530352,2011-12,2012-03-14,1,DOL,KNG,"Kingsmead, Durban",ci:45204,R Frylinck,3.0,30,0,cricsheet
cs530352,2011-12,2012-03-14,1,DOL,KNG,"Kingsmead, Durban",ci:322810,CS Delport,4.0,19,1,cricsheet
cs530352,2011-12,2012-03-14,1,DOL,KNG,"Kingsmead, Durban",ci:45932,I Khan,3.0,21,4,cricsheet
cs530352,2011-12,2012-03-14,1,DOL,KNG,"Kingsmead, Durban",ci:437438,P Subrayen,4.0,13,2,cricsheet
cs530352,2011-12,2012-03-14,2,KNG,DOL,"Kingsmead, Durban",ci:230861,MP Siboto,3.0,11,0,cricsheet
cs530352,2011-12,2012-03-14,2,KNG,DOL,"Kingsmead, Durban",ci:47693,JJ van der Wath,3.0,11,0,cricsheet
cs530352,2011-12,2012-03-14,2,KNG,DOL,"Kingsmead, Durban",ci:46393,R McLaren,3.0,22,1,cricsheet
cs530352,2011-12,2012-03-14,2,KNG,DOL,"Kingsmead, Durban",ci:44660,WL Coetsee,2.0,10,1,cricsheet
cs530352,2011-12,2012-03-14,2,KNG,DOL,"Kingsmead, Durban",ci:276843,AR Swanepoel,1.0,6,0,cricsheet
cs530352,2011-12,2012-03-14,2,KNG,DOL,"Kingsmead, Durban",ci:44667,J Coetzee,1.5,13,2,cricsheet
cs530353,2011-12,2012-03-14,1,WAR,LIONS,"New Wanderers Stadium, Johannesburg",ci:223642,J Theron,4.0,32,1,cricsheet
cs530353,2011-12,2012-03-14,1,WAR,LIONS,"New Wanderers Stadium, Johannesburg",ci:46592,M Ntini,3.0,32,1,cricsheet
cs530353,2011-12,2012-03-14,1,WAR,LIONS,"New Wanderers Stadium, Johannesburg",ci:44149,J Botha,4.0,42,0,cricsheet
cs530353,2011-12,2012-03-14,1,WAR,LIONS,"New Wanderers Stadium, Johannesburg",ci:265564,WD Parnell,4.0,44,2,cricsheet
cs530353,2011-12,2012-03-14,1,WAR,LIONS,"New Wanderers Stadium, Johannesburg",ci:44091,N Boje,3.0,31,1,cricsheet
cs530353,2011-12,2012-03-14,1,WAR,LIONS,"New Wanderers Stadium, Johannesburg",ci:280490,JT Smuts,2.0,13,0,cricsheet
cs530353,2011-12,2012-03-14,2,LIONS,WAR,"New Wanderers Stadium, Johannesburg",ci:6981,DP Nannes,3.0,9,2,cricsheet
cs530353,2011-12,2012-03-14,2,LIONS,WAR,"New Wanderers Stadium, Johannesburg",ci:43265,Sohail Tanvir,2.0,12,0,cricsheet
cs530353,2011-12,2012-03-14,2,LIONS,WAR,"New Wanderers Stadium, Johannesburg",ci:439952,CH Morris,2.0,7,2,cricsheet
cs530353,2011-12,2012-03-14,2,LIONS,WAR,"New Wanderers Stadium, Johannesburg",ci:46942,AM Phangiso,3.0,30,2,cricsheet
cs530353,2011-12,2012-03-14,2,LIONS,WAR,"New Wanderers Stadium, Johannesburg",ci:327830,D Pretorius,3.0,17,1,cricsheet
cs530353,2011-12,2012-03-14,2,LIONS,WAR,"New Wanderers Stadium, Johannesburg",ci:222159,J Symes,1.2,5,3,cricsheet
cs530354,2011-12,2012-03-14,1,TIT,IMPI,"SuperSport Park, Centurion",ci:47850,RE van der Merwe,4.0,11,2,cricsheet
cs530354,2011-12,2012-03-14,1,TIT,IMPI,"SuperSport Park, Centurion",ci:47569,AC Thomas,4.0,32,2,cricsheet
cs530354,2011-12,2012-03-14,1,TIT,IMPI,"SuperSport Park, Centurion",ci:46526,NE Mbhalati,4.0,23,0,cricsheet
cs530354,2011-12,2012-03-14,1,TIT,IMPI,"SuperSport Park, Centurion",ci:46248,JA Morkel,4.0,22,2,cricsheet
cs530354,2011-12,2012-03-14,1,TIT,IMPI,"SuperSport Park, Centurion",ci:44828,F du Plessis,3.0,32,0,cricsheet
cs530354,2011-12,2012-03-14,1,TIT,IMPI,"SuperSport Park, Centurion",ci:221140,D Wiese,1.0,5,0,cricsheet
cs530354,2011-12,2012-03-14,2,IMPI,TIT,"SuperSport Park, Centurion",ci:45197,Q Friend,2.0,15,0,cricsheet
cs530354,2011-12,2012-03-14,2,IMPI,TIT,"SuperSport Park, Centurion",ci:429014,S Simetu,4.0,36,1,cricsheet
cs530354,2011-12,2012-03-14,2,IMPI,TIT,"SuperSport Park, Centurion",ci:44019,CJ Alexander,1.0,10,0,cricsheet
cs530354,2011-12,2012-03-14,2,IMPI,TIT,"SuperSport Park, Centurion",ci:5197,BM Edmondson,3.0,11,1,cricsheet
cs530354,2011-12,2012-03-14,2,IMPI,TIT,"SuperSport Park, Centurion",ci:23460,LJ Wright,2.0,20,0,cricsheet
cs530354,2011-12,2012-03-14,2,IMPI,TIT,"SuperSport Park, Centurion",ci:10772,PD Collingwood,3.0,35,2,cricsheet
cs530355,2011-12,2012-03-16,1,WPR,WAR,"Newlands, Cape Town",ci:379927,BE Hendricks,4.0,29,0,cricsheet
cs530355,2011-12,2012-03-16,1,WPR,WAR,"Newlands, Cape Town",ci:549288,FD Adams,2.0,16,0,cricsheet
cs530355,2011-12,2012-03-16,1,WPR,WAR,"Newlands, Cape Town",ci:5681,GB Hogg,4.0,33,4,cricsheet
cs530355,2011-12,2012-03-16,1,WPR,WAR,"Newlands, Cape Town",ci:379926,DL Piedt,4.0,30,0,cricsheet
cs530355,2011-12,2012-03-16,1,WPR,WAR,"Newlands, Cape Town",ci:45387,AJA Gray,4.0,32,1,cricsheet
cs530355,2011-12,2012-03-16,1,WPR,WAR,"Newlands, Cape Town",ci:45797,JM Kemp,2.0,9,1,cricsheet
cs530355,2011-12,2012-03-16,2,WAR,WPR,"Newlands, Cape Town",ci:223642,J Theron,3.0,14,2,cricsheet
cs530355,2011-12,2012-03-16,2,WAR,WPR,"Newlands, Cape Town",ci:46592,M Ntini,3.0,27,1,cricsheet
cs530355,2011-12,2012-03-16,2,WAR,WPR,"Newlands, Cape Town",ci:265564,WD Parnell,3.0,17,2,cricsheet
cs530355,2011-12,2012-03-16,2,WAR,WPR,"Newlands, Cape Town",ci:44149,J Botha,4.0,9,2,cricsheet
cs530355,2011-12,2012-03-16,2,WAR,WPR,"Newlands, Cape Town",ci:44413,ACR Birch,4.0,27,2,cricsheet
cs530355,2011-12,2012-03-16,2,WAR,WPR,"Newlands, Cape Town",ci:280490,JT Smuts,1.5,8,1,cricsheet
cs530356,2011-12,2012-03-16,1,KNG,IMPI,"De Beers Diamond Oval, Kimberley",ci:230861,MP Siboto,2.0,22,0,cricsheet
cs530356,2011-12,2012-03-16,1,KNG,IMPI,"De Beers Diamond Oval, Kimberley",ci:47693,JJ van der Wath,4.0,22,2,cricsheet
cs530356,2011-12,2012-03-16,1,KNG,IMPI,"De Beers Diamond Oval, Kimberley",ci:46393,R McLaren,3.0,36,0,cricsheet
cs530356,2011-12,2012-03-16,1,KNG,IMPI,"De Beers Diamond Oval, Kimberley",ci:276843,AR Swanepoel,3.0,26,1,cricsheet
cs530356,2011-12,2012-03-16,1,KNG,IMPI,"De Beers Diamond Oval, Kimberley",ci:44660,WL Coetsee,2.0,21,1,cricsheet
cs530356,2011-12,2012-03-16,1,KNG,IMPI,"De Beers Diamond Oval, Kimberley",ci:44667,J Coetzee,4.0,34,4,cricsheet
cs530356,2011-12,2012-03-16,1,KNG,IMPI,"De Beers Diamond Oval, Kimberley",ci:230852,D Elgar,2.0,14,1,cricsheet
cs530356,2011-12,2012-03-16,2,IMPI,KNG,"De Beers Diamond Oval, Kimberley",ci:429014,S Simetu,3.0,21,1,cricsheet
cs530356,2011-12,2012-03-16,2,IMPI,KNG,"De Beers Diamond Oval, Kimberley",ci:5197,BM Edmondson,4.0,47,0,cricsheet
cs530356,2011-12,2012-03-16,2,IMPI,KNG,"De Beers Diamond Oval, Kimberley",ci:282357,P Matshikwe,3.0,33,2,cricsheet
cs530356,2011-12,2012-03-16,2,IMPI,KNG,"De Beers Diamond Oval, Kimberley",ci:23460,LJ Wright,4.0,32,1,cricsheet
cs530356,2011-12,2012-03-16,2,IMPI,KNG,"De Beers Diamond Oval, Kimberley",ci:10772,PD Collingwood,3.0,23,1,cricsheet
cs530357,2011-12,2012-03-16,1,DOL,LIONS,"New Wanderers Stadium, Johannesburg",ci:437438,P Subrayen,2.0,7,0,cricsheet
cs530357,2011-12,2012-03-16,1,DOL,LIONS,"New Wanderers Stadium, Johannesburg",ci:51782,FH Edwards,2.0,9,1,cricsheet
cs530357,2011-12,2012-03-16,1,DOL,LIONS,"New Wanderers Stadium, Johannesburg",ci:297583,KJ Abbott,1.0,3,0,cricsheet
cs530357,2011-12,2012-03-16,1,DOL,LIONS,"New Wanderers Stadium, Johannesburg",ci:45204,R Frylinck,1.0,3,1,cricsheet
cs530358,2011-12,2012-03-18,1,KNG,WAR,"De Beers Diamond Oval, Kimberley",ci:230861,MP Siboto,4.0,26,0,cricsheet
cs530358,2011-12,2012-03-18,1,KNG,WAR,"De Beers Diamond Oval, Kimberley",ci:47693,JJ van der Wath,3.0,25,1,cricsheet
cs530358,2011-12,2012-03-18,1,KNG,WAR,"De Beers Diamond Oval, Kimberley",ci:46393,R McLaren,3.0,23,1,cricsheet
cs530358,2011-12,2012-03-18,1,KNG,WAR,"De Beers Diamond Oval, Kimberley",ci:230852,D Elgar,2.0,14,0,cricsheet
cs530358,2011-12,2012-03-18,1,KNG,WAR,"De Beers Diamond Oval, Kimberley",ci:44660,WL Coetsee,3.0,21,0,cricsheet
cs530358,2011-12,2012-03-18,1,KNG,WAR,"De Beers Diamond Oval, Kimberley",ci:44667,J Coetzee,4.0,25,3,cricsheet
cs530358,2011-12,2012-03-18,1,KNG,WAR,"De Beers Diamond Oval, Kimberley",ci:276843,AR Swanepoel,1.0,7,0,cricsheet
cs530358,2011-12,2012-03-18,2,WAR,KNG,"De Beers Diamond Oval, Kimberley",ci:223642,J Theron,3.1,20,1,cricsheet
cs530358,2011-12,2012-03-18,2,WAR,KNG,"De Beers Diamond Oval, Kimberley",ci:46592,M Ntini,3.0,20,0,cricsheet
cs530358,2011-12,2012-03-18,2,WAR,KNG,"De Beers Diamond Oval, Kimberley",ci:44413,ACR Birch,4.0,33,1,cricsheet
cs530358,2011-12,2012-03-18,2,WAR,KNG,"De Beers Diamond Oval, Kimberley",ci:44149,J Botha,4.0,23,0,cricsheet
cs530358,2011-12,2012-03-18,2,WAR,KNG,"De Beers Diamond Oval, Kimberley",ci:265564,WD Parnell,2.0,13,0,cricsheet
cs530358,2011-12,2012-03-18,2,WAR,KNG,"De Beers Diamond Oval, Kimberley",ci:280490,JT Smuts,2.0,20,1,cricsheet
cs530358,2011-12,2012-03-18,2,WAR,KNG,"De Beers Diamond Oval, Kimberley",ci:45705,CA Ingram,1.0,10,0,cricsheet
cs530359,2011-12,2012-03-18,1,TIT,WPR,"SuperSport Park, Centurion",ci:46526,NE Mbhalati,2.0,25,0,cricsheet
cs530359,2011-12,2012-03-18,1,TIT,WPR,"SuperSport Park, Centurion",ci:47569,AC Thomas,4.0,22,2,cricsheet
cs530359,2011-12,2012-03-18,1,TIT,WPR,"SuperSport Park, Centurion",ci:46248,JA Morkel,4.0,37,2,cricsheet
cs530359,2011-12,2012-03-18,1,TIT,WPR,"SuperSport Park, Centurion",ci:393273,ER Links,4.0,27,0,cricsheet
cs530359,2011-12,2012-03-18,1,TIT,WPR,"SuperSport Park, Centurion",ci:47850,RE van der Merwe,3.0,26,2,cricsheet
cs530359,2011-12,2012-03-18,1,TIT,WPR,"SuperSport Park, Centurion",ci:221140,D Wiese,1.0,6,0,cricsheet
cs530359,2011-12,2012-03-18,1,TIT,WPR,"SuperSport Park, Centurion",ci:44828,F du Plessis,2.0,13,0,cricsheet
cs530359,2011-12,2012-03-18,2,WPR,TIT,"SuperSport Park, Centurion",ci:379927,BE Hendricks,3.3,34,0,cricsheet
cs530359,2011-12,2012-03-18,2,WPR,TIT,"SuperSport Park, Centurion",ci:379926,DL Piedt,3.0,28,1,cricsheet
cs530359,2011-12,2012-03-18,2,WPR,TIT,"SuperSport Park, Centurion",ci:45387,AJA Gray,4.0,33,2,cricsheet
cs530359,2011-12,2012-03-18,2,WPR,TIT,"SuperSport Park, Centurion",ci:5681,GB Hogg,4.0,16,0,cricsheet
cs530359,2011-12,2012-03-18,2,WPR,TIT,"SuperSport Park, Centurion",ci:45797,JM Kemp,3.0,34,1,cricsheet
cs530359,2011-12,2012-03-18,2,WPR,TIT,"SuperSport Park, Centurion",ci:327831,MY Vallie,1.0,6,0,cricsheet
cs530361,2011-12,2012-03-21,1,LIONS,IMPI,"Willowmoore Park, Benoni",ci:6981,DP Nannes,3.0,25,1,cricsheet
cs530361,2011-12,2012-03-21,1,LIONS,IMPI,"Willowmoore Park, Benoni",ci:43265,Sohail Tanvir,1.0,7,0,cricsheet
cs530361,2011-12,2012-03-21,1,LIONS,IMPI,"Willowmoore Park, Benoni",ci:439952,CH Morris,2.0,19,1,cricsheet
cs530361,2011-12,2012-03-21,1,LIONS,IMPI,"Willowmoore Park, Benoni",ci:327830,D Pretorius,1.0,6,0,cricsheet
cs530361,2011-12,2012-03-21,1,LIONS,IMPI,"Willowmoore Park, Benoni",ci:46942,AM Phangiso,2.0,18,1,cricsheet
cs530361,2011-12,2012-03-21,1,LIONS,IMPI,"Willowmoore Park, Benoni",ci:222159,J Symes,2.0,5,1,cricsheet
cs530362,2011-12,2012-03-21,1,TIT,WAR,"SuperSport Park, Centurion",ci:393273,ER Links,2.0,16,0,cricsheet
cs530362,2011-12,2012-03-21,1,TIT,WAR,"SuperSport Park, Centurion",ci:47569,AC Thomas,2.0,11,2,cricsheet
cs530362,2011-12,2012-03-21,1,TIT,WAR,"SuperSport Park, Centurion",ci:46526,NE Mbhalati,4.0,20,1,cricsheet
cs530362,2011-12,2012-03-21,1,TIT,WAR,"SuperSport Park, Centurion",ci:46248,JA Morkel,2.0,4,2,cricsheet
cs530362,2011-12,2012-03-21,1,TIT,WAR,"SuperSport Park, Centurion",ci:47850,RE van der Merwe,2.0,10,1,cricsheet
cs530362,2011-12,2012-03-21,1,TIT,WAR,"SuperSport Park, Centurion",ci:44828,F du Plessis,1.1,1,0,cricsheet
cs530362,2011-12,2012-03-21,2,WAR,TIT,"SuperSport Park, Centurion",ci:223642,J Theron,2.0,11,1,cricsheet
cs530362,2011-12,2012-03-21,2,WAR,TIT,"SuperSport Park, Centurion",ci:46592,M Ntini,1.0,12,0,cricsheet
cs530362,2011-12,2012-03-21,2,WAR,TIT,"SuperSport Park, Centurion",ci:265564,WD Parnell,1.5,14,0,cricsheet
cs530362,2011-12,2012-03-21,2,WAR,TIT,"SuperSport Park, Centurion",ci:44149,J Botha,1.0,4,1,cricsheet
cs530362,2011-12,2012-03-21,2,WAR,TIT,"SuperSport Park, Centurion",ci:44413,ACR Birch,1.0,7,0,cricsheet
cs530362,2011-12,2012-03-21,2,WAR,TIT,"SuperSport Park, Centurion",ci:432960,SR Harmer,1.0,12,0,cricsheet
cs530364,2011-12,2012-04-01,1,LIONS,TIT,"New Wanderers Stadium, Johannesburg",ci:370961,E O'Reilly,3.0,45,0,cricsheet
cs530364,2011-12,2012-04-01,1,LIONS,TIT,"New Wanderers Stadium, Johannesburg",ci:43265,Sohail Tanvir,4.0,40,2,cricsheet
cs530364,2011-12,2012-04-01,1,LIONS,TIT,"New Wanderers Stadium, Johannesburg",ci:439952,CH Morris,4.0,39,1,cricsheet
cs530364,2011-12,2012-04-01,1,LIONS,TIT,"New Wanderers Stadium, Johannesburg",ci:46942,AM Phangiso,4.0,14,2,cricsheet
cs530364,2011-12,2012-04-01,1,LIONS,TIT,"New Wanderers Stadium, Johannesburg",ci:222159,J Symes,1.0,9,0,cricsheet
cs530364,2011-12,2012-04-01,1,LIONS,TIT,"New Wanderers Stadium, Johannesburg",ci:327830,D Pretorius,4.0,38,1,cricsheet
cs530364,2011-12,2012-04-01,2,TIT,LIONS,"New Wanderers Stadium, Johannesburg",ci:46526,NE Mbhalati,4.0,44,1,cricsheet
cs530364,2011-12,2012-04-01,2,TIT,LIONS,"New Wanderers Stadium, Johannesburg",ci:47569,AC Thomas,3.0,25,0,cricsheet
cs530364,2011-12,2012-04-01,2,TIT,LIONS,"New Wanderers Stadium, Johannesburg",ci:46248,JA Morkel,3.5,28,3,cricsheet
cs530364,2011-12,2012-04-01,2,TIT,LIONS,"New Wanderers Stadium, Johannesburg",ci:47850,RE van der Merwe,4.0,17,1,cricsheet
cs530364,2011-12,2012-04-01,2,TIT,LIONS,"New Wanderers Stadium, Johannesburg",ci:44828,F du Plessis,4.0,24,4,cricsheet
cs575157,2012-13,2013-02-17,1,WAR,KNG,"De Beers Diamond Oval, Kimberley",ci:265564,WD Parnell,4.0,31,1,cricsheet
cs575157,2012-13,2013-02-17,1,WAR,KNG,"De Beers Diamond Oval, Kimberley",ci:44413,ACR Birch,4.0,28,1,cricsheet
cs575157,2012-13,2013-02-17,1,WAR,KNG,"De Beers Diamond Oval, Kimberley",ci:223642,J Theron,4.0,23,2,cricsheet
cs575157,2012-13,2013-02-17,1,WAR,KNG,"De Beers Diamond Oval, Kimberley",ci:322818,A Gqamane,4.0,23,1,cricsheet
cs575157,2012-13,2013-02-17,1,WAR,KNG,"De Beers Diamond Oval, Kimberley",ci:432960,SR Harmer,4.0,28,0,cricsheet
cs575157,2012-13,2013-02-17,2,KNG,WAR,"De Beers Diamond Oval, Kimberley",ci:47693,JJ van der Wath,3.0,13,1,cricsheet
cs575157,2012-13,2013-02-17,2,KNG,WAR,"De Beers Diamond Oval, Kimberley",ci:46393,R McLaren,3.1,27,0,cricsheet
cs575157,2012-13,2013-02-17,2,KNG,WAR,"De Beers Diamond Oval, Kimberley",ci:230861,MP Siboto,2.0,10,0,cricsheet
cs575157,2012-13,2013-02-17,2,KNG,WAR,"De Beers Diamond Oval, Kimberley",ci:44660,WL Coetsee,2.0,28,0,cricsheet
cs575157,2012-13,2013-02-17,2,KNG,WAR,"De Beers Diamond Oval, Kimberley",ci:44938,D du Preez,4.0,22,1,cricsheet
cs575157,2012-13,2013-02-17,2,KNG,WAR,"De Beers Diamond Oval, Kimberley",ci:44667,J Coetzee,2.0,23,0,cricsheet
cs575158,2012-13,2013-02-17,1,LIONS,WPR,"Senwes Park, Potchefstroom",ci:439952,CH Morris,4.0,44,0,cricsheet
cs575158,2012-13,2013-02-17,1,LIONS,WPR,"Senwes Park, Potchefstroom",ci:375126,GC Viljoen,4.0,38,0,cricsheet
cs575158,2012-13,2013-02-17,1,LIONS,WPR,"Senwes Park, Potchefstroom",ci:43265,Sohail Tanvir,4.0,37,2,cricsheet
cs575158,2012-13,2013-02-17,1,LIONS,WPR,"Senwes Park, Potchefstroom",ci:40618,Imran Tahir,4.0,28,0,cricsheet
cs575158,2012-13,2013-02-17,1,LIONS,WPR,"Senwes Park, Potchefstroom",ci:46942,AM Phangiso,4.0,31,3,cricsheet
cs575158,2012-13,2013-02-17,2,WPR,LIONS,"Senwes Park, Potchefstroom",ci:45963,CK Langeveldt,3.5,39,0,cricsheet
cs575158,2012-13,2013-02-17,2,WPR,LIONS,"Senwes Park, Potchefstroom",ci:46075,J Louw,3.0,29,0,cricsheet
cs575158,2012-13,2013-02-17,2,WPR,LIONS,"Senwes Park, Potchefstroom",ci:45949,RK Kleinveldt,3.0,34,0,cricsheet
cs575158,2012-13,2013-02-17,2,WPR,LIONS,"Senwes Park, Potchefstroom",ci:379887,LB Williams,2.0,19,0,cricsheet
cs575158,2012-13,2013-02-17,2,WPR,LIONS,"Senwes Park, Potchefstroom",ci:379926,DL Piedt,4.0,28,1,cricsheet
cs575158,2012-13,2013-02-17,2,WPR,LIONS,"Senwes Park, Potchefstroom",ci:46681,JL Ontong,2.0,27,0,cricsheet
cs575158,2012-13,2013-02-17,2,WPR,LIONS,"Senwes Park, Potchefstroom",ci:267479,S van Zyl,1.0,9,0,cricsheet
cs575159,2012-13,2013-02-20,1,LIONS,TIT,"New Wanderers Stadium, Johannesburg",ci:43265,Sohail Tanvir,4.0,21,2,cricsheet
cs575159,2012-13,2013-02-20,1,LIONS,TIT,"New Wanderers Stadium, Johannesburg",ci:439952,CH Morris,4.0,44,1,cricsheet
cs575159,2012-13,2013-02-20,1,LIONS,TIT,"New Wanderers Stadium, Johannesburg",ci:375126,GC Viljoen,4.0,31,2,cricsheet
cs575159,2012-13,2013-02-20,1,LIONS,TIT,"New Wanderers Stadium, Johannesburg",ci:46942,AM Phangiso,4.0,24,2,cricsheet
cs575159,2012-13,2013-02-20,1,LIONS,TIT,"New Wanderers Stadium, Johannesburg",ci:40618,Imran Tahir,4.0,26,0,cricsheet
cs575159,2012-13,2013-02-20,2,TIT,LIONS,"New Wanderers Stadium, Johannesburg",ci:393273,ER Links,4.0,19,0,cricsheet
cs575159,2012-13,2013-02-20,2,TIT,LIONS,"New Wanderers Stadium, Johannesburg",ci:393279,M de Lange,3.0,28,0,cricsheet
cs575159,2012-13,2013-02-20,2,TIT,LIONS,"New Wanderers Stadium, Johannesburg",ci:46248,JA Morkel,4.0,37,0,cricsheet
cs575159,2012-13,2013-02-20,2,TIT,LIONS,"New Wanderers Stadium, Johannesburg",ci:46526,NE Mbhalati,3.5,31,3,cricsheet
cs575159,2012-13,2013-02-20,2,TIT,LIONS,"New Wanderers Stadium, Johannesburg",ci:47850,RE van der Merwe,4.0,33,0,cricsheet
cs575160,2012-13,2013-02-22,1,KNG,WPR,"Boland Park, Paarl",ci:44091,N Boje,4.0,25,0,cricsheet
cs575160,2012-13,2013-02-22,1,KNG,WPR,"Boland Park, Paarl",ci:44667,J Coetzee,4.0,24,0,cricsheet
cs575160,2012-13,2013-02-22,1,KNG,WPR,"Boland Park, Paarl",ci:46393,R McLaren,4.0,27,2,cricsheet
cs575160,2012-13,2013-02-22,1,KNG,WPR,"Boland Park, Paarl",ci:47693,JJ van der Wath,4.0,56,1,cricsheet
cs575160,2012-13,2013-02-22,1,KNG,WPR,"Boland Park, Paarl",ci:230861,MP Siboto,2.0,19,1,cricsheet
cs575160,2012-13,2013-02-22,1,KNG,WPR,"Boland Park, Paarl",ci:44660,WL Coetsee,2.0,17,0,cricsheet
cs575160,2012-13,2013-02-22,2,WPR,KNG,"Boland Park, Paarl",ci:45963,CK Langeveldt,4.0,25,2,cricsheet
cs575160,2012-13,2013-02-22,2,WPR,KNG,"Boland Park, Paarl",ci:379927,BE Hendricks,4.0,16,2,cricsheet
cs575160,2012-13,2013-02-22,2,WPR,KNG,"Boland Park, Paarl",ci:39024,Azhar Mahmood,4.0,40,0,cricsheet
cs575160,2012-13,2013-02-22,2,WPR,KNG,"Boland Park, Paarl",ci:46075,J Louw,4.0,28,2,cricsheet
cs575160,2012-13,2013-02-22,2,WPR,KNG,"Boland Park, Paarl",ci:379926,DL Piedt,4.0,34,2,cricsheet
cs575161,2012-13,2013-02-22,1,TIT,WAR,"St George's Park, Port Elizabeth",ci:393273,ER Links,4.0,13,3,cricsheet
cs575161,2012-13,2013-02-22,1,TIT,WAR,"St George's Park, Port Elizabeth",ci:47569,AC Thomas,4.0,29,0,cricsheet
cs575161,2012-13,2013-02-22,1,TIT,WAR,"St George's Park, Port Elizabeth",ci:393279,M de Lange,4.0,28,2,cricsheet
cs575161,2012-13,2013-02-22,1,TIT,WAR,"St George's Park, Port Elizabeth",ci:46248,JA Morkel,4.0,12,1,cricsheet
cs575161,2012-13,2013-02-22,1,TIT,WAR,"St George's Park, Port Elizabeth",ci:47850,RE van der Merwe,1.0,7,0,cricsheet
cs575161,2012-13,2013-02-22,1,TIT,WAR,"St George's Park, Port Elizabeth",ci:221140,D Wiese,2.0,13,2,cricsheet
cs575161,2012-13,2013-02-22,1,TIT,WAR,"St George's Park, Port Elizabeth",ci:44752,H Davids,1.0,10,0,cricsheet
cs575161,2012-13,2013-02-22,2,WAR,TIT,"St George's Park, Port Elizabeth",ci:265564,WD Parnell,3.0,20,0,cricsheet
cs575161,2012-13,2013-02-22,2,WAR,TIT,"St George's Park, Port Elizabeth",ci:44413,ACR Birch,4.0,26,2,cricsheet
cs575161,2012-13,2013-02-22,2,WAR,TIT,"St George's Park, Port Elizabeth",ci:223642,J Theron,3.1,18,0,cricsheet
cs575161,2012-13,2013-02-22,2,WAR,TIT,"St George's Park, Port Elizabeth",ci:322818,A Gqamane,4.0,28,0,cricsheet
cs575161,2012-13,2013-02-22,2,WAR,TIT,"St George's Park, Port Elizabeth",ci:432960,SR Harmer,4.0,28,3,cricsheet
cs575163,2012-13,2013-02-24,1,WPR,DOL,"Newlands, Cape Town",ci:45963,CK Langeveldt,4.0,32,2,cricsheet
cs575163,2012-13,2013-02-24,1,WPR,DOL,"Newlands, Cape Town",ci:379927,BE Hendricks,4.0,34,2,cricsheet
cs575163,2012-13,2013-02-24,1,WPR,DOL,"Newlands, Cape Town",ci:46075,J Louw,4.0,19,0,cricsheet
cs575163,2012-13,2013-02-24,1,WPR,DOL,"Newlands, Cape Town",ci:379926,DL Piedt,4.0,18,0,cricsheet
cs575163,2012-13,2013-02-24,1,WPR,DOL,"Newlands, Cape Town",ci:39024,Azhar Mahmood,4.0,30,1,cricsheet
cs575163,2012-13,2013-02-24,2,DOL,WPR,"Newlands, Cape Town",ci:437438,P Subrayen,3.0,17,0,cricsheet
cs575163,2012-13,2013-02-24,2,DOL,WPR,"Newlands, Cape Town",ci:230860,M Shezi,4.0,34,0,cricsheet
cs575163,2012-13,2013-02-24,2,DOL,WPR,"Newlands, Cape Town",ci:44019,CJ Alexander,3.4,32,1,cricsheet
cs575163,2012-13,2013-02-24,2,DOL,WPR,"Newlands, Cape Town",ci:45204,R Frylinck,4.0,36,0,cricsheet
cs575163,2012-13,2013-02-24,2,DOL,WPR,"Newlands, Cape Town",ci:10582,RS Bopara,2.0,17,0,cricsheet
cs575164,2012-13,2013-02-24,1,WAR,LIONS,"Senwes Park, Potchefstroom",ci:432960,SR Harmer,4.0,21,0,cricsheet
cs575164,2012-13,2013-02-24,1,WAR,LIONS,"Senwes Park, Potchefstroom",ci:44413,ACR Birch,4.0,45,0,cricsheet
cs575164,2012-13,2013-02-24,1,WAR,LIONS,"Senwes Park, Potchefstroom",ci:265564,WD Parnell,4.0,23,2,cricsheet
cs575164,2012-13,2013-02-24,1,WAR,LIONS,"Senwes Park, Potchefstroom",ci:223642,J Theron,4.0,30,1,cricsheet
cs575164,2012-13,2013-02-24,1,WAR,LIONS,"Senwes Park, Potchefstroom",ci:322818,A Gqamane,3.0,34,1,cricsheet
cs575164,2012-13,2013-02-24,1,WAR,LIONS,"Senwes Park, Potchefstroom",ci:280490,JT Smuts,1.0,8,0,cricsheet
cs575164,2012-13,2013-02-24,2,LIONS,WAR,"Senwes Park, Potchefstroom",ci:43265,Sohail Tanvir,3.0,15,2,cricsheet
cs575164,2012-13,2013-02-24,2,LIONS,WAR,"Senwes Park, Potchefstroom",ci:375126,GC Viljoen,4.0,12,3,cricsheet
cs575164,2012-13,2013-02-24,2,LIONS,WAR,"Senwes Park, Potchefstroom",ci:439952,CH Morris,4.0,30,2,cricsheet
cs575164,2012-13,2013-02-24,2,LIONS,WAR,"Senwes Park, Potchefstroom",ci:46942,AM Phangiso,4.0,28,1,cricsheet
cs575164,2012-13,2013-02-24,2,LIONS,WAR,"Senwes Park, Potchefstroom",ci:40618,Imran Tahir,3.0,27,1,cricsheet
cs575165,2012-13,2013-02-27,1,KNG,DOL,"Chevrolet Park, Bloemfontein",ci:47693,JJ van der Wath,4.0,29,2,cricsheet
cs575165,2012-13,2013-02-27,1,KNG,DOL,"Chevrolet Park, Bloemfontein",ci:44938,D du Preez,4.0,28,1,cricsheet
cs575165,2012-13,2013-02-27,1,KNG,DOL,"Chevrolet Park, Bloemfontein",ci:230861,MP Siboto,4.0,23,0,cricsheet
cs575165,2012-13,2013-02-27,1,KNG,DOL,"Chevrolet Park, Bloemfontein",ci:334621,SC van Schalkwyk,2.0,16,0,cricsheet
cs575165,2012-13,2013-02-27,1,KNG,DOL,"Chevrolet Park, Bloemfontein",ci:44091,N Boje,4.0,23,1,cricsheet
cs575165,2012-13,2013-02-27,1,KNG,DOL,"Chevrolet Park, Bloemfontein",ci:230852,D Elgar,2.0,11,1,cricsheet
cs575165,2012-13,2013-02-27,2,DOL,KNG,"Chevrolet Park, Bloemfontein",ci:437438,P Subrayen,4.0,32,1,cricsheet
cs575165,2012-13,2013-02-27,2,DOL,KNG,"Chevrolet Park, Bloemfontein",ci:45932,I Khan,1.0,12,0,cricsheet
cs575165,2012-13,2013-02-27,2,DOL,KNG,"Chevrolet Park, Bloemfontein",ci:44019,CJ Alexander,3.0,24,0,cricsheet
cs575165,2012-13,2013-02-27,2,DOL,KNG,"Chevrolet Park, Bloemfontein",ci:230860,M Shezi,1.0,10,0,cricsheet
cs575165,2012-13,2013-02-27,2,DOL,KNG,"Chevrolet Park, Bloemfontein",ci:10582,RS Bopara,3.0,12,0,cricsheet
cs575165,2012-13,2013-02-27,2,DOL,KNG,"Chevrolet Park, Bloemfontein",ci:45204,R Frylinck,3.0,38,0,cricsheet
cs575165,2012-13,2013-02-27,2,DOL,KNG,"Chevrolet Park, Bloemfontein",ci:322810,CS Delport,0.3,4,0,cricsheet
cs575166,2012-13,2013-02-28,1,TIT,WPR,"Willowmoore Park, Benoni",ci:47850,RE van der Merwe,3.0,19,0,cricsheet
cs575166,2012-13,2013-02-28,1,TIT,WPR,"Willowmoore Park, Benoni",ci:47569,AC Thomas,4.0,22,0,cricsheet
cs575166,2012-13,2013-02-28,1,TIT,WPR,"Willowmoore Park, Benoni",ci:46526,NE Mbhalati,4.0,15,2,cricsheet
cs575166,2012-13,2013-02-28,1,TIT,WPR,"Willowmoore Park, Benoni",ci:393279,M de Lange,3.0,19,0,cricsheet
cs575166,2012-13,2013-02-28,1,TIT,WPR,"Willowmoore Park, Benoni",ci:46248,JA Morkel,4.0,14,2,cricsheet
cs575166,2012-13,2013-02-28,1,TIT,WPR,"Willowmoore Park, Benoni",ci:221140,D Wiese,2.0,22,0,cricsheet
cs575166,2012-13,2013-02-28,2,WPR,TIT,"Willowmoore Park, Benoni",ci:45963,CK Langeveldt,3.0,18,1,cricsheet
cs575166,2012-13,2013-02-28,2,WPR,TIT,"Willowmoore Park, Benoni",ci:379927,BE Hendricks,4.0,21,2,cricsheet
cs575166,2012-13,2013-02-28,2,WPR,TIT,"Willowmoore Park, Benoni",ci:46075,J Louw,4.0,22,0,cricsheet
cs575166,2012-13,2013-02-28,2,WPR,TIT,"Willowmoore Park, Benoni",ci:39024,Azhar Mahmood,3.4,21,1,cricsheet
cs575166,2012-13,2013-02-28,2,WPR,TIT,"Willowmoore Park, Benoni",ci:379926,DL Piedt,3.0,20,0,cricsheet
cs575166,2012-13,2013-02-28,2,WPR,TIT,"Willowmoore Park, Benoni",ci:267479,S van Zyl,1.0,9,0,cricsheet
cs575167,2012-13,2013-03-02,1,WAR,DOL,"Buffalo Park, East London",ci:265564,WD Parnell,4.0,14,0,cricsheet
cs575167,2012-13,2013-03-02,1,WAR,DOL,"Buffalo Park, East London",ci:44413,ACR Birch,3.0,21,2,cricsheet
cs575167,2012-13,2013-03-02,1,WAR,DOL,"Buffalo Park, East London",ci:322818,A Gqamane,1.0,8,1,cricsheet
cs575167,2012-13,2013-03-02,1,WAR,DOL,"Buffalo Park, East London",ci:223642,J Theron,4.0,39,0,cricsheet
cs575167,2012-13,2013-03-02,1,WAR,DOL,"Buffalo Park, East London",ci:18632,SR Patel,4.0,35,0,cricsheet
cs575167,2012-13,2013-03-02,1,WAR,DOL,"Buffalo Park, East London",ci:432960,SR Harmer,4.0,19,1,cricsheet
cs575167,2012-13,2013-03-02,2,DOL,WAR,"Buffalo Park, East London",ci:437438,P Subrayen,4.0,33,1,cricsheet
cs575167,2012-13,2013-03-02,2,DOL,WAR,"Buffalo Park, East London",ci:44019,CJ Alexander,2.0,10,0,cricsheet
cs575167,2012-13,2013-03-02,2,DOL,WAR,"Buffalo Park, East London",ci:230860,M Shezi,2.0,21,0,cricsheet
cs575167,2012-13,2013-03-02,2,DOL,WAR,"Buffalo Park, East London",ci:45204,R Frylinck,2.0,18,0,cricsheet
cs575167,2012-13,2013-03-02,2,DOL,WAR,"Buffalo Park, East London",ci:45932,I Khan,3.0,28,0,cricsheet
cs575167,2012-13,2013-03-02,2,DOL,WAR,"Buffalo Park, East London",ci:10582,RS Bopara,3.0,16,0,cricsheet
cs575167,2012-13,2013-03-02,2,DOL,WAR,"Buffalo Park, East London",ci:322810,CS Delport,1.3,12,0,cricsheet
cs575170,2012-13,2013-03-06,1,TIT,KNG,"SuperSport Park, Centurion",ci:47850,RE van der Merwe,3.0,24,0,cricsheet
cs575170,2012-13,2013-03-06,1,TIT,KNG,"SuperSport Park, Centurion",ci:47569,AC Thomas,4.0,44,1,cricsheet
cs575170,2012-13,2013-03-06,1,TIT,KNG,"SuperSport Park, Centurion",ci:393279,M de Lange,3.0,26,0,cricsheet
cs575170,2012-13,2013-03-06,1,TIT,KNG,"SuperSport Park, Centurion",ci:46526,NE Mbhalati,2.0,24,0,cricsheet
cs575170,2012-13,2013-03-06,1,TIT,KNG,"SuperSport Park, Centurion",ci:44752,H Davids,1.0,9,0,cricsheet
cs575170,2012-13,2013-03-06,1,TIT,KNG,"SuperSport Park, Centurion",ci:46248,JA Morkel,4.0,35,1,cricsheet
cs575170,2012-13,2013-03-06,1,TIT,KNG,"SuperSport Park, Centurion",ci:221140,D Wiese,2.0,20,1,cricsheet
cs575170,2012-13,2013-03-06,1,TIT,KNG,"SuperSport Park, Centurion",ci:44410,F Behardien,1.0,13,0,cricsheet
cs575170,2012-13,2013-03-06,2,KNG,TIT,"SuperSport Park, Centurion",ci:47693,JJ van der Wath,2.0,13,2,cricsheet
cs575170,2012-13,2013-03-06,2,KNG,TIT,"SuperSport Park, Centurion",ci:46393,R McLaren,4.0,35,0,cricsheet
cs575170,2012-13,2013-03-06,2,KNG,TIT,"SuperSport Park, Centurion",ci:230861,MP Siboto,4.0,35,2,cricsheet
cs575170,2012-13,2013-03-06,2,KNG,TIT,"SuperSport Park, Centurion",ci:334621,SC van Schalkwyk,3.0,33,0,cricsheet
cs575170,2012-13,2013-03-06,2,KNG,TIT,"SuperSport Park, Centurion",ci:44091,N Boje,3.0,39,1,cricsheet
cs575170,2012-13,2013-03-06,2,KNG,TIT,"SuperSport Park, Centurion",ci:230852,D Elgar,4.0,31,1,cricsheet
cs575171,2012-13,2013-03-08,1,LIONS,WPR,"Newlands, Cape Town",ci:43265,Sohail Tanvir,4.0,24,2,cricsheet
cs575171,2012-13,2013-03-08,1,LIONS,WPR,"Newlands, Cape Town",ci:439952,CH Morris,4.0,21,2,cricsheet
cs575171,2012-13,2013-03-08,1,LIONS,WPR,"Newlands, Cape Town",ci:375126,GC Viljoen,4.0,23,1,cricsheet
cs575171,2012-13,2013-03-08,1,LIONS,WPR,"Newlands, Cape Town",ci:46942,AM Phangiso,4.0,17,0,cricsheet
cs575171,2012-13,2013-03-08,1,LIONS,WPR,"Newlands, Cape Town",ci:40618,Imran Tahir,3.0,26,1,cricsheet
cs575171,2012-13,2013-03-08,1,LIONS,WPR,"Newlands, Cape Town",ci:327830,D Pretorius,1.0,3,0,cricsheet
cs575171,2012-13,2013-03-08,2,WPR,LIONS,"Newlands, Cape Town",ci:46945,VD Philander,4.0,25,0,cricsheet
cs575171,2012-13,2013-03-08,2,WPR,LIONS,"Newlands, Cape Town",ci:379927,BE Hendricks,4.0,17,3,cricsheet
cs575171,2012-13,2013-03-08,2,WPR,LIONS,"Newlands, Cape Town",ci:45963,CK Langeveldt,3.2,36,1,cricsheet
cs575171,2012-13,2013-03-08,2,WPR,LIONS,"Newlands, Cape Town",ci:39024,Azhar Mahmood,4.0,15,1,cricsheet
cs575171,2012-13,2013-03-08,2,WPR,LIONS,"Newlands, Cape Town",ci:46075,J Louw,3.0,25,0,cricsheet
cs575172,2012-13,2013-03-08,1,KNG,DOL,"Kingsmead, Durban",ci:47693,JJ van der Wath,4.0,25,1,cricsheet
cs575172,2012-13,2013-03-08,1,KNG,DOL,"Kingsmead, Durban",ci:44938,D du Preez,4.0,34,0,cricsheet
cs575172,2012-13,2013-03-08,1,KNG,DOL,"Kingsmead, Durban",ci:230861,MP Siboto,4.0,45,0,cricsheet
cs575172,2012-13,2013-03-08,1,KNG,DOL,"Kingsmead, Durban",ci:44091,N Boje,2.0,19,0,cricsheet
cs575172,2012-13,2013-03-08,1,KNG,DOL,"Kingsmead, Durban",ci:334621,SC van Schalkwyk,4.0,39,1,cricsheet
cs575172,2012-13,2013-03-08,1,KNG,DOL,"Kingsmead, Durban",ci:230852,D Elgar,2.0,17,0,cricsheet
cs575172,2012-13,2013-03-08,2,DOL,KNG,"Kingsmead, Durban",ci:224367,YA Abdulla,4.0,17,2,cricsheet
cs575172,2012-13,2013-03-08,2,DOL,KNG,"Kingsmead, Durban",ci:230860,M Shezi,4.0,29,1,cricsheet
cs575172,2012-13,2013-03-08,2,DOL,KNG,"Kingsmead, Durban",ci:450881,CP Savage,4.0,41,2,cricsheet
cs575172,2012-13,2013-03-08,2,DOL,KNG,"Kingsmead, Durban",ci:267724,KA Maharaj,3.0,25,0,cricsheet
cs575172,2012-13,2013-03-08,2,DOL,KNG,"Kingsmead, Durban",ci:437438,P Subrayen,3.0,33,0,cricsheet
cs575172,2012-13,2013-03-08,2,DOL,KNG,"Kingsmead, Durban",ci:322810,CS Delport,2.0,19,1,cricsheet
cs575174,2012-13,2013-03-12,1,WPR,TIT,"Boland Park, Paarl",ci:45963,CK Langeveldt,4.0,31,0,cricsheet
cs575174,2012-13,2013-03-12,1,WPR,TIT,"Boland Park, Paarl",ci:379927,BE Hendricks,3.0,28,0,cricsheet
cs575174,2012-13,2013-03-12,1,WPR,TIT,"Boland Park, Paarl",ci:46075,J Louw,2.0,25,0,cricsheet
cs575174,2012-13,2013-03-12,1,WPR,TIT,"Boland Park, Paarl",ci:39024,Azhar Mahmood,4.0,34,3,cricsheet
cs575174,2012-13,2013-03-12,1,WPR,TIT,"Boland Park, Paarl",ci:379926,DL Piedt,4.0,35,0,cricsheet
cs575174,2012-13,2013-03-12,1,WPR,TIT,"Boland Park, Paarl",ci:45797,JM Kemp,3.0,25,1,cricsheet
cs575174,2012-13,2013-03-12,2,TIT,WPR,"Boland Park, Paarl",ci:47850,RE van der Merwe,4.0,20,2,cricsheet
cs575174,2012-13,2013-03-12,2,TIT,WPR,"Boland Park, Paarl",ci:47569,AC Thomas,4.0,42,0,cricsheet
cs575174,2012-13,2013-03-12,2,TIT,WPR,"Boland Park, Paarl",ci:393279,M de Lange,4.0,48,0,cricsheet
cs575174,2012-13,2013-03-12,2,TIT,WPR,"Boland Park, Paarl",ci:46526,NE Mbhalati,4.0,18,1,cricsheet
cs575174,2012-13,2013-03-12,2,TIT,WPR,"Boland Park, Paarl",ci:46248,JA Morkel,3.0,29,0,cricsheet
cs575174,2012-13,2013-03-12,2,TIT,WPR,"Boland Park, Paarl",ci:221140,D Wiese,1.0,11,0,cricsheet
cs575175,2012-13,2013-03-12,1,LIONS,KNG,"De Beers Diamond Oval, Kimberley",ci:43265,Sohail Tanvir,4.0,28,1,cricsheet
cs575175,2012-13,2013-03-12,1,LIONS,KNG,"De Beers Diamond Oval, Kimberley",ci:439952,CH Morris,4.0,21,2,cricsheet
cs575175,2012-13,2013-03-12,1,LIONS,KNG,"De Beers Diamond Oval, Kimberley",ci:375126,GC Viljoen,3.0,22,2,cricsheet
cs575175,2012-13,2013-03-12,1,LIONS,KNG,"De Beers Diamond Oval, Kimberley",ci:46942,AM Phangiso,4.0,30,0,cricsheet
cs575175,2012-13,2013-03-12,1,LIONS,KNG,"De Beers Diamond Oval, Kimberley",ci:40618,Imran Tahir,4.0,28,2,cricsheet
cs575175,2012-13,2013-03-12,1,LIONS,KNG,"De Beers Diamond Oval, Kimberley",ci:327830,D Pretorius,1.0,8,0,cricsheet
cs575175,2012-13,2013-03-12,2,KNG,LIONS,"De Beers Diamond Oval, Kimberley",ci:47693,JJ van der Wath,4.0,44,1,cricsheet
cs575175,2012-13,2013-03-12,2,KNG,LIONS,"De Beers Diamond Oval, Kimberley",ci:44667,J Coetzee,4.0,20,2,cricsheet
cs575175,2012-13,2013-03-12,2,KNG,LIONS,"De Beers Diamond Oval, Kimberley",ci:230861,MP Siboto,2.1,21,0,cricsheet
cs575175,2012-13,2013-03-12,2,KNG,LIONS,"De Beers Diamond Oval, Kimberley",ci:334621,SC van Schalkwyk,3.0,21,1,cricsheet
cs575175,2012-13,2013-03-12,2,KNG,LIONS,"De Beers Diamond Oval, Kimberley",ci:44091,N Boje,4.0,18,1,cricsheet
cs575175,2012-13,2013-03-12,2,KNG,LIONS,"De Beers Diamond Oval, Kimberley",ci:230852,D Elgar,2.0,15,1,cricsheet
cs575176,2012-13,2013-03-14,1,WAR,KNG,"St George's Park, Port Elizabeth",ci:265564,WD Parnell,4.0,23,1,cricsheet
cs575176,2012-13,2013-03-14,1,WAR,KNG,"St George's Park, Port Elizabeth",ci:432960,SR Harmer,4.0,15,0,cricsheet
cs575176,2012-13,2013-03-14,1,WAR,KNG,"St George's Park, Port Elizabeth",ci:223642,J Theron,4.0,16,0,cricsheet
cs575176,2012-13,2013-03-14,1,WAR,KNG,"St George's Park, Port Elizabeth",ci:322818,A Gqamane,4.0,22,1,cricsheet
cs575176,2012-13,2013-03-14,1,WAR,KNG,"St George's Park, Port Elizabeth",ci:18632,SR Patel,4.0,30,0,cricsheet
cs575176,2012-13,2013-03-14,2,KNG,WAR,"St George's Park, Port Elizabeth",ci:44667,J Coetzee,4.0,16,1,cricsheet
cs575176,2012-13,2013-03-14,2,KNG,WAR,"St George's Park, Port Elizabeth",ci:47693,JJ van der Wath,3.0,12,1,cricsheet
cs575176,2012-13,2013-03-14,2,KNG,WAR,"St George's Park, Port Elizabeth",ci:230861,MP Siboto,1.0,13,0,cricsheet
cs575176,2012-13,2013-03-14,2,KNG,WAR,"St George's Park, Port Elizabeth",ci:44091,N Boje,3.0,15,0,cricsheet
cs575176,2012-13,2013-03-14,2,KNG,WAR,"St George's Park, Port Elizabeth",ci:44660,WL Coetsee,1.0,10,0,cricsheet
cs575176,2012-13,2013-03-14,2,KNG,WAR,"St George's Park, Port Elizabeth",ci:334621,SC van Schalkwyk,4.0,17,1,cricsheet
cs575176,2012-13,2013-03-14,2,KNG,WAR,"St George's Park, Port Elizabeth",ci:230852,D Elgar,4.0,23,4,cricsheet
cs575177,2012-13,2013-03-14,1,WPR,DOL,"Kingsmead, Durban",ci:379927,BE Hendricks,3.0,17,1,cricsheet
cs575177,2012-13,2013-03-14,1,WPR,DOL,"Kingsmead, Durban",ci:39024,Azhar Mahmood,4.0,36,0,cricsheet
cs575177,2012-13,2013-03-14,1,WPR,DOL,"Kingsmead, Durban",ci:46945,VD Philander,2.0,21,0,cricsheet
cs575177,2012-13,2013-03-14,1,WPR,DOL,"Kingsmead, Durban",ci:45963,CK Langeveldt,4.0,39,1,cricsheet
cs575177,2012-13,2013-03-14,1,WPR,DOL,"Kingsmead, Durban",ci:45797,JM Kemp,4.0,21,0,cricsheet
cs575177,2012-13,2013-03-14,1,WPR,DOL,"Kingsmead, Durban",ci:379926,DL Piedt,3.0,16,2,cricsheet
cs575177,2012-13,2013-03-14,2,DOL,WPR,"Kingsmead, Durban",ci:230860,M Shezi,4.0,29,2,cricsheet
cs575177,2012-13,2013-03-14,2,DOL,WPR,"Kingsmead, Durban",ci:224367,YA Abdulla,4.0,36,0,cricsheet
cs575177,2012-13,2013-03-14,2,DOL,WPR,"Kingsmead, Durban",ci:450881,CP Savage,4.0,33,4,cricsheet
cs575177,2012-13,2013-03-14,2,DOL,WPR,"Kingsmead, Durban",ci:10582,RS Bopara,4.0,20,0,cricsheet
cs575177,2012-13,2013-03-14,2,DOL,WPR,"Kingsmead, Durban",ci:267724,KA Maharaj,4.0,13,1,cricsheet
cs575179,2012-13,2013-03-22,1,LIONS,WAR,"Buffalo Park, East London",ci:43265,Sohail Tanvir,4.0,22,2,cricsheet
cs575179,2012-13,2013-03-22,1,LIONS,WAR,"Buffalo Park, East London",ci:375126,GC Viljoen,4.0,29,1,cricsheet
cs575179,2012-13,2013-03-22,1,LIONS,WAR,"Buffalo Park, East London",ci:439952,CH Morris,4.0,36,1,cricsheet
cs575179,2012-13,2013-03-22,1,LIONS,WAR,"Buffalo Park, East London",ci:46942,AM Phangiso,3.0,23,1,cricsheet
cs575179,2012-13,2013-03-22,1,LIONS,WAR,"Buffalo Park, East London",ci:46934,AN Petersen,1.0,6,0,cricsheet
cs575179,2012-13,2013-03-22,1,LIONS,WAR,"Buffalo Park, East London",ci:40618,Imran Tahir,4.0,25,2,cricsheet
cs575179,2012-13,2013-03-22,2,WAR,LIONS,"Buffalo Park, East London",ci:432960,SR Harmer,4.0,21,1,cricsheet
cs575179,2012-13,2013-03-22,2,WAR,LIONS,"Buffalo Park, East London",ci:223642,J Theron,4.0,25,3,cricsheet
cs575179,2012-13,2013-03-22,2,WAR,LIONS,"Buffalo Park, East London",ci:265564,WD Parnell,4.0,35,0,cricsheet
cs575179,2012-13,2013-03-22,2,WAR,LIONS,"Buffalo Park, East London",ci:322818,A Gqamane,1.0,10,0,cricsheet
cs575179,2012-13,2013-03-22,2,WAR,LIONS,"Buffalo Park, East London",ci:18632,SR Patel,4.0,21,2,cricsheet
cs575179,2012-13,2013-03-22,2,WAR,LIONS,"Buffalo Park, East London",ci:46159,L Mbane,3.0,26,0,cricsheet
cs575180,2012-13,2013-03-22,1,KNG,WPR,"Chevrolet Park, Bloemfontein",ci:47693,JJ van der Wath,3.0,10,1,cricsheet
cs575180,2012-13,2013-03-22,1,KNG,WPR,"Chevrolet Park, Bloemfontein",ci:44938,D du Preez,3.0,35,0,cricsheet
cs575180,2012-13,2013-03-22,1,KNG,WPR,"Chevrolet Park, Bloemfontein",ci:44091,N Boje,4.0,19,1,cricsheet
cs575180,2012-13,2013-03-22,1,KNG,WPR,"Chevrolet Park, Bloemfontein",ci:230861,MP Siboto,3.0,31,1,cricsheet
cs575180,2012-13,2013-03-22,1,KNG,WPR,"Chevrolet Park, Bloemfontein",ci:334621,SC van Schalkwyk,4.0,23,2,cricsheet
cs575180,2012-13,2013-03-22,1,KNG,WPR,"Chevrolet Park, Bloemfontein",ci:230852,D Elgar,3.0,20,1,cricsheet
cs575180,2012-13,2013-03-22,2,WPR,KNG,"Chevrolet Park, Bloemfontein",ci:46945,VD Philander,4.0,17,2,cricsheet
cs575180,2012-13,2013-03-22,2,WPR,KNG,"Chevrolet Park, Bloemfontein",ci:379927,BE Hendricks,3.4,29,0,cricsheet
cs575180,2012-13,2013-03-22,2,WPR,KNG,"Chevrolet Park, Bloemfontein",ci:277798,FC Plaatjies,4.0,35,0,cricsheet
cs575180,2012-13,2013-03-22,2,WPR,KNG,"Chevrolet Park, Bloemfontein",ci:45797,JM Kemp,4.0,28,0,cricsheet
cs575180,2012-13,2013-03-22,2,WPR,KNG,"Chevrolet Park, Bloemfontein",ci:379926,DL Piedt,3.0,18,0,cricsheet
cs575180,2012-13,2013-03-22,2,WPR,KNG,"Chevrolet Park, Bloemfontein",ci:45387,AJA Gray,1.0,15,0,cricsheet
cs575181,2012-13,2013-03-22,1,TIT,DOL,"SuperSport Park, Centurion",ci:393273,ER Links,4.0,35,0,cricsheet
cs575181,2012-13,2013-03-22,1,TIT,DOL,"SuperSport Park, Centurion",ci:47569,AC Thomas,4.0,29,0,cricsheet
cs575181,2012-13,2013-03-22,1,TIT,DOL,"SuperSport Park, Centurion",ci:46538,M Morkel,4.0,21,1,cricsheet
cs575181,2012-13,2013-03-22,1,TIT,DOL,"SuperSport Park, Centurion",ci:46248,JA Morkel,2.0,16,0,cricsheet
cs575181,2012-13,2013-03-22,1,TIT,DOL,"SuperSport Park, Centurion",ci:47850,RE van der Merwe,3.0,21,2,cricsheet
cs575181,2012-13,2013-03-22,1,TIT,DOL,"SuperSport Park, Centurion",ci:38407,SB Styris,3.0,16,1,cricsheet
cs575181,2012-13,2013-03-22,2,DOL,TIT,"SuperSport Park, Centurion",ci:224367,YA Abdulla,4.0,18,2,cricsheet
cs575181,2012-13,2013-03-22,2,DOL,TIT,"SuperSport Park, Centurion",ci:230860,M Shezi,3.5,54,1,cricsheet
cs575181,2012-13,2013-03-22,2,DOL,TIT,"SuperSport Park, Centurion",ci:297583,KJ Abbott,3.0,23,1,cricsheet
cs575181,2012-13,2013-03-22,2,DOL,TIT,"SuperSport Park, Centurion",ci:267724,KA Maharaj,4.0,13,2,cricsheet
cs575181,2012-13,2013-03-22,2,DOL,TIT,"SuperSport Park, Centurion",ci:10582,RS Bopara,4.0,34,0,cricsheet
cs575183,2012-13,2013-03-26,1,TIT,KNG,"Chevrolet Park, Bloemfontein",ci:393273,ER Links,3.0,16,0,cricsheet
cs575183,2012-13,2013-03-26,1,TIT,KNG,"Chevrolet Park, Bloemfontein",ci:46538,M Morkel,4.0,19,4,cricsheet
cs575183,2012-13,2013-03-26,1,TIT,KNG,"Chevrolet Park, Bloemfontein",ci:47569,AC Thomas,4.0,23,0,cricsheet
cs575183,2012-13,2013-03-26,1,TIT,KNG,"Chevrolet Park, Bloemfontein",ci:46248,JA Morkel,3.0,25,0,cricsheet
cs575183,2012-13,2013-03-26,1,TIT,KNG,"Chevrolet Park, Bloemfontein",ci:38407,SB Styris,2.0,12,0,cricsheet
cs575183,2012-13,2013-03-26,1,TIT,KNG,"Chevrolet Park, Bloemfontein",ci:47850,RE van der Merwe,3.0,23,1,cricsheet
cs575183,2012-13,2013-03-26,1,TIT,KNG,"Chevrolet Park, Bloemfontein",ci:44752,H Davids,1.0,7,1,cricsheet
cs575183,2012-13,2013-03-26,2,KNG,TIT,"Chevrolet Park, Bloemfontein",ci:47693,JJ van der Wath,4.0,29,0,cricsheet
cs575183,2012-13,2013-03-26,2,KNG,TIT,"Chevrolet Park, Bloemfontein",ci:46393,R McLaren,4.0,28,1,cricsheet
cs575183,2012-13,2013-03-26,2,KNG,TIT,"Chevrolet Park, Bloemfontein",ci:230861,MP Siboto,3.0,22,0,cricsheet
cs575183,2012-13,2013-03-26,2,KNG,TIT,"Chevrolet Park, Bloemfontein",ci:44091,N Boje,4.0,15,1,cricsheet
cs575183,2012-13,2013-03-26,2,KNG,TIT,"Chevrolet Park, Bloemfontein",ci:334621,SC van Schalkwyk,2.2,22,0,cricsheet
cs575183,2012-13,2013-03-26,2,KNG,TIT,"Chevrolet Park, Bloemfontein",ci:230852,D Elgar,2.0,17,0,cricsheet
cs575184,2012-13,2013-03-28,1,WAR,WPR,"Newlands, Cape Town",ci:432960,SR Harmer,4.0,26,1,cricsheet
cs575184,2012-13,2013-03-28,1,WAR,WPR,"Newlands, Cape Town",ci:265564,WD Parnell,3.0,19,1,cricsheet
cs575184,2012-13,2013-03-28,1,WAR,WPR,"Newlands, Cape Town",ci:223642,J Theron,4.0,35,2,cricsheet
cs575184,2012-13,2013-03-28,1,WAR,WPR,"Newlands, Cape Town",ci:46159,L Mbane,4.0,19,0,cricsheet
cs575184,2012-13,2013-03-28,1,WAR,WPR,"Newlands, Cape Town",ci:18632,SR Patel,4.0,25,1,cricsheet
cs575184,2012-13,2013-03-28,2,WPR,WAR,"Newlands, Cape Town",ci:379927,BE Hendricks,2.0,27,0,cricsheet
cs575184,2012-13,2013-03-28,2,WPR,WAR,"Newlands, Cape Town",ci:46075,J Louw,2.0,8,1,cricsheet
cs575184,2012-13,2013-03-28,2,WPR,WAR,"Newlands, Cape Town",ci:277798,FC Plaatjies,1.0,16,0,cricsheet
cs575184,2012-13,2013-03-28,2,WPR,WAR,"Newlands, Cape Town",ci:45797,JM Kemp,1.0,17,0,cricsheet
cs575184,2012-13,2013-03-28,2,WPR,WAR,"Newlands, Cape Town",ci:379926,DL Piedt,3.3,31,1,cricsheet
cs575184,2012-13,2013-03-28,2,WPR,WAR,"Newlands, Cape Town",ci:46681,JL Ontong,3.0,29,0,cricsheet
cs575185,2012-13,2013-03-28,1,DOL,LIONS,"New Wanderers Stadium, Johannesburg",ci:224367,YA Abdulla,4.0,46,0,cricsheet
cs575185,2012-13,2013-03-28,1,DOL,LIONS,"New Wanderers Stadium, Johannesburg",ci:230860,M Shezi,4.0,50,1,cricsheet
cs575185,2012-13,2013-03-28,1,DOL,LIONS,"New Wanderers Stadium, Johannesburg",ci:297583,KJ Abbott,4.0,19,2,cricsheet
cs575185,2012-13,2013-03-28,1,DOL,LIONS,"New Wanderers Stadium, Johannesburg",ci:322810,CS Delport,2.0,31,0,cricsheet
cs575185,2012-13,2013-03-28,1,DOL,LIONS,"New Wanderers Stadium, Johannesburg",ci:267724,KA Maharaj,3.0,32,0,cricsheet
cs575185,2012-13,2013-03-28,1,DOL,LIONS,"New Wanderers Stadium, Johannesburg",ci:10582,RS Bopara,3.0,17,1,cricsheet
cs575185,2012-13,2013-03-28,2,LIONS,DOL,"New Wanderers Stadium, Johannesburg",ci:375126,GC Viljoen,4.0,22,2,cricsheet
cs575185,2012-13,2013-03-28,2,LIONS,DOL,"New Wanderers Stadium, Johannesburg",ci:439952,CH Morris,4.0,25,2,cricsheet
cs575185,2012-13,2013-03-28,2,LIONS,DOL,"New Wanderers Stadium, Johannesburg",ci:327830,D Pretorius,3.0,30,1,cricsheet
cs575185,2012-13,2013-03-28,2,LIONS,DOL,"New Wanderers Stadium, Johannesburg",ci:40618,Imran Tahir,4.0,25,1,cricsheet
cs575185,2012-13,2013-03-28,2,LIONS,DOL,"New Wanderers Stadium, Johannesburg",ci:46942,AM Phangiso,4.0,34,0,cricsheet
cs575185,2012-13,2013-03-28,2,LIONS,DOL,"New Wanderers Stadium, Johannesburg",ci:46934,AN Petersen,1.0,4,1,cricsheet
cs575186,2012-13,2013-04-03,1,TIT,WAR,"Buffalo Park, East London",ci:47850,RE van der Merwe,4.0,22,1,cricsheet
cs575186,2012-13,2013-04-03,1,TIT,WAR,"Buffalo Park, East London",ci:47569,AC Thomas,4.0,24,5,cricsheet
cs575186,2012-13,2013-04-03,1,TIT,WAR,"Buffalo Park, East London",ci:46538,M Morkel,4.0,32,3,cricsheet
cs575186,2012-13,2013-04-03,1,TIT,WAR,"Buffalo Park, East London",ci:46248,JA Morkel,4.0,21,0,cricsheet
cs575186,2012-13,2013-04-03,1,TIT,WAR,"Buffalo Park, East London",ci:393273,ER Links,2.0,16,0,cricsheet
cs575186,2012-13,2013-04-03,1,TIT,WAR,"Buffalo Park, East London",ci:44752,H Davids,1.0,5,0,cricsheet
cs575186,2012-13,2013-04-03,1,TIT,WAR,"Buffalo Park, East London",ci:221140,D Wiese,1.0,4,0,cricsheet
cs575186,2012-13,2013-04-03,2,WAR,TIT,"Buffalo Park, East London",ci:265564,WD Parnell,4.0,30,1,cricsheet
cs575186,2012-13,2013-04-03,2,WAR,TIT,"Buffalo Park, East London",ci:223642,J Theron,3.5,17,1,cricsheet
cs575186,2012-13,2013-04-03,2,WAR,TIT,"Buffalo Park, East London",ci:46159,L Mbane,2.0,9,2,cricsheet
cs575186,2012-13,2013-04-03,2,WAR,TIT,"Buffalo Park, East London",ci:322818,A Gqamane,2.0,9,1,cricsheet
cs575186,2012-13,2013-04-03,2,WAR,TIT,"Buffalo Park, East London",ci:18632,SR Patel,4.0,18,1,cricsheet
cs575186,2012-13,2013-04-03,2,WAR,TIT,"Buffalo Park, East London",ci:432960,SR Harmer,4.0,38,0,cricsheet
cs575187,2012-13,2013-04-07,1,TIT,LIONS,"New Wanderers Stadium, Johannesburg",ci:393273,ER Links,4.0,30,0,cricsheet
cs575187,2012-13,2013-04-07,1,TIT,LIONS,"New Wanderers Stadium, Johannesburg",ci:393279,M de Lange,4.0,31,1,cricsheet
cs575187,2012-13,2013-04-07,1,TIT,LIONS,"New Wanderers Stadium, Johannesburg",ci:46538,M Morkel,4.0,27,1,cricsheet
cs575187,2012-13,2013-04-07,1,TIT,LIONS,"New Wanderers Stadium, Johannesburg",ci:46248,JA Morkel,2.3,14,1,cricsheet
cs575187,2012-13,2013-04-07,1,TIT,LIONS,"New Wanderers Stadium, Johannesburg",ci:47850,RE van der Merwe,2.0,21,1,cricsheet
cs575187,2012-13,2013-04-07,1,TIT,LIONS,"New Wanderers Stadium, Johannesburg",ci:44752,H Davids,2.0,12,1,cricsheet
cs575187,2012-13,2013-04-07,1,TIT,LIONS,"New Wanderers Stadium, Johannesburg",ci:221140,D Wiese,1.3,11,0,cricsheet
cs575187,2012-13,2013-04-07,2,LIONS,TIT,"New Wanderers Stadium, Johannesburg",ci:46942,AM Phangiso,4.0,25,2,cricsheet
cs575187,2012-13,2013-04-07,2,LIONS,TIT,"New Wanderers Stadium, Johannesburg",ci:43265,Sohail Tanvir,3.0,21,2,cricsheet
cs575187,2012-13,2013-04-07,2,LIONS,TIT,"New Wanderers Stadium, Johannesburg",ci:375126,GC Viljoen,4.0,25,2,cricsheet
cs575187,2012-13,2013-04-07,2,LIONS,TIT,"New Wanderers Stadium, Johannesburg",ci:439952,CH Morris,3.1,18,2,cricsheet
cs575187,2012-13,2013-04-07,2,LIONS,TIT,"New Wanderers Stadium, Johannesburg",ci:40618,Imran Tahir,4.0,26,2,cricsheet
cs652257,2013-14,2014-01-08,1,WAR,KNG,"Buffalo Park, East London",ci:44413,ACR Birch,4.0,30,1,cricsheet
cs652257,2013-14,2014-01-08,1,WAR,KNG,"Buffalo Park, East London",ci:265564,WD Parnell,2.0,15,1,cricsheet
cs652257,2013-14,2014-01-08,1,WAR,KNG,"Buffalo Park, East London",ci:223642,J Theron,4.0,16,1,cricsheet
cs652257,2013-14,2014-01-08,1,WAR,KNG,"Buffalo Park, East London",ci:432960,SR Harmer,4.0,22,0,cricsheet
cs652257,2013-14,2014-01-08,1,WAR,KNG,"Buffalo Park, East London",ci:280490,JT Smuts,3.0,18,2,cricsheet
cs652257,2013-14,2014-01-08,1,WAR,KNG,"Buffalo Park, East London",ci:46159,L Mbane,3.0,11,1,cricsheet
cs652257,2013-14,2014-01-08,2,KNG,WAR,"Buffalo Park, East London",ci:47693,JJ van der Wath,4.0,23,1,cricsheet
cs652257,2013-14,2014-01-08,2,KNG,WAR,"Buffalo Park, East London",ci:46393,R McLaren,4.0,22,0,cricsheet
cs652257,2013-14,2014-01-08,2,KNG,WAR,"Buffalo Park, East London",ci:230861,MP Siboto,3.3,28,2,cricsheet
cs652257,2013-14,2014-01-08,2,KNG,WAR,"Buffalo Park, East London",ci:44091,N Boje,4.0,16,2,cricsheet
cs652257,2013-14,2014-01-08,2,KNG,WAR,"Buffalo Park, East London",ci:328160,AJ Pienaar,1.0,13,0,cricsheet
cs652257,2013-14,2014-01-08,2,KNG,WAR,"Buffalo Park, East London",ci:230852,D Elgar,3.0,14,0,cricsheet
cs652259,2013-14,2014-01-10,1,DOL,KNG,"Diamond Oval, Kimberley",ci:297583,KJ Abbott,4.0,26,1,cricsheet
cs652259,2013-14,2014-01-10,1,DOL,KNG,"Diamond Oval, Kimberley",ci:267724,KA Maharaj,4.0,35,1,cricsheet
cs652259,2013-14,2014-01-10,1,DOL,KNG,"Diamond Oval, Kimberley",ci:45204,R Frylinck,3.0,23,0,cricsheet
cs652259,2013-14,2014-01-10,1,DOL,KNG,"Diamond Oval, Kimberley",ci:44019,CJ Alexander,4.0,36,2,cricsheet
cs652259,2013-14,2014-01-10,1,DOL,KNG,"Diamond Oval, Kimberley",ci:47490,D Smit,3.0,30,0,cricsheet
cs652259,2013-14,2014-01-10,1,DOL,KNG,"Diamond Oval, Kimberley",ci:322810,CS Delport,2.0,25,0,cricsheet
cs652259,2013-14,2014-01-10,2,KNG,DOL,"Diamond Oval, Kimberley",ci:47693,JJ van der Wath,3.0,36,0,cricsheet
cs652259,2013-14,2014-01-10,2,KNG,DOL,"Diamond Oval, Kimberley",ci:46393,R McLaren,3.5,41,2,cricsheet
cs652259,2013-14,2014-01-10,2,KNG,DOL,"Diamond Oval, Kimberley",ci:230861,MP Siboto,4.0,29,1,cricsheet
cs652259,2013-14,2014-01-10,2,KNG,DOL,"Diamond Oval, Kimberley",ci:230852,D Elgar,3.0,19,1,cricsheet
cs652259,2013-14,2014-01-10,2,KNG,DOL,"Diamond Oval, Kimberley",ci:44091,N Boje,4.0,41,2,cricsheet
cs652259,2013-14,2014-01-10,2,KNG,DOL,"Diamond Oval, Kimberley",ci:328160,AJ Pienaar,1.0,7,0,cricsheet
cs652261,2013-14,2014-01-09,1,TIT,WPR,"SuperSport Park, Centurion",ci:47850,RE van der Merwe,4.0,18,2,cricsheet
cs652261,2013-14,2014-01-09,1,TIT,WPR,"SuperSport Park, Centurion",ci:46248,JA Morkel,2.0,16,0,cricsheet
cs652261,2013-14,2014-01-09,1,TIT,WPR,"SuperSport Park, Centurion",ci:46526,NE Mbhalati,2.0,23,0,cricsheet
cs652261,2013-14,2014-01-09,1,TIT,WPR,"SuperSport Park, Centurion",ci:221140,D Wiese,1.0,11,0,cricsheet
cs652261,2013-14,2014-01-09,1,TIT,WPR,"SuperSport Park, Centurion",ci:44752,H Davids,1.0,12,0,cricsheet
cs652261,2013-14,2014-01-09,1,TIT,WPR,"SuperSport Park, Centurion",ci:221324,RR Richards,2.0,12,2,cricsheet
cs652261,2013-14,2014-01-09,1,TIT,WPR,"SuperSport Park, Centurion",ci:44828,F du Plessis,1.1,3,0,cricsheet
cs652261,2013-14,2014-01-09,2,WPR,TIT,"SuperSport Park, Centurion",ci:45949,RK Kleinveldt,2.0,21,1,cricsheet
cs652261,2013-14,2014-01-09,2,WPR,TIT,"SuperSport Park, Centurion",ci:379927,BE Hendricks,1.3,18,1,cricsheet
cs652261,2013-14,2014-01-09,2,WPR,TIT,"SuperSport Park, Centurion",ci:45797,JM Kemp,2.0,10,2,cricsheet
cs652261,2013-14,2014-01-09,2,WPR,TIT,"SuperSport Park, Centurion",ci:44932,JP Duminy,2.0,18,0,cricsheet
cs652261,2013-14,2014-01-09,2,WPR,TIT,"SuperSport Park, Centurion",ci:46750,RJ Peterson,2.0,17,0,cricsheet
cs652263,2013-14,2014-01-11,1,WAR,WPR,"St George's Park, Port Elizabeth",ci:44413,ACR Birch,2.0,32,0,cricsheet
cs652263,2013-14,2014-01-11,1,WAR,WPR,"St George's Park, Port Elizabeth",ci:265564,WD Parnell,4.0,31,1,cricsheet
cs652263,2013-14,2014-01-11,1,WAR,WPR,"St George's Park, Port Elizabeth",ci:432960,SR Harmer,4.0,30,1,cricsheet
cs652263,2013-14,2014-01-11,1,WAR,WPR,"St George's Park, Port Elizabeth",ci:223642,J Theron,4.0,25,2,cricsheet
cs652263,2013-14,2014-01-11,1,WAR,WPR,"St George's Park, Port Elizabeth",ci:280490,JT Smuts,3.0,16,1,cricsheet
cs652263,2013-14,2014-01-11,1,WAR,WPR,"St George's Park, Port Elizabeth",ci:46159,L Mbane,3.0,24,1,cricsheet
cs652263,2013-14,2014-01-11,2,WPR,WAR,"St George's Park, Port Elizabeth",ci:45949,RK Kleinveldt,4.0,23,2,cricsheet
cs652263,2013-14,2014-01-11,2,WPR,WAR,"St George's Park, Port Elizabeth",ci:379927,BE Hendricks,4.0,15,1,cricsheet
cs652263,2013-14,2014-01-11,2,WPR,WAR,"St George's Park, Port Elizabeth",ci:45797,JM Kemp,4.0,40,1,cricsheet
cs652263,2013-14,2014-01-11,2,WPR,WAR,"St George's Park, Port Elizabeth",ci:44932,JP Duminy,2.0,7,1,cricsheet
cs652263,2013-14,2014-01-11,2,WPR,WAR,"St George's Park, Port Elizabeth",ci:46750,RJ Peterson,2.0,22,1,cricsheet
cs652263,2013-14,2014-01-11,2,WPR,WAR,"St George's Park, Port Elizabeth",ci:314991,A Mgijima,4.0,31,2,cricsheet
cs652265,2013-14,2014-01-05,1,TIT,DOL,"Newlands, Cape Town",ci:47850,RE van der Merwe,3.0,13,0,cricsheet
cs652265,2013-14,2014-01-05,1,TIT,DOL,"Newlands, Cape Town",ci:46526,NE Mbhalati,4.0,35,1,cricsheet
cs652265,2013-14,2014-01-05,1,TIT,DOL,"Newlands, Cape Town",ci:46248,JA Morkel,4.0,22,0,cricsheet
cs652265,2013-14,2014-01-05,1,TIT,DOL,"Newlands, Cape Town",ci:44752,H Davids,4.0,22,1,cricsheet
cs652265,2013-14,2014-01-05,1,TIT,DOL,"Newlands, Cape Town",ci:221324,RR Richards,3.0,23,0,cricsheet
cs652265,2013-14,2014-01-05,1,TIT,DOL,"Newlands, Cape Town",ci:221140,D Wiese,2.0,35,0,cricsheet
cs652265,2013-14,2014-01-05,2,DOL,TIT,"Newlands, Cape Town",ci:297583,KJ Abbott,4.0,21,2,cricsheet
cs652265,2013-14,2014-01-05,2,DOL,TIT,"Newlands, Cape Town",ci:44019,CJ Alexander,3.0,17,1,cricsheet
cs652265,2013-14,2014-01-05,2,DOL,TIT,"Newlands, Cape Town",ci:45204,R Frylinck,4.0,42,0,cricsheet
cs652265,2013-14,2014-01-05,2,DOL,TIT,"Newlands, Cape Town",ci:267724,KA Maharaj,4.0,27,1,cricsheet
cs652265,2013-14,2014-01-05,2,DOL,TIT,"Newlands, Cape Town",ci:47490,D Smit,4.0,25,2,cricsheet
cs652265,2013-14,2014-01-05,2,DOL,TIT,"Newlands, Cape Town",ci:322810,CS Delport,1.0,9,0,cricsheet
cs652267,2013-14,2014-01-12,1,KNG,LIONS,"Chevrolet Park, Bloemfontein",ci:47693,JJ van der Wath,4.0,30,1,cricsheet
cs652267,2013-14,2014-01-12,1,KNG,LIONS,"Chevrolet Park, Bloemfontein",ci:46393,R McLaren,4.0,32,0,cricsheet
cs652267,2013-14,2014-01-12,1,KNG,LIONS,"Chevrolet Park, Bloemfontein",ci:44938,D du Preez,3.0,22,1,cricsheet
cs652267,2013-14,2014-01-12,1,KNG,LIONS,"Chevrolet Park, Bloemfontein",ci:230861,MP Siboto,2.0,18,0,cricsheet
cs652267,2013-14,2014-01-12,1,KNG,LIONS,"Chevrolet Park, Bloemfontein",ci:44091,N Boje,3.0,24,0,cricsheet
cs652267,2013-14,2014-01-12,1,KNG,LIONS,"Chevrolet Park, Bloemfontein",ci:230852,D Elgar,4.0,22,1,cricsheet
cs652267,2013-14,2014-01-12,2,LIONS,KNG,"Chevrolet Park, Bloemfontein",ci:43265,Sohail Tanvir,4.0,34,0,cricsheet
cs652267,2013-14,2014-01-12,2,LIONS,KNG,"Chevrolet Park, Bloemfontein",ci:439952,CH Morris,4.0,36,1,cricsheet
cs652267,2013-14,2014-01-12,2,LIONS,KNG,"Chevrolet Park, Bloemfontein",ci:39024,Azhar Mahmood,3.0,16,0,cricsheet
cs652267,2013-14,2014-01-12,2,LIONS,KNG,"Chevrolet Park, Bloemfontein",ci:40618,Imran Tahir,3.4,30,0,cricsheet
cs652267,2013-14,2014-01-12,2,LIONS,KNG,"Chevrolet Park, Bloemfontein",ci:46942,AM Phangiso,3.0,29,0,cricsheet
cs652267,2013-14,2014-01-12,2,LIONS,KNG,"Chevrolet Park, Bloemfontein",ci:327830,D Pretorius,1.0,8,0,cricsheet
cs652269,2013-14,2014-01-15,1,LIONS,WPR,"Boland Park, Paarl",ci:43265,Sohail Tanvir,4.0,46,0,cricsheet
cs652269,2013-14,2014-01-15,1,LIONS,WPR,"Boland Park, Paarl",ci:439952,CH Morris,3.0,34,1,cricsheet
cs652269,2013-14,2014-01-15,1,LIONS,WPR,"Boland Park, Paarl",ci:375126,GC Viljoen,4.0,24,1,cricsheet
cs652269,2013-14,2014-01-15,1,LIONS,WPR,"Boland Park, Paarl",ci:39024,Azhar Mahmood,3.0,32,0,cricsheet
cs652269,2013-14,2014-01-15,1,LIONS,WPR,"Boland Park, Paarl",ci:40618,Imran Tahir,3.0,25,0,cricsheet
cs652269,2013-14,2014-01-15,1,LIONS,WPR,"Boland Park, Paarl",ci:46942,AM Phangiso,3.0,24,0,cricsheet
cs652269,2013-14,2014-01-15,2,WPR,LIONS,"Boland Park, Paarl",ci:379927,BE Hendricks,4.0,35,2,cricsheet
cs652269,2013-14,2014-01-15,2,WPR,LIONS,"Boland Park, Paarl",ci:46945,VD Philander,4.0,36,2,cricsheet
cs652269,2013-14,2014-01-15,2,WPR,LIONS,"Boland Park, Paarl",ci:45949,RK Kleinveldt,4.0,32,0,cricsheet
cs652269,2013-14,2014-01-15,2,WPR,LIONS,"Boland Park, Paarl",ci:44932,JP Duminy,2.0,23,0,cricsheet
cs652269,2013-14,2014-01-15,2,WPR,LIONS,"Boland Park, Paarl",ci:314991,A Mgijima,2.0,22,0,cricsheet
cs652269,2013-14,2014-01-15,2,WPR,LIONS,"Boland Park, Paarl",ci:46750,RJ Peterson,4.0,19,3,cricsheet
cs652273,2013-14,2014-01-17,1,KNG,WPR,"Chevrolet Park, Bloemfontein",ci:47693,JJ van der Wath,4.0,35,2,cricsheet
cs652273,2013-14,2014-01-17,1,KNG,WPR,"Chevrolet Park, Bloemfontein",ci:46393,R McLaren,3.0,42,1,cricsheet
cs652273,2013-14,2014-01-17,1,KNG,WPR,"Chevrolet Park, Bloemfontein",ci:44938,D du Preez,2.0,33,0,cricsheet
cs652273,2013-14,2014-01-17,1,KNG,WPR,"Chevrolet Park, Bloemfontein",ci:44091,N Boje,4.0,29,0,cricsheet
cs652273,2013-14,2014-01-17,1,KNG,WPR,"Chevrolet Park, Bloemfontein",ci:230861,MP Siboto,4.0,40,0,cricsheet
cs652273,2013-14,2014-01-17,1,KNG,WPR,"Chevrolet Park, Bloemfontein",ci:230852,D Elgar,3.0,28,0,cricsheet
cs652273,2013-14,2014-01-17,2,WPR,KNG,"Chevrolet Park, Bloemfontein",ci:46750,RJ Peterson,4.0,38,2,cricsheet
cs652273,2013-14,2014-01-17,2,WPR,KNG,"Chevrolet Park, Bloemfontein",ci:379927,BE Hendricks,4.0,36,2,cricsheet
cs652273,2013-14,2014-01-17,2,WPR,KNG,"Chevrolet Park, Bloemfontein",ci:46945,VD Philander,4.0,20,0,cricsheet
cs652273,2013-14,2014-01-17,2,WPR,KNG,"Chevrolet Park, Bloemfontein",ci:230558,SP Narine,4.0,18,2,cricsheet
cs652273,2013-14,2014-01-17,2,WPR,KNG,"Chevrolet Park, Bloemfontein",ci:44932,JP Duminy,4.0,16,2,cricsheet
cs652275,2013-14,2014-01-17,1,DOL,WAR,"St George's Park, Port Elizabeth",ci:297583,KJ Abbott,4.0,34,1,cricsheet
cs652275,2013-14,2014-01-17,1,DOL,WAR,"St George's Park, Port Elizabeth",ci:318842,K Zondo,4.0,17,1,cricsheet
cs652275,2013-14,2014-01-17,1,DOL,WAR,"St George's Park, Port Elizabeth",ci:44019,CJ Alexander,1.0,16,0,cricsheet
cs652275,2013-14,2014-01-17,1,DOL,WAR,"St George's Park, Port Elizabeth",ci:45204,R Frylinck,4.0,28,2,cricsheet
cs652275,2013-14,2014-01-17,1,DOL,WAR,"St George's Park, Port Elizabeth",ci:267724,KA Maharaj,4.0,31,2,cricsheet
cs652275,2013-14,2014-01-17,1,DOL,WAR,"St George's Park, Port Elizabeth",ci:47490,D Smit,3.0,23,1,cricsheet
cs652275,2013-14,2014-01-17,2,WAR,DOL,"St George's Park, Port Elizabeth",ci:44413,ACR Birch,4.0,22,2,cricsheet
cs652275,2013-14,2014-01-17,2,WAR,DOL,"St George's Park, Port Elizabeth",ci:265564,WD Parnell,2.0,31,0,cricsheet
cs652275,2013-14,2014-01-17,2,WAR,DOL,"St George's Park, Port Elizabeth",ci:223642,J Theron,4.0,26,2,cricsheet
cs652275,2013-14,2014-01-17,2,WAR,DOL,"St George's Park, Port Elizabeth",ci:432960,SR Harmer,4.0,26,0,cricsheet
cs652275,2013-14,2014-01-17,2,WAR,DOL,"St George's Park, Port Elizabeth",ci:280490,JT Smuts,2.0,16,0,cricsheet
cs652275,2013-14,2014-01-17,2,WAR,DOL,"St George's Park, Port Elizabeth",ci:46159,L Mbane,4.0,30,4,cricsheet
cs652277,2013-14,2014-01-17,1,LIONS,TIT,"Senwes Park, Potchefstroom",ci:39024,Azhar Mahmood,4.0,33,2,cricsheet
cs652277,2013-14,2014-01-17,1,LIONS,TIT,"Senwes Park, Potchefstroom",ci:439952,CH Morris,3.0,16,2,cricsheet
cs652277,2013-14,2014-01-17,1,LIONS,TIT,"Senwes Park, Potchefstroom",ci:375126,GC Viljoen,4.0,30,2,cricsheet
cs652277,2013-14,2014-01-17,1,LIONS,TIT,"Senwes Park, Potchefstroom",ci:46942,AM Phangiso,4.0,32,2,cricsheet
cs652277,2013-14,2014-01-17,1,LIONS,TIT,"Senwes Park, Potchefstroom",ci:40618,Imran Tahir,4.0,37,0,cricsheet
cs652277,2013-14,2014-01-17,1,LIONS,TIT,"Senwes Park, Potchefstroom",ci:327830,D Pretorius,1.0,9,0,cricsheet
cs652277,2013-14,2014-01-17,2,TIT,LIONS,"Senwes Park, Potchefstroom",ci:44752,H Davids,3.0,22,1,cricsheet
cs652277,2013-14,2014-01-17,2,TIT,LIONS,"Senwes Park, Potchefstroom",ci:46538,M Morkel,4.0,14,0,cricsheet
cs652277,2013-14,2014-01-17,2,TIT,LIONS,"Senwes Park, Potchefstroom",ci:46526,NE Mbhalati,3.0,26,0,cricsheet
cs652277,2013-14,2014-01-17,2,TIT,LIONS,"Senwes Park, Potchefstroom",ci:221140,D Wiese,3.0,36,0,cricsheet
cs652277,2013-14,2014-01-17,2,TIT,LIONS,"Senwes Park, Potchefstroom",ci:46248,JA Morkel,3.0,16,0,cricsheet
cs652277,2013-14,2014-01-17,2,TIT,LIONS,"Senwes Park, Potchefstroom",ci:47850,RE van der Merwe,4.0,32,2,cricsheet
cs652279,2013-14,2014-01-19,1,LIONS,WAR,"Buffalo Park, East London",ci:43265,Sohail Tanvir,4.0,25,1,cricsheet
cs652279,2013-14,2014-01-19,1,LIONS,WAR,"Buffalo Park, East London",ci:439952,CH Morris,3.0,27,2,cricsheet
cs652279,2013-14,2014-01-19,1,LIONS,WAR,"Buffalo Park, East London",ci:375126,GC Viljoen,2.0,23,0,cricsheet
cs652279,2013-14,2014-01-19,1,LIONS,WAR,"Buffalo Park, East London",ci:39024,Azhar Mahmood,4.0,24,1,cricsheet
cs652279,2013-14,2014-01-19,1,LIONS,WAR,"Buffalo Park, East London",ci:40618,Imran Tahir,4.0,32,0,cricsheet
cs652279,2013-14,2014-01-19,1,LIONS,WAR,"Buffalo Park, East London",ci:46942,AM Phangiso,3.0,23,1,cricsheet
cs652279,2013-14,2014-01-19,2,WAR,LIONS,"Buffalo Park, East London",ci:432960,SR Harmer,4.0,26,1,cricsheet
cs652279,2013-14,2014-01-19,2,WAR,LIONS,"Buffalo Park, East London",ci:265564,WD Parnell,2.0,16,0,cricsheet
cs652279,2013-14,2014-01-19,2,WAR,LIONS,"Buffalo Park, East London",ci:44413,ACR Birch,2.0,21,0,cricsheet
cs652279,2013-14,2014-01-19,2,WAR,LIONS,"Buffalo Park, East London",ci:223642,J Theron,4.0,25,1,cricsheet
cs652279,2013-14,2014-01-19,2,WAR,LIONS,"Buffalo Park, East London",ci:46159,L Mbane,4.0,43,3,cricsheet
cs652279,2013-14,2014-01-19,2,WAR,LIONS,"Buffalo Park, East London",ci:280490,JT Smuts,4.0,22,2,cricsheet
cs652281,2013-14,2014-01-19,1,DOL,WPR,"Kingsmead, Durban",ci:297583,KJ Abbott,4.0,30,1,cricsheet
cs652281,2013-14,2014-01-19,1,DOL,WPR,"Kingsmead, Durban",ci:44019,CJ Alexander,4.0,41,1,cricsheet
cs652281,2013-14,2014-01-19,1,DOL,WPR,"Kingsmead, Durban",ci:45204,R Frylinck,4.0,21,3,cricsheet
cs652281,2013-14,2014-01-19,1,DOL,WPR,"Kingsmead, Durban",ci:318842,K Zondo,3.0,32,0,cricsheet
cs652281,2013-14,2014-01-19,1,DOL,WPR,"Kingsmead, Durban",ci:267724,KA Maharaj,3.0,21,1,cricsheet
cs652281,2013-14,2014-01-19,1,DOL,WPR,"Kingsmead, Durban",ci:47490,D Smit,2.0,12,0,cricsheet
cs652281,2013-14,2014-01-19,2,WPR,DOL,"Kingsmead, Durban",ci:379927,BE Hendricks,4.0,32,4,cricsheet
cs652281,2013-14,2014-01-19,2,WPR,DOL,"Kingsmead, Durban",ci:46945,VD Philander,4.0,23,0,cricsheet
cs652281,2013-14,2014-01-19,2,WPR,DOL,"Kingsmead, Durban",ci:230558,SP Narine,4.0,24,2,cricsheet
cs652281,2013-14,2014-01-19,2,WPR,DOL,"Kingsmead, Durban",ci:44932,JP Duminy,3.0,19,1,cricsheet
cs652281,2013-14,2014-01-19,2,WPR,DOL,"Kingsmead, Durban",ci:46750,RJ Peterson,3.0,21,0,cricsheet
cs652281,2013-14,2014-01-19,2,WPR,DOL,"Kingsmead, Durban",ci:314991,A Mgijima,2.0,12,1,cricsheet
cs652283,2013-14,2014-01-19,1,KNG,TIT,"SuperSport Park, Centurion",ci:47693,JJ van der Wath,4.0,17,1,cricsheet
cs652283,2013-14,2014-01-19,1,KNG,TIT,"SuperSport Park, Centurion",ci:46393,R McLaren,4.0,28,1,cricsheet
cs652283,2013-14,2014-01-19,1,KNG,TIT,"SuperSport Park, Centurion",ci:230861,MP Siboto,4.0,19,4,cricsheet
cs652283,2013-14,2014-01-19,1,KNG,TIT,"SuperSport Park, Centurion",ci:280267,RK Terblanche,4.0,37,2,cricsheet
cs652283,2013-14,2014-01-19,1,KNG,TIT,"SuperSport Park, Centurion",ci:44091,N Boje,3.0,26,1,cricsheet
cs652283,2013-14,2014-01-19,1,KNG,TIT,"SuperSport Park, Centurion",ci:230852,D Elgar,1.0,16,0,cricsheet
cs652283,2013-14,2014-01-19,2,TIT,KNG,"SuperSport Park, Centurion",ci:46248,JA Morkel,2.0,19,1,cricsheet
cs652283,2013-14,2014-01-19,2,TIT,KNG,"SuperSport Park, Centurion",ci:46538,M Morkel,3.5,17,1,cricsheet
cs652283,2013-14,2014-01-19,2,TIT,KNG,"SuperSport Park, Centurion",ci:44752,H Davids,3.0,32,0,cricsheet
cs652283,2013-14,2014-01-19,2,TIT,KNG,"SuperSport Park, Centurion",ci:46526,NE Mbhalati,4.0,27,1,cricsheet
cs652283,2013-14,2014-01-19,2,TIT,KNG,"SuperSport Park, Centurion",ci:47850,RE van der Merwe,4.0,32,0,cricsheet
cs652283,2013-14,2014-01-19,2,TIT,KNG,"SuperSport Park, Centurion",ci:221140,D Wiese,1.0,11,0,cricsheet
cs652283,2013-14,2014-01-19,2,TIT,KNG,"SuperSport Park, Centurion",ci:44828,F du Plessis,1.0,9,0,cricsheet
cs652285,2013-14,2014-01-22,1,TIT,WPR,"Newlands, Cape Town",ci:47850,RE van der Merwe,4.0,17,1,cricsheet
cs652285,2013-14,2014-01-22,1,TIT,WPR,"Newlands, Cape Town",ci:46538,M Morkel,4.0,11,2,cricsheet
cs652285,2013-14,2014-01-22,1,TIT,WPR,"Newlands, Cape Town",ci:46526,NE Mbhalati,2.0,17,1,cricsheet
cs652285,2013-14,2014-01-22,1,TIT,WPR,"Newlands, Cape Town",ci:42699,Saeed Ajmal,4.0,21,3,cricsheet
cs652285,2013-14,2014-01-22,1,TIT,WPR,"Newlands, Cape Town",ci:221140,D Wiese,1.0,9,0,cricsheet
cs652285,2013-14,2014-01-22,1,TIT,WPR,"Newlands, Cape Town",ci:46248,JA Morkel,3.0,27,0,cricsheet
cs652285,2013-14,2014-01-22,1,TIT,WPR,"Newlands, Cape Town",ci:44752,H Davids,2.0,24,1,cricsheet
cs652285,2013-14,2014-01-22,2,WPR,TIT,"Newlands, Cape Town",ci:379927,BE Hendricks,4.0,18,3,cricsheet
cs652285,2013-14,2014-01-22,2,WPR,TIT,"Newlands, Cape Town",ci:45949,RK Kleinveldt,4.0,20,0,cricsheet
cs652285,2013-14,2014-01-22,2,WPR,TIT,"Newlands, Cape Town",ci:230558,SP Narine,4.0,23,1,cricsheet
cs652285,2013-14,2014-01-22,2,WPR,TIT,"Newlands, Cape Town",ci:46750,RJ Peterson,4.0,29,2,cricsheet
cs652285,2013-14,2014-01-22,2,WPR,TIT,"Newlands, Cape Town",ci:314991,A Mgijima,1.0,11,0,cricsheet
cs652285,2013-14,2014-01-22,2,WPR,TIT,"Newlands, Cape Town",ci:44932,JP Duminy,3.0,13,0,cricsheet
cs652289,2013-14,2014-01-22,1,WAR,KNG,"Diamond Oval, Kimberley",ci:265564,WD Parnell,4.0,21,1,cricsheet
cs652289,2013-14,2014-01-22,1,WAR,KNG,"Diamond Oval, Kimberley",ci:44413,ACR Birch,4.0,29,1,cricsheet
cs652289,2013-14,2014-01-22,1,WAR,KNG,"Diamond Oval, Kimberley",ci:223642,J Theron,4.0,31,2,cricsheet
cs652289,2013-14,2014-01-22,1,WAR,KNG,"Diamond Oval, Kimberley",ci:432960,SR Harmer,4.0,26,1,cricsheet
cs652289,2013-14,2014-01-22,1,WAR,KNG,"Diamond Oval, Kimberley",ci:280490,JT Smuts,2.0,11,0,cricsheet
cs652289,2013-14,2014-01-22,1,WAR,KNG,"Diamond Oval, Kimberley",ci:46159,L Mbane,2.0,22,0,cricsheet
cs652289,2013-14,2014-01-22,2,KNG,WAR,"Diamond Oval, Kimberley",ci:44938,D du Preez,3.0,17,2,cricsheet
cs652289,2013-14,2014-01-22,2,KNG,WAR,"Diamond Oval, Kimberley",ci:47693,JJ van der Wath,4.0,37,0,cricsheet
cs652289,2013-14,2014-01-22,2,KNG,WAR,"Diamond Oval, Kimberley",ci:46393,R McLaren,4.0,29,2,cricsheet
cs652289,2013-14,2014-01-22,2,KNG,WAR,"Diamond Oval, Kimberley",ci:230861,MP Siboto,4.0,24,1,cricsheet
cs652289,2013-14,2014-01-22,2,KNG,WAR,"Diamond Oval, Kimberley",ci:44660,WL Coetsee,4.0,12,0,cricsheet
cs652289,2013-14,2014-01-22,2,KNG,WAR,"Diamond Oval, Kimberley",ci:280267,RK Terblanche,1.0,16,1,cricsheet
cs652291,2013-14,2014-01-24,1,WPR,DOL,"Boland Park, Paarl",ci:379927,BE Hendricks,4.0,28,2,cricsheet
cs652291,2013-14,2014-01-24,1,WPR,DOL,"Boland Park, Paarl",ci:46945,VD Philander,4.0,25,1,cricsheet
cs652291,2013-14,2014-01-24,1,WPR,DOL,"Boland Park, Paarl",ci:230558,SP Narine,4.0,28,3,cricsheet
cs652291,2013-14,2014-01-24,1,WPR,DOL,"Boland Park, Paarl",ci:45797,JM Kemp,2.0,18,0,cricsheet
cs652291,2013-14,2014-01-24,1,WPR,DOL,"Boland Park, Paarl",ci:314991,A Mgijima,1.0,11,0,cricsheet
cs652291,2013-14,2014-01-24,1,WPR,DOL,"Boland Park, Paarl",ci:46750,RJ Peterson,3.0,26,0,cricsheet
cs652291,2013-14,2014-01-24,1,WPR,DOL,"Boland Park, Paarl",ci:46681,JL Ontong,2.0,9,2,cricsheet
cs652291,2013-14,2014-01-24,2,DOL,WPR,"Boland Park, Paarl",ci:297583,KJ Abbott,4.0,27,0,cricsheet
cs652291,2013-14,2014-01-24,2,DOL,WPR,"Boland Park, Paarl",ci:45204,R Frylinck,4.0,17,1,cricsheet
cs652291,2013-14,2014-01-24,2,DOL,WPR,"Boland Park, Paarl",ci:44019,CJ Alexander,4.0,27,4,cricsheet
cs652291,2013-14,2014-01-24,2,DOL,WPR,"Boland Park, Paarl",ci:267724,KA Maharaj,3.0,32,0,cricsheet
cs652291,2013-14,2014-01-24,2,DOL,WPR,"Boland Park, Paarl",ci:47490,D Smit,2.0,11,1,cricsheet
cs652291,2013-14,2014-01-24,2,DOL,WPR,"Boland Park, Paarl",ci:318842,K Zondo,2.0,16,2,cricsheet
cs652291,2013-14,2014-01-24,2,DOL,WPR,"Boland Park, Paarl",ci:277797,K Nipper,1.0,7,0,cricsheet
cs652293,2013-14,2014-01-24,1,TIT,WAR,"Buffalo Park, East London",ci:46248,JA Morkel,2.0,9,0,cricsheet
cs652293,2013-14,2014-01-24,1,TIT,WAR,"Buffalo Park, East London",ci:46538,M Morkel,3.0,15,3,cricsheet
cs652293,2013-14,2014-01-24,1,TIT,WAR,"Buffalo Park, East London",ci:46526,NE Mbhalati,2.0,13,2,cricsheet
cs652293,2013-14,2014-01-24,1,TIT,WAR,"Buffalo Park, East London",ci:47850,RE van der Merwe,2.0,10,1,cricsheet
cs652293,2013-14,2014-01-24,1,TIT,WAR,"Buffalo Park, East London",ci:42699,Saeed Ajmal,2.4,12,3,cricsheet
cs652297,2013-14,2014-01-26,1,DOL,WAR,"Kingsmead, Durban",ci:297583,KJ Abbott,4.0,21,3,cricsheet
cs652297,2013-14,2014-01-26,1,DOL,WAR,"Kingsmead, Durban",ci:44019,CJ Alexander,3.0,27,1,cricsheet
cs652297,2013-14,2014-01-26,1,DOL,WAR,"Kingsmead, Durban",ci:45204,R Frylinck,4.0,20,0,cricsheet
cs652297,2013-14,2014-01-26,1,DOL,WAR,"Kingsmead, Durban",ci:277797,K Nipper,1.0,13,0,cricsheet
cs652297,2013-14,2014-01-26,1,DOL,WAR,"Kingsmead, Durban",ci:437438,P Subrayen,4.0,25,1,cricsheet
cs652297,2013-14,2014-01-26,1,DOL,WAR,"Kingsmead, Durban",ci:47490,D Smit,4.0,28,0,cricsheet
cs652297,2013-14,2014-01-26,2,WAR,DOL,"Kingsmead, Durban",ci:265564,WD Parnell,4.0,27,3,cricsheet
cs652297,2013-14,2014-01-26,2,WAR,DOL,"Kingsmead, Durban",ci:44413,ACR Birch,4.0,23,1,cricsheet
cs652297,2013-14,2014-01-26,2,WAR,DOL,"Kingsmead, Durban",ci:223642,J Theron,4.0,28,2,cricsheet
cs652297,2013-14,2014-01-26,2,WAR,DOL,"Kingsmead, Durban",ci:432960,SR Harmer,3.0,24,0,cricsheet
cs652297,2013-14,2014-01-26,2,WAR,DOL,"Kingsmead, Durban",ci:280490,JT Smuts,1.0,10,0,cricsheet
cs652297,2013-14,2014-01-26,2,WAR,DOL,"Kingsmead, Durban",ci:46159,L Mbane,4.0,25,1,cricsheet
cs652303,2013-14,2014-01-05,1,LIONS,WAR,"Newlands, Cape Town",ci:439952,CH Morris,4.0,33,2,cricsheet
cs652303,2013-14,2014-01-05,1,LIONS,WAR,"Newlands, Cape Town",ci:375126,GC Viljoen,4.0,32,0,cricsheet
cs652303,2013-14,2014-01-05,1,LIONS,WAR,"Newlands, Cape Town",ci:39024,Azhar Mahmood,4.0,31,2,cricsheet
cs652303,2013-14,2014-01-05,1,LIONS,WAR,"Newlands, Cape Town",ci:46942,AM Phangiso,4.0,19,2,cricsheet
cs652303,2013-14,2014-01-05,1,LIONS,WAR,"Newlands, Cape Town",ci:40618,Imran Tahir,4.0,22,1,cricsheet
cs652303,2013-14,2014-01-05,2,WAR,LIONS,"Newlands, Cape Town",ci:44413,ACR Birch,3.0,15,0,cricsheet
cs652303,2013-14,2014-01-05,2,WAR,LIONS,"Newlands, Cape Town",ci:265564,WD Parnell,4.0,31,2,cricsheet
cs652303,2013-14,2014-01-05,2,WAR,LIONS,"Newlands, Cape Town",ci:223642,J Theron,3.5,11,2,cricsheet
cs652303,2013-14,2014-01-05,2,WAR,LIONS,"Newlands, Cape Town",ci:280490,JT Smuts,4.0,28,3,cricsheet
cs652303,2013-14,2014-01-05,2,WAR,LIONS,"Newlands, Cape Town",ci:432960,SR Harmer,4.0,22,2,cricsheet
cs652303,2013-14,2014-01-05,2,WAR,LIONS,"Newlands, Cape Town",ci:46159,L Mbane,1.0,5,0,cricsheet
cs652305,2013-14,2014-01-29,1,DOL,TIT,"SuperSport Park, Centurion",ci:297583,KJ Abbott,4.0,16,1,cricsheet
cs652305,2013-14,2014-01-29,1,DOL,TIT,"SuperSport Park, Centurion",ci:318842,K Zondo,3.0,29,0,cricsheet
cs652305,2013-14,2014-01-29,1,DOL,TIT,"SuperSport Park, Centurion",ci:230860,M Shezi,4.0,16,2,cricsheet
cs652305,2013-14,2014-01-29,1,DOL,TIT,"SuperSport Park, Centurion",ci:45204,R Frylinck,4.0,22,2,cricsheet
cs652305,2013-14,2014-01-29,1,DOL,TIT,"SuperSport Park, Centurion",ci:267724,KA Maharaj,2.0,16,1,cricsheet
cs652305,2013-14,2014-01-29,1,DOL,TIT,"SuperSport Park, Centurion",ci:47490,D Smit,3.0,14,1,cricsheet
cs652305,2013-14,2014-01-29,2,TIT,DOL,"SuperSport Park, Centurion",ci:46248,JA Morkel,1.0,6,0,cricsheet
cs652305,2013-14,2014-01-29,2,TIT,DOL,"SuperSport Park, Centurion",ci:46538,M Morkel,3.5,29,0,cricsheet
cs652305,2013-14,2014-01-29,2,TIT,DOL,"SuperSport Park, Centurion",ci:46526,NE Mbhalati,2.0,13,0,cricsheet
cs652305,2013-14,2014-01-29,2,TIT,DOL,"SuperSport Park, Centurion",ci:42699,Saeed Ajmal,4.0,23,2,cricsheet
cs652305,2013-14,2014-01-29,2,TIT,DOL,"SuperSport Park, Centurion",ci:47850,RE van der Merwe,4.0,31,0,cricsheet
cs652305,2013-14,2014-01-29,2,TIT,DOL,"SuperSport Park, Centurion",ci:44828,F du Plessis,1.0,10,0,cricsheet
cs652305,2013-14,2014-01-29,2,TIT,DOL,"SuperSport Park, Centurion",ci:44752,H Davids,1.0,8,0,cricsheet
cs652307,2013-14,2014-01-31,1,KNG,DOL,"Kingsmead, Durban",ci:47693,JJ van der Wath,4.0,30,0,cricsheet
cs652307,2013-14,2014-01-31,1,KNG,DOL,"Kingsmead, Durban",ci:45197,Q Friend,4.0,37,1,cricsheet
cs652307,2013-14,2014-01-31,1,KNG,DOL,"Kingsmead, Durban",ci:46393,R McLaren,4.0,28,1,cricsheet
cs652307,2013-14,2014-01-31,1,KNG,DOL,"Kingsmead, Durban",ci:280267,RK Terblanche,1.0,10,1,cricsheet
cs652307,2013-14,2014-01-31,1,KNG,DOL,"Kingsmead, Durban",ci:44660,WL Coetsee,4.0,37,0,cricsheet
cs652307,2013-14,2014-01-31,1,KNG,DOL,"Kingsmead, Durban",ci:230861,MP Siboto,3.0,26,1,cricsheet
cs652307,2013-14,2014-01-31,2,DOL,KNG,"Kingsmead, Durban",ci:297583,KJ Abbott,2.2,6,2,cricsheet
cs652307,2013-14,2014-01-31,2,DOL,KNG,"Kingsmead, Durban",ci:230860,M Shezi,2.0,10,1,cricsheet
cs652307,2013-14,2014-01-31,2,DOL,KNG,"Kingsmead, Durban",ci:45204,R Frylinck,3.0,23,2,cricsheet
cs652307,2013-14,2014-01-31,2,DOL,KNG,"Kingsmead, Durban",ci:267724,KA Maharaj,3.0,27,3,cricsheet
cs652307,2013-14,2014-01-31,2,DOL,KNG,"Kingsmead, Durban",ci:47490,D Smit,3.0,17,2,cricsheet
cs652309,2013-14,2014-01-31,1,WPR,LIONS,"New Wanderers Stadium, Johannesburg",ci:46945,VD Philander,3.0,15,3,cricsheet
cs652309,2013-14,2014-01-31,1,WPR,LIONS,"New Wanderers Stadium, Johannesburg",ci:379927,BE Hendricks,3.1,13,3,cricsheet
cs652309,2013-14,2014-01-31,1,WPR,LIONS,"New Wanderers Stadium, Johannesburg",ci:45949,RK Kleinveldt,2.0,18,0,cricsheet
cs652309,2013-14,2014-01-31,1,WPR,LIONS,"New Wanderers Stadium, Johannesburg",ci:230558,SP Narine,3.0,24,0,cricsheet
cs652309,2013-14,2014-01-31,1,WPR,LIONS,"New Wanderers Stadium, Johannesburg",ci:44932,JP Duminy,1.0,7,0,cricsheet
cs652309,2013-14,2014-01-31,1,WPR,LIONS,"New Wanderers Stadium, Johannesburg",ci:46750,RJ Peterson,4.0,20,3,cricsheet
cs652309,2013-14,2014-01-31,1,WPR,LIONS,"New Wanderers Stadium, Johannesburg",ci:314991,A Mgijima,1.0,4,0,cricsheet
cs652309,2013-14,2014-01-31,2,LIONS,WPR,"New Wanderers Stadium, Johannesburg",ci:282357,P Matshikwe,3.0,15,0,cricsheet
cs652309,2013-14,2014-01-31,2,LIONS,WPR,"New Wanderers Stadium, Johannesburg",ci:439952,CH Morris,4.0,17,0,cricsheet
cs652309,2013-14,2014-01-31,2,LIONS,WPR,"New Wanderers Stadium, Johannesburg",ci:375126,GC Viljoen,3.0,17,1,cricsheet
cs652309,2013-14,2014-01-31,2,LIONS,WPR,"New Wanderers Stadium, Johannesburg",ci:46942,AM Phangiso,3.3,25,2,cricsheet
cs652309,2013-14,2014-01-31,2,LIONS,WPR,"New Wanderers Stadium, Johannesburg",ci:327830,D Pretorius,1.0,16,0,cricsheet
cs652309,2013-14,2014-01-31,2,LIONS,WPR,"New Wanderers Stadium, Johannesburg",ci:46149,E Leie,1.0,8,0,cricsheet
cs652311,2013-14,2014-02-02,1,WPR,WAR,"Newlands, Cape Town",ci:379927,BE Hendricks,4.0,40,3,cricsheet
cs652311,2013-14,2014-02-02,1,WPR,WAR,"Newlands, Cape Town",ci:46945,VD Philander,4.0,31,0,cricsheet
cs652311,2013-14,2014-02-02,1,WPR,WAR,"Newlands, Cape Town",ci:230558,SP Narine,4.0,20,2,cricsheet
cs652311,2013-14,2014-02-02,1,WPR,WAR,"Newlands, Cape Town",ci:45797,JM Kemp,4.0,11,1,cricsheet
cs652311,2013-14,2014-02-02,1,WPR,WAR,"Newlands, Cape Town",ci:44932,JP Duminy,2.0,23,1,cricsheet
cs652311,2013-14,2014-02-02,1,WPR,WAR,"Newlands, Cape Town",ci:46750,RJ Peterson,2.0,17,0,cricsheet
cs652311,2013-14,2014-02-02,2,WAR,WPR,"Newlands, Cape Town",ci:280490,JT Smuts,2.0,12,1,cricsheet
cs652311,2013-14,2014-02-02,2,WAR,WPR,"Newlands, Cape Town",ci:44413,ACR Birch,3.0,27,1,cricsheet
cs652311,2013-14,2014-02-02,2,WAR,WPR,"Newlands, Cape Town",ci:265564,WD Parnell,4.0,27,0,cricsheet
cs652311,2013-14,2014-02-02,2,WAR,WPR,"Newlands, Cape Town",ci:223642,J Theron,3.0,26,0,cricsheet
cs652311,2013-14,2014-02-02,2,WAR,WPR,"Newlands, Cape Town",ci:46159,L Mbane,3.4,38,1,cricsheet
cs652311,2013-14,2014-02-02,2,WAR,WPR,"Newlands, Cape Town",ci:432960,SR Harmer,3.0,15,0,cricsheet
cs652313,2013-14,2014-02-02,1,TIT,KNG,"Diamond Oval, Kimberley",ci:221140,D Wiese,3.0,9,1,cricsheet
cs652313,2013-14,2014-02-02,1,TIT,KNG,"Diamond Oval, Kimberley",ci:46538,M Morkel,4.0,33,1,cricsheet
cs652313,2013-14,2014-02-02,1,TIT,KNG,"Diamond Oval, Kimberley",ci:46526,NE Mbhalati,3.0,27,0,cricsheet
cs652313,2013-14,2014-02-02,1,TIT,KNG,"Diamond Oval, Kimberley",ci:42699,Saeed Ajmal,4.0,24,3,cricsheet
cs652313,2013-14,2014-02-02,1,TIT,KNG,"Diamond Oval, Kimberley",ci:44752,H Davids,2.0,12,0,cricsheet
cs652313,2013-14,2014-02-02,1,TIT,KNG,"Diamond Oval, Kimberley",ci:47850,RE van der Merwe,3.0,22,0,cricsheet
cs652313,2013-14,2014-02-02,1,TIT,KNG,"Diamond Oval, Kimberley",ci:486672,TB de Bruyn,1.0,9,0,cricsheet
cs652313,2013-14,2014-02-02,2,KNG,TIT,"Diamond Oval, Kimberley",ci:47693,JJ van der Wath,3.0,16,0,cricsheet
cs652313,2013-14,2014-02-02,2,KNG,TIT,"Diamond Oval, Kimberley",ci:45197,Q Friend,3.3,26,0,cricsheet
cs652313,2013-14,2014-02-02,2,KNG,TIT,"Diamond Oval, Kimberley",ci:230861,MP Siboto,3.0,39,0,cricsheet
cs652313,2013-14,2014-02-02,2,KNG,TIT,"Diamond Oval, Kimberley",ci:261756,LMG Masekela,3.0,17,1,cricsheet
cs652313,2013-14,2014-02-02,2,KNG,TIT,"Diamond Oval, Kimberley",ci:230852,D Elgar,3.0,25,1,cricsheet
cs652313,2013-14,2014-02-02,2,KNG,TIT,"Diamond Oval, Kimberley",ci:44660,WL Coetsee,2.0,15,0,cricsheet
cs652315,2013-14,2014-02-02,1,DOL,LIONS,"New Wanderers Stadium, Johannesburg",ci:318842,K Zondo,1.0,11,0,cricsheet
cs652315,2013-14,2014-02-02,1,DOL,LIONS,"New Wanderers Stadium, Johannesburg",ci:297583,KJ Abbott,4.0,34,0,cricsheet
cs652315,2013-14,2014-02-02,1,DOL,LIONS,"New Wanderers Stadium, Johannesburg",ci:44019,CJ Alexander,4.0,31,2,cricsheet
cs652315,2013-14,2014-02-02,1,DOL,LIONS,"New Wanderers Stadium, Johannesburg",ci:45204,R Frylinck,4.0,39,0,cricsheet
cs652315,2013-14,2014-02-02,1,DOL,LIONS,"New Wanderers Stadium, Johannesburg",ci:437438,P Subrayen,4.0,23,1,cricsheet
cs652315,2013-14,2014-02-02,1,DOL,LIONS,"New Wanderers Stadium, Johannesburg",ci:47490,D Smit,3.0,20,0,cricsheet
cs652315,2013-14,2014-02-02,2,LIONS,DOL,"New Wanderers Stadium, Johannesburg",ci:282357,P Matshikwe,4.0,32,1,cricsheet
cs652315,2013-14,2014-02-02,2,LIONS,DOL,"New Wanderers Stadium, Johannesburg",ci:439952,CH Morris,4.0,45,0,cricsheet
cs652315,2013-14,2014-02-02,2,LIONS,DOL,"New Wanderers Stadium, Johannesburg",ci:375126,GC Viljoen,4.0,31,2,cricsheet
cs652315,2013-14,2014-02-02,2,LIONS,DOL,"New Wanderers Stadium, Johannesburg",ci:46149,E Leie,4.0,25,2,cricsheet
cs652315,2013-14,2014-02-02,2,LIONS,DOL,"New Wanderers Stadium, Johannesburg",ci:46942,AM Phangiso,4.0,18,3,cricsheet
cs652319,2013-14,2014-02-09,1,WPR,DOL,"Newlands, Cape Town",ci:379927,BE Hendricks,4.0,24,1,cricsheet
cs652319,2013-14,2014-02-09,1,WPR,DOL,"Newlands, Cape Town",ci:379926,DL Piedt,4.0,18,1,cricsheet
cs652319,2013-14,2014-02-09,1,WPR,DOL,"Newlands, Cape Town",ci:45789,JH Kallis,3.0,26,4,cricsheet
cs652319,2013-14,2014-02-09,1,WPR,DOL,"Newlands, Cape Town",ci:379887,LB Williams,1.0,7,0,cricsheet
cs652319,2013-14,2014-02-09,1,WPR,DOL,"Newlands, Cape Town",ci:45797,JM Kemp,4.0,34,0,cricsheet
cs652319,2013-14,2014-02-09,1,WPR,DOL,"Newlands, Cape Town",ci:46681,JL Ontong,2.0,10,1,cricsheet
cs652319,2013-14,2014-02-09,1,WPR,DOL,"Newlands, Cape Town",ci:315035,SA Engelbrecht,2.0,21,1,cricsheet
cs652319,2013-14,2014-02-09,2,DOL,WPR,"Newlands, Cape Town",ci:297583,KJ Abbott,4.0,17,2,cricsheet
cs652319,2013-14,2014-02-09,2,DOL,WPR,"Newlands, Cape Town",ci:230860,M Shezi,4.0,18,2,cricsheet
cs652319,2013-14,2014-02-09,2,DOL,WPR,"Newlands, Cape Town",ci:45204,R Frylinck,4.0,34,1,cricsheet
cs652319,2013-14,2014-02-09,2,DOL,WPR,"Newlands, Cape Town",ci:267724,KA Maharaj,4.0,29,0,cricsheet
cs652319,2013-14,2014-02-09,2,DOL,WPR,"Newlands, Cape Town",ci:47490,D Smit,3.0,32,0,cricsheet
cs652319,2013-14,2014-02-09,2,DOL,WPR,"Newlands, Cape Town",ci:318842,K Zondo,1.0,11,0,cricsheet
cs716623,2013-14,2014-02-06,1,TIT,DOL,"Kingsmead, Durban",ci:47850,RE van der Merwe,4.0,47,0,cricsheet
cs716623,2013-14,2014-02-06,1,TIT,DOL,"Kingsmead, Durban",ci:46526,NE Mbhalati,2.0,35,0,cricsheet
cs716623,2013-14,2014-02-06,1,TIT,DOL,"Kingsmead, Durban",ci:46248,JA Morkel,3.0,27,1,cricsheet
cs716623,2013-14,2014-02-06,1,TIT,DOL,"Kingsmead, Durban",ci:221140,D Wiese,4.0,27,1,cricsheet
cs716623,2013-14,2014-02-06,1,TIT,DOL,"Kingsmead, Durban",ci:42699,Saeed Ajmal,4.0,33,1,cricsheet
cs716623,2013-14,2014-02-06,1,TIT,DOL,"Kingsmead, Durban",ci:44752,H Davids,3.0,23,1,cricsheet
cs716623,2013-14,2014-02-06,2,DOL,TIT,"Kingsmead, Durban",ci:297583,KJ Abbott,3.2,24,1,cricsheet
cs716623,2013-14,2014-02-06,2,DOL,TIT,"Kingsmead, Durban",ci:230860,M Shezi,4.0,39,4,cricsheet
cs716623,2013-14,2014-02-06,2,DOL,TIT,"Kingsmead, Durban",ci:45204,R Frylinck,4.0,26,3,cricsheet
cs716623,2013-14,2014-02-06,2,DOL,TIT,"Kingsmead, Durban",ci:437438,P Subrayen,3.0,35,0,cricsheet
cs716623,2013-14,2014-02-06,2,DOL,TIT,"Kingsmead, Durban",ci:47490,D Smit,3.0,31,0,cricsheet
cs716623,2013-14,2014-02-06,2,DOL,TIT,"Kingsmead, Durban",ci:318842,K Zondo,1.0,5,1,cricsheet
cs716623,2013-14,2014-02-06,2,DOL,TIT,"Kingsmead, Durban",ci:322810,CS Delport,1.0,5,1,cricsheet
cs736255,2014-15,2014-11-02,1,WAR,KNG,"New Wanderers Stadium, Johannesburg",ci:44413,ACR Birch,3.0,30,0,cricsheet
cs736255,2014-15,2014-11-02,1,WAR,KNG,"New Wanderers Stadium, Johannesburg",ci:322818,A Gqamane,1.0,12,0,cricsheet
cs736255,2014-15,2014-11-02,1,WAR,KNG,"New Wanderers Stadium, Johannesburg",ci:432960,SR Harmer,4.0,32,1,cricsheet
cs736255,2014-15,2014-11-02,1,WAR,KNG,"New Wanderers Stadium, Johannesburg",ci:379776,SSB Magala,3.0,43,0,cricsheet
cs736255,2014-15,2014-11-02,1,WAR,KNG,"New Wanderers Stadium, Johannesburg",ci:46159,L Mbane,3.0,46,1,cricsheet
cs736255,2014-15,2014-11-02,1,WAR,KNG,"New Wanderers Stadium, Johannesburg",ci:280490,JT Smuts,4.0,28,2,cricsheet
cs736255,2014-15,2014-11-02,1,WAR,KNG,"New Wanderers Stadium, Johannesburg",ci:379774,CN Ackermann,2.0,14,0,cricsheet
cs736255,2014-15,2014-11-02,2,KNG,WAR,"New Wanderers Stadium, Johannesburg",ci:44938,D du Preez,4.0,25,4,cricsheet
cs736255,2014-15,2014-11-02,2,KNG,WAR,"New Wanderers Stadium, Johannesburg",ci:276298,AD Russell,3.5,21,1,cricsheet
cs736255,2014-15,2014-11-02,2,KNG,WAR,"New Wanderers Stadium, Johannesburg",ci:334621,SC van Schalkwyk,4.0,23,1,cricsheet
cs736255,2014-15,2014-11-02,2,KNG,WAR,"New Wanderers Stadium, Johannesburg",ci:230861,MP Siboto,3.0,27,1,cricsheet
cs736255,2014-15,2014-11-02,2,KNG,WAR,"New Wanderers Stadium, Johannesburg",ci:44660,WL Coetsee,2.0,17,1,cricsheet
cs736255,2014-15,2014-11-02,2,KNG,WAR,"New Wanderers Stadium, Johannesburg",ci:328160,AJ Pienaar,2.0,14,1,cricsheet
cs736257,2014-15,2014-11-02,1,TIT,WPR,"New Wanderers Stadium, Johannesburg",ci:47850,RE van der Merwe,3.0,14,0,cricsheet
cs736257,2014-15,2014-11-02,1,TIT,WPR,"New Wanderers Stadium, Johannesburg",ci:46526,NE Mbhalati,3.0,35,0,cricsheet
cs736257,2014-15,2014-11-02,1,TIT,WPR,"New Wanderers Stadium, Johannesburg",ci:559190,JP de Villiers,3.0,40,2,cricsheet
cs736257,2014-15,2014-11-02,1,TIT,WPR,"New Wanderers Stadium, Johannesburg",ci:53115,DJG Sammy,2.0,23,0,cricsheet
cs736257,2014-15,2014-11-02,1,TIT,WPR,"New Wanderers Stadium, Johannesburg",ci:221324,RR Richards,4.0,55,0,cricsheet
cs736257,2014-15,2014-11-02,1,TIT,WPR,"New Wanderers Stadium, Johannesburg",ci:230852,D Elgar,4.0,20,3,cricsheet
cs736257,2014-15,2014-11-02,1,TIT,WPR,"New Wanderers Stadium, Johannesburg",ci:381002,GL van Buuren,1.0,16,0,cricsheet
cs736257,2014-15,2014-11-02,2,WPR,TIT,"New Wanderers Stadium, Johannesburg",ci:230860,M Shezi,4.0,35,0,cricsheet
cs736257,2014-15,2014-11-02,2,WPR,TIT,"New Wanderers Stadium, Johannesburg",ci:327947,D Paterson,3.0,28,1,cricsheet
cs736257,2014-15,2014-11-02,2,WPR,TIT,"New Wanderers Stadium, Johannesburg",ci:315035,SA Engelbrecht,3.0,31,0,cricsheet
cs736257,2014-15,2014-11-02,2,WPR,TIT,"New Wanderers Stadium, Johannesburg",ci:379887,LB Williams,2.0,25,0,cricsheet
cs736257,2014-15,2014-11-02,2,WPR,TIT,"New Wanderers Stadium, Johannesburg",ci:230559,KA Pollard,4.0,22,3,cricsheet
cs736257,2014-15,2014-11-02,2,WPR,TIT,"New Wanderers Stadium, Johannesburg",ci:481875,GF Linde,2.0,25,0,cricsheet
cs736257,2014-15,2014-11-02,2,WPR,TIT,"New Wanderers Stadium, Johannesburg",ci:46681,JL Ontong,2.0,24,0,cricsheet
cs736259,2014-15,2014-11-02,1,LIONS,DOL,"New Wanderers Stadium, Johannesburg",ci:47666,LL Tsotsobe,4.0,34,1,cricsheet
cs736259,2014-15,2014-11-02,1,LIONS,DOL,"New Wanderers Stadium, Johannesburg",ci:439952,CH Morris,3.0,30,2,cricsheet
cs736259,2014-15,2014-11-02,1,LIONS,DOL,"New Wanderers Stadium, Johannesburg",ci:375126,GC Viljoen,3.0,14,2,cricsheet
cs736259,2014-15,2014-11-02,1,LIONS,DOL,"New Wanderers Stadium, Johannesburg",ci:327830,D Pretorius,2.0,25,0,cricsheet
cs736259,2014-15,2014-11-02,1,LIONS,DOL,"New Wanderers Stadium, Johannesburg",ci:46149,E Leie,4.0,32,0,cricsheet
cs736259,2014-15,2014-11-02,1,LIONS,DOL,"New Wanderers Stadium, Johannesburg",ci:51880,CH Gayle,4.0,36,4,cricsheet
cs736259,2014-15,2014-11-02,2,DOL,LIONS,"New Wanderers Stadium, Johannesburg",ci:501907,DM Dupavillon,4.0,55,1,cricsheet
cs736259,2014-15,2014-11-02,2,DOL,LIONS,"New Wanderers Stadium, Johannesburg",ci:44019,CJ Alexander,3.5,25,1,cricsheet
cs736259,2014-15,2014-11-02,2,DOL,LIONS,"New Wanderers Stadium, Johannesburg",ci:45204,R Frylinck,3.0,30,1,cricsheet
cs736259,2014-15,2014-11-02,2,DOL,LIONS,"New Wanderers Stadium, Johannesburg",ci:437438,P Subrayen,4.0,25,1,cricsheet
cs736259,2014-15,2014-11-02,2,DOL,LIONS,"New Wanderers Stadium, Johannesburg",ci:594233,BS Makhanya,4.0,35,0,cricsheet
cs736261,2014-15,2014-11-05,1,WAR,DOL,"Kingsmead, Durban",ci:322818,A Gqamane,2.0,16,0,cricsheet
cs736261,2014-15,2014-11-05,1,WAR,DOL,"Kingsmead, Durban",ci:223642,J Theron,4.0,25,1,cricsheet
cs736261,2014-15,2014-11-05,1,WAR,DOL,"Kingsmead, Durban",ci:316909,BD Walters,3.0,31,1,cricsheet
cs736261,2014-15,2014-11-05,1,WAR,DOL,"Kingsmead, Durban",ci:379776,SSB Magala,4.0,51,0,cricsheet
cs736261,2014-15,2014-11-05,1,WAR,DOL,"Kingsmead, Durban",ci:280490,JT Smuts,4.0,21,2,cricsheet
cs736261,2014-15,2014-11-05,1,WAR,DOL,"Kingsmead, Durban",ci:432960,SR Harmer,3.0,36,0,cricsheet
cs736261,2014-15,2014-11-05,2,DOL,WAR,"Kingsmead, Durban",ci:44019,CJ Alexander,4.0,10,3,cricsheet
cs736261,2014-15,2014-11-05,2,DOL,WAR,"Kingsmead, Durban",ci:379088,RJ Engelbrecht,3.0,21,2,cricsheet
cs736261,2014-15,2014-11-05,2,DOL,WAR,"Kingsmead, Durban",ci:45204,R Frylinck,4.0,16,2,cricsheet
cs736261,2014-15,2014-11-05,2,DOL,WAR,"Kingsmead, Durban",ci:594233,BS Makhanya,4.0,29,1,cricsheet
cs736261,2014-15,2014-11-05,2,DOL,WAR,"Kingsmead, Durban",ci:51439,DJ Bravo,4.0,39,0,cricsheet
cs736261,2014-15,2014-11-05,2,DOL,WAR,"Kingsmead, Durban",ci:437438,P Subrayen,1.0,9,0,cricsheet
cs736263,2014-15,2014-11-07,1,WPR,DOL,"Newlands, Cape Town",ci:230860,M Shezi,4.0,23,3,cricsheet
cs736263,2014-15,2014-11-07,1,WPR,DOL,"Newlands, Cape Town",ci:327947,D Paterson,2.0,23,0,cricsheet
cs736263,2014-15,2014-11-07,1,WPR,DOL,"Newlands, Cape Town",ci:549288,FD Adams,2.0,14,1,cricsheet
cs736263,2014-15,2014-11-07,1,WPR,DOL,"Newlands, Cape Town",ci:315035,SA Engelbrecht,4.0,16,3,cricsheet
cs736263,2014-15,2014-11-07,1,WPR,DOL,"Newlands, Cape Town",ci:230559,KA Pollard,4.0,26,1,cricsheet
cs736263,2014-15,2014-11-07,1,WPR,DOL,"Newlands, Cape Town",ci:481875,GF Linde,4.0,21,1,cricsheet
cs736263,2014-15,2014-11-07,2,DOL,WPR,"Newlands, Cape Town",ci:44019,CJ Alexander,1.0,13,0,cricsheet
cs736263,2014-15,2014-11-07,2,DOL,WPR,"Newlands, Cape Town",ci:379088,RJ Engelbrecht,2.0,34,0,cricsheet
cs736263,2014-15,2014-11-07,2,DOL,WPR,"Newlands, Cape Town",ci:45204,R Frylinck,3.4,31,1,cricsheet
cs736263,2014-15,2014-11-07,2,DOL,WPR,"Newlands, Cape Town",ci:437438,P Subrayen,4.0,13,1,cricsheet
cs736263,2014-15,2014-11-07,2,DOL,WPR,"Newlands, Cape Town",ci:51439,DJ Bravo,4.0,25,0,cricsheet
cs736263,2014-15,2014-11-07,2,DOL,WPR,"Newlands, Cape Town",ci:318842,K Zondo,1.0,12,0,cricsheet
cs736265,2014-15,2014-11-07,1,LIONS,WAR,"Buffalo Park, East London",ci:439952,CH Morris,4.0,37,0,cricsheet
cs736265,2014-15,2014-11-07,1,LIONS,WAR,"Buffalo Park, East London",ci:47666,LL Tsotsobe,4.0,13,1,cricsheet
cs736265,2014-15,2014-11-07,1,LIONS,WAR,"Buffalo Park, East London",ci:375126,GC Viljoen,4.0,48,0,cricsheet
cs736265,2014-15,2014-11-07,1,LIONS,WAR,"Buffalo Park, East London",ci:327830,D Pretorius,4.0,21,1,cricsheet
cs736265,2014-15,2014-11-07,1,LIONS,WAR,"Buffalo Park, East London",ci:46149,E Leie,4.0,19,3,cricsheet
cs736265,2014-15,2014-11-07,2,WAR,LIONS,"Buffalo Park, East London",ci:432960,SR Harmer,3.2,35,0,cricsheet
cs736265,2014-15,2014-11-07,2,WAR,LIONS,"Buffalo Park, East London",ci:316909,BD Walters,2.0,25,0,cricsheet
cs736265,2014-15,2014-11-07,2,WAR,LIONS,"Buffalo Park, East London",ci:223642,J Theron,2.0,23,0,cricsheet
cs736265,2014-15,2014-11-07,2,WAR,LIONS,"Buffalo Park, East London",ci:46159,L Mbane,4.0,31,0,cricsheet
cs736265,2014-15,2014-11-07,2,WAR,LIONS,"Buffalo Park, East London",ci:322818,A Gqamane,2.0,31,0,cricsheet
cs736265,2014-15,2014-11-07,2,WAR,LIONS,"Buffalo Park, East London",ci:280490,JT Smuts,1.0,3,0,cricsheet
cs736267,2014-15,2014-11-07,1,TIT,KNG,"SuperSport Park, Centurion",ci:46526,NE Mbhalati,4.0,30,1,cricsheet
cs736267,2014-15,2014-11-07,1,TIT,KNG,"SuperSport Park, Centurion",ci:47850,RE van der Merwe,4.0,38,1,cricsheet
cs736267,2014-15,2014-11-07,1,TIT,KNG,"SuperSport Park, Centurion",ci:594322,C Bosch,4.0,26,1,cricsheet
cs736267,2014-15,2014-11-07,1,TIT,KNG,"SuperSport Park, Centurion",ci:53115,DJG Sammy,3.0,21,3,cricsheet
cs736267,2014-15,2014-11-07,1,TIT,KNG,"SuperSport Park, Centurion",ci:46950,JJ Pienaar,2.0,31,0,cricsheet
cs736267,2014-15,2014-11-07,1,TIT,KNG,"SuperSport Park, Centurion",ci:379145,T Shamsi,3.0,30,0,cricsheet
cs736267,2014-15,2014-11-07,2,KNG,TIT,"SuperSport Park, Centurion",ci:44938,D du Preez,4.0,31,0,cricsheet
cs736267,2014-15,2014-11-07,2,KNG,TIT,"SuperSport Park, Centurion",ci:276298,AD Russell,4.0,20,1,cricsheet
cs736267,2014-15,2014-11-07,2,KNG,TIT,"SuperSport Park, Centurion",ci:230861,MP Siboto,4.0,27,1,cricsheet
cs736267,2014-15,2014-11-07,2,KNG,TIT,"SuperSport Park, Centurion",ci:334621,SC van Schalkwyk,4.0,31,2,cricsheet
cs736267,2014-15,2014-11-07,2,KNG,TIT,"SuperSport Park, Centurion",ci:44660,WL Coetsee,3.0,26,0,cricsheet
cs736267,2014-15,2014-11-07,2,KNG,TIT,"SuperSport Park, Centurion",ci:328160,AJ Pienaar,1.0,7,0,cricsheet
cs736269,2014-15,2014-11-09,1,TIT,DOL,"Kingsmead, Durban",ci:46526,NE Mbhalati,4.0,45,2,cricsheet
cs736269,2014-15,2014-11-09,1,TIT,DOL,"Kingsmead, Durban",ci:47850,RE van der Merwe,2.0,30,0,cricsheet
cs736269,2014-15,2014-11-09,1,TIT,DOL,"Kingsmead, Durban",ci:53115,DJG Sammy,3.0,29,2,cricsheet
cs736269,2014-15,2014-11-09,1,TIT,DOL,"Kingsmead, Durban",ci:594322,C Bosch,3.0,25,0,cricsheet
cs736269,2014-15,2014-11-09,1,TIT,DOL,"Kingsmead, Durban",ci:379145,T Shamsi,4.0,27,0,cricsheet
cs736269,2014-15,2014-11-09,1,TIT,DOL,"Kingsmead, Durban",ci:44752,H Davids,2.0,14,0,cricsheet
cs736269,2014-15,2014-11-09,1,TIT,DOL,"Kingsmead, Durban",ci:230852,D Elgar,2.0,24,1,cricsheet
cs736269,2014-15,2014-11-09,2,DOL,TIT,"Kingsmead, Durban",ci:44019,CJ Alexander,4.0,34,1,cricsheet
cs736269,2014-15,2014-11-09,2,DOL,TIT,"Kingsmead, Durban",ci:45204,R Frylinck,4.0,22,2,cricsheet
cs736269,2014-15,2014-11-09,2,DOL,TIT,"Kingsmead, Durban",ci:51439,DJ Bravo,4.0,26,0,cricsheet
cs736269,2014-15,2014-11-09,2,DOL,TIT,"Kingsmead, Durban",ci:437438,P Subrayen,4.0,21,3,cricsheet
cs736269,2014-15,2014-11-09,2,DOL,TIT,"Kingsmead, Durban",ci:267724,KA Maharaj,4.0,23,3,cricsheet
cs736275,2014-15,2014-11-14,1,WAR,DOL,"St George's Park, Port Elizabeth",ci:223642,J Theron,4.0,33,2,cricsheet
cs736275,2014-15,2014-11-14,1,WAR,DOL,"St George's Park, Port Elizabeth",ci:316909,BD Walters,2.0,13,0,cricsheet
cs736275,2014-15,2014-11-14,1,WAR,DOL,"St George's Park, Port Elizabeth",ci:322818,A Gqamane,2.0,22,1,cricsheet
cs736275,2014-15,2014-11-14,1,WAR,DOL,"St George's Park, Port Elizabeth",ci:46159,L Mbane,4.0,34,1,cricsheet
cs736275,2014-15,2014-11-14,1,WAR,DOL,"St George's Park, Port Elizabeth",ci:432960,SR Harmer,4.0,22,2,cricsheet
cs736275,2014-15,2014-11-14,1,WAR,DOL,"St George's Park, Port Elizabeth",ci:280490,JT Smuts,4.0,18,0,cricsheet
cs736275,2014-15,2014-11-14,2,DOL,WAR,"St George's Park, Port Elizabeth",ci:45204,R Frylinck,4.0,25,0,cricsheet
cs736275,2014-15,2014-11-14,2,DOL,WAR,"St George's Park, Port Elizabeth",ci:44019,CJ Alexander,4.0,38,0,cricsheet
cs736275,2014-15,2014-11-14,2,DOL,WAR,"St George's Park, Port Elizabeth",ci:51439,DJ Bravo,4.0,20,2,cricsheet
cs736275,2014-15,2014-11-14,2,DOL,WAR,"St George's Park, Port Elizabeth",ci:437438,P Subrayen,3.0,23,0,cricsheet
cs736275,2014-15,2014-11-14,2,DOL,WAR,"St George's Park, Port Elizabeth",ci:267724,KA Maharaj,2.0,16,0,cricsheet
cs736275,2014-15,2014-11-14,2,DOL,WAR,"St George's Park, Port Elizabeth",ci:594233,BS Makhanya,3.0,18,0,cricsheet
cs736277,2014-15,2014-11-14,1,KNG,TIT,"Chevrolet Park, Bloemfontein",ci:45197,Q Friend,4.0,15,1,cricsheet
cs736277,2014-15,2014-11-14,1,KNG,TIT,"Chevrolet Park, Bloemfontein",ci:276298,AD Russell,4.0,26,0,cricsheet
cs736277,2014-15,2014-11-14,1,KNG,TIT,"Chevrolet Park, Bloemfontein",ci:230861,MP Siboto,3.0,32,0,cricsheet
cs736277,2014-15,2014-11-14,1,KNG,TIT,"Chevrolet Park, Bloemfontein",ci:334621,SC van Schalkwyk,4.0,26,2,cricsheet
cs736277,2014-15,2014-11-14,1,KNG,TIT,"Chevrolet Park, Bloemfontein",ci:44660,WL Coetsee,3.0,23,0,cricsheet
cs736277,2014-15,2014-11-14,1,KNG,TIT,"Chevrolet Park, Bloemfontein",ci:328160,AJ Pienaar,2.0,13,0,cricsheet
cs736277,2014-15,2014-11-14,2,TIT,KNG,"Chevrolet Park, Bloemfontein",ci:47850,RE van der Merwe,1.0,9,0,cricsheet
cs736277,2014-15,2014-11-14,2,TIT,KNG,"Chevrolet Park, Bloemfontein",ci:46526,NE Mbhalati,3.0,28,1,cricsheet
cs736277,2014-15,2014-11-14,2,TIT,KNG,"Chevrolet Park, Bloemfontein",ci:594322,C Bosch,3.2,40,0,cricsheet
cs736277,2014-15,2014-11-14,2,TIT,KNG,"Chevrolet Park, Bloemfontein",ci:53115,DJG Sammy,2.0,14,0,cricsheet
cs736277,2014-15,2014-11-14,2,TIT,KNG,"Chevrolet Park, Bloemfontein",ci:221140,D Wiese,4.0,27,1,cricsheet
cs736277,2014-15,2014-11-14,2,TIT,KNG,"Chevrolet Park, Bloemfontein",ci:379145,T Shamsi,3.0,17,0,cricsheet
cs736279,2014-15,2014-11-14,1,WPR,LIONS,"New Wanderers Stadium, Johannesburg",ci:327947,D Paterson,3.0,20,0,cricsheet
cs736279,2014-15,2014-11-14,1,WPR,LIONS,"New Wanderers Stadium, Johannesburg",ci:230860,M Shezi,4.0,23,2,cricsheet
cs736279,2014-15,2014-11-14,1,WPR,LIONS,"New Wanderers Stadium, Johannesburg",ci:549288,FD Adams,3.0,25,2,cricsheet
cs736279,2014-15,2014-11-14,1,WPR,LIONS,"New Wanderers Stadium, Johannesburg",ci:230559,KA Pollard,4.0,26,2,cricsheet
cs736279,2014-15,2014-11-14,1,WPR,LIONS,"New Wanderers Stadium, Johannesburg",ci:481875,GF Linde,4.0,23,1,cricsheet
cs736279,2014-15,2014-11-14,1,WPR,LIONS,"New Wanderers Stadium, Johannesburg",ci:315035,SA Engelbrecht,2.0,22,0,cricsheet
cs736279,2014-15,2014-11-14,2,LIONS,WPR,"New Wanderers Stadium, Johannesburg",ci:47666,LL Tsotsobe,4.0,28,1,cricsheet
cs736279,2014-15,2014-11-14,2,LIONS,WPR,"New Wanderers Stadium, Johannesburg",ci:439952,CH Morris,4.0,2,2,cricsheet
cs736279,2014-15,2014-11-14,2,LIONS,WPR,"New Wanderers Stadium, Johannesburg",ci:327830,D Pretorius,4.0,24,2,cricsheet
cs736279,2014-15,2014-11-14,2,LIONS,WPR,"New Wanderers Stadium, Johannesburg",ci:375126,GC Viljoen,4.0,12,2,cricsheet
cs736279,2014-15,2014-11-14,2,LIONS,WPR,"New Wanderers Stadium, Johannesburg",ci:46149,E Leie,4.0,22,1,cricsheet
cs736283,2014-15,2014-11-16,1,LIONS,WAR,"Kingsmead, Durban",ci:47666,LL Tsotsobe,4.0,26,2,cricsheet
cs736283,2014-15,2014-11-16,1,LIONS,WAR,"Kingsmead, Durban",ci:439952,CH Morris,4.0,20,2,cricsheet
cs736283,2014-15,2014-11-16,1,LIONS,WAR,"Kingsmead, Durban",ci:375126,GC Viljoen,4.0,26,1,cricsheet
cs736283,2014-15,2014-11-16,1,LIONS,WAR,"Kingsmead, Durban",ci:327830,D Pretorius,4.0,26,1,cricsheet
cs736283,2014-15,2014-11-16,1,LIONS,WAR,"Kingsmead, Durban",ci:46149,E Leie,4.0,28,1,cricsheet
cs736283,2014-15,2014-11-16,2,WAR,LIONS,"Kingsmead, Durban",ci:316909,BD Walters,3.0,8,1,cricsheet
cs736283,2014-15,2014-11-16,2,WAR,LIONS,"Kingsmead, Durban",ci:223642,J Theron,3.3,29,0,cricsheet
cs736283,2014-15,2014-11-16,2,WAR,LIONS,"Kingsmead, Durban",ci:46159,L Mbane,3.0,23,0,cricsheet
cs736283,2014-15,2014-11-16,2,WAR,LIONS,"Kingsmead, Durban",ci:322818,A Gqamane,2.0,13,0,cricsheet
cs736283,2014-15,2014-11-16,2,WAR,LIONS,"Kingsmead, Durban",ci:280490,JT Smuts,4.0,24,2,cricsheet
cs736283,2014-15,2014-11-16,2,WAR,LIONS,"Kingsmead, Durban",ci:432960,SR Harmer,4.0,32,1,cricsheet
cs736285,2014-15,2014-11-16,1,KNG,DOL,"Kingsmead, Durban",ci:45197,Q Friend,4.0,17,2,cricsheet
cs736285,2014-15,2014-11-16,1,KNG,DOL,"Kingsmead, Durban",ci:276298,AD Russell,3.5,18,4,cricsheet
cs736285,2014-15,2014-11-16,1,KNG,DOL,"Kingsmead, Durban",ci:334621,SC van Schalkwyk,4.0,14,2,cricsheet
cs736285,2014-15,2014-11-16,1,KNG,DOL,"Kingsmead, Durban",ci:230861,MP Siboto,3.0,13,1,cricsheet
cs736285,2014-15,2014-11-16,1,KNG,DOL,"Kingsmead, Durban",ci:44660,WL Coetsee,3.0,16,0,cricsheet
cs736285,2014-15,2014-11-16,1,KNG,DOL,"Kingsmead, Durban",ci:328160,AJ Pienaar,1.0,4,1,cricsheet
cs736287,2014-15,2014-11-21,1,WAR,KNG,"Buffalo Park, East London",ci:316909,BD Walters,4.0,22,1,cricsheet
cs736287,2014-15,2014-11-21,1,WAR,KNG,"Buffalo Park, East London",ci:223642,J Theron,4.0,31,2,cricsheet
cs736287,2014-15,2014-11-21,1,WAR,KNG,"Buffalo Park, East London",ci:46159,L Mbane,3.0,37,0,cricsheet
cs736287,2014-15,2014-11-21,1,WAR,KNG,"Buffalo Park, East London",ci:432960,SR Harmer,4.0,24,0,cricsheet
cs736287,2014-15,2014-11-21,1,WAR,KNG,"Buffalo Park, East London",ci:280490,JT Smuts,4.0,21,1,cricsheet
cs736287,2014-15,2014-11-21,1,WAR,KNG,"Buffalo Park, East London",ci:322818,A Gqamane,1.0,11,0,cricsheet
cs736287,2014-15,2014-11-21,2,KNG,WAR,"Buffalo Park, East London",ci:45197,Q Friend,4.0,23,1,cricsheet
cs736287,2014-15,2014-11-21,2,KNG,WAR,"Buffalo Park, East London",ci:276298,AD Russell,3.3,20,1,cricsheet
cs736287,2014-15,2014-11-21,2,KNG,WAR,"Buffalo Park, East London",ci:230861,MP Siboto,4.0,36,0,cricsheet
cs736287,2014-15,2014-11-21,2,KNG,WAR,"Buffalo Park, East London",ci:334621,SC van Schalkwyk,3.0,38,0,cricsheet
cs736287,2014-15,2014-11-21,2,KNG,WAR,"Buffalo Park, East London",ci:44660,WL Coetsee,4.0,20,0,cricsheet
cs736287,2014-15,2014-11-21,2,KNG,WAR,"Buffalo Park, East London",ci:328160,AJ Pienaar,1.0,11,0,cricsheet
cs736289,2014-15,2014-11-21,1,WPR,DOL,"Kingsmead, Durban",ci:230860,M Shezi,1.0,9,1,cricsheet
cs736289,2014-15,2014-11-21,1,WPR,DOL,"Kingsmead, Durban",ci:315035,SA Engelbrecht,1.0,7,1,cricsheet
cs736289,2014-15,2014-11-21,1,WPR,DOL,"Kingsmead, Durban",ci:327947,D Paterson,2.0,11,1,cricsheet
cs736289,2014-15,2014-11-21,1,WPR,DOL,"Kingsmead, Durban",ci:230559,KA Pollard,2.0,22,0,cricsheet
cs736289,2014-15,2014-11-21,1,WPR,DOL,"Kingsmead, Durban",ci:549288,FD Adams,2.0,19,2,cricsheet
cs736289,2014-15,2014-11-21,1,WPR,DOL,"Kingsmead, Durban",ci:481875,GF Linde,2.0,15,3,cricsheet
cs736289,2014-15,2014-11-21,2,DOL,WPR,"Kingsmead, Durban",ci:44019,CJ Alexander,2.0,23,1,cricsheet
cs736289,2014-15,2014-11-21,2,DOL,WPR,"Kingsmead, Durban",ci:379088,RJ Engelbrecht,1.0,12,0,cricsheet
cs736289,2014-15,2014-11-21,2,DOL,WPR,"Kingsmead, Durban",ci:45204,R Frylinck,2.0,19,0,cricsheet
cs736289,2014-15,2014-11-21,2,DOL,WPR,"Kingsmead, Durban",ci:437438,P Subrayen,2.0,10,1,cricsheet
cs736289,2014-15,2014-11-21,2,DOL,WPR,"Kingsmead, Durban",ci:540316,AL Phehlukwayo,1.0,12,0,cricsheet
cs736289,2014-15,2014-11-21,2,DOL,WPR,"Kingsmead, Durban",ci:51439,DJ Bravo,1.2,13,1,cricsheet
cs736291,2014-15,2014-11-21,1,LIONS,TIT,"Willowmoore Park, Benoni",ci:47666,LL Tsotsobe,3.0,32,1,cricsheet
cs736291,2014-15,2014-11-21,1,LIONS,TIT,"Willowmoore Park, Benoni",ci:439952,CH Morris,3.0,29,1,cricsheet
cs736291,2014-15,2014-11-21,1,LIONS,TIT,"Willowmoore Park, Benoni",ci:375126,GC Viljoen,2.0,21,0,cricsheet
cs736291,2014-15,2014-11-21,1,LIONS,TIT,"Willowmoore Park, Benoni",ci:327830,D Pretorius,2.0,31,0,cricsheet
cs736291,2014-15,2014-11-21,1,LIONS,TIT,"Willowmoore Park, Benoni",ci:46149,E Leie,3.0,17,2,cricsheet
cs736291,2014-15,2014-11-21,1,LIONS,TIT,"Willowmoore Park, Benoni",ci:51880,CH Gayle,2.0,19,1,cricsheet
cs736291,2014-15,2014-11-21,1,LIONS,TIT,"Willowmoore Park, Benoni",ci:222159,J Symes,1.0,5,1,cricsheet
cs736291,2014-15,2014-11-21,2,TIT,LIONS,"Willowmoore Park, Benoni",ci:44752,H Davids,1.0,11,0,cricsheet
cs736291,2014-15,2014-11-21,2,TIT,LIONS,"Willowmoore Park, Benoni",ci:46526,NE Mbhalati,4.0,29,2,cricsheet
cs736291,2014-15,2014-11-21,2,TIT,LIONS,"Willowmoore Park, Benoni",ci:545467,CJ Dala,3.0,26,0,cricsheet
cs736291,2014-15,2014-11-21,2,TIT,LIONS,"Willowmoore Park, Benoni",ci:221140,D Wiese,2.0,15,0,cricsheet
cs736291,2014-15,2014-11-21,2,TIT,LIONS,"Willowmoore Park, Benoni",ci:379145,T Shamsi,3.0,26,1,cricsheet
cs736291,2014-15,2014-11-21,2,TIT,LIONS,"Willowmoore Park, Benoni",ci:47850,RE van der Merwe,2.0,24,1,cricsheet
cs736291,2014-15,2014-11-21,2,TIT,LIONS,"Willowmoore Park, Benoni",ci:53115,DJG Sammy,1.0,4,1,cricsheet
cs736293,2014-15,2014-11-23,1,LIONS,WPR,"Newlands, Cape Town",ci:439952,CH Morris,4.0,30,2,cricsheet
cs736293,2014-15,2014-11-23,1,LIONS,WPR,"Newlands, Cape Town",ci:47666,LL Tsotsobe,4.0,22,2,cricsheet
cs736293,2014-15,2014-11-23,1,LIONS,WPR,"Newlands, Cape Town",ci:375126,GC Viljoen,4.0,25,1,cricsheet
cs736293,2014-15,2014-11-23,1,LIONS,WPR,"Newlands, Cape Town",ci:46149,E Leie,4.0,25,1,cricsheet
cs736293,2014-15,2014-11-23,1,LIONS,WPR,"Newlands, Cape Town",ci:327830,D Pretorius,2.0,27,0,cricsheet
cs736293,2014-15,2014-11-23,1,LIONS,WPR,"Newlands, Cape Town",ci:222159,J Symes,2.0,19,0,cricsheet
cs736293,2014-15,2014-11-23,2,WPR,LIONS,"Newlands, Cape Town",ci:230860,M Shezi,2.0,12,0,cricsheet
cs736293,2014-15,2014-11-23,2,WPR,LIONS,"Newlands, Cape Town",ci:327947,D Paterson,2.3,9,3,cricsheet
cs736293,2014-15,2014-11-23,2,WPR,LIONS,"Newlands, Cape Town",ci:230559,KA Pollard,3.0,11,2,cricsheet
cs736293,2014-15,2014-11-23,2,WPR,LIONS,"Newlands, Cape Town",ci:549288,FD Adams,3.0,14,2,cricsheet
cs736293,2014-15,2014-11-23,2,WPR,LIONS,"Newlands, Cape Town",ci:481875,GF Linde,4.0,21,3,cricsheet
cs736293,2014-15,2014-11-23,2,WPR,LIONS,"Newlands, Cape Town",ci:315035,SA Engelbrecht,1.0,9,0,cricsheet
cs736295,2014-15,2014-11-23,1,WAR,TIT,"SuperSport Park, Centurion",ci:223642,J Theron,2.0,13,1,cricsheet
cs736295,2014-15,2014-11-23,1,WAR,TIT,"SuperSport Park, Centurion",ci:316909,BD Walters,1.0,19,1,cricsheet
cs736295,2014-15,2014-11-23,1,WAR,TIT,"SuperSport Park, Centurion",ci:379776,SSB Magala,2.0,25,0,cricsheet
cs736295,2014-15,2014-11-23,1,WAR,TIT,"SuperSport Park, Centurion",ci:46159,L Mbane,1.0,12,1,cricsheet
cs736295,2014-15,2014-11-23,1,WAR,TIT,"SuperSport Park, Centurion",ci:322818,A Gqamane,1.0,4,2,cricsheet
cs736295,2014-15,2014-11-23,1,WAR,TIT,"SuperSport Park, Centurion",ci:280490,JT Smuts,1.0,6,0,cricsheet
cs736295,2014-15,2014-11-23,2,TIT,WAR,"SuperSport Park, Centurion",ci:46526,NE Mbhalati,2.0,22,1,cricsheet
cs736295,2014-15,2014-11-23,2,TIT,WAR,"SuperSport Park, Centurion",ci:545467,CJ Dala,2.0,18,1,cricsheet
cs736295,2014-15,2014-11-23,2,TIT,WAR,"SuperSport Park, Centurion",ci:221140,D Wiese,2.0,13,2,cricsheet
cs736295,2014-15,2014-11-23,2,TIT,WAR,"SuperSport Park, Centurion",ci:53115,DJG Sammy,1.0,8,0,cricsheet
cs736295,2014-15,2014-11-23,2,TIT,WAR,"SuperSport Park, Centurion",ci:393273,ER Links,1.0,18,0,cricsheet
cs736297,2014-15,2014-11-26,1,DOL,TIT,"Willowmoore Park, Benoni",ci:44019,CJ Alexander,4.0,24,2,cricsheet
cs736297,2014-15,2014-11-26,1,DOL,TIT,"Willowmoore Park, Benoni",ci:437438,P Subrayen,3.0,28,1,cricsheet
cs736297,2014-15,2014-11-26,1,DOL,TIT,"Willowmoore Park, Benoni",ci:45204,R Frylinck,4.0,32,2,cricsheet
cs736297,2014-15,2014-11-26,1,DOL,TIT,"Willowmoore Park, Benoni",ci:51439,DJ Bravo,4.0,42,1,cricsheet
cs736297,2014-15,2014-11-26,1,DOL,TIT,"Willowmoore Park, Benoni",ci:540316,AL Phehlukwayo,2.0,20,0,cricsheet
cs736297,2014-15,2014-11-26,1,DOL,TIT,"Willowmoore Park, Benoni",ci:267724,KA Maharaj,3.0,23,0,cricsheet
cs736297,2014-15,2014-11-26,2,TIT,DOL,"Willowmoore Park, Benoni",ci:221140,D Wiese,4.0,32,2,cricsheet
cs736297,2014-15,2014-11-26,2,TIT,DOL,"Willowmoore Park, Benoni",ci:545467,CJ Dala,4.0,23,1,cricsheet
cs736297,2014-15,2014-11-26,2,TIT,DOL,"Willowmoore Park, Benoni",ci:381023,SF Mofokeng,3.0,29,1,cricsheet
cs736297,2014-15,2014-11-26,2,TIT,DOL,"Willowmoore Park, Benoni",ci:53115,DJG Sammy,4.0,29,2,cricsheet
cs736297,2014-15,2014-11-26,2,TIT,DOL,"Willowmoore Park, Benoni",ci:393273,ER Links,1.0,11,0,cricsheet
cs736297,2014-15,2014-11-26,2,TIT,DOL,"Willowmoore Park, Benoni",ci:393289,S von Berg,4.0,33,2,cricsheet
cs736299,2014-15,2014-11-28,1,WAR,WPR,"St George's Park, Port Elizabeth",ci:316909,BD Walters,3.0,23,0,cricsheet
cs736299,2014-15,2014-11-28,1,WAR,WPR,"St George's Park, Port Elizabeth",ci:223642,J Theron,4.0,25,1,cricsheet
cs736299,2014-15,2014-11-28,1,WAR,WPR,"St George's Park, Port Elizabeth",ci:46159,L Mbane,4.0,47,2,cricsheet
cs736299,2014-15,2014-11-28,1,WAR,WPR,"St George's Park, Port Elizabeth",ci:280490,JT Smuts,4.0,32,0,cricsheet
cs736299,2014-15,2014-11-28,1,WAR,WPR,"St George's Park, Port Elizabeth",ci:432960,SR Harmer,2.0,18,0,cricsheet
cs736299,2014-15,2014-11-28,1,WAR,WPR,"St George's Park, Port Elizabeth",ci:322818,A Gqamane,2.0,23,0,cricsheet
cs736299,2014-15,2014-11-28,1,WAR,WPR,"St George's Park, Port Elizabeth",ci:222320,C Jonker,1.0,13,0,cricsheet
cs736299,2014-15,2014-11-28,2,WPR,WAR,"St George's Park, Port Elizabeth",ci:230860,M Shezi,3.0,11,1,cricsheet
cs736299,2014-15,2014-11-28,2,WPR,WAR,"St George's Park, Port Elizabeth",ci:327947,D Paterson,3.0,11,2,cricsheet
cs736299,2014-15,2014-11-28,2,WPR,WAR,"St George's Park, Port Elizabeth",ci:549288,FD Adams,3.0,24,0,cricsheet
cs736299,2014-15,2014-11-28,2,WPR,WAR,"St George's Park, Port Elizabeth",ci:481875,GF Linde,4.0,26,3,cricsheet
cs736299,2014-15,2014-11-28,2,WPR,WAR,"St George's Park, Port Elizabeth",ci:230559,KA Pollard,2.0,18,0,cricsheet
cs736299,2014-15,2014-11-28,2,WPR,WAR,"St George's Park, Port Elizabeth",ci:315035,SA Engelbrecht,3.1,22,4,cricsheet
cs736301,2014-15,2014-11-28,1,DOL,KNG,"Diamond Oval, Kimberley",ci:44019,CJ Alexander,4.0,24,1,cricsheet
cs736301,2014-15,2014-11-28,1,DOL,KNG,"Diamond Oval, Kimberley",ci:45204,R Frylinck,4.0,26,2,cricsheet
cs736301,2014-15,2014-11-28,1,DOL,KNG,"Diamond Oval, Kimberley",ci:51439,DJ Bravo,4.0,50,1,cricsheet
cs736301,2014-15,2014-11-28,1,DOL,KNG,"Diamond Oval, Kimberley",ci:267724,KA Maharaj,4.0,29,0,cricsheet
cs736301,2014-15,2014-11-28,1,DOL,KNG,"Diamond Oval, Kimberley",ci:437438,P Subrayen,4.0,32,0,cricsheet
cs736301,2014-15,2014-11-28,2,KNG,DOL,"Diamond Oval, Kimberley",ci:45197,Q Friend,3.0,15,1,cricsheet
cs736301,2014-15,2014-11-28,2,KNG,DOL,"Diamond Oval, Kimberley",ci:276298,AD Russell,3.3,17,3,cricsheet
cs736301,2014-15,2014-11-28,2,KNG,DOL,"Diamond Oval, Kimberley",ci:334621,SC van Schalkwyk,4.0,28,3,cricsheet
cs736301,2014-15,2014-11-28,2,KNG,DOL,"Diamond Oval, Kimberley",ci:230861,MP Siboto,3.0,26,1,cricsheet
cs736301,2014-15,2014-11-28,2,KNG,DOL,"Diamond Oval, Kimberley",ci:44660,WL Coetsee,4.0,35,2,cricsheet
cs736301,2014-15,2014-11-28,2,KNG,DOL,"Diamond Oval, Kimberley",ci:328160,AJ Pienaar,1.0,6,0,cricsheet
cs736303,2014-15,2014-11-28,1,TIT,LIONS,"Senwes Park, Potchefstroom",ci:46526,NE Mbhalati,4.0,25,1,cricsheet
cs736303,2014-15,2014-11-28,1,TIT,LIONS,"Senwes Park, Potchefstroom",ci:545467,CJ Dala,3.0,32,0,cricsheet
cs736303,2014-15,2014-11-28,1,TIT,LIONS,"Senwes Park, Potchefstroom",ci:221140,D Wiese,4.0,47,1,cricsheet
cs736303,2014-15,2014-11-28,1,TIT,LIONS,"Senwes Park, Potchefstroom",ci:393273,ER Links,2.0,17,0,cricsheet
cs736303,2014-15,2014-11-28,1,TIT,LIONS,"Senwes Park, Potchefstroom",ci:393289,S von Berg,3.0,25,0,cricsheet
cs736303,2014-15,2014-11-28,1,TIT,LIONS,"Senwes Park, Potchefstroom",ci:53115,DJG Sammy,4.0,33,0,cricsheet
cs736303,2014-15,2014-11-28,2,LIONS,TIT,"Senwes Park, Potchefstroom",ci:550215,K Rabada,4.0,45,0,cricsheet
cs736303,2014-15,2014-11-28,2,LIONS,TIT,"Senwes Park, Potchefstroom",ci:47666,LL Tsotsobe,4.0,44,2,cricsheet
cs736303,2014-15,2014-11-28,2,LIONS,TIT,"Senwes Park, Potchefstroom",ci:439952,CH Morris,4.0,39,0,cricsheet
cs736303,2014-15,2014-11-28,2,LIONS,TIT,"Senwes Park, Potchefstroom",ci:46149,E Leie,4.0,14,2,cricsheet
cs736303,2014-15,2014-11-28,2,LIONS,TIT,"Senwes Park, Potchefstroom",ci:327830,D Pretorius,3.0,19,0,cricsheet
cs736303,2014-15,2014-11-28,2,LIONS,TIT,"Senwes Park, Potchefstroom",ci:222159,J Symes,1.0,13,0,cricsheet
cs736305,2014-15,2014-11-30,1,DOL,LIONS,"Chevrolet Park, Bloemfontein",ci:46393,R McLaren,4.0,25,1,cricsheet
cs736305,2014-15,2014-11-30,1,DOL,LIONS,"Chevrolet Park, Bloemfontein",ci:44019,CJ Alexander,3.0,15,1,cricsheet
cs736305,2014-15,2014-11-30,1,DOL,LIONS,"Chevrolet Park, Bloemfontein",ci:45204,R Frylinck,4.0,30,2,cricsheet
cs736305,2014-15,2014-11-30,1,DOL,LIONS,"Chevrolet Park, Bloemfontein",ci:51439,DJ Bravo,4.0,24,2,cricsheet
cs736305,2014-15,2014-11-30,1,DOL,LIONS,"Chevrolet Park, Bloemfontein",ci:437438,P Subrayen,4.0,17,1,cricsheet
cs736305,2014-15,2014-11-30,1,DOL,LIONS,"Chevrolet Park, Bloemfontein",ci:540316,AL Phehlukwayo,1.0,5,0,cricsheet
cs736305,2014-15,2014-11-30,2,LIONS,DOL,"Chevrolet Park, Bloemfontein",ci:282357,P Matshikwe,4.0,22,1,cricsheet
cs736305,2014-15,2014-11-30,2,LIONS,DOL,"Chevrolet Park, Bloemfontein",ci:47666,LL Tsotsobe,3.1,27,0,cricsheet
cs736305,2014-15,2014-11-30,2,LIONS,DOL,"Chevrolet Park, Bloemfontein",ci:439952,CH Morris,4.0,19,1,cricsheet
cs736305,2014-15,2014-11-30,2,LIONS,DOL,"Chevrolet Park, Bloemfontein",ci:550215,K Rabada,4.0,20,2,cricsheet
cs736305,2014-15,2014-11-30,2,LIONS,DOL,"Chevrolet Park, Bloemfontein",ci:46149,E Leie,4.0,33,1,cricsheet
cs736307,2014-15,2014-11-30,1,TIT,WAR,"Chevrolet Park, Bloemfontein",ci:393279,M de Lange,4.0,31,4,cricsheet
cs736307,2014-15,2014-11-30,1,TIT,WAR,"Chevrolet Park, Bloemfontein",ci:545467,CJ Dala,4.0,33,2,cricsheet
cs736307,2014-15,2014-11-30,1,TIT,WAR,"Chevrolet Park, Bloemfontein",ci:221140,D Wiese,3.0,26,0,cricsheet
cs736307,2014-15,2014-11-30,1,TIT,WAR,"Chevrolet Park, Bloemfontein",ci:393289,S von Berg,4.0,17,1,cricsheet
cs736307,2014-15,2014-11-30,1,TIT,WAR,"Chevrolet Park, Bloemfontein",ci:381023,SF Mofokeng,2.0,13,0,cricsheet
cs736307,2014-15,2014-11-30,1,TIT,WAR,"Chevrolet Park, Bloemfontein",ci:53115,DJG Sammy,3.0,26,0,cricsheet
cs736307,2014-15,2014-11-30,2,WAR,TIT,"Chevrolet Park, Bloemfontein",ci:223642,J Theron,4.0,14,2,cricsheet
cs736307,2014-15,2014-11-30,2,WAR,TIT,"Chevrolet Park, Bloemfontein",ci:316909,BD Walters,3.0,24,1,cricsheet
cs736307,2014-15,2014-11-30,2,WAR,TIT,"Chevrolet Park, Bloemfontein",ci:379776,SSB Magala,1.0,13,0,cricsheet
cs736307,2014-15,2014-11-30,2,WAR,TIT,"Chevrolet Park, Bloemfontein",ci:322818,A Gqamane,2.0,21,0,cricsheet
cs736307,2014-15,2014-11-30,2,WAR,TIT,"Chevrolet Park, Bloemfontein",ci:432960,SR Harmer,4.0,24,1,cricsheet
cs736307,2014-15,2014-11-30,2,WAR,TIT,"Chevrolet Park, Bloemfontein",ci:280490,JT Smuts,4.0,20,1,cricsheet
cs736307,2014-15,2014-11-30,2,WAR,TIT,"Chevrolet Park, Bloemfontein",ci:327831,MY Vallie,2.0,5,2,cricsheet
cs736309,2014-15,2014-11-30,1,KNG,WPR,"Chevrolet Park, Bloemfontein",ci:45197,Q Friend,2.0,9,0,cricsheet
cs736309,2014-15,2014-11-30,1,KNG,WPR,"Chevrolet Park, Bloemfontein",ci:276298,AD Russell,4.0,31,0,cricsheet
cs736309,2014-15,2014-11-30,1,KNG,WPR,"Chevrolet Park, Bloemfontein",ci:230861,MP Siboto,4.0,30,1,cricsheet
cs736309,2014-15,2014-11-30,1,KNG,WPR,"Chevrolet Park, Bloemfontein",ci:334621,SC van Schalkwyk,4.0,24,1,cricsheet
cs736309,2014-15,2014-11-30,1,KNG,WPR,"Chevrolet Park, Bloemfontein",ci:44660,WL Coetsee,4.0,29,1,cricsheet
cs736309,2014-15,2014-11-30,1,KNG,WPR,"Chevrolet Park, Bloemfontein",ci:328160,AJ Pienaar,2.0,19,0,cricsheet
cs736309,2014-15,2014-11-30,2,WPR,KNG,"Chevrolet Park, Bloemfontein",ci:230860,M Shezi,4.0,43,0,cricsheet
cs736309,2014-15,2014-11-30,2,WPR,KNG,"Chevrolet Park, Bloemfontein",ci:327947,D Paterson,2.0,4,0,cricsheet
cs736309,2014-15,2014-11-30,2,WPR,KNG,"Chevrolet Park, Bloemfontein",ci:230559,KA Pollard,2.0,18,0,cricsheet
cs736309,2014-15,2014-11-30,2,WPR,KNG,"Chevrolet Park, Bloemfontein",ci:549288,FD Adams,3.0,21,0,cricsheet
cs736309,2014-15,2014-11-30,2,WPR,KNG,"Chevrolet Park, Bloemfontein",ci:46750,RJ Peterson,4.0,21,3,cricsheet
cs736309,2014-15,2014-11-30,2,WPR,KNG,"Chevrolet Park, Bloemfontein",ci:46681,JL Ontong,1.0,5,0,cricsheet
cs736309,2014-15,2014-11-30,2,WPR,KNG,"Chevrolet Park, Bloemfontein",ci:481875,GF Linde,4.0,18,1,cricsheet
cs736311,2014-15,2014-12-03,1,WPR,WAR,"Boland Park, Paarl",ci:230860,M Shezi,3.0,19,1,cricsheet
cs736311,2014-15,2014-12-03,1,WPR,WAR,"Boland Park, Paarl",ci:47492,DW Steyn,4.0,19,1,cricsheet
cs736311,2014-15,2014-12-03,1,WPR,WAR,"Boland Park, Paarl",ci:327947,D Paterson,4.0,23,1,cricsheet
cs736311,2014-15,2014-12-03,1,WPR,WAR,"Boland Park, Paarl",ci:230559,KA Pollard,2.0,12,1,cricsheet
cs736311,2014-15,2014-12-03,1,WPR,WAR,"Boland Park, Paarl",ci:481875,GF Linde,4.0,42,1,cricsheet
cs736311,2014-15,2014-12-03,1,WPR,WAR,"Boland Park, Paarl",ci:46750,RJ Peterson,3.0,16,0,cricsheet
cs736311,2014-15,2014-12-03,2,WAR,WPR,"Boland Park, Paarl",ci:223642,J Theron,3.0,21,0,cricsheet
cs736311,2014-15,2014-12-03,2,WAR,WPR,"Boland Park, Paarl",ci:316909,BD Walters,3.0,17,0,cricsheet
cs736311,2014-15,2014-12-03,2,WAR,WPR,"Boland Park, Paarl",ci:379776,SSB Magala,3.0,23,1,cricsheet
cs736311,2014-15,2014-12-03,2,WAR,WPR,"Boland Park, Paarl",ci:280490,JT Smuts,4.0,25,0,cricsheet
cs736311,2014-15,2014-12-03,2,WAR,WPR,"Boland Park, Paarl",ci:432960,SR Harmer,3.0,14,0,cricsheet
cs736311,2014-15,2014-12-03,2,WAR,WPR,"Boland Park, Paarl",ci:327831,MY Vallie,1.0,13,0,cricsheet
cs736311,2014-15,2014-12-03,2,WAR,WPR,"Boland Park, Paarl",ci:322818,A Gqamane,1.1,16,0,cricsheet
cs736313,2014-15,2014-12-03,1,LIONS,KNG,"Diamond Oval, Kimberley",ci:282357,P Matshikwe,3.0,25,0,cricsheet
cs736313,2014-15,2014-12-03,1,LIONS,KNG,"Diamond Oval, Kimberley",ci:439952,CH Morris,4.0,46,2,cricsheet
cs736313,2014-15,2014-12-03,1,LIONS,KNG,"Diamond Oval, Kimberley",ci:550215,K Rabada,3.0,21,2,cricsheet
cs736313,2014-15,2014-12-03,1,LIONS,KNG,"Diamond Oval, Kimberley",ci:47666,LL Tsotsobe,4.0,44,2,cricsheet
cs736313,2014-15,2014-12-03,1,LIONS,KNG,"Diamond Oval, Kimberley",ci:46149,E Leie,4.0,21,1,cricsheet
cs736313,2014-15,2014-12-03,1,LIONS,KNG,"Diamond Oval, Kimberley",ci:327830,D Pretorius,2.0,21,0,cricsheet
cs736313,2014-15,2014-12-03,2,KNG,LIONS,"Diamond Oval, Kimberley",ci:44938,D du Preez,1.2,10,0,cricsheet
cs736313,2014-15,2014-12-03,2,KNG,LIONS,"Diamond Oval, Kimberley",ci:276298,AD Russell,1.0,12,0,cricsheet
cs736315,2014-15,2014-12-07,1,KNG,LIONS,"New Wanderers Stadium, Johannesburg",ci:44660,WL Coetsee,4.0,33,1,cricsheet
cs736315,2014-15,2014-12-07,1,KNG,LIONS,"New Wanderers Stadium, Johannesburg",ci:276298,AD Russell,4.0,44,1,cricsheet
cs736315,2014-15,2014-12-07,1,KNG,LIONS,"New Wanderers Stadium, Johannesburg",ci:44938,D du Preez,4.0,20,0,cricsheet
cs736315,2014-15,2014-12-07,1,KNG,LIONS,"New Wanderers Stadium, Johannesburg",ci:230861,MP Siboto,4.0,26,2,cricsheet
cs736315,2014-15,2014-12-07,1,KNG,LIONS,"New Wanderers Stadium, Johannesburg",ci:334621,SC van Schalkwyk,4.0,25,1,cricsheet
cs736315,2014-15,2014-12-07,2,LIONS,KNG,"New Wanderers Stadium, Johannesburg",ci:282357,P Matshikwe,2.0,28,0,cricsheet
cs736315,2014-15,2014-12-07,2,LIONS,KNG,"New Wanderers Stadium, Johannesburg",ci:47666,LL Tsotsobe,3.5,32,1,cricsheet
cs736315,2014-15,2014-12-07,2,LIONS,KNG,"New Wanderers Stadium, Johannesburg",ci:439952,CH Morris,3.0,29,0,cricsheet
cs736315,2014-15,2014-12-07,2,LIONS,KNG,"New Wanderers Stadium, Johannesburg",ci:550215,K Rabada,3.0,13,1,cricsheet
cs736315,2014-15,2014-12-07,2,LIONS,KNG,"New Wanderers Stadium, Johannesburg",ci:46149,E Leie,4.0,28,0,cricsheet
cs736315,2014-15,2014-12-07,2,LIONS,KNG,"New Wanderers Stadium, Johannesburg",ci:51880,CH Gayle,1.0,10,0,cricsheet
cs736315,2014-15,2014-12-07,2,LIONS,KNG,"New Wanderers Stadium, Johannesburg",ci:222159,J Symes,1.0,7,0,cricsheet
cs736317,2014-15,2014-12-12,1,KNG,WPR,"Newlands, Cape Town",ci:44938,D du Preez,4.0,27,1,cricsheet
cs736317,2014-15,2014-12-12,1,KNG,WPR,"Newlands, Cape Town",ci:276298,AD Russell,4.0,40,0,cricsheet
cs736317,2014-15,2014-12-12,1,KNG,WPR,"Newlands, Cape Town",ci:230861,MP Siboto,4.0,29,0,cricsheet
cs736317,2014-15,2014-12-12,1,KNG,WPR,"Newlands, Cape Town",ci:334621,SC van Schalkwyk,4.0,31,1,cricsheet
cs736317,2014-15,2014-12-12,1,KNG,WPR,"Newlands, Cape Town",ci:44660,WL Coetsee,3.0,22,0,cricsheet
cs736317,2014-15,2014-12-12,1,KNG,WPR,"Newlands, Cape Town",ci:328160,AJ Pienaar,1.0,6,1,cricsheet
cs736317,2014-15,2014-12-12,2,WPR,KNG,"Newlands, Cape Town",ci:47492,DW Steyn,4.0,11,0,cricsheet
cs736317,2014-15,2014-12-12,2,WPR,KNG,"Newlands, Cape Town",ci:230860,M Shezi,3.0,22,0,cricsheet
cs736317,2014-15,2014-12-12,2,WPR,KNG,"Newlands, Cape Town",ci:327947,D Paterson,4.0,33,4,cricsheet
cs736317,2014-15,2014-12-12,2,WPR,KNG,"Newlands, Cape Town",ci:230559,KA Pollard,4.0,21,3,cricsheet
cs736317,2014-15,2014-12-12,2,WPR,KNG,"Newlands, Cape Town",ci:46750,RJ Peterson,2.0,12,1,cricsheet
cs736317,2014-15,2014-12-12,2,WPR,KNG,"Newlands, Cape Town",ci:481875,GF Linde,2.0,16,0,cricsheet
cs736317,2014-15,2014-12-12,2,WPR,KNG,"Newlands, Cape Town",ci:46681,JL Ontong,1.0,9,1,cricsheet
cs851933,2015-16,2015-11-01,1,TIT,DOL,"SuperSport Park, Centurion",ci:46248,JA Morkel,4.0,28,2,cricsheet
cs851933,2015-16,2015-11-01,1,TIT,DOL,"SuperSport Park, Centurion",ci:439952,CH Morris,4.0,35,0,cricsheet
cs851933,2015-16,2015-11-01,1,TIT,DOL,"SuperSport Park, Centurion",ci:545467,CJ Dala,2.0,22,1,cricsheet
cs851933,2015-16,2015-11-01,1,TIT,DOL,"SuperSport Park, Centurion",ci:393279,M de Lange,3.0,48,0,cricsheet
cs851933,2015-16,2015-11-01,1,TIT,DOL,"SuperSport Park, Centurion",ci:379145,T Shamsi,4.0,31,0,cricsheet
cs851933,2015-16,2015-11-01,1,TIT,DOL,"SuperSport Park, Centurion",ci:44752,H Davids,3.0,14,1,cricsheet
cs851933,2015-16,2015-11-01,2,DOL,TIT,"SuperSport Park, Centurion",ci:297583,KJ Abbott,4.0,45,0,cricsheet
cs851933,2015-16,2015-11-01,2,DOL,TIT,"SuperSport Park, Centurion",ci:437438,P Subrayen,4.0,22,4,cricsheet
cs851933,2015-16,2015-11-01,2,DOL,TIT,"SuperSport Park, Centurion",ci:267724,KA Maharaj,4.0,36,1,cricsheet
cs851933,2015-16,2015-11-01,2,DOL,TIT,"SuperSport Park, Centurion",ci:379879,A Myoli,4.0,37,0,cricsheet
cs851933,2015-16,2015-11-01,2,DOL,TIT,"SuperSport Park, Centurion",ci:540316,AL Phehlukwayo,4.0,29,2,cricsheet
cs851937,2015-16,2015-11-06,1,WAR,WPR,"Boland Park, Paarl",ci:316909,BD Walters,2.0,13,0,cricsheet
cs851937,2015-16,2015-11-06,1,WAR,WPR,"Boland Park, Paarl",ci:44413,ACR Birch,3.0,27,2,cricsheet
cs851937,2015-16,2015-11-06,1,WAR,WPR,"Boland Park, Paarl",ci:280490,JT Smuts,4.0,14,2,cricsheet
cs851937,2015-16,2015-11-06,1,WAR,WPR,"Boland Park, Paarl",ci:379776,SSB Magala,2.0,21,1,cricsheet
cs851937,2015-16,2015-11-06,1,WAR,WPR,"Boland Park, Paarl",ci:379774,CN Ackermann,4.0,26,0,cricsheet
cs851937,2015-16,2015-11-06,1,WAR,WPR,"Boland Park, Paarl",ci:45705,CA Ingram,1.0,6,0,cricsheet
cs851937,2015-16,2015-11-06,1,WAR,WPR,"Boland Park, Paarl",ci:322818,A Gqamane,1.0,10,0,cricsheet
cs851937,2015-16,2015-11-06,1,WAR,WPR,"Boland Park, Paarl",ci:379873,MJ Nqolo,1.0,8,0,cricsheet
cs851937,2015-16,2015-11-06,1,WAR,WPR,"Boland Park, Paarl",ci:327831,MY Vallie,2.0,9,1,cricsheet
cs851937,2015-16,2015-11-06,2,WPR,WAR,"Boland Park, Paarl",ci:265564,WD Parnell,4.0,15,2,cricsheet
cs851937,2015-16,2015-11-06,2,WPR,WAR,"Boland Park, Paarl",ci:327947,D Paterson,4.0,31,3,cricsheet
cs851937,2015-16,2015-11-06,2,WPR,WAR,"Boland Park, Paarl",ci:230860,M Shezi,2.0,6,0,cricsheet
cs851937,2015-16,2015-11-06,2,WPR,WAR,"Boland Park, Paarl",ci:549288,FD Adams,1.0,20,0,cricsheet
cs851937,2015-16,2015-11-06,2,WPR,WAR,"Boland Park, Paarl",ci:481875,GF Linde,4.0,27,0,cricsheet
cs851937,2015-16,2015-11-06,2,WPR,WAR,"Boland Park, Paarl",ci:46681,JL Ontong,3.0,22,0,cricsheet
cs851937,2015-16,2015-11-06,2,WPR,WAR,"Boland Park, Paarl",ci:315035,SA Engelbrecht,2.0,12,1,cricsheet
cs851939,2015-16,2015-11-06,1,DOL,KNG,"Diamond Oval, Kimberley",ci:267724,KA Maharaj,3.0,20,1,cricsheet
cs851939,2015-16,2015-11-06,1,DOL,KNG,"Diamond Oval, Kimberley",ci:297583,KJ Abbott,4.0,31,2,cricsheet
cs851939,2015-16,2015-11-06,1,DOL,KNG,"Diamond Oval, Kimberley",ci:540316,AL Phehlukwayo,3.0,23,0,cricsheet
cs851939,2015-16,2015-11-06,1,DOL,KNG,"Diamond Oval, Kimberley",ci:379879,A Myoli,4.0,27,0,cricsheet
cs851939,2015-16,2015-11-06,1,DOL,KNG,"Diamond Oval, Kimberley",ci:322810,CS Delport,3.0,22,0,cricsheet
cs851939,2015-16,2015-11-06,1,DOL,KNG,"Diamond Oval, Kimberley",ci:437438,P Subrayen,3.0,41,0,cricsheet
cs851939,2015-16,2015-11-06,2,KNG,DOL,"Diamond Oval, Kimberley",ci:44938,D du Preez,3.0,28,0,cricsheet
cs851939,2015-16,2015-11-06,2,KNG,DOL,"Diamond Oval, Kimberley",ci:334621,SC van Schalkwyk,3.4,49,0,cricsheet
cs851939,2015-16,2015-11-06,2,KNG,DOL,"Diamond Oval, Kimberley",ci:46393,R McLaren,3.0,26,1,cricsheet
cs851939,2015-16,2015-11-06,2,KNG,DOL,"Diamond Oval, Kimberley",ci:230861,MP Siboto,3.0,33,0,cricsheet
cs851939,2015-16,2015-11-06,2,KNG,DOL,"Diamond Oval, Kimberley",ci:44660,WL Coetsee,3.0,19,0,cricsheet
cs851939,2015-16,2015-11-06,2,KNG,DOL,"Diamond Oval, Kimberley",ci:535378,K Mohale,1.0,15,0,cricsheet
cs851943,2015-16,2015-11-08,1,WAR,DOL,"Kingsmead, Durban",ci:44413,ACR Birch,4.0,37,1,cricsheet
cs851943,2015-16,2015-11-08,1,WAR,DOL,"Kingsmead, Durban",ci:316909,BD Walters,2.0,16,0,cricsheet
cs851943,2015-16,2015-11-08,1,WAR,DOL,"Kingsmead, Durban",ci:280490,JT Smuts,4.0,31,0,cricsheet
cs851943,2015-16,2015-11-08,1,WAR,DOL,"Kingsmead, Durban",ci:322818,A Gqamane,2.0,25,0,cricsheet
cs851943,2015-16,2015-11-08,1,WAR,DOL,"Kingsmead, Durban",ci:45705,CA Ingram,1.0,15,0,cricsheet
cs851943,2015-16,2015-11-08,1,WAR,DOL,"Kingsmead, Durban",ci:379776,SSB Magala,4.0,29,2,cricsheet
cs851943,2015-16,2015-11-08,1,WAR,DOL,"Kingsmead, Durban",ci:379774,CN Ackermann,2.0,11,1,cricsheet
cs851943,2015-16,2015-11-08,1,WAR,DOL,"Kingsmead, Durban",ci:327831,MY Vallie,1.0,13,0,cricsheet
cs851943,2015-16,2015-11-08,2,DOL,WAR,"Kingsmead, Durban",ci:297583,KJ Abbott,4.0,32,0,cricsheet
cs851943,2015-16,2015-11-08,2,DOL,WAR,"Kingsmead, Durban",ci:267724,KA Maharaj,4.0,15,1,cricsheet
cs851943,2015-16,2015-11-08,2,DOL,WAR,"Kingsmead, Durban",ci:379879,A Myoli,1.0,12,0,cricsheet
cs851943,2015-16,2015-11-08,2,DOL,WAR,"Kingsmead, Durban",ci:540316,AL Phehlukwayo,2.4,23,2,cricsheet
cs851943,2015-16,2015-11-08,2,DOL,WAR,"Kingsmead, Durban",ci:322810,CS Delport,4.0,26,3,cricsheet
cs851943,2015-16,2015-11-08,2,DOL,WAR,"Kingsmead, Durban",ci:437438,P Subrayen,4.0,29,4,cricsheet
cs851945,2015-16,2015-11-08,1,WPR,TIT,"SuperSport Park, Centurion",ci:327947,D Paterson,4.0,31,3,cricsheet
cs851945,2015-16,2015-11-08,1,WPR,TIT,"SuperSport Park, Centurion",ci:45949,RK Kleinveldt,3.0,36,0,cricsheet
cs851945,2015-16,2015-11-08,1,WPR,TIT,"SuperSport Park, Centurion",ci:230860,M Shezi,3.0,28,0,cricsheet
cs851945,2015-16,2015-11-08,1,WPR,TIT,"SuperSport Park, Centurion",ci:315035,SA Engelbrecht,3.0,19,0,cricsheet
cs851945,2015-16,2015-11-08,1,WPR,TIT,"SuperSport Park, Centurion",ci:481875,GF Linde,3.0,24,0,cricsheet
cs851945,2015-16,2015-11-08,1,WPR,TIT,"SuperSport Park, Centurion",ci:46681,JL Ontong,4.0,33,2,cricsheet
cs851945,2015-16,2015-11-08,2,TIT,WPR,"SuperSport Park, Centurion",ci:381002,GL van Buuren,4.0,15,0,cricsheet
cs851945,2015-16,2015-11-08,2,TIT,WPR,"SuperSport Park, Centurion",ci:439952,CH Morris,4.0,35,2,cricsheet
cs851945,2015-16,2015-11-08,2,TIT,WPR,"SuperSport Park, Centurion",ci:542023,L Ngidi,3.0,26,0,cricsheet
cs851945,2015-16,2015-11-08,2,TIT,WPR,"SuperSport Park, Centurion",ci:501884,R Claassen,4.0,34,2,cricsheet
cs851945,2015-16,2015-11-08,2,TIT,WPR,"SuperSport Park, Centurion",ci:44752,H Davids,1.0,6,0,cricsheet
cs851945,2015-16,2015-11-08,2,TIT,WPR,"SuperSport Park, Centurion",ci:46248,JA Morkel,4.0,28,2,cricsheet
cs851947,2015-16,2015-11-11,1,WPR,KNG,"Diamond Oval, Kimberley",ci:265564,WD Parnell,3.0,31,0,cricsheet
cs851947,2015-16,2015-11-11,1,WPR,KNG,"Diamond Oval, Kimberley",ci:45949,RK Kleinveldt,3.0,25,0,cricsheet
cs851947,2015-16,2015-11-11,1,WPR,KNG,"Diamond Oval, Kimberley",ci:230860,M Shezi,4.0,27,0,cricsheet
cs851947,2015-16,2015-11-11,1,WPR,KNG,"Diamond Oval, Kimberley",ci:327947,D Paterson,3.0,44,1,cricsheet
cs851947,2015-16,2015-11-11,1,WPR,KNG,"Diamond Oval, Kimberley",ci:481875,GF Linde,4.0,21,4,cricsheet
cs851947,2015-16,2015-11-11,1,WPR,KNG,"Diamond Oval, Kimberley",ci:315035,SA Engelbrecht,2.0,14,0,cricsheet
cs851947,2015-16,2015-11-11,1,WPR,KNG,"Diamond Oval, Kimberley",ci:46681,JL Ontong,1.0,7,0,cricsheet
cs851947,2015-16,2015-11-11,2,KNG,WPR,"Diamond Oval, Kimberley",ci:44938,D du Preez,3.0,38,1,cricsheet
cs851947,2015-16,2015-11-11,2,KNG,WPR,"Diamond Oval, Kimberley",ci:46393,R McLaren,3.0,19,0,cricsheet
cs851947,2015-16,2015-11-11,2,KNG,WPR,"Diamond Oval, Kimberley",ci:44660,WL Coetsee,4.0,19,2,cricsheet
cs851947,2015-16,2015-11-11,2,KNG,WPR,"Diamond Oval, Kimberley",ci:230861,MP Siboto,4.0,38,2,cricsheet
cs851947,2015-16,2015-11-11,2,KNG,WPR,"Diamond Oval, Kimberley",ci:550226,T Ntuli,1.0,12,0,cricsheet
cs851947,2015-16,2015-11-11,2,KNG,WPR,"Diamond Oval, Kimberley",ci:535378,K Mohale,2.0,21,1,cricsheet
cs851947,2015-16,2015-11-11,2,KNG,WPR,"Diamond Oval, Kimberley",ci:276843,AR Swanepoel,2.0,29,0,cricsheet
cs851949,2015-16,2015-11-13,1,LIONS,WAR,"St George's Park, Port Elizabeth",ci:553249,BC Fortuin,4.0,23,1,cricsheet
cs851949,2015-16,2015-11-13,1,LIONS,WAR,"St George's Park, Port Elizabeth",ci:327830,D Pretorius,2.0,14,0,cricsheet
cs851949,2015-16,2015-11-13,1,LIONS,WAR,"St George's Park, Port Elizabeth",ci:375126,GC Viljoen,4.0,30,0,cricsheet
cs851949,2015-16,2015-11-13,1,LIONS,WAR,"St George's Park, Port Elizabeth",ci:46149,E Leie,4.0,28,1,cricsheet
cs851949,2015-16,2015-11-13,1,LIONS,WAR,"St George's Park, Port Elizabeth",ci:46942,AM Phangiso,4.0,36,2,cricsheet
cs851949,2015-16,2015-11-13,1,LIONS,WAR,"St George's Park, Port Elizabeth",ci:466090,S Pillay,2.0,24,0,cricsheet
cs851949,2015-16,2015-11-13,2,WAR,LIONS,"St George's Park, Port Elizabeth",ci:44413,ACR Birch,4.0,22,0,cricsheet
cs851949,2015-16,2015-11-13,2,WAR,LIONS,"St George's Park, Port Elizabeth",ci:316909,BD Walters,2.0,20,0,cricsheet
cs851949,2015-16,2015-11-13,2,WAR,LIONS,"St George's Park, Port Elizabeth",ci:46159,L Mbane,2.0,16,0,cricsheet
cs851949,2015-16,2015-11-13,2,WAR,LIONS,"St George's Park, Port Elizabeth",ci:379776,SSB Magala,4.0,28,5,cricsheet
cs851949,2015-16,2015-11-13,2,WAR,LIONS,"St George's Park, Port Elizabeth",ci:280490,JT Smuts,4.0,14,2,cricsheet
cs851949,2015-16,2015-11-13,2,WAR,LIONS,"St George's Park, Port Elizabeth",ci:327831,MY Vallie,1.0,10,0,cricsheet
cs851949,2015-16,2015-11-13,2,WAR,LIONS,"St George's Park, Port Elizabeth",ci:379774,CN Ackermann,3.0,18,1,cricsheet
cs851953,2015-16,2015-11-15,1,WPR,DOL,"SuperSport Park, Centurion",ci:327947,D Paterson,4.0,25,0,cricsheet
cs851953,2015-16,2015-11-15,1,WPR,DOL,"SuperSport Park, Centurion",ci:265564,WD Parnell,4.0,20,4,cricsheet
cs851953,2015-16,2015-11-15,1,WPR,DOL,"SuperSport Park, Centurion",ci:230860,M Shezi,4.0,25,1,cricsheet
cs851953,2015-16,2015-11-15,1,WPR,DOL,"SuperSport Park, Centurion",ci:481875,GF Linde,4.0,43,1,cricsheet
cs851953,2015-16,2015-11-15,1,WPR,DOL,"SuperSport Park, Centurion",ci:230559,KA Pollard,4.0,32,1,cricsheet
cs851953,2015-16,2015-11-15,2,DOL,WPR,"SuperSport Park, Centurion",ci:44019,CJ Alexander,3.0,26,0,cricsheet
cs851953,2015-16,2015-11-15,2,DOL,WPR,"SuperSport Park, Centurion",ci:267724,KA Maharaj,4.0,15,1,cricsheet
cs851953,2015-16,2015-11-15,2,DOL,WPR,"SuperSport Park, Centurion",ci:46393,R McLaren,2.4,33,1,cricsheet
cs851953,2015-16,2015-11-15,2,DOL,WPR,"SuperSport Park, Centurion",ci:540316,AL Phehlukwayo,2.0,20,0,cricsheet
cs851953,2015-16,2015-11-15,2,DOL,WPR,"SuperSport Park, Centurion",ci:51439,DJ Bravo,4.0,35,1,cricsheet
cs851953,2015-16,2015-11-15,2,DOL,WPR,"SuperSport Park, Centurion",ci:318842,K Zondo,4.0,22,2,cricsheet
cs851955,2015-16,2015-11-15,1,TIT,WAR,"SuperSport Park, Centurion",ci:46248,JA Morkel,1.0,5,0,cricsheet
cs851955,2015-16,2015-11-15,1,TIT,WAR,"SuperSport Park, Centurion",ci:381002,GL van Buuren,4.0,24,0,cricsheet
cs851955,2015-16,2015-11-15,1,TIT,WAR,"SuperSport Park, Centurion",ci:439952,CH Morris,4.0,35,2,cricsheet
cs851955,2015-16,2015-11-15,1,TIT,WAR,"SuperSport Park, Centurion",ci:545467,CJ Dala,2.0,11,0,cricsheet
cs851955,2015-16,2015-11-15,1,TIT,WAR,"SuperSport Park, Centurion",ci:44752,H Davids,1.0,11,0,cricsheet
cs851955,2015-16,2015-11-15,1,TIT,WAR,"SuperSport Park, Centurion",ci:379145,T Shamsi,4.0,20,2,cricsheet
cs851955,2015-16,2015-11-15,1,TIT,WAR,"SuperSport Park, Centurion",ci:542023,L Ngidi,1.0,14,0,cricsheet
cs851955,2015-16,2015-11-15,1,TIT,WAR,"SuperSport Park, Centurion",ci:221140,D Wiese,3.0,23,3,cricsheet
cs851955,2015-16,2015-11-15,2,WAR,TIT,"SuperSport Park, Centurion",ci:44413,ACR Birch,4.0,36,1,cricsheet
cs851955,2015-16,2015-11-15,2,WAR,TIT,"SuperSport Park, Centurion",ci:316909,BD Walters,1.1,14,0,cricsheet
cs851955,2015-16,2015-11-15,2,WAR,TIT,"SuperSport Park, Centurion",ci:379776,SSB Magala,3.0,24,1,cricsheet
cs851955,2015-16,2015-11-15,2,WAR,TIT,"SuperSport Park, Centurion",ci:280490,JT Smuts,3.0,31,0,cricsheet
cs851955,2015-16,2015-11-15,2,WAR,TIT,"SuperSport Park, Centurion",ci:379774,CN Ackermann,4.0,25,2,cricsheet
cs851955,2015-16,2015-11-15,2,WAR,TIT,"SuperSport Park, Centurion",ci:46159,L Mbane,2.0,19,1,cricsheet
cs851957,2015-16,2015-11-15,1,KNG,LIONS,"Mangaung Oval, Bloemfontein",ci:44938,D du Preez,4.0,8,0,cricsheet
cs851957,2015-16,2015-11-15,1,KNG,LIONS,"Mangaung Oval, Bloemfontein",ci:276298,AD Russell,4.0,22,1,cricsheet
cs851957,2015-16,2015-11-15,1,KNG,LIONS,"Mangaung Oval, Bloemfontein",ci:230861,MP Siboto,4.0,27,0,cricsheet
cs851957,2015-16,2015-11-15,1,KNG,LIONS,"Mangaung Oval, Bloemfontein",ci:334621,SC van Schalkwyk,4.0,19,4,cricsheet
cs851957,2015-16,2015-11-15,1,KNG,LIONS,"Mangaung Oval, Bloemfontein",ci:44660,WL Coetsee,2.0,20,0,cricsheet
cs851957,2015-16,2015-11-15,1,KNG,LIONS,"Mangaung Oval, Bloemfontein",ci:550226,T Ntuli,2.0,13,1,cricsheet
cs851957,2015-16,2015-11-15,2,LIONS,KNG,"Mangaung Oval, Bloemfontein",ci:553249,BC Fortuin,3.0,24,0,cricsheet
cs851957,2015-16,2015-11-15,2,LIONS,KNG,"Mangaung Oval, Bloemfontein",ci:327830,D Pretorius,4.0,18,3,cricsheet
cs851957,2015-16,2015-11-15,2,LIONS,KNG,"Mangaung Oval, Bloemfontein",ci:47666,LL Tsotsobe,4.0,22,2,cricsheet
cs851957,2015-16,2015-11-15,2,LIONS,KNG,"Mangaung Oval, Bloemfontein",ci:46942,AM Phangiso,4.0,12,0,cricsheet
cs851957,2015-16,2015-11-15,2,LIONS,KNG,"Mangaung Oval, Bloemfontein",ci:46149,E Leie,4.0,15,5,cricsheet
cs851959,2015-16,2015-11-18,1,DOL,TIT,"Kingsmead, Durban",ci:44019,CJ Alexander,2.0,17,0,cricsheet
cs851959,2015-16,2015-11-18,1,DOL,TIT,"Kingsmead, Durban",ci:46393,R McLaren,4.0,28,3,cricsheet
cs851959,2015-16,2015-11-18,1,DOL,TIT,"Kingsmead, Durban",ci:540316,AL Phehlukwayo,4.0,27,3,cricsheet
cs851959,2015-16,2015-11-18,1,DOL,TIT,"Kingsmead, Durban",ci:51439,DJ Bravo,4.0,31,1,cricsheet
cs851959,2015-16,2015-11-18,1,DOL,TIT,"Kingsmead, Durban",ci:379879,A Myoli,3.0,17,0,cricsheet
cs851959,2015-16,2015-11-18,1,DOL,TIT,"Kingsmead, Durban",ci:267724,KA Maharaj,3.0,16,2,cricsheet
cs851959,2015-16,2015-11-18,2,TIT,DOL,"Kingsmead, Durban",ci:46248,JA Morkel,4.0,14,2,cricsheet
cs851959,2015-16,2015-11-18,2,TIT,DOL,"Kingsmead, Durban",ci:439952,CH Morris,3.0,9,4,cricsheet
cs851959,2015-16,2015-11-18,2,TIT,DOL,"Kingsmead, Durban",ci:379145,T Shamsi,4.0,14,0,cricsheet
cs851959,2015-16,2015-11-18,2,TIT,DOL,"Kingsmead, Durban",ci:545467,CJ Dala,2.4,13,2,cricsheet
cs851959,2015-16,2015-11-18,2,TIT,DOL,"Kingsmead, Durban",ci:381023,SF Mofokeng,1.0,7,0,cricsheet
cs851959,2015-16,2015-11-18,2,TIT,DOL,"Kingsmead, Durban",ci:221140,D Wiese,1.0,13,1,cricsheet
cs851963,2015-16,2015-11-20,1,WAR,DOL,"Buffalo Park, East London",ci:44413,ACR Birch,2.0,8,0,cricsheet
cs851963,2015-16,2015-11-20,1,WAR,DOL,"Buffalo Park, East London",ci:316909,BD Walters,2.0,11,0,cricsheet
cs851963,2015-16,2015-11-20,1,WAR,DOL,"Buffalo Park, East London",ci:46159,L Mbane,1.0,9,0,cricsheet
cs851963,2015-16,2015-11-20,1,WAR,DOL,"Buffalo Park, East London",ci:379776,SSB Magala,0.1,4,0,cricsheet
cs851965,2015-16,2015-11-22,1,WPR,KNG,"Boland Park, Paarl",ci:327947,D Paterson,4.0,24,2,cricsheet
cs851965,2015-16,2015-11-22,1,WPR,KNG,"Boland Park, Paarl",ci:265564,WD Parnell,2.0,5,0,cricsheet
cs851965,2015-16,2015-11-22,1,WPR,KNG,"Boland Park, Paarl",ci:45949,RK Kleinveldt,4.0,33,2,cricsheet
cs851965,2015-16,2015-11-22,1,WPR,KNG,"Boland Park, Paarl",ci:230860,M Shezi,4.0,30,0,cricsheet
cs851965,2015-16,2015-11-22,1,WPR,KNG,"Boland Park, Paarl",ci:230559,KA Pollard,4.0,26,0,cricsheet
cs851965,2015-16,2015-11-22,1,WPR,KNG,"Boland Park, Paarl",ci:429014,S Simetu,2.0,16,1,cricsheet
cs851965,2015-16,2015-11-22,2,KNG,WPR,"Boland Park, Paarl",ci:44938,D du Preez,4.0,28,2,cricsheet
cs851965,2015-16,2015-11-22,2,KNG,WPR,"Boland Park, Paarl",ci:276298,AD Russell,4.0,43,2,cricsheet
cs851965,2015-16,2015-11-22,2,KNG,WPR,"Boland Park, Paarl",ci:230861,MP Siboto,4.0,15,1,cricsheet
cs851965,2015-16,2015-11-22,2,KNG,WPR,"Boland Park, Paarl",ci:334621,SC van Schalkwyk,3.3,25,1,cricsheet
cs851965,2015-16,2015-11-22,2,KNG,WPR,"Boland Park, Paarl",ci:44660,WL Coetsee,3.0,22,0,cricsheet
cs851965,2015-16,2015-11-22,2,KNG,WPR,"Boland Park, Paarl",ci:550226,T Ntuli,1.0,7,0,cricsheet
cs851969,2015-16,2015-11-25,1,LIONS,KNG,"Senwes Park, Potchefstroom",ci:327830,D Pretorius,4.0,38,0,cricsheet
cs851969,2015-16,2015-11-25,1,LIONS,KNG,"Senwes Park, Potchefstroom",ci:375126,GC Viljoen,4.0,41,1,cricsheet
cs851969,2015-16,2015-11-25,1,LIONS,KNG,"Senwes Park, Potchefstroom",ci:47666,LL Tsotsobe,4.0,41,2,cricsheet
cs851969,2015-16,2015-11-25,1,LIONS,KNG,"Senwes Park, Potchefstroom",ci:46942,AM Phangiso,4.0,26,2,cricsheet
cs851969,2015-16,2015-11-25,1,LIONS,KNG,"Senwes Park, Potchefstroom",ci:46149,E Leie,4.0,28,0,cricsheet
cs851969,2015-16,2015-11-25,2,KNG,LIONS,"Senwes Park, Potchefstroom",ci:44938,D du Preez,4.0,34,0,cricsheet
cs851969,2015-16,2015-11-25,2,KNG,LIONS,"Senwes Park, Potchefstroom",ci:276298,AD Russell,4.0,21,1,cricsheet
cs851969,2015-16,2015-11-25,2,KNG,LIONS,"Senwes Park, Potchefstroom",ci:230861,MP Siboto,4.0,29,3,cricsheet
cs851969,2015-16,2015-11-25,2,KNG,LIONS,"Senwes Park, Potchefstroom",ci:334621,SC van Schalkwyk,4.0,33,2,cricsheet
cs851969,2015-16,2015-11-25,2,KNG,LIONS,"Senwes Park, Potchefstroom",ci:44660,WL Coetsee,3.0,20,2,cricsheet
cs851969,2015-16,2015-11-25,2,KNG,LIONS,"Senwes Park, Potchefstroom",ci:550226,T Ntuli,1.0,6,0,cricsheet
cs851971,2015-16,2015-11-28,1,KNG,DOL,"St George's Park, Port Elizabeth",ci:276298,AD Russell,4.0,15,3,cricsheet
cs851971,2015-16,2015-11-28,1,KNG,DOL,"St George's Park, Port Elizabeth",ci:486679,D Olivier,2.0,16,0,cricsheet
cs851971,2015-16,2015-11-28,1,KNG,DOL,"St George's Park, Port Elizabeth",ci:230861,MP Siboto,4.0,14,3,cricsheet
cs851971,2015-16,2015-11-28,1,KNG,DOL,"St George's Park, Port Elizabeth",ci:334621,SC van Schalkwyk,3.0,8,0,cricsheet
cs851971,2015-16,2015-11-28,1,KNG,DOL,"St George's Park, Port Elizabeth",ci:44660,WL Coetsee,4.0,16,0,cricsheet
cs851971,2015-16,2015-11-28,1,KNG,DOL,"St George's Park, Port Elizabeth",ci:550226,T Ntuli,3.0,12,1,cricsheet
cs851971,2015-16,2015-11-28,2,DOL,KNG,"St George's Park, Port Elizabeth",ci:267724,KA Maharaj,4.0,24,1,cricsheet
cs851971,2015-16,2015-11-28,2,DOL,KNG,"St George's Park, Port Elizabeth",ci:379088,RJ Engelbrecht,2.0,14,1,cricsheet
cs851971,2015-16,2015-11-28,2,DOL,KNG,"St George's Park, Port Elizabeth",ci:51439,DJ Bravo,2.0,6,0,cricsheet
cs851971,2015-16,2015-11-28,2,DOL,KNG,"St George's Park, Port Elizabeth",ci:540316,AL Phehlukwayo,3.0,14,0,cricsheet
cs851971,2015-16,2015-11-28,2,DOL,KNG,"St George's Park, Port Elizabeth",ci:277797,K Nipper,1.0,8,0,cricsheet
cs851971,2015-16,2015-11-28,2,DOL,KNG,"St George's Park, Port Elizabeth",ci:379879,A Myoli,1.0,15,0,cricsheet
cs851973,2015-16,2015-11-28,1,WAR,TIT,"St George's Park, Port Elizabeth",ci:327831,MY Vallie,2.0,14,0,cricsheet
cs851973,2015-16,2015-11-28,1,WAR,TIT,"St George's Park, Port Elizabeth",ci:316909,BD Walters,4.0,27,0,cricsheet
cs851973,2015-16,2015-11-28,1,WAR,TIT,"St George's Park, Port Elizabeth",ci:44413,ACR Birch,3.0,39,0,cricsheet
cs851973,2015-16,2015-11-28,1,WAR,TIT,"St George's Park, Port Elizabeth",ci:379776,SSB Magala,4.0,40,1,cricsheet
cs851973,2015-16,2015-11-28,1,WAR,TIT,"St George's Park, Port Elizabeth",ci:280490,JT Smuts,4.0,24,0,cricsheet
cs851973,2015-16,2015-11-28,1,WAR,TIT,"St George's Park, Port Elizabeth",ci:322818,A Gqamane,2.0,18,0,cricsheet
cs851973,2015-16,2015-11-28,1,WAR,TIT,"St George's Park, Port Elizabeth",ci:45705,CA Ingram,1.0,4,1,cricsheet
cs851973,2015-16,2015-11-28,2,TIT,WAR,"St George's Park, Port Elizabeth",ci:46248,JA Morkel,2.0,2,1,cricsheet
cs851973,2015-16,2015-11-28,2,TIT,WAR,"St George's Park, Port Elizabeth",ci:439952,CH Morris,4.0,15,3,cricsheet
cs851973,2015-16,2015-11-28,2,TIT,WAR,"St George's Park, Port Elizabeth",ci:221140,D Wiese,3.4,25,2,cricsheet
cs851973,2015-16,2015-11-28,2,TIT,WAR,"St George's Park, Port Elizabeth",ci:545467,CJ Dala,3.0,21,1,cricsheet
cs851973,2015-16,2015-11-28,2,TIT,WAR,"St George's Park, Port Elizabeth",ci:379145,T Shamsi,2.0,26,1,cricsheet
cs851973,2015-16,2015-11-28,2,TIT,WAR,"St George's Park, Port Elizabeth",ci:381023,SF Mofokeng,2.0,19,1,cricsheet
cs851973,2015-16,2015-11-28,2,TIT,WAR,"St George's Park, Port Elizabeth",ci:381002,GL van Buuren,2.0,11,0,cricsheet
cs851975,2015-16,2015-11-29,1,WPR,LIONS,"New Wanderers Stadium, Johannesburg",ci:46750,RJ Peterson,3.0,28,0,cricsheet
cs851975,2015-16,2015-11-29,1,WPR,LIONS,"New Wanderers Stadium, Johannesburg",ci:45949,RK Kleinveldt,3.0,17,1,cricsheet
cs851975,2015-16,2015-11-29,1,WPR,LIONS,"New Wanderers Stadium, Johannesburg",ci:265564,WD Parnell,4.0,40,0,cricsheet
cs851975,2015-16,2015-11-29,1,WPR,LIONS,"New Wanderers Stadium, Johannesburg",ci:230860,M Shezi,4.0,32,0,cricsheet
cs851975,2015-16,2015-11-29,1,WPR,LIONS,"New Wanderers Stadium, Johannesburg",ci:45797,JM Kemp,4.0,26,2,cricsheet
cs851975,2015-16,2015-11-29,1,WPR,LIONS,"New Wanderers Stadium, Johannesburg",ci:429014,S Simetu,2.0,9,1,cricsheet
cs851975,2015-16,2015-11-29,2,LIONS,WPR,"New Wanderers Stadium, Johannesburg",ci:327830,D Pretorius,4.0,32,0,cricsheet
cs851975,2015-16,2015-11-29,2,LIONS,WPR,"New Wanderers Stadium, Johannesburg",ci:375126,GC Viljoen,4.0,31,1,cricsheet
cs851975,2015-16,2015-11-29,2,LIONS,WPR,"New Wanderers Stadium, Johannesburg",ci:46942,AM Phangiso,4.0,30,1,cricsheet
cs851975,2015-16,2015-11-29,2,LIONS,WPR,"New Wanderers Stadium, Johannesburg",ci:46149,E Leie,3.1,33,1,cricsheet
cs851975,2015-16,2015-11-29,2,LIONS,WPR,"New Wanderers Stadium, Johannesburg",ci:553249,BC Fortuin,4.0,20,1,cricsheet
cs851977,2015-16,2015-12-02,1,WPR,WAR,"Buffalo Park, East London",ci:45949,RK Kleinveldt,4.0,30,1,cricsheet
cs851977,2015-16,2015-12-02,1,WPR,WAR,"Buffalo Park, East London",ci:265564,WD Parnell,4.0,30,1,cricsheet
cs851977,2015-16,2015-12-02,1,WPR,WAR,"Buffalo Park, East London",ci:230860,M Shezi,4.0,34,5,cricsheet
cs851977,2015-16,2015-12-02,1,WPR,WAR,"Buffalo Park, East London",ci:46750,RJ Peterson,3.0,21,0,cricsheet
cs851977,2015-16,2015-12-02,1,WPR,WAR,"Buffalo Park, East London",ci:429014,S Simetu,1.0,14,0,cricsheet
cs851977,2015-16,2015-12-02,1,WPR,WAR,"Buffalo Park, East London",ci:45797,JM Kemp,4.0,21,1,cricsheet
cs851977,2015-16,2015-12-02,2,WAR,WPR,"Buffalo Park, East London",ci:379871,BM Dolley,3.0,20,1,cricsheet
cs851977,2015-16,2015-12-02,2,WAR,WPR,"Buffalo Park, East London",ci:44413,ACR Birch,4.0,28,3,cricsheet
cs851977,2015-16,2015-12-02,2,WAR,WPR,"Buffalo Park, East London",ci:379776,SSB Magala,4.0,24,1,cricsheet
cs851977,2015-16,2015-12-02,2,WAR,WPR,"Buffalo Park, East London",ci:280490,JT Smuts,3.5,27,1,cricsheet
cs851977,2015-16,2015-12-02,2,WAR,WPR,"Buffalo Park, East London",ci:379774,CN Ackermann,3.0,23,0,cricsheet
cs851977,2015-16,2015-12-02,2,WAR,WPR,"Buffalo Park, East London",ci:46159,L Mbane,2.1,16,1,cricsheet
cs851979,2015-16,2015-12-04,1,DOL,WPR,"Kingsmead, Durban",ci:379088,RJ Engelbrecht,3.0,27,2,cricsheet
cs851979,2015-16,2015-12-04,1,DOL,WPR,"Kingsmead, Durban",ci:379879,A Myoli,1.0,9,1,cricsheet
cs851979,2015-16,2015-12-04,1,DOL,WPR,"Kingsmead, Durban",ci:540316,AL Phehlukwayo,4.0,34,1,cricsheet
cs851979,2015-16,2015-12-04,1,DOL,WPR,"Kingsmead, Durban",ci:51439,DJ Bravo,4.0,29,1,cricsheet
cs851979,2015-16,2015-12-04,1,DOL,WPR,"Kingsmead, Durban",ci:267724,KA Maharaj,4.0,21,2,cricsheet
cs851979,2015-16,2015-12-04,1,DOL,WPR,"Kingsmead, Durban",ci:322810,CS Delport,3.0,12,0,cricsheet
cs851979,2015-16,2015-12-04,1,DOL,WPR,"Kingsmead, Durban",ci:318842,K Zondo,1.0,4,0,cricsheet
cs851979,2015-16,2015-12-04,2,WPR,DOL,"Kingsmead, Durban",ci:265564,WD Parnell,2.0,19,0,cricsheet
cs851979,2015-16,2015-12-04,2,WPR,DOL,"Kingsmead, Durban",ci:45949,RK Kleinveldt,4.0,45,1,cricsheet
cs851979,2015-16,2015-12-04,2,WPR,DOL,"Kingsmead, Durban",ci:327947,D Paterson,3.4,26,0,cricsheet
cs851979,2015-16,2015-12-04,2,WPR,DOL,"Kingsmead, Durban",ci:230860,M Shezi,3.0,10,0,cricsheet
cs851979,2015-16,2015-12-04,2,WPR,DOL,"Kingsmead, Durban",ci:46750,RJ Peterson,4.0,30,1,cricsheet
cs851979,2015-16,2015-12-04,2,WPR,DOL,"Kingsmead, Durban",ci:46681,JL Ontong,1.0,9,0,cricsheet
cs851979,2015-16,2015-12-04,2,WPR,DOL,"Kingsmead, Durban",ci:429014,S Simetu,1.0,5,0,cricsheet
cs851981,2015-16,2015-12-04,1,WAR,KNG,"Mangaung Oval, Bloemfontein",ci:379774,CN Ackermann,3.0,20,0,cricsheet
cs851981,2015-16,2015-12-04,1,WAR,KNG,"Mangaung Oval, Bloemfontein",ci:44413,ACR Birch,3.0,23,0,cricsheet
cs851981,2015-16,2015-12-04,1,WAR,KNG,"Mangaung Oval, Bloemfontein",ci:316909,BD Walters,3.0,27,1,cricsheet
cs851981,2015-16,2015-12-04,1,WAR,KNG,"Mangaung Oval, Bloemfontein",ci:379776,SSB Magala,4.0,28,2,cricsheet
cs851981,2015-16,2015-12-04,1,WAR,KNG,"Mangaung Oval, Bloemfontein",ci:280490,JT Smuts,4.0,32,1,cricsheet
cs851981,2015-16,2015-12-04,1,WAR,KNG,"Mangaung Oval, Bloemfontein",ci:46159,L Mbane,3.0,35,1,cricsheet
cs851981,2015-16,2015-12-04,2,KNG,WAR,"Mangaung Oval, Bloemfontein",ci:276298,AD Russell,4.0,31,3,cricsheet
cs851981,2015-16,2015-12-04,2,KNG,WAR,"Mangaung Oval, Bloemfontein",ci:486679,D Olivier,4.0,30,0,cricsheet
cs851981,2015-16,2015-12-04,2,KNG,WAR,"Mangaung Oval, Bloemfontein",ci:334621,SC van Schalkwyk,4.0,41,0,cricsheet
cs851981,2015-16,2015-12-04,2,KNG,WAR,"Mangaung Oval, Bloemfontein",ci:230861,MP Siboto,4.0,26,1,cricsheet
cs851981,2015-16,2015-12-04,2,KNG,WAR,"Mangaung Oval, Bloemfontein",ci:44660,WL Coetsee,3.0,25,0,cricsheet
cs851981,2015-16,2015-12-04,2,KNG,WAR,"Mangaung Oval, Bloemfontein",ci:550226,T Ntuli,1.0,14,0,cricsheet
cs851983,2015-16,2015-12-04,1,LIONS,TIT,"Willowmoore Park, Benoni",ci:46934,AN Petersen,1.0,9,0,cricsheet
cs851983,2015-16,2015-12-04,1,LIONS,TIT,"Willowmoore Park, Benoni",ci:47666,LL Tsotsobe,3.0,32,1,cricsheet
cs851983,2015-16,2015-12-04,1,LIONS,TIT,"Willowmoore Park, Benoni",ci:327830,D Pretorius,3.0,37,1,cricsheet
cs851983,2015-16,2015-12-04,1,LIONS,TIT,"Willowmoore Park, Benoni",ci:46149,E Leie,2.0,27,0,cricsheet
cs851983,2015-16,2015-12-04,1,LIONS,TIT,"Willowmoore Park, Benoni",ci:46942,AM Phangiso,3.0,29,0,cricsheet
cs851983,2015-16,2015-12-04,1,LIONS,TIT,"Willowmoore Park, Benoni",ci:375126,GC Viljoen,3.0,23,0,cricsheet
cs851983,2015-16,2015-12-04,2,TIT,LIONS,"Willowmoore Park, Benoni",ci:46248,JA Morkel,3.0,13,3,cricsheet
cs851983,2015-16,2015-12-04,2,TIT,LIONS,"Willowmoore Park, Benoni",ci:439952,CH Morris,2.0,12,1,cricsheet
cs851983,2015-16,2015-12-04,2,TIT,LIONS,"Willowmoore Park, Benoni",ci:221140,D Wiese,1.0,4,1,cricsheet
cs851983,2015-16,2015-12-04,2,TIT,LIONS,"Willowmoore Park, Benoni",ci:379145,T Shamsi,3.0,25,2,cricsheet
cs851983,2015-16,2015-12-04,2,TIT,LIONS,"Willowmoore Park, Benoni",ci:545467,CJ Dala,3.0,25,0,cricsheet
cs851983,2015-16,2015-12-04,2,TIT,LIONS,"Willowmoore Park, Benoni",ci:381023,SF Mofokeng,3.0,12,1,cricsheet
cs851985,2015-16,2015-12-06,1,KNG,TIT,"Willowmoore Park, Benoni",ci:486679,D Olivier,4.0,26,1,cricsheet
cs851985,2015-16,2015-12-06,1,KNG,TIT,"Willowmoore Park, Benoni",ci:276298,AD Russell,4.0,11,4,cricsheet
cs851985,2015-16,2015-12-06,1,KNG,TIT,"Willowmoore Park, Benoni",ci:230861,MP Siboto,4.0,23,2,cricsheet
cs851985,2015-16,2015-12-06,1,KNG,TIT,"Willowmoore Park, Benoni",ci:334621,SC van Schalkwyk,4.0,32,1,cricsheet
cs851985,2015-16,2015-12-06,1,KNG,TIT,"Willowmoore Park, Benoni",ci:44660,WL Coetsee,2.0,21,0,cricsheet
cs851985,2015-16,2015-12-06,1,KNG,TIT,"Willowmoore Park, Benoni",ci:550226,T Ntuli,2.0,20,1,cricsheet
cs851985,2015-16,2015-12-06,2,TIT,KNG,"Willowmoore Park, Benoni",ci:46248,JA Morkel,1.0,6,0,cricsheet
cs851985,2015-16,2015-12-06,2,TIT,KNG,"Willowmoore Park, Benoni",ci:439952,CH Morris,3.0,12,2,cricsheet
cs851985,2015-16,2015-12-06,2,TIT,KNG,"Willowmoore Park, Benoni",ci:542023,L Ngidi,4.0,32,2,cricsheet
cs851985,2015-16,2015-12-06,2,TIT,KNG,"Willowmoore Park, Benoni",ci:381002,GL van Buuren,2.0,13,1,cricsheet
cs851985,2015-16,2015-12-06,2,TIT,KNG,"Willowmoore Park, Benoni",ci:221140,D Wiese,2.0,11,1,cricsheet
cs851985,2015-16,2015-12-06,2,TIT,KNG,"Willowmoore Park, Benoni",ci:379145,T Shamsi,3.0,42,0,cricsheet
cs851985,2015-16,2015-12-06,2,TIT,KNG,"Willowmoore Park, Benoni",ci:381023,SF Mofokeng,0.5,18,0,cricsheet
cs851989,2015-16,2015-12-09,1,WPR,DOL,"Kingsmead, Durban",ci:327947,D Paterson,4.0,24,2,cricsheet
cs851989,2015-16,2015-12-09,1,WPR,DOL,"Kingsmead, Durban",ci:265564,WD Parnell,3.4,29,0,cricsheet
cs851989,2015-16,2015-12-09,1,WPR,DOL,"Kingsmead, Durban",ci:230860,M Shezi,4.0,52,0,cricsheet
cs851989,2015-16,2015-12-09,1,WPR,DOL,"Kingsmead, Durban",ci:45949,RK Kleinveldt,2.2,18,0,cricsheet
cs851989,2015-16,2015-12-09,1,WPR,DOL,"Kingsmead, Durban",ci:315035,SA Engelbrecht,4.0,33,0,cricsheet
cs851989,2015-16,2015-12-09,1,WPR,DOL,"Kingsmead, Durban",ci:46750,RJ Peterson,2.0,19,1,cricsheet
cs851989,2015-16,2015-12-09,2,DOL,WPR,"Kingsmead, Durban",ci:379088,RJ Engelbrecht,2.0,32,0,cricsheet
cs851989,2015-16,2015-12-09,2,DOL,WPR,"Kingsmead, Durban",ci:51439,DJ Bravo,4.0,27,1,cricsheet
cs851989,2015-16,2015-12-09,2,DOL,WPR,"Kingsmead, Durban",ci:540316,AL Phehlukwayo,4.0,28,2,cricsheet
cs851989,2015-16,2015-12-09,2,DOL,WPR,"Kingsmead, Durban",ci:267724,KA Maharaj,4.0,35,2,cricsheet
cs851989,2015-16,2015-12-09,2,DOL,WPR,"Kingsmead, Durban",ci:379879,A Myoli,3.0,27,1,cricsheet
cs851989,2015-16,2015-12-09,2,DOL,WPR,"Kingsmead, Durban",ci:322810,CS Delport,2.0,14,1,cricsheet
cs851989,2015-16,2015-12-09,2,DOL,WPR,"Kingsmead, Durban",ci:318842,K Zondo,1.0,7,0,cricsheet
cs851991,2015-16,2015-12-12,1,TIT,DOL,"SuperSport Park, Centurion",ci:46248,JA Morkel,2.0,16,0,cricsheet
cs851991,2015-16,2015-12-12,1,TIT,DOL,"SuperSport Park, Centurion",ci:439952,CH Morris,4.0,30,0,cricsheet
cs851991,2015-16,2015-12-12,1,TIT,DOL,"SuperSport Park, Centurion",ci:221140,D Wiese,3.0,28,2,cricsheet
cs851991,2015-16,2015-12-12,1,TIT,DOL,"SuperSport Park, Centurion",ci:545467,CJ Dala,4.0,33,1,cricsheet
cs851991,2015-16,2015-12-12,1,TIT,DOL,"SuperSport Park, Centurion",ci:379145,T Shamsi,3.0,25,0,cricsheet
cs851991,2015-16,2015-12-12,1,TIT,DOL,"SuperSport Park, Centurion",ci:381002,GL van Buuren,1.0,5,0,cricsheet
cs851991,2015-16,2015-12-12,1,TIT,DOL,"SuperSport Park, Centurion",ci:542023,L Ngidi,1.0,7,1,cricsheet
cs851991,2015-16,2015-12-12,1,TIT,DOL,"SuperSport Park, Centurion",ci:44752,H Davids,2.0,10,1,cricsheet
cs851991,2015-16,2015-12-12,2,DOL,TIT,"SuperSport Park, Centurion",ci:267724,KA Maharaj,3.0,21,0,cricsheet
cs851991,2015-16,2015-12-12,2,DOL,TIT,"SuperSport Park, Centurion",ci:297583,KJ Abbott,3.5,39,2,cricsheet
cs851991,2015-16,2015-12-12,2,DOL,TIT,"SuperSport Park, Centurion",ci:51439,DJ Bravo,3.0,22,0,cricsheet
cs851991,2015-16,2015-12-12,2,DOL,TIT,"SuperSport Park, Centurion",ci:540316,AL Phehlukwayo,3.0,26,1,cricsheet
cs851991,2015-16,2015-12-12,2,DOL,TIT,"SuperSport Park, Centurion",ci:40618,Imran Tahir,3.0,33,0,cricsheet
cs851991,2015-16,2015-12-12,2,DOL,TIT,"SuperSport Park, Centurion",ci:594233,BS Makhanya,1.0,13,0,cricsheet
