season,competition,series_id,match_id,date,stage,state,team1,team2,team1_name,team2_name,venue,city,t1_runs,t1_wkts,t1_overs,t2_runs,t2_wkts,t2_overs,status,winner,bat_first,no_result,tied,cb_id,cs_id,espn_id,toss_winner,toss_decision,points1,points2,result_source,sources,match_key,vkey
2011-12,T20 Challenge,,cs530321,2012-02-15 12:00,Match 1,complete,WPR,WAR,Cape Cobras,Warriors,"St George's Park, Port Elizabeth",Port Elizabeth,155.0,5.0,20.0,145.0,7.0,20.0,WPR won by 10 runs,WPR,WPR,0,0,,530321,,WAR,field,,,cricsheet,cricsheet,cs530321,stgeorge
2011-12,T20 Challenge,,cs530323,2012-02-17 12:00,Match 3,complete,WPR,KNG,Cape Cobras,Knights,"De Beers Diamond Oval, Kimberley",Kimberley,181.0,4.0,20.0,119.0,5.0,13.0,tie,,WPR,0,1,,530323,,KNG,field,,,cricsheet,cricsheet,cs530323,diamondoval
2011-12,T20 Challenge,,cs530324,2012-02-17 12:00,Match 4,complete,LIONS,IMPI,Lions,Impi,"Senwes Park, Potchefstroom",Potchefstroom,153.0,7.0,20.0,92.0,10.0,19.5,LIONS won by 61 runs,LIONS,LIONS,0,0,,530324,,IMPI,field,,,cricsheet,cricsheet,cs530324,senwes
2011-12,T20 Challenge,,cs530326,2012-02-19 12:00,Match 6,complete,TIT,KNG,Titans,Knights,"SuperSport Park, Centurion",Centurion,165.0,7.0,20.0,170.0,5.0,19.2,KNG won by 5 wkts,KNG,TIT,0,0,,530326,,KNG,field,,,cricsheet,cricsheet,cs530326,supersport
2011-12,T20 Challenge,,cs530325,2012-02-19 12:00,Match 5,complete,DOL,IMPI,Dolphins,Impi,"City Oval, Pietermaritzburg",Pietermaritzburg,151.0,6.0,20.0,148.0,7.0,20.0,DOL won by 3 runs,DOL,DOL,0,0,,530325,,DOL,bat,,,cricsheet,cricsheet,cs530325,cityoval
2011-12,T20 Challenge,,cs530327,2012-02-22 12:00,Match 7,complete,WPR,IMPI,Cape Cobras,Impi,"Boland Park, Paarl",Paarl,211.0,4.0,20.0,171.0,6.0,20.0,WPR won by 40 runs,WPR,WPR,0,0,,530327,,IMPI,field,,,cricsheet,cricsheet,cs530327,bolandpark
2011-12,T20 Challenge,,cs530328,2012-02-22 12:00,Match 8,complete,WAR,LIONS,Warriors,Lions,"St George's Park, Port Elizabeth",Port Elizabeth,134.0,9.0,20.0,136.0,2.0,18.5,LIONS won by 8 wkts,LIONS,WAR,0,0,,530328,,WAR,bat,,,cricsheet,cricsheet,cs530328,stgeorge
2011-12,T20 Challenge,,cs530330,2012-02-24 12:00,Match 10,complete,DOL,TIT,Dolphins,Titans,"Kingsmead, Durban",Durban,167.0,5.0,20.0,168.0,4.0,20.0,TIT won by 6 wkts,TIT,DOL,0,0,,530330,,DOL,bat,,,cricsheet,cricsheet,cs530330,kingsmead
2011-12,T20 Challenge,,cs530332,2012-02-24 12:00,Match 12,complete,WPR,LIONS,Cape Cobras,Lions,"New Wanderers Stadium, Johannesburg",Johannesburg,178.0,6.0,20.0,179.0,7.0,19.2,LIONS won by 3 wkts,LIONS,WPR,0,0,,530332,,LIONS,field,,,cricsheet,cricsheet,cs530332,wanderers
2011-12,T20 Challenge,,cs530334,2012-02-26 12:00,Match 14,complete,LIONS,KNG,Lions,Knights,"Chevrolet Park, Bloemfontein",Bloemfontein,131.0,5.0,20.0,135.0,2.0,15.3,KNG won by 8 wkts,KNG,LIONS,0,0,,530334,,LIONS,bat,,,cricsheet,cricsheet,cs530334,mangaung
2011-12,T20 Challenge,,cs530335,2012-02-26 12:00,Match 15,complete,IMPI,TIT,Impi,Titans,"Willowmoore Park, Benoni",Benoni,131.0,10.0,19.4,137.0,1.0,15.4,TIT won by 9 wkts,TIT,IMPI,0,0,,530335,,IMPI,bat,,,cricsheet,cricsheet,cs530335,willowmoore
2011-12,T20 Challenge,,cs530336,2012-02-29 12:00,Match 16,complete,WAR,IMPI,Warriors,Impi,"Willowmoore Park, Benoni",Benoni,182.0,2.0,20.0,146.0,8.0,20.0,WAR won by 36 runs,WAR,WAR,0,0,,530336,,WAR,bat,,,cricsheet,cricsheet,cs530336,willowmoore
2011-12,T20 Challenge,,cs530339,2012-03-02 12:00,Match 19,complete,DOL,WAR,Dolphins,Warriors,"Kingsmead, Durban",Durban,100.0,8.0,20.0,102.0,0.0,14.3,WAR won by 10 wkts,WAR,DOL,0,0,,530339,,DOL,bat,,,cricsheet,cricsheet,cs530339,kingsmead
2011-12,T20 Challenge,,cs530340,2012-03-02 12:00,Match 20,complete,TIT,LIONS,Titans,Lions,"SuperSport Park, Centurion",Centurion,121.0,10.0,19.1,124.0,3.0,12.3,LIONS won by 7 wkts,LIONS,TIT,0,0,,530340,,LIONS,field,,,cricsheet,cricsheet,cs530340,supersport
2011-12,T20 Challenge,,cs530341,2012-03-04 12:00,Match 21,complete,WPR,TIT,Cape Cobras,Titans,"Newlands, Cape Town",Cape Town,142.0,5.0,20.0,146.0,4.0,19.1,TIT won by 6 wkts,TIT,WPR,0,0,,530341,,TIT,field,,,cricsheet,cricsheet,cs530341,newlands
2011-12,T20 Challenge,,cs530345,2012-03-07 12:00,Match 25,complete,KNG,LIONS,Knights,Lions,"Senwes Park, Potchefstroom",Potchefstroom,136.0,9.0,18.0,91.0,3.0,11.2,LIONS won by 7 wkts,LIONS,KNG,0,0,,530345,,LIONS,field,,,cricsheet,cricsheet,cs530345,senwes
2011-12,T20 Challenge,,cs530346,2012-03-09 12:00,Match 26,complete,WPR,LIONS,Cape Cobras,Lions,"Newlands, Cape Town",Cape Town,180.0,3.0,20.0,179.0,6.0,20.0,WPR won by 1 runs,WPR,WPR,0,0,,530346,,LIONS,field,,,cricsheet,cricsheet,cs530346,newlands
2011-12,T20 Challenge,,cs530351,2012-03-11 12:00,Match 31,complete,LIONS,TIT,Lions,Titans,"New Wanderers Stadium, Johannesburg",Johannesburg,163.0,7.0,20.0,147.0,9.0,20.0,LIONS won by 16 runs,LIONS,LIONS,0,0,,530351,,TIT,field,,,cricsheet,cricsheet,cs530351,wanderers
2011-12,T20 Challenge,,cs530349,2012-03-11 12:00,Match 29,complete,KNG,WPR,Knights,Cape Cobras,"Boland Park, Paarl",Paarl,156.0,7.0,20.0,157.0,4.0,18.4,WPR won by 6 wkts,WPR,KNG,0,0,,530349,,KNG,bat,,,cricsheet,cricsheet,cs530349,bolandpark
2011-12,T20 Challenge,,cs530352,2012-03-14 12:00,Match 32,complete,KNG,DOL,Knights,Dolphins,"Kingsmead, Durban",Durban,130.0,9.0,20.0,77.0,4.0,13.5,KNG won by 8 runs,KNG,KNG,0,0,,530352,,KNG,bat,,,cricsheet,cricsheet,cs530352,kingsmead
2011-12,T20 Challenge,,cs530353,2012-03-14 12:00,Match 33,complete,LIONS,WAR,Lions,Warriors,"New Wanderers Stadium, Johannesburg",Johannesburg,199.0,6.0,20.0,84.0,10.0,14.2,LIONS won by 115 runs,LIONS,LIONS,0,0,,530353,,WAR,field,,,cricsheet,cricsheet,cs530353,wanderers
2011-12,T20 Challenge,,cs530354,2012-03-14 12:00,Match 34,complete,IMPI,TIT,Impi,Titans,"SuperSport Park, Centurion",Centurion,126.0,6.0,20.0,127.0,4.0,15.0,TIT won by 6 wkts,TIT,IMPI,0,0,,530354,,IMPI,bat,,,cricsheet,cricsheet,cs530354,supersport
2011-12,T20 Challenge,,cs530355,2012-03-16 12:00,Match 35,complete,WAR,WPR,Warriors,Cape Cobras,"Newlands, Cape Town",Cape Town,149.0,6.0,20.0,106.0,10.0,18.5,WAR won by 43 runs,WAR,WAR,0,0,,530355,,WPR,field,,,cricsheet,cricsheet,cs530355,newlands
2011-12,T20 Challenge,,cs530356,2012-03-16 12:00,Match 36,complete,IMPI,KNG,Impi,Knights,"De Beers Diamond Oval, Kimberley",Kimberley,178.0,9.0,20.0,157.0,5.0,17.0,KNG won by 5 wkts,KNG,IMPI,0,0,,530356,,IMPI,bat,,,cricsheet,cricsheet,cs530356,diamondoval
2011-12,T20 Challenge,,cs530357,2012-03-16 12:00,Match 37,complete,LIONS,DOL,Lions,Dolphins,"New Wanderers Stadium, Johannesburg",Johannesburg,24.0,2.0,6.0,,,,no result,,LIONS,1,0,,530357,,DOL,field,,,cricsheet,cricsheet,cs530357,wanderers
2011-12,T20 Challenge,,cs530359,2012-03-18 12:00,Match 39,complete,WPR,TIT,Cape Cobras,Titans,"SuperSport Park, Centurion",Centurion,156.0,6.0,20.0,157.0,4.0,18.3,TIT won by 6 wkts,TIT,WPR,0,0,,530359,,WPR,bat,,,cricsheet,cricsheet,cs530359,supersport
2011-12,T20 Challenge,,cs530358,2012-03-18 12:00,Match 38,complete,WAR,KNG,Warriors,Knights,"De Beers Diamond Oval, Kimberley",Kimberley,141.0,6.0,20.0,142.0,3.0,19.1,KNG won by 7 wkts,KNG,WAR,0,0,,530358,,KNG,field,,,cricsheet,cricsheet,cs530358,diamondoval
2011-12,T20 Challenge,,cs530361,2012-03-21 12:00,Match 41,complete,IMPI,LIONS,Impi,Lions,"Willowmoore Park, Benoni",Benoni,80.0,4.0,11.0,,,,no result,,IMPI,1,0,,530361,,IMPI,bat,,,cricsheet,cricsheet,cs530361,willowmoore
2011-12,T20 Challenge,,cs530362,2012-03-21 12:00,Match 42,complete,WAR,TIT,Warriors,Titans,"SuperSport Park, Centurion",Centurion,64.0,6.0,13.1,61.0,2.0,7.5,TIT won by 8 wkts,TIT,WAR,0,0,,530362,,WAR,bat,,,cricsheet,cricsheet,cs530362,supersport
2011-12,T20 Challenge,,cs530364,2012-04-01 12:00,Final,complete,TIT,LIONS,Titans,Lions,"New Wanderers Stadium, Johannesburg",Johannesburg,187.0,6.0,20.0,142.0,10.0,18.5,TIT won by 45 runs,TIT,TIT,0,0,,530364,,LIONS,field,,,cricsheet,cricsheet,cs530364,wanderers
2012-13,T20 Challenge,,cs575158,2013-02-17 12:00,,complete,WPR,LIONS,Cape Cobras,Lions,"Senwes Park, Potchefstroom",Potchefstroom,183.0,5.0,20.0,185.0,1.0,18.5,LIONS won by 9 wkts,LIONS,WPR,0,0,,575158,,LIONS,field,,,cricsheet,cricsheet,cs575158,senwes
2012-13,T20 Challenge,,cs575157,2013-02-17 12:00,,complete,KNG,WAR,Knights,Warriors,"De Beers Diamond Oval, Kimberley",Kimberley,136.0,7.0,20.0,128.0,2.0,16.1,WAR won by 8 wkts,WAR,KNG,0,0,,575157,,WAR,field,,,cricsheet,cricsheet,cs575157,diamondoval
2012-13,T20 Challenge,,cs575159,2013-02-20 12:00,,complete,TIT,LIONS,Titans,Lions,"New Wanderers Stadium, Johannesburg",Johannesburg,148.0,7.0,20.0,150.0,3.0,18.5,LIONS won by 7 wkts,LIONS,TIT,0,0,,575159,,LIONS,field,,,cricsheet,cricsheet,cs575159,wanderers
2012-13,T20 Challenge,,cs575160,2013-02-22 12:00,,complete,WPR,KNG,Cape Cobras,Knights,"Boland Park, Paarl",Paarl,171.0,4.0,20.0,146.0,8.0,20.0,WPR won by 25 runs,WPR,WPR,0,0,,575160,,KNG,field,,,cricsheet,cricsheet,cs575160,bolandpark
2012-13,T20 Challenge,,cs575161,2013-02-22 12:00,,complete,WAR,TIT,Warriors,Titans,"St George's Park, Port Elizabeth",Port Elizabeth,120.0,8.0,20.0,121.0,5.0,18.1,TIT won by 5 wkts,TIT,WAR,0,0,,575161,,TIT,field,,,cricsheet,cricsheet,cs575161,stgeorge
2012-13,T20 Challenge,,cs575163,2013-02-24 12:00,,complete,DOL,WPR,Dolphins,Cape Cobras,"Newlands, Cape Town",Cape Town,134.0,6.0,20.0,137.0,1.0,16.4,WPR won by 9 wkts,WPR,DOL,0,0,,575163,,DOL,bat,,,cricsheet,cricsheet,cs575163,newlands
2012-13,T20 Challenge,,cs575164,2013-02-24 12:00,,complete,LIONS,WAR,Lions,Warriors,"Senwes Park, Potchefstroom",Potchefstroom,162.0,7.0,20.0,115.0,10.0,18.0,LIONS won by 47 runs,LIONS,LIONS,0,0,,575164,,WAR,field,,,cricsheet,cricsheet,cs575164,senwes
2012-13,T20 Challenge,,cs575165,2013-02-27 12:00,,complete,DOL,KNG,Dolphins,Knights,"Chevrolet Park, Bloemfontein",Bloemfontein,131.0,5.0,20.0,133.0,1.0,15.3,KNG won by 9 wkts,KNG,DOL,0,0,,575165,,DOL,bat,,,cricsheet,cricsheet,cs575165,mangaung
2012-13,T20 Challenge,,cs575166,2013-02-28 12:00,,complete,WPR,TIT,Cape Cobras,Titans,"Willowmoore Park, Benoni",Benoni,116.0,4.0,20.0,117.0,4.0,18.4,TIT won by 6 wkts,TIT,WPR,0,0,,575166,,TIT,field,,,cricsheet,cricsheet,cs575166,willowmoore
2012-13,T20 Challenge,,cs575167,2013-03-02 12:00,,complete,DOL,WAR,Dolphins,Warriors,"Buffalo Park, East London",East London,136.0,4.0,20.0,138.0,1.0,17.3,WAR won by 9 wkts,WAR,DOL,0,0,,575167,,DOL,bat,,,cricsheet,cricsheet,cs575167,buffalo
2012-13,T20 Challenge,,cs575170,2013-03-06 12:00,,complete,KNG,TIT,Knights,Titans,"SuperSport Park, Centurion",Centurion,196.0,3.0,20.0,188.0,8.0,20.0,KNG won by 8 runs,KNG,KNG,0,0,,575170,,TIT,field,,,cricsheet,cricsheet,cs575170,supersport
2012-13,T20 Challenge,,cs575171,2013-03-08 12:00,,complete,WPR,LIONS,Cape Cobras,Lions,"Newlands, Cape Town",Cape Town,117.0,6.0,20.0,120.0,5.0,18.2,LIONS won by 5 wkts,LIONS,WPR,0,0,,575171,,LIONS,field,,,cricsheet,cricsheet,cs575171,newlands
2012-13,T20 Challenge,,cs575172,2013-03-08 12:00,,complete,DOL,KNG,Dolphins,Knights,"Kingsmead, Durban",Durban,179.0,2.0,20.0,165.0,6.0,20.0,DOL won by 14 runs,DOL,DOL,0,0,,575172,,DOL,bat,,,cricsheet,cricsheet,cs575172,kingsmead
2012-13,T20 Challenge,,cs575174,2013-03-12 12:00,,complete,TIT,WPR,Titans,Cape Cobras,"Boland Park, Paarl",Paarl,178.0,4.0,20.0,171.0,4.0,20.0,TIT won by 7 runs,TIT,TIT,0,0,,575174,,WPR,field,,,cricsheet,cricsheet,cs575174,bolandpark
2012-13,T20 Challenge,,cs575175,2013-03-12 12:00,,complete,KNG,LIONS,Knights,Lions,"De Beers Diamond Oval, Kimberley",Kimberley,143.0,8.0,20.0,145.0,6.0,19.1,LIONS won by 4 wkts,LIONS,KNG,0,0,,575175,,KNG,bat,,,cricsheet,cricsheet,cs575175,diamondoval
2012-13,T20 Challenge,,cs575176,2013-03-14 12:00,,complete,KNG,WAR,Knights,Warriors,"St George's Park, Port Elizabeth",Port Elizabeth,114.0,4.0,20.0,108.0,7.0,20.0,KNG won by 6 runs,KNG,KNG,0,0,,575176,,KNG,bat,,,cricsheet,cricsheet,cs575176,stgeorge
2012-13,T20 Challenge,,cs575177,2013-03-14 12:00,,complete,DOL,WPR,Dolphins,Cape Cobras,"Kingsmead, Durban",Durban,158.0,7.0,20.0,136.0,7.0,20.0,DOL won by 22 runs,DOL,DOL,0,0,,575177,,WPR,field,,,cricsheet,cricsheet,cs575177,kingsmead
2012-13,T20 Challenge,,cs575181,2013-03-22 12:00,,complete,DOL,TIT,Dolphins,Titans,"SuperSport Park, Centurion",Centurion,143.0,5.0,20.0,145.0,6.0,18.5,TIT won by 4 wkts,TIT,DOL,0,0,,575181,,DOL,bat,,,cricsheet,cricsheet,cs575181,supersport
2012-13,T20 Challenge,,cs575179,2013-03-22 12:00,,complete,WAR,LIONS,Warriors,Lions,"Buffalo Park, East London",East London,142.0,7.0,20.0,138.0,6.0,20.0,WAR won by 4 runs,WAR,WAR,0,0,,575179,,WAR,bat,,,cricsheet,cricsheet,cs575179,buffalo
2012-13,T20 Challenge,,cs575180,2013-03-22 12:00,,complete,WPR,KNG,Cape Cobras,Knights,"Chevrolet Park, Bloemfontein",Bloemfontein,140.0,7.0,20.0,143.0,3.0,19.4,KNG won by 7 wkts,KNG,WPR,0,0,,575180,,KNG,field,,,cricsheet,cricsheet,cs575180,mangaung
2012-13,T20 Challenge,,cs575183,2013-03-26 12:00,,complete,KNG,TIT,Knights,Titans,"Chevrolet Park, Bloemfontein",Bloemfontein,132.0,7.0,20.0,133.0,2.0,19.2,TIT won by 8 wkts,TIT,KNG,0,0,,575183,,TIT,field,,,cricsheet,cricsheet,cs575183,mangaung
2012-13,T20 Challenge,,cs575185,2013-03-28 12:00,,complete,LIONS,DOL,Lions,Dolphins,"New Wanderers Stadium, Johannesburg",Johannesburg,195.0,4.0,20.0,141.0,9.0,20.0,LIONS won by 54 runs,LIONS,LIONS,0,0,,575185,,DOL,field,,,cricsheet,cricsheet,cs575185,wanderers
2012-13,T20 Challenge,,cs575184,2013-03-28 12:00,,complete,WPR,WAR,Cape Cobras,Warriors,"Newlands, Cape Town",Cape Town,128.0,5.0,19.0,130.0,2.0,12.3,WAR won by 8 wkts,WAR,WPR,0,0,,575184,,WAR,field,,,cricsheet,cricsheet,cs575184,newlands
2012-13,T20 Challenge,,cs575186,2013-04-03 12:00,Semi-Final,complete,WAR,TIT,Warriors,Titans,"Buffalo Park, East London",East London,127.0,9.0,20.0,130.0,6.0,19.5,TIT won by 4 wkts,TIT,WAR,0,0,,575186,,TIT,field,,,cricsheet,cricsheet,cs575186,buffalo
2012-13,T20 Challenge,,cs575187,2013-04-07 12:00,Final,complete,LIONS,TIT,Lions,Titans,"New Wanderers Stadium, Johannesburg",Johannesburg,155.0,5.0,20.0,125.0,10.0,18.1,LIONS won by 30 runs,LIONS,LIONS,0,0,,575187,,LIONS,bat,,,cricsheet,cricsheet,cs575187,wanderers
2013-14,T20 Challenge,,cs652303,2014-01-05 12:00,,complete,WAR,LIONS,Warriors,Lions,"Newlands, Cape Town",Cape Town,140.0,7.0,20.0,114.0,10.0,19.5,WAR won by 26 runs,WAR,WAR,0,0,,652303,,WAR,bat,,,cricsheet,cricsheet,cs652303,newlands
2013-14,T20 Challenge,,cs652265,2014-01-05 12:00,,complete,DOL,TIT,Dolphins,Titans,"Newlands, Cape Town",Cape Town,154.0,4.0,20.0,146.0,7.0,20.0,DOL won by 8 runs,DOL,DOL,0,0,,652265,,TIT,field,,,cricsheet,cricsheet,cs652265,newlands
2013-14,T20 Challenge,,cs652257,2014-01-08 12:00,,complete,KNG,WAR,Knights,Warriors,"Buffalo Park, East London",East London,116.0,6.0,20.0,119.0,5.0,19.3,WAR won by 5 wkts,WAR,KNG,0,0,,652257,,KNG,bat,,,cricsheet,cricsheet,cs652257,buffalo
2013-14,T20 Challenge,,cs652261,2014-01-09 12:00,,complete,WPR,TIT,Cape Cobras,Titans,"SuperSport Park, Centurion",Centurion,96.0,4.0,13.1,89.0,4.0,9.3,TIT won by 6 wkts,TIT,WPR,0,0,,652261,,TIT,field,,,cricsheet,cricsheet,cs652261,supersport
2013-14,T20 Challenge,,cs652259,2014-01-10 12:00,,complete,KNG,DOL,Knights,Dolphins,"Diamond Oval, Kimberley",Kimberley,176.0,4.0,20.0,177.0,6.0,18.5,DOL won by 4 wkts,DOL,KNG,0,0,,652259,,DOL,field,,,cricsheet,cricsheet,cs652259,diamondoval
2013-14,T20 Challenge,,cs652263,2014-01-11 12:00,,complete,WPR,WAR,Cape Cobras,Warriors,"St George's Park, Port Elizabeth",Port Elizabeth,160.0,6.0,20.0,142.0,9.0,20.0,WPR won by 18 runs,WPR,WPR,0,0,,652263,,WPR,bat,,,cricsheet,cricsheet,cs652263,stgeorge
2013-14,T20 Challenge,,cs652267,2014-01-12 12:00,,complete,LIONS,KNG,Lions,Knights,"Chevrolet Park, Bloemfontein",Bloemfontein,151.0,4.0,20.0,153.0,1.0,18.4,KNG won by 9 wkts,KNG,LIONS,0,0,,652267,,KNG,field,,,cricsheet,cricsheet,cs652267,mangaung
2013-14,T20 Challenge,,cs652269,2014-01-15 12:00,,complete,WPR,LIONS,Cape Cobras,Lions,"Boland Park, Paarl",Paarl,187.0,2.0,20.0,172.0,8.0,20.0,WPR won by 15 runs,WPR,WPR,0,0,,652269,,LIONS,field,,,cricsheet,cricsheet,cs652269,bolandpark
2013-14,T20 Challenge,,cs652277,2014-01-17 12:00,,complete,TIT,LIONS,Titans,Lions,"Senwes Park, Potchefstroom",Potchefstroom,158.0,9.0,20.0,148.0,3.0,20.0,TIT won by 10 runs,TIT,TIT,0,0,,652277,,LIONS,field,,,cricsheet,cricsheet,cs652277,senwes
2013-14,T20 Challenge,,cs652273,2014-01-17 12:00,,complete,WPR,KNG,Cape Cobras,Knights,"Chevrolet Park, Bloemfontein",Bloemfontein,208.0,3.0,20.0,128.0,8.0,20.0,WPR won by 80 runs,WPR,WPR,0,0,,652273,,WPR,bat,,,cricsheet,cricsheet,cs652273,mangaung
2013-14,T20 Challenge,,cs652275,2014-01-17 12:00,,complete,WAR,DOL,Warriors,Dolphins,"St George's Park, Port Elizabeth",Port Elizabeth,152.0,7.0,20.0,152.0,9.0,20.0,tie,,WAR,0,1,,652275,,DOL,field,,,cricsheet,cricsheet,cs652275,stgeorge
2013-14,T20 Challenge,,cs652279,2014-01-19 12:00,,complete,WAR,LIONS,Warriors,Lions,"Buffalo Park, East London",East London,156.0,5.0,20.0,156.0,8.0,20.0,tie,,WAR,0,1,,652279,,WAR,bat,,,cricsheet,cricsheet,cs652279,buffalo
2013-14,T20 Challenge,,cs652281,2014-01-19 12:00,,complete,WPR,DOL,Cape Cobras,Dolphins,"Kingsmead, Durban",Durban,157.0,7.0,20.0,132.0,8.0,20.0,WPR won by 25 runs,WPR,WPR,0,0,,652281,,WPR,bat,,,cricsheet,cricsheet,cs652281,kingsmead
2013-14,T20 Challenge,,cs652283,2014-01-19 12:00,,complete,TIT,KNG,Titans,Knights,"SuperSport Park, Centurion",Centurion,148.0,10.0,20.0,149.0,3.0,18.5,KNG won by 7 wkts,KNG,TIT,0,0,,652283,,KNG,field,,,cricsheet,cricsheet,cs652283,supersport
2013-14,T20 Challenge,,cs652285,2014-01-22 12:00,,complete,WPR,TIT,Cape Cobras,Titans,"Newlands, Cape Town",Cape Town,129.0,9.0,20.0,116.0,6.0,20.0,WPR won by 13 runs,WPR,WPR,0,0,,652285,,WPR,bat,,,cricsheet,cricsheet,cs652285,newlands
2013-14,T20 Challenge,,cs652289,2014-01-22 12:00,,complete,KNG,WAR,Knights,Warriors,"Diamond Oval, Kimberley",Kimberley,145.0,6.0,20.0,140.0,6.0,20.0,KNG won by 5 runs,KNG,KNG,0,0,,652289,,WAR,field,,,cricsheet,cricsheet,cs652289,diamondoval
2013-14,T20 Challenge,,cs652291,2014-01-24 12:00,,complete,DOL,WPR,Dolphins,Cape Cobras,"Boland Park, Paarl",Paarl,145.0,8.0,20.0,138.0,8.0,20.0,DOL won by 7 runs,DOL,DOL,0,0,,652291,,DOL,bat,,,cricsheet,cricsheet,cs652291,bolandpark
2013-14,T20 Challenge,,cs652293,2014-01-24 12:00,,complete,WAR,TIT,Warriors,Titans,"Buffalo Park, East London",East London,59.0,9.0,11.4,,,,no result,,WAR,1,0,,652293,,TIT,field,,,cricsheet,cricsheet,cs652293,buffalo
2013-14,T20 Challenge,,cs652297,2014-01-26 12:00,,complete,WAR,DOL,Warriors,Dolphins,"Kingsmead, Durban",Durban,141.0,6.0,20.0,139.0,8.0,20.0,WAR won by 2 runs,WAR,WAR,0,0,,652297,,WAR,bat,,,cricsheet,cricsheet,cs652297,kingsmead
2013-14,T20 Challenge,,cs652305,2014-01-29 12:00,,complete,TIT,DOL,Titans,Dolphins,"SuperSport Park, Centurion",Centurion,115.0,7.0,20.0,120.0,2.0,16.5,DOL won by 8 wkts,DOL,TIT,0,0,,652305,,DOL,field,,,cricsheet,cricsheet,cs652305,supersport
2013-14,T20 Challenge,,cs652309,2014-01-31 12:00,,complete,LIONS,WPR,Lions,Cape Cobras,"New Wanderers Stadium, Johannesburg",Johannesburg,102.0,10.0,17.1,103.0,3.0,15.3,WPR won by 7 wkts,WPR,LIONS,0,0,,652309,,WPR,field,,,cricsheet,cricsheet,cs652309,wanderers
2013-14,T20 Challenge,,cs652307,2014-01-31 12:00,,complete,DOL,KNG,Dolphins,Knights,"Kingsmead, Durban",Durban,170.0,4.0,20.0,86.0,10.0,13.2,DOL won by 40 runs,DOL,DOL,0,0,,652307,,KNG,field,,,cricsheet,cricsheet,cs652307,kingsmead
2013-14,T20 Challenge,,cs652311,2014-02-02 12:00,,complete,WAR,WPR,Warriors,Cape Cobras,"Newlands, Cape Town",Cape Town,146.0,8.0,20.0,149.0,4.0,18.4,WPR won by 6 wkts,WPR,WAR,0,0,,652311,,WAR,bat,,,cricsheet,cricsheet,cs652311,newlands
2013-14,T20 Challenge,,cs652313,2014-02-02 12:00,,complete,KNG,TIT,Knights,Titans,"Diamond Oval, Kimberley",Kimberley,137.0,7.0,20.0,138.0,2.0,17.3,TIT won by 8 wkts,TIT,KNG,0,0,,652313,,TIT,field,,,cricsheet,cricsheet,cs652313,diamondoval
2013-14,T20 Challenge,,cs652315,2014-02-02 12:00,,complete,LIONS,DOL,Lions,Dolphins,"New Wanderers Stadium, Johannesburg",Johannesburg,159.0,3.0,20.0,152.0,8.0,20.0,LIONS won by 7 runs,LIONS,LIONS,0,0,,652315,,DOL,field,,,cricsheet,cricsheet,cs652315,wanderers
2013-14,T20 Challenge,,cs716623,2014-02-06 12:00,Semi-Final,complete,DOL,TIT,Dolphins,Titans,"Kingsmead, Durban",Durban,200.0,4.0,20.0,169.0,10.0,19.2,DOL won by 31 runs,DOL,DOL,0,0,,716623,,TIT,field,,,cricsheet,cricsheet,cs716623,kingsmead
2013-14,T20 Challenge,,cs652319,2014-02-09 12:00,Final,complete,DOL,WPR,Dolphins,Cape Cobras,"Newlands, Cape Town",Cape Town,146.0,8.0,20.0,144.0,7.0,20.0,DOL won by 2 runs,DOL,DOL,0,0,,652319,,DOL,bat,,,cricsheet,cricsheet,cs652319,newlands
2014-15,T20 Challenge,,cs736257,2014-11-02 12:00,,complete,WPR,TIT,Cape Cobras,Titans,"New Wanderers Stadium, Johannesburg",Johannesburg,207.0,5.0,20.0,193.0,4.0,20.0,WPR won by 14 runs,WPR,WPR,0,0,,736257,,TIT,field,,,cricsheet,cricsheet,cs736257,wanderers
2014-15,T20 Challenge,,cs736255,2014-11-02 12:00,,complete,KNG,WAR,Knights,Warriors,"New Wanderers Stadium, Johannesburg",Johannesburg,205.0,5.0,20.0,131.0,10.0,18.5,KNG won by 74 runs,KNG,KNG,0,0,,736255,,WAR,field,,,cricsheet,cricsheet,cs736255,wanderers
2014-15,T20 Challenge,,cs736259,2014-11-02 12:00,,complete,DOL,LIONS,Dolphins,Lions,"New Wanderers Stadium, Johannesburg",Johannesburg,172.0,9.0,20.0,173.0,4.0,18.5,LIONS won by 6 wkts,LIONS,DOL,0,0,,736259,,DOL,bat,,,cricsheet,cricsheet,cs736259,wanderers
2014-15,T20 Challenge,,cs736261,2014-11-05 12:00,,complete,DOL,WAR,Dolphins,Warriors,"Kingsmead, Durban",Durban,181.0,4.0,20.0,127.0,8.0,20.0,DOL won by 54 runs,DOL,DOL,0,0,,736261,,DOL,bat,,,cricsheet,cricsheet,cs736261,kingsmead
2014-15,T20 Challenge,,cs736263,2014-11-07 12:00,,complete,DOL,WPR,Dolphins,Cape Cobras,"Newlands, Cape Town",Cape Town,127.0,9.0,20.0,130.0,2.0,15.4,WPR won by 8 wkts,WPR,DOL,0,0,,736263,,DOL,bat,,,cricsheet,cricsheet,cs736263,newlands
2014-15,T20 Challenge,,cs736265,2014-11-07 12:00,,complete,WAR,LIONS,Warriors,Lions,"Buffalo Park, East London",East London,144.0,6.0,20.0,150.0,0.0,14.2,LIONS won by 10 wkts,LIONS,WAR,0,0,,736265,,WAR,bat,,,cricsheet,cricsheet,cs736265,buffalo
2014-15,T20 Challenge,,cs736267,2014-11-07 12:00,,complete,KNG,TIT,Knights,Titans,"SuperSport Park, Centurion",Centurion,179.0,7.0,20.0,144.0,5.0,20.0,KNG won by 35 runs,KNG,KNG,0,0,,736267,,TIT,field,,,cricsheet,cricsheet,cs736267,supersport
2014-15,T20 Challenge,,cs736269,2014-11-09 12:00,,complete,DOL,TIT,Dolphins,Titans,"Kingsmead, Durban",Durban,194.0,5.0,20.0,130.0,9.0,20.0,DOL won by 64 runs,DOL,DOL,0,0,,736269,,DOL,bat,,,cricsheet,cricsheet,cs736269,kingsmead
2014-15,T20 Challenge,,cs736275,2014-11-14 12:00,,complete,DOL,WAR,Dolphins,Warriors,"St George's Park, Port Elizabeth",Port Elizabeth,142.0,6.0,20.0,143.0,3.0,20.0,WAR won by 7 wkts,WAR,DOL,0,0,,736275,,DOL,bat,,,cricsheet,cricsheet,cs736275,stgeorge
2014-15,T20 Challenge,,cs736277,2014-11-14 12:00,,complete,TIT,KNG,Titans,Knights,"Chevrolet Park, Bloemfontein",Bloemfontein,135.0,6.0,20.0,140.0,2.0,16.2,KNG won by 8 wkts,KNG,TIT,0,0,,736277,,KNG,field,,,cricsheet,cricsheet,cs736277,mangaung
2014-15,T20 Challenge,,cs736279,2014-11-14 12:00,,complete,LIONS,WPR,Lions,Cape Cobras,"New Wanderers Stadium, Johannesburg",Johannesburg,141.0,7.0,20.0,94.0,9.0,20.0,LIONS won by 47 runs,LIONS,LIONS,0,0,,736279,,WPR,field,,,cricsheet,cricsheet,cs736279,wanderers
2014-15,T20 Challenge,,cs736283,2014-11-16 12:00,,complete,WAR,LIONS,Warriors,Lions,"Kingsmead, Durban",Durban,126.0,7.0,20.0,130.0,4.0,19.3,LIONS won by 6 wkts,LIONS,WAR,0,0,,736283,,LIONS,field,,,cricsheet,cricsheet,cs736283,kingsmead
2014-15,T20 Challenge,,cs736285,2014-11-16 12:00,,complete,DOL,KNG,Dolphins,Knights,"Kingsmead, Durban",Durban,82.0,10.0,18.5,,,,no result,,DOL,1,0,,736285,,DOL,bat,,,cricsheet,cricsheet,cs736285,kingsmead
2014-15,T20 Challenge,,cs736287,2014-11-21 12:00,,complete,KNG,WAR,Knights,Warriors,"Buffalo Park, East London",East London,146.0,4.0,20.0,149.0,2.0,19.3,WAR won by 8 wkts,WAR,KNG,0,0,,736287,,WAR,field,,,cricsheet,cricsheet,cs736287,buffalo
2014-15,T20 Challenge,,cs736291,2014-11-21 12:00,,complete,TIT,LIONS,Titans,Lions,"Willowmoore Park, Benoni",Benoni,161.0,6.0,16.0,140.0,5.0,16.0,TIT won by 27 runs,TIT,TIT,0,0,,736291,,LIONS,field,,,cricsheet,cricsheet,cs736291,willowmoore
2014-15,T20 Challenge,,cs736289,2014-11-21 12:00,,complete,DOL,WPR,Dolphins,Cape Cobras,"Kingsmead, Durban",Durban,84.0,8.0,10.0,89.0,3.0,9.2,WPR won by 7 wkts,WPR,DOL,0,0,,736289,,WPR,field,,,cricsheet,cricsheet,cs736289,kingsmead
2014-15,T20 Challenge,,cs736293,2014-11-23 12:00,,complete,WPR,LIONS,Cape Cobras,Lions,"Newlands, Cape Town",Cape Town,154.0,7.0,20.0,77.0,10.0,15.3,WPR won by 77 runs,WPR,WPR,0,0,,736293,,WPR,bat,,,cricsheet,cricsheet,cs736293,newlands
2014-15,T20 Challenge,,cs736295,2014-11-23 12:00,,complete,TIT,WAR,Titans,Warriors,"SuperSport Park, Centurion",Centurion,79.0,5.0,8.0,79.0,5.0,8.0,tie,,TIT,0,1,,736295,,WAR,field,,,cricsheet,cricsheet,cs736295,supersport
2014-15,T20 Challenge,,cs736297,2014-11-26 12:00,,complete,TIT,DOL,Titans,Dolphins,"Willowmoore Park, Benoni",Benoni,176.0,7.0,20.0,157.0,8.0,20.0,TIT won by 19 runs,TIT,TIT,0,0,,736297,,TIT,bat,,,cricsheet,cricsheet,cs736297,willowmoore
2014-15,T20 Challenge,,cs736299,2014-11-28 12:00,,complete,WPR,WAR,Cape Cobras,Warriors,"St George's Park, Port Elizabeth",Port Elizabeth,187.0,3.0,20.0,115.0,10.0,18.1,WPR won by 72 runs,WPR,WPR,0,0,,736299,,WAR,field,,,cricsheet,cricsheet,cs736299,stgeorge
2014-15,T20 Challenge,,cs736301,2014-11-28 12:00,,complete,KNG,DOL,Knights,Dolphins,"Diamond Oval, Kimberley",Kimberley,167.0,5.0,20.0,128.0,10.0,18.3,KNG won by 39 runs,KNG,KNG,0,0,,736301,,DOL,field,,,cricsheet,cricsheet,cs736301,diamondoval
2014-15,T20 Challenge,,cs736303,2014-11-28 12:00,,complete,LIONS,TIT,Lions,Titans,"Senwes Park, Potchefstroom",Potchefstroom,179.0,3.0,20.0,178.0,6.0,20.0,LIONS won by 1 runs,LIONS,LIONS,0,0,,736303,,LIONS,bat,,,cricsheet,cricsheet,cs736303,senwes
2014-15,T20 Challenge,,cs736305,2014-11-30 12:00,,complete,LIONS,DOL,Lions,Dolphins,"Chevrolet Park, Bloemfontein",Bloemfontein,121.0,7.0,20.0,122.0,5.0,19.1,DOL won by 5 wkts,DOL,LIONS,0,0,,736305,,DOL,field,,,cricsheet,cricsheet,cs736305,mangaung
2014-15,T20 Challenge,,cs736307,2014-11-30 12:00,,complete,WAR,TIT,Warriors,Titans,"Chevrolet Park, Bloemfontein",Bloemfontein,148.0,7.0,20.0,128.0,7.0,20.0,WAR won by 20 runs,WAR,WAR,0,0,,736307,,WAR,bat,,,cricsheet,cricsheet,cs736307,mangaung
2014-15,T20 Challenge,,cs736309,2014-11-30 12:00,,complete,WPR,KNG,Cape Cobras,Knights,"Chevrolet Park, Bloemfontein",Bloemfontein,145.0,4.0,20.0,137.0,4.0,20.0,WPR won by 8 runs,WPR,WPR,0,0,,736309,,WPR,bat,,,cricsheet,cricsheet,cs736309,mangaung
2014-15,T20 Challenge,,cs736311,2014-12-03 12:00,,complete,WAR,WPR,Warriors,Cape Cobras,"Boland Park, Paarl",Paarl,131.0,5.0,20.0,135.0,1.0,18.1,WPR won by 9 wkts,WPR,WAR,0,0,,736311,,WAR,bat,,,cricsheet,cricsheet,cs736311,bolandpark
2014-15,T20 Challenge,,cs736313,2014-12-03 12:00,,complete,KNG,LIONS,Knights,Lions,"Diamond Oval, Kimberley",Kimberley,186.0,7.0,20.0,22.0,0.0,2.2,no result,,KNG,1,0,,736313,,LIONS,field,,,cricsheet,cricsheet,cs736313,diamondoval
2014-15,T20 Challenge,,cs736315,2014-12-07 12:00,Semi-Final,complete,LIONS,KNG,Lions,Knights,"New Wanderers Stadium, Johannesburg",Johannesburg,148.0,5.0,20.0,150.0,2.0,17.5,KNG won by 8 wkts,KNG,LIONS,0,0,,736315,,LIONS,bat,,,cricsheet,cricsheet,cs736315,wanderers
2014-15,T20 Challenge,,cs736317,2014-12-12 12:00,Final,complete,WPR,KNG,Cape Cobras,Knights,"Newlands, Cape Town",Cape Town,158.0,4.0,20.0,125.0,9.0,20.0,WPR won by 33 runs,WPR,WPR,0,0,,736317,,WPR,bat,,,cricsheet,cricsheet,cs736317,newlands
2015-16,T20 Challenge,,cs851933,2015-11-01 12:00,,complete,DOL,TIT,Dolphins,Titans,"SuperSport Park, Centurion",Centurion,179.0,4.0,20.0,173.0,8.0,20.0,DOL won by 6 runs,DOL,DOL,0,0,,851933,,TIT,field,,,cricsheet,cricsheet,cs851933,supersport
2015-16,T20 Challenge,,cs851937,2015-11-06 12:00,,complete,WPR,WAR,Cape Cobras,Warriors,"Boland Park, Paarl",Paarl,140.0,6.0,20.0,135.0,7.0,20.0,WPR won by 5 runs,WPR,WPR,0,0,,851937,,WAR,field,,,cricsheet,cricsheet,cs851937,bolandpark
2015-16,T20 Challenge,,cs851939,2015-11-06 12:00,,complete,KNG,DOL,Knights,Dolphins,"Diamond Oval, Kimberley",Kimberley,167.0,4.0,20.0,170.0,1.0,16.4,DOL won by 9 wkts,DOL,KNG,0,0,,851939,,DOL,field,,,cricsheet,cricsheet,cs851939,diamondoval
2015-16,T20 Challenge,,cs851943,2015-11-08 12:00,,complete,DOL,WAR,Dolphins,Warriors,"Kingsmead, Durban",Durban,179.0,4.0,20.0,145.0,10.0,19.4,DOL won by 34 runs,DOL,DOL,0,0,,851943,,WAR,field,,,cricsheet,cricsheet,cs851943,kingsmead
2015-16,T20 Challenge,,cs851945,2015-11-08 12:00,,complete,TIT,WPR,Titans,Cape Cobras,"SuperSport Park, Centurion",Centurion,173.0,5.0,20.0,147.0,6.0,20.0,TIT won by 26 runs,TIT,TIT,0,0,,851945,,WPR,field,,,cricsheet,cricsheet,cs851945,supersport
2015-16,T20 Challenge,,cs851947,2015-11-11 12:00,,complete,KNG,WPR,Knights,Cape Cobras,"Diamond Oval, Kimberley",Kimberley,174.0,5.0,20.0,176.0,6.0,19.0,WPR won by 4 wkts,WPR,KNG,0,0,,851947,,WPR,field,,,cricsheet,cricsheet,cs851947,diamondoval
2015-16,T20 Challenge,,cs851949,2015-11-13 12:00,,complete,WAR,LIONS,Warriors,Lions,"St George's Park, Port Elizabeth",Port Elizabeth,155.0,4.0,20.0,130.0,9.0,20.0,WAR won by 25 runs,WAR,WAR,0,0,,851949,,LIONS,field,,,cricsheet,cricsheet,cs851949,stgeorge
2015-16,T20 Challenge,,cs851955,2015-11-15 12:00,,complete,WAR,TIT,Warriors,Titans,"SuperSport Park, Centurion",Centurion,149.0,7.0,20.0,150.0,5.0,17.1,TIT won by 5 wkts,TIT,WAR,0,0,,851955,,TIT,field,,,cricsheet,cricsheet,cs851955,supersport
2015-16,T20 Challenge,,cs851953,2015-11-15 12:00,,complete,DOL,WPR,Dolphins,Cape Cobras,"SuperSport Park, Centurion",Centurion,148.0,9.0,20.0,152.0,5.0,19.4,WPR won by 5 wkts,WPR,DOL,0,0,,851953,,WPR,field,,,cricsheet,cricsheet,cs851953,supersport
2015-16,T20 Challenge,,cs851957,2015-11-15 12:00,,complete,LIONS,KNG,Lions,Knights,"Mangaung Oval, Bloemfontein",Bloemfontein,112.0,7.0,20.0,92.0,10.0,19.0,LIONS won by 20 runs,LIONS,LIONS,0,0,,851957,,LIONS,bat,,,cricsheet,cricsheet,cs851957,mangaung
2015-16,T20 Challenge,,cs851959,2015-11-18 12:00,,complete,TIT,DOL,Titans,Dolphins,"Kingsmead, Durban",Durban,136.0,9.0,20.0,70.0,10.0,15.4,TIT won by 66 runs,TIT,TIT,0,0,,851959,,DOL,field,,,cricsheet,cricsheet,cs851959,kingsmead
2015-16,T20 Challenge,,cs851963,2015-11-20 12:00,,complete,DOL,WAR,Dolphins,Warriors,"Buffalo Park, East London",East London,35.0,0.0,5.1,,,,no result,,DOL,1,0,,851963,,DOL,bat,,,cricsheet,cricsheet,cs851963,buffalo
2015-16,T20 Challenge,,cs851965,2015-11-22 12:00,,complete,KNG,WPR,Knights,Cape Cobras,"Boland Park, Paarl",Paarl,140.0,7.0,20.0,144.0,6.0,19.3,WPR won by 4 wkts,WPR,KNG,0,0,,851965,,WPR,field,,,cricsheet,cricsheet,cs851965,bolandpark
2015-16,T20 Challenge,,cs851969,2015-11-25 12:00,,complete,KNG,LIONS,Knights,Lions,"Senwes Park, Potchefstroom",Potchefstroom,175.0,5.0,20.0,146.0,9.0,20.0,KNG won by 29 runs,KNG,KNG,0,0,,851969,,LIONS,field,,,cricsheet,cricsheet,cs851969,senwes
2015-16,T20 Challenge,,cs851971,2015-11-28 12:00,,complete,DOL,KNG,Dolphins,Knights,"St George's Park, Port Elizabeth",Port Elizabeth,82.0,9.0,20.0,85.0,2.0,13.0,KNG won by 8 wkts,KNG,DOL,0,0,,851971,,DOL,bat,,,cricsheet,cricsheet,cs851971,stgeorge
2015-16,T20 Challenge,,cs851973,2015-11-28 12:00,,complete,TIT,WAR,Titans,Warriors,"St George's Park, Port Elizabeth",Port Elizabeth,167.0,3.0,20.0,127.0,10.0,18.4,TIT won by 40 runs,TIT,TIT,0,0,,851973,,TIT,bat,,,cricsheet,cricsheet,cs851973,stgeorge
2015-16,T20 Challenge,,cs851975,2015-11-29 12:00,,complete,LIONS,WPR,Lions,Cape Cobras,"New Wanderers Stadium, Johannesburg",Johannesburg,153.0,5.0,20.0,154.0,4.0,19.1,WPR won by 6 wkts,WPR,LIONS,0,0,,851975,,LIONS,bat,,,cricsheet,cricsheet,cs851975,wanderers
2015-16,T20 Challenge,,cs851977,2015-12-02 12:00,,complete,WAR,WPR,Warriors,Cape Cobras,"Buffalo Park, East London",East London,153.0,8.0,20.0,141.0,7.0,20.0,WAR won by 12 runs,WAR,WAR,0,0,,851977,,WAR,bat,,,cricsheet,cricsheet,cs851977,buffalo
2015-16,T20 Challenge,,cs851983,2015-12-04 12:00,,complete,TIT,LIONS,Titans,Lions,"Willowmoore Park, Benoni",Benoni,158.0,2.0,15.0,93.0,8.0,15.0,TIT won by 68 runs,TIT,TIT,0,0,,851983,,LIONS,field,,,cricsheet,cricsheet,cs851983,willowmoore
2015-16,T20 Challenge,,cs851979,2015-12-04 12:00,,complete,WPR,DOL,Cape Cobras,Dolphins,"Kingsmead, Durban",Durban,142.0,7.0,20.0,146.0,2.0,18.4,DOL won by 8 wkts,DOL,WPR,0,0,,851979,,WPR,bat,,,cricsheet,cricsheet,cs851979,kingsmead
2015-16,T20 Challenge,,cs851981,2015-12-04 12:00,,complete,KNG,WAR,Knights,Warriors,"Mangaung Oval, Bloemfontein",Bloemfontein,170.0,5.0,20.0,171.0,4.0,20.0,WAR won by 6 wkts,WAR,KNG,0,0,,851981,,WAR,field,,,cricsheet,cricsheet,cs851981,mangaung
2015-16,T20 Challenge,,cs851985,2015-12-06 12:00,,complete,TIT,KNG,Titans,Knights,"Willowmoore Park, Benoni",Benoni,136.0,9.0,20.0,139.0,6.0,15.5,KNG won by 4 wkts,KNG,TIT,0,0,,851985,,KNG,field,,,cricsheet,cricsheet,cs851985,willowmoore
2015-16,T20 Challenge,,cs851989,2015-12-09 12:00,Semi-Final,complete,DOL,WPR,Dolphins,Cape Cobras,"Kingsmead, Durban",Durban,178.0,3.0,20.0,173.0,8.0,20.0,DOL won by 5 runs,DOL,DOL,0,0,,851989,,DOL,bat,,,cricsheet,cricsheet,cs851989,kingsmead
2015-16,T20 Challenge,,cs851991,2015-12-12 12:00,Final,complete,DOL,TIT,Dolphins,Titans,"SuperSport Park, Centurion",Centurion,159.0,5.0,20.0,161.0,3.0,16.5,TIT won by 7 wkts,TIT,DOL,0,0,,851991,,TIT,field,,,cricsheet,cricsheet,cs851991,supersport
2016-17,T20 Challenge,,cs1003843,2016-11-12 12:00,,complete,KNG,WPR,Knights,Cape Cobras,"New Wanderers Stadium, Johannesburg",Johannesburg,184.0,8.0,20.0,146.0,10.0,17.2,KNG won by 38 runs,KNG,KNG,0,0,,1003843,,WPR,field,,,cricsheet,cricsheet,cs1003843,wanderers
2016-17,T20 Challenge,,cs1003845,2016-11-12 12:00,,complete,TIT,LIONS,Titans,Lions,"New Wanderers Stadium, Johannesburg",Johannesburg,194.0,4.0,20.0,152.0,8.0,20.0,TIT won by 42 runs,TIT,TIT,0,0,,1003845,,LIONS,field,,,cricsheet,cricsheet,cs1003845,wanderers
2016-17,T20 Challenge,,cs1003847,2016-11-13 12:00,,complete,DOL,WAR,Dolphins,Warriors,"Kingsmead, Durban",Durban,115.0,9.0,20.0,118.0,3.0,15.5,WAR won by 7 wkts,WAR,DOL,0,0,,1003847,,WAR,field,,,cricsheet,cricsheet,cs1003847,kingsmead
2016-17,T20 Challenge,,cs1003849,2016-11-16 12:00,,complete,WPR,TIT,Cape Cobras,Titans,"Boland Park, Paarl",Paarl,141.0,6.0,20.0,142.0,4.0,18.5,TIT won by 6 wkts,TIT,WPR,0,0,,1003849,,WPR,bat,,,cricsheet,cricsheet,cs1003849,bolandpark
2016-17,T20 Challenge,,cs1003855,2016-11-18 12:00,,complete,KNG,TIT,Knights,Titans,"Willowmoore Park, Benoni",Benoni,185.0,6.0,20.0,186.0,7.0,19.5,TIT won by 3 wkts,TIT,KNG,0,0,,1003855,,KNG,bat,,,cricsheet,cricsheet,cs1003855,willowmoore
2016-17,T20 Challenge,,cs1003861,2016-11-20 12:00,,complete,LIONS,WPR,Lions,Cape Cobras,"Senwes Park, Potchefstroom",Potchefstroom,165.0,5.0,19.1,66.0,3.0,6.0,LIONS won by 3 runs,LIONS,LIONS,0,0,,1003861,,LIONS,bat,,,cricsheet,cricsheet,cs1003861,senwes
2016-17,T20 Challenge,,cs1003857,2016-11-20 12:00,,complete,TIT,DOL,Titans,Dolphins,"Mangaung Oval, Bloemfontein",Bloemfontein,185.0,4.0,20.0,127.0,8.0,20.0,TIT won by 58 runs,TIT,TIT,0,0,,1003857,,DOL,field,,,cricsheet,cricsheet,cs1003857,mangaung
2016-17,T20 Challenge,,cs1003859,2016-11-20 12:00,,complete,WAR,KNG,Warriors,Knights,"Mangaung Oval, Bloemfontein",Bloemfontein,157.0,5.0,20.0,115.0,10.0,18.2,WAR won by 42 runs,WAR,WAR,0,0,,1003859,,WAR,bat,,,cricsheet,cricsheet,cs1003859,mangaung
2016-17,T20 Challenge,,cs1003865,2016-11-25 12:00,,complete,LIONS,WAR,Lions,Warriors,"St George's Park, Port Elizabeth",Port Elizabeth,152.0,5.0,20.0,153.0,4.0,17.5,WAR won by 6 wkts,WAR,LIONS,0,0,,1003865,,LIONS,bat,,,cricsheet,cricsheet,cs1003865,stgeorge
2016-17,T20 Challenge,,cs1003869,2016-11-25 12:00,,complete,WPR,TIT,Cape Cobras,Titans,"SuperSport Park, Centurion",Centurion,115.0,4.0,10.0,7.0,0.0,1.0,no result,,WPR,1,0,,1003869,,TIT,field,,,cricsheet,cricsheet,cs1003869,supersport
2016-17,T20 Challenge,,cs1003867,2016-11-25 12:00,,complete,KNG,DOL,Knights,Dolphins,"Mangaung Oval, Bloemfontein",Bloemfontein,153.0,4.0,20.0,154.0,2.0,18.3,DOL won by 8 wkts,DOL,KNG,0,0,,1003867,,KNG,bat,,,cricsheet,cricsheet,cs1003867,mangaung
2016-17,T20 Challenge,,cs1003871,2016-11-27 12:00,,complete,TIT,KNG,Titans,Knights,"Diamond Oval, Kimberley",Kimberley,168.0,5.0,20.0,158.0,6.0,20.0,TIT won by 10 runs,TIT,TIT,0,0,,1003871,,KNG,field,,,cricsheet,cricsheet,cs1003871,diamondoval
2016-17,T20 Challenge,,cs1003873,2016-11-27 12:00,,complete,LIONS,DOL,Lions,Dolphins,"New Wanderers Stadium, Johannesburg",Johannesburg,175.0,5.0,20.0,169.0,9.0,20.0,LIONS won by 6 runs,LIONS,LIONS,0,0,,1003873,,LIONS,bat,,,cricsheet,cricsheet,cs1003873,wanderers
2016-17,T20 Challenge,,cs1003877,2016-11-30 12:00,,complete,TIT,DOL,Titans,Dolphins,"Kingsmead, Durban",Durban,170.0,4.0,20.0,171.0,4.0,19.2,DOL won by 6 wkts,DOL,TIT,0,0,,1003877,,TIT,bat,,,cricsheet,cricsheet,cs1003877,kingsmead
2016-17,T20 Challenge,,cs1003875,2016-11-30 12:00,,complete,KNG,WAR,Knights,Warriors,"St George's Park, Port Elizabeth",Port Elizabeth,93.0,10.0,19.4,94.0,2.0,11.2,WAR won by 8 wkts,WAR,KNG,0,0,,1003875,,KNG,bat,,,cricsheet,cricsheet,cs1003875,stgeorge
2016-17,T20 Challenge,,cs1003879,2016-12-02 12:00,,complete,LIONS,KNG,Lions,Knights,"Diamond Oval, Kimberley",Kimberley,182.0,5.0,20.0,162.0,6.0,20.0,LIONS won by 20 runs,LIONS,LIONS,0,0,,1003879,,LIONS,bat,,,cricsheet,cricsheet,cs1003879,diamondoval
2016-17,T20 Challenge,,cs1003881,2016-12-02 12:00,,complete,TIT,WAR,Titans,Warriors,"SuperSport Park, Centurion",Centurion,147.0,10.0,19.2,148.0,4.0,18.5,WAR won by 6 wkts,WAR,TIT,0,0,,1003881,,WAR,field,,,cricsheet,cricsheet,cs1003881,supersport
2016-17,T20 Challenge,,cs1003883,2016-12-04 12:00,,complete,LIONS,WAR,Lions,Warriors,"Kingsmead, Durban",Durban,157.0,10.0,19.5,152.0,10.0,20.0,LIONS won by 5 runs,LIONS,LIONS,0,0,,1003883,,LIONS,bat,,,cricsheet,cricsheet,cs1003883,kingsmead
2016-17,T20 Challenge,,cs1003885,2016-12-04 12:00,,complete,DOL,WPR,Dolphins,Cape Cobras,"Kingsmead, Durban",Durban,178.0,5.0,20.0,181.0,3.0,18.4,WPR won by 7 wkts,WPR,DOL,0,0,,1003885,,DOL,bat,,,cricsheet,cricsheet,cs1003885,kingsmead
2016-17,T20 Challenge,,cs1003889,2016-12-07 12:00,,complete,DOL,WAR,Dolphins,Warriors,"Buffalo Park, East London",East London,216.0,5.0,20.0,217.0,3.0,19.0,WAR won by 7 wkts,WAR,DOL,0,0,,1003889,,DOL,bat,,,cricsheet,cricsheet,cs1003889,buffalo
2016-17,T20 Challenge,,cs1003887,2016-12-07 12:00,,complete,KNG,WPR,Knights,Cape Cobras,"Newlands, Cape Town",Cape Town,146.0,8.0,20.0,152.0,2.0,14.4,WPR won by 8 wkts,WPR,KNG,0,0,,1003887,,KNG,bat,,,cricsheet,cricsheet,cs1003887,newlands
2016-17,T20 Challenge,,cs1003891,2016-12-07 12:00,,complete,TIT,LIONS,Titans,Lions,"SuperSport Park, Centurion",Centurion,230.0,5.0,20.0,184.0,7.0,20.0,TIT won by 46 runs,TIT,TIT,0,0,,1003891,,LIONS,field,,,cricsheet,cricsheet,cs1003891,supersport
2016-17,T20 Challenge,,cs1003895,2016-12-09 12:00,,complete,LIONS,KNG,Lions,Knights,"Senwes Park, Potchefstroom",Potchefstroom,125.0,8.0,20.0,112.0,2.0,18.0,KNG won by 3 runs,KNG,LIONS,0,0,,1003895,,KNG,field,,,cricsheet,cricsheet,cs1003895,senwes
2016-17,T20 Challenge,,cs1003899,2016-12-11 12:00,,complete,TIT,WAR,Titans,Warriors,"Buffalo Park, East London",East London,80.0,2.0,5.0,74.0,2.0,5.0,TIT won by 6 runs,TIT,TIT,0,0,,1003899,,WAR,field,,,cricsheet,cricsheet,cs1003899,buffalo
2016-17,T20 Challenge,,cs1003901,2016-12-11 12:00,,complete,DOL,KNG,Dolphins,Knights,"Kingsmead, Durban",Durban,59.0,5.0,8.0,68.0,1.0,6.0,KNG won by 9 wkts,KNG,DOL,0,0,,1003901,,KNG,field,,,cricsheet,cricsheet,cs1003901,kingsmead
2016-17,T20 Challenge,,cs1003903,2016-12-13 12:00,Qualifier,complete,LIONS,WAR,Lions,Warriors,"St George's Park, Port Elizabeth",Port Elizabeth,136.0,7.0,20.0,138.0,3.0,18.2,WAR won by 7 wkts,WAR,LIONS,0,0,,1003903,,LIONS,bat,,,cricsheet,cricsheet,cs1003903,stgeorge
2016-17,T20 Challenge,,cs1003905,2016-12-16 12:00,Final,complete,TIT,WAR,Titans,Warriors,"SuperSport Park, Centurion",Centurion,155.0,6.0,20.0,149.0,6.0,20.0,TIT won by 6 runs,TIT,TIT,0,0,,1003905,,WAR,field,,,cricsheet,cricsheet,cs1003905,supersport
2017-18,T20 Challenge,,cs1124658,2017-11-10 12:00,Match 1,complete,WAR,KNG,Warriors,Knights,"St George's Park, Port Elizabeth",Port Elizabeth,153.0,9.0,20.0,157.0,2.0,18.0,KNG won by 8 wkts,KNG,WAR,0,0,,1124658,,KNG,field,,,cricsheet,cricsheet,cs1124658,stgeorge
2017-18,T20 Challenge,,cs1124659,2017-11-12 12:00,Match 2,complete,DOL,WPR,Dolphins,Cape Cobras,"SuperSport Park, Centurion",Centurion,231.0,2.0,20.0,108.0,3.0,10.0,DOL won by 15 runs,DOL,DOL,0,0,,1124659,,WPR,field,,,cricsheet,cricsheet,cs1124659,supersport
2017-18,T20 Challenge,,cs1124661,2017-11-15 12:00,Match 4,complete,TIT,KNG,Titans,Knights,"Diamond Oval, Kimberley",Kimberley,199.0,4.0,20.0,161.0,7.0,20.0,TIT won by 38 runs,TIT,TIT,0,0,,1124661,,KNG,field,,,cricsheet,cricsheet,cs1124661,diamondoval
2017-18,T20 Challenge,,cs1124664,2017-11-17 12:00,Match 7,complete,WPR,LIONS,Cape Cobras,Lions,"New Wanderers Stadium, Johannesburg",Johannesburg,169.0,6.0,20.0,175.0,3.0,18.5,LIONS won by 7 wkts,LIONS,WPR,0,0,,1124664,,WPR,bat,,,cricsheet,cricsheet,cs1124664,wanderers
2017-18,T20 Challenge,,cs1124662,2017-11-17 12:00,Match 5,complete,TIT,WAR,Titans,Warriors,"Buffalo Park, East London",East London,172.0,4.0,20.0,111.0,10.0,14.2,TIT won by 61 runs,TIT,TIT,0,0,,1124662,,WAR,field,,,cricsheet,cricsheet,cs1124662,buffalo
2017-18,T20 Challenge,,cs1124665,2017-11-19 12:00,Match 8,complete,DOL,LIONS,Dolphins,Lions,"Senwes Park, Potchefstroom",Potchefstroom,168.0,6.0,20.0,170.0,4.0,20.0,LIONS won by 6 wkts,LIONS,DOL,0,0,,1124665,,DOL,bat,,,cricsheet,cricsheet,cs1124665,senwes
2017-18,T20 Challenge,,cs1124666,2017-11-19 12:00,Match 9,complete,WPR,TIT,Cape Cobras,Titans,"SuperSport Park, Centurion",Centurion,119.0,9.0,20.0,120.0,3.0,13.3,TIT won by 7 wkts,TIT,WPR,0,0,,1124666,,TIT,field,,,cricsheet,cricsheet,cs1124666,supersport
2017-18,T20 Challenge,,cs1124669,2017-11-24 12:00,Match 12,complete,WAR,KNG,Warriors,Knights,"Mangaung Oval, Bloemfontein",Bloemfontein,155.0,6.0,20.0,156.0,6.0,19.4,KNG won by 4 wkts,KNG,WAR,0,0,,1124669,,KNG,field,,,cricsheet,cricsheet,cs1124669,mangaung
2017-18,T20 Challenge,,cs1124668,2017-11-24 12:00,Match 11,complete,WPR,LIONS,Cape Cobras,Lions,"Boland Park, Paarl",Paarl,145.0,7.0,20.0,139.0,6.0,20.0,WPR won by 6 runs,WPR,WPR,0,0,,1124668,,LIONS,field,,,cricsheet,cricsheet,cs1124668,bolandpark
2017-18,T20 Challenge,,cs1124671,2017-11-26 12:00,Match 14,complete,LIONS,WAR,Lions,Warriors,"Newlands, Cape Town",Cape Town,182.0,3.0,20.0,183.0,6.0,19.0,WAR won by 4 wkts,WAR,LIONS,0,0,,1124671,,WAR,field,,,cricsheet,cricsheet,cs1124671,newlands
2017-18,T20 Challenge,,cs1124672,2017-11-26 12:00,Match 15,complete,KNG,WPR,Knights,Cape Cobras,"Newlands, Cape Town",Cape Town,159.0,5.0,20.0,163.0,7.0,19.0,WPR won by 3 wkts,WPR,KNG,0,0,,1124672,,WPR,field,,,cricsheet,cricsheet,cs1124672,newlands
2017-18,T20 Challenge,,cs1124673,2017-11-29 12:00,Match 16,complete,WPR,WAR,Cape Cobras,Warriors,"Boland Park, Paarl",Paarl,159.0,4.0,20.0,149.0,8.0,20.0,WPR won by 10 runs,WPR,WPR,0,0,,1124673,,WPR,bat,,,cricsheet,cricsheet,cs1124673,bolandpark
2017-18,T20 Challenge,,cs1124677,2017-12-01 12:00,Match 20,complete,TIT,WAR,Titans,Warriors,"Willowmoore Park, Benoni",Benoni,172.0,3.0,13.0,116.0,9.0,13.0,TIT won by 56 runs,TIT,TIT,0,0,,1124677,,WAR,field,,,cricsheet,cricsheet,cs1124677,willowmoore
2017-18,T20 Challenge,,cs1124675,2017-12-01 12:00,Match 18,complete,WPR,DOL,Cape Cobras,Dolphins,"Kingsmead, Durban",Durban,172.0,4.0,20.0,8.0,1.0,2.1,no result,,WPR,1,0,,1124675,,DOL,field,,,cricsheet,cricsheet,cs1124675,kingsmead
2017-18,T20 Challenge,,cs1124676,2017-12-01 12:00,Match 19,complete,KNG,LIONS,Knights,Lions,"Mangaung Oval, Bloemfontein",Bloemfontein,86.0,2.0,13.0,,,,no result,,KNG,1,0,,1124676,,LIONS,field,,,cricsheet,cricsheet,cs1124676,mangaung
2017-18,T20 Challenge,,cs1124678,2017-12-03 12:00,Match 21,complete,KNG,TIT,Knights,Titans,"St George's Park, Port Elizabeth",Port Elizabeth,133.0,7.0,20.0,139.0,5.0,19.5,TIT won by 5 wkts,TIT,KNG,0,0,,1124678,,KNG,bat,,,cricsheet,cricsheet,cs1124678,stgeorge
2017-18,T20 Challenge,,cs1124679,2017-12-03 12:00,Match 22,complete,WAR,DOL,Warriors,Dolphins,"St George's Park, Port Elizabeth",Port Elizabeth,153.0,8.0,20.0,152.0,7.0,20.0,WAR won by 1 runs,WAR,WAR,0,0,,1124679,,WAR,bat,,,cricsheet,cricsheet,cs1124679,stgeorge
2017-18,T20 Challenge,,cs1124681,2017-12-06 12:00,Match 24,complete,WPR,KNG,Cape Cobras,Knights,"Diamond Oval, Kimberley",Kimberley,156.0,9.0,20.0,151.0,9.0,20.0,WPR won by 5 runs,WPR,WPR,0,0,,1124681,,KNG,field,,,cricsheet,cricsheet,cs1124681,diamondoval
2017-18,T20 Challenge,,cs1124683,2017-12-08 12:00,Match 26,complete,KNG,DOL,Knights,Dolphins,"Mangaung Oval, Bloemfontein",Bloemfontein,168.0,4.0,17.0,169.0,4.0,16.3,DOL won by 6 wkts,DOL,KNG,0,0,,1124683,,DOL,field,,,cricsheet,cricsheet,cs1124683,mangaung
2017-18,T20 Challenge,,cs1124684,2017-12-08 12:00,Match 27,complete,WAR,LIONS,Warriors,Lions,"Senwes Park, Potchefstroom",Potchefstroom,133.0,4.0,17.1,92.0,7.0,10.0,WAR won by 4 runs,WAR,WAR,0,0,,1124684,,WAR,bat,,,cricsheet,cricsheet,cs1124684,senwes
2017-18,T20 Challenge,,cs1124685,2017-12-10 12:00,Match 28,complete,WAR,WPR,Warriors,Cape Cobras,"Buffalo Park, East London",East London,168.0,5.0,20.0,150.0,6.0,20.0,WAR won by 18 runs,WAR,WAR,0,0,,1124685,,WPR,field,,,cricsheet,cricsheet,cs1124685,buffalo
2017-18,T20 Challenge,,cs1124686,2017-12-10 12:00,Match 29,complete,DOL,TIT,Dolphins,Titans,"Kingsmead, Durban",Durban,168.0,7.0,20.0,79.0,10.0,19.4,DOL won by 89 runs,DOL,DOL,0,0,,1124686,,DOL,bat,,,cricsheet,cricsheet,cs1124686,kingsmead
2017-18,T20 Challenge,,cs1124687,2017-12-10 12:00,Match 30,complete,LIONS,KNG,Lions,Knights,"New Wanderers Stadium, Johannesburg",Johannesburg,3.0,0.0,1.0,,,,no result,,LIONS,1,0,,1124687,,KNG,field,,,cricsheet,cricsheet,cs1124687,wanderers
2017-18,T20 Challenge,,cs1124688,2017-12-13 12:00,Semi Final,complete,WAR,TIT,Warriors,Titans,"SuperSport Park, Centurion",Centurion,143.0,10.0,18.1,145.0,2.0,15.2,TIT won by 8 wkts,TIT,WAR,0,0,,1124688,,TIT,field,,,cricsheet,cricsheet,cs1124688,supersport
2017-18,T20 Challenge,,cs1124690,2017-12-16 12:00,Final,complete,DOL,TIT,Dolphins,Titans,"SuperSport Park, Centurion",Centurion,100.0,10.0,18.3,101.0,3.0,11.1,TIT won by 7 wkts,TIT,DOL,0,0,,1124690,,TIT,field,,,cricsheet,cricsheet,cs1124690,supersport
2018-19,T20 Challenge,2753.0,21213,2019-04-05 16:00,1st Match,complete,TIT,WAR,TITANS,WARRIORS,SuperSport Park,Centurion,216.0,5.0,20.0,60.0,,6.0,Warriors won by 4 runs (D/L method),WAR,TIT,0,0,21213.0,1157224,,WAR,field,,,cricbuzz,cricbuzz|cricsheet,21213,supersport
2018-19,T20 Challenge,2753.0,21214,2019-04-06 16:00,2nd Match,complete,DOL,KNG,DOLPHINS,KNIGHTS,Kingsmead,Durban,134.0,6.0,18.3,133.0,8.0,20.0,Dolphins won by 4 wkts,DOL,KNG,0,0,21214.0,1157225,,DOL,field,,,cricbuzz,cricbuzz|cricsheet,21214,kingsmead
2018-19,T20 Challenge,2753.0,21215,2019-04-07 12:30,3rd Match,complete,LIONS,WPR,LIONS,CAPE COBRAS,The Wanderers Stadium,Johannesburg,164.0,8.0,20.0,169.0,8.0,20.0,Cape Cobras won by 5 runs,WPR,WPR,0,0,21215.0,1157226,,LIONS,field,,,cricbuzz,cricbuzz|cricsheet,21215,wanderers
2018-19,T20 Challenge,2753.0,21217,2019-04-09 16:00,4th Match,complete,KNG,WAR,KNIGHTS,WARRIORS,Diamond Oval,Kimberley,,,,,,,Match abandoned without a ball bowled(no toss),,,1,0,21217.0,,,,,,,cricbuzz,cricbuzz,21217,diamondoval
2018-19,T20 Challenge,2753.0,21216,2019-04-10 16:00,5th Match,complete,DOL,LIONS,DOLPHINS,LIONS,Kingsmead,Durban,141.0,9.0,20.0,159.0,5.0,20.0,Lions won by 18 runs,LIONS,LIONS,0,0,21216.0,1157227,,DOL,field,,,cricbuzz,cricbuzz|cricsheet,21216,kingsmead
2018-19,T20 Challenge,2753.0,21218,2019-04-10 16:00,6th Match,complete,TIT,WPR,TITANS,CAPE COBRAS,Willowmoore Park,Benoni,151.0,3.0,15.4,150.0,5.0,20.0,Titans won by 7 wkts,TIT,WPR,0,0,21218.0,1157229,,TIT,field,,,cricbuzz,cricbuzz|cricsheet,21218,willowmoore
2018-19,T20 Challenge,2753.0,21221,2019-04-12 16:00,9th Match,complete,TIT,DOL,TITANS,DOLPHINS,Willowmoore Park,Benoni,,,,,,,Match abandoned without a ball being bowled (no toss),,,1,0,21221.0,,,,,,,cricbuzz,cricbuzz,21221,willowmoore
2018-19,T20 Challenge,2753.0,21220,2019-04-12 16:00,8th Match,complete,LIONS,KNG,LIONS,KNIGHTS,Senwes Park,Potchefstroom,150.0,7.0,20.0,110.0,9.0,20.0,Lions won by 40 runs,LIONS,LIONS,0,0,21220.0,1157231,,KNG,field,,,cricbuzz,cricbuzz|cricsheet,21220,senwes
2018-19,T20 Challenge,2753.0,21219,2019-04-12 16:00,7th Match,complete,WPR,WAR,CAPE COBRAS,WARRIORS,Boland Park,Paarl,,,,152.0,3.0,15.5,Cape Cobras won by 7 wkts,WPR,WAR,0,0,21219.0,1157230,,WPR,field,,,cricbuzz,cricbuzz|cricsheet,21219,bolandpark
2018-19,T20 Challenge,2753.0,21222,2019-04-14 12:30,10th Match,complete,WPR,DOL,CAPE COBRAS,DOLPHINS,Newlands,Cape Town,,,,144.0,5.0,20.0,Cape Cobras won by 8 runs,WPR,WPR,0,0,21222.0,1157233,,DOL,field,,,cricbuzz,cricbuzz|cricsheet,21222,newlands
2018-19,T20 Challenge,2753.0,21223,2019-04-14 12:30,11th Match,complete,WAR,LIONS,WARRIORS,LIONS,Buffalo Park,East London,155.0,5.0,18.4,,,,No result,,WAR,1,0,21223.0,1157234,,LIONS,field,,,cricbuzz,cricbuzz|cricsheet,21223,buffalo
2018-19,T20 Challenge,2753.0,21224,2019-04-14 12:30,12th Match,complete,KNG,TIT,KNIGHTS,TITANS,Diamond Oval,Kimberley,,,,136.0,4.0,17.0,No result,,TIT,1,0,21224.0,,,,,,,cricbuzz,cricbuzz,21224,diamondoval
2018-19,T20 Challenge,2753.0,21225,2019-04-16 16:00,13th Match,complete,WPR,KNG,CAPE COBRAS,KNIGHTS,Newlands,Cape Town,,,,145.0,7.0,20.0,Cape Cobras won by 5 runs,WPR,WPR,0,0,21225.0,1157236,,KNG,field,,,cricbuzz,cricbuzz|cricsheet,21225,newlands
2018-19,T20 Challenge,2753.0,21226,2019-04-17 16:00,14th Match,complete,DOL,WAR,DOLPHINS,WARRIORS,Kingsmead,Durban,,,,,,,Match abandoned without a ball being bowled,,,1,0,21226.0,,,,,,,cricbuzz,cricbuzz,21226,kingsmead
2018-19,T20 Challenge,2753.0,21227,2019-04-18 16:00,15th Match,complete,LIONS,TIT,LIONS,TITANS,The Wanderers Stadium,Johannesburg,181.0,4.0,20.0,162.0,9.0,20.0,Lions won by 19 runs,LIONS,LIONS,0,0,21227.0,1157238,,TIT,field,,,cricbuzz,cricbuzz|cricsheet,21227,wanderers
2018-19,T20 Challenge,2753.0,21229,2019-04-20 08:00,17th Match,complete,DOL,TIT,DOLPHINS,TITANS,City Oval,Pietermaritzburg,185.0,4.0,20.0,191.0,2.0,18.5,Titans won by 8 wkts,TIT,DOL,0,0,21229.0,1157240,,TIT,field,,,cricbuzz,cricbuzz|cricsheet,21229,cityoval
2018-19,T20 Challenge,2753.0,21228,2019-04-20 16:00,16th Match,complete,WAR,WPR,WARRIORS,CAPE COBRAS,St George's Park,Gqeberha,189.0,10.0,19.5,179.0,7.0,20.0,Warriors won by 10 runs,WAR,WAR,0,0,21228.0,,,,,,,cricbuzz,cricbuzz,21228,stgeorge
2018-19,T20 Challenge,2753.0,21230,2019-04-20 16:00,18th Match,complete,KNG,LIONS,KNIGHTS,LIONS,Diamond Oval,Kimberley,,,,,,,Match abandoned without a ball being bowled (no toss),,,1,0,21230.0,,,,,,,cricbuzz,cricbuzz,21230,diamondoval
2018-19,T20 Challenge,2753.0,21232,2019-04-22 12:30,20th Match,complete,KNG,WPR,KNIGHTS,CAPE COBRAS,Mangaung Oval,Bloemfontein,,,,,,,Match abandoned without a ball being bowled (no toss),,,1,0,21232.0,,,,,,,cricbuzz,cricbuzz,21232,mangaung
2018-19,T20 Challenge,2753.0,21233,2019-04-22 12:30,21st Match,complete,LIONS,DOL,LIONS,DOLPHINS,Senwes Park,Potchefstroom,,,,,,,Match abandoned without a ball being bowled (no toss),,,1,0,21233.0,,,,,,,cricbuzz,cricbuzz,21233,senwes
2018-19,T20 Challenge,2753.0,21231,2019-04-22 12:30,19th Match,complete,WAR,TIT,WARRIORS,TITANS,Buffalo Park,East London,,,,,,,Match abandoned without a ball being bowled (no toss),,,1,0,21231.0,,,,,,,cricbuzz,cricbuzz,21231,buffalo
2018-19,T20 Challenge,2753.0,21235,2019-04-24 16:00,23rd Match,complete,KNG,DOL,KNIGHTS,DOLPHINS,Mangaung Oval,Bloemfontein,,,,,,,Match abandoned without a ball bowled due to wet outfield,,,1,0,21235.0,,,,,,,cricbuzz,cricbuzz,21235,mangaung
2018-19,T20 Challenge,2753.0,21236,2019-04-24 16:00,24th Match,complete,LIONS,WAR,LIONS,WARRIORS,The Wanderers Stadium,Johannesburg,144.0,6.0,20.0,145.0,1.0,14.3,Warriors won by 9 wkts,WAR,LIONS,0,0,21236.0,1157247,,WAR,field,,,cricbuzz,cricbuzz|cricsheet,21236,wanderers
2018-19,T20 Challenge,2753.0,21234,2019-04-24 16:00,22nd Match,complete,WPR,TIT,CAPE COBRAS,TITANS,Boland Park,Paarl,,,,183.0,7.0,18.5,Cape Cobras won by 3 wkts,WPR,TIT,0,0,21234.0,1157245,,WPR,field,,,cricbuzz,cricbuzz|cricsheet,21234,bolandpark
2018-19,T20 Challenge,2753.0,21239,2019-04-26 16:00,27th Match,complete,TIT,KNG,TITANS,KNIGHTS,SuperSport Park,Centurion,150.0,4.0,19.2,148.0,8.0,20.0,Titans won by 6 wkts,TIT,KNG,0,0,21239.0,1157250,,TIT,field,,,cricbuzz,cricbuzz|cricsheet,21239,supersport
2018-19,T20 Challenge,2753.0,21237,2019-04-26 16:00,25th Match,complete,WPR,LIONS,CAPE COBRAS,LIONS,Newlands,Cape Town,,,,134.0,4.0,15.5,Lions won by 6 wkts,LIONS,WPR,0,0,21237.0,1157248,,LIONS,field,,,cricbuzz,cricbuzz|cricsheet,21237,newlands
2018-19,T20 Challenge,2753.0,21238,2019-04-26 16:00,26th Match,complete,WAR,DOL,WARRIORS,DOLPHINS,St George's Park,Gqeberha,153.0,7.0,20.0,154.0,3.0,18.2,Dolphins won by 7 wkts,DOL,WAR,0,0,21238.0,1157249,,DOL,field,,,cricbuzz,cricbuzz|cricsheet,21238,stgeorge
2018-19,T20 Challenge,2753.0,21241,2019-04-28 12:30,29th Match,complete,DOL,WPR,DOLPHINS,CAPE COBRAS,Kingsmead,Durban,124.0,5.0,15.1,121.0,7.0,20.0,Dolphins won by 5 wkts,DOL,WPR,0,0,21241.0,1157252,,WPR,bat,,,cricbuzz,cricbuzz|cricsheet,21241,kingsmead
2018-19,T20 Challenge,2753.0,21242,2019-04-28 12:30,30th Match,complete,TIT,LIONS,TITANS,LIONS,SuperSport Park,Centurion,148.0,7.0,20.0,149.0,6.0,19.0,Lions won by 4 wkts,LIONS,TIT,0,0,21242.0,1157253,,LIONS,field,,,cricbuzz,cricbuzz|cricsheet,21242,supersport
2018-19,T20 Challenge,2753.0,21240,2019-04-28 12:30,28th Match,complete,WAR,KNG,WARRIORS,KNIGHTS,Buffalo Park,East London,99.0,6.0,17.1,96.0,7.0,20.0,Warriors won by 4 wkts,WAR,KNG,0,0,21240.0,,,,,,,cricbuzz,cricbuzz,21240,buffalo
2018-19,T20 Challenge,2753.0,21243,2019-05-01 10:00,1st Semi-Final,complete,LIONS,DOL,LIONS,DOLPHINS,The Wanderers Stadium,Johannesburg,164.0,2.0,18.4,163.0,8.0,20.0,Lions won by 8 wkts,LIONS,DOL,0,0,21243.0,1157254,,LIONS,field,,,cricbuzz,cricbuzz|cricsheet,21243,wanderers
2018-19,T20 Challenge,2753.0,21244,2019-05-01 14:30,2nd Semi-Final,complete,WAR,WPR,WARRIORS,CAPE COBRAS,Buffalo Park,East London,172.0,7.0,20.0,157.0,8.0,20.0,Warriors won by 15 runs,WAR,WAR,0,0,21244.0,1157255,,WPR,field,,,cricbuzz,cricbuzz|cricsheet,21244,buffalo
2018-19,T20 Challenge,2753.0,21245,2019-05-05 12:30,Final,complete,LIONS,WAR,LIONS,WARRIORS,The Wanderers Stadium,Johannesburg,203.0,4.0,20.0,192.0,10.0,19.2,Lions won by 11 runs,LIONS,LIONS,0,0,21245.0,1157256,,WAR,field,,,cricbuzz,cricbuzz|cricsheet,21245,wanderers
2020-21,T20 Challenge,3315.0,31430,2021-02-19 08:00,1st Match,complete,TIT,KNG,TITANS,KNIGHTS,Kingsmead,Durban,120.0,4.0,17.1,116.0,10.0,16.2,Titans won by 6 wkts,TIT,KNG,0,0,31430.0,1235387,,KNG,bat,,,cricbuzz,cricbuzz|cricsheet,31430,kingsmead
2020-21,T20 Challenge,3315.0,31435,2021-02-19 12:30,2nd Match,complete,DOL,WPR,DOLPHINS,CAPE COBRAS,Kingsmead,Durban,155.0,8.0,20.0,141.0,7.0,20.0,Dolphins won by 14 runs,DOL,DOL,0,0,31435.0,1235379,,DOL,bat,,,cricbuzz,cricbuzz|cricsheet,31435,kingsmead
2020-21,T20 Challenge,3315.0,31440,2021-02-20 08:00,3rd Match,complete,LIONS,WAR,LIONS,WARRIORS,Kingsmead,Durban,159.0,6.0,19.2,157.0,10.0,19.5,Lions won by 4 wkts,LIONS,WAR,0,0,31440.0,,,,,,,cricbuzz,cricbuzz,31440,kingsmead
2020-21,T20 Challenge,3315.0,31444,2021-02-20 12:30,4th Match,complete,KNG,DOL,KNIGHTS,DOLPHINS,Kingsmead,Durban,144.0,5.0,20.0,145.0,6.0,18.1,Dolphins won by 4 wkts,DOL,KNG,0,0,31444.0,1235381,,KNG,bat,,,cricbuzz,cricbuzz|cricsheet,31444,kingsmead
2020-21,T20 Challenge,3315.0,31449,2021-02-21 08:00,5th Match,complete,WPR,TIT,CAPE COBRAS,TITANS,Kingsmead,Durban,,,,132.0,10.0,20.0,Titans won by 16 runs,TIT,TIT,0,0,31449.0,1235380,,TIT,bat,,,cricbuzz,cricbuzz|cricsheet,31449,kingsmead
2020-21,T20 Challenge,3315.0,31454,2021-02-21 12:30,6th Match,complete,WAR,DOL,WARRIORS,DOLPHINS,Kingsmead,Durban,143.0,5.0,20.0,128.0,2.0,18.0,"Dolphins won by 3 runs(DLS Method, due to rain)",DOL,WAR,0,0,31454.0,1235385,,WAR,bat,,,cricbuzz,cricbuzz|cricsheet,31454,kingsmead
2020-21,T20 Challenge,3315.0,31455,2021-02-22 08:00,7th Match,complete,KNG,WPR,KNIGHTS,CAPE COBRAS,Kingsmead,Durban,169.0,7.0,20.0,167.0,5.0,20.0,Knights won by 3 wkts,KNG,WPR,0,0,31455.0,1235374,,WPR,bat,,,cricbuzz,cricbuzz|cricsheet,31455,kingsmead
2020-21,T20 Challenge,3315.0,31459,2021-02-22 12:30,8th Match,complete,TIT,LIONS,TITANS,LIONS,Kingsmead,Durban,112.0,8.0,15.0,124.0,4.0,16.2,Lions won by 18 runs - 2nd Innings reduced to 15 overs target 131 (DLS method),LIONS,LIONS,0,0,31459.0,1235384,,LIONS,bat,,,cricbuzz,cricbuzz|cricsheet,31459,kingsmead
2020-21,T20 Challenge,3315.0,31460,2021-02-23 08:00,9th Match,complete,WAR,WPR,WARRIORS,CAPE COBRAS,Kingsmead,Durban,157.0,10.0,19.2,181.0,5.0,20.0,Cape Cobras won by 24 runs,WPR,WPR,0,0,31460.0,1235376,,WAR,field,,,cricbuzz,cricbuzz|cricsheet,31460,kingsmead
2020-21,T20 Challenge,3315.0,31465,2021-02-23 12:30,10th Match,complete,LIONS,KNG,LIONS,KNIGHTS,Kingsmead,Durban,110.0,3.0,18.1,106.0,10.0,20.0,Lions won by 7 wkts,LIONS,KNG,0,0,31465.0,1235378,,KNG,bat,,,cricbuzz,cricbuzz|cricsheet,31465,kingsmead
2020-21,T20 Challenge,3315.0,31470,2021-02-24 08:00,11th Match,complete,TIT,WAR,TITANS,WARRIORS,Kingsmead,Durban,114.0,9.0,20.0,157.0,9.0,20.0,Warriors won by 43 runs,WAR,WAR,0,0,31470.0,1235373,,WAR,bat,,,cricbuzz,cricbuzz|cricsheet,31470,kingsmead
2020-21,T20 Challenge,3315.0,31474,2021-02-24 12:30,12th Match,complete,DOL,LIONS,DOLPHINS,LIONS,Kingsmead,Durban,151.0,4.0,20.0,110.0,10.0,19.3,Dolphins won by 41 runs,DOL,DOL,0,0,31474.0,1235375,,DOL,bat,,,cricbuzz,cricbuzz|cricsheet,31474,kingsmead
2020-21,T20 Challenge,3315.0,31479,2021-02-25 12:30,13th Match,complete,WAR,KNG,WARRIORS,KNIGHTS,Kingsmead,Durban,157.0,8.0,20.0,143.0,10.0,20.0,Warriors won by 14 runs,WAR,WAR,0,0,31479.0,1235383,,KNG,field,,,cricbuzz,cricbuzz|cricsheet,31479,kingsmead
2020-21,T20 Challenge,3315.0,31484,2021-02-26 08:00,14th Match,complete,WPR,LIONS,CAPE COBRAS,LIONS,Kingsmead,Durban,,,,147.0,3.0,19.3,Lions won by 7 wkts,LIONS,WPR,0,0,31484.0,1235386,,WPR,bat,,,cricbuzz,cricbuzz|cricsheet,31484,kingsmead
2020-21,T20 Challenge,3315.0,31485,2021-02-26 12:30,15th Match,complete,DOL,TIT,DOLPHINS,TITANS,Kingsmead,Durban,151.0,6.0,20.0,144.0,6.0,20.0,Dolphins won by 7 runs,DOL,DOL,0,0,31485.0,1235377,,DOL,bat,,,cricbuzz,cricbuzz|cricsheet,31485,kingsmead
2020-21,T20 Challenge,3315.0,31489,2021-02-27 12:30,Play-off,complete,LIONS,WAR,LIONS,WARRIORS,Kingsmead,Durban,142.0,3.0,19.1,141.0,6.0,20.0,Lions won by 7 wkts,LIONS,WAR,0,0,31489.0,1250546,,WAR,bat,,,cricbuzz,cricbuzz|cricsheet,31489,kingsmead
2020-21,T20 Challenge,3315.0,35098,2021-02-28 13:00,Final,complete,DOL,LIONS,DOLPHINS,LIONS,Kingsmead,Durban,107.0,7.0,20.0,108.0,6.0,19.0,Lions won by 4 wkts,LIONS,DOL,0,0,35098.0,1250547,,DOL,bat,,,cricbuzz,cricbuzz|cricsheet,35098,kingsmead
2021-22,T20 Challenge,4006.0,43976,2022-02-07 08:00,1st Match,complete,WPR,BOL,WESTERN PROVINCE,ROCKS,St George's Park,Gqeberha,143.0,4.0,17.0,142.0,6.0,20.0,Western Province won by 6 wkts,WPR,BOL,0,0,43976.0,1299602,,BOL,bat,,,cricbuzz,cricbuzz|cricsheet,43976,stgeorge
2021-22,T20 Challenge,4006.0,43981,2022-02-07 12:30,2nd Match,complete,TIT,WAR,TITANS,WARRIORS,St George's Park,Gqeberha,155.0,8.0,20.0,163.0,8.0,20.0,Warriors won by 8 runs,WAR,WAR,0,0,43981.0,1299603,,TIT,field,,,cricbuzz,cricbuzz|cricsheet,43981,stgeorge
2021-22,T20 Challenge,4006.0,43986,2022-02-08 08:00,3rd Match,complete,LIONS,NWEST,LIONS,NORTH WEST - EASTVAAL RENAULT DRAGONS,St George's Park,Gqeberha,125.0,5.0,20.0,136.0,6.0,20.0,North West won by 11 runs,NWEST,NWEST,0,0,43986.0,1299604,,LIONS,field,,,cricbuzz,cricbuzz|cricsheet,43986,stgeorge
2021-22,T20 Challenge,4006.0,43991,2022-02-08 12:30,4th Match,complete,KNG,DOL,KNIGHTS,DOLPHINS,St George's Park,Gqeberha,128.0,5.0,20.0,130.0,2.0,18.0,Dolphins won by 8 wkts,DOL,KNG,0,0,43991.0,1299605,,KNG,bat,,,cricbuzz,cricbuzz|cricsheet,43991,stgeorge
2021-22,T20 Challenge,4006.0,43996,2022-02-09 08:00,5th Match,complete,BOL,TIT,ROCKS,TITANS,St George's Park,Gqeberha,155.0,8.0,20.0,158.0,2.0,20.0,Titans won by 3 runs,TIT,TIT,0,0,43996.0,1299606,,BOL,field,,,cricbuzz,cricbuzz|cricsheet,43996,stgeorge
2021-22,T20 Challenge,4006.0,44001,2022-02-09 12:30,6th Match,complete,WPR,WAR,WESTERN PROVINCE,WARRIORS,St George's Park,Gqeberha,164.0,3.0,17.1,163.0,5.0,20.0,Western Province won by 7 wkts,WPR,WAR,0,0,44001.0,1299607,,WAR,bat,,,cricbuzz,cricbuzz|cricsheet,44001,stgeorge
2021-22,T20 Challenge,4006.0,44006,2022-02-10 08:00,7th Match,complete,NWEST,KNG,NORTH WEST - EASTVAAL RENAULT DRAGONS,KNIGHTS,St George's Park,Gqeberha,95.0,2.0,10.1,94.0,9.0,20.0,North West won by 8 wkts,NWEST,KNG,0,0,44006.0,1299608,,NWEST,field,,,cricbuzz,cricbuzz|cricsheet,44006,stgeorge
2021-22,T20 Challenge,4006.0,44011,2022-02-10 12:30,8th Match,complete,DOL,LIONS,DOLPHINS,LIONS,St George's Park,Gqeberha,148.0,8.0,20.0,156.0,8.0,20.0,Lions won by 8 runs,LIONS,LIONS,0,0,44011.0,1299609,,LIONS,bat,,,cricbuzz,cricbuzz|cricsheet,44011,stgeorge
2021-22,T20 Challenge,4006.0,44016,2022-02-12 08:00,9th Match,complete,WAR,DOL,WARRIORS,DOLPHINS,St George's Park,Gqeberha,191.0,6.0,20.0,211.0,5.0,20.0,Dolphins won by 20 runs,DOL,DOL,0,0,44016.0,1299610,,WAR,field,,,cricbuzz,cricbuzz|cricsheet,44016,stgeorge
2021-22,T20 Challenge,4006.0,44021,2022-02-12 12:30,10th Match,complete,KNG,TIT,KNIGHTS,TITANS,St George's Park,Gqeberha,124.0,10.0,19.0,151.0,6.0,20.0,Titans won by 27 runs,TIT,TIT,0,0,44021.0,1299611,,TIT,bat,,,cricbuzz,cricbuzz|cricsheet,44021,stgeorge
2021-22,T20 Challenge,4006.0,44026,2022-02-13 08:00,11th Match,complete,LIONS,WPR,LIONS,WESTERN PROVINCE,St George's Park,Gqeberha,140.0,5.0,20.0,141.0,5.0,19.1,Western Province won by 5 wkts,WPR,LIONS,0,0,44026.0,1299612,,WPR,field,,,cricbuzz,cricbuzz|cricsheet,44026,stgeorge
2021-22,T20 Challenge,4006.0,44031,2022-02-13 12:30,12th Match,complete,BOL,NWEST,ROCKS,NORTH WEST - EASTVAAL RENAULT DRAGONS,St George's Park,Gqeberha,182.0,6.0,20.0,182.0,3.0,20.0,Match tied (Rocks won the Super Over),BOL,BOL,0,1,44031.0,1299613,,BOL,bat,,,cricbuzz,cricbuzz|cricsheet,44031,stgeorge
2021-22,T20 Challenge,4006.0,44036,2022-02-14 08:00,13th Match,complete,TIT,DOL,TITANS,DOLPHINS,St George's Park,Gqeberha,137.0,3.0,16.3,134.0,4.0,19.0,Titans won by 7 wkts,TIT,DOL,0,0,44036.0,1299614,,TIT,field,,,cricbuzz,cricbuzz|cricsheet,44036,stgeorge
2021-22,T20 Challenge,4006.0,44041,2022-02-14 12:30,14th Match,complete,KNG,WAR,KNIGHTS,WARRIORS,St George's Park,Gqeberha,173.0,1.0,18.4,170.0,5.0,20.0,Knights won by 9 wkts,KNG,WAR,0,0,44041.0,1299615,,WAR,bat,,,cricbuzz,cricbuzz|cricsheet,44041,stgeorge
2021-22,T20 Challenge,4006.0,44046,2022-02-15 08:00,15th Match,complete,BOL,LIONS,ROCKS,LIONS,St George's Park,Gqeberha,160.0,4.0,20.0,116.0,10.0,17.2,Rocks won by 44 runs,BOL,BOL,0,0,44046.0,1299616,,LIONS,field,,,cricbuzz,cricbuzz|cricsheet,44046,stgeorge
2021-22,T20 Challenge,4006.0,44051,2022-02-15 12:30,16th Match,complete,NWEST,WPR,NORTH WEST - EASTVAAL RENAULT DRAGONS,WESTERN PROVINCE,St George's Park,Gqeberha,80.0,10.0,17.4,164.0,8.0,20.0,Western Province won by 84 runs,WPR,WPR,0,0,44051.0,1299617,,WPR,bat,,,cricbuzz,cricbuzz|cricsheet,44051,stgeorge
2021-22,T20 Challenge,4006.0,44056,2022-02-17 08:00,17th Match,complete,TIT,LIONS,TITANS,LIONS,St George's Park,Gqeberha,152.0,3.0,18.1,148.0,6.0,20.0,Titans won by 7 wkts,TIT,LIONS,0,0,44056.0,1299618,,LIONS,bat,,,cricbuzz,cricbuzz|cricsheet,44056,stgeorge
2021-22,T20 Challenge,4006.0,44061,2022-02-17 12:30,18th Match,complete,WAR,BOL,WARRIORS,ROCKS,St George's Park,Gqeberha,156.0,6.0,20.0,160.0,7.0,19.4,Rocks won by 3 wkts,BOL,WAR,0,0,44061.0,1299619,,WAR,bat,,,cricbuzz,cricbuzz|cricsheet,44061,stgeorge
2021-22,T20 Challenge,4006.0,44066,2022-02-18 08:00,19th Match,complete,KNG,WPR,KNIGHTS,WESTERN PROVINCE,St George's Park,Gqeberha,126.0,8.0,20.0,130.0,4.0,15.5,Western Province won by 6 wkts,WPR,KNG,0,0,44066.0,1299620,,WPR,field,,,cricbuzz,cricbuzz|cricsheet,44066,stgeorge
2021-22,T20 Challenge,4006.0,44071,2022-02-18 12:30,20th Match,complete,DOL,NWEST,DOLPHINS,NORTH WEST - EASTVAAL RENAULT DRAGONS,St George's Park,Gqeberha,136.0,3.0,18.4,135.0,8.0,20.0,Dolphins won by 7 wkts,DOL,NWEST,0,0,44071.0,1299621,,DOL,field,,,cricbuzz,cricbuzz|cricsheet,44071,stgeorge
2021-22,T20 Challenge,4006.0,44076,2022-02-19 08:00,21st Match,complete,WPR,TIT,WESTERN PROVINCE,TITANS,St George's Park,Gqeberha,140.0,5.0,20.0,144.0,3.0,19.3,Titans won by 7 wkts,TIT,WPR,0,0,44076.0,1299622,,TIT,field,,,cricbuzz,cricbuzz|cricsheet,44076,stgeorge
2021-22,T20 Challenge,4006.0,44081,2022-02-19 12:30,22nd Match,complete,WAR,LIONS,WARRIORS,LIONS,St George's Park,Gqeberha,144.0,5.0,15.5,142.0,6.0,20.0,Warriors won by 5 wkts,WAR,LIONS,0,0,44081.0,1299623,,WAR,field,,,cricbuzz,cricbuzz|cricsheet,44081,stgeorge
2021-22,T20 Challenge,4006.0,44086,2022-02-20 08:00,23rd Match,complete,DOL,BOL,DOLPHINS,ROCKS,St George's Park,Gqeberha,111.0,9.0,20.0,119.0,9.0,20.0,Rocks won by 8 runs,BOL,BOL,0,0,44086.0,1299624,,DOL,field,,,cricbuzz,cricbuzz|cricsheet,44086,stgeorge
2021-22,T20 Challenge,4006.0,44091,2022-02-20 12:30,24th Match,complete,LIONS,KNG,LIONS,KNIGHTS,St George's Park,Gqeberha,130.0,5.0,19.1,127.0,8.0,20.0,Lions won by 5 wkts,LIONS,KNG,0,0,44091.0,1299625,,KNG,bat,,,cricbuzz,cricbuzz|cricsheet,44091,stgeorge
2021-22,T20 Challenge,4006.0,44096,2022-02-22 08:00,25th Match,complete,NWEST,TIT,NORTH WEST - EASTVAAL RENAULT DRAGONS,TITANS,St George's Park,Gqeberha,134.0,7.0,20.0,167.0,4.0,20.0,Titans won by 33 runs,TIT,TIT,0,0,44096.0,1299626,,NWEST,field,,,cricbuzz,cricbuzz|cricsheet,44096,stgeorge
2021-22,T20 Challenge,4006.0,44101,2022-02-22 12:30,26th Match,complete,BOL,KNG,ROCKS,KNIGHTS,St George's Park,Gqeberha,161.0,2.0,20.0,164.0,6.0,20.0,Knights won by 3 runs,KNG,KNG,0,0,44101.0,1299627,,KNG,bat,,,cricbuzz,cricbuzz|cricsheet,44101,stgeorge
2021-22,T20 Challenge,4006.0,44106,2022-02-23 08:00,27th Match,complete,WPR,DOL,WESTERN PROVINCE,DOLPHINS,St George's Park,Gqeberha,83.0,10.0,15.4,148.0,5.0,20.0,Dolphins won by 65 runs,DOL,DOL,0,0,44106.0,1299628,,WPR,field,,,cricbuzz,cricbuzz|cricsheet,44106,stgeorge
2021-22,T20 Challenge,4006.0,44111,2022-02-23 12:30,28th Match,complete,WAR,NWEST,WARRIORS,NORTH WEST - EASTVAAL RENAULT DRAGONS,St George's Park,Gqeberha,159.0,9.0,20.0,169.0,5.0,20.0,North West won by 10 runs,NWEST,NWEST,0,0,44111.0,1299629,,NWEST,bat,,,cricbuzz,cricbuzz|cricsheet,44111,stgeorge
2021-22,T20 Challenge,4006.0,44116,2022-02-25 08:00,1st Semi Final,complete,TIT,DOL,TITANS,DOLPHINS,St George's Park,Gqeberha,94.0,4.0,14.1,93.0,8.0,20.0,Titans won by 6 wkts,TIT,DOL,0,0,44116.0,1299630,,TIT,field,,,cricbuzz,cricbuzz|cricsheet,44116,stgeorge
2021-22,T20 Challenge,4006.0,44121,2022-02-25 12:30,2nd Semi Final,complete,WPR,BOL,WESTERN PROVINCE,ROCKS,St George's Park,Gqeberha,118.0,10.0,19.5,121.0,3.0,18.1,Rocks won by 7 wkts,BOL,WPR,0,0,44121.0,1299631,,WPR,bat,,,cricbuzz,cricbuzz|cricsheet,44121,stgeorge
2021-22,T20 Challenge,4006.0,44126,2022-02-27 11:00,Final,complete,TIT,BOL,TITANS,ROCKS,St George's Park,Gqeberha,123.0,9.0,20.0,138.0,6.0,20.0,Rocks won by 15 runs,BOL,BOL,0,0,44126.0,1299632,,BOL,bat,,,cricbuzz,cricbuzz|cricsheet,44126,stgeorge
2022-23,T20 Challenge,4744.0,53588,2022-10-17 12:30,1st Match,complete,DOL,TIT,DOLPHINS,TITANS,Senwes Park,Potchefstroom,134.0,10.0,18.4,168.0,6.0,20.0,Titans won by 34 runs,TIT,TIT,0,0,53588.0,1334891,,DOL,field,,,cricbuzz,cricbuzz|cricsheet,53588,senwes
2022-23,T20 Challenge,4744.0,53595,2022-10-17 16:00,2nd Match,complete,NWEST,LIONS,NORTH WEST - EASTVAAL RENAULT DRAGONS,LIONS,Senwes Park,Potchefstroom,175.0,6.0,19.1,174.0,6.0,20.0,North West won by 4 wkts,NWEST,LIONS,0,0,53595.0,1334892,,NWEST,field,,,cricbuzz,cricbuzz|cricsheet,53595,senwes
2022-23,T20 Challenge,4744.0,53602,2022-10-18 12:30,3rd Match,complete,WAR,KNG,WARRIORS,KNIGHTS,Senwes Park,Potchefstroom,134.0,9.0,20.0,21.0,3.0,2.5,No result due to bad weather,WAR,WAR,1,0,53602.0,1334893,,KNG,field,,,cricbuzz,cricbuzz|cricsheet,53602,senwes
2022-23,T20 Challenge,4744.0,53609,2022-10-18 16:00,4th Match,complete,BOL,WPR,ROCKS,WESTERN PROVINCE,Senwes Park,Potchefstroom,159.0,5.0,16.1,155.0,7.0,20.0,Rocks won by 5 wkts,BOL,WPR,0,0,53609.0,1334894,,BOL,field,,,cricbuzz,cricbuzz|cricsheet,53609,senwes
2022-23,T20 Challenge,4744.0,53616,2022-10-19 12:30,5th Match,complete,LIONS,TIT,LIONS,TITANS,Senwes Park,Potchefstroom,119.0,10.0,20.0,190.0,6.0,20.0,Titans won by 71 runs,TIT,TIT,0,0,53616.0,1334895,,LIONS,field,,,cricbuzz,cricbuzz|cricsheet,53616,senwes
2022-23,T20 Challenge,4744.0,53623,2022-10-19 16:00,6th Match,complete,NWEST,DOL,NORTH WEST - EASTVAAL RENAULT DRAGONS,DOLPHINS,Senwes Park,Potchefstroom,133.0,9.0,20.0,163.0,5.0,20.0,Dolphins won by 30 runs,DOL,DOL,0,0,53623.0,1334896,,NWEST,field,,,cricbuzz,cricbuzz|cricsheet,53623,senwes
2022-23,T20 Challenge,4744.0,53630,2022-10-20 12:30,7th Match,complete,WPR,KNG,WESTERN PROVINCE,KNIGHTS,Senwes Park,Potchefstroom,42.0,2.0,5.4,119.0,1.0,13.5,Knights won by 9 wkts,KNG,WPR,0,0,53630.0,1334897,,WPR,bat,,,cricbuzz,cricbuzz|cricsheet,53630,senwes
2022-23,T20 Challenge,4744.0,53632,2022-10-20 16:00,8th Match,complete,BOL,WAR,ROCKS,WARRIORS,Senwes Park,Potchefstroom,162.0,6.0,20.0,165.0,4.0,20.0,Warriors won by 3 runs,WAR,WAR,0,0,53632.0,1334898,,BOL,field,,,cricbuzz,cricbuzz|cricsheet,53632,senwes
2022-23,T20 Challenge,4744.0,53637,2022-10-21 12:30,9th Match,complete,TIT,WPR,TITANS,WESTERN PROVINCE,Senwes Park,Potchefstroom,108.0,7.0,13.0,95.0,8.0,13.0,Titans won by 16 runs (DLS method),TIT,TIT,0,0,53637.0,1334899,,TIT,bat,,,cricbuzz,cricbuzz|cricsheet,53637,senwes
2022-23,T20 Challenge,4744.0,53644,2022-10-21 16:00,10th Match,complete,LIONS,WAR,LIONS,WARRIORS,Senwes Park,Potchefstroom,100.0,3.0,10.3,106.0,4.0,17.0,Lions won by 7 wkts (DLS method),LIONS,WAR,0,0,53644.0,1334900,,LIONS,field,,,cricbuzz,cricbuzz|cricsheet,53644,senwes
2022-23,T20 Challenge,4744.0,53646,2022-10-22 08:00,11th Match,complete,BOL,DOL,ROCKS,DOLPHINS,Senwes Park,Potchefstroom,87.0,3.0,11.2,136.0,7.0,20.0,Rocks won by 7 wkts (DLS method),BOL,DOL,0,0,53646.0,1334901,,BOL,field,,,cricbuzz,cricbuzz|cricsheet,53646,senwes
2022-23,T20 Challenge,4744.0,53651,2022-10-22 12:30,12th Match,complete,TIT,NWEST,TITANS,NORTH WEST - EASTVAAL RENAULT DRAGONS,Senwes Park,Potchefstroom,135.0,5.0,17.3,134.0,8.0,20.0,Titans won by 5 wkts,TIT,NWEST,0,0,53651.0,1334902,,NWEST,bat,,,cricbuzz,cricbuzz|cricsheet,53651,senwes
2022-23,T20 Challenge,4744.0,53653,2022-10-23 08:00,13th Match,complete,KNG,LIONS,KNIGHTS,LIONS,Senwes Park,Potchefstroom,158.0,9.0,20.0,,,,No result (due to rain),,KNG,1,0,53653.0,1334903,,LIONS,field,,,cricbuzz,cricbuzz|cricsheet,53653,senwes
2022-23,T20 Challenge,4744.0,53660,2022-10-23 12:30,14th Match,complete,WAR,WPR,WARRIORS,WESTERN PROVINCE,Senwes Park,Potchefstroom,,,,,,,Match abandoned without a ball being bowled due to rain (no toss),,,1,0,53660.0,,,,,,,cricbuzz,cricbuzz,53660,senwes
2022-23,T20 Challenge,4744.0,53667,2022-10-25 12:30,15th Match,complete,DOL,WAR,DOLPHINS,WARRIORS,Senwes Park,Potchefstroom,191.0,4.0,20.0,68.0,10.0,13.2,Dolphins won by 123 runs,DOL,DOL,0,0,53667.0,,,,,,,cricbuzz,cricbuzz,53667,senwes
2022-23,T20 Challenge,4744.0,53674,2022-10-25 16:00,16th Match,complete,TIT,BOL,TITANS,ROCKS,Senwes Park,Potchefstroom,103.0,7.0,17.0,121.0,8.0,20.0,Rocks won by 4 runs (DLS Method),BOL,BOL,0,0,53674.0,1334906,,TIT,field,,,cricbuzz,cricbuzz|cricsheet,53674,senwes
2022-23,T20 Challenge,4744.0,53679,2022-10-26 12:30,17th Match,complete,LIONS,DOL,LIONS,DOLPHINS,Senwes Park,Potchefstroom,163.0,6.0,20.0,167.0,1.0,18.2,Dolphins won by 9 wkts,DOL,LIONS,0,0,53679.0,1334907,,LIONS,bat,,,cricbuzz,cricbuzz|cricsheet,53679,senwes
2022-23,T20 Challenge,4744.0,53686,2022-10-26 16:00,18th Match,complete,KNG,BOL,KNIGHTS,ROCKS,Senwes Park,Potchefstroom,179.0,6.0,20.0,175.0,10.0,19.4,Knights won by 4 runs,KNG,KNG,0,0,53686.0,1334908,,BOL,field,,,cricbuzz,cricbuzz|cricsheet,53686,senwes
2022-23,T20 Challenge,4744.0,53693,2022-10-27 16:00,19th Match,complete,WPR,NWEST,WESTERN PROVINCE,NORTH WEST - EASTVAAL RENAULT DRAGONS,Senwes Park,Potchefstroom,164.0,5.0,18.0,137.0,6.0,18.0,Western Province won by 27 runs,WPR,WPR,0,0,53693.0,1334909,,NWEST,field,,,cricbuzz,cricbuzz|cricsheet,53693,senwes
2022-23,T20 Challenge,4744.0,53695,2022-10-28 12:30,20th Match,complete,WAR,TIT,WARRIORS,TITANS,Senwes Park,Potchefstroom,119.0,7.0,20.0,120.0,8.0,19.3,Titans won by 2 wkts,TIT,WAR,0,0,53695.0,1334910,,WAR,bat,,,cricbuzz,cricbuzz|cricsheet,53695,senwes
2022-23,T20 Challenge,4744.0,53700,2022-10-28 16:00,21st Match,complete,DOL,KNG,DOLPHINS,KNIGHTS,Senwes Park,Potchefstroom,,,,100.0,9.0,17.1,No result due to rain,,KNG,1,0,53700.0,1334911,,DOL,field,,,cricbuzz,cricbuzz|cricsheet,53700,senwes
2022-23,T20 Challenge,4744.0,53702,2022-10-29 08:00,22nd Match,complete,NWEST,BOL,NORTH WEST - EASTVAAL RENAULT DRAGONS,ROCKS,Senwes Park,Potchefstroom,150.0,5.0,20.0,134.0,5.0,15.1,Rocks won by 5 wkts,BOL,NWEST,0,0,53702.0,1334912,,BOL,field,,,cricbuzz,cricbuzz|cricsheet,53702,senwes
2022-23,T20 Challenge,4744.0,53707,2022-10-29 12:30,23rd Match,complete,DOL,WPR,DOLPHINS,WESTERN PROVINCE,Senwes Park,Potchefstroom,76.0,3.0,9.4,73.0,10.0,18.0,Dolphins won by 7 wkts,DOL,WPR,0,0,53707.0,1334913,,WPR,bat,,,cricbuzz,cricbuzz|cricsheet,53707,senwes
2022-23,T20 Challenge,4744.0,53709,2022-10-30 12:30,24th Match,complete,NWEST,WAR,NORTH WEST - EASTVAAL RENAULT DRAGONS,WARRIORS,Senwes Park,Potchefstroom,156.0,7.0,20.0,166.0,4.0,20.0,Warriors won by 10 runs,WAR,WAR,0,0,53709.0,1334914,,WAR,bat,,,cricbuzz,cricbuzz|cricsheet,53709,senwes
2022-23,T20 Challenge,4744.0,53716,2022-10-31 12:30,25th Match,complete,TIT,KNG,TITANS,KNIGHTS,Senwes Park,Potchefstroom,271.0,3.0,20.0,230.0,9.0,20.0,Titans won by 41 runs,TIT,TIT,0,0,53716.0,1334915,,KNG,field,,,cricbuzz,cricbuzz|cricsheet,53716,senwes
2022-23,T20 Challenge,4744.0,53721,2022-10-31 16:00,26th Match,complete,WPR,LIONS,WESTERN PROVINCE,LIONS,Senwes Park,Potchefstroom,128.0,9.0,20.0,160.0,8.0,20.0,Lions won by 32 runs,LIONS,LIONS,0,0,53721.0,1334916,,WPR,field,,,cricbuzz,cricbuzz|cricsheet,53721,senwes
2022-23,T20 Challenge,4744.0,53728,2022-11-01 12:30,27th Match,complete,KNG,NWEST,KNIGHTS,NORTH WEST - EASTVAAL RENAULT DRAGONS,Senwes Park,Potchefstroom,132.0,10.0,16.4,154.0,6.0,20.0,North West won by 22 runs,NWEST,NWEST,0,0,53728.0,1334917,,KNG,field,,,cricbuzz,cricbuzz|cricsheet,53728,senwes
2022-23,T20 Challenge,4744.0,53730,2022-11-01 16:00,28th Match,complete,LIONS,BOL,LIONS,ROCKS,Senwes Park,Potchefstroom,,,,,,,Match abandoned with a toss due to rain,,,1,0,53730.0,,,,,,,cricbuzz,cricbuzz,53730,senwes
2022-23,T20 Challenge,4744.0,53737,2022-11-02 12:30,Semi Final 1,complete,TIT,KNG,TITANS,KNIGHTS,Senwes Park,Potchefstroom,158.0,6.0,20.0,120.0,8.0,20.0,Titans won by 38 runs,TIT,TIT,0,0,53737.0,1334919,,TIT,bat,,,cricbuzz,cricbuzz|cricsheet,53737,senwes
2022-23,T20 Challenge,4744.0,53742,2022-11-02 16:00,Semi Final 2,complete,DOL,BOL,DOLPHINS,ROCKS,Senwes Park,Potchefstroom,146.0,10.0,19.4,126.0,8.0,20.0,Dolphins won by 20 runs,DOL,DOL,0,0,53742.0,1334920,,BOL,field,,,cricbuzz,cricbuzz|cricsheet,53742,senwes
2022-23,T20 Challenge,4744.0,53749,2022-11-05 12:30,Final,complete,TIT,DOL,TITANS,DOLPHINS,Senwes Park,Potchefstroom,165.0,6.0,19.4,162.0,3.0,20.0,Titans won by 4 wkts,TIT,DOL,0,0,53749.0,1334921,,DOL,bat,,,cricbuzz,cricbuzz|cricsheet,53749,senwes
2023-24,T20 Challenge,7663.0,90424,2024-03-08 16:00,1st Match,complete,WAR,KZNIN,WARRIORS,KWAZULU-NATAL INLAND TUSKERS,St George's Park,Gqeberha,125.0,10.0,20.0,88.0,10.0,16.4,Warriors won by 37 runs,WAR,WAR,0,0,90424.0,1394571,,KZNIN,field,,,cricbuzz,cricbuzz|cricsheet,90424,stgeorge
2023-24,T20 Challenge,7663.0,90428,2024-03-08 16:00,2nd Match,complete,DOL,WPR,DOLPHINS,WESTERN PROVINCE,Kingsmead,Durban,146.0,7.0,20.0,148.0,8.0,20.0,Western Province won by 2 runs,WPR,WPR,0,0,90428.0,1394572,,WPR,bat,,,cricbuzz,cricbuzz|cricsheet,90428,kingsmead
2023-24,T20 Challenge,7663.0,90431,2024-03-08 16:00,3rd Match,complete,LIONS,BOL,LIONS,BOLAND,The Wanderers Stadium,Johannesburg,223.0,5.0,20.0,179.0,7.0,20.0,Lions won by 44 runs,LIONS,LIONS,0,0,90431.0,1394573,,BOL,field,,,cricbuzz,cricbuzz|cricsheet,90431,wanderers
2023-24,T20 Challenge,7663.0,90438,2024-03-08 16:00,4th Match,complete,TIT,NWEST,TITANS,NORTH WEST - EASTVAAL RENAULT DRAGONS,SuperSport Park,Centurion,169.0,7.0,20.0,156.0,8.0,20.0,Titans won by 13 runs,TIT,TIT,0,0,90438.0,1394574,,NWEST,field,,,cricbuzz,cricbuzz|cricsheet,90438,supersport
2023-24,T20 Challenge,7663.0,90452,2024-03-10 12:00,8th Match,complete,NWEST,LIONS,NORTH WEST - EASTVAAL RENAULT DRAGONS,LIONS,North-West University No1 Ground,Potchefstroom,103.0,10.0,18.2,104.0,1.0,10.4,Lions won by 9 wkts,LIONS,NWEST,0,0,90452.0,,,,,,,cricbuzz,cricbuzz,90452,
2023-24,T20 Challenge,7663.0,90449,2024-03-10 12:00,7th Match,complete,DOL,WAR,DOLPHINS,WARRIORS,Kingsmead,Durban,121.0,8.0,20.0,123.0,3.0,14.1,Warriors won by 7 wkts,WAR,DOL,0,0,90449.0,,,,,,,cricbuzz,cricbuzz,90449,kingsmead
2023-24,T20 Challenge,7663.0,90445,2024-03-10 12:00,6th Match,complete,WPR,KZNIN,WESTERN PROVINCE,KWAZULU-NATAL INLAND TUSKERS,Newlands,Cape Town,116.0,3.0,12.3,115.0,7.0,20.0,Western Province won by 7 wkts,WPR,KZNIN,0,0,90445.0,,,,,,,cricbuzz,cricbuzz,90445,newlands
2023-24,T20 Challenge,7663.0,90442,2024-03-10 12:00,5th Match,complete,BOL,TIT,BOLAND,TITANS,Boland Park,Paarl,126.0,9.0,20.0,127.0,6.0,19.1,Titans won by 4 wkts,TIT,BOL,0,0,90442.0,,,,,,,cricbuzz,cricbuzz,90442,bolandpark
2023-24,T20 Challenge,7663.0,90463,2024-03-13 16:00,10th Match,complete,DOL,LIONS,DOLPHINS,LIONS,Kingsmead,Durban,159.0,6.0,19.1,155.0,5.0,20.0,Dolphins won by 4 wkts,DOL,LIONS,0,0,90463.0,,,,,,,cricbuzz,cricbuzz,90463,kingsmead
2023-24,T20 Challenge,7663.0,90470,2024-03-13 16:00,11th Match,complete,TIT,WAR,TITANS,WARRIORS,SuperSport Park,Centurion,183.0,7.0,20.0,185.0,5.0,20.0,Warriors won by 2 runs,WAR,WAR,0,0,90470.0,,,,,,,cricbuzz,cricbuzz,90470,supersport
2023-24,T20 Challenge,7663.0,90459,2024-03-13 16:00,9th Match,complete,WPR,NWEST,WESTERN PROVINCE,NORTH WEST - EASTVAAL RENAULT DRAGONS,Newlands,Cape Town,188.0,7.0,20.0,184.0,6.0,20.0,Western Province won by 4 runs,WPR,WPR,0,0,90459.0,,,,,,,cricbuzz,cricbuzz,90459,newlands
2023-24,T20 Challenge,7663.0,90473,2024-03-15 11:00,12th Match,complete,KZNIN,NWEST,KWAZULU-NATAL INLAND TUSKERS,NORTH WEST - EASTVAAL RENAULT DRAGONS,City Oval,Pietermaritzburg,82.0,10.0,14.5,207.0,4.0,20.0,North West won by 125 runs,NWEST,NWEST,0,0,90473.0,,,,,,,cricbuzz,cricbuzz,90473,cityoval
2023-24,T20 Challenge,7663.0,90484,2024-03-15 16:00,14th Match,complete,LIONS,TIT,LIONS,TITANS,The Wanderers Stadium,Johannesburg,183.0,5.0,20.0,182.0,6.0,20.0,Lions won by 1 run,LIONS,LIONS,0,0,90484.0,,,,,,,cricbuzz,cricbuzz,90484,wanderers
2023-24,T20 Challenge,7663.0,90480,2024-03-15 16:00,13th Match,complete,BOL,DOL,BOLAND,DOLPHINS,Boland Park,Paarl,125.0,8.0,20.0,129.0,1.0,14.3,Dolphins won by 9 wkts,DOL,BOL,0,0,90480.0,,,,,,,cricbuzz,cricbuzz,90480,bolandpark
2023-24,T20 Challenge,7663.0,90501,2024-03-17 12:00,17th Match,complete,LIONS,WPR,LIONS,WESTERN PROVINCE,The Wanderers Stadium,Johannesburg,51.0,3.0,7.0,127.0,9.0,20.0,Match tied,WPR,WPR,0,1,90501.0,,,,,,,cricbuzz,cricbuzz,90501,wanderers
2023-24,T20 Challenge,7663.0,90494,2024-03-17 12:00,16th Match,complete,DOL,NWEST,DOLPHINS,NORTH WEST - EASTVAAL RENAULT DRAGONS,Kingsmead,Durban,,,,79.0,4.0,13.2,Rain stops play - North West opt to bat,,NWEST,0,0,90494.0,,,,,,,,cricbuzz,90494,kingsmead
2023-24,T20 Challenge,7663.0,90487,2024-03-17 12:00,15th Match,complete,WAR,BOL,WARRIORS,BOLAND,St George's Park,Gqeberha,165.0,6.0,20.0,117.0,10.0,16.4,Warriors won by 32 runs,WAR,WAR,0,0,90487.0,,,,,,,cricbuzz,cricbuzz,90487,stgeorge
2023-24,T20 Challenge,7663.0,90505,2024-03-20 16:00,18th Match,complete,TIT,DOL,TITANS,DOLPHINS,SuperSport Park,Centurion,152.0,5.0,14.0,183.0,1.0,14.0,Dolphins won by 30 runs,DOL,DOL,0,0,90505.0,,,,,,,cricbuzz,cricbuzz,90505,supersport
2023-24,T20 Challenge,7663.0,90512,2024-03-21 12:00,20th Match,complete,NWEST,BOL,NORTH WEST - EASTVAAL RENAULT DRAGONS,BOLAND,North-West University No1 Ground,Potchefstroom,148.0,3.0,16.5,146.0,6.0,20.0,North West won by 7 wkts,NWEST,BOL,0,0,90512.0,,,,,,,cricbuzz,cricbuzz,90512,
2023-24,T20 Challenge,7663.0,90508,2024-03-21 12:00,19th Match,complete,WAR,WPR,WARRIORS,WESTERN PROVINCE,St George's Park,Gqeberha,151.0,2.0,17.4,149.0,7.0,20.0,Warriors won by 8 wkts,WAR,WPR,0,0,90508.0,,,,,,,cricbuzz,cricbuzz,90508,stgeorge
2023-24,T20 Challenge,7663.0,90515,2024-03-23 12:00,21st Match,complete,TIT,WPR,TITANS,WESTERN PROVINCE,The Wanderers Stadium,Johannesburg,147.0,7.0,20.0,138.0,6.0,19.0,Match tied,TIT,TIT,0,1,90515.0,,,,,,,cricbuzz,cricbuzz,90515,wanderers
2023-24,T20 Challenge,7663.0,90522,2024-03-23 16:00,22nd Match,complete,LIONS,KZNIN,LIONS,KWAZULU-NATAL INLAND TUSKERS,The Wanderers Stadium,Johannesburg,90.0,5.0,15.0,94.0,2.0,11.4,KwaZulu-Natal Inland won by 8 wkts,KZNIN,LIONS,0,0,90522.0,,,,,,,cricbuzz,cricbuzz,90522,wanderers
2023-24,T20 Challenge,7663.0,90529,2024-03-24 08:00,23rd Match,complete,DOL,BOL,DOLPHINS,BOLAND,St George's Park,Gqeberha,158.0,4.0,20.0,163.0,6.0,19.3,Boland won by 4 wkts,BOL,DOL,0,0,90529.0,,,,,,,cricbuzz,cricbuzz,90529,stgeorge
2023-24,T20 Challenge,7663.0,90533,2024-03-24 12:00,24th Match,complete,WAR,NWEST,WARRIORS,NORTH WEST - EASTVAAL RENAULT DRAGONS,St George's Park,Gqeberha,186.0,5.0,20.0,162.0,9.0,20.0,Warriors won by 24 runs,WAR,WAR,0,0,90533.0,,,,,,,cricbuzz,cricbuzz,90533,stgeorge
2023-24,T20 Challenge,7663.0,90540,2024-03-27 11:00,25th Match,complete,KZNIN,WPR,KWAZULU-NATAL INLAND TUSKERS,WESTERN PROVINCE,City Oval,Pietermaritzburg,160.0,7.0,20.0,208.0,6.0,20.0,Western Province won by 48 runs,WPR,WPR,0,0,90540.0,,,,,,,cricbuzz,cricbuzz,90540,cityoval
2023-24,T20 Challenge,7663.0,90543,2024-03-27 16:00,26th Match,complete,LIONS,WAR,LIONS,WARRIORS,The Wanderers Stadium,Johannesburg,171.0,7.0,20.0,173.0,4.0,20.0,Warriors won by 2 runs,WAR,WAR,0,0,90543.0,,,,,,,cricbuzz,cricbuzz,90543,wanderers
2023-24,T20 Challenge,7663.0,90547,2024-03-31 08:00,27th Match,complete,WPR,WAR,WESTERN PROVINCE,WARRIORS,Boland Park,Paarl,142.0,7.0,20.0,145.0,1.0,16.3,Warriors won by 9 wkts,WAR,WPR,0,0,90547.0,,,,,,,cricbuzz,cricbuzz,90547,bolandpark
2023-24,T20 Challenge,7663.0,90554,2024-03-31 12:00,28th Match,complete,BOL,LIONS,BOLAND,LIONS,Boland Park,Paarl,116.0,8.0,20.0,120.0,1.0,17.2,Lions won by 9 wkts,LIONS,BOL,0,0,90554.0,,,,,,,cricbuzz,cricbuzz,90554,bolandpark
2023-24,T20 Challenge,7663.0,90561,2024-04-01 08:00,29th Match,complete,KZNIN,DOL,KWAZULU-NATAL INLAND TUSKERS,DOLPHINS,North-West University No1 Ground,Potchefstroom,132.0,5.0,20.0,151.0,7.0,20.0,Dolphins won by 19 runs,DOL,DOL,0,0,90561.0,,,,,,,cricbuzz,cricbuzz,90561,
2023-24,T20 Challenge,7663.0,90568,2024-04-01 12:00,30th Match,complete,NWEST,TIT,NORTH WEST - EASTVAAL RENAULT DRAGONS,TITANS,North-West University No1 Ground,Potchefstroom,,,,139.0,4.0,17.1,No result,,TIT,1,0,90568.0,,,,,,,cricbuzz,cricbuzz,90568,
2023-24,T20 Challenge,7663.0,90578,2024-04-03 16:00,32nd Match,complete,NWEST,KZNIN,NORTH WEST - EASTVAAL RENAULT DRAGONS,KWAZULU-NATAL INLAND TUSKERS,North-West University No1 Ground,Potchefstroom,,,,,,,Match abandoned without a ball bowled (no toss),,,1,0,90578.0,,,,,,,cricbuzz,cricbuzz,90578,
2023-24,T20 Challenge,7663.0,90575,2024-04-03 16:00,31st Match,complete,WPR,LIONS,WESTERN PROVINCE,LIONS,Newlands,Cape Town,81.0,10.0,14.3,213.0,2.0,20.0,Lions won by 132 runs,LIONS,LIONS,0,0,90575.0,,,,,,,cricbuzz,cricbuzz,90575,newlands
2023-24,T20 Challenge,7663.0,90585,2024-04-05 16:00,33rd Match,complete,BOL,KZNIN,BOLAND,KWAZULU-NATAL INLAND TUSKERS,Boland Park,Paarl,97.0,6.0,15.3,94.0,10.0,20.0,Boland won by 4 wkts,BOL,KZNIN,0,0,90585.0,,,,,,,cricbuzz,cricbuzz,90585,bolandpark
2023-24,T20 Challenge,7663.0,90592,2024-04-05 16:00,34th Match,complete,WAR,TIT,WARRIORS,TITANS,St George's Park,Gqeberha,156.0,7.0,20.0,168.0,9.0,20.0,Titans won by 12 runs,TIT,TIT,0,0,90592.0,,,,,,,cricbuzz,cricbuzz,90592,stgeorge
2023-24,T20 Challenge,7663.0,90596,2024-04-05 16:00,35th Match,complete,LIONS,DOL,LIONS,DOLPHINS,The Wanderers Stadium,Johannesburg,99.0,3.0,8.2,98.0,6.0,9.0,Lions won by 7 wkts,LIONS,DOL,0,0,90596.0,,,,,,,cricbuzz,cricbuzz,90596,wanderers
2023-24,T20 Challenge,7663.0,90603,2024-04-07 11:00,36th Match,complete,KZNIN,TIT,KWAZULU-NATAL INLAND TUSKERS,TITANS,City Oval,Pietermaritzburg,166.0,4.0,17.4,165.0,6.0,20.0,KwaZulu-Natal Inland won by 6 wkts,KZNIN,TIT,0,0,90603.0,,,,,,,cricbuzz,cricbuzz,90603,cityoval
2023-24,T20 Challenge,7663.0,90617,2024-04-07 12:00,38th Match,complete,NWEST,DOL,NORTH WEST - EASTVAAL RENAULT DRAGONS,DOLPHINS,North-West University No1 Ground,Potchefstroom,154.0,9.0,20.0,173.0,8.0,20.0,Dolphins won by 19 runs,DOL,DOL,0,0,90617.0,,,,,,,cricbuzz,cricbuzz,90617,
2023-24,T20 Challenge,7663.0,90610,2024-04-07 12:00,37th Match,complete,WPR,BOL,WESTERN PROVINCE,BOLAND,Newlands,Cape Town,86.0,1.0,9.2,,,,No result,,WPR,1,0,90610.0,,,,,,,cricbuzz,cricbuzz,90610,newlands
2023-24,T20 Challenge,7663.0,90620,2024-04-10 16:00,39th Match,complete,DOL,TIT,DOLPHINS,TITANS,Kingsmead,Durban,127.0,6.0,20.0,100.0,6.0,16.0,Dolphins won by 3runs (DLS method),DOL,DOL,0,0,90620.0,,,,,,,cricbuzz,cricbuzz,90620,kingsmead
2023-24,T20 Challenge,7663.0,90624,2024-04-12 11:30,40th Match,complete,KZNIN,WAR,KWAZULU-NATAL INLAND TUSKERS,WARRIORS,City Oval,Pietermaritzburg,143.0,9.0,20.0,174.0,5.0,20.0,Warriors won by 31 runs,WAR,WAR,0,0,90624.0,,,,,,,cricbuzz,cricbuzz,90624,cityoval
2023-24,T20 Challenge,7663.0,90631,2024-04-12 16:00,41st Match,complete,TIT,BOL,TITANS,BOLAND,SuperSport Park,Centurion,124.0,4.0,13.0,122.0,10.0,18.1,Titans won by 6 wkts,TIT,BOL,0,0,90631.0,,,,,,,cricbuzz,cricbuzz,90631,supersport
2023-24,T20 Challenge,7663.0,90634,2024-04-12 16:00,42nd Match,complete,NWEST,WPR,NORTH WEST - EASTVAAL RENAULT DRAGONS,WESTERN PROVINCE,North-West University No1 Ground,Potchefstroom,155.0,8.0,20.0,144.0,6.0,20.0,North West won by 11 runs,NWEST,NWEST,0,0,90634.0,,,,,,,cricbuzz,cricbuzz,90634,
2023-24,T20 Challenge,7663.0,90641,2024-04-14 12:00,43rd Match,complete,WPR,DOL,WESTERN PROVINCE,DOLPHINS,Newlands,Cape Town,96.0,10.0,17.0,99.0,2.0,11.1,Dolphins won by 8 wkts,DOL,WPR,0,0,90641.0,,,,,,,cricbuzz,cricbuzz,90641,newlands
2023-24,T20 Challenge,7663.0,90652,2024-04-14 12:00,45th Match,complete,TIT,KZNIN,TITANS,KWAZULU-NATAL INLAND TUSKERS,SuperSport Park,Centurion,142.0,2.0,12.3,141.0,10.0,19.4,Titans won by 8 wkts,TIT,KZNIN,0,0,90652.0,,,,,,,cricbuzz,cricbuzz,90652,supersport
2023-24,T20 Challenge,7663.0,90645,2024-04-14 12:00,44th Match,complete,LIONS,NWEST,LIONS,NORTH WEST - EASTVAAL RENAULT DRAGONS,The Wanderers Stadium,Johannesburg,86.0,,9.2,85.0,10.0,18.2,Lions won by 10 wkts,LIONS,NWEST,0,0,90645.0,,,,,,,cricbuzz,cricbuzz,90645,wanderers
2023-24,T20 Challenge,7663.0,90659,2024-04-14 16:00,46th Match,complete,BOL,WAR,BOLAND,WARRIORS,Boland Park,Paarl,128.0,5.0,17.0,127.0,8.0,20.0,Boland won by 5 wkts,BOL,WAR,0,0,90659.0,,,,,,,cricbuzz,cricbuzz,90659,bolandpark
2023-24,T20 Challenge,7663.0,90666,2024-04-17 11:00,47th Match,complete,KZNIN,BOL,KWAZULU-NATAL INLAND TUSKERS,BOLAND,City Oval,Pietermaritzburg,119.0,9.0,20.0,121.0,3.0,17.4,Boland won by 7 wkts,BOL,KZNIN,0,0,90666.0,,,,,,,cricbuzz,cricbuzz,90666,cityoval
2023-24,T20 Challenge,7663.0,90669,2024-04-17 16:00,48th Match,complete,WAR,LIONS,WARRIORS,LIONS,St George's Park,Gqeberha,109.0,10.0,19.1,152.0,9.0,20.0,Lions won by 43 runs,LIONS,LIONS,0,0,90669.0,,,,,,,cricbuzz,cricbuzz,90669,stgeorge
2023-24,T20 Challenge,7663.0,90673,2024-04-19 16:00,49th Match,complete,BOL,WPR,BOLAND,WESTERN PROVINCE,Boland Park,Paarl,110.0,10.0,17.4,173.0,4.0,20.0,Western Province won by 63 runs,WPR,WPR,0,0,90673.0,,,,,,,cricbuzz,cricbuzz,90673,bolandpark
2023-24,T20 Challenge,7663.0,90680,2024-04-19 16:00,50th Match,complete,DOL,KZNIN,DOLPHINS,KWAZULU-NATAL INLAND TUSKERS,Kingsmead,Durban,112.0,2.0,14.1,108.0,10.0,18.3,Dolphins won by 8 wkts,DOL,KZNIN,0,0,90680.0,,,,,,,cricbuzz,cricbuzz,90680,kingsmead
2023-24,T20 Challenge,7663.0,90683,2024-04-19 16:00,51st Match,complete,TIT,LIONS,TITANS,LIONS,SuperSport Park,Centurion,155.0,8.0,20.0,154.0,8.0,20.0,Titans won by 2 wkts,TIT,LIONS,0,0,90683.0,,,,,,,cricbuzz,cricbuzz,90683,supersport
2023-24,T20 Challenge,7663.0,90687,2024-04-19 16:00,52nd Match,complete,NWEST,WAR,NORTH WEST - EASTVAAL RENAULT DRAGONS,WARRIORS,North-West University No1 Ground,Potchefstroom,146.0,4.0,18.3,145.0,7.0,20.0,North West won by 6 wkts,NWEST,WAR,0,0,90687.0,,,,,,,cricbuzz,cricbuzz,90687,
2023-24,T20 Challenge,7663.0,90690,2024-04-21 11:00,53rd Match,complete,KZNIN,LIONS,KWAZULU-NATAL INLAND TUSKERS,LIONS,City Oval,Pietermaritzburg,132.0,9.0,20.0,136.0,3.0,17.3,Lions won by 7 wkts,LIONS,KZNIN,0,0,90690.0,,,,,,,cricbuzz,cricbuzz,90690,cityoval
2023-24,T20 Challenge,7663.0,90697,2024-04-21 12:00,54th Match,complete,WPR,TIT,WESTERN PROVINCE,TITANS,Newlands,Cape Town,113.0,9.0,20.0,114.0,4.0,13.2,Titans won by 6 wkts,TIT,WPR,0,0,90697.0,,,,,,,cricbuzz,cricbuzz,90697,newlands
2023-24,T20 Challenge,7663.0,90704,2024-04-21 12:00,55th Match,complete,WAR,DOL,WARRIORS,DOLPHINS,St George's Park,Gqeberha,130.0,8.0,20.0,131.0,3.0,17.2,Dolphins won by 7 wkts,DOL,WAR,0,0,90704.0,,,,,,,cricbuzz,cricbuzz,90704,stgeorge
2023-24,T20 Challenge,7663.0,90708,2024-04-21 12:00,56th Match,complete,BOL,NWEST,BOLAND,NORTH WEST - EASTVAAL RENAULT DRAGONS,Boland Park,Paarl,143.0,5.0,20.0,149.0,4.0,19.5,North West won by 6 wkts,NWEST,BOL,0,0,90708.0,,,,,,,cricbuzz,cricbuzz,90708,bolandpark
2023-24,T20 Challenge,7663.0,90715,2024-04-24 16:00,1st Semi Final,complete,LIONS,TIT,LIONS,TITANS,New Wanderers No. 1 Oval,Johannesburg,134.0,2.0,14.4,131.0,9.0,18.0,Lions won by 8 wkts,LIONS,TIT,0,0,90715.0,,,,,,,cricbuzz,cricbuzz,90715,wanderers
2023-24,T20 Challenge,7663.0,90722,2024-04-25 16:00,2nd Semi Final,complete,DOL,WAR,DOLPHINS,WARRIORS,Kingsmead,Durban,166.0,5.0,18.0,161.0,4.0,20.0,Dolphins won by 5 wkts,DOL,WAR,0,0,90722.0,,,,,,,cricbuzz,cricbuzz,90722,kingsmead
2023-24,T20 Challenge,7663.0,90729,2024-04-28 12:00,Final,complete,LIONS,DOL,LIONS,DOLPHINS,The Wanderers Stadium,Johannesburg,168.0,3.0,17.4,165.0,8.0,20.0,,LIONS,DOL,0,0,90729.0,,,,,,,cricbuzz,cricbuzz,90729,wanderers
2024-25,T20 Knock-Out,8746.0,105146,2024-09-21 11:00,1st Match,complete,NCAPE,ESTORM,NORTHERN CAPE,EASTERN STORM,Diamond Oval,Kimberley,170.0,6.0,20.0,171.0,6.0,20.0,Eastern Storm won by 1 run,ESTORM,ESTORM,0,0,105146.0,,,,,,,cricbuzz,cricbuzz,105146,diamondoval
2024-25,T20 Knock-Out,8746.0,105148,2024-09-21 11:00,2nd Match,complete,LIMPO,KZNIN,LIMPOPO,TUSKERS,Polokwane Cricket Club,Polokwane,89.0,10.0,16.5,162.0,4.0,20.0,Tuskers won by 73 runs,KZNIN,KZNIN,0,0,105148.0,,,,,,,cricbuzz,cricbuzz,105148,polokwane
2024-25,T20 Knock-Out,8746.0,105154,2024-09-21 11:00,3rd Match,complete,MPR,SWD,MPUMALANGA RHINOS,SOUTH WESTERN DISTRICTS,"Uplands College, White River",Mpumalanga,,,,,,,Match abandoned due to rain (no toss),,,1,0,105154.0,,,,,,,cricbuzz,cricbuzz,105154,uplands
2024-25,T20 Knock-Out,8746.0,105172,2024-09-24 11:00,6th Match,complete,MPR,NCAPE,MPUMALANGA RHINOS,NORTHERN CAPE,"Uplands College, White River",Mpumalanga,184.0,7.0,20.0,202.0,4.0,20.0,Northern Cape won by 18 runs,NCAPE,NCAPE,0,0,105172.0,,,,,,,cricbuzz,cricbuzz,105172,uplands
2024-25,T20 Knock-Out,8746.0,105164,2024-09-24 11:00,5th Match,complete,ESTORM,SWD,EASTERN STORM,SOUTH WESTERN DISTRICTS,Willowmoore Park,Benoni,167.0,7.0,18.3,165.0,4.0,20.0,Eastern Storm won by 3 wkts,ESTORM,SWD,0,0,105164.0,,,,,,,cricbuzz,cricbuzz,105164,willowmoore
2024-25,T20 Knock-Out,8746.0,105162,2024-09-24 11:00,4th Match,complete,BOR,LIMPO,EASTERN CAPE,LIMPOPO,Buffalo Park,East London,166.0,6.0,20.0,188.0,2.0,20.0,Limpopo won by 22 runs,LIMPO,LIMPO,0,0,105162.0,,,,,,,cricbuzz,cricbuzz,105162,buffalo
2024-25,T20 Challenge,8643.0,103384,2024-09-27 16:00,1st Match,complete,LIONS,TIT,LIONS,TITANS,The Wanderers Stadium,Johannesburg,141.0,8.0,20.0,258.0,6.0,20.0,Titans won by 117 runs,TIT,TIT,0,0,103384.0,1444765,,LIONS,field,,,cricbuzz,cricbuzz|cricsheet,103384,wanderers
2024-25,T20 Knock-Out,8746.0,105178,2024-09-28 11:00,7th Match,complete,SWD,LIMPO,SOUTH WESTERN DISTRICTS,LIMPOPO,Recreation Ground,Oudtshoorn,146.0,8.0,20.0,150.0,4.0,15.5,Limpopo won by 6 wkts,LIMPO,SWD,0,0,105178.0,,,,,,,cricbuzz,cricbuzz,105178,recreationground
2024-25,T20 Knock-Out,8746.0,105186,2024-09-28 11:00,8th Match,complete,KZNIN,BOR,TUSKERS,EASTERN CAPE,City Oval,Pietermaritzburg,132.0,6.0,20.0,123.0,9.0,20.0,Tuskers won by 9 runs,KZNIN,KZNIN,0,0,105186.0,,,,,,,cricbuzz,cricbuzz,105186,cityoval
2024-25,T20 Challenge,8643.0,103393,2024-09-28 12:00,2nd Match,complete,KNG,NWEST,KNIGHTS,NORTH WEST - EASTVAAL RENAULT DRAGONS,Mangaung Oval,Bloemfontein,146.0,6.0,18.0,144.0,4.0,18.0,North West won by 3 runs,NWEST,NWEST,0,0,103393.0,1444766,,NWEST,bat,,,cricbuzz,cricbuzz|cricsheet,103393,mangaung
2024-25,T20 Knock-Out,8746.0,105188,2024-09-29 11:00,9th Match,complete,ESTORM,MPR,EASTERN STORM,MPUMALANGA RHINOS,Willowmoore Park,Benoni,171.0,8.0,20.0,148.0,8.0,20.0,Eastern Storm won by 23 runs,ESTORM,ESTORM,0,0,105188.0,,,,,,,cricbuzz,cricbuzz,105188,willowmoore
2024-25,T20 Challenge,8643.0,103404,2024-09-29 12:00,4th Match,complete,WAR,DOL,WARRIORS,DOLPHINS,St George's Park,Gqeberha,163.0,4.0,19.2,162.0,9.0,20.0,Warriors won by 6 wkts,WAR,DOL,0,0,103404.0,1444768,,WAR,field,,,cricbuzz,cricbuzz|cricsheet,103404,stgeorge
2024-25,T20 Challenge,8643.0,103395,2024-09-29 12:00,3rd Match,complete,WPR,BOL,WESTERN PROVINCE,BOLAND,Newlands,Cape Town,,,,,,,Match abandoned without a ball bowled (no toss),,,1,0,103395.0,,,,,,,cricbuzz,cricbuzz,103395,newlands
2024-25,T20 Knock-Out,8746.0,105194,2024-10-02 11:00,10th Match,complete,SWD,KZNIN,SOUTH WESTERN DISTRICTS,TUSKERS,Recreation Ground,Oudtshoorn,156.0,4.0,19.1,153.0,8.0,20.0,South Western Districts won by 6 wkts,SWD,KZNIN,0,0,105194.0,,,,,,,cricbuzz,cricbuzz,105194,recreationground
2024-25,T20 Knock-Out,8746.0,105202,2024-10-02 11:00,11th Match,complete,NCAPE,BOR,NORTHERN CAPE,EASTERN CAPE,Diamond Oval,Kimberley,158.0,8.0,20.0,141.0,8.0,20.0,Northern Cape won by 17 runs,NCAPE,NCAPE,0,0,105202.0,,,,,,,cricbuzz,cricbuzz,105202,diamondoval
2024-25,T20 Knock-Out,8746.0,105210,2024-10-02 11:00,12th Match,complete,LIMPO,ESTORM,LIMPOPO,EASTERN STORM,Polokwane Cricket Club,Polokwane,189.0,6.0,20.0,201.0,4.0,20.0,Eastern Storm won by 12 runs,ESTORM,ESTORM,0,0,105210.0,,,,,,,cricbuzz,cricbuzz,105210,polokwane
2024-25,T20 Challenge,8643.0,103422,2024-10-04 12:00,5th Match,complete,DOL,TIT,DOLPHINS,TITANS,Kingsmead,Durban,159.0,9.0,20.0,210.0,3.0,20.0,Titans won by 51 runs,TIT,TIT,0,0,103422.0,1444770,,DOL,field,,,cricbuzz,cricbuzz|cricsheet,103422,kingsmead
2024-25,T20 Challenge,8643.0,103413,2024-10-04 16:00,6th Match,complete,BOL,KNG,BOLAND,KNIGHTS,Boland Park,Paarl,141.0,10.0,19.5,141.0,4.0,20.0,Match tied (Boland won the Super Over),BOL,BOL,0,1,103413.0,,,,,,,cricbuzz,cricbuzz,103413,bolandpark
2024-25,T20 Challenge,8643.0,103440,2024-10-04 16:00,8th Match,complete,NWEST,WPR,NORTH WEST - EASTVAAL RENAULT DRAGONS,WESTERN PROVINCE,Senwes Park,Potchefstroom,146.0,7.0,19.4,142.0,9.0,20.0,North West won by 3 wkts,NWEST,WPR,0,0,103440.0,1444772,,NWEST,field,,,cricbuzz,cricbuzz|cricsheet,103440,senwes
2024-25,T20 Challenge,8643.0,103431,2024-10-04 16:00,7th Match,complete,LIONS,WAR,LIONS,WARRIORS,The Wanderers Stadium,Johannesburg,239.0,4.0,20.0,177.0,6.0,20.0,Lions won by 62 runs,LIONS,LIONS,0,0,103431.0,,,,,,,cricbuzz,cricbuzz,103431,wanderers
2024-25,T20 Knock-Out,8746.0,105220,2024-10-05 11:00,14th Match,complete,KZNIN,NCAPE,TUSKERS,NORTHERN CAPE,City Oval,Pietermaritzburg,170.0,3.0,20.0,144.0,9.0,20.0,Tuskers won by 26 runs,KZNIN,KZNIN,0,0,105220.0,,,,,,,cricbuzz,cricbuzz,105220,cityoval
2024-25,T20 Knock-Out,8746.0,105218,2024-10-05 11:00,13th Match,complete,BOR,SWD,EASTERN CAPE,SOUTH WESTERN DISTRICTS,Buffalo Park,East London,114.0,9.0,20.0,115.0,2.0,15.5,South Western Districts won by 8 wkts,SWD,BOR,0,0,105218.0,,,,,,,cricbuzz,cricbuzz,105218,buffalo
2024-25,T20 Knock-Out,8746.0,105226,2024-10-06 11:00,15th Match,complete,LIMPO,MPR,LIMPOPO,MPUMALANGA RHINOS,Polokwane Cricket Club,Polokwane,141.0,6.0,20.0,122.0,10.0,19.5,Limpopo won by 19 runs,LIMPO,LIMPO,0,0,105226.0,,,,,,,cricbuzz,cricbuzz,105226,polokwane
2024-25,T20 Challenge,8643.0,103467,2024-10-06 12:00,12th Match,complete,NWEST,BOL,NORTH WEST - EASTVAAL RENAULT DRAGONS,BOLAND,Senwes Park,Potchefstroom,176.0,5.0,20.0,173.0,7.0,20.0,North West won by 3 runs,NWEST,NWEST,0,0,103467.0,1444776,,BOL,field,,,cricbuzz,cricbuzz|cricsheet,103467,senwes
2024-25,T20 Challenge,8643.0,103447,2024-10-06 12:00,9th Match,complete,WAR,KNG,WARRIORS,KNIGHTS,St George's Park,Gqeberha,150.0,6.0,20.0,166.0,9.0,20.0,Knights won by 16 runs,KNG,KNG,0,0,103447.0,1444773,,KNG,bat,,,cricbuzz,cricbuzz|cricsheet,103447,stgeorge
2024-25,T20 Challenge,8643.0,103456,2024-10-06 12:00,10th Match,complete,LIONS,DOL,LIONS,DOLPHINS,The Wanderers Stadium,Johannesburg,156.0,5.0,20.0,147.0,8.0,20.0,Lions won by 9 runs,LIONS,LIONS,0,0,103456.0,1444774,,LIONS,bat,,,cricbuzz,cricbuzz|cricsheet,103456,wanderers
2024-25,T20 Challenge,8643.0,103458,2024-10-06 14:00,11th Match,complete,TIT,WPR,TITANS,WESTERN PROVINCE,SuperSport Park,Centurion,143.0,8.0,20.0,144.0,3.0,15.4,Western Province won by 7 wkts,WPR,TIT,0,0,103458.0,,,,,,,cricbuzz,cricbuzz,103458,supersport
2024-25,T20 Knock-Out,8746.0,105234,2024-10-09 11:00,16th Match,complete,SWD,NCAPE,SOUTH WESTERN DISTRICTS,NORTHERN CAPE,Recreation Ground,Oudtshoorn,141.0,6.0,20.0,132.0,10.0,20.0,South Western Districts won by 9 runs,SWD,SWD,0,0,105234.0,,,,,,,cricbuzz,cricbuzz,105234,recreationground
2024-25,T20 Knock-Out,8746.0,105236,2024-10-09 11:00,17th Match,complete,BOR,ESTORM,EASTERN CAPE,EASTERN STORM,Buffalo Park,East London,163.0,3.0,20.0,165.0,3.0,17.3,Eastern Storm won by 7 wkts,ESTORM,BOR,0,0,105236.0,,,,,,,cricbuzz,cricbuzz,105236,buffalo
2024-25,T20 Knock-Out,8746.0,105242,2024-10-09 11:00,18th Match,complete,KZNIN,MPR,TUSKERS,MPUMALANGA RHINOS,City Oval,Pietermaritzburg,172.0,5.0,20.0,172.0,5.0,20.0,Match tied (Mpumalanga Rhinos won the Super Over),MPR,MPR,0,1,105242.0,,,,,,,cricbuzz,cricbuzz,105242,cityoval
2024-25,T20 Challenge,8643.0,103492,2024-10-09 16:00,16th Match,complete,TIT,BOL,TITANS,BOLAND,SuperSport Park,Centurion,169.0,4.0,15.0,75.0,10.0,13.2,Titans won by 94 runs,TIT,TIT,0,0,103492.0,1444780,,BOL,field,,,cricbuzz,cricbuzz|cricsheet,103492,supersport
2024-25,T20 Challenge,8643.0,103476,2024-10-09 16:00,14th Match,complete,DOL,NWEST,DOLPHINS,NORTH WEST - EASTVAAL RENAULT DRAGONS,Kingsmead,Durban,93.0,10.0,16.5,136.0,7.0,20.0,North West won by 43 runs,NWEST,NWEST,0,0,103476.0,1444778,,DOL,field,,,cricbuzz,cricbuzz|cricsheet,103476,kingsmead
2024-25,T20 Challenge,8643.0,103485,2024-10-09 16:00,15th Match,complete,KNG,LIONS,KNIGHTS,LIONS,Mangaung Oval,Bloemfontein,95.0,10.0,17.5,142.0,7.0,20.0,Lions won by 47 runs,LIONS,LIONS,0,0,103485.0,1444779,,LIONS,bat,,,cricbuzz,cricbuzz|cricsheet,103485,mangaung
2024-25,T20 Challenge,8643.0,103474,2024-10-09 16:00,13th Match,complete,WPR,WAR,WESTERN PROVINCE,WARRIORS,Newlands,Cape Town,148.0,7.0,20.0,150.0,5.0,17.4,Warriors won by 5 wkts,WAR,WPR,0,0,103474.0,1444777,,WPR,bat,,,cricbuzz,cricbuzz|cricsheet,103474,newlands
2024-25,T20 Knock-Out,8746.0,105260,2024-10-12 11:00,21st Match,complete,MPR,BOR,MPUMALANGA RHINOS,EASTERN CAPE,"Uplands College, White River",Mpumalanga,165.0,4.0,18.4,162.0,4.0,20.0,Mpumalanga Rhinos won by 6 wkts,MPR,BOR,0,0,105260.0,,,,,,,cricbuzz,cricbuzz,105260,uplands
2024-25,T20 Knock-Out,8746.0,105252,2024-10-12 11:00,20th Match,complete,ESTORM,KZNIN,EASTERN STORM,TUSKERS,Willowmoore Park,Benoni,143.0,8.0,20.0,144.0,10.0,19.5,Tuskers won by 1 run,KZNIN,KZNIN,0,0,105252.0,,,,,,,cricbuzz,cricbuzz,105252,willowmoore
2024-25,T20 Knock-Out,8746.0,105244,2024-10-12 11:00,19th Match,complete,NCAPE,LIMPO,NORTHERN CAPE,LIMPOPO,Diamond Oval,Kimberley,196.0,4.0,20.0,116.0,10.0,18.0,Northern Cape won by 80 runs,NCAPE,NCAPE,0,0,105244.0,,,,,,,cricbuzz,cricbuzz,105244,diamondoval
2024-25,T20 Challenge,8643.0,103501,2024-10-12 12:00,17th Match,complete,BOL,LIONS,BOLAND,LIONS,Boland Park,Paarl,129.0,7.0,20.0,132.0,4.0,19.4,Lions won by 6 wkts,LIONS,BOL,0,0,103501.0,1444781,,BOL,bat,,,cricbuzz,cricbuzz|cricsheet,103501,bolandpark
2024-25,T20 Challenge,8643.0,103510,2024-10-12 16:00,18th Match,complete,WAR,NWEST,WARRIORS,NORTH WEST - EASTVAAL RENAULT DRAGONS,St George's Park,Gqeberha,221.0,5.0,20.0,200.0,3.0,20.0,Warriors won by 21 runs,WAR,WAR,0,0,103510.0,,,,,,,cricbuzz,cricbuzz,103510,stgeorge
2024-25,T20 Challenge,8643.0,103512,2024-10-13 12:00,"19th Match,",complete,DOL,WPR,DOLPHINS,WESTERN PROVINCE,Kingsmead,Durban,169.0,6.0,19.0,167.0,6.0,20.0,Dolphins won by 4 wkts,DOL,WPR,0,0,103512.0,1444783,,DOL,field,,,cricbuzz,cricbuzz|cricsheet,103512,kingsmead
2024-25,T20 Challenge,8643.0,103521,2024-10-13 12:00,20th Match,complete,TIT,KNG,TITANS,KNIGHTS,SuperSport Park,Centurion,191.0,6.0,20.0,223.0,6.0,20.0,Knights won by 32 runs,KNG,KNG,0,0,103521.0,1444784,,TIT,field,,,cricbuzz,cricbuzz|cricsheet,103521,supersport
2024-25,T20 Challenge,8643.0,103548,2024-10-15 16:00,24th Match,complete,TIT,NWEST,TITANS,NORTH WEST - EASTVAAL RENAULT DRAGONS,SuperSport Park,Centurion,,,,,,,No result (Match abandoned with a toss),,,1,0,103548.0,,,,,,,cricbuzz,cricbuzz,103548,supersport
2024-25,T20 Knock-Out,8746.0,105266,2024-10-16 11:00,1st Semi Final,complete,ESTORM,NCAPE,EASTERN STORM,NORTHERN CAPE,Willowmoore Park,Benoni,222.0,2.0,20.0,145.0,10.0,19.5,Eastern Storm won by 77 runs,ESTORM,ESTORM,0,0,105266.0,,,,,,,cricbuzz,cricbuzz,105266,willowmoore
2024-25,T20 Challenge,8643.0,103528,2024-10-16 16:00,21st Match,complete,BOL,WAR,BOLAND,WARRIORS,Boland Park,Paarl,171.0,6.0,20.0,160.0,10.0,19.5,Boland won by 11 runs,BOL,BOL,0,0,103528.0,1444785,,BOL,bat,,,cricbuzz,cricbuzz|cricsheet,103528,bolandpark
2024-25,T20 Challenge,8643.0,103530,2024-10-16 16:00,22nd Match,complete,KNG,DOL,KNIGHTS,DOLPHINS,Mangaung Oval,Bloemfontein,155.0,9.0,20.0,158.0,4.0,18.3,Dolphins won by 6 wkts,DOL,KNG,0,0,103530.0,1444786,,DOL,field,,,cricbuzz,cricbuzz|cricsheet,103530,mangaung
2024-25,T20 Challenge,8643.0,103539,2024-10-16 16:00,23rd Match,complete,LIONS,WPR,LIONS,WESTERN PROVINCE,The Wanderers Stadium,Johannesburg,145.0,7.0,20.0,146.0,6.0,19.3,Western Province won by 4 wkts,WPR,LIONS,0,0,103539.0,1444787,,LIONS,bat,,,cricbuzz,cricbuzz|cricsheet,103539,wanderers
2024-25,T20 Knock-Out,8746.0,105268,2024-10-17 11:00,2nd Semi Final,complete,KZNIN,SWD,TUSKERS,SOUTH WESTERN DISTRICTS,City Oval,Pietermaritzburg,115.0,2.0,15.0,120.0,8.0,20.0,Tuskers won by 31 runs (DLS Method),KZNIN,SWD,0,0,105268.0,,,,,,,cricbuzz,cricbuzz,105268,cityoval
2024-25,T20 Challenge,8643.0,103555,2024-10-18 16:00,25th Match,complete,WPR,KNG,WESTERN PROVINCE,KNIGHTS,Newlands,Cape Town,163.0,4.0,18.5,157.0,7.0,20.0,Western Province won by 6 wkts,WPR,KNG,0,0,103555.0,1444789,,WPR,field,,,cricbuzz,cricbuzz|cricsheet,103555,newlands
2024-25,T20 Challenge,8643.0,103564,2024-10-19 12:00,28th Match,complete,NWEST,LIONS,NORTH WEST - EASTVAAL RENAULT DRAGONS,LIONS,Senwes Park,Potchefstroom,165.0,6.0,20.0,170.0,3.0,20.0,Lions won by 5 runs,LIONS,LIONS,0,0,103564.0,1444792,,LIONS,bat,,,cricbuzz,cricbuzz|cricsheet,103564,senwes
2024-25,T20 Challenge,8643.0,103566,2024-10-19 16:00,26th Match,complete,WAR,TIT,WARRIORS,TITANS,St George's Park,Gqeberha,179.0,6.0,20.0,174.0,4.0,16.2,Titans won by 6 wickets - (DLS method),TIT,WAR,0,0,103566.0,1444790,,TIT,field,,,cricbuzz,cricbuzz|cricsheet,103566,stgeorge
2024-25,T20 Challenge,8643.0,103575,2024-10-19 16:00,27th Match ,complete,DOL,BOL,DOLPHINS,BOLAND,Kingsmead,Durban,83.0,5.0,10.0,172.0,4.0,20.0,Boland won by 4 runs - (DLS method),BOL,BOL,0,0,103575.0,1444791,,DOL,field,,,cricbuzz,cricbuzz|cricsheet,103575,kingsmead
2024-25,T20 Knock-Out,8746.0,105274,2024-10-20 11:00,Final (Reserve day),complete,ESTORM,KZNIN,EASTERN STORM,TUSKERS,Willowmoore Park,Benoni,129.0,9.0,20.0,130.0,3.0,18.2,Tuskers won by 7 wkts,KZNIN,ESTORM,0,0,105274.0,,,,,,,cricbuzz,cricbuzz,105274,willowmoore
2024-25,T20 Challenge,8643.0,103582,2024-10-22 16:00,Qualifier 1,complete,LIONS,TIT,LIONS,TITANS,The Wanderers Stadium,Johannesburg,116.0,3.0,16.0,115.0,10.0,19.2,Lions won by 7 wkts,LIONS,TIT,0,0,103582.0,1444793,,LIONS,field,,,cricbuzz,cricbuzz|cricsheet,103582,wanderers
2024-25,T20 Challenge,8643.0,103591,2024-10-23 16:00,Eliminator,complete,NWEST,WPR,NORTH WEST - EASTVAAL RENAULT DRAGONS,WESTERN PROVINCE,The Wanderers Stadium,Johannesburg,125.0,10.0,15.3,166.0,5.0,20.0,Western Province won by 41 runs,WPR,WPR,0,0,103591.0,1444794,,NWEST,field,,,cricbuzz,cricbuzz|cricsheet,103591,wanderers
2024-25,T20 Challenge,8643.0,103600,2024-10-25 16:00,Qualifier 2,complete,TIT,WPR,TITANS,WESTERN PROVINCE,SuperSport Park,Centurion,182.0,7.0,20.0,163.0,6.0,20.0,Titans won by 19 runs,TIT,TIT,0,0,103600.0,1444795,,WPR,field,,,cricbuzz,cricbuzz|cricsheet,103600,supersport
2024-25,T20 Challenge,8643.0,103602,2024-10-27 12:00,Final,complete,LIONS,TIT,LIONS,TITANS,The Wanderers Stadium,Johannesburg,124.0,2.0,15.1,119.0,10.0,19.2,Lions won by 8 wkts,LIONS,TIT,0,0,103602.0,1444796,,TIT,bat,,,cricbuzz,cricbuzz|cricsheet,103602,wanderers
2025-26,T20 Knock-Out,11110.0,136037,2025-10-24 11:00,1st Match,complete,NCAPE,KNG,NORTHERN CAPE,KNIGHTS,Diamond Oval,Kimberley,130.0,10.0,18.5,223.0,4.0,20.0,Knights won by 93 runs,KNG,KNG,0,0,136037.0,,,,,,,cricbuzz,cricbuzz,136037,diamondoval
2025-26,T20 Knock-Out,11110.0,136040,2025-10-25 11:00,2nd Match,complete,LIMPO,SWD,LIMPOPO,GARDEN ROUTE BADGERS,Polokwane Cricket Club,Polokwane,160.0,4.0,20.0,164.0,2.0,18.2,Garden Route Badgers won by 8 wkts,SWD,LIMPO,0,0,136040.0,,,,,,,cricbuzz,cricbuzz,136040,polokwane
2025-26,T20 Knock-Out,11110.0,136051,2025-10-26 11:00,3rd Match,complete,BOR,MPR,EASTERN CAPE,MPUMALANGA RHINOS,Buffalo Park,East London,,,,127.0,2.0,13.1,No result,,MPR,1,0,136051.0,,,,,,,cricbuzz,cricbuzz,136051,buffalo
2025-26,T20 Challenge,11032.0,136269,2025-10-29 10:00,1st Match,complete,KZNIN,TIT,KWAZULU-NATAL INLAND TUSKERS,TITANS,City Oval,Pietermaritzburg,142.0,10.0,19.3,151.0,7.0,20.0,Titans won by 9 runs,TIT,TIT,0,0,136269.0,,1501236.0,TIT,bat,0.0,4.0,cricbuzz,cricbuzz|espn,136269,cityoval
2025-26,T20 Knock-Out,11110.0,136073,2025-10-29 11:00,5th Match,complete,KNG,LIMPO,KNIGHTS,LIMPOPO,Mangaung Oval,Bloemfontein,199.0,4.0,20.0,100.0,10.0,14.5,Knights won by 99 runs,KNG,KNG,0,0,136073.0,,,,,,,cricbuzz,cricbuzz,136073,mangaung
2025-26,T20 Knock-Out,11110.0,136062,2025-10-29 11:00,4th Match,complete,SWD,BOR,GARDEN ROUTE BADGERS,EASTERN CAPE,Recreation Ground,Oudtshoorn,160.0,6.0,20.0,162.0,4.0,17.4,Eastern Cape won by 6 wkts,BOR,SWD,0,0,136062.0,,,,,,,cricbuzz,cricbuzz,136062,recreationground
2025-26,T20 Knock-Out,11110.0,136084,2025-10-29 11:00,6th Match,complete,ESTORM,NCAPE,EASTERN STORM,NORTHERN CAPE,Willowmoore Park,Benoni,103.0,10.0,14.1,,,,No result,,ESTORM,1,0,136084.0,,,,,,,cricbuzz,cricbuzz,136084,willowmoore
2025-26,T20 Challenge,11032.0,136280,2025-10-29 11:30,2nd Match,complete,NWEST,WAR,NORTH WEST - EASTVAAL RENAULT DRAGONS,WARRIORS,Senwes Park,Potchefstroom,,,,,,,Match abandoned without a ball bowled (no toss),,,1,0,136280.0,,1501237.0,,,2.0,2.0,cricbuzz,cricbuzz|espn,136280,senwes
2025-26,T20 Challenge,11032.0,136291,2025-10-31 16:00,3rd Match,complete,BOL,NWEST,BOLAND,NORTH WEST - EASTVAAL RENAULT DRAGONS,Boland Park,Paarl,148.0,9.0,20.0,139.0,9.0,20.0,Boland won by 9 runs,BOL,BOL,0,0,136291.0,,1501238.0,NWEST,field,4.0,0.0,cricbuzz,cricbuzz|espn,136291,bolandpark
2025-26,T20 Challenge,11032.0,136293,2025-11-01 10:00,4th Match,complete,DOL,KZNIN,DOLPHINS,KWAZULU-NATAL INLAND TUSKERS,Kingsmead,Durban,178.0,5.0,20.0,164.0,7.0,20.0,Dolphins won by 14 runs,DOL,DOL,0,0,136293.0,,1501239.0,,,,,cricbuzz,cricbuzz|espn,136293,kingsmead
2025-26,T20 Knock-Out,11110.0,136092,2025-11-01 11:00,7th Match,complete,BOR,KNG,EASTERN CAPE,KNIGHTS,Buffalo Park,East London,113.0,6.0,16.1,110.0,7.0,20.0,Eastern Cape won by 4 wkts,BOR,KNG,0,0,136092.0,,,,,,,cricbuzz,cricbuzz,136092,buffalo
2025-26,T20 Knock-Out,11110.0,136093,2025-11-01 11:00,8th Match,complete,MPR,ESTORM,MPUMALANGA RHINOS,EASTERN STORM,"Uplands College, White River",Mpumalanga,116.0,7.0,20.0,116.0,10.0,19.4,Match tied (Mpumalanga won the Super Over),MPR,MPR,0,1,136093.0,,,,,,,cricbuzz,cricbuzz,136093,uplands
2025-26,T20 Challenge,11032.0,136304,2025-11-01 11:30,5th Match,complete,TIT,WAR,TITANS,WARRIORS,SuperSport Park,Centurion,107.0,10.0,17.1,193.0,3.0,20.0,Warriors won by 86 runs,WAR,WAR,0,0,136304.0,,1501240.0,TIT,field,0.0,5.0,cricbuzz,cricbuzz|espn,136304,supersport
2025-26,T20 Challenge,11032.0,136315,2025-11-02 10:00,6th Match,complete,WPR,NWEST,WESTERN PROVINCE,NORTH WEST - EASTVAAL RENAULT DRAGONS,Newlands,Cape Town,188.0,6.0,16.5,186.0,5.0,20.0,Western Province won by 4 wkts,WPR,NWEST,0,0,136315.0,,1501241.0,WPR,field,4.0,0.0,cricbuzz,cricbuzz|espn,136315,newlands
2025-26,T20 Knock-Out,11110.0,136104,2025-11-02 11:00,9th Match,complete,NCAPE,SWD,NORTHERN CAPE,GARDEN ROUTE BADGERS,Diamond Oval,Kimberley,140.0,10.0,18.3,164.0,4.0,20.0,Garden Route Badgers won by 24 runs,SWD,SWD,0,0,136104.0,,,,,,,cricbuzz,cricbuzz,136104,diamondoval
2025-26,T20 Challenge,11032.0,136326,2025-11-02 11:30,7th Match,complete,LIONS,BOL,LIONS,BOLAND,The Wanderers Stadium,Johannesburg,130.0,6.0,20.0,138.0,10.0,18.0,Boland won by 8 runs,BOL,BOL,0,0,136326.0,,1501242.0,LIONS,field,0.0,4.0,cricbuzz,cricbuzz|espn,136326,wanderers
2025-26,T20 Knock-Out,11110.0,136115,2025-11-03 11:00,10th Match,complete,ESTORM,BOR,EASTERN STORM,EASTERN CAPE,Willowmoore Park,Benoni,137.0,8.0,20.0,138.0,5.0,18.0,Eastern Cape won by 5 wkts,BOR,ESTORM,0,0,136115.0,,,,,,,cricbuzz,cricbuzz,136115,willowmoore
2025-26,T20 Challenge,11032.0,136337,2025-11-04 16:00,8th Match,complete,BOL,WPR,BOLAND,WESTERN PROVINCE,Boland Park,Paarl,173.0,5.0,20.0,108.0,10.0,16.0,Boland won by 65 runs,BOL,BOL,0,0,136337.0,,1501243.0,,,,,cricbuzz,cricbuzz|espn,136337,bolandpark
2025-26,T20 Knock-Out,11110.0,136126,2025-11-05 11:00,11th Match,complete,LIMPO,NCAPE,LIMPOPO,NORTHERN CAPE,Polokwane Cricket Club,Polokwane,,,,,,,Match abandoned due to rain (no toss),,,1,0,136126.0,,,,,,,cricbuzz,cricbuzz,136126,polokwane
2025-26,T20 Knock-Out,11110.0,136137,2025-11-05 11:00,12th Match,complete,MPR,KNG,MPUMALANGA RHINOS,KNIGHTS,"Uplands College, White River",Mpumalanga,179.0,6.0,20.0,182.0,6.0,19.5,Knights won by 4 wkts,KNG,MPR,0,0,136137.0,,,,,,,cricbuzz,cricbuzz,136137,uplands
2025-26,T20 Challenge,11032.0,136348,2025-11-06 16:00,9th Match,complete,BOL,TIT,BOLAND,TITANS,Boland Park,Paarl,129.0,3.0,13.4,128.0,8.0,20.0,Boland won by 7 wkts,BOL,TIT,0,0,136348.0,,1501244.0,TIT,bat,5.0,0.0,cricbuzz,cricbuzz|espn,136348,bolandpark
2025-26,T20 Challenge,11032.0,136359,2025-11-07 15:00,10th Match,complete,WAR,WPR,WARRIORS,WESTERN PROVINCE,St George's Park,Gqeberha,135.0,4.0,15.3,134.0,9.0,20.0,Warriors won by 6 wkts,WAR,WPR,0,0,136359.0,,1501245.0,WPR,bat,5.0,0.0,cricbuzz,cricbuzz|espn,136359,stgeorge
2025-26,T20 Challenge,11032.0,136370,2025-11-07 16:00,11th Match,complete,DOL,NWEST,DOLPHINS,NORTH WEST - EASTVAAL RENAULT DRAGONS,Senwes Park,Potchefstroom,155.0,9.0,17.0,124.0,10.0,17.0,Dolphins won by 31 runs,DOL,DOL,0,0,136370.0,,1501246.0,NWEST,field,4.0,0.0,cricbuzz,cricbuzz|espn,136370,senwes
2025-26,T20 Challenge,11032.0,136381,2025-11-08 11:00,12th Match,complete,LIONS,KZNIN,LIONS,KWAZULU-NATAL INLAND TUSKERS,The Wanderers Stadium,Johannesburg,159.0,5.0,20.0,161.0,5.0,20.0,KwaZulu - Natal Inland - Tuskers won by 2 runs,KZNIN,KZNIN,0,0,136381.0,,1501247.0,LIONS,field,0.0,4.0,cricbuzz,cricbuzz|espn,136381,wanderers
2025-26,T20 Knock-Out,11110.0,136148,2025-11-08 11:00,13th Match,complete,SWD,MPR,GARDEN ROUTE BADGERS,MPUMALANGA RHINOS,Recreation Ground,Oudtshoorn,128.0,5.0,16.1,124.0,7.0,20.0,Garden Route Badgers won by 5 wkts,SWD,MPR,0,0,136148.0,,,,,,,cricbuzz,cricbuzz,136148,recreationground
2025-26,T20 Knock-Out,11110.0,136156,2025-11-08 11:00,14th Match,complete,LIMPO,BOR,LIMPOPO,EASTERN CAPE,Polokwane Cricket Club,Polokwane,158.0,7.0,20.0,130.0,10.0,19.1,Limpopo won by 28 runs,LIMPO,LIMPO,0,0,136156.0,,,,,,,cricbuzz,cricbuzz,136156,polokwane
2025-26,T20 Challenge,11032.0,136403,2025-11-09 10:00,14th Match,complete,DOL,WAR,DOLPHINS,WARRIORS,Kingsmead,Durban,100.0,3.0,14.2,94.0,10.0,19.1,Dolphins won by 7 wkts,DOL,WAR,0,0,136403.0,,1501249.0,DOL,field,6.0,0.0,cricbuzz,cricbuzz|espn,136403,kingsmead
2025-26,T20 Knock-Out,11110.0,136167,2025-11-09 11:00,15th Match,complete,KNG,ESTORM,KNIGHTS,EASTERN STORM,Mangaung Oval,Bloemfontein,114.0,,11.1,69.0,5.0,6.0,Knights won by 8 runs,KNG,KNG,0,0,136167.0,,,,,,,cricbuzz,cricbuzz,136167,mangaung
2025-26,T20 Challenge,11032.0,136392,2025-11-09 11:30,13th Match,complete,WPR,TIT,WESTERN PROVINCE,TITANS,Newlands,Cape Town,225.0,6.0,20.0,142.0,10.0,17.4,Western Province won by 83 runs,WPR,WPR,0,0,136392.0,,1501248.0,TIT,field,5.0,0.0,cricbuzz,cricbuzz|espn,136392,newlands
2025-26,T20 Challenge,11032.0,136422,2025-11-11 15:00,16th Match,complete,NWEST,KZNIN,NORTH WEST - EASTVAAL RENAULT DRAGONS,KWAZULU-NATAL INLAND TUSKERS,Senwes Park,Potchefstroom,173.0,5.0,20.0,148.0,8.0,20.0,North West - Eastvaal Renault Dragons won by 25 runs,NWEST,NWEST,0,0,136422.0,,1501251.0,KZNIN,field,4.0,0.0,cricbuzz,cricbuzz|espn,136422,senwes
2025-26,T20 Challenge,11032.0,136414,2025-11-11 16:00,15th Match,complete,WAR,LIONS,WARRIORS,LIONS,St George's Park,Gqeberha,151.0,2.0,17.4,146.0,7.0,20.0,Warriors won by 8 wkts,WAR,LIONS,0,0,136414.0,,1501250.0,WAR,field,4.0,0.0,cricbuzz,cricbuzz|espn,136414,stgeorge
2025-26,T20 Knock-Out,11110.0,136178,2025-11-12 11:00,16th Match,complete,SWD,ESTORM,GARDEN ROUTE BADGERS,EASTERN STORM,Recreation Ground,Oudtshoorn,176.0,6.0,20.0,179.0,4.0,19.1,Eastern Storm won by 6 wkts,ESTORM,SWD,0,0,136178.0,,,,,,,cricbuzz,cricbuzz,136178,recreationground
2025-26,T20 Knock-Out,11110.0,136189,2025-11-12 11:00,17th Match,complete,BOR,NCAPE,EASTERN CAPE,NORTHERN CAPE,Buffalo Park,East London,184.0,4.0,20.0,115.0,8.0,20.0,Eastern Cape won by 69 runs,BOR,BOR,0,0,136189.0,,,,,,,cricbuzz,cricbuzz,136189,buffalo
2025-26,T20 Knock-Out,11110.0,136200,2025-11-12 11:00,18th Match,complete,MPR,LIMPO,MPUMALANGA RHINOS,LIMPOPO,"Uplands College, White River",Mpumalanga,123.0,10.0,19.4,114.0,8.0,20.0,Mpumalanga Rhinos won by 9 runs,MPR,MPR,0,0,136200.0,,,,,,,cricbuzz,cricbuzz,136200,uplands
2025-26,T20 Challenge,11032.0,136431,2025-11-13 11:00,17th Match,complete,KZNIN,WPR,KWAZULU-NATAL INLAND TUSKERS,WESTERN PROVINCE,City Oval,Pietermaritzburg,107.0,10.0,19.4,109.0,1.0,15.3,Western Province won by 9 wkts,WPR,KZNIN,0,0,136431.0,,1501252.0,KZNIN,bat,0.0,5.0,cricbuzz,cricbuzz|espn,136431,cityoval
2025-26,T20 Challenge,11032.0,136442,2025-11-14 15:00,18th Match,complete,BOL,DOL,BOLAND,DOLPHINS,Boland Park,Paarl,134.0,8.0,20.0,134.0,10.0,20.0,Match tied and Super Over tied (Boland won the 2nd Super Over),BOL,BOL,0,1,136442.0,,1501253.0,BOL,bat,4.0,0.0,cricbuzz,cricbuzz|espn,136442,bolandpark
2025-26,T20 Challenge,11032.0,136453,2025-11-14 16:00,19th Match,complete,NWEST,TIT,NORTH WEST - EASTVAAL RENAULT DRAGONS,TITANS,Senwes Park,Potchefstroom,189.0,6.0,20.0,196.0,6.0,20.0,Titans won by 7 runs,TIT,TIT,0,0,136453.0,,1501254.0,NWEST,field,0.0,4.0,cricbuzz,cricbuzz|espn,136453,senwes
2025-26,T20 Challenge,11032.0,136464,2025-11-15 11:00,20th Match,complete,KZNIN,WAR,KWAZULU-NATAL INLAND TUSKERS,WARRIORS,City Oval,Pietermaritzburg,127.0,10.0,18.0,181.0,7.0,20.0,Warriors won by 54 runs,WAR,WAR,0,0,136464.0,,1501255.0,KZNIN,field,0.0,5.0,cricbuzz,cricbuzz|espn,136464,cityoval
2025-26,T20 Knock-Out,11110.0,136213,2025-11-15 11:00,20th Match,complete,NCAPE,MPR,NORTHERN CAPE,MPUMALANGA RHINOS,Diamond Oval,Kimberley,,,,,,,Match abandoned due to rain (no toss),,,1,0,136213.0,,,,,,,cricbuzz,cricbuzz,136213,diamondoval
2025-26,T20 Knock-Out,11110.0,136211,2025-11-15 11:00,19th Match,complete,KNG,SWD,KNIGHTS,GARDEN ROUTE BADGERS,Mangaung Oval,Bloemfontein,,,,,,,Match abandoned due to rain (no toss),,,1,0,136211.0,,,,,,,cricbuzz,cricbuzz,136211,mangaung
2025-26,T20 Knock-Out,11110.0,136224,2025-11-15 11:00,21st Match,complete,ESTORM,LIMPO,EASTERN STORM,LIMPOPO,Willowmoore Park,Benoni,58.0,2.0,6.1,97.0,7.0,17.0,Eastern Storm won by 8 wkts (DLS Method),ESTORM,LIMPO,0,0,136224.0,,,,,,,cricbuzz,cricbuzz,136224,willowmoore
2025-26,T20 Challenge,11032.0,136486,2025-11-16 10:00,22nd Match,complete,TIT,LIONS,TITANS,LIONS,SuperSport Park,Centurion,,,,,,,Match abandoned due to rain (no toss),,,1,0,136486.0,,1501257.0,,,2.0,2.0,cricbuzz,cricbuzz|espn,136486,supersport
2025-26,T20 Challenge,11032.0,136475,2025-11-16 11:30,21st Match,complete,WPR,DOL,WESTERN PROVINCE,DOLPHINS,Newlands,Cape Town,139.0,5.0,18.1,138.0,7.0,20.0,Western Province won by 5 wkts,WPR,DOL,0,0,136475.0,,1501256.0,,,,,cricbuzz,cricbuzz|espn,136475,newlands
2025-26,T20 Knock-Out,11110.0,136235,2025-11-18 11:00,Qualifier 1,complete,KNG,BOR,KNIGHTS,EASTERN CAPE,Mangaung Oval,Bloemfontein,76.0,2.0,11.4,140.0,7.0,20.0,Knights won by 3 runs (DLS Method),KNG,BOR,0,0,136235.0,,,,,,,cricbuzz,cricbuzz,136235,mangaung
2025-26,T20 Challenge,11032.0,136508,2025-11-19 11:00,24th Match,complete,LIONS,NWEST,LIONS,NORTH WEST - EASTVAAL RENAULT DRAGONS,The Wanderers Stadium,Johannesburg,181.0,7.0,20.0,181.0,6.0,20.0,Match tied (North West won the Super Over),NWEST,NWEST,0,1,136508.0,,1501259.0,LIONS,field,0.0,4.0,cricbuzz,cricbuzz|espn,136508,wanderers
2025-26,T20 Knock-Out,11110.0,136246,2025-11-19 11:00,Eliminator,complete,SWD,MPR,GARDEN ROUTE BADGERS,MPUMALANGA RHINOS,Recreation Ground,Oudtshoorn,152.0,6.0,20.0,109.0,10.0,19.2,Garden Route Badgers won by 43 runs,SWD,SWD,0,0,136246.0,,,,,,,cricbuzz,cricbuzz,136246,recreationground
2025-26,T20 Challenge,11032.0,136497,2025-11-19 16:00,23rd Match,complete,WAR,BOL,WARRIORS,BOLAND,St George's Park,Gqeberha,209.0,5.0,20.0,111.0,10.0,15.5,Warriors won by 98 runs,WAR,WAR,0,0,136497.0,,1501258.0,BOL,field,5.0,0.0,cricbuzz,cricbuzz|espn,136497,stgeorge
2025-26,T20 Challenge,11032.0,136519,2025-11-21 10:00,25th Match,complete,WPR,LIONS,WESTERN PROVINCE,LIONS,Newlands,Cape Town,183.0,6.0,20.0,201.0,2.0,20.0,Lions won by 18 runs,LIONS,LIONS,0,0,136519.0,,1501260.0,LIONS,bat,0.0,4.0,cricbuzz,cricbuzz|espn,136519,newlands
2025-26,T20 Knock-Out,11110.0,136257,2025-11-21 11:00,Qualifier 2,complete,BOR,SWD,EASTERN CAPE,GARDEN ROUTE BADGERS,Buffalo Park,East London,155.0,4.0,20.0,130.0,10.0,20.0,Eastern Cape won by 25 runs,BOR,BOR,0,0,136257.0,,,,,,,cricbuzz,cricbuzz,136257,buffalo
2025-26,T20 Challenge,11032.0,136530,2025-11-21 11:30,26th Match,complete,TIT,DOL,TITANS,DOLPHINS,SuperSport Park,Centurion,248.0,3.0,20.0,104.0,3.0,7.0,"Dolphins won by 7 wickets (DLS method) - revised due to rain, target 104 in 7 overs",DOL,TIT,0,0,136530.0,,1501261.0,TIT,bat,0.0,4.0,cricbuzz,cricbuzz|espn,136530,supersport
2025-26,T20 Challenge,11032.0,136541,2025-11-22 11:00,27th Match,complete,KZNIN,BOL,KWAZULU-NATAL INLAND TUSKERS,BOLAND,City Oval,Pietermaritzburg,121.0,10.0,20.0,168.0,6.0,20.0,Boland won by 47 runs,BOL,BOL,0,0,136541.0,,1501262.0,BOL,bat,0.0,5.0,cricbuzz,cricbuzz|espn,136541,cityoval
2025-26,T20 Knock-Out,11110.0,136268,2025-11-23 11:00,Final,complete,KNG,BOR,KNIGHTS,EASTERN CAPE,Mangaung Oval,Bloemfontein,155.0,7.0,20.0,144.0,6.0,20.0,Knights won by 11 runs,KNG,KNG,0,0,136268.0,,,,,,,cricbuzz,cricbuzz,136268,mangaung
2025-26,T20 Challenge,11032.0,136544,2025-11-23 11:00,28th Match,complete,DOL,LIONS,DOLPHINS,LIONS,Kingsmead,Durban,195.0,8.0,19.4,194.0,2.0,20.0,Dolphins won by 2 wkts,DOL,LIONS,0,0,136544.0,,1501263.0,DOL,field,4.0,0.0,cricbuzz,cricbuzz|espn,136544,kingsmead
2025-26,T20 Challenge,11032.0,136555,2025-11-25 16:00,Qualifier 1,complete,BOL,WAR,BOLAND,WARRIORS,Boland Park,Paarl,176.0,3.0,20.0,171.0,6.0,20.0,Boland won by 5 runs,BOL,BOL,0,0,136555.0,,1501264.0,BOL,bat,,,cricbuzz,cricbuzz|espn,136555,bolandpark
2025-26,T20 Challenge,11032.0,136566,2025-11-26 11:00,Eliminator,complete,DOL,WPR,DOLPHINS,WESTERN PROVINCE,Kingsmead,Durban,141.0,8.0,20.0,126.0,9.0,20.0,Dolphins won by 15 runs,DOL,DOL,0,0,136566.0,,1501265.0,WPR,field,,,cricbuzz,cricbuzz|espn,136566,kingsmead
2025-26,T20 Challenge,11032.0,136577,2025-11-28 16:00,Qualifier 2,complete,WAR,DOL,WARRIORS,DOLPHINS,St George's Park,Gqeberha,,,,64.0,,5.3,No result,,DOL,1,0,136577.0,,1501266.0,WAR,field,,,cricbuzz,cricbuzz|espn,136577,stgeorge
2025-26,T20 Challenge,11032.0,136588,2025-11-30 11:00,Final,complete,BOL,WAR,BOLAND,WARRIORS,Boland Park,Paarl,142.0,6.0,20.0,142.0,5.0,20.0,Match tied (Warriors won the Super Over),WAR,BOL,0,1,136588.0,,1501267.0,BOL,bat,,,cricbuzz,cricbuzz|espn,136588,bolandpark
2026,T20 Challenge,13180.0,172981,2026-09-25 12:00,Pool A,Complete,WAR,NWEST,Warriors,North West - Eastvaal Renault Dragons,SuperSport Park,Centurion,128.0,6.0,20.0,131.0,3.0,15.3,North West  -  Eastvaal Renault Dragons won by 7 wkts,NWEST,WAR,0,0,172981.0,,1551833.0,NWEST,field,0.0,5.0,cricbuzz,cricbuzz|espn,172981,supersport
2026,T20 Challenge,13180.0,172991,2026-09-25 16:00,Pool B,Complete,WPR,TIT,Western Province,Titans,SuperSport Park,Centurion,186.0,4.0,20.0,190.0,5.0,14.5,Titans won by 5 wkts,TIT,WPR,0,0,172991.0,,1551834.0,TIT,field,0.0,5.0,cricbuzz,cricbuzz|espn,172991,supersport
2026,T20 Challenge,13180.0,173001,2026-09-26 11:00,Pool A,Abandon,NCAPE,BOR,Northern Cape,Border,Diamond Oval,Kimberley,,,,,,,Match abandoned due to rain (No toss),,,1,0,173001.0,,1551835.0,,,2.0,2.0,cricbuzz,cricbuzz|espn,173001,diamondoval
2026,T20 Challenge,13180.0,173027,2026-09-27 11:00,Pool B,Complete,MPR,TIT,Mpumalanga Rhinos,Titans,"Uplands College, White River",Mpumalanga,75.0,2.0,6.0,79.0,1.0,5.0,Titans won by 9 wkts  -  6 over game due to rain,TIT,MPR,0,0,173027.0,,1551838.0,MPR,bat,0.0,4.0,cricbuzz,cricbuzz|espn,173027,uplands
2026,T20 Challenge,13180.0,173010,2026-09-27 11:00,Pool A,Complete,LIONS,DOL,Lions,Dolphins,Kingsmead,Durban,202.0,4.0,20.0,194.0,6.0,20.0,Lions won by 8 runs,LIONS,LIONS,0,0,173010.0,,1551836.0,LIONS,bat,4.0,0.0,cricbuzz,cricbuzz|espn,173010,kingsmead
2026,T20 Challenge,13180.0,173017,2026-09-27 16:00,Pool B,Complete,KNG,WPR,Knights,Western Province,Newlands,Cape Town,168.0,7.0,20.0,169.0,5.0,19.4,Western Province won by 5 wkts,WPR,KNG,0,0,173017.0,,1551837.0,WPR,field,0.0,4.0,cricbuzz,cricbuzz|espn,173017,newlands
2026,T20 Challenge,13180.0,173031,2026-09-28 11:00,Pool A,Complete,BOR,NWEST,Border,North West - Eastvaal Renault Dragons,Buffalo Park,East London,151.0,4.0,20.0,138.0,9.0,20.0,Border won by 13 runs,BOR,BOR,0,0,173031.0,,1551839.0,NWEST,field,4.0,0.0,cricbuzz,cricbuzz|espn,173031,buffalo
2026,T20 Challenge,13180.0,173127,2026-09-29 11:00,Pool B,Abandon,SAEP,KZNIN,South Africa Emerging Players,KwaZulu-Natal Inland Tuskers,LC de Villiers Oval,Pretoria,,,,,,,Match abandoned due to rain (No toss),,,1,0,173127.0,,1551842.0,,,2.0,2.0,cricbuzz,cricbuzz|espn,173127,devilliers
2026,T20 Challenge,13180.0,173133,2026-09-29 12:00,Pool A,Complete,WAR,LIMPO,Warriors,Limpopo,St George's Park,Gqeberha,175.0,4.0,20.0,140.0,8.0,20.0,Warriors won by 35 runs,WAR,WAR,0,0,173133.0,,1551841.0,WAR,bat,4.0,0.0,cricbuzz,cricbuzz|espn,173133,stgeorge
2026,T20 Challenge,13180.0,173143,2026-09-29 16:00,Pool B,Complete,KNG,BOL,Knights,Boland,Boland Park,Paarl,160.0,5.0,20.0,161.0,5.0,20.0,Boland won by 5 wkts,BOL,KNG,0,0,173143.0,,1551840.0,BOL,field,0.0,4.0,cricbuzz,cricbuzz|espn,173143,bolandpark
2026,T20 Challenge,13180.0,173153,2026-09-30 16:00,Pool A,Complete,DOL,NCAPE,Dolphins,Northern Cape,Kingsmead,Durban,239.0,5.0,20,135.0,10.0,16.4,Dolphins won by 104 runs,DOL,DOL,0,0,173153.0,,1551843.0,DOL,bat,5.0,0.0,espn,cricbuzz|espn,173153,kingsmead
2026,T20 Challenge,13180.0,173163,2026-09-30 16:00,Pool B,Abandon,ESTORM,MPR,Eastern Storm,Mpumalanga Rhinos,Willowmoore Park,Benoni,,,,,,,Match abandoned due to rain (With toss),,,1,0,173163.0,,1551844.0,MPR,field,2.0,2.0,cricbuzz,cricbuzz|espn,173163,willowmoore
2026,T20 Challenge,13180.0,173170,2026-10-01 11:00,Pool A,Preview,SWD,BOR,South Western Districts,Border,Recreation Ground,Oudtshoorn,,,,,,,"Match starts at Oct 01, 11:00 GMT",,,0,0,173170.0,,1551845.0,,,,,,cricbuzz|espn,173170,recreationground
2026,T20 Challenge,13180.0,173187,2026-10-02 11:00,Pool B,Upcoming,MPR,KZNIN,Mpumalanga Rhinos,KwaZulu-Natal Inland Tuskers,"Uplands College, White River",Mpumalanga,,,,,,,"Match starts at Oct 02, 11:00 GMT",,,0,0,173187.0,,1551847.0,,,,,,cricbuzz|espn,173187,uplands
2026,T20 Challenge,13180.0,173180,2026-10-02 16:00,Pool B,Upcoming,KNG,TIT,Knights,Titans,Mangaung Oval,Bloemfontein,,,,,,,"Match starts at Oct 02, 16:00 GMT",,,0,0,173180.0,,1551846.0,,,,,,cricbuzz|espn,173180,mangaung
2026,T20 Challenge,13180.0,173197,2026-10-02 16:00,Pool A,Upcoming,LIONS,NWEST,Lions,North West - Eastvaal Renault Dragons,The Wanderers Stadium,Johannesburg,,,,,,,"Match starts at Oct 02, 16:00 GMT",,,0,0,173197.0,,1551848.0,,,,,,cricbuzz|espn,173197,wanderers
2026,T20 Challenge,13180.0,173191,2026-10-04 11:00,Pool A,Upcoming,LIMPO,DOL,Limpopo,Dolphins,Polokwane Cricket Club,Polokwane,,,,,,,"Match starts at Oct 04, 11:00 GMT",,,0,0,173191.0,,1551849.0,,,,,,cricbuzz|espn,173191,polokwane
2026,T20 Challenge,13180.0,173220,2026-10-04 11:00,Pool B,Upcoming,KZNIN,BOL,KwaZulu-Natal Inland Tuskers,Boland,City Oval,Pietermaritzburg,,,,,,,"Match starts at Oct 04, 11:00 GMT",,,0,0,173220.0,,1551852.0,,,,,,cricbuzz|espn,173220,cityoval
2026,T20 Challenge,13180.0,173207,2026-10-04 16:00,Pool B,Upcoming,WPR,SAEP,Western Province,South Africa Emerging Players,Newlands,Cape Town,,,,,,,"Match starts at Oct 04, 16:00 GMT",,,0,0,173207.0,,1551850.0,,,,,,cricbuzz|espn,173207,newlands
2026,T20 Challenge,13180.0,173217,2026-10-04 16:00,Pool A,Upcoming,WAR,LIONS,Warriors,Lions,St George's Park,Gqeberha,,,,,,,"Match starts at Oct 04, 16:00 GMT",,,0,0,173217.0,,1551851.0,,,,,,cricbuzz|espn,173217,stgeorge
2026,T20 Challenge,13180.0,173227,2026-10-05 11:00,Pool A,Upcoming,LIMPO,SWD,Limpopo,South Western Districts,Polokwane Cricket Club,Polokwane,,,,,,,"Match starts at Oct 05, 11:00 GMT",,,0,0,173227.0,,1551853.0,,,,,,cricbuzz|espn,173227,polokwane
2026,T20 Challenge,13180.0,173237,2026-10-06 16:00,Pool B,Upcoming,WPR,ESTORM,Western Province,Eastern Storm,Newlands,Cape Town,,,,,,,"Match starts at Oct 06, 16:00 GMT",,,0,0,173237.0,,1551854.0,,,,,,cricbuzz|espn,173237,newlands
2026,T20 Challenge,13180.0,173257,2026-10-07 11:00,Pool A,Upcoming,SWD,LIONS,South Western Districts,Lions,Recreation Ground,Oudtshoorn,,,,,,,"Match starts at Oct 07, 11:00 GMT",,,0,0,173257.0,,1551857.0,,,,,,cricbuzz|espn,173257,recreationground
2026,T20 Challenge,13180.0,173267,2026-10-07 16:00,Pool B,Upcoming,TIT,SAEP,Titans,South Africa Emerging Players,SuperSport Park,Centurion,,,,,,,"Match starts at Oct 07, 16:00 GMT",,,0,0,173267.0,,1551856.0,,,,,,cricbuzz|espn,173267,supersport
2026,T20 Challenge,13180.0,173247,2026-10-07 16:00,Pool B,Upcoming,KNG,KZNIN,Knights,KwaZulu-Natal Inland Tuskers,Mangaung Oval,Bloemfontein,,,,,,,"Match starts at Oct 07, 16:00 GMT",,,0,0,173247.0,,1551855.0,,,,,,cricbuzz|espn,173247,mangaung
2026,T20 Challenge,13180.0,173277,2026-10-08 16:00,Pool B,Upcoming,BOL,ESTORM,Boland,Eastern Storm,Boland Park,Paarl,,,,,,,"Match starts at Oct 08, 16:00 GMT",,,0,0,173277.0,,1551858.0,,,,,,cricbuzz|espn,173277,bolandpark
2026,T20 Challenge,13180.0,173297,2026-10-08 16:00,Pool A,Upcoming,WAR,NCAPE,Warriors,Northern Cape,St George's Park,Gqeberha,,,,,,,"Match starts at Oct 08, 16:00 GMT",,,0,0,173297.0,,1551859.0,,,,,,cricbuzz|espn,173297,stgeorge
2026,T20 Challenge,13180.0,173287,2026-10-09 11:00,Pool A,Upcoming,BOR,DOL,Border,Dolphins,Buffalo Park,East London,,,,,,,"Match starts at Oct 09, 11:00 GMT",,,0,0,173287.0,,1551860.0,,,,,,cricbuzz|espn,173287,buffalo
2026,T20 Challenge,13180.0,173307,2026-10-10 11:00,Pool B,Upcoming,MPR,WPR,Mpumalanga Rhinos,Western Province,"Uplands College, White River",Mpumalanga,,,,,,,"Match starts at Oct 10, 11:00 GMT",,,0,0,173307.0,,1551862.0,,,,,,cricbuzz|espn,173307,uplands
2026,T20 Challenge,13180.0,173317,2026-10-10 16:00,Pool A,Upcoming,NWEST,SWD,North West - Eastvaal Renault Dragons,South Western Districts,Senwes Park,Potchefstroom,,,,,,,"Match starts at Oct 10, 16:00 GMT",,,0,0,173317.0,,1551861.0,,,,,,cricbuzz|espn,173317,senwes
2026,T20 Challenge,13180.0,173320,2026-10-11 11:00,Pool B,Upcoming,TIT,ESTORM,Titans,Eastern Storm,SuperSport Park,Centurion,,,,,,,"Match starts at Oct 11, 11:00 GMT",,,0,0,173320.0,,1551864.0,,,,,,cricbuzz|espn,173320,supersport
2026,T20 Challenge,13180.0,173327,2026-10-11 11:00,Pool B,Upcoming,SAEP,BOL,South Africa Emerging Players,Boland,LC de Villiers Oval,Pretoria,,,,,,,"Match starts at Oct 11, 11:00 GMT",,,0,0,173327.0,,1551863.0,,,,,,cricbuzz|espn,173327,devilliers
2026,T20 Challenge,13180.0,173337,2026-10-13 11:00,Pool B,Upcoming,KZNIN,TIT,KwaZulu-Natal Inland Tuskers,Titans,City Oval,Pietermaritzburg,,,,,,,"Match starts at Oct 13, 11:00 GMT",,,0,0,173337.0,,1551867.0,,,,,,cricbuzz|espn,173337,cityoval
2026,T20 Challenge,13180.0,174254,2026-10-13 11:00,Pool A,Upcoming,NCAPE,LIMPO,Northern Cape,Limpopo,Diamond Oval,Kimberley,,,,,,,"Match starts at Oct 13, 11:00 GMT",,,0,0,174254.0,,1551832.0,,,,,,cricbuzz|espn,174254,diamondoval
2026,T20 Challenge,13180.0,173333,2026-10-13 16:00,Pool A,Upcoming,LIONS,BOR,Lions,Border,The Wanderers Stadium,Johannesburg,,,,,,,"Match starts at Oct 13, 16:00 GMT",,,0,0,173333.0,,1551865.0,,,,,,cricbuzz|espn,173333,wanderers
2026,T20 Challenge,13180.0,173341,2026-10-13 16:00,Pool A,Upcoming,NWEST,DOL,North West - Eastvaal Renault Dragons,Dolphins,Senwes Park,Potchefstroom,,,,,,,"Match starts at Oct 13, 16:00 GMT",,,0,0,173341.0,,1551866.0,,,,,,cricbuzz|espn,173341,senwes
2026,T20 Challenge,13180.0,173367,2026-10-14 16:00,Pool B,Upcoming,KNG,ESTORM,Knights,Eastern Storm,Mangaung Oval,Bloemfontein,,,,,,,"Match starts at Oct 14, 16:00 GMT",,,0,0,173367.0,,1551869.0,,,,,,cricbuzz|espn,173367,mangaung
2026,T20 Challenge,13180.0,173351,2026-10-14 16:00,Pool B,Upcoming,WPR,BOL,Western Province,Boland,Newlands,Cape Town,,,,,,,"Match starts at Oct 14, 16:00 GMT",,,0,0,173351.0,,1551868.0,,,,,,cricbuzz|espn,173351,newlands
2026,T20 Challenge,13180.0,173377,2026-10-16 11:00,Pool A,Upcoming,LIMPO,BOR,Limpopo,Border,Polokwane Cricket Club,Polokwane,,,,,,,"Match starts at Oct 16, 11:00 GMT",,,0,0,173377.0,,1551871.0,,,,,,cricbuzz|espn,173377,polokwane
2026,T20 Challenge,13180.0,173361,2026-10-16 11:00,Pool A,Upcoming,SWD,WAR,South Western Districts,Warriors,Recreation Ground,Oudtshoorn,,,,,,,"Match starts at Oct 16, 11:00 GMT",,,0,0,173361.0,,1551870.0,,,,,,cricbuzz|espn,173361,recreationground
2026,T20 Challenge,13180.0,173397,2026-10-17 16:00,Pool B,Upcoming,BOL,MPR,Boland,Mpumalanga Rhinos,Boland Park,Paarl,,,,,,,"Match starts at Oct 17, 16:00 GMT",,,0,0,173397.0,,1551872.0,,,,,,cricbuzz|espn,173397,bolandpark
2026,T20 Challenge,13180.0,173387,2026-10-18 11:00,Pool A,Upcoming,LIONS,NCAPE,Lions,Northern Cape,The Wanderers Stadium,Johannesburg,,,,,,,"Match starts at Oct 18, 11:00 GMT",,,0,0,173387.0,,1551873.0,,,,,,cricbuzz|espn,173387,wanderers
2026,T20 Challenge,13180.0,173407,2026-10-18 11:00,Pool B,Upcoming,SAEP,KNG,South Africa Emerging Players,Knights,LC de Villiers Oval,Pretoria,,,,,,,"Match starts at Oct 18, 11:00 GMT",,,0,0,173407.0,,1551874.0,,,,,,cricbuzz|espn,173407,devilliers
2026,T20 Challenge,13180.0,173411,2026-10-20 11:00,Pool A,Upcoming,DOL,WAR,Dolphins,Warriors,Kingsmead,Durban,,,,,,,"Match starts at Oct 20, 11:00 GMT",,,0,0,173411.0,,1551875.0,,,,,,cricbuzz|espn,173411,kingsmead
2026,T20 Challenge,13180.0,173427,2026-10-21 11:00,Pool A,Upcoming,NCAPE,SWD,Northern Cape,South Western Districts,Diamond Oval,Kimberley,,,,,,,"Match starts at Oct 21, 11:00 GMT",,,0,0,173427.0,,1551877.0,,,,,,cricbuzz|espn,173427,diamondoval
2026,T20 Challenge,13180.0,173421,2026-10-21 16:00,Pool A,Upcoming,NWEST,LIMPO,North West - Eastvaal Renault Dragons,Limpopo,Senwes Park,Potchefstroom,,,,,,,"Match starts at Oct 21, 16:00 GMT",,,0,0,173421.0,,1551876.0,,,,,,cricbuzz|espn,173421,senwes
2026,T20 Challenge,13180.0,173437,2026-10-22 11:00,Pool B,Upcoming,ESTORM,KZNIN,Eastern Storm,KwaZulu-Natal Inland Tuskers,Willowmoore Park,Benoni,,,,,,,"Match starts at Oct 22, 11:00 GMT",,,0,0,173437.0,,1551878.0,,,,,,cricbuzz|espn,173437,willowmoore
2026,T20 Challenge,13180.0,173447,2026-10-22 11:00,Pool B,Upcoming,MPR,SAEP,Mpumalanga Rhinos,South Africa Emerging Players,"Uplands College, White River",Mpumalanga,,,,,,,"Match starts at Oct 22, 11:00 GMT",,,0,0,173447.0,,1551879.0,,,,,,cricbuzz|espn,173447,uplands
2026,T20 Challenge,13180.0,173470,2026-10-23 16:00,Pool A,Upcoming,DOL,SWD,Dolphins,South Western Districts,Kingsmead,Durban,,,,,,,"Match starts at Oct 23, 16:00 GMT",,,0,0,173470.0,,1551880.0,,,,,,cricbuzz|espn,173470,kingsmead
2026,T20 Challenge,13180.0,173467,2026-10-24 11:00,Pool A,Upcoming,BOR,WAR,Border,Warriors,Buffalo Park,East London,,,,,,,"Match starts at Oct 24, 11:00 GMT",,,0,0,173467.0,,1551883.0,,,,,,cricbuzz|espn,173467,buffalo
2026,T20 Challenge,13180.0,173457,2026-10-24 11:00,Pool A,Upcoming,LIONS,LIMPO,Lions,Limpopo,The Wanderers Stadium,Johannesburg,,,,,,,"Match starts at Oct 24, 11:00 GMT",,,0,0,173457.0,,1551882.0,,,,,,cricbuzz|espn,173457,wanderers
2026,T20 Challenge,13180.0,173477,2026-10-24 16:00,Pool B,Upcoming,KNG,MPR,Knights,Mpumalanga Rhinos,Mangaung Oval,Bloemfontein,,,,,,,"Match starts at Oct 24, 16:00 GMT",,,0,0,173477.0,,1551881.0,,,,,,cricbuzz|espn,173477,mangaung
2026,T20 Challenge,13180.0,173511,2026-10-25 11:00,Pool B,Upcoming,ESTORM,SAEP,Eastern Storm,South Africa Emerging Players,Willowmoore Park,Benoni,,,,,,,"Match starts at Oct 25, 11:00 GMT",,,0,0,173511.0,,1551887.0,,,,,,cricbuzz|espn,173511,willowmoore
2026,T20 Challenge,13180.0,173507,2026-10-25 11:00,Pool B,Upcoming,KZNIN,WPR,KwaZulu-Natal Inland Tuskers,Western Province,City Oval,Pietermaritzburg,,,,,,,"Match starts at Oct 25, 11:00 GMT",,,0,0,173507.0,,1551886.0,,,,,,cricbuzz|espn,173507,cityoval
2026,T20 Challenge,13180.0,173497,2026-10-25 11:00,Pool A,Upcoming,NWEST,NCAPE,North West - Eastvaal Renault Dragons,Northern Cape,Senwes Park,Potchefstroom,,,,,,,"Match starts at Oct 25, 11:00 GMT",,,0,0,173497.0,,1551885.0,,,,,,cricbuzz|espn,173497,senwes
2026,T20 Challenge,13180.0,173487,2026-10-25 11:00,Pool B,Upcoming,BOL,TIT,Boland,Titans,Boland Park,Paarl,,,,,,,"Match starts at Oct 25, 11:00 GMT",,,0,0,173487.0,,1551884.0,,,,,,cricbuzz|espn,173487,bolandpark
2026,T20 Challenge,13180.0,173517,2026-10-26 11:00,Super Eights,Upcoming,TBC,TBC,TBC,TBC,TBC,TBC,,,,,,,"Match starts at Oct 26, 11:00 GMT",,,0,0,173517.0,,,,,,,,cricbuzz,173517,
2026,T20 Challenge,13180.0,173527,2026-10-27 11:00,Super Eights,Upcoming,TBC,TBC,TBC,TBC,TBC,TBC,,,,,,,"Match starts at Oct 27, 11:00 GMT",,,0,0,173527.0,,,,,,,,cricbuzz,173527,
2026,T20 Challenge,13180.0,173537,2026-10-28 11:00,Super Eights,Upcoming,TBC,TBC,TBC,TBC,TBC,TBC,,,,,,,"Match starts at Oct 28, 11:00 GMT",,,0,0,173537.0,,,,,,,,cricbuzz,173537,
2026,T20 Challenge,13180.0,173547,2026-10-29 11:00,Super Eights,Upcoming,TBC,TBC,TBC,TBC,TBC,TBC,,,,,,,"Match starts at Oct 29, 11:00 GMT",,,0,0,173547.0,,,,,,,,cricbuzz,173547,
2026,T20 Challenge,13180.0,173557,2026-10-30 11:00,Super Eights,Upcoming,TBC,TBC,TBC,TBC,TBC,TBC,,,,,,,"Match starts at Oct 30, 11:00 GMT",,,0,0,173557.0,,,,,,,,cricbuzz,173557,
2026,T20 Challenge,13180.0,173567,2026-10-31 11:00,Super Eights,Upcoming,TBC,TBC,TBC,TBC,TBC,TBC,,,,,,,"Match starts at Oct 31, 11:00 GMT",,,0,0,173567.0,,,,,,,,cricbuzz,173567,
2026,T20 Challenge,13180.0,173577,2026-11-01 11:00,Super Eights,Upcoming,TBC,TBC,TBC,TBC,TBC,TBC,,,,,,,"Match starts at Nov 01, 11:00 GMT",,,0,0,173577.0,,,,,,,,cricbuzz,173577,
2026,T20 Challenge,13180.0,173587,2026-11-02 11:00,Super Eights,Upcoming,TBC,TBC,TBC,TBC,TBC,TBC,,,,,,,"Match starts at Nov 02, 11:00 GMT",,,0,0,173587.0,,,,,,,,cricbuzz,173587,
2026,T20 Challenge,13180.0,174265,2026-11-03 11:00,Super Eights,Upcoming,TBC,TBC,TBC,TBC,TBC,TBC,,,,,,,"Match starts at Nov 03, 11:00 GMT",,,0,0,174265.0,,,,,,,,cricbuzz,174265,
2026,T20 Challenge,13180.0,174276,2026-11-03 11:00,Super Eights,Upcoming,TBC,TBC,TBC,TBC,TBC,TBC,,,,,,,"Match starts at Nov 03, 11:00 GMT",,,0,0,174276.0,,,,,,,,cricbuzz,174276,
2026,T20 Challenge,13180.0,174284,2026-11-05 11:00,Super Eights,Upcoming,TBC,TBC,TBC,TBC,TBC,TBC,,,,,,,"Match starts at Nov 05, 11:00 GMT",,,0,0,174284.0,,,,,,,,cricbuzz,174284,
2026,T20 Challenge,13180.0,174285,2026-11-06 11:00,Super Eights,Upcoming,TBC,TBC,TBC,TBC,TBC,TBC,,,,,,,"Match starts at Nov 06, 11:00 GMT",,,0,0,174285.0,,,,,,,,cricbuzz,174285,
2026,T20 Challenge,13180.0,173597,2026-11-13 11:00,1st Semi-Final,Upcoming,TBC,TBC,TBC,TBC,TBC,TBC,,,,,,,"Match starts at Nov 13, 11:00 GMT",,,0,0,173597.0,,,,,,,,cricbuzz,173597,
2026,T20 Challenge,13180.0,173607,2026-11-13 16:00,2nd Semi-Final,Upcoming,TBC,TBC,TBC,TBC,TBC,TBC,,,,,,,"Match starts at Nov 13, 16:00 GMT",,,0,0,173607.0,,,,,,,,cricbuzz,173607,
2026,T20 Challenge,13180.0,173617,2026-11-14 11:00,Final,Upcoming,TBC,TBC,TBC,TBC,TBC,TBC,,,,,,,"Match starts at Nov 14, 11:00 GMT",,,0,0,173617.0,,,,,,,,cricbuzz,173617,
