cs_id,date,season,innings,team,opponent,venue,cs_player,player,balls,overs,runs,wickets
1003843,2016-11-12,2016-17,1,WPR,KNG,"New Wanderers Stadium, Johannesburg",7955eb15,RK Kleinveldt,18,3.0,15,0
1003843,2016-11-12,2016-17,1,WPR,KNG,"New Wanderers Stadium, Johannesburg",462d7c62,D Paterson,24,4.0,40,3
1003843,2016-11-12,2016-17,1,WPR,KNG,"New Wanderers Stadium, Johannesburg",a757b0d8,KA Pollard,24,4.0,29,1
1003843,2016-11-12,2016-17,1,WPR,KNG,"New Wanderers Stadium, Johannesburg",e5437608,GF Linde,24,4.0,34,2
1003843,2016-11-12,2016-17,1,WPR,KNG,"New Wanderers Stadium, Johannesburg",36ea17c1,TL Moreki,6,1.0,14,0
1003843,2016-11-12,2016-17,1,WPR,KNG,"New Wanderers Stadium, Johannesburg",91cd48e0,JF Smith,12,2.0,25,2
1003843,2016-11-12,2016-17,1,WPR,KNG,"New Wanderers Stadium, Johannesburg",955e8e86,A Mgijima,12,2.0,20,0
1003843,2016-11-12,2016-17,2,KNG,WPR,"New Wanderers Stadium, Johannesburg",d7a57f75,D du Preez,18,3.0,19,1
1003843,2016-11-12,2016-17,2,KNG,WPR,"New Wanderers Stadium, Johannesburg",d4eef961,M de Lange,20,3.2,17,3
1003843,2016-11-12,2016-17,2,KNG,WPR,"New Wanderers Stadium, Johannesburg",97b0e4ff,SC van Schalkwyk,18,3.0,31,1
1003843,2016-11-12,2016-17,2,KNG,WPR,"New Wanderers Stadium, Johannesburg",58f01d47,LM Zuma,24,4.0,20,1
1003843,2016-11-12,2016-17,2,KNG,WPR,"New Wanderers Stadium, Johannesburg",8e6827f7,T Ntuli,12,2.0,25,1
1003843,2016-11-12,2016-17,2,KNG,WPR,"New Wanderers Stadium, Johannesburg",39181592,PE Kruger,12,2.0,30,2
1003845,2016-11-12,2016-17,1,LIONS,TIT,"New Wanderers Stadium, Johannesburg",a316d663,GC Viljoen,24,4.0,34,2
1003845,2016-11-12,2016-17,1,LIONS,TIT,"New Wanderers Stadium, Johannesburg",9a2fc964,BC Fortuin,6,1.0,5,0
1003845,2016-11-12,2016-17,1,LIONS,TIT,"New Wanderers Stadium, Johannesburg",c96f6ac5,PWA Mulder,24,4.0,56,0
1003845,2016-11-12,2016-17,1,LIONS,TIT,"New Wanderers Stadium, Johannesburg",52c0576c,MK McGillivray,24,4.0,43,1
1003845,2016-11-12,2016-17,1,LIONS,TIT,"New Wanderers Stadium, Johannesburg",7f8ecc51,AM Phangiso,24,4.0,28,0
1003845,2016-11-12,2016-17,1,LIONS,TIT,"New Wanderers Stadium, Johannesburg",a7bc76a0,E Leie,18,3.0,26,1
1003845,2016-11-12,2016-17,2,TIT,LIONS,"New Wanderers Stadium, Johannesburg",c3d35165,JA Morkel,24,4.0,12,3
1003845,2016-11-12,2016-17,2,TIT,LIONS,"New Wanderers Stadium, Johannesburg",aa8d28ae,D Wiese,24,4.0,41,0
1003845,2016-11-12,2016-17,2,TIT,LIONS,"New Wanderers Stadium, Johannesburg",f834dcfc,L Ngidi,24,4.0,42,2
1003845,2016-11-12,2016-17,2,TIT,LIONS,"New Wanderers Stadium, Johannesburg",9d50c7e1,MP Siboto,18,3.0,21,2
1003845,2016-11-12,2016-17,2,TIT,LIONS,"New Wanderers Stadium, Johannesburg",ffd3fc37,S von Berg,24,4.0,24,1
1003845,2016-11-12,2016-17,2,TIT,LIONS,"New Wanderers Stadium, Johannesburg",9c9f8dbc,H Davids,6,1.0,7,0
1003847,2016-11-13,2016-17,1,WAR,DOL,"Kingsmead, Durban",1e182ae2,BD Walters,18,3.0,20,1
1003847,2016-11-13,2016-17,1,WAR,DOL,"Kingsmead, Durban",9df3a2f4,ACR Birch,24,4.0,16,3
1003847,2016-11-13,2016-17,1,WAR,DOL,"Kingsmead, Durban",8361e524,SSB Magala,24,4.0,32,1
1003847,2016-11-13,2016-17,1,WAR,DOL,"Kingsmead, Durban",e734d090,CN Ackermann,18,3.0,13,1
1003847,2016-11-13,2016-17,1,WAR,DOL,"Kingsmead, Durban",42172c3c,JT Smuts,18,3.0,18,1
1003847,2016-11-13,2016-17,1,WAR,DOL,"Kingsmead, Durban",179bea21,SSN Nqweni,18,3.0,14,2
1003847,2016-11-13,2016-17,2,DOL,WAR,"Kingsmead, Durban",8b248d88,R Frylinck,18,3.0,22,0
1003847,2016-11-13,2016-17,2,DOL,WAR,"Kingsmead, Durban",016e5101,M Shezi,17,2.5,18,0
1003847,2016-11-13,2016-17,2,DOL,WAR,"Kingsmead, Durban",ab6b1c45,AL Phehlukwayo,12,2.0,3,2
1003847,2016-11-13,2016-17,2,DOL,WAR,"Kingsmead, Durban",26d9937d,CJ Alexander,6,1.0,15,0
1003847,2016-11-13,2016-17,2,DOL,WAR,"Kingsmead, Durban",acee4cc4,Imran Tahir,18,3.0,28,1
1003847,2016-11-13,2016-17,2,DOL,WAR,"Kingsmead, Durban",afa78c3a,CS Delport,12,2.0,12,0
1003847,2016-11-13,2016-17,2,DOL,WAR,"Kingsmead, Durban",9784fb60,K Nipper,12,2.0,14,0
1003849,2016-11-16,2016-17,1,TIT,WPR,"Boland Park, Paarl",c3d35165,JA Morkel,12,2.0,13,0
1003849,2016-11-16,2016-17,1,TIT,WPR,"Boland Park, Paarl",aa8d28ae,D Wiese,18,3.0,18,1
1003849,2016-11-16,2016-17,1,TIT,WPR,"Boland Park, Paarl",f834dcfc,L Ngidi,24,4.0,21,2
1003849,2016-11-16,2016-17,1,TIT,WPR,"Boland Park, Paarl",9d50c7e1,MP Siboto,24,4.0,35,1
1003849,2016-11-16,2016-17,1,TIT,WPR,"Boland Park, Paarl",1cb14aa4,CJ Dala,24,4.0,17,2
1003849,2016-11-16,2016-17,1,TIT,WPR,"Boland Park, Paarl",ffd3fc37,S von Berg,18,3.0,31,0
1003849,2016-11-16,2016-17,2,WPR,TIT,"Boland Park, Paarl",462d7c62,D Paterson,23,3.5,24,1
1003849,2016-11-16,2016-17,2,WPR,TIT,"Boland Park, Paarl",7955eb15,RK Kleinveldt,24,4.0,34,1
1003849,2016-11-16,2016-17,2,WPR,TIT,"Boland Park, Paarl",a757b0d8,KA Pollard,18,3.0,26,0
1003849,2016-11-16,2016-17,2,WPR,TIT,"Boland Park, Paarl",e5437608,GF Linde,24,4.0,24,0
1003849,2016-11-16,2016-17,2,WPR,TIT,"Boland Park, Paarl",abd541e6,NM Serame,6,1.0,7,0
1003849,2016-11-16,2016-17,2,WPR,TIT,"Boland Park, Paarl",91cd48e0,JF Smith,18,3.0,23,1
1003855,2016-11-18,2016-17,1,TIT,KNG,"Willowmoore Park, Benoni",c3d35165,JA Morkel,24,4.0,21,2
1003855,2016-11-18,2016-17,1,TIT,KNG,"Willowmoore Park, Benoni",aa8d28ae,D Wiese,24,4.0,27,2
1003855,2016-11-18,2016-17,1,TIT,KNG,"Willowmoore Park, Benoni",f834dcfc,L Ngidi,18,3.0,23,0
1003855,2016-11-18,2016-17,1,TIT,KNG,"Willowmoore Park, Benoni",9d50c7e1,MP Siboto,24,4.0,38,1
1003855,2016-11-18,2016-17,1,TIT,KNG,"Willowmoore Park, Benoni",1cb14aa4,CJ Dala,24,4.0,57,0
1003855,2016-11-18,2016-17,1,TIT,KNG,"Willowmoore Park, Benoni",ffd3fc37,S von Berg,6,1.0,16,0
1003855,2016-11-18,2016-17,2,KNG,TIT,"Willowmoore Park, Benoni",d4eef961,M de Lange,24,4.0,34,2
1003855,2016-11-18,2016-17,2,KNG,TIT,"Willowmoore Park, Benoni",d7a57f75,D du Preez,24,4.0,37,1
1003855,2016-11-18,2016-17,2,KNG,TIT,"Willowmoore Park, Benoni",97b0e4ff,SC van Schalkwyk,23,3.5,26,0
1003855,2016-11-18,2016-17,2,KNG,TIT,"Willowmoore Park, Benoni",a8e56914,D Olivier,18,3.0,37,1
1003855,2016-11-18,2016-17,2,KNG,TIT,"Willowmoore Park, Benoni",8e6827f7,T Ntuli,6,1.0,8,0
1003855,2016-11-18,2016-17,2,KNG,TIT,"Willowmoore Park, Benoni",f8e6dbdd,DS Rosier,6,1.0,12,1
1003855,2016-11-18,2016-17,2,KNG,TIT,"Willowmoore Park, Benoni",39181592,PE Kruger,18,3.0,29,1
1003857,2016-11-20,2016-17,1,DOL,TIT,"Mangaung Oval, Bloemfontein",7ec9711d,P Subrayen,18,3.0,26,0
1003857,2016-11-20,2016-17,1,DOL,TIT,"Mangaung Oval, Bloemfontein",016e5101,M Shezi,24,4.0,37,0
1003857,2016-11-20,2016-17,1,DOL,TIT,"Mangaung Oval, Bloemfontein",8b248d88,R Frylinck,24,4.0,39,0
1003857,2016-11-20,2016-17,1,DOL,TIT,"Mangaung Oval, Bloemfontein",acee4cc4,Imran Tahir,24,4.0,38,1
1003857,2016-11-20,2016-17,1,DOL,TIT,"Mangaung Oval, Bloemfontein",d0db2e43,M Gqadushe,12,2.0,17,0
1003857,2016-11-20,2016-17,1,DOL,TIT,"Mangaung Oval, Bloemfontein",afa78c3a,CS Delport,12,2.0,11,1
1003857,2016-11-20,2016-17,1,DOL,TIT,"Mangaung Oval, Bloemfontein",9784fb60,K Nipper,6,1.0,12,1
1003857,2016-11-20,2016-17,2,TIT,DOL,"Mangaung Oval, Bloemfontein",c3d35165,JA Morkel,12,2.0,11,0
1003857,2016-11-20,2016-17,2,TIT,DOL,"Mangaung Oval, Bloemfontein",1cb14aa4,CJ Dala,24,4.0,30,3
1003857,2016-11-20,2016-17,2,TIT,DOL,"Mangaung Oval, Bloemfontein",f834dcfc,L Ngidi,24,4.0,18,1
1003857,2016-11-20,2016-17,2,TIT,DOL,"Mangaung Oval, Bloemfontein",9d50c7e1,MP Siboto,24,4.0,23,1
1003857,2016-11-20,2016-17,2,TIT,DOL,"Mangaung Oval, Bloemfontein",aa8d28ae,D Wiese,12,2.0,18,0
1003857,2016-11-20,2016-17,2,TIT,DOL,"Mangaung Oval, Bloemfontein",ffd3fc37,S von Berg,24,4.0,25,3
1003859,2016-11-20,2016-17,1,KNG,WAR,"Mangaung Oval, Bloemfontein",d4eef961,M de Lange,24,4.0,33,1
1003859,2016-11-20,2016-17,1,KNG,WAR,"Mangaung Oval, Bloemfontein",a8e56914,D Olivier,24,4.0,20,1
1003859,2016-11-20,2016-17,1,KNG,WAR,"Mangaung Oval, Bloemfontein",01dc3ec0,P Botha,12,2.0,17,0
1003859,2016-11-20,2016-17,1,KNG,WAR,"Mangaung Oval, Bloemfontein",1d105638,M Budaza,24,4.0,34,1
1003859,2016-11-20,2016-17,1,KNG,WAR,"Mangaung Oval, Bloemfontein",97b0e4ff,SC van Schalkwyk,24,4.0,39,1
1003859,2016-11-20,2016-17,1,KNG,WAR,"Mangaung Oval, Bloemfontein",39181592,PE Kruger,12,2.0,13,0
1003859,2016-11-20,2016-17,2,WAR,KNG,"Mangaung Oval, Bloemfontein",9df3a2f4,ACR Birch,20,3.2,24,2
1003859,2016-11-20,2016-17,2,WAR,KNG,"Mangaung Oval, Bloemfontein",1e182ae2,BD Walters,18,3.0,16,3
1003859,2016-11-20,2016-17,2,WAR,KNG,"Mangaung Oval, Bloemfontein",8361e524,SSB Magala,18,3.0,15,2
1003859,2016-11-20,2016-17,2,WAR,KNG,"Mangaung Oval, Bloemfontein",e734d090,CN Ackermann,18,3.0,19,0
1003859,2016-11-20,2016-17,2,WAR,KNG,"Mangaung Oval, Bloemfontein",42172c3c,JT Smuts,24,4.0,22,2
1003859,2016-11-20,2016-17,2,WAR,KNG,"Mangaung Oval, Bloemfontein",179bea21,SSN Nqweni,12,2.0,17,1
1003861,2016-11-20,2016-17,1,WPR,LIONS,"Senwes Park, Potchefstroom",462d7c62,D Paterson,24,4.0,27,1
1003861,2016-11-20,2016-17,1,WPR,LIONS,"Senwes Park, Potchefstroom",7955eb15,RK Kleinveldt,24,4.0,24,2
1003861,2016-11-20,2016-17,1,WPR,LIONS,"Senwes Park, Potchefstroom",e5437608,GF Linde,18,3.0,24,0
1003861,2016-11-20,2016-17,1,WPR,LIONS,"Senwes Park, Potchefstroom",abd541e6,NM Serame,12,2.0,14,0
1003861,2016-11-20,2016-17,1,WPR,LIONS,"Senwes Park, Potchefstroom",3a60e0b5,WD Parnell,13,2.1,24,0
1003861,2016-11-20,2016-17,1,WPR,LIONS,"Senwes Park, Potchefstroom",a757b0d8,KA Pollard,24,4.0,43,2
1003861,2016-11-20,2016-17,2,LIONS,WPR,"Senwes Park, Potchefstroom",a316d663,GC Viljoen,12,2.0,21,1
1003861,2016-11-20,2016-17,2,LIONS,WPR,"Senwes Park, Potchefstroom",01698fee,Z Pongolo,6,1.0,14,0
1003861,2016-11-20,2016-17,2,LIONS,WPR,"Senwes Park, Potchefstroom",a7bc76a0,E Leie,6,1.0,12,1
1003861,2016-11-20,2016-17,2,LIONS,WPR,"Senwes Park, Potchefstroom",7f8ecc51,AM Phangiso,6,1.0,5,0
1003861,2016-11-20,2016-17,2,LIONS,WPR,"Senwes Park, Potchefstroom",c96f6ac5,PWA Mulder,6,1.0,11,1
1003865,2016-11-25,2016-17,1,WAR,LIONS,"St George's Park, Port Elizabeth",9df3a2f4,ACR Birch,24,4.0,30,1
1003865,2016-11-25,2016-17,1,WAR,LIONS,"St George's Park, Port Elizabeth",1e182ae2,BD Walters,24,4.0,32,0
1003865,2016-11-25,2016-17,1,WAR,LIONS,"St George's Park, Port Elizabeth",8361e524,SSB Magala,24,4.0,28,1
1003865,2016-11-25,2016-17,1,WAR,LIONS,"St George's Park, Port Elizabeth",42172c3c,JT Smuts,24,4.0,15,2
1003865,2016-11-25,2016-17,1,WAR,LIONS,"St George's Park, Port Elizabeth",e734d090,CN Ackermann,18,3.0,30,0
1003865,2016-11-25,2016-17,1,WAR,LIONS,"St George's Park, Port Elizabeth",179bea21,SSN Nqweni,6,1.0,12,0
1003865,2016-11-25,2016-17,2,LIONS,WAR,"St George's Park, Port Elizabeth",a316d663,GC Viljoen,24,4.0,30,2
1003865,2016-11-25,2016-17,2,LIONS,WAR,"St George's Park, Port Elizabeth",a7bc76a0,E Leie,24,4.0,29,1
1003865,2016-11-25,2016-17,2,LIONS,WAR,"St George's Park, Port Elizabeth",c96f6ac5,PWA Mulder,18,3.0,39,0
1003865,2016-11-25,2016-17,2,LIONS,WAR,"St George's Park, Port Elizabeth",01698fee,Z Pongolo,17,2.5,33,0
1003865,2016-11-25,2016-17,2,LIONS,WAR,"St George's Park, Port Elizabeth",7f8ecc51,AM Phangiso,24,4.0,20,1
1003867,2016-11-25,2016-17,1,DOL,KNG,"Mangaung Oval, Bloemfontein",016e5101,M Shezi,18,3.0,23,0
1003867,2016-11-25,2016-17,1,DOL,KNG,"Mangaung Oval, Bloemfontein",a467273e,RJ Engelbrecht,12,2.0,16,0
1003867,2016-11-25,2016-17,1,DOL,KNG,"Mangaung Oval, Bloemfontein",8b248d88,R Frylinck,24,4.0,36,1
1003867,2016-11-25,2016-17,1,DOL,KNG,"Mangaung Oval, Bloemfontein",afa78c3a,CS Delport,24,4.0,26,3
1003867,2016-11-25,2016-17,1,DOL,KNG,"Mangaung Oval, Bloemfontein",9784fb60,K Nipper,18,3.0,22,0
1003867,2016-11-25,2016-17,1,DOL,KNG,"Mangaung Oval, Bloemfontein",acee4cc4,Imran Tahir,24,4.0,30,0
1003867,2016-11-25,2016-17,2,KNG,DOL,"Mangaung Oval, Bloemfontein",d4eef961,M de Lange,21,3.3,33,0
1003867,2016-11-25,2016-17,2,KNG,DOL,"Mangaung Oval, Bloemfontein",a8e56914,D Olivier,24,4.0,25,1
1003867,2016-11-25,2016-17,2,KNG,DOL,"Mangaung Oval, Bloemfontein",97b0e4ff,SC van Schalkwyk,18,3.0,21,1
1003867,2016-11-25,2016-17,2,KNG,DOL,"Mangaung Oval, Bloemfontein",1d105638,M Budaza,12,2.0,22,0
1003867,2016-11-25,2016-17,2,KNG,DOL,"Mangaung Oval, Bloemfontein",90d6cdea,TB de Bruyn,12,2.0,17,0
1003867,2016-11-25,2016-17,2,KNG,DOL,"Mangaung Oval, Bloemfontein",39181592,PE Kruger,18,3.0,24,0
1003867,2016-11-25,2016-17,2,KNG,DOL,"Mangaung Oval, Bloemfontein",01dc3ec0,P Botha,6,1.0,12,0
1003869,2016-11-25,2016-17,1,TIT,WPR,"SuperSport Park, Centurion",c3d35165,JA Morkel,6,1.0,9,0
1003869,2016-11-25,2016-17,1,TIT,WPR,"SuperSport Park, Centurion",aa8d28ae,D Wiese,12,2.0,18,1
1003869,2016-11-25,2016-17,1,TIT,WPR,"SuperSport Park, Centurion",f834dcfc,L Ngidi,12,2.0,31,1
1003869,2016-11-25,2016-17,1,TIT,WPR,"SuperSport Park, Centurion",537f5ab2,DL Piedt,6,1.0,9,0
1003869,2016-11-25,2016-17,1,TIT,WPR,"SuperSport Park, Centurion",1cb14aa4,CJ Dala,12,2.0,23,0
1003869,2016-11-25,2016-17,1,TIT,WPR,"SuperSport Park, Centurion",9d50c7e1,MP Siboto,12,2.0,22,2
1003869,2016-11-25,2016-17,2,WPR,TIT,"SuperSport Park, Centurion",462d7c62,D Paterson,6,1.0,6,0
1003871,2016-11-27,2016-17,1,KNG,TIT,"Diamond Oval, Kimberley",d4eef961,M de Lange,24,4.0,32,2
1003871,2016-11-27,2016-17,1,KNG,TIT,"Diamond Oval, Kimberley",a8e56914,D Olivier,24,4.0,34,1
1003871,2016-11-27,2016-17,1,KNG,TIT,"Diamond Oval, Kimberley",97b0e4ff,SC van Schalkwyk,24,4.0,34,1
1003871,2016-11-27,2016-17,1,KNG,TIT,"Diamond Oval, Kimberley",58f01d47,LM Zuma,24,4.0,27,0
1003871,2016-11-27,2016-17,1,KNG,TIT,"Diamond Oval, Kimberley",90d6cdea,TB de Bruyn,12,2.0,16,0
1003871,2016-11-27,2016-17,1,KNG,TIT,"Diamond Oval, Kimberley",39181592,PE Kruger,12,2.0,21,0
1003871,2016-11-27,2016-17,2,TIT,KNG,"Diamond Oval, Kimberley",c3d35165,JA Morkel,24,4.0,16,1
1003871,2016-11-27,2016-17,2,TIT,KNG,"Diamond Oval, Kimberley",aa8d28ae,D Wiese,24,4.0,33,2
1003871,2016-11-27,2016-17,2,TIT,KNG,"Diamond Oval, Kimberley",1cb14aa4,CJ Dala,18,3.0,28,1
1003871,2016-11-27,2016-17,2,TIT,KNG,"Diamond Oval, Kimberley",9d50c7e1,MP Siboto,18,3.0,25,2
1003871,2016-11-27,2016-17,2,TIT,KNG,"Diamond Oval, Kimberley",f834dcfc,L Ngidi,24,4.0,20,0
1003871,2016-11-27,2016-17,2,TIT,KNG,"Diamond Oval, Kimberley",537f5ab2,DL Piedt,12,2.0,26,0
1003873,2016-11-27,2016-17,1,DOL,LIONS,"New Wanderers Stadium, Johannesburg",016e5101,M Shezi,24,4.0,37,0
1003873,2016-11-27,2016-17,1,DOL,LIONS,"New Wanderers Stadium, Johannesburg",a467273e,RJ Engelbrecht,18,3.0,27,1
1003873,2016-11-27,2016-17,1,DOL,LIONS,"New Wanderers Stadium, Johannesburg",8b248d88,R Frylinck,24,4.0,34,1
1003873,2016-11-27,2016-17,1,DOL,LIONS,"New Wanderers Stadium, Johannesburg",afa78c3a,CS Delport,18,3.0,21,1
1003873,2016-11-27,2016-17,1,DOL,LIONS,"New Wanderers Stadium, Johannesburg",d0db2e43,M Gqadushe,12,2.0,22,0
1003873,2016-11-27,2016-17,1,DOL,LIONS,"New Wanderers Stadium, Johannesburg",acee4cc4,Imran Tahir,24,4.0,32,2
1003873,2016-11-27,2016-17,2,LIONS,DOL,"New Wanderers Stadium, Johannesburg",a316d663,GC Viljoen,24,4.0,37,3
1003873,2016-11-27,2016-17,2,LIONS,DOL,"New Wanderers Stadium, Johannesburg",c50bfbc2,A Myoli,12,2.0,23,1
1003873,2016-11-27,2016-17,2,LIONS,DOL,"New Wanderers Stadium, Johannesburg",52c0576c,MK McGillivray,24,4.0,43,2
1003873,2016-11-27,2016-17,2,LIONS,DOL,"New Wanderers Stadium, Johannesburg",a7bc76a0,E Leie,12,2.0,16,0
1003873,2016-11-27,2016-17,2,LIONS,DOL,"New Wanderers Stadium, Johannesburg",7f8ecc51,AM Phangiso,24,4.0,25,0
1003873,2016-11-27,2016-17,2,LIONS,DOL,"New Wanderers Stadium, Johannesburg",9a2fc964,BC Fortuin,24,4.0,23,3
1003875,2016-11-30,2016-17,1,WAR,KNG,"St George's Park, Port Elizabeth",9df3a2f4,ACR Birch,24,4.0,30,2
1003875,2016-11-30,2016-17,1,WAR,KNG,"St George's Park, Port Elizabeth",1e182ae2,BD Walters,12,2.0,7,0
1003875,2016-11-30,2016-17,1,WAR,KNG,"St George's Park, Port Elizabeth",8361e524,SSB Magala,22,3.4,14,1
1003875,2016-11-30,2016-17,1,WAR,KNG,"St George's Park, Port Elizabeth",42172c3c,JT Smuts,24,4.0,13,2
1003875,2016-11-30,2016-17,1,WAR,KNG,"St George's Park, Port Elizabeth",a83c44b8,A Gqamane,12,2.0,10,2
1003875,2016-11-30,2016-17,1,WAR,KNG,"St George's Park, Port Elizabeth",e734d090,CN Ackermann,24,4.0,17,2
1003875,2016-11-30,2016-17,2,KNG,WAR,"St George's Park, Port Elizabeth",d4eef961,M de Lange,18,3.0,27,0
1003875,2016-11-30,2016-17,2,KNG,WAR,"St George's Park, Port Elizabeth",a8e56914,D Olivier,14,2.2,28,0
1003875,2016-11-30,2016-17,2,KNG,WAR,"St George's Park, Port Elizabeth",97b0e4ff,SC van Schalkwyk,24,4.0,24,1
1003875,2016-11-30,2016-17,2,KNG,WAR,"St George's Park, Port Elizabeth",58f01d47,LM Zuma,6,1.0,12,0
1003875,2016-11-30,2016-17,2,KNG,WAR,"St George's Park, Port Elizabeth",cba5185d,AR Swanepoel,6,1.0,1,1
1003877,2016-11-30,2016-17,1,DOL,TIT,"Kingsmead, Durban",7ec9711d,P Subrayen,24,4.0,27,1
1003877,2016-11-30,2016-17,1,DOL,TIT,"Kingsmead, Durban",016e5101,M Shezi,18,3.0,28,0
1003877,2016-11-30,2016-17,1,DOL,TIT,"Kingsmead, Durban",26d9937d,CJ Alexander,12,2.0,21,0
1003877,2016-11-30,2016-17,1,DOL,TIT,"Kingsmead, Durban",8b248d88,R Frylinck,24,4.0,37,2
1003877,2016-11-30,2016-17,1,DOL,TIT,"Kingsmead, Durban",afa78c3a,CS Delport,24,4.0,23,1
1003877,2016-11-30,2016-17,1,DOL,TIT,"Kingsmead, Durban",acee4cc4,Imran Tahir,12,2.0,25,0
1003877,2016-11-30,2016-17,1,DOL,TIT,"Kingsmead, Durban",d0db2e43,M Gqadushe,6,1.0,8,0
1003877,2016-11-30,2016-17,2,TIT,DOL,"Kingsmead, Durban",c3d35165,JA Morkel,18,3.0,34,1
1003877,2016-11-30,2016-17,2,TIT,DOL,"Kingsmead, Durban",aa8d28ae,D Wiese,24,4.0,24,0
1003877,2016-11-30,2016-17,2,TIT,DOL,"Kingsmead, Durban",f834dcfc,L Ngidi,24,4.0,31,0
1003877,2016-11-30,2016-17,2,TIT,DOL,"Kingsmead, Durban",9d50c7e1,MP Siboto,12,2.0,29,0
1003877,2016-11-30,2016-17,2,TIT,DOL,"Kingsmead, Durban",1cb14aa4,CJ Dala,14,2.2,25,1
1003877,2016-11-30,2016-17,2,TIT,DOL,"Kingsmead, Durban",ffd3fc37,S von Berg,24,4.0,26,2
1003879,2016-12-02,2016-17,1,KNG,LIONS,"Diamond Oval, Kimberley",a8e56914,D Olivier,24,4.0,44,0
1003879,2016-12-02,2016-17,1,KNG,LIONS,"Diamond Oval, Kimberley",d4eef961,M de Lange,24,4.0,32,1
1003879,2016-12-02,2016-17,1,KNG,LIONS,"Diamond Oval, Kimberley",97b0e4ff,SC van Schalkwyk,24,4.0,27,1
1003879,2016-12-02,2016-17,1,KNG,LIONS,"Diamond Oval, Kimberley",58f01d47,LM Zuma,12,2.0,31,0
1003879,2016-12-02,2016-17,1,KNG,LIONS,"Diamond Oval, Kimberley",cba5185d,AR Swanepoel,18,3.0,20,1
1003879,2016-12-02,2016-17,1,KNG,LIONS,"Diamond Oval, Kimberley",90d6cdea,TB de Bruyn,18,3.0,28,1
1003879,2016-12-02,2016-17,2,LIONS,KNG,"Diamond Oval, Kimberley",a316d663,GC Viljoen,24,4.0,24,1
1003879,2016-12-02,2016-17,2,LIONS,KNG,"Diamond Oval, Kimberley",11614d87,D Pretorius,18,3.0,31,0
1003879,2016-12-02,2016-17,2,LIONS,KNG,"Diamond Oval, Kimberley",52c0576c,MK McGillivray,12,2.0,12,1
1003879,2016-12-02,2016-17,2,LIONS,KNG,"Diamond Oval, Kimberley",7f8ecc51,AM Phangiso,24,4.0,23,0
1003879,2016-12-02,2016-17,2,LIONS,KNG,"Diamond Oval, Kimberley",a7bc76a0,E Leie,18,3.0,29,0
1003879,2016-12-02,2016-17,2,LIONS,KNG,"Diamond Oval, Kimberley",9a2fc964,BC Fortuin,24,4.0,39,4
1003881,2016-12-02,2016-17,1,WAR,TIT,"SuperSport Park, Centurion",9df3a2f4,ACR Birch,20,3.2,16,5
1003881,2016-12-02,2016-17,1,WAR,TIT,"SuperSport Park, Centurion",1e182ae2,BD Walters,24,4.0,24,1
1003881,2016-12-02,2016-17,1,WAR,TIT,"SuperSport Park, Centurion",a83c44b8,A Gqamane,12,2.0,22,0
1003881,2016-12-02,2016-17,1,WAR,TIT,"SuperSport Park, Centurion",8361e524,SSB Magala,24,4.0,43,2
1003881,2016-12-02,2016-17,1,WAR,TIT,"SuperSport Park, Centurion",42172c3c,JT Smuts,18,3.0,15,0
1003881,2016-12-02,2016-17,1,WAR,TIT,"SuperSport Park, Centurion",e734d090,CN Ackermann,18,3.0,24,1
1003881,2016-12-02,2016-17,2,TIT,WAR,"SuperSport Park, Centurion",c3d35165,JA Morkel,18,3.0,16,2
1003881,2016-12-02,2016-17,2,TIT,WAR,"SuperSport Park, Centurion",aa8d28ae,D Wiese,24,4.0,29,0
1003881,2016-12-02,2016-17,2,TIT,WAR,"SuperSport Park, Centurion",f834dcfc,L Ngidi,12,2.0,24,0
1003881,2016-12-02,2016-17,2,TIT,WAR,"SuperSport Park, Centurion",1cb14aa4,CJ Dala,17,2.5,34,1
1003881,2016-12-02,2016-17,2,TIT,WAR,"SuperSport Park, Centurion",9d50c7e1,MP Siboto,6,1.0,14,0
1003881,2016-12-02,2016-17,2,TIT,WAR,"SuperSport Park, Centurion",a03bba42,T Shamsi,24,4.0,18,1
1003881,2016-12-02,2016-17,2,TIT,WAR,"SuperSport Park, Centurion",6a26221c,AK Markram,12,2.0,13,0
1003883,2016-12-04,2016-17,1,WAR,LIONS,"Kingsmead, Durban",1e182ae2,BD Walters,12,2.0,33,0
1003883,2016-12-04,2016-17,1,WAR,LIONS,"Kingsmead, Durban",9df3a2f4,ACR Birch,17,2.5,13,1
1003883,2016-12-04,2016-17,1,WAR,LIONS,"Kingsmead, Durban",8361e524,SSB Magala,18,3.0,23,1
1003883,2016-12-04,2016-17,1,WAR,LIONS,"Kingsmead, Durban",c995d726,CA Ingram,24,4.0,22,2
1003883,2016-12-04,2016-17,1,WAR,LIONS,"Kingsmead, Durban",42172c3c,JT Smuts,18,3.0,25,1
1003883,2016-12-04,2016-17,1,WAR,LIONS,"Kingsmead, Durban",e734d090,CN Ackermann,24,4.0,23,3
1003883,2016-12-04,2016-17,1,WAR,LIONS,"Kingsmead, Durban",a83c44b8,A Gqamane,6,1.0,10,1
1003883,2016-12-04,2016-17,2,LIONS,WAR,"Kingsmead, Durban",9a2fc964,BC Fortuin,24,4.0,22,2
1003883,2016-12-04,2016-17,2,LIONS,WAR,"Kingsmead, Durban",a316d663,GC Viljoen,24,4.0,16,3
1003883,2016-12-04,2016-17,2,LIONS,WAR,"Kingsmead, Durban",11614d87,D Pretorius,18,3.0,33,2
1003883,2016-12-04,2016-17,2,LIONS,WAR,"Kingsmead, Durban",52c0576c,MK McGillivray,12,2.0,20,0
1003883,2016-12-04,2016-17,2,LIONS,WAR,"Kingsmead, Durban",7f8ecc51,AM Phangiso,18,3.0,32,0
1003883,2016-12-04,2016-17,2,LIONS,WAR,"Kingsmead, Durban",a7bc76a0,E Leie,24,4.0,28,3
1003885,2016-12-04,2016-17,1,WPR,DOL,"Kingsmead, Durban",55f33b32,JL Ontong,6,1.0,15,0
1003885,2016-12-04,2016-17,1,WPR,DOL,"Kingsmead, Durban",462d7c62,D Paterson,24,4.0,30,0
1003885,2016-12-04,2016-17,1,WPR,DOL,"Kingsmead, Durban",7955eb15,RK Kleinveldt,18,3.0,31,3
1003885,2016-12-04,2016-17,1,WPR,DOL,"Kingsmead, Durban",e5437608,GF Linde,24,4.0,33,0
1003885,2016-12-04,2016-17,1,WPR,DOL,"Kingsmead, Durban",3a60e0b5,WD Parnell,24,4.0,29,0
1003885,2016-12-04,2016-17,1,WPR,DOL,"Kingsmead, Durban",abd541e6,NM Serame,12,2.0,23,2
1003885,2016-12-04,2016-17,1,WPR,DOL,"Kingsmead, Durban",a757b0d8,KA Pollard,12,2.0,13,0
1003885,2016-12-04,2016-17,2,DOL,WPR,"Kingsmead, Durban",016e5101,M Shezi,21,3.3,33,1
1003885,2016-12-04,2016-17,2,DOL,WPR,"Kingsmead, Durban",8b248d88,R Frylinck,18,3.0,26,0
1003885,2016-12-04,2016-17,2,DOL,WPR,"Kingsmead, Durban",0b60eb09,KA Maharaj,24,4.0,27,0
1003885,2016-12-04,2016-17,2,DOL,WPR,"Kingsmead, Durban",acee4cc4,Imran Tahir,24,4.0,38,1
1003885,2016-12-04,2016-17,2,DOL,WPR,"Kingsmead, Durban",afa78c3a,CS Delport,19,3.1,33,0
1003885,2016-12-04,2016-17,2,DOL,WPR,"Kingsmead, Durban",7ec9711d,P Subrayen,6,1.0,19,0
1003887,2016-12-07,2016-17,1,WPR,KNG,"Newlands, Cape Town",462d7c62,D Paterson,24,4.0,37,1
1003887,2016-12-07,2016-17,1,WPR,KNG,"Newlands, Cape Town",7955eb15,RK Kleinveldt,24,4.0,21,1
1003887,2016-12-07,2016-17,1,WPR,KNG,"Newlands, Cape Town",e5437608,GF Linde,24,4.0,26,1
1003887,2016-12-07,2016-17,1,WPR,KNG,"Newlands, Cape Town",abd541e6,NM Serame,6,1.0,16,0
1003887,2016-12-07,2016-17,1,WPR,KNG,"Newlands, Cape Town",3a60e0b5,WD Parnell,24,4.0,20,3
1003887,2016-12-07,2016-17,1,WPR,KNG,"Newlands, Cape Town",a757b0d8,KA Pollard,18,3.0,18,2
1003887,2016-12-07,2016-17,2,KNG,WPR,"Newlands, Cape Town",d7a57f75,D du Preez,16,2.4,29,0
1003887,2016-12-07,2016-17,2,KNG,WPR,"Newlands, Cape Town",7bc29ffb,CA Dry,18,3.0,31,0
1003887,2016-12-07,2016-17,2,KNG,WPR,"Newlands, Cape Town",97b0e4ff,SC van Schalkwyk,12,2.0,22,0
1003887,2016-12-07,2016-17,2,KNG,WPR,"Newlands, Cape Town",58f01d47,LM Zuma,6,1.0,14,0
1003887,2016-12-07,2016-17,2,KNG,WPR,"Newlands, Cape Town",1d105638,M Budaza,12,2.0,24,1
1003887,2016-12-07,2016-17,2,KNG,WPR,"Newlands, Cape Town",cba5185d,AR Swanepoel,24,4.0,25,1
1003889,2016-12-07,2016-17,1,WAR,DOL,"Buffalo Park, East London",1e182ae2,BD Walters,24,4.0,46,3
1003889,2016-12-07,2016-17,1,WAR,DOL,"Buffalo Park, East London",9df3a2f4,ACR Birch,18,3.0,44,0
1003889,2016-12-07,2016-17,1,WAR,DOL,"Buffalo Park, East London",42172c3c,JT Smuts,24,4.0,23,0
1003889,2016-12-07,2016-17,1,WAR,DOL,"Buffalo Park, East London",8361e524,SSB Magala,24,4.0,39,2
1003889,2016-12-07,2016-17,1,WAR,DOL,"Buffalo Park, East London",e734d090,CN Ackermann,6,1.0,12,0
1003889,2016-12-07,2016-17,1,WAR,DOL,"Buffalo Park, East London",c995d726,CA Ingram,12,2.0,17,0
1003889,2016-12-07,2016-17,1,WAR,DOL,"Buffalo Park, East London",a83c44b8,A Gqamane,6,1.0,21,0
1003889,2016-12-07,2016-17,1,WAR,DOL,"Buffalo Park, East London",a81d6706,C Jonker,6,1.0,11,0
1003889,2016-12-07,2016-17,2,DOL,WAR,"Buffalo Park, East London",016e5101,M Shezi,24,4.0,37,2
1003889,2016-12-07,2016-17,2,DOL,WAR,"Buffalo Park, East London",0b60eb09,KA Maharaj,12,2.0,39,0
1003889,2016-12-07,2016-17,2,DOL,WAR,"Buffalo Park, East London",8b248d88,R Frylinck,24,4.0,48,0
1003889,2016-12-07,2016-17,2,DOL,WAR,"Buffalo Park, East London",1b42a100,BS Makhanya,18,3.0,27,0
1003889,2016-12-07,2016-17,2,DOL,WAR,"Buffalo Park, East London",acee4cc4,Imran Tahir,24,4.0,34,1
1003889,2016-12-07,2016-17,2,DOL,WAR,"Buffalo Park, East London",afa78c3a,CS Delport,12,2.0,26,0
1003891,2016-12-07,2016-17,1,LIONS,TIT,"SuperSport Park, Centurion",a316d663,GC Viljoen,24,4.0,47,1
1003891,2016-12-07,2016-17,1,LIONS,TIT,"SuperSport Park, Centurion",11614d87,D Pretorius,24,4.0,45,0
1003891,2016-12-07,2016-17,1,LIONS,TIT,"SuperSport Park, Centurion",52c0576c,MK McGillivray,13,2.1,29,0
1003891,2016-12-07,2016-17,1,LIONS,TIT,"SuperSport Park, Centurion",9a2fc964,BC Fortuin,23,3.5,30,1
1003891,2016-12-07,2016-17,1,LIONS,TIT,"SuperSport Park, Centurion",a7bc76a0,E Leie,18,3.0,42,1
1003891,2016-12-07,2016-17,1,LIONS,TIT,"SuperSport Park, Centurion",7f8ecc51,AM Phangiso,18,3.0,28,2
1003891,2016-12-07,2016-17,2,TIT,LIONS,"SuperSport Park, Centurion",c3d35165,JA Morkel,12,2.0,23,0
1003891,2016-12-07,2016-17,2,TIT,LIONS,"SuperSport Park, Centurion",aa8d28ae,D Wiese,24,4.0,21,1
1003891,2016-12-07,2016-17,2,TIT,LIONS,"SuperSport Park, Centurion",1cb14aa4,CJ Dala,24,4.0,40,2
1003891,2016-12-07,2016-17,2,TIT,LIONS,"SuperSport Park, Centurion",f834dcfc,L Ngidi,24,4.0,42,1
1003891,2016-12-07,2016-17,2,TIT,LIONS,"SuperSport Park, Centurion",9d50c7e1,MP Siboto,12,2.0,27,3
1003891,2016-12-07,2016-17,2,TIT,LIONS,"SuperSport Park, Centurion",a03bba42,T Shamsi,24,4.0,31,0
1003895,2016-12-09,2016-17,1,KNG,LIONS,"Senwes Park, Potchefstroom",d7a57f75,D du Preez,24,4.0,25,1
1003895,2016-12-09,2016-17,1,KNG,LIONS,"Senwes Park, Potchefstroom",7bc29ffb,CA Dry,24,4.0,27,2
1003895,2016-12-09,2016-17,1,KNG,LIONS,"Senwes Park, Potchefstroom",1d105638,M Budaza,24,4.0,10,1
1003895,2016-12-09,2016-17,1,KNG,LIONS,"Senwes Park, Potchefstroom",58f01d47,LM Zuma,18,3.0,21,0
1003895,2016-12-09,2016-17,1,KNG,LIONS,"Senwes Park, Potchefstroom",39181592,PE Kruger,12,2.0,16,0
1003895,2016-12-09,2016-17,1,KNG,LIONS,"Senwes Park, Potchefstroom",cba5185d,AR Swanepoel,12,2.0,16,1
1003895,2016-12-09,2016-17,1,KNG,LIONS,"Senwes Park, Potchefstroom",6e6fb538,JL du Plooy,6,1.0,5,0
1003895,2016-12-09,2016-17,2,LIONS,KNG,"Senwes Park, Potchefstroom",a316d663,GC Viljoen,24,4.0,25,1
1003895,2016-12-09,2016-17,2,LIONS,KNG,"Senwes Park, Potchefstroom",11614d87,D Pretorius,12,2.0,13,1
1003895,2016-12-09,2016-17,2,LIONS,KNG,"Senwes Park, Potchefstroom",c96f6ac5,PWA Mulder,18,3.0,16,0
1003895,2016-12-09,2016-17,2,LIONS,KNG,"Senwes Park, Potchefstroom",9a2fc964,BC Fortuin,24,4.0,21,0
1003895,2016-12-09,2016-17,2,LIONS,KNG,"Senwes Park, Potchefstroom",a7bc76a0,E Leie,18,3.0,21,0
1003895,2016-12-09,2016-17,2,LIONS,KNG,"Senwes Park, Potchefstroom",7f8ecc51,AM Phangiso,12,2.0,16,0
1003899,2016-12-11,2016-17,1,WAR,TIT,"Buffalo Park, East London",9df3a2f4,ACR Birch,6,1.0,7,0
1003899,2016-12-11,2016-17,1,WAR,TIT,"Buffalo Park, East London",1e182ae2,BD Walters,6,1.0,4,1
1003899,2016-12-11,2016-17,1,WAR,TIT,"Buffalo Park, East London",42172c3c,JT Smuts,6,1.0,24,0
1003899,2016-12-11,2016-17,1,WAR,TIT,"Buffalo Park, East London",8361e524,SSB Magala,6,1.0,27,0
1003899,2016-12-11,2016-17,1,WAR,TIT,"Buffalo Park, East London",a9da7784,KJ Abbott,6,1.0,18,0
1003899,2016-12-11,2016-17,2,TIT,WAR,"Buffalo Park, East London",f834dcfc,L Ngidi,6,1.0,19,0
1003899,2016-12-11,2016-17,2,TIT,WAR,"Buffalo Park, East London",1cb14aa4,CJ Dala,6,1.0,14,1
1003899,2016-12-11,2016-17,2,TIT,WAR,"Buffalo Park, East London",c3d35165,JA Morkel,6,1.0,20,0
1003899,2016-12-11,2016-17,2,TIT,WAR,"Buffalo Park, East London",aa8d28ae,D Wiese,6,1.0,6,1
1003899,2016-12-11,2016-17,2,TIT,WAR,"Buffalo Park, East London",9d50c7e1,MP Siboto,6,1.0,15,0
1003901,2016-12-11,2016-17,1,KNG,DOL,"Kingsmead, Durban",d7a57f75,D du Preez,12,2.0,9,1
1003901,2016-12-11,2016-17,1,KNG,DOL,"Kingsmead, Durban",7bc29ffb,CA Dry,12,2.0,23,0
1003901,2016-12-11,2016-17,1,KNG,DOL,"Kingsmead, Durban",58f01d47,LM Zuma,6,1.0,7,1
1003901,2016-12-11,2016-17,1,KNG,DOL,"Kingsmead, Durban",1d105638,M Budaza,12,2.0,13,2
1003901,2016-12-11,2016-17,1,KNG,DOL,"Kingsmead, Durban",39181592,PE Kruger,6,1.0,4,1
1003901,2016-12-11,2016-17,2,DOL,KNG,"Kingsmead, Durban",016e5101,M Shezi,6,1.0,8,1
1003901,2016-12-11,2016-17,2,DOL,KNG,"Kingsmead, Durban",8b248d88,R Frylinck,6,1.0,20,0
1003901,2016-12-11,2016-17,2,DOL,KNG,"Kingsmead, Durban",acee4cc4,Imran Tahir,12,2.0,11,0
1003901,2016-12-11,2016-17,2,DOL,KNG,"Kingsmead, Durban",1b42a100,BS Makhanya,6,1.0,6,0
1003901,2016-12-11,2016-17,2,DOL,KNG,"Kingsmead, Durban",7ec9711d,P Subrayen,6,1.0,15,0
1003901,2016-12-11,2016-17,2,DOL,KNG,"Kingsmead, Durban",afa78c3a,CS Delport,0,0.0,5,0
1003903,2016-12-13,2016-17,1,WAR,LIONS,"St George's Park, Port Elizabeth",1e182ae2,BD Walters,12,2.0,18,0
1003903,2016-12-13,2016-17,1,WAR,LIONS,"St George's Park, Port Elizabeth",a9da7784,KJ Abbott,18,3.0,24,0
1003903,2016-12-13,2016-17,1,WAR,LIONS,"St George's Park, Port Elizabeth",8361e524,SSB Magala,18,3.0,26,2
1003903,2016-12-13,2016-17,1,WAR,LIONS,"St George's Park, Port Elizabeth",c995d726,CA Ingram,24,4.0,24,2
1003903,2016-12-13,2016-17,1,WAR,LIONS,"St George's Park, Port Elizabeth",42172c3c,JT Smuts,24,4.0,17,1
1003903,2016-12-13,2016-17,1,WAR,LIONS,"St George's Park, Port Elizabeth",e734d090,CN Ackermann,12,2.0,9,0
1003903,2016-12-13,2016-17,1,WAR,LIONS,"St George's Park, Port Elizabeth",a83c44b8,A Gqamane,12,2.0,14,1
1003903,2016-12-13,2016-17,2,LIONS,WAR,"St George's Park, Port Elizabeth",a316d663,GC Viljoen,20,3.2,25,1
1003903,2016-12-13,2016-17,2,LIONS,WAR,"St George's Park, Port Elizabeth",9a2fc964,BC Fortuin,24,4.0,35,0
1003903,2016-12-13,2016-17,2,LIONS,WAR,"St George's Park, Port Elizabeth",11614d87,D Pretorius,18,3.0,17,1
1003903,2016-12-13,2016-17,2,LIONS,WAR,"St George's Park, Port Elizabeth",c96f6ac5,PWA Mulder,6,1.0,13,0
1003903,2016-12-13,2016-17,2,LIONS,WAR,"St George's Park, Port Elizabeth",a7bc76a0,E Leie,18,3.0,19,0
1003903,2016-12-13,2016-17,2,LIONS,WAR,"St George's Park, Port Elizabeth",7f8ecc51,AM Phangiso,24,4.0,24,1
1003905,2016-12-16,2016-17,1,WAR,TIT,"SuperSport Park, Centurion",a9da7784,KJ Abbott,24,4.0,27,1
1003905,2016-12-16,2016-17,1,WAR,TIT,"SuperSport Park, Centurion",1e182ae2,BD Walters,18,3.0,15,1
1003905,2016-12-16,2016-17,1,WAR,TIT,"SuperSport Park, Centurion",8361e524,SSB Magala,24,4.0,40,0
1003905,2016-12-16,2016-17,1,WAR,TIT,"SuperSport Park, Centurion",42172c3c,JT Smuts,12,2.0,16,0
1003905,2016-12-16,2016-17,1,WAR,TIT,"SuperSport Park, Centurion",e734d090,CN Ackermann,12,2.0,20,0
1003905,2016-12-16,2016-17,1,WAR,TIT,"SuperSport Park, Centurion",c995d726,CA Ingram,24,4.0,24,1
1003905,2016-12-16,2016-17,1,WAR,TIT,"SuperSport Park, Centurion",a83c44b8,A Gqamane,6,1.0,8,1
1003905,2016-12-16,2016-17,2,TIT,WAR,"SuperSport Park, Centurion",c3d35165,JA Morkel,5,0.5,5,1
1003905,2016-12-16,2016-17,2,TIT,WAR,"SuperSport Park, Centurion",dce2019b,F Behardien,1,0.1,0,0
1003905,2016-12-16,2016-17,2,TIT,WAR,"SuperSport Park, Centurion",6a26221c,AK Markram,6,1.0,7,0
1003905,2016-12-16,2016-17,2,TIT,WAR,"SuperSport Park, Centurion",aa8d28ae,D Wiese,24,4.0,31,1
1003905,2016-12-16,2016-17,2,TIT,WAR,"SuperSport Park, Centurion",f834dcfc,L Ngidi,24,4.0,27,2
1003905,2016-12-16,2016-17,2,TIT,WAR,"SuperSport Park, Centurion",9d50c7e1,MP Siboto,12,2.0,15,0
1003905,2016-12-16,2016-17,2,TIT,WAR,"SuperSport Park, Centurion",a03bba42,T Shamsi,24,4.0,36,2
1003905,2016-12-16,2016-17,2,TIT,WAR,"SuperSport Park, Centurion",1cb14aa4,CJ Dala,24,4.0,25,0
1124658,2017-11-10,2017-18,1,KNG,WAR,"St George's Park, Port Elizabeth",d4eef961,M de Lange,24,4.0,25,2
1124658,2017-11-10,2017-18,1,KNG,WAR,"St George's Park, Port Elizabeth",c654af19,R McLaren,24,4.0,44,0
1124658,2017-11-10,2017-18,1,KNG,WAR,"St George's Park, Port Elizabeth",97b0e4ff,SC van Schalkwyk,24,4.0,25,3
1124658,2017-11-10,2017-18,1,KNG,WAR,"St George's Park, Port Elizabeth",cba5185d,AR Swanepoel,24,4.0,37,1
1124658,2017-11-10,2017-18,1,KNG,WAR,"St George's Park, Port Elizabeth",a7bc76a0,E Leie,24,4.0,16,2
1124658,2017-11-10,2017-18,2,WAR,KNG,"St George's Park, Port Elizabeth",9df3a2f4,ACR Birch,24,4.0,37,1
1124658,2017-11-10,2017-18,2,WAR,KNG,"St George's Park, Port Elizabeth",1e182ae2,BD Walters,18,3.0,30,1
1124658,2017-11-10,2017-18,2,WAR,KNG,"St George's Park, Port Elizabeth",8361e524,SSB Magala,24,4.0,23,0
1124658,2017-11-10,2017-18,2,WAR,KNG,"St George's Park, Port Elizabeth",a83c44b8,A Gqamane,6,1.0,9,0
1124658,2017-11-10,2017-18,2,WAR,KNG,"St George's Park, Port Elizabeth",42172c3c,JT Smuts,6,1.0,9,0
1124658,2017-11-10,2017-18,2,WAR,KNG,"St George's Park, Port Elizabeth",e734d090,CN Ackermann,18,3.0,37,0
1124658,2017-11-10,2017-18,2,WAR,KNG,"St George's Park, Port Elizabeth",c995d726,CA Ingram,12,2.0,9,0
1124659,2017-11-12,2017-18,1,WPR,DOL,"SuperSport Park, Centurion",cfe70281,VD Philander,24,4.0,49,1
1124659,2017-11-12,2017-18,1,WPR,DOL,"SuperSport Park, Centurion",462d7c62,D Paterson,24,4.0,44,0
1124659,2017-11-12,2017-18,1,WPR,DOL,"SuperSport Park, Centurion",7955eb15,RK Kleinveldt,18,3.0,36,0
1124659,2017-11-12,2017-18,1,WPR,DOL,"SuperSport Park, Centurion",e5437608,GF Linde,12,2.0,19,0
1124659,2017-11-12,2017-18,1,WPR,DOL,"SuperSport Park, Centurion",6ed11905,M Nabe,24,4.0,38,1
1124659,2017-11-12,2017-18,1,WPR,DOL,"SuperSport Park, Centurion",2e8994e7,JP Duminy,18,3.0,40,0
1124659,2017-11-12,2017-18,2,DOL,WPR,"SuperSport Park, Centurion",0b60eb09,KA Maharaj,18,3.0,23,1
1124659,2017-11-12,2017-18,2,DOL,WPR,"SuperSport Park, Centurion",8b248d88,R Frylinck,12,2.0,14,1
1124659,2017-11-12,2017-18,2,DOL,WPR,"SuperSport Park, Centurion",28d6c44d,E Bosch,6,1.0,15,0
1124659,2017-11-12,2017-18,2,DOL,WPR,"SuperSport Park, Centurion",0fd147f7,S Nhlebela,6,1.0,16,0
1124659,2017-11-12,2017-18,2,DOL,WPR,"SuperSport Park, Centurion",ab6b1c45,AL Phehlukwayo,12,2.0,23,0
1124659,2017-11-12,2017-18,2,DOL,WPR,"SuperSport Park, Centurion",7ec9711d,P Subrayen,6,1.0,17,0
1124661,2017-11-15,2017-18,1,KNG,TIT,"Diamond Oval, Kimberley",d4eef961,M de Lange,24,4.0,39,1
1124661,2017-11-15,2017-18,1,KNG,TIT,"Diamond Oval, Kimberley",c654af19,R McLaren,18,3.0,32,0
1124661,2017-11-15,2017-18,1,KNG,TIT,"Diamond Oval, Kimberley",97b0e4ff,SC van Schalkwyk,24,4.0,38,1
1124661,2017-11-15,2017-18,1,KNG,TIT,"Diamond Oval, Kimberley",cba5185d,AR Swanepoel,24,4.0,38,1
1124661,2017-11-15,2017-18,1,KNG,TIT,"Diamond Oval, Kimberley",a7bc76a0,E Leie,24,4.0,33,0
1124661,2017-11-15,2017-18,1,KNG,TIT,"Diamond Oval, Kimberley",8e6827f7,T Ntuli,6,1.0,11,0
1124661,2017-11-15,2017-18,2,TIT,KNG,"Diamond Oval, Kimberley",c3d35165,JA Morkel,12,2.0,10,1
1124661,2017-11-15,2017-18,2,TIT,KNG,"Diamond Oval, Kimberley",8fd1a8f5,DW Steyn,18,3.0,25,1
1124661,2017-11-15,2017-18,2,TIT,KNG,"Diamond Oval, Kimberley",f834dcfc,L Ngidi,18,3.0,21,0
1124661,2017-11-15,2017-18,2,TIT,KNG,"Diamond Oval, Kimberley",1cb14aa4,CJ Dala,24,4.0,33,1
1124661,2017-11-15,2017-18,2,TIT,KNG,"Diamond Oval, Kimberley",9d50c7e1,MP Siboto,24,4.0,38,2
1124661,2017-11-15,2017-18,2,TIT,KNG,"Diamond Oval, Kimberley",a03bba42,T Shamsi,24,4.0,30,2
1124662,2017-11-17,2017-18,1,WAR,TIT,"Buffalo Park, East London",9df3a2f4,ACR Birch,24,4.0,22,0
1124662,2017-11-17,2017-18,1,WAR,TIT,"Buffalo Park, East London",1e182ae2,BD Walters,24,4.0,15,1
1124662,2017-11-17,2017-18,1,WAR,TIT,"Buffalo Park, East London",8361e524,SSB Magala,24,4.0,52,1
1124662,2017-11-17,2017-18,1,WAR,TIT,"Buffalo Park, East London",e734d090,CN Ackermann,12,2.0,18,0
1124662,2017-11-17,2017-18,1,WAR,TIT,"Buffalo Park, East London",42172c3c,JT Smuts,12,2.0,22,0
1124662,2017-11-17,2017-18,1,WAR,TIT,"Buffalo Park, East London",179bea21,SSN Nqweni,12,2.0,18,1
1124662,2017-11-17,2017-18,1,WAR,TIT,"Buffalo Park, East London",a83c44b8,A Gqamane,6,1.0,14,0
1124662,2017-11-17,2017-18,1,WAR,TIT,"Buffalo Park, East London",ab446fe9,KR Smuts,6,1.0,6,1
1124662,2017-11-17,2017-18,2,TIT,WAR,"Buffalo Park, East London",6a26221c,AK Markram,24,4.0,21,3
1124662,2017-11-17,2017-18,2,TIT,WAR,"Buffalo Park, East London",8fd1a8f5,DW Steyn,18,3.0,20,1
1124662,2017-11-17,2017-18,2,TIT,WAR,"Buffalo Park, East London",f834dcfc,L Ngidi,14,2.2,14,4
1124662,2017-11-17,2017-18,2,TIT,WAR,"Buffalo Park, East London",1cb14aa4,CJ Dala,6,1.0,17,0
1124662,2017-11-17,2017-18,2,TIT,WAR,"Buffalo Park, East London",a03bba42,T Shamsi,18,3.0,25,2
1124662,2017-11-17,2017-18,2,TIT,WAR,"Buffalo Park, East London",9d50c7e1,MP Siboto,6,1.0,14,0
1124664,2017-11-17,2017-18,1,LIONS,WPR,"New Wanderers Stadium, Johannesburg",e62dd25d,K Rabada,24,4.0,19,2
1124664,2017-11-17,2017-18,1,LIONS,WPR,"New Wanderers Stadium, Johannesburg",b56dc5f7,BE Hendricks,18,3.0,34,0
1124664,2017-11-17,2017-18,1,LIONS,WPR,"New Wanderers Stadium, Johannesburg",a316d663,GC Viljoen,24,4.0,29,0
1124664,2017-11-17,2017-18,1,LIONS,WPR,"New Wanderers Stadium, Johannesburg",11614d87,D Pretorius,18,3.0,36,0
1124664,2017-11-17,2017-18,1,LIONS,WPR,"New Wanderers Stadium, Johannesburg",7f8ecc51,AM Phangiso,18,3.0,25,2
1124664,2017-11-17,2017-18,1,LIONS,WPR,"New Wanderers Stadium, Johannesburg",c96f6ac5,PWA Mulder,18,3.0,23,1
1124664,2017-11-17,2017-18,2,WPR,LIONS,"New Wanderers Stadium, Johannesburg",cfe70281,VD Philander,24,4.0,26,1
1124664,2017-11-17,2017-18,2,WPR,LIONS,"New Wanderers Stadium, Johannesburg",3a60e0b5,WD Parnell,23,3.5,37,0
1124664,2017-11-17,2017-18,2,WPR,LIONS,"New Wanderers Stadium, Johannesburg",462d7c62,D Paterson,24,4.0,38,0
1124664,2017-11-17,2017-18,2,WPR,LIONS,"New Wanderers Stadium, Johannesburg",6ed11905,M Nabe,18,3.0,26,1
1124664,2017-11-17,2017-18,2,WPR,LIONS,"New Wanderers Stadium, Johannesburg",e5437608,GF Linde,24,4.0,32,1
1124665,2017-11-19,2017-18,1,LIONS,DOL,"Senwes Park, Potchefstroom",9a2fc964,BC Fortuin,18,3.0,26,1
1124665,2017-11-19,2017-18,1,LIONS,DOL,"Senwes Park, Potchefstroom",e62dd25d,K Rabada,24,4.0,31,1
1124665,2017-11-19,2017-18,1,LIONS,DOL,"Senwes Park, Potchefstroom",a316d663,GC Viljoen,24,4.0,33,1
1124665,2017-11-19,2017-18,1,LIONS,DOL,"Senwes Park, Potchefstroom",11614d87,D Pretorius,12,2.0,12,0
1124665,2017-11-19,2017-18,1,LIONS,DOL,"Senwes Park, Potchefstroom",7f8ecc51,AM Phangiso,24,4.0,25,2
1124665,2017-11-19,2017-18,1,LIONS,DOL,"Senwes Park, Potchefstroom",c96f6ac5,PWA Mulder,18,3.0,33,1
1124665,2017-11-19,2017-18,2,DOL,LIONS,"Senwes Park, Potchefstroom",0b60eb09,KA Maharaj,6,1.0,15,0
1124665,2017-11-19,2017-18,2,DOL,LIONS,"Senwes Park, Potchefstroom",8b248d88,R Frylinck,24,4.0,35,1
1124665,2017-11-19,2017-18,2,DOL,LIONS,"Senwes Park, Potchefstroom",016e5101,M Shezi,24,4.0,32,0
1124665,2017-11-19,2017-18,2,DOL,LIONS,"Senwes Park, Potchefstroom",ab6b1c45,AL Phehlukwayo,24,4.0,26,2
1124665,2017-11-19,2017-18,2,DOL,LIONS,"Senwes Park, Potchefstroom",1b42a100,BS Makhanya,18,3.0,24,0
1124665,2017-11-19,2017-18,2,DOL,LIONS,"Senwes Park, Potchefstroom",acee4cc4,Imran Tahir,18,3.0,28,0
1124665,2017-11-19,2017-18,2,DOL,LIONS,"Senwes Park, Potchefstroom",7ec9711d,P Subrayen,6,1.0,9,0
1124666,2017-11-19,2017-18,1,TIT,WPR,"SuperSport Park, Centurion",c3d35165,JA Morkel,6,1.0,6,0
1124666,2017-11-19,2017-18,1,TIT,WPR,"SuperSport Park, Centurion",8fd1a8f5,DW Steyn,24,4.0,16,2
1124666,2017-11-19,2017-18,1,TIT,WPR,"SuperSport Park, Centurion",f834dcfc,L Ngidi,24,4.0,32,2
1124666,2017-11-19,2017-18,1,TIT,WPR,"SuperSport Park, Centurion",1cb14aa4,CJ Dala,6,1.0,10,0
1124666,2017-11-19,2017-18,1,TIT,WPR,"SuperSport Park, Centurion",a03bba42,T Shamsi,24,4.0,16,1
1124666,2017-11-19,2017-18,1,TIT,WPR,"SuperSport Park, Centurion",6a26221c,AK Markram,24,4.0,20,1
1124666,2017-11-19,2017-18,1,TIT,WPR,"SuperSport Park, Centurion",9d50c7e1,MP Siboto,12,2.0,16,2
1124666,2017-11-19,2017-18,2,WPR,TIT,"SuperSport Park, Centurion",cfe70281,VD Philander,24,4.0,31,2
1124666,2017-11-19,2017-18,2,WPR,TIT,"SuperSport Park, Centurion",462d7c62,D Paterson,18,3.0,16,0
1124666,2017-11-19,2017-18,2,WPR,TIT,"SuperSport Park, Centurion",3a60e0b5,WD Parnell,6,1.0,19,0
1124666,2017-11-19,2017-18,2,WPR,TIT,"SuperSport Park, Centurion",6ed11905,M Nabe,12,2.0,23,1
1124666,2017-11-19,2017-18,2,WPR,TIT,"SuperSport Park, Centurion",e5437608,GF Linde,21,3.3,27,0
1124668,2017-11-24,2017-18,1,LIONS,WPR,"Boland Park, Paarl",9a2fc964,BC Fortuin,18,3.0,18,0
1124668,2017-11-24,2017-18,1,LIONS,WPR,"Boland Park, Paarl",e62dd25d,K Rabada,24,4.0,20,2
1124668,2017-11-24,2017-18,1,LIONS,WPR,"Boland Park, Paarl",a316d663,GC Viljoen,24,4.0,30,2
1124668,2017-11-24,2017-18,1,LIONS,WPR,"Boland Park, Paarl",c96f6ac5,PWA Mulder,18,3.0,16,2
1124668,2017-11-24,2017-18,1,LIONS,WPR,"Boland Park, Paarl",7f8ecc51,AM Phangiso,12,2.0,15,0
1124668,2017-11-24,2017-18,1,LIONS,WPR,"Boland Park, Paarl",11614d87,D Pretorius,24,4.0,42,0
1124668,2017-11-24,2017-18,2,WPR,LIONS,"Boland Park, Paarl",e5437608,GF Linde,24,4.0,26,2
1124668,2017-11-24,2017-18,2,WPR,LIONS,"Boland Park, Paarl",cfe70281,VD Philander,18,3.0,21,0
1124668,2017-11-24,2017-18,2,WPR,LIONS,"Boland Park, Paarl",7955eb15,RK Kleinveldt,18,3.0,16,2
1124668,2017-11-24,2017-18,2,WPR,LIONS,"Boland Park, Paarl",f277f531,FD Adams,24,4.0,31,1
1124668,2017-11-24,2017-18,2,WPR,LIONS,"Boland Park, Paarl",6ed11905,M Nabe,18,3.0,20,1
1124668,2017-11-24,2017-18,2,WPR,LIONS,"Boland Park, Paarl",2e8994e7,JP Duminy,18,3.0,19,0
1124669,2017-11-24,2017-18,1,KNG,WAR,"Mangaung Oval, Bloemfontein",d4eef961,M de Lange,18,3.0,28,1
1124669,2017-11-24,2017-18,1,KNG,WAR,"Mangaung Oval, Bloemfontein",97b0e4ff,SC van Schalkwyk,24,4.0,38,2
1124669,2017-11-24,2017-18,1,KNG,WAR,"Mangaung Oval, Bloemfontein",c654af19,R McLaren,12,2.0,15,0
1124669,2017-11-24,2017-18,1,KNG,WAR,"Mangaung Oval, Bloemfontein",1d105638,M Budaza,24,4.0,34,2
1124669,2017-11-24,2017-18,1,KNG,WAR,"Mangaung Oval, Bloemfontein",a7bc76a0,E Leie,24,4.0,20,1
1124669,2017-11-24,2017-18,1,KNG,WAR,"Mangaung Oval, Bloemfontein",cba5185d,AR Swanepoel,12,2.0,8,0
1124669,2017-11-24,2017-18,1,KNG,WAR,"Mangaung Oval, Bloemfontein",39181592,PE Kruger,6,1.0,8,0
1124669,2017-11-24,2017-18,2,WAR,KNG,"Mangaung Oval, Bloemfontein",9df3a2f4,ACR Birch,24,4.0,29,1
1124669,2017-11-24,2017-18,2,WAR,KNG,"Mangaung Oval, Bloemfontein",1e182ae2,BD Walters,16,2.4,23,0
1124669,2017-11-24,2017-18,2,WAR,KNG,"Mangaung Oval, Bloemfontein",8361e524,SSB Magala,24,4.0,29,1
1124669,2017-11-24,2017-18,2,WAR,KNG,"Mangaung Oval, Bloemfontein",42172c3c,JT Smuts,24,4.0,33,2
1124669,2017-11-24,2017-18,2,WAR,KNG,"Mangaung Oval, Bloemfontein",c995d726,CA Ingram,12,2.0,17,0
1124669,2017-11-24,2017-18,2,WAR,KNG,"Mangaung Oval, Bloemfontein",e734d090,CN Ackermann,12,2.0,14,0
1124669,2017-11-24,2017-18,2,WAR,KNG,"Mangaung Oval, Bloemfontein",179bea21,SSN Nqweni,6,1.0,10,1
1124671,2017-11-26,2017-18,1,WAR,LIONS,"Newlands, Cape Town",9df3a2f4,ACR Birch,24,4.0,36,1
1124671,2017-11-26,2017-18,1,WAR,LIONS,"Newlands, Cape Town",1e182ae2,BD Walters,18,3.0,33,1
1124671,2017-11-26,2017-18,1,WAR,LIONS,"Newlands, Cape Town",8361e524,SSB Magala,18,3.0,34,0
1124671,2017-11-26,2017-18,1,WAR,LIONS,"Newlands, Cape Town",42172c3c,JT Smuts,24,4.0,37,1
1124671,2017-11-26,2017-18,1,WAR,LIONS,"Newlands, Cape Town",c995d726,CA Ingram,18,3.0,21,0
1124671,2017-11-26,2017-18,1,WAR,LIONS,"Newlands, Cape Town",e734d090,CN Ackermann,12,2.0,10,0
1124671,2017-11-26,2017-18,1,WAR,LIONS,"Newlands, Cape Town",179bea21,SSN Nqweni,6,1.0,6,0
1124671,2017-11-26,2017-18,2,LIONS,WAR,"Newlands, Cape Town",b56dc5f7,BE Hendricks,24,4.0,50,1
1124671,2017-11-26,2017-18,2,LIONS,WAR,"Newlands, Cape Town",e62dd25d,K Rabada,24,4.0,25,3
1124671,2017-11-26,2017-18,2,LIONS,WAR,"Newlands, Cape Town",a316d663,GC Viljoen,24,4.0,30,1
1124671,2017-11-26,2017-18,2,LIONS,WAR,"Newlands, Cape Town",c96f6ac5,PWA Mulder,18,3.0,39,0
1124671,2017-11-26,2017-18,2,LIONS,WAR,"Newlands, Cape Town",7f8ecc51,AM Phangiso,18,3.0,29,1
1124671,2017-11-26,2017-18,2,LIONS,WAR,"Newlands, Cape Town",6287d981,MJ Ackerman,6,1.0,10,0
1124672,2017-11-26,2017-18,1,WPR,KNG,"Newlands, Cape Town",cfe70281,VD Philander,24,4.0,31,0
1124672,2017-11-26,2017-18,1,WPR,KNG,"Newlands, Cape Town",7955eb15,RK Kleinveldt,24,4.0,19,3
1124672,2017-11-26,2017-18,1,WPR,KNG,"Newlands, Cape Town",e5437608,GF Linde,6,1.0,22,0
1124672,2017-11-26,2017-18,1,WPR,KNG,"Newlands, Cape Town",6ed11905,M Nabe,24,4.0,35,1
1124672,2017-11-26,2017-18,1,WPR,KNG,"Newlands, Cape Town",f277f531,FD Adams,24,4.0,21,0
1124672,2017-11-26,2017-18,1,WPR,KNG,"Newlands, Cape Town",2e8994e7,JP Duminy,18,3.0,29,1
1124672,2017-11-26,2017-18,2,KNG,WPR,"Newlands, Cape Town",d4eef961,M de Lange,24,4.0,31,1
1124672,2017-11-26,2017-18,2,KNG,WPR,"Newlands, Cape Town",97b0e4ff,SC van Schalkwyk,18,3.0,27,1
1124672,2017-11-26,2017-18,2,KNG,WPR,"Newlands, Cape Town",c654af19,R McLaren,24,4.0,33,2
1124672,2017-11-26,2017-18,2,KNG,WPR,"Newlands, Cape Town",a7bc76a0,E Leie,24,4.0,38,2
1124672,2017-11-26,2017-18,2,KNG,WPR,"Newlands, Cape Town",1d105638,M Budaza,18,3.0,21,1
1124672,2017-11-26,2017-18,2,KNG,WPR,"Newlands, Cape Town",39181592,PE Kruger,6,1.0,13,0
1124673,2017-11-29,2017-18,1,WAR,WPR,"Boland Park, Paarl",9df3a2f4,ACR Birch,24,4.0,27,2
1124673,2017-11-29,2017-18,1,WAR,WPR,"Boland Park, Paarl",1e182ae2,BD Walters,18,3.0,29,0
1124673,2017-11-29,2017-18,1,WAR,WPR,"Boland Park, Paarl",42172c3c,JT Smuts,18,3.0,21,1
1124673,2017-11-29,2017-18,1,WAR,WPR,"Boland Park, Paarl",8361e524,SSB Magala,24,4.0,30,1
1124673,2017-11-29,2017-18,1,WAR,WPR,"Boland Park, Paarl",c995d726,CA Ingram,24,4.0,25,0
1124673,2017-11-29,2017-18,1,WAR,WPR,"Boland Park, Paarl",e734d090,CN Ackermann,6,1.0,13,0
1124673,2017-11-29,2017-18,1,WAR,WPR,"Boland Park, Paarl",179bea21,SSN Nqweni,6,1.0,11,0
1124673,2017-11-29,2017-18,2,WPR,WAR,"Boland Park, Paarl",7955eb15,RK Kleinveldt,24,4.0,16,1
1124673,2017-11-29,2017-18,2,WPR,WAR,"Boland Park, Paarl",462d7c62,D Paterson,24,4.0,25,3
1124673,2017-11-29,2017-18,2,WPR,WAR,"Boland Park, Paarl",6ed11905,M Nabe,24,4.0,32,0
1124673,2017-11-29,2017-18,2,WPR,WAR,"Boland Park, Paarl",2e8994e7,JP Duminy,12,2.0,11,0
1124673,2017-11-29,2017-18,2,WPR,WAR,"Boland Park, Paarl",f277f531,FD Adams,24,4.0,38,2
1124673,2017-11-29,2017-18,2,WPR,WAR,"Boland Park, Paarl",e5437608,GF Linde,12,2.0,26,1
1124675,2017-12-01,2017-18,1,DOL,WPR,"Kingsmead, Durban",0b60eb09,KA Maharaj,18,3.0,19,1
1124675,2017-12-01,2017-18,1,DOL,WPR,"Kingsmead, Durban",8b248d88,R Frylinck,24,4.0,38,0
1124675,2017-12-01,2017-18,1,DOL,WPR,"Kingsmead, Durban",016e5101,M Shezi,18,3.0,21,1
1124675,2017-12-01,2017-18,1,DOL,WPR,"Kingsmead, Durban",ab6b1c45,AL Phehlukwayo,24,4.0,42,0
1124675,2017-12-01,2017-18,1,DOL,WPR,"Kingsmead, Durban",acee4cc4,Imran Tahir,24,4.0,31,2
1124675,2017-12-01,2017-18,1,DOL,WPR,"Kingsmead, Durban",1b42a100,BS Makhanya,12,2.0,19,0
1124675,2017-12-01,2017-18,2,WPR,DOL,"Kingsmead, Durban",7955eb15,RK Kleinveldt,7,1.1,7,0
1124675,2017-12-01,2017-18,2,WPR,DOL,"Kingsmead, Durban",462d7c62,D Paterson,6,1.0,1,1
1124676,2017-12-01,2017-18,1,LIONS,KNG,"Mangaung Oval, Bloemfontein",9a2fc964,BC Fortuin,24,4.0,25,1
1124676,2017-12-01,2017-18,1,LIONS,KNG,"Mangaung Oval, Bloemfontein",e62dd25d,K Rabada,12,2.0,14,0
1124676,2017-12-01,2017-18,1,LIONS,KNG,"Mangaung Oval, Bloemfontein",7f8ecc51,AM Phangiso,18,3.0,13,1
1124676,2017-12-01,2017-18,1,LIONS,KNG,"Mangaung Oval, Bloemfontein",c96f6ac5,PWA Mulder,6,1.0,9,0
1124676,2017-12-01,2017-18,1,LIONS,KNG,"Mangaung Oval, Bloemfontein",a316d663,GC Viljoen,12,2.0,14,0
1124676,2017-12-01,2017-18,1,LIONS,KNG,"Mangaung Oval, Bloemfontein",11614d87,D Pretorius,6,1.0,10,0
1124677,2017-12-01,2017-18,1,WAR,TIT,"Willowmoore Park, Benoni",9df3a2f4,ACR Birch,18,3.0,39,0
1124677,2017-12-01,2017-18,1,WAR,TIT,"Willowmoore Park, Benoni",1e182ae2,BD Walters,18,3.0,40,1
1124677,2017-12-01,2017-18,1,WAR,TIT,"Willowmoore Park, Benoni",8361e524,SSB Magala,18,3.0,41,0
1124677,2017-12-01,2017-18,1,WAR,TIT,"Willowmoore Park, Benoni",c995d726,CA Ingram,6,1.0,15,0
1124677,2017-12-01,2017-18,1,WAR,TIT,"Willowmoore Park, Benoni",42172c3c,JT Smuts,12,2.0,29,1
1124677,2017-12-01,2017-18,1,WAR,TIT,"Willowmoore Park, Benoni",179bea21,SSN Nqweni,6,1.0,7,1
1124677,2017-12-01,2017-18,2,TIT,WAR,"Willowmoore Park, Benoni",fb66ce1f,CH Morris,18,3.0,26,1
1124677,2017-12-01,2017-18,2,TIT,WAR,"Willowmoore Park, Benoni",f834dcfc,L Ngidi,12,2.0,8,2
1124677,2017-12-01,2017-18,2,TIT,WAR,"Willowmoore Park, Benoni",9d50c7e1,MP Siboto,12,2.0,18,2
1124677,2017-12-01,2017-18,2,TIT,WAR,"Willowmoore Park, Benoni",a03bba42,T Shamsi,18,3.0,22,3
1124677,2017-12-01,2017-18,2,TIT,WAR,"Willowmoore Park, Benoni",1cb14aa4,CJ Dala,12,2.0,23,0
1124677,2017-12-01,2017-18,2,TIT,WAR,"Willowmoore Park, Benoni",aa8d28ae,D Wiese,6,1.0,15,1
1124678,2017-12-03,2017-18,1,TIT,KNG,"St George's Park, Port Elizabeth",c3d35165,JA Morkel,6,1.0,7,0
1124678,2017-12-03,2017-18,1,TIT,KNG,"St George's Park, Port Elizabeth",8fd1a8f5,DW Steyn,24,4.0,20,2
1124678,2017-12-03,2017-18,1,TIT,KNG,"St George's Park, Port Elizabeth",fb66ce1f,CH Morris,24,4.0,36,0
1124678,2017-12-03,2017-18,1,TIT,KNG,"St George's Park, Port Elizabeth",a03bba42,T Shamsi,24,4.0,21,2
1124678,2017-12-03,2017-18,1,TIT,KNG,"St George's Park, Port Elizabeth",1cb14aa4,CJ Dala,12,2.0,12,1
1124678,2017-12-03,2017-18,1,TIT,KNG,"St George's Park, Port Elizabeth",6a26221c,AK Markram,12,2.0,5,0
1124678,2017-12-03,2017-18,1,TIT,KNG,"St George's Park, Port Elizabeth",9d50c7e1,MP Siboto,18,3.0,29,1
1124678,2017-12-03,2017-18,2,KNG,TIT,"St George's Park, Port Elizabeth",cba5185d,AR Swanepoel,18,3.0,20,2
1124678,2017-12-03,2017-18,2,KNG,TIT,"St George's Park, Port Elizabeth",97b0e4ff,SC van Schalkwyk,23,3.5,30,1
1124678,2017-12-03,2017-18,2,KNG,TIT,"St George's Park, Port Elizabeth",a8e56914,D Olivier,24,4.0,31,1
1124678,2017-12-03,2017-18,2,KNG,TIT,"St George's Park, Port Elizabeth",c654af19,R McLaren,12,2.0,6,0
1124678,2017-12-03,2017-18,2,KNG,TIT,"St George's Park, Port Elizabeth",1d105638,M Budaza,24,4.0,26,0
1124678,2017-12-03,2017-18,2,KNG,TIT,"St George's Park, Port Elizabeth",a7bc76a0,E Leie,18,3.0,24,0
1124679,2017-12-03,2017-18,1,DOL,WAR,"St George's Park, Port Elizabeth",0b60eb09,KA Maharaj,24,4.0,24,1
1124679,2017-12-03,2017-18,1,DOL,WAR,"St George's Park, Port Elizabeth",016e5101,M Shezi,24,4.0,24,3
1124679,2017-12-03,2017-18,1,DOL,WAR,"St George's Park, Port Elizabeth",8b248d88,R Frylinck,24,4.0,23,3
1124679,2017-12-03,2017-18,1,DOL,WAR,"St George's Park, Port Elizabeth",ab6b1c45,AL Phehlukwayo,24,4.0,37,1
1124679,2017-12-03,2017-18,1,DOL,WAR,"St George's Park, Port Elizabeth",acee4cc4,Imran Tahir,18,3.0,33,0
1124679,2017-12-03,2017-18,1,DOL,WAR,"St George's Park, Port Elizabeth",1b42a100,BS Makhanya,6,1.0,10,0
1124679,2017-12-03,2017-18,2,WAR,DOL,"St George's Park, Port Elizabeth",9df3a2f4,ACR Birch,24,4.0,28,2
1124679,2017-12-03,2017-18,2,WAR,DOL,"St George's Park, Port Elizabeth",1e182ae2,BD Walters,24,4.0,27,1
1124679,2017-12-03,2017-18,2,WAR,DOL,"St George's Park, Port Elizabeth",42172c3c,JT Smuts,24,4.0,31,2
1124679,2017-12-03,2017-18,2,WAR,DOL,"St George's Park, Port Elizabeth",8361e524,SSB Magala,24,4.0,25,0
1124679,2017-12-03,2017-18,2,WAR,DOL,"St George's Park, Port Elizabeth",c995d726,CA Ingram,12,2.0,18,0
1124679,2017-12-03,2017-18,2,WAR,DOL,"St George's Park, Port Elizabeth",179bea21,SSN Nqweni,12,2.0,22,1
1124681,2017-12-06,2017-18,1,KNG,WPR,"Diamond Oval, Kimberley",a8e56914,D Olivier,12,2.0,16,0
1124681,2017-12-06,2017-18,1,KNG,WPR,"Diamond Oval, Kimberley",c654af19,R McLaren,24,4.0,31,2
1124681,2017-12-06,2017-18,1,KNG,WPR,"Diamond Oval, Kimberley",97b0e4ff,SC van Schalkwyk,24,4.0,27,3
1124681,2017-12-06,2017-18,1,KNG,WPR,"Diamond Oval, Kimberley",1d105638,M Budaza,24,4.0,32,4
1124681,2017-12-06,2017-18,1,KNG,WPR,"Diamond Oval, Kimberley",cba5185d,AR Swanepoel,12,2.0,19,0
1124681,2017-12-06,2017-18,1,KNG,WPR,"Diamond Oval, Kimberley",a7bc76a0,E Leie,24,4.0,29,0
1124681,2017-12-06,2017-18,2,WPR,KNG,"Diamond Oval, Kimberley",7955eb15,RK Kleinveldt,24,4.0,31,0
1124681,2017-12-06,2017-18,2,WPR,KNG,"Diamond Oval, Kimberley",462d7c62,D Paterson,24,4.0,24,4
1124681,2017-12-06,2017-18,2,WPR,KNG,"Diamond Oval, Kimberley",6ed11905,M Nabe,24,4.0,30,2
1124681,2017-12-06,2017-18,2,WPR,KNG,"Diamond Oval, Kimberley",e5437608,GF Linde,24,4.0,29,0
1124681,2017-12-06,2017-18,2,WPR,KNG,"Diamond Oval, Kimberley",2e8994e7,JP Duminy,6,1.0,11,0
1124681,2017-12-06,2017-18,2,WPR,KNG,"Diamond Oval, Kimberley",f277f531,FD Adams,18,3.0,24,2
1124683,2017-12-08,2017-18,1,DOL,KNG,"Mangaung Oval, Bloemfontein",0b60eb09,KA Maharaj,18,3.0,29,1
1124683,2017-12-08,2017-18,1,DOL,KNG,"Mangaung Oval, Bloemfontein",016e5101,M Shezi,18,3.0,33,0
1124683,2017-12-08,2017-18,1,DOL,KNG,"Mangaung Oval, Bloemfontein",8b248d88,R Frylinck,24,4.0,40,0
1124683,2017-12-08,2017-18,1,DOL,KNG,"Mangaung Oval, Bloemfontein",ab6b1c45,AL Phehlukwayo,18,3.0,40,1
1124683,2017-12-08,2017-18,1,DOL,KNG,"Mangaung Oval, Bloemfontein",acee4cc4,Imran Tahir,24,4.0,23,2
1124683,2017-12-08,2017-18,2,KNG,DOL,"Mangaung Oval, Bloemfontein",d4eef961,M de Lange,24,4.0,30,1
1124683,2017-12-08,2017-18,2,KNG,DOL,"Mangaung Oval, Bloemfontein",97b0e4ff,SC van Schalkwyk,21,3.3,40,0
1124683,2017-12-08,2017-18,2,KNG,DOL,"Mangaung Oval, Bloemfontein",c654af19,R McLaren,18,3.0,34,1
1124683,2017-12-08,2017-18,2,KNG,DOL,"Mangaung Oval, Bloemfontein",1d105638,M Budaza,18,3.0,25,1
1124683,2017-12-08,2017-18,2,KNG,DOL,"Mangaung Oval, Bloemfontein",a7bc76a0,E Leie,18,3.0,38,1
1124684,2017-12-08,2017-18,1,LIONS,WAR,"Senwes Park, Potchefstroom",9a2fc964,BC Fortuin,18,3.0,22,2
1124684,2017-12-08,2017-18,1,LIONS,WAR,"Senwes Park, Potchefstroom",e62dd25d,K Rabada,18,3.0,26,0
1124684,2017-12-08,2017-18,1,LIONS,WAR,"Senwes Park, Potchefstroom",a316d663,GC Viljoen,18,3.0,31,0
1124684,2017-12-08,2017-18,1,LIONS,WAR,"Senwes Park, Potchefstroom",11614d87,D Pretorius,18,3.0,17,0
1124684,2017-12-08,2017-18,1,LIONS,WAR,"Senwes Park, Potchefstroom",c96f6ac5,PWA Mulder,13,2.1,15,1
1124684,2017-12-08,2017-18,1,LIONS,WAR,"Senwes Park, Potchefstroom",7f8ecc51,AM Phangiso,18,3.0,15,0
1124684,2017-12-08,2017-18,2,WAR,LIONS,"Senwes Park, Potchefstroom",42172c3c,JT Smuts,12,2.0,9,1
1124684,2017-12-08,2017-18,2,WAR,LIONS,"Senwes Park, Potchefstroom",9df3a2f4,ACR Birch,12,2.0,11,1
1124684,2017-12-08,2017-18,2,WAR,LIONS,"Senwes Park, Potchefstroom",1e182ae2,BD Walters,12,2.0,30,0
1124684,2017-12-08,2017-18,2,WAR,LIONS,"Senwes Park, Potchefstroom",8361e524,SSB Magala,12,2.0,19,2
1124684,2017-12-08,2017-18,2,WAR,LIONS,"Senwes Park, Potchefstroom",3a60e0b5,WD Parnell,6,1.0,14,0
1124684,2017-12-08,2017-18,2,WAR,LIONS,"Senwes Park, Potchefstroom",e734d090,CN Ackermann,6,1.0,6,1
1124685,2017-12-10,2017-18,1,WPR,WAR,"Buffalo Park, East London",7955eb15,RK Kleinveldt,24,4.0,33,1
1124685,2017-12-10,2017-18,1,WPR,WAR,"Buffalo Park, East London",e5437608,GF Linde,24,4.0,39,2
1124685,2017-12-10,2017-18,1,WPR,WAR,"Buffalo Park, East London",cfe70281,VD Philander,12,2.0,20,0
1124685,2017-12-10,2017-18,1,WPR,WAR,"Buffalo Park, East London",462d7c62,D Paterson,24,4.0,30,1
1124685,2017-12-10,2017-18,1,WPR,WAR,"Buffalo Park, East London",6ed11905,M Nabe,24,4.0,33,1
1124685,2017-12-10,2017-18,1,WPR,WAR,"Buffalo Park, East London",537f5ab2,DL Piedt,12,2.0,13,0
1124685,2017-12-10,2017-18,2,WAR,WPR,"Buffalo Park, East London",42172c3c,JT Smuts,18,3.0,22,0
1124685,2017-12-10,2017-18,2,WAR,WPR,"Buffalo Park, East London",9df3a2f4,ACR Birch,24,4.0,28,1
1124685,2017-12-10,2017-18,2,WAR,WPR,"Buffalo Park, East London",1e182ae2,BD Walters,12,2.0,23,1
1124685,2017-12-10,2017-18,2,WAR,WPR,"Buffalo Park, East London",8361e524,SSB Magala,18,3.0,26,1
1124685,2017-12-10,2017-18,2,WAR,WPR,"Buffalo Park, East London",e734d090,CN Ackermann,24,4.0,25,0
1124685,2017-12-10,2017-18,2,WAR,WPR,"Buffalo Park, East London",a81d6706,C Jonker,6,1.0,6,1
1124685,2017-12-10,2017-18,2,WAR,WPR,"Buffalo Park, East London",c995d726,CA Ingram,18,3.0,18,2
1124686,2017-12-10,2017-18,1,TIT,DOL,"Kingsmead, Durban",33085ffb,D Elgar,12,2.0,18,0
1124686,2017-12-10,2017-18,1,TIT,DOL,"Kingsmead, Durban",5bb5a915,M Morkel,24,4.0,25,2
1124686,2017-12-10,2017-18,1,TIT,DOL,"Kingsmead, Durban",aa8d28ae,D Wiese,24,4.0,23,1
1124686,2017-12-10,2017-18,1,TIT,DOL,"Kingsmead, Durban",1cb14aa4,CJ Dala,18,3.0,23,2
1124686,2017-12-10,2017-18,1,TIT,DOL,"Kingsmead, Durban",a03bba42,T Shamsi,12,2.0,25,0
1124686,2017-12-10,2017-18,1,TIT,DOL,"Kingsmead, Durban",ffd3fc37,S von Berg,24,4.0,40,2
1124686,2017-12-10,2017-18,1,TIT,DOL,"Kingsmead, Durban",ea1eba98,SA Mothoa,6,1.0,11,0
1124686,2017-12-10,2017-18,2,DOL,TIT,"Kingsmead, Durban",7ec9711d,P Subrayen,24,4.0,17,2
1124686,2017-12-10,2017-18,2,DOL,TIT,"Kingsmead, Durban",016e5101,M Shezi,12,2.0,4,1
1124686,2017-12-10,2017-18,2,DOL,TIT,"Kingsmead, Durban",8b248d88,R Frylinck,6,1.0,1,1
1124686,2017-12-10,2017-18,2,DOL,TIT,"Kingsmead, Durban",acee4cc4,Imran Tahir,24,4.0,20,2
1124686,2017-12-10,2017-18,2,DOL,TIT,"Kingsmead, Durban",0b60eb09,KA Maharaj,24,4.0,18,2
1124686,2017-12-10,2017-18,2,DOL,TIT,"Kingsmead, Durban",ab6b1c45,AL Phehlukwayo,18,3.0,12,1
1124686,2017-12-10,2017-18,2,DOL,TIT,"Kingsmead, Durban",4aad78d3,K Zondo,10,1.4,5,1
1124687,2017-12-10,2017-18,1,KNG,LIONS,"New Wanderers Stadium, Johannesburg",d4eef961,M de Lange,6,1.0,3,0
1124688,2017-12-13,2017-18,1,TIT,WAR,"SuperSport Park, Centurion",c3d35165,JA Morkel,6,1.0,8,1
1124688,2017-12-13,2017-18,1,TIT,WAR,"SuperSport Park, Centurion",f834dcfc,L Ngidi,12,2.0,16,1
1124688,2017-12-13,2017-18,1,TIT,WAR,"SuperSport Park, Centurion",fb66ce1f,CH Morris,18,3.0,18,1
1124688,2017-12-13,2017-18,1,TIT,WAR,"SuperSport Park, Centurion",9d50c7e1,MP Siboto,6,1.0,21,0
1124688,2017-12-13,2017-18,1,TIT,WAR,"SuperSport Park, Centurion",1cb14aa4,CJ Dala,19,3.1,18,2
1124688,2017-12-13,2017-18,1,TIT,WAR,"SuperSport Park, Centurion",6a26221c,AK Markram,24,4.0,30,1
1124688,2017-12-13,2017-18,1,TIT,WAR,"SuperSport Park, Centurion",a03bba42,T Shamsi,24,4.0,32,4
1124688,2017-12-13,2017-18,2,WAR,TIT,"SuperSport Park, Centurion",9df3a2f4,ACR Birch,18,3.0,29,1
1124688,2017-12-13,2017-18,2,WAR,TIT,"SuperSport Park, Centurion",1e182ae2,BD Walters,14,2.2,21,0
1124688,2017-12-13,2017-18,2,WAR,TIT,"SuperSport Park, Centurion",3a60e0b5,WD Parnell,12,2.0,17,1
1124688,2017-12-13,2017-18,2,WAR,TIT,"SuperSport Park, Centurion",8361e524,SSB Magala,12,2.0,23,0
1124688,2017-12-13,2017-18,2,WAR,TIT,"SuperSport Park, Centurion",42172c3c,JT Smuts,18,3.0,19,0
1124688,2017-12-13,2017-18,2,WAR,TIT,"SuperSport Park, Centurion",c995d726,CA Ingram,12,2.0,19,0
1124688,2017-12-13,2017-18,2,WAR,TIT,"SuperSport Park, Centurion",e734d090,CN Ackermann,6,1.0,14,0
1124690,2017-12-16,2017-18,1,TIT,DOL,"SuperSport Park, Centurion",c3d35165,JA Morkel,6,1.0,11,0
1124690,2017-12-16,2017-18,1,TIT,DOL,"SuperSport Park, Centurion",f834dcfc,L Ngidi,24,4.0,15,2
1124690,2017-12-16,2017-18,1,TIT,DOL,"SuperSport Park, Centurion",fb66ce1f,CH Morris,21,3.3,13,4
1124690,2017-12-16,2017-18,1,TIT,DOL,"SuperSport Park, Centurion",1cb14aa4,CJ Dala,18,3.0,21,1
1124690,2017-12-16,2017-18,1,TIT,DOL,"SuperSport Park, Centurion",9d50c7e1,MP Siboto,18,3.0,10,2
1124690,2017-12-16,2017-18,1,TIT,DOL,"SuperSport Park, Centurion",a03bba42,T Shamsi,24,4.0,26,0
1124690,2017-12-16,2017-18,2,DOL,TIT,"SuperSport Park, Centurion",8b248d88,R Frylinck,18,3.0,26,1
1124690,2017-12-16,2017-18,2,DOL,TIT,"SuperSport Park, Centurion",016e5101,M Shezi,12,2.0,34,1
1124690,2017-12-16,2017-18,2,DOL,TIT,"SuperSport Park, Centurion",ab6b1c45,AL Phehlukwayo,13,2.1,20,0
1124690,2017-12-16,2017-18,2,DOL,TIT,"SuperSport Park, Centurion",0b60eb09,KA Maharaj,18,3.0,10,0
1124690,2017-12-16,2017-18,2,DOL,TIT,"SuperSport Park, Centurion",4aad78d3,K Zondo,6,1.0,10,1
1157224,2019-04-05,2018-19,1,WAR,TIT,"SuperSport Park, Centurion",9df3a2f4,ACR Birch,24,4.0,49,1
1157224,2019-04-05,2018-19,1,WAR,TIT,"SuperSport Park, Centurion",f892fcf9,L Sipamla,24,4.0,34,2
1157224,2019-04-05,2018-19,1,WAR,TIT,"SuperSport Park, Centurion",8361e524,SSB Magala,24,4.0,40,1
1157224,2019-04-05,2018-19,1,WAR,TIT,"SuperSport Park, Centurion",42172c3c,JT Smuts,24,4.0,32,1
1157224,2019-04-05,2018-19,1,WAR,TIT,"SuperSport Park, Centurion",9b442f95,O Nyaku,12,2.0,21,0
1157224,2019-04-05,2018-19,1,WAR,TIT,"SuperSport Park, Centurion",a941d2d5,J de Klerk,12,2.0,40,0
1157224,2019-04-05,2018-19,2,TIT,WAR,"SuperSport Park, Centurion",9c9f8dbc,H Davids,6,1.0,14,0
1157224,2019-04-05,2018-19,2,TIT,WAR,"SuperSport Park, Centurion",a0936692,EL Hawken,12,2.0,20,0
1157224,2019-04-05,2018-19,2,TIT,WAR,"SuperSport Park, Centurion",1cb14aa4,CJ Dala,6,1.0,9,0
1157224,2019-04-05,2018-19,2,TIT,WAR,"SuperSport Park, Centurion",36ea17c1,TL Moreki,6,1.0,12,0
1157224,2019-04-05,2018-19,2,TIT,WAR,"SuperSport Park, Centurion",ffd3fc37,S von Berg,6,1.0,5,0
1157225,2019-04-06,2018-19,1,DOL,KNG,"Kingsmead, Durban",28d6c44d,E Bosch,24,4.0,32,1
1157225,2019-04-06,2018-19,1,DOL,KNG,"Kingsmead, Durban",7cb2d9d2,DM Dupavillon,24,4.0,15,2
1157225,2019-04-06,2018-19,1,DOL,KNG,"Kingsmead, Durban",58f01d47,LM Zuma,12,2.0,35,1
1157225,2019-04-06,2018-19,1,DOL,KNG,"Kingsmead, Durban",7ec9711d,P Subrayen,24,4.0,15,3
1157225,2019-04-06,2018-19,1,DOL,KNG,"Kingsmead, Durban",0b60eb09,KA Maharaj,24,4.0,16,0
1157225,2019-04-06,2018-19,1,DOL,KNG,"Kingsmead, Durban",4aad78d3,K Zondo,6,1.0,10,0
1157225,2019-04-06,2018-19,1,DOL,KNG,"Kingsmead, Durban",1b42a100,BS Makhanya,6,1.0,9,0
1157225,2019-04-06,2018-19,2,KNG,DOL,"Kingsmead, Durban",7bc29ffb,CA Dry,21,3.3,32,1
1157225,2019-04-06,2018-19,2,KNG,DOL,"Kingsmead, Durban",c654af19,R McLaren,18,3.0,22,0
1157225,2019-04-06,2018-19,2,KNG,DOL,"Kingsmead, Durban",cba5185d,AR Swanepoel,12,2.0,21,0
1157225,2019-04-06,2018-19,2,KNG,DOL,"Kingsmead, Durban",97b0e4ff,SC van Schalkwyk,24,4.0,23,2
1157225,2019-04-06,2018-19,2,KNG,DOL,"Kingsmead, Durban",5d5b475e,T Mnyaka,12,2.0,16,1
1157225,2019-04-06,2018-19,2,KNG,DOL,"Kingsmead, Durban",a7bc76a0,E Leie,24,4.0,18,1
1157226,2019-04-07,2018-19,1,LIONS,WPR,"New Wanderers Stadium, Johannesburg",9a2fc964,BC Fortuin,24,4.0,14,2
1157226,2019-04-07,2018-19,1,LIONS,WPR,"New Wanderers Stadium, Johannesburg",b56dc5f7,BE Hendricks,24,4.0,31,1
1157226,2019-04-07,2018-19,1,LIONS,WPR,"New Wanderers Stadium, Johannesburg",9d50c7e1,MP Siboto,24,4.0,43,1
1157226,2019-04-07,2018-19,1,LIONS,WPR,"New Wanderers Stadium, Johannesburg",11614d87,D Pretorius,18,3.0,30,0
1157226,2019-04-07,2018-19,1,LIONS,WPR,"New Wanderers Stadium, Johannesburg",c96f6ac5,PWA Mulder,18,3.0,28,2
1157226,2019-04-07,2018-19,1,LIONS,WPR,"New Wanderers Stadium, Johannesburg",01698fee,Z Pongolo,12,2.0,18,1
1157226,2019-04-07,2018-19,2,WPR,LIONS,"New Wanderers Stadium, Johannesburg",7955eb15,RK Kleinveldt,24,4.0,35,3
1157226,2019-04-07,2018-19,2,WPR,LIONS,"New Wanderers Stadium, Johannesburg",cfe70281,VD Philander,24,4.0,35,0
1157226,2019-04-07,2018-19,2,WPR,LIONS,"New Wanderers Stadium, Johannesburg",462d7c62,D Paterson,24,4.0,30,3
1157226,2019-04-07,2018-19,2,WPR,LIONS,"New Wanderers Stadium, Johannesburg",e5437608,GF Linde,24,4.0,37,1
1157226,2019-04-07,2018-19,2,WPR,LIONS,"New Wanderers Stadium, Johannesburg",032e4384,T Bokako,24,4.0,26,0
1157227,2019-04-10,2018-19,1,DOL,LIONS,"Kingsmead, Durban",8b248d88,R Frylinck,24,4.0,37,1
1157227,2019-04-10,2018-19,1,DOL,LIONS,"Kingsmead, Durban",7cb2d9d2,DM Dupavillon,24,4.0,38,1
1157227,2019-04-10,2018-19,1,DOL,LIONS,"Kingsmead, Durban",58f01d47,LM Zuma,24,4.0,42,1
1157227,2019-04-10,2018-19,1,DOL,LIONS,"Kingsmead, Durban",0b60eb09,KA Maharaj,24,4.0,16,1
1157227,2019-04-10,2018-19,1,DOL,LIONS,"Kingsmead, Durban",7ec9711d,P Subrayen,24,4.0,25,1
1157227,2019-04-10,2018-19,2,LIONS,DOL,"Kingsmead, Durban",9a2fc964,BC Fortuin,24,4.0,14,2
1157227,2019-04-10,2018-19,2,LIONS,DOL,"Kingsmead, Durban",b56dc5f7,BE Hendricks,24,4.0,46,1
1157227,2019-04-10,2018-19,2,LIONS,DOL,"Kingsmead, Durban",9d50c7e1,MP Siboto,12,2.0,22,1
1157227,2019-04-10,2018-19,2,LIONS,DOL,"Kingsmead, Durban",11614d87,D Pretorius,12,2.0,16,1
1157227,2019-04-10,2018-19,2,LIONS,DOL,"Kingsmead, Durban",7f8ecc51,AM Phangiso,24,4.0,15,2
1157227,2019-04-10,2018-19,2,LIONS,DOL,"Kingsmead, Durban",c96f6ac5,PWA Mulder,24,4.0,24,1
1157229,2019-04-10,2018-19,1,TIT,WPR,"Willowmoore Park, Benoni",d92d8446,G Mahlokwana,24,4.0,19,1
1157229,2019-04-10,2018-19,1,TIT,WPR,"Willowmoore Park, Benoni",a0936692,EL Hawken,24,4.0,39,1
1157229,2019-04-10,2018-19,1,TIT,WPR,"Willowmoore Park, Benoni",1cb14aa4,CJ Dala,24,4.0,35,1
1157229,2019-04-10,2018-19,1,TIT,WPR,"Willowmoore Park, Benoni",ffd3fc37,S von Berg,24,4.0,18,1
1157229,2019-04-10,2018-19,1,TIT,WPR,"Willowmoore Park, Benoni",b06d95da,GM Thomson,12,2.0,12,0
1157229,2019-04-10,2018-19,1,TIT,WPR,"Willowmoore Park, Benoni",9c9f8dbc,H Davids,12,2.0,21,0
1157229,2019-04-10,2018-19,2,WPR,TIT,"Willowmoore Park, Benoni",7955eb15,RK Kleinveldt,18,3.0,26,0
1157229,2019-04-10,2018-19,2,WPR,TIT,"Willowmoore Park, Benoni",cfe70281,VD Philander,22,3.4,28,1
1157229,2019-04-10,2018-19,2,WPR,TIT,"Willowmoore Park, Benoni",032e4384,T Bokako,12,2.0,29,0
1157229,2019-04-10,2018-19,2,WPR,TIT,"Willowmoore Park, Benoni",462d7c62,D Paterson,12,2.0,23,0
1157229,2019-04-10,2018-19,2,WPR,TIT,"Willowmoore Park, Benoni",e5437608,GF Linde,24,4.0,35,1
1157229,2019-04-10,2018-19,2,WPR,TIT,"Willowmoore Park, Benoni",955e8e86,A Mgijima,6,1.0,9,0
1157230,2019-04-12,2018-19,1,WPR,WAR,"Boland Park, Paarl",7955eb15,RK Kleinveldt,24,4.0,27,2
1157230,2019-04-12,2018-19,1,WPR,WAR,"Boland Park, Paarl",cfe70281,VD Philander,24,4.0,25,1
1157230,2019-04-12,2018-19,1,WPR,WAR,"Boland Park, Paarl",462d7c62,D Paterson,18,3.0,34,1
1157230,2019-04-12,2018-19,1,WPR,WAR,"Boland Park, Paarl",032e4384,T Bokako,18,3.0,19,1
1157230,2019-04-12,2018-19,1,WPR,WAR,"Boland Park, Paarl",e5437608,GF Linde,24,4.0,32,0
1157230,2019-04-12,2018-19,1,WPR,WAR,"Boland Park, Paarl",955e8e86,A Mgijima,12,2.0,14,3
1157230,2019-04-12,2018-19,2,WAR,WPR,"Boland Park, Paarl",42172c3c,JT Smuts,18,3.0,21,0
1157230,2019-04-12,2018-19,2,WAR,WPR,"Boland Park, Paarl",9df3a2f4,ACR Birch,11,1.5,21,0
1157230,2019-04-12,2018-19,2,WAR,WPR,"Boland Park, Paarl",8361e524,SSB Magala,18,3.0,25,1
1157230,2019-04-12,2018-19,2,WAR,WPR,"Boland Park, Paarl",f892fcf9,L Sipamla,18,3.0,43,0
1157230,2019-04-12,2018-19,2,WAR,WPR,"Boland Park, Paarl",0773c16a,TP Kaber,12,2.0,19,1
1157230,2019-04-12,2018-19,2,WAR,WPR,"Boland Park, Paarl",a941d2d5,J de Klerk,18,3.0,21,1
1157231,2019-04-12,2018-19,1,KNG,LIONS,"Senwes Park, Potchefstroom",6b9eb501,OEG Baartman,24,4.0,31,1
1157231,2019-04-12,2018-19,1,KNG,LIONS,"Senwes Park, Potchefstroom",3204c99f,G Coetzee,24,4.0,30,2
1157231,2019-04-12,2018-19,1,KNG,LIONS,"Senwes Park, Potchefstroom",c654af19,R McLaren,18,3.0,18,1
1157231,2019-04-12,2018-19,1,KNG,LIONS,"Senwes Park, Potchefstroom",a7bc76a0,E Leie,12,2.0,18,0
1157231,2019-04-12,2018-19,1,KNG,LIONS,"Senwes Park, Potchefstroom",8e6827f7,T Ntuli,18,3.0,16,1
1157231,2019-04-12,2018-19,1,KNG,LIONS,"Senwes Park, Potchefstroom",97b0e4ff,SC van Schalkwyk,24,4.0,37,1
1157231,2019-04-12,2018-19,2,LIONS,KNG,"Senwes Park, Potchefstroom",9a2fc964,BC Fortuin,24,4.0,10,3
1157231,2019-04-12,2018-19,2,LIONS,KNG,"Senwes Park, Potchefstroom",b56dc5f7,BE Hendricks,24,4.0,28,1
1157231,2019-04-12,2018-19,2,LIONS,KNG,"Senwes Park, Potchefstroom",11614d87,D Pretorius,18,3.0,20,1
1157231,2019-04-12,2018-19,2,LIONS,KNG,"Senwes Park, Potchefstroom",c96f6ac5,PWA Mulder,12,2.0,17,0
1157231,2019-04-12,2018-19,2,LIONS,KNG,"Senwes Park, Potchefstroom",7f8ecc51,AM Phangiso,24,4.0,24,1
1157231,2019-04-12,2018-19,2,LIONS,KNG,"Senwes Park, Potchefstroom",9d50c7e1,MP Siboto,18,3.0,11,3
1157233,2019-04-14,2018-19,1,DOL,WPR,"Newlands, Cape Town",7cb2d9d2,DM Dupavillon,24,4.0,37,1
1157233,2019-04-14,2018-19,1,DOL,WPR,"Newlands, Cape Town",8b248d88,R Frylinck,24,4.0,27,2
1157233,2019-04-14,2018-19,1,DOL,WPR,"Newlands, Cape Town",58f01d47,LM Zuma,18,3.0,36,1
1157233,2019-04-14,2018-19,1,DOL,WPR,"Newlands, Cape Town",0b60eb09,KA Maharaj,24,4.0,20,1
1157233,2019-04-14,2018-19,1,DOL,WPR,"Newlands, Cape Town",7ec9711d,P Subrayen,24,4.0,23,1
1157233,2019-04-14,2018-19,1,DOL,WPR,"Newlands, Cape Town",4aad78d3,K Zondo,6,1.0,8,0
1157233,2019-04-14,2018-19,2,WPR,DOL,"Newlands, Cape Town",7955eb15,RK Kleinveldt,24,4.0,9,2
1157233,2019-04-14,2018-19,2,WPR,DOL,"Newlands, Cape Town",cfe70281,VD Philander,24,4.0,28,1
1157233,2019-04-14,2018-19,2,WPR,DOL,"Newlands, Cape Town",462d7c62,D Paterson,18,3.0,40,0
1157233,2019-04-14,2018-19,2,WPR,DOL,"Newlands, Cape Town",abd541e6,NM Serame,24,4.0,28,2
1157233,2019-04-14,2018-19,2,WPR,DOL,"Newlands, Cape Town",e5437608,GF Linde,24,4.0,25,0
1157233,2019-04-14,2018-19,2,WPR,DOL,"Newlands, Cape Town",032e4384,T Bokako,6,1.0,9,0
1157234,2019-04-14,2018-19,1,LIONS,WAR,"Buffalo Park, East London",9a2fc964,BC Fortuin,18,3.0,23,1
1157234,2019-04-14,2018-19,1,LIONS,WAR,"Buffalo Park, East London",b56dc5f7,BE Hendricks,12,2.0,10,1
1157234,2019-04-14,2018-19,1,LIONS,WAR,"Buffalo Park, East London",11614d87,D Pretorius,18,3.0,41,0
1157234,2019-04-14,2018-19,1,LIONS,WAR,"Buffalo Park, East London",c96f6ac5,PWA Mulder,12,2.0,24,0
1157234,2019-04-14,2018-19,1,LIONS,WAR,"Buffalo Park, East London",7f8ecc51,AM Phangiso,24,4.0,13,2
1157234,2019-04-14,2018-19,1,LIONS,WAR,"Buffalo Park, East London",9d50c7e1,MP Siboto,22,3.4,39,0
1157234,2019-04-14,2018-19,1,LIONS,WAR,"Buffalo Park, East London",10f42013,WJ Lubbe,6,1.0,4,1
1157236,2019-04-16,2018-19,1,KNG,WPR,"Newlands, Cape Town",6b9eb501,OEG Baartman,24,4.0,32,1
1157236,2019-04-16,2018-19,1,KNG,WPR,"Newlands, Cape Town",3204c99f,G Coetzee,24,4.0,35,1
1157236,2019-04-16,2018-19,1,KNG,WPR,"Newlands, Cape Town",97b0e4ff,SC van Schalkwyk,24,4.0,23,1
1157236,2019-04-16,2018-19,1,KNG,WPR,"Newlands, Cape Town",c654af19,R McLaren,24,4.0,30,2
1157236,2019-04-16,2018-19,1,KNG,WPR,"Newlands, Cape Town",8e6827f7,T Ntuli,18,3.0,15,0
1157236,2019-04-16,2018-19,1,KNG,WPR,"Newlands, Cape Town",a7bc76a0,E Leie,6,1.0,14,0
1157236,2019-04-16,2018-19,2,WPR,KNG,"Newlands, Cape Town",7955eb15,RK Kleinveldt,24,4.0,26,1
1157236,2019-04-16,2018-19,2,WPR,KNG,"Newlands, Cape Town",cfe70281,VD Philander,24,4.0,17,1
1157236,2019-04-16,2018-19,2,WPR,KNG,"Newlands, Cape Town",e5437608,GF Linde,24,4.0,40,1
1157236,2019-04-16,2018-19,2,WPR,KNG,"Newlands, Cape Town",032e4384,T Bokako,24,4.0,20,2
1157236,2019-04-16,2018-19,2,WPR,KNG,"Newlands, Cape Town",91cd48e0,JF Smith,6,1.0,17,0
1157236,2019-04-16,2018-19,2,WPR,KNG,"Newlands, Cape Town",abd541e6,NM Serame,18,3.0,25,1
1157238,2019-04-18,2018-19,1,TIT,LIONS,"New Wanderers Stadium, Johannesburg",d92d8446,G Mahlokwana,24,4.0,22,1
1157238,2019-04-18,2018-19,1,TIT,LIONS,"New Wanderers Stadium, Johannesburg",a0936692,EL Hawken,24,4.0,39,0
1157238,2019-04-18,2018-19,1,TIT,LIONS,"New Wanderers Stadium, Johannesburg",1cb14aa4,CJ Dala,24,4.0,33,3
1157238,2019-04-18,2018-19,1,TIT,LIONS,"New Wanderers Stadium, Johannesburg",ffd3fc37,S von Berg,24,4.0,50,0
1157238,2019-04-18,2018-19,1,TIT,LIONS,"New Wanderers Stadium, Johannesburg",b06d95da,GM Thomson,24,4.0,37,0
1157238,2019-04-18,2018-19,2,LIONS,TIT,"New Wanderers Stadium, Johannesburg",9a2fc964,BC Fortuin,24,4.0,26,1
1157238,2019-04-18,2018-19,2,LIONS,TIT,"New Wanderers Stadium, Johannesburg",54c2b697,M Pretorius,24,4.0,32,2
1157238,2019-04-18,2018-19,2,LIONS,TIT,"New Wanderers Stadium, Johannesburg",11614d87,D Pretorius,12,2.0,21,1
1157238,2019-04-18,2018-19,2,LIONS,TIT,"New Wanderers Stadium, Johannesburg",7f8ecc51,AM Phangiso,18,3.0,26,2
1157238,2019-04-18,2018-19,2,LIONS,TIT,"New Wanderers Stadium, Johannesburg",9d50c7e1,MP Siboto,18,3.0,26,0
1157238,2019-04-18,2018-19,2,LIONS,TIT,"New Wanderers Stadium, Johannesburg",01698fee,Z Pongolo,24,4.0,29,3
1157240,2019-04-20,2018-19,1,TIT,DOL,"City Oval, Pietermaritzburg",d92d8446,G Mahlokwana,18,3.0,23,1
1157240,2019-04-20,2018-19,1,TIT,DOL,"City Oval, Pietermaritzburg",a0936692,EL Hawken,24,4.0,42,1
1157240,2019-04-20,2018-19,1,TIT,DOL,"City Oval, Pietermaritzburg",1cb14aa4,CJ Dala,24,4.0,41,1
1157240,2019-04-20,2018-19,1,TIT,DOL,"City Oval, Pietermaritzburg",ffd3fc37,S von Berg,24,4.0,34,0
1157240,2019-04-20,2018-19,1,TIT,DOL,"City Oval, Pietermaritzburg",b06d95da,GM Thomson,24,4.0,36,1
1157240,2019-04-20,2018-19,1,TIT,DOL,"City Oval, Pietermaritzburg",9c9f8dbc,H Davids,6,1.0,7,0
1157240,2019-04-20,2018-19,2,DOL,TIT,"City Oval, Pietermaritzburg",8b248d88,R Frylinck,23,3.5,39,0
1157240,2019-04-20,2018-19,2,DOL,TIT,"City Oval, Pietermaritzburg",7cb2d9d2,DM Dupavillon,18,3.0,22,0
1157240,2019-04-20,2018-19,2,DOL,TIT,"City Oval, Pietermaritzburg",ab6b1c45,AL Phehlukwayo,18,3.0,33,0
1157240,2019-04-20,2018-19,2,DOL,TIT,"City Oval, Pietermaritzburg",7ec9711d,P Subrayen,24,4.0,28,2
1157240,2019-04-20,2018-19,2,DOL,TIT,"City Oval, Pietermaritzburg",0b60eb09,KA Maharaj,18,3.0,35,0
1157240,2019-04-20,2018-19,2,DOL,TIT,"City Oval, Pietermaritzburg",1b42a100,BS Makhanya,12,2.0,29,0
1157245,2019-04-24,2018-19,1,WPR,TIT,"Boland Park, Paarl",7955eb15,RK Kleinveldt,24,4.0,22,0
1157245,2019-04-24,2018-19,1,WPR,TIT,"Boland Park, Paarl",cfe70281,VD Philander,24,4.0,46,1
1157245,2019-04-24,2018-19,1,WPR,TIT,"Boland Park, Paarl",032e4384,T Bokako,24,4.0,47,2
1157245,2019-04-24,2018-19,1,WPR,TIT,"Boland Park, Paarl",e5437608,GF Linde,24,4.0,36,0
1157245,2019-04-24,2018-19,1,WPR,TIT,"Boland Park, Paarl",abd541e6,NM Serame,24,4.0,29,0
1157245,2019-04-24,2018-19,2,TIT,WPR,"Boland Park, Paarl",d92d8446,G Mahlokwana,24,4.0,37,1
1157245,2019-04-24,2018-19,2,TIT,WPR,"Boland Park, Paarl",a0936692,EL Hawken,23,3.5,44,1
1157245,2019-04-24,2018-19,2,TIT,WPR,"Boland Park, Paarl",1cb14aa4,CJ Dala,18,3.0,32,3
1157245,2019-04-24,2018-19,2,TIT,WPR,"Boland Park, Paarl",ffd3fc37,S von Berg,24,4.0,22,1
1157245,2019-04-24,2018-19,2,TIT,WPR,"Boland Park, Paarl",b06d95da,GM Thomson,18,3.0,26,0
1157245,2019-04-24,2018-19,2,TIT,WPR,"Boland Park, Paarl",9c9f8dbc,H Davids,6,1.0,21,0
1157247,2019-04-24,2018-19,1,WAR,LIONS,"New Wanderers Stadium, Johannesburg",9df3a2f4,ACR Birch,24,4.0,29,1
1157247,2019-04-24,2018-19,1,WAR,LIONS,"New Wanderers Stadium, Johannesburg",f892fcf9,L Sipamla,24,4.0,29,1
1157247,2019-04-24,2018-19,1,WAR,LIONS,"New Wanderers Stadium, Johannesburg",8361e524,SSB Magala,24,4.0,35,1
1157247,2019-04-24,2018-19,1,WAR,LIONS,"New Wanderers Stadium, Johannesburg",42172c3c,JT Smuts,24,4.0,22,1
1157247,2019-04-24,2018-19,1,WAR,LIONS,"New Wanderers Stadium, Johannesburg",46b9eda8,S Langa,18,3.0,19,1
1157247,2019-04-24,2018-19,1,WAR,LIONS,"New Wanderers Stadium, Johannesburg",a941d2d5,J de Klerk,6,1.0,9,0
1157247,2019-04-24,2018-19,2,LIONS,WAR,"New Wanderers Stadium, Johannesburg",9a2fc964,BC Fortuin,24,4.0,27,1
1157247,2019-04-24,2018-19,2,LIONS,WAR,"New Wanderers Stadium, Johannesburg",54c2b697,M Pretorius,18,3.0,19,0
1157247,2019-04-24,2018-19,2,LIONS,WAR,"New Wanderers Stadium, Johannesburg",11614d87,D Pretorius,12,2.0,27,0
1157247,2019-04-24,2018-19,2,LIONS,WAR,"New Wanderers Stadium, Johannesburg",9d50c7e1,MP Siboto,15,2.3,28,0
1157247,2019-04-24,2018-19,2,LIONS,WAR,"New Wanderers Stadium, Johannesburg",7f8ecc51,AM Phangiso,12,2.0,28,0
1157247,2019-04-24,2018-19,2,LIONS,WAR,"New Wanderers Stadium, Johannesburg",01698fee,Z Pongolo,6,1.0,15,0
1157248,2019-04-26,2018-19,1,LIONS,WPR,"Newlands, Cape Town",9a2fc964,BC Fortuin,24,4.0,22,1
1157248,2019-04-26,2018-19,1,LIONS,WPR,"Newlands, Cape Town",a1d95bd8,LB Williams,18,3.0,25,1
1157248,2019-04-26,2018-19,1,LIONS,WPR,"Newlands, Cape Town",c96f6ac5,PWA Mulder,24,4.0,25,1
1157248,2019-04-26,2018-19,1,LIONS,WPR,"Newlands, Cape Town",11614d87,D Pretorius,12,2.0,17,1
1157248,2019-04-26,2018-19,1,LIONS,WPR,"Newlands, Cape Town",9d50c7e1,MP Siboto,18,3.0,26,1
1157248,2019-04-26,2018-19,1,LIONS,WPR,"Newlands, Cape Town",01698fee,Z Pongolo,24,4.0,17,1
1157248,2019-04-26,2018-19,2,WPR,LIONS,"Newlands, Cape Town",cfe70281,VD Philander,24,4.0,28,0
1157248,2019-04-26,2018-19,2,WPR,LIONS,"Newlands, Cape Town",7955eb15,RK Kleinveldt,18,3.0,35,0
1157248,2019-04-26,2018-19,2,WPR,LIONS,"Newlands, Cape Town",2e8994e7,JP Duminy,6,1.0,5,1
1157248,2019-04-26,2018-19,2,WPR,LIONS,"Newlands, Cape Town",032e4384,T Bokako,12,2.0,22,1
1157248,2019-04-26,2018-19,2,WPR,LIONS,"Newlands, Cape Town",91cd48e0,JF Smith,12,2.0,16,0
1157248,2019-04-26,2018-19,2,WPR,LIONS,"Newlands, Cape Town",e5437608,GF Linde,12,2.0,13,0
1157248,2019-04-26,2018-19,2,WPR,LIONS,"Newlands, Cape Town",abd541e6,NM Serame,11,1.5,14,1
1157249,2019-04-26,2018-19,1,DOL,WAR,"St George's Park, Port Elizabeth",0b60eb09,KA Maharaj,24,4.0,18,1
1157249,2019-04-26,2018-19,1,DOL,WAR,"St George's Park, Port Elizabeth",7cb2d9d2,DM Dupavillon,18,3.0,31,1
1157249,2019-04-26,2018-19,1,DOL,WAR,"St George's Park, Port Elizabeth",8b248d88,R Frylinck,24,4.0,35,2
1157249,2019-04-26,2018-19,1,DOL,WAR,"St George's Park, Port Elizabeth",ab6b1c45,AL Phehlukwayo,12,2.0,22,0
1157249,2019-04-26,2018-19,1,DOL,WAR,"St George's Park, Port Elizabeth",7dfb8890,S Muthusamy,18,3.0,23,1
1157249,2019-04-26,2018-19,1,DOL,WAR,"St George's Park, Port Elizabeth",7ec9711d,P Subrayen,24,4.0,24,2
1157249,2019-04-26,2018-19,2,WAR,DOL,"St George's Park, Port Elizabeth",42172c3c,JT Smuts,18,3.0,28,0
1157249,2019-04-26,2018-19,2,WAR,DOL,"St George's Park, Port Elizabeth",9df3a2f4,ACR Birch,12,2.0,26,1
1157249,2019-04-26,2018-19,2,WAR,DOL,"St George's Park, Port Elizabeth",f892fcf9,L Sipamla,24,4.0,37,0
1157249,2019-04-26,2018-19,2,WAR,DOL,"St George's Park, Port Elizabeth",8361e524,SSB Magala,20,3.2,22,1
1157249,2019-04-26,2018-19,2,WAR,DOL,"St George's Park, Port Elizabeth",a941d2d5,J de Klerk,12,2.0,16,0
1157249,2019-04-26,2018-19,2,WAR,DOL,"St George's Park, Port Elizabeth",46b9eda8,S Langa,24,4.0,23,1
1157250,2019-04-26,2018-19,1,TIT,KNG,"SuperSport Park, Centurion",c64b1e43,M Arnold,24,4.0,23,1
1157250,2019-04-26,2018-19,1,TIT,KNG,"SuperSport Park, Centurion",d92d8446,G Mahlokwana,24,4.0,25,2
1157250,2019-04-26,2018-19,1,TIT,KNG,"SuperSport Park, Centurion",1cb14aa4,CJ Dala,24,4.0,27,1
1157250,2019-04-26,2018-19,1,TIT,KNG,"SuperSport Park, Centurion",ffd3fc37,S von Berg,18,3.0,28,1
1157250,2019-04-26,2018-19,1,TIT,KNG,"SuperSport Park, Centurion",36ea17c1,TL Moreki,24,4.0,39,0
1157250,2019-04-26,2018-19,1,TIT,KNG,"SuperSport Park, Centurion",b06d95da,GM Thomson,6,1.0,3,1
1157250,2019-04-26,2018-19,2,KNG,TIT,"SuperSport Park, Centurion",6b9eb501,OEG Baartman,24,4.0,18,1
1157250,2019-04-26,2018-19,2,KNG,TIT,"SuperSport Park, Centurion",3204c99f,G Coetzee,24,4.0,26,2
1157250,2019-04-26,2018-19,2,KNG,TIT,"SuperSport Park, Centurion",195c459b,L Adam,12,2.0,25,0
1157250,2019-04-26,2018-19,2,KNG,TIT,"SuperSport Park, Centurion",97b0e4ff,SC van Schalkwyk,20,3.2,25,0
1157250,2019-04-26,2018-19,2,KNG,TIT,"SuperSport Park, Centurion",8e6827f7,T Ntuli,6,1.0,14,0
1157250,2019-04-26,2018-19,2,KNG,TIT,"SuperSport Park, Centurion",c654af19,R McLaren,18,3.0,25,0
1157250,2019-04-26,2018-19,2,KNG,TIT,"SuperSport Park, Centurion",39181592,PE Kruger,12,2.0,14,1
1157252,2019-04-28,2018-19,1,DOL,WPR,"Kingsmead, Durban",0b60eb09,KA Maharaj,24,4.0,16,2
1157252,2019-04-28,2018-19,1,DOL,WPR,"Kingsmead, Durban",8b248d88,R Frylinck,24,4.0,39,3
1157252,2019-04-28,2018-19,1,DOL,WPR,"Kingsmead, Durban",7cb2d9d2,DM Dupavillon,12,2.0,7,1
1157252,2019-04-28,2018-19,1,DOL,WPR,"Kingsmead, Durban",ab6b1c45,AL Phehlukwayo,12,2.0,19,0
1157252,2019-04-28,2018-19,1,DOL,WPR,"Kingsmead, Durban",7ec9711d,P Subrayen,24,4.0,17,0
1157252,2019-04-28,2018-19,1,DOL,WPR,"Kingsmead, Durban",7dfb8890,S Muthusamy,24,4.0,22,0
1157252,2019-04-28,2018-19,2,WPR,DOL,"Kingsmead, Durban",7955eb15,RK Kleinveldt,24,4.0,22,2
1157252,2019-04-28,2018-19,2,WPR,DOL,"Kingsmead, Durban",cfe70281,VD Philander,6,1.0,10,0
1157252,2019-04-28,2018-19,2,WPR,DOL,"Kingsmead, Durban",e5437608,GF Linde,18,3.0,29,1
1157252,2019-04-28,2018-19,2,WPR,DOL,"Kingsmead, Durban",2e8994e7,JP Duminy,13,2.1,24,0
1157252,2019-04-28,2018-19,2,WPR,DOL,"Kingsmead, Durban",abd541e6,NM Serame,17,2.5,24,1
1157252,2019-04-28,2018-19,2,WPR,DOL,"Kingsmead, Durban",032e4384,T Bokako,12,2.0,14,1
1157253,2019-04-28,2018-19,1,LIONS,TIT,"SuperSport Park, Centurion",9a2fc964,BC Fortuin,24,4.0,28,0
1157253,2019-04-28,2018-19,1,LIONS,TIT,"SuperSport Park, Centurion",a1d95bd8,LB Williams,24,4.0,32,3
1157253,2019-04-28,2018-19,1,LIONS,TIT,"SuperSport Park, Centurion",54c2b697,M Pretorius,24,4.0,23,2
1157253,2019-04-28,2018-19,1,LIONS,TIT,"SuperSport Park, Centurion",c96f6ac5,PWA Mulder,18,3.0,16,2
1157253,2019-04-28,2018-19,1,LIONS,TIT,"SuperSport Park, Centurion",7f8ecc51,AM Phangiso,12,2.0,16,0
1157253,2019-04-28,2018-19,1,LIONS,TIT,"SuperSport Park, Centurion",01698fee,Z Pongolo,12,2.0,23,0
1157253,2019-04-28,2018-19,1,LIONS,TIT,"SuperSport Park, Centurion",11614d87,D Pretorius,6,1.0,9,0
1157253,2019-04-28,2018-19,2,TIT,LIONS,"SuperSport Park, Centurion",d92d8446,G Mahlokwana,18,3.0,23,0
1157253,2019-04-28,2018-19,2,TIT,LIONS,"SuperSport Park, Centurion",c64b1e43,M Arnold,24,4.0,42,2
1157253,2019-04-28,2018-19,2,TIT,LIONS,"SuperSport Park, Centurion",a03bba42,T Shamsi,24,4.0,33,2
1157253,2019-04-28,2018-19,2,TIT,LIONS,"SuperSport Park, Centurion",ffd3fc37,S von Berg,24,4.0,29,0
1157253,2019-04-28,2018-19,2,TIT,LIONS,"SuperSport Park, Centurion",1cb14aa4,CJ Dala,24,4.0,22,2
1157254,2019-05-01,2018-19,1,LIONS,DOL,"New Wanderers Stadium, Johannesburg",9a2fc964,BC Fortuin,18,3.0,24,0
1157254,2019-05-01,2018-19,1,LIONS,DOL,"New Wanderers Stadium, Johannesburg",a1d95bd8,LB Williams,24,4.0,33,2
1157254,2019-05-01,2018-19,1,LIONS,DOL,"New Wanderers Stadium, Johannesburg",54c2b697,M Pretorius,24,4.0,34,1
1157254,2019-05-01,2018-19,1,LIONS,DOL,"New Wanderers Stadium, Johannesburg",c96f6ac5,PWA Mulder,18,3.0,23,2
1157254,2019-05-01,2018-19,1,LIONS,DOL,"New Wanderers Stadium, Johannesburg",7f8ecc51,AM Phangiso,24,4.0,19,1
1157254,2019-05-01,2018-19,1,LIONS,DOL,"New Wanderers Stadium, Johannesburg",11614d87,D Pretorius,6,1.0,14,1
1157254,2019-05-01,2018-19,1,LIONS,DOL,"New Wanderers Stadium, Johannesburg",01698fee,Z Pongolo,6,1.0,15,0
1157254,2019-05-01,2018-19,2,DOL,LIONS,"New Wanderers Stadium, Johannesburg",8b248d88,R Frylinck,18,3.0,33,0
1157254,2019-05-01,2018-19,2,DOL,LIONS,"New Wanderers Stadium, Johannesburg",7ec9711d,P Subrayen,12,2.0,21,0
1157254,2019-05-01,2018-19,2,DOL,LIONS,"New Wanderers Stadium, Johannesburg",7cb2d9d2,DM Dupavillon,24,4.0,22,2
1157254,2019-05-01,2018-19,2,DOL,LIONS,"New Wanderers Stadium, Johannesburg",ab6b1c45,AL Phehlukwayo,18,3.0,33,0
1157254,2019-05-01,2018-19,2,DOL,LIONS,"New Wanderers Stadium, Johannesburg",0b60eb09,KA Maharaj,24,4.0,29,0
1157254,2019-05-01,2018-19,2,DOL,LIONS,"New Wanderers Stadium, Johannesburg",7dfb8890,S Muthusamy,16,2.4,26,0
1157255,2019-05-01,2018-19,1,WPR,WAR,"Buffalo Park, East London",2e8994e7,JP Duminy,24,4.0,25,0
1157255,2019-05-01,2018-19,1,WPR,WAR,"Buffalo Park, East London",abd541e6,NM Serame,12,2.0,27,0
1157255,2019-05-01,2018-19,1,WPR,WAR,"Buffalo Park, East London",7955eb15,RK Kleinveldt,24,4.0,33,4
1157255,2019-05-01,2018-19,1,WPR,WAR,"Buffalo Park, East London",462d7c62,D Paterson,18,3.0,26,1
1157255,2019-05-01,2018-19,1,WPR,WAR,"Buffalo Park, East London",032e4384,T Bokako,6,1.0,12,0
1157255,2019-05-01,2018-19,1,WPR,WAR,"Buffalo Park, East London",f277f531,FD Adams,24,4.0,27,1
1157255,2019-05-01,2018-19,1,WPR,WAR,"Buffalo Park, East London",91cd48e0,JF Smith,12,2.0,16,1
1157255,2019-05-01,2018-19,2,WAR,WPR,"Buffalo Park, East London",42172c3c,JT Smuts,24,4.0,35,0
1157255,2019-05-01,2018-19,2,WAR,WPR,"Buffalo Park, East London",9df3a2f4,ACR Birch,24,4.0,37,2
1157255,2019-05-01,2018-19,2,WAR,WPR,"Buffalo Park, East London",8361e524,SSB Magala,24,4.0,19,2
1157255,2019-05-01,2018-19,2,WAR,WPR,"Buffalo Park, East London",f892fcf9,L Sipamla,18,3.0,21,2
1157255,2019-05-01,2018-19,2,WAR,WPR,"Buffalo Park, East London",a941d2d5,J de Klerk,24,4.0,33,1
1157255,2019-05-01,2018-19,2,WAR,WPR,"Buffalo Park, East London",9b442f95,O Nyaku,6,1.0,6,1
1157256,2019-05-05,2018-19,1,WAR,LIONS,"New Wanderers Stadium, Johannesburg",42172c3c,JT Smuts,24,4.0,35,0
1157256,2019-05-05,2018-19,1,WAR,LIONS,"New Wanderers Stadium, Johannesburg",9df3a2f4,ACR Birch,24,4.0,36,3
1157256,2019-05-05,2018-19,1,WAR,LIONS,"New Wanderers Stadium, Johannesburg",8361e524,SSB Magala,24,4.0,26,1
1157256,2019-05-05,2018-19,1,WAR,LIONS,"New Wanderers Stadium, Johannesburg",46b9eda8,S Langa,24,4.0,69,0
1157256,2019-05-05,2018-19,1,WAR,LIONS,"New Wanderers Stadium, Johannesburg",a941d2d5,J de Klerk,24,4.0,37,0
1157256,2019-05-05,2018-19,2,LIONS,WAR,"New Wanderers Stadium, Johannesburg",9a2fc964,BC Fortuin,24,4.0,27,4
1157256,2019-05-05,2018-19,2,LIONS,WAR,"New Wanderers Stadium, Johannesburg",a1d95bd8,LB Williams,24,4.0,49,2
1157256,2019-05-05,2018-19,2,LIONS,WAR,"New Wanderers Stadium, Johannesburg",54c2b697,M Pretorius,20,3.2,35,3
1157256,2019-05-05,2018-19,2,LIONS,WAR,"New Wanderers Stadium, Johannesburg",7f8ecc51,AM Phangiso,24,4.0,27,1
1157256,2019-05-05,2018-19,2,LIONS,WAR,"New Wanderers Stadium, Johannesburg",11614d87,D Pretorius,6,1.0,13,0
1157256,2019-05-05,2018-19,2,LIONS,WAR,"New Wanderers Stadium, Johannesburg",c96f6ac5,PWA Mulder,6,1.0,19,0
1157256,2019-05-05,2018-19,2,LIONS,WAR,"New Wanderers Stadium, Johannesburg",01698fee,Z Pongolo,12,2.0,20,0
1235373,2021-02-24,2020-21,1,TIT,WAR,"Kingsmead, Durban",23638956,SR Harmer,24,4.0,28,1
1235373,2021-02-24,2020-21,1,TIT,WAR,"Kingsmead, Durban",fb66ce1f,CH Morris,24,4.0,26,2
1235373,2021-02-24,2020-21,1,TIT,WAR,"Kingsmead, Durban",f834dcfc,L Ngidi,18,3.0,22,1
1235373,2021-02-24,2020-21,1,TIT,WAR,"Kingsmead, Durban",a1d95bd8,LB Williams,18,3.0,23,2
1235373,2021-02-24,2020-21,1,TIT,WAR,"Kingsmead, Durban",6e5840e3,O Cele,24,4.0,33,2
1235373,2021-02-24,2020-21,1,TIT,WAR,"Kingsmead, Durban",a03bba42,T Shamsi,12,2.0,23,0
1235373,2021-02-24,2020-21,2,WAR,TIT,"Kingsmead, Durban",42172c3c,JT Smuts,18,3.0,19,1
1235373,2021-02-24,2020-21,2,WAR,TIT,"Kingsmead, Durban",10f42013,WJ Lubbe,12,2.0,7,1
1235373,2021-02-24,2020-21,2,WAR,TIT,"Kingsmead, Durban",acdc62f5,A Nortje,24,4.0,20,1
1235373,2021-02-24,2020-21,2,WAR,TIT,"Kingsmead, Durban",81c36ee9,M Jansen,24,4.0,21,2
1235373,2021-02-24,2020-21,2,WAR,TIT,"Kingsmead, Durban",6ed11905,M Nabe,24,4.0,21,4
1235373,2021-02-24,2020-21,2,WAR,TIT,"Kingsmead, Durban",deccdffa,L Makhosi,18,3.0,24,0
1235374,2021-02-22,2020-21,1,KNG,WPR,"Kingsmead, Durban",54c2b697,M Pretorius,24,4.0,37,1
1235374,2021-02-22,2020-21,1,KNG,WPR,"Kingsmead, Durban",f277f531,FD Adams,24,4.0,42,0
1235374,2021-02-22,2020-21,1,KNG,WPR,"Kingsmead, Durban",ea1eba98,SA Mothoa,24,4.0,32,2
1235374,2021-02-22,2020-21,1,KNG,WPR,"Kingsmead, Durban",a3ae63f4,GJ Snyman,18,3.0,27,0
1235374,2021-02-22,2020-21,1,KNG,WPR,"Kingsmead, Durban",ffd3fc37,S von Berg,24,4.0,23,2
1235374,2021-02-22,2020-21,1,KNG,WPR,"Kingsmead, Durban",39181592,PE Kruger,6,1.0,6,0
1235374,2021-02-22,2020-21,2,WPR,KNG,"Kingsmead, Durban",172dff15,C Bosch,24,4.0,41,2
1235374,2021-02-22,2020-21,2,WPR,KNG,"Kingsmead, Durban",1062bebb,Siyabonga Mahima,24,4.0,31,2
1235374,2021-02-22,2020-21,2,WPR,KNG,"Kingsmead, Durban",7eb7d5d4,Z Abrahams,24,4.0,42,2
1235374,2021-02-22,2020-21,2,WPR,KNG,"Kingsmead, Durban",e5437608,GF Linde,24,4.0,20,1
1235374,2021-02-22,2020-21,2,WPR,KNG,"Kingsmead, Durban",5ec126fa,I Manack,12,2.0,11,0
1235374,2021-02-22,2020-21,2,WPR,KNG,"Kingsmead, Durban",a55e0360,CP Savage,12,2.0,16,0
1235375,2021-02-24,2020-21,1,LIONS,DOL,"Kingsmead, Durban",9a2fc964,BC Fortuin,12,2.0,18,1
1235375,2021-02-24,2020-21,1,LIONS,DOL,"Kingsmead, Durban",e62dd25d,K Rabada,24,4.0,25,1
1235375,2021-02-24,2020-21,1,LIONS,DOL,"Kingsmead, Durban",b56dc5f7,BE Hendricks,24,4.0,22,0
1235375,2021-02-24,2020-21,1,LIONS,DOL,"Kingsmead, Durban",8361e524,SSB Magala,24,4.0,34,0
1235375,2021-02-24,2020-21,1,LIONS,DOL,"Kingsmead, Durban",7f8ecc51,AM Phangiso,12,2.0,16,0
1235375,2021-02-24,2020-21,1,LIONS,DOL,"Kingsmead, Durban",11614d87,D Pretorius,24,4.0,34,1
1235375,2021-02-24,2020-21,2,DOL,LIONS,"Kingsmead, Durban",0b60eb09,KA Maharaj,24,4.0,10,1
1235375,2021-02-24,2020-21,2,DOL,LIONS,"Kingsmead, Durban",7ec9711d,P Subrayen,24,4.0,18,3
1235375,2021-02-24,2020-21,2,DOL,LIONS,"Kingsmead, Durban",56feceb0,K Mungroo,21,3.3,29,2
1235375,2021-02-24,2020-21,2,DOL,LIONS,"Kingsmead, Durban",8b248d88,R Frylinck,24,4.0,26,2
1235375,2021-02-24,2020-21,2,DOL,LIONS,"Kingsmead, Durban",6b9eb501,OEG Baartman,24,4.0,26,2
1235376,2021-02-23,2020-21,1,WAR,WPR,"Kingsmead, Durban",acdc62f5,A Nortje,24,4.0,30,2
1235376,2021-02-23,2020-21,1,WAR,WPR,"Kingsmead, Durban",42172c3c,JT Smuts,12,2.0,12,0
1235376,2021-02-23,2020-21,1,WAR,WPR,"Kingsmead, Durban",81c36ee9,M Jansen,24,4.0,39,0
1235376,2021-02-23,2020-21,1,WAR,WPR,"Kingsmead, Durban",a83c44b8,A Gqamane,18,3.0,29,1
1235376,2021-02-23,2020-21,1,WAR,WPR,"Kingsmead, Durban",6ed11905,M Nabe,18,3.0,32,1
1235376,2021-02-23,2020-21,1,WAR,WPR,"Kingsmead, Durban",deccdffa,L Makhosi,24,4.0,34,1
1235376,2021-02-23,2020-21,2,WPR,WAR,"Kingsmead, Durban",5ec126fa,I Manack,24,4.0,23,2
1235376,2021-02-23,2020-21,2,WPR,WAR,"Kingsmead, Durban",7eb7d5d4,Z Abrahams,24,4.0,38,0
1235376,2021-02-23,2020-21,2,WPR,WAR,"Kingsmead, Durban",36ea17c1,TL Moreki,24,4.0,33,0
1235376,2021-02-23,2020-21,2,WPR,WAR,"Kingsmead, Durban",a55e0360,CP Savage,6,1.0,12,1
1235376,2021-02-23,2020-21,2,WPR,WAR,"Kingsmead, Durban",e5437608,GF Linde,24,4.0,25,4
1235376,2021-02-23,2020-21,2,WPR,WAR,"Kingsmead, Durban",9b442f95,O Nyaku,14,2.2,24,2
1235377,2021-02-26,2020-21,1,TIT,DOL,"Kingsmead, Durban",6a26221c,AK Markram,6,1.0,6,0
1235377,2021-02-26,2020-21,1,TIT,DOL,"Kingsmead, Durban",f834dcfc,L Ngidi,24,4.0,20,3
1235377,2021-02-26,2020-21,1,TIT,DOL,"Kingsmead, Durban",fb66ce1f,CH Morris,18,3.0,32,0
1235377,2021-02-26,2020-21,1,TIT,DOL,"Kingsmead, Durban",47c449c5,Dayyaan Galiem,6,1.0,18,1
1235377,2021-02-26,2020-21,1,TIT,DOL,"Kingsmead, Durban",a1d95bd8,LB Williams,24,4.0,32,0
1235377,2021-02-26,2020-21,1,TIT,DOL,"Kingsmead, Durban",a03bba42,T Shamsi,24,4.0,28,1
1235377,2021-02-26,2020-21,1,TIT,DOL,"Kingsmead, Durban",6e5840e3,O Cele,18,3.0,10,0
1235377,2021-02-26,2020-21,2,DOL,TIT,"Kingsmead, Durban",0b60eb09,KA Maharaj,24,4.0,32,0
1235377,2021-02-26,2020-21,2,DOL,TIT,"Kingsmead, Durban",7ec9711d,P Subrayen,24,4.0,15,0
1235377,2021-02-26,2020-21,2,DOL,TIT,"Kingsmead, Durban",8b248d88,R Frylinck,24,4.0,26,2
1235377,2021-02-26,2020-21,2,DOL,TIT,"Kingsmead, Durban",6b9eb501,OEG Baartman,24,4.0,38,1
1235377,2021-02-26,2020-21,2,DOL,TIT,"Kingsmead, Durban",56feceb0,K Mungroo,24,4.0,29,2
1235378,2021-02-23,2020-21,1,LIONS,KNG,"Kingsmead, Durban",9a2fc964,BC Fortuin,24,4.0,25,0
1235378,2021-02-23,2020-21,1,LIONS,KNG,"Kingsmead, Durban",e62dd25d,K Rabada,24,4.0,24,1
1235378,2021-02-23,2020-21,1,LIONS,KNG,"Kingsmead, Durban",b56dc5f7,BE Hendricks,24,4.0,21,2
1235378,2021-02-23,2020-21,1,LIONS,KNG,"Kingsmead, Durban",8361e524,SSB Magala,24,4.0,20,5
1235378,2021-02-23,2020-21,1,LIONS,KNG,"Kingsmead, Durban",7f8ecc51,AM Phangiso,24,4.0,14,2
1235378,2021-02-23,2020-21,2,KNG,LIONS,"Kingsmead, Durban",3204c99f,G Coetzee,24,4.0,19,2
1235378,2021-02-23,2020-21,2,KNG,LIONS,"Kingsmead, Durban",ea1eba98,SA Mothoa,24,4.0,22,0
1235378,2021-02-23,2020-21,2,KNG,LIONS,"Kingsmead, Durban",ffd3fc37,S von Berg,24,4.0,21,0
1235378,2021-02-23,2020-21,2,KNG,LIONS,"Kingsmead, Durban",a3ae63f4,GJ Snyman,12,2.0,13,0
1235378,2021-02-23,2020-21,2,KNG,LIONS,"Kingsmead, Durban",f277f531,FD Adams,18,3.0,27,0
1235378,2021-02-23,2020-21,2,KNG,LIONS,"Kingsmead, Durban",39181592,PE Kruger,7,1.1,8,0
1235379,2021-02-19,2020-21,1,WPR,DOL,"Kingsmead, Durban",172dff15,C Bosch,24,4.0,31,1
1235379,2021-02-19,2020-21,1,WPR,DOL,"Kingsmead, Durban",5ec126fa,I Manack,24,4.0,24,0
1235379,2021-02-19,2020-21,1,WPR,DOL,"Kingsmead, Durban",a55e0360,CP Savage,24,4.0,26,0
1235379,2021-02-19,2020-21,1,WPR,DOL,"Kingsmead, Durban",e5437608,GF Linde,24,4.0,40,1
1235379,2021-02-19,2020-21,1,WPR,DOL,"Kingsmead, Durban",1062bebb,Siyabonga Mahima,18,3.0,18,4
1235379,2021-02-19,2020-21,1,WPR,DOL,"Kingsmead, Durban",9b442f95,O Nyaku,6,1.0,10,0
1235379,2021-02-19,2020-21,2,DOL,WPR,"Kingsmead, Durban",0b60eb09,KA Maharaj,24,4.0,15,4
1235379,2021-02-19,2020-21,2,DOL,WPR,"Kingsmead, Durban",8b248d88,R Frylinck,24,4.0,32,1
1235379,2021-02-19,2020-21,2,DOL,WPR,"Kingsmead, Durban",7ec9711d,P Subrayen,24,4.0,19,1
1235379,2021-02-19,2020-21,2,DOL,WPR,"Kingsmead, Durban",7cb2d9d2,DM Dupavillon,18,3.0,24,0
1235379,2021-02-19,2020-21,2,DOL,WPR,"Kingsmead, Durban",56feceb0,K Mungroo,14,2.2,22,0
1235379,2021-02-19,2020-21,2,DOL,WPR,"Kingsmead, Durban",ab6b1c45,AL Phehlukwayo,4,0.4,5,0
1235379,2021-02-19,2020-21,2,DOL,WPR,"Kingsmead, Durban",7dfb8890,S Muthusamy,12,2.0,21,1
1235380,2021-02-21,2020-21,1,WPR,TIT,"Kingsmead, Durban",172dff15,C Bosch,24,4.0,23,1
1235380,2021-02-21,2020-21,1,WPR,TIT,"Kingsmead, Durban",1062bebb,Siyabonga Mahima,24,4.0,34,1
1235380,2021-02-21,2020-21,1,WPR,TIT,"Kingsmead, Durban",5ec126fa,I Manack,18,3.0,16,1
1235380,2021-02-21,2020-21,1,WPR,TIT,"Kingsmead, Durban",a55e0360,CP Savage,18,3.0,36,1
1235380,2021-02-21,2020-21,1,WPR,TIT,"Kingsmead, Durban",e5437608,GF Linde,24,4.0,23,2
1235380,2021-02-21,2020-21,1,WPR,TIT,"Kingsmead, Durban",9b442f95,O Nyaku,12,2.0,15,0
1235380,2021-02-21,2020-21,2,TIT,WPR,"Kingsmead, Durban",6a26221c,AK Markram,6,1.0,3,0
1235380,2021-02-21,2020-21,2,TIT,WPR,"Kingsmead, Durban",fb66ce1f,CH Morris,24,4.0,21,2
1235380,2021-02-21,2020-21,2,TIT,WPR,"Kingsmead, Durban",f834dcfc,L Ngidi,24,4.0,18,3
1235380,2021-02-21,2020-21,2,TIT,WPR,"Kingsmead, Durban",a1d95bd8,LB Williams,24,4.0,25,2
1235380,2021-02-21,2020-21,2,TIT,WPR,"Kingsmead, Durban",47c449c5,Dayyaan Galiem,12,2.0,11,0
1235380,2021-02-21,2020-21,2,TIT,WPR,"Kingsmead, Durban",1cb14aa4,CJ Dala,6,1.0,6,1
1235380,2021-02-21,2020-21,2,TIT,WPR,"Kingsmead, Durban",a03bba42,T Shamsi,24,4.0,46,1
1235381,2021-02-20,2020-21,1,DOL,KNG,"Kingsmead, Durban",0b60eb09,KA Maharaj,24,4.0,18,2
1235381,2021-02-20,2020-21,1,DOL,KNG,"Kingsmead, Durban",56feceb0,K Mungroo,24,4.0,35,0
1235381,2021-02-20,2020-21,1,DOL,KNG,"Kingsmead, Durban",8b248d88,R Frylinck,18,3.0,11,2
1235381,2021-02-20,2020-21,1,DOL,KNG,"Kingsmead, Durban",28d6c44d,E Bosch,24,4.0,42,1
1235381,2021-02-20,2020-21,1,DOL,KNG,"Kingsmead, Durban",7ec9711d,P Subrayen,24,4.0,25,0
1235381,2021-02-20,2020-21,1,DOL,KNG,"Kingsmead, Durban",7dfb8890,S Muthusamy,6,1.0,12,0
1235381,2021-02-20,2020-21,2,KNG,DOL,"Kingsmead, Durban",54c2b697,M Pretorius,24,4.0,26,1
1235381,2021-02-20,2020-21,2,KNG,DOL,"Kingsmead, Durban",f277f531,FD Adams,18,3.0,26,2
1235381,2021-02-20,2020-21,2,KNG,DOL,"Kingsmead, Durban",a3ae63f4,GJ Snyman,12,2.0,19,0
1235381,2021-02-20,2020-21,2,KNG,DOL,"Kingsmead, Durban",ea1eba98,SA Mothoa,24,4.0,37,2
1235381,2021-02-20,2020-21,2,KNG,DOL,"Kingsmead, Durban",ffd3fc37,S von Berg,24,4.0,19,1
1235381,2021-02-20,2020-21,2,KNG,DOL,"Kingsmead, Durban",39181592,PE Kruger,7,1.1,15,0
1235383,2021-02-25,2020-21,1,KNG,WAR,"Kingsmead, Durban",54c2b697,M Pretorius,18,3.0,32,1
1235383,2021-02-25,2020-21,1,KNG,WAR,"Kingsmead, Durban",3204c99f,G Coetzee,24,4.0,34,0
1235383,2021-02-25,2020-21,1,KNG,WAR,"Kingsmead, Durban",ea1eba98,SA Mothoa,12,2.0,25,0
1235383,2021-02-25,2020-21,1,KNG,WAR,"Kingsmead, Durban",ffd3fc37,S von Berg,24,4.0,27,2
1235383,2021-02-25,2020-21,1,KNG,WAR,"Kingsmead, Durban",961edf30,MC Kleinveldt,18,3.0,17,2
1235383,2021-02-25,2020-21,1,KNG,WAR,"Kingsmead, Durban",1d105638,M Budaza,24,4.0,18,3
1235383,2021-02-25,2020-21,2,WAR,KNG,"Kingsmead, Durban",42172c3c,JT Smuts,18,3.0,22,0
1235383,2021-02-25,2020-21,2,WAR,KNG,"Kingsmead, Durban",10f42013,WJ Lubbe,12,2.0,20,0
1235383,2021-02-25,2020-21,2,WAR,KNG,"Kingsmead, Durban",acdc62f5,A Nortje,24,4.0,17,2
1235383,2021-02-25,2020-21,2,WAR,KNG,"Kingsmead, Durban",81c36ee9,M Jansen,24,4.0,30,2
1235383,2021-02-25,2020-21,2,WAR,KNG,"Kingsmead, Durban",6ed11905,M Nabe,24,4.0,19,3
1235383,2021-02-25,2020-21,2,WAR,KNG,"Kingsmead, Durban",deccdffa,L Makhosi,18,3.0,31,1
1235384,2021-02-22,2020-21,1,TIT,LIONS,"Kingsmead, Durban",23638956,SR Harmer,18,3.0,19,1
1235384,2021-02-22,2020-21,1,TIT,LIONS,"Kingsmead, Durban",fb66ce1f,CH Morris,18,3.0,10,0
1235384,2021-02-22,2020-21,1,TIT,LIONS,"Kingsmead, Durban",f834dcfc,L Ngidi,18,3.0,19,1
1235384,2021-02-22,2020-21,1,TIT,LIONS,"Kingsmead, Durban",a1d95bd8,LB Williams,14,2.2,19,1
1235384,2021-02-22,2020-21,1,TIT,LIONS,"Kingsmead, Durban",a03bba42,T Shamsi,18,3.0,24,1
1235384,2021-02-22,2020-21,1,TIT,LIONS,"Kingsmead, Durban",1cb14aa4,CJ Dala,12,2.0,28,0
1235384,2021-02-22,2020-21,2,LIONS,TIT,"Kingsmead, Durban",9a2fc964,BC Fortuin,18,3.0,21,2
1235384,2021-02-22,2020-21,2,LIONS,TIT,"Kingsmead, Durban",e62dd25d,K Rabada,18,3.0,18,1
1235384,2021-02-22,2020-21,2,LIONS,TIT,"Kingsmead, Durban",b56dc5f7,BE Hendricks,18,3.0,7,2
1235384,2021-02-22,2020-21,2,LIONS,TIT,"Kingsmead, Durban",8361e524,SSB Magala,18,3.0,30,1
1235384,2021-02-22,2020-21,2,LIONS,TIT,"Kingsmead, Durban",11614d87,D Pretorius,18,3.0,29,2
1235385,2021-02-21,2020-21,1,DOL,WAR,"Kingsmead, Durban",0b60eb09,KA Maharaj,24,4.0,12,0
1235385,2021-02-21,2020-21,1,DOL,WAR,"Kingsmead, Durban",7ec9711d,P Subrayen,24,4.0,31,0
1235385,2021-02-21,2020-21,1,DOL,WAR,"Kingsmead, Durban",8b248d88,R Frylinck,24,4.0,33,1
1235385,2021-02-21,2020-21,1,DOL,WAR,"Kingsmead, Durban",56feceb0,K Mungroo,24,4.0,30,1
1235385,2021-02-21,2020-21,1,DOL,WAR,"Kingsmead, Durban",6b9eb501,OEG Baartman,24,4.0,31,2
1235385,2021-02-21,2020-21,2,WAR,DOL,"Kingsmead, Durban",8e6827f7,T Ntuli,24,4.0,24,0
1235385,2021-02-21,2020-21,2,WAR,DOL,"Kingsmead, Durban",81c36ee9,M Jansen,18,3.0,27,0
1235385,2021-02-21,2020-21,2,WAR,DOL,"Kingsmead, Durban",acdc62f5,A Nortje,24,4.0,15,0
1235385,2021-02-21,2020-21,2,WAR,DOL,"Kingsmead, Durban",a83c44b8,A Gqamane,18,3.0,15,1
1235385,2021-02-21,2020-21,2,WAR,DOL,"Kingsmead, Durban",deccdffa,L Makhosi,12,2.0,21,0
1235385,2021-02-21,2020-21,2,WAR,DOL,"Kingsmead, Durban",42172c3c,JT Smuts,12,2.0,21,0
1235386,2021-02-26,2020-21,1,LIONS,WPR,"Kingsmead, Durban",9a2fc964,BC Fortuin,24,4.0,29,2
1235386,2021-02-26,2020-21,1,LIONS,WPR,"Kingsmead, Durban",f892fcf9,L Sipamla,24,4.0,27,2
1235386,2021-02-26,2020-21,1,LIONS,WPR,"Kingsmead, Durban",9d50c7e1,MP Siboto,24,4.0,33,1
1235386,2021-02-26,2020-21,1,LIONS,WPR,"Kingsmead, Durban",c96f6ac5,PWA Mulder,12,2.0,16,1
1235386,2021-02-26,2020-21,1,LIONS,WPR,"Kingsmead, Durban",7f8ecc51,AM Phangiso,24,4.0,19,0
1235386,2021-02-26,2020-21,1,LIONS,WPR,"Kingsmead, Durban",60fbf53a,D Potgieter,12,2.0,19,0
1235386,2021-02-26,2020-21,2,WPR,LIONS,"Kingsmead, Durban",5ec126fa,I Manack,24,4.0,20,0
1235386,2021-02-26,2020-21,2,WPR,LIONS,"Kingsmead, Durban",172dff15,C Bosch,18,3.0,28,0
1235386,2021-02-26,2020-21,2,WPR,LIONS,"Kingsmead, Durban",7eb7d5d4,Z Abrahams,18,3.0,29,2
1235386,2021-02-26,2020-21,2,WPR,LIONS,"Kingsmead, Durban",36ea17c1,TL Moreki,21,3.3,30,1
1235386,2021-02-26,2020-21,2,WPR,LIONS,"Kingsmead, Durban",e5437608,GF Linde,24,4.0,31,0
1235386,2021-02-26,2020-21,2,WPR,LIONS,"Kingsmead, Durban",9b442f95,O Nyaku,12,2.0,9,0
1235387,2021-02-19,2020-21,1,TIT,KNG,"Kingsmead, Durban",fb66ce1f,CH Morris,20,3.2,10,1
1235387,2021-02-19,2020-21,1,TIT,KNG,"Kingsmead, Durban",f834dcfc,L Ngidi,18,3.0,19,2
1235387,2021-02-19,2020-21,1,TIT,KNG,"Kingsmead, Durban",d92d8446,G Mahlokwana,6,1.0,18,0
1235387,2021-02-19,2020-21,1,TIT,KNG,"Kingsmead, Durban",a1d95bd8,LB Williams,18,3.0,20,2
1235387,2021-02-19,2020-21,1,TIT,KNG,"Kingsmead, Durban",47c449c5,Dayyaan Galiem,12,2.0,25,2
1235387,2021-02-19,2020-21,1,TIT,KNG,"Kingsmead, Durban",a03bba42,T Shamsi,24,4.0,20,3
1235387,2021-02-19,2020-21,2,KNG,TIT,"Kingsmead, Durban",54c2b697,M Pretorius,24,4.0,26,3
1235387,2021-02-19,2020-21,2,KNG,TIT,"Kingsmead, Durban",ea1eba98,SA Mothoa,18,3.0,11,0
1235387,2021-02-19,2020-21,2,KNG,TIT,"Kingsmead, Durban",a3ae63f4,GJ Snyman,19,3.1,27,0
1235387,2021-02-19,2020-21,2,KNG,TIT,"Kingsmead, Durban",ffd3fc37,S von Berg,24,4.0,36,0
1235387,2021-02-19,2020-21,2,KNG,TIT,"Kingsmead, Durban",1d105638,M Budaza,6,1.0,10,0
1235387,2021-02-19,2020-21,2,KNG,TIT,"Kingsmead, Durban",f277f531,FD Adams,12,2.0,10,0
1250546,2021-02-27,2020-21,1,LIONS,WAR,"Kingsmead, Durban",e62dd25d,K Rabada,24,4.0,36,0
1250546,2021-02-27,2020-21,1,LIONS,WAR,"Kingsmead, Durban",b56dc5f7,BE Hendricks,24,4.0,26,1
1250546,2021-02-27,2020-21,1,LIONS,WAR,"Kingsmead, Durban",8361e524,SSB Magala,18,3.0,27,1
1250546,2021-02-27,2020-21,1,LIONS,WAR,"Kingsmead, Durban",9a2fc964,BC Fortuin,12,2.0,18,0
1250546,2021-02-27,2020-21,1,LIONS,WAR,"Kingsmead, Durban",c96f6ac5,PWA Mulder,18,3.0,11,1
1250546,2021-02-27,2020-21,1,LIONS,WAR,"Kingsmead, Durban",7f8ecc51,AM Phangiso,24,4.0,20,1
1250546,2021-02-27,2020-21,2,WAR,LIONS,"Kingsmead, Durban",10f42013,WJ Lubbe,12,2.0,24,0
1250546,2021-02-27,2020-21,2,WAR,LIONS,"Kingsmead, Durban",acdc62f5,A Nortje,24,4.0,31,0
1250546,2021-02-27,2020-21,2,WAR,LIONS,"Kingsmead, Durban",81c36ee9,M Jansen,18,3.0,20,0
1250546,2021-02-27,2020-21,2,WAR,LIONS,"Kingsmead, Durban",6ed11905,M Nabe,19,3.1,25,2
1250546,2021-02-27,2020-21,2,WAR,LIONS,"Kingsmead, Durban",42172c3c,JT Smuts,24,4.0,18,1
1250546,2021-02-27,2020-21,2,WAR,LIONS,"Kingsmead, Durban",a941d2d5,J de Klerk,18,3.0,23,0
1250547,2021-02-28,2020-21,1,LIONS,DOL,"Kingsmead, Durban",9a2fc964,BC Fortuin,24,4.0,19,1
1250547,2021-02-28,2020-21,1,LIONS,DOL,"Kingsmead, Durban",e62dd25d,K Rabada,24,4.0,12,3
1250547,2021-02-28,2020-21,1,LIONS,DOL,"Kingsmead, Durban",b56dc5f7,BE Hendricks,24,4.0,29,1
1250547,2021-02-28,2020-21,1,LIONS,DOL,"Kingsmead, Durban",8361e524,SSB Magala,24,4.0,19,2
1250547,2021-02-28,2020-21,1,LIONS,DOL,"Kingsmead, Durban",7f8ecc51,AM Phangiso,24,4.0,25,0
1250547,2021-02-28,2020-21,2,DOL,LIONS,"Kingsmead, Durban",0b60eb09,KA Maharaj,24,4.0,22,1
1250547,2021-02-28,2020-21,2,DOL,LIONS,"Kingsmead, Durban",7ec9711d,P Subrayen,24,4.0,34,1
1250547,2021-02-28,2020-21,2,DOL,LIONS,"Kingsmead, Durban",6b9eb501,OEG Baartman,24,4.0,20,2
1250547,2021-02-28,2020-21,2,DOL,LIONS,"Kingsmead, Durban",8b248d88,R Frylinck,24,4.0,16,1
1250547,2021-02-28,2020-21,2,DOL,LIONS,"Kingsmead, Durban",56feceb0,K Mungroo,18,3.0,14,1
1299602,2022-02-07,2021-22,1,WPR,BOL,"St George's Park, Port Elizabeth",b56dc5f7,BE Hendricks,24,4.0,28,2
1299602,2022-02-07,2021-22,1,WPR,BOL,"St George's Park, Port Elizabeth",e5437608,GF Linde,24,4.0,13,2
1299602,2022-02-07,2021-22,1,WPR,BOL,"St George's Park, Port Elizabeth",36ea17c1,TL Moreki,12,2.0,30,0
1299602,2022-02-07,2021-22,1,WPR,BOL,"St George's Park, Port Elizabeth",3a60e0b5,WD Parnell,24,4.0,33,1
1299602,2022-02-07,2021-22,1,WPR,BOL,"St George's Park, Port Elizabeth",a2316f90,J Dawood,24,4.0,20,1
1299602,2022-02-07,2021-22,1,WPR,BOL,"St George's Park, Port Elizabeth",547c5509,M Mpongwana,12,2.0,17,0
1299602,2022-02-07,2021-22,2,BOL,WPR,"St George's Park, Port Elizabeth",1062bebb,Siyabonga Mahima,18,3.0,36,0
1299602,2022-02-07,2021-22,2,BOL,WPR,"St George's Park, Port Elizabeth",a316d663,GC Viljoen,18,3.0,16,3
1299602,2022-02-07,2021-22,2,BOL,WPR,"St George's Park, Port Elizabeth",7eb7d5d4,Z Abrahams,18,3.0,30,0
1299602,2022-02-07,2021-22,2,BOL,WPR,"St George's Park, Port Elizabeth",5ec126fa,I Manack,24,4.0,30,0
1299602,2022-02-07,2021-22,2,BOL,WPR,"St George's Park, Port Elizabeth",f277f531,FD Adams,24,4.0,31,1
1299603,2022-02-07,2021-22,1,TIT,WAR,"St George's Park, Port Elizabeth",f0af99a7,D Ferreira,12,2.0,11,1
1299603,2022-02-07,2021-22,1,TIT,WAR,"St George's Park, Port Elizabeth",172dff15,C Bosch,24,4.0,36,2
1299603,2022-02-07,2021-22,1,TIT,WAR,"St George's Park, Port Elizabeth",a1d95bd8,LB Williams,24,4.0,29,2
1299603,2022-02-07,2021-22,1,TIT,WAR,"St George's Park, Port Elizabeth",7f8ecc51,AM Phangiso,24,4.0,24,1
1299603,2022-02-07,2021-22,1,TIT,WAR,"St George's Park, Port Elizabeth",a03bba42,T Shamsi,24,4.0,31,1
1299603,2022-02-07,2021-22,1,TIT,WAR,"St George's Park, Port Elizabeth",a83c44b8,A Gqamane,12,2.0,32,0
1299603,2022-02-07,2021-22,2,WAR,TIT,"St George's Park, Port Elizabeth",10f42013,WJ Lubbe,12,2.0,15,2
1299603,2022-02-07,2021-22,2,WAR,TIT,"St George's Park, Port Elizabeth",462d7c62,D Paterson,24,4.0,42,2
1299603,2022-02-07,2021-22,2,WAR,TIT,"St George's Park, Port Elizabeth",6ed11905,M Nabe,12,2.0,29,2
1299603,2022-02-07,2021-22,2,WAR,TIT,"St George's Park, Port Elizabeth",be3ffb65,Tsepo Ndwandwa,24,4.0,24,0
1299603,2022-02-07,2021-22,2,WAR,TIT,"St George's Park, Port Elizabeth",20afc7e7,T van Vuuren,24,4.0,31,0
1299603,2022-02-07,2021-22,2,WAR,TIT,"St George's Park, Port Elizabeth",42172c3c,JT Smuts,24,4.0,12,1
1299604,2022-02-08,2021-22,1,LIONS,NWEST,"St George's Park, Port Elizabeth",9a2fc964,BC Fortuin,24,4.0,27,1
1299604,2022-02-08,2021-22,1,LIONS,NWEST,"St George's Park, Port Elizabeth",8361e524,SSB Magala,24,4.0,27,1
1299604,2022-02-08,2021-22,1,LIONS,NWEST,"St George's Park, Port Elizabeth",f2397e48,Codi Yusuf,24,4.0,21,2
1299604,2022-02-08,2021-22,1,LIONS,NWEST,"St George's Park, Port Elizabeth",9d50c7e1,MP Siboto,24,4.0,34,1
1299604,2022-02-08,2021-22,1,LIONS,NWEST,"St George's Park, Port Elizabeth",8e6827f7,T Ntuli,24,4.0,22,0
1299604,2022-02-08,2021-22,2,NWEST,LIONS,"St George's Park, Port Elizabeth",bc31511b,JN Diseko,24,4.0,17,2
1299604,2022-02-08,2021-22,2,NWEST,LIONS,"St George's Park, Port Elizabeth",1bd69aec,C Classen,6,1.0,6,0
1299604,2022-02-08,2021-22,2,NWEST,LIONS,"St George's Park, Port Elizabeth",8dc152d1,D Jansen,24,4.0,24,0
1299604,2022-02-08,2021-22,2,NWEST,LIONS,"St George's Park, Port Elizabeth",11614d87,D Pretorius,12,2.0,20,0
1299604,2022-02-08,2021-22,2,NWEST,LIONS,"St George's Park, Port Elizabeth",7dfb8890,S Muthusamy,18,3.0,19,0
1299604,2022-02-08,2021-22,2,NWEST,LIONS,"St George's Park, Port Elizabeth",be8b147b,C Seleka,24,4.0,23,2
1299604,2022-02-08,2021-22,2,NWEST,LIONS,"St George's Park, Port Elizabeth",01698fee,Z Pongolo,12,2.0,15,1
1299605,2022-02-08,2021-22,1,DOL,KNG,"St George's Park, Port Elizabeth",fc60e81a,B Parsons,24,4.0,22,0
1299605,2022-02-08,2021-22,1,DOL,KNG,"St George's Park, Port Elizabeth",6b9eb501,OEG Baartman,18,3.0,22,0
1299605,2022-02-08,2021-22,1,DOL,KNG,"St George's Park, Port Elizabeth",a8c3019c,O Modimokoane,24,4.0,27,1
1299605,2022-02-08,2021-22,1,DOL,KNG,"St George's Park, Port Elizabeth",57e1d7e4,R de Swardt,18,3.0,24,1
1299605,2022-02-08,2021-22,1,DOL,KNG,"St George's Park, Port Elizabeth",7ec9711d,P Subrayen,24,4.0,13,1
1299605,2022-02-08,2021-22,1,DOL,KNG,"St George's Park, Port Elizabeth",ab6b1c45,AL Phehlukwayo,12,2.0,20,1
1299605,2022-02-08,2021-22,2,KNG,DOL,"St George's Park, Port Elizabeth",54c2b697,M Pretorius,24,4.0,21,0
1299605,2022-02-08,2021-22,2,KNG,DOL,"St George's Park, Port Elizabeth",a3ae63f4,GJ Snyman,12,2.0,17,0
1299605,2022-02-08,2021-22,2,KNG,DOL,"St George's Park, Port Elizabeth",ea1eba98,SA Mothoa,24,4.0,21,1
1299605,2022-02-08,2021-22,2,KNG,DOL,"St George's Park, Port Elizabeth",ad19dda3,N van Heerden,18,3.0,28,0
1299605,2022-02-08,2021-22,2,KNG,DOL,"St George's Park, Port Elizabeth",d92d8446,G Mahlokwana,12,2.0,14,0
1299605,2022-02-08,2021-22,2,KNG,DOL,"St George's Park, Port Elizabeth",01dc3ec0,P Botha,18,3.0,27,1
1299606,2022-02-09,2021-22,1,BOL,TIT,"St George's Park, Port Elizabeth",5ec126fa,I Manack,24,4.0,33,0
1299606,2022-02-09,2021-22,1,BOL,TIT,"St George's Park, Port Elizabeth",a316d663,GC Viljoen,24,4.0,35,1
1299606,2022-02-09,2021-22,1,BOL,TIT,"St George's Park, Port Elizabeth",f277f531,FD Adams,24,4.0,26,0
1299606,2022-02-09,2021-22,1,BOL,TIT,"St George's Park, Port Elizabeth",1062bebb,Siyabonga Mahima,18,3.0,21,0
1299606,2022-02-09,2021-22,1,BOL,TIT,"St George's Park, Port Elizabeth",ffd3fc37,S von Berg,6,1.0,9,0
1299606,2022-02-09,2021-22,1,BOL,TIT,"St George's Park, Port Elizabeth",00741bc7,ZC Qwabe,18,3.0,29,1
1299606,2022-02-09,2021-22,1,BOL,TIT,"St George's Park, Port Elizabeth",9943b637,M Copeland,6,1.0,4,0
1299606,2022-02-09,2021-22,2,TIT,BOL,"St George's Park, Port Elizabeth",f0af99a7,D Ferreira,12,2.0,21,0
1299606,2022-02-09,2021-22,2,TIT,BOL,"St George's Park, Port Elizabeth",7f8ecc51,AM Phangiso,24,4.0,20,2
1299606,2022-02-09,2021-22,2,TIT,BOL,"St George's Park, Port Elizabeth",a1d95bd8,LB Williams,12,2.0,20,0
1299606,2022-02-09,2021-22,2,TIT,BOL,"St George's Park, Port Elizabeth",1cb14aa4,CJ Dala,24,4.0,36,3
1299606,2022-02-09,2021-22,2,TIT,BOL,"St George's Park, Port Elizabeth",a03bba42,T Shamsi,24,4.0,24,1
1299606,2022-02-09,2021-22,2,TIT,BOL,"St George's Park, Port Elizabeth",a83c44b8,A Gqamane,24,4.0,34,1
1299607,2022-02-09,2021-22,1,WPR,WAR,"St George's Park, Port Elizabeth",e5437608,GF Linde,6,1.0,11,0
1299607,2022-02-09,2021-22,1,WPR,WAR,"St George's Park, Port Elizabeth",b56dc5f7,BE Hendricks,24,4.0,33,1
1299607,2022-02-09,2021-22,1,WPR,WAR,"St George's Park, Port Elizabeth",3a60e0b5,WD Parnell,24,4.0,25,1
1299607,2022-02-09,2021-22,1,WPR,WAR,"St George's Park, Port Elizabeth",36ea17c1,TL Moreki,12,2.0,18,0
1299607,2022-02-09,2021-22,1,WPR,WAR,"St George's Park, Port Elizabeth",955e8e86,A Mgijima,24,4.0,30,1
1299607,2022-02-09,2021-22,1,WPR,WAR,"St George's Park, Port Elizabeth",547c5509,M Mpongwana,12,2.0,14,0
1299607,2022-02-09,2021-22,1,WPR,WAR,"St George's Park, Port Elizabeth",a2316f90,J Dawood,18,3.0,26,1
1299607,2022-02-09,2021-22,2,WAR,WPR,"St George's Park, Port Elizabeth",20afc7e7,T van Vuuren,19,3.1,29,1
1299607,2022-02-09,2021-22,2,WAR,WPR,"St George's Park, Port Elizabeth",be3ffb65,Tsepo Ndwandwa,18,3.0,30,0
1299607,2022-02-09,2021-22,2,WAR,WPR,"St George's Park, Port Elizabeth",10f42013,WJ Lubbe,6,1.0,15,0
1299607,2022-02-09,2021-22,2,WAR,WPR,"St George's Park, Port Elizabeth",462d7c62,D Paterson,18,3.0,38,0
1299607,2022-02-09,2021-22,2,WAR,WPR,"St George's Park, Port Elizabeth",42172c3c,JT Smuts,24,4.0,31,0
1299607,2022-02-09,2021-22,2,WAR,WPR,"St George's Park, Port Elizabeth",6ed11905,M Nabe,18,3.0,18,2
1299608,2022-02-10,2021-22,1,NWEST,KNG,"St George's Park, Port Elizabeth",1bd69aec,C Classen,18,3.0,15,0
1299608,2022-02-10,2021-22,1,NWEST,KNG,"St George's Park, Port Elizabeth",8dc152d1,D Jansen,24,4.0,16,1
1299608,2022-02-10,2021-22,1,NWEST,KNG,"St George's Park, Port Elizabeth",bc31511b,JN Diseko,24,4.0,19,2
1299608,2022-02-10,2021-22,1,NWEST,KNG,"St George's Park, Port Elizabeth",11614d87,D Pretorius,12,2.0,13,1
1299608,2022-02-10,2021-22,1,NWEST,KNG,"St George's Park, Port Elizabeth",7dfb8890,S Muthusamy,24,4.0,8,2
1299608,2022-02-10,2021-22,1,NWEST,KNG,"St George's Park, Port Elizabeth",01698fee,Z Pongolo,6,1.0,3,0
1299608,2022-02-10,2021-22,1,NWEST,KNG,"St George's Park, Port Elizabeth",be8b147b,C Seleka,12,2.0,19,0
1299608,2022-02-10,2021-22,2,KNG,NWEST,"St George's Park, Port Elizabeth",54c2b697,M Pretorius,12,2.0,28,0
1299608,2022-02-10,2021-22,2,KNG,NWEST,"St George's Park, Port Elizabeth",3204c99f,G Coetzee,24,4.0,29,1
1299608,2022-02-10,2021-22,2,KNG,NWEST,"St George's Park, Port Elizabeth",ea1eba98,SA Mothoa,12,2.0,19,0
1299608,2022-02-10,2021-22,2,KNG,NWEST,"St George's Park, Port Elizabeth",d92d8446,G Mahlokwana,13,2.1,14,1
1299609,2022-02-10,2021-22,1,DOL,LIONS,"St George's Park, Port Elizabeth",fc60e81a,B Parsons,12,2.0,17,0
1299609,2022-02-10,2021-22,1,DOL,LIONS,"St George's Park, Port Elizabeth",7cb2d9d2,DM Dupavillon,24,4.0,32,0
1299609,2022-02-10,2021-22,1,DOL,LIONS,"St George's Park, Port Elizabeth",57e1d7e4,R de Swardt,24,4.0,32,3
1299609,2022-02-10,2021-22,1,DOL,LIONS,"St George's Park, Port Elizabeth",91cd48e0,JF Smith,18,3.0,16,3
1299609,2022-02-10,2021-22,1,DOL,LIONS,"St George's Park, Port Elizabeth",7ec9711d,P Subrayen,24,4.0,26,1
1299609,2022-02-10,2021-22,1,DOL,LIONS,"St George's Park, Port Elizabeth",ab6b1c45,AL Phehlukwayo,6,1.0,9,0
1299609,2022-02-10,2021-22,1,DOL,LIONS,"St George's Park, Port Elizabeth",a8c3019c,O Modimokoane,12,2.0,22,1
1299609,2022-02-10,2021-22,2,LIONS,DOL,"St George's Park, Port Elizabeth",9a2fc964,BC Fortuin,24,4.0,16,2
1299609,2022-02-10,2021-22,2,LIONS,DOL,"St George's Park, Port Elizabeth",8361e524,SSB Magala,24,4.0,26,2
1299609,2022-02-10,2021-22,2,LIONS,DOL,"St George's Park, Port Elizabeth",9d50c7e1,MP Siboto,24,4.0,23,2
1299609,2022-02-10,2021-22,2,LIONS,DOL,"St George's Park, Port Elizabeth",f2397e48,Codi Yusuf,18,3.0,28,1
1299609,2022-02-10,2021-22,2,LIONS,DOL,"St George's Park, Port Elizabeth",8e6827f7,T Ntuli,6,1.0,15,0
1299609,2022-02-10,2021-22,2,LIONS,DOL,"St George's Park, Port Elizabeth",0ecf791e,S Dadswell,24,4.0,35,0
1299610,2022-02-12,2021-22,1,WAR,DOL,"St George's Park, Port Elizabeth",42172c3c,JT Smuts,24,4.0,22,1
1299610,2022-02-12,2021-22,1,WAR,DOL,"St George's Park, Port Elizabeth",a7c6ee8a,A Mhletywa,24,4.0,52,1
1299610,2022-02-12,2021-22,1,WAR,DOL,"St George's Park, Port Elizabeth",02635912,S Tait,24,4.0,41,0
1299610,2022-02-12,2021-22,1,WAR,DOL,"St George's Park, Port Elizabeth",6ed11905,M Nabe,24,4.0,52,1
1299610,2022-02-12,2021-22,1,WAR,DOL,"St George's Park, Port Elizabeth",deccdffa,L Makhosi,24,4.0,42,1
1299610,2022-02-12,2021-22,2,DOL,WAR,"St George's Park, Port Elizabeth",7ec9711d,P Subrayen,24,4.0,22,1
1299610,2022-02-12,2021-22,2,DOL,WAR,"St George's Park, Port Elizabeth",7cb2d9d2,DM Dupavillon,24,4.0,56,1
1299610,2022-02-12,2021-22,2,DOL,WAR,"St George's Park, Port Elizabeth",6b9eb501,OEG Baartman,24,4.0,16,1
1299610,2022-02-12,2021-22,2,DOL,WAR,"St George's Park, Port Elizabeth",57e1d7e4,R de Swardt,24,4.0,43,0
1299610,2022-02-12,2021-22,2,DOL,WAR,"St George's Park, Port Elizabeth",d44569de,T Ntini,6,1.0,14,0
1299610,2022-02-12,2021-22,2,DOL,WAR,"St George's Park, Port Elizabeth",ab6b1c45,AL Phehlukwayo,6,1.0,14,0
1299610,2022-02-12,2021-22,2,DOL,WAR,"St George's Park, Port Elizabeth",91cd48e0,JF Smith,12,2.0,24,3
1299611,2022-02-12,2021-22,1,KNG,TIT,"St George's Park, Port Elizabeth",54c2b697,M Pretorius,24,4.0,39,1
1299611,2022-02-12,2021-22,1,KNG,TIT,"St George's Park, Port Elizabeth",ea1eba98,SA Mothoa,24,4.0,30,0
1299611,2022-02-12,2021-22,1,KNG,TIT,"St George's Park, Port Elizabeth",ad19dda3,N van Heerden,24,4.0,32,2
1299611,2022-02-12,2021-22,1,KNG,TIT,"St George's Park, Port Elizabeth",39181592,PE Kruger,18,3.0,18,2
1299611,2022-02-12,2021-22,1,KNG,TIT,"St George's Park, Port Elizabeth",3c338b6a,J Raubenheimer,6,1.0,7,0
1299611,2022-02-12,2021-22,1,KNG,TIT,"St George's Park, Port Elizabeth",d92d8446,G Mahlokwana,18,3.0,20,0
1299611,2022-02-12,2021-22,1,KNG,TIT,"St George's Park, Port Elizabeth",a3ae63f4,GJ Snyman,6,1.0,4,1
1299611,2022-02-12,2021-22,2,TIT,KNG,"St George's Park, Port Elizabeth",a1d95bd8,LB Williams,24,4.0,20,2
1299611,2022-02-12,2021-22,2,TIT,KNG,"St George's Park, Port Elizabeth",1cb14aa4,CJ Dala,24,4.0,24,1
1299611,2022-02-12,2021-22,2,TIT,KNG,"St George's Park, Port Elizabeth",7f8ecc51,AM Phangiso,24,4.0,20,2
1299611,2022-02-12,2021-22,2,TIT,KNG,"St George's Park, Port Elizabeth",a03bba42,T Shamsi,24,4.0,29,2
1299611,2022-02-12,2021-22,2,TIT,KNG,"St George's Park, Port Elizabeth",a83c44b8,A Gqamane,12,2.0,20,1
1299611,2022-02-12,2021-22,2,TIT,KNG,"St George's Park, Port Elizabeth",f0af99a7,D Ferreira,6,1.0,9,0
1299612,2022-02-13,2021-22,1,WPR,LIONS,"St George's Park, Port Elizabeth",b56dc5f7,BE Hendricks,24,4.0,26,2
1299612,2022-02-13,2021-22,1,WPR,LIONS,"St George's Park, Port Elizabeth",3a60e0b5,WD Parnell,24,4.0,24,0
1299612,2022-02-13,2021-22,1,WPR,LIONS,"St George's Park, Port Elizabeth",1e182ae2,BD Walters,12,2.0,20,0
1299612,2022-02-13,2021-22,1,WPR,LIONS,"St George's Park, Port Elizabeth",955e8e86,A Mgijima,18,3.0,26,0
1299612,2022-02-13,2021-22,1,WPR,LIONS,"St George's Park, Port Elizabeth",a2316f90,J Dawood,24,4.0,23,2
1299612,2022-02-13,2021-22,1,WPR,LIONS,"St George's Park, Port Elizabeth",547c5509,M Mpongwana,18,3.0,19,1
1299612,2022-02-13,2021-22,2,LIONS,WPR,"St George's Park, Port Elizabeth",9a2fc964,BC Fortuin,24,4.0,31,1
1299612,2022-02-13,2021-22,2,LIONS,WPR,"St George's Park, Port Elizabeth",8361e524,SSB Magala,24,4.0,24,1
1299612,2022-02-13,2021-22,2,LIONS,WPR,"St George's Park, Port Elizabeth",f2397e48,Codi Yusuf,24,4.0,20,1
1299612,2022-02-13,2021-22,2,LIONS,WPR,"St George's Park, Port Elizabeth",9d50c7e1,MP Siboto,19,3.1,20,0
1299612,2022-02-13,2021-22,2,LIONS,WPR,"St George's Park, Port Elizabeth",8e6827f7,T Ntuli,18,3.0,29,1
1299612,2022-02-13,2021-22,2,LIONS,WPR,"St George's Park, Port Elizabeth",0ecf791e,S Dadswell,6,1.0,12,0
1299613,2022-02-13,2021-22,1,NWEST,BOL,"St George's Park, Port Elizabeth",1bd69aec,C Classen,18,3.0,34,0
1299613,2022-02-13,2021-22,1,NWEST,BOL,"St George's Park, Port Elizabeth",bc31511b,JN Diseko,12,2.0,35,0
1299613,2022-02-13,2021-22,1,NWEST,BOL,"St George's Park, Port Elizabeth",8dc152d1,D Jansen,24,4.0,42,1
1299613,2022-02-13,2021-22,1,NWEST,BOL,"St George's Park, Port Elizabeth",11614d87,D Pretorius,24,4.0,33,1
1299613,2022-02-13,2021-22,1,NWEST,BOL,"St George's Park, Port Elizabeth",60fbf53a,D Potgieter,12,2.0,10,1
1299613,2022-02-13,2021-22,1,NWEST,BOL,"St George's Park, Port Elizabeth",7dfb8890,S Muthusamy,6,1.0,8,0
1299613,2022-02-13,2021-22,1,NWEST,BOL,"St George's Park, Port Elizabeth",be8b147b,C Seleka,24,4.0,20,2
1299613,2022-02-13,2021-22,2,BOL,NWEST,"St George's Park, Port Elizabeth",1062bebb,Siyabonga Mahima,24,4.0,25,1
1299613,2022-02-13,2021-22,2,BOL,NWEST,"St George's Park, Port Elizabeth",a316d663,GC Viljoen,24,4.0,50,0
1299613,2022-02-13,2021-22,2,BOL,NWEST,"St George's Park, Port Elizabeth",f277f531,FD Adams,24,4.0,38,1
1299613,2022-02-13,2021-22,2,BOL,NWEST,"St George's Park, Port Elizabeth",00741bc7,ZC Qwabe,18,3.0,34,0
1299613,2022-02-13,2021-22,2,BOL,NWEST,"St George's Park, Port Elizabeth",ffd3fc37,S von Berg,6,1.0,5,0
1299613,2022-02-13,2021-22,2,BOL,NWEST,"St George's Park, Port Elizabeth",5ec126fa,I Manack,24,4.0,28,1
1299614,2022-02-14,2021-22,1,TIT,DOL,"St George's Park, Port Elizabeth",a1d95bd8,LB Williams,24,4.0,29,1
1299614,2022-02-14,2021-22,1,TIT,DOL,"St George's Park, Port Elizabeth",1cb14aa4,CJ Dala,24,4.0,27,2
1299614,2022-02-14,2021-22,1,TIT,DOL,"St George's Park, Port Elizabeth",a83c44b8,A Gqamane,6,1.0,3,1
1299614,2022-02-14,2021-22,1,TIT,DOL,"St George's Park, Port Elizabeth",a03bba42,T Shamsi,24,4.0,38,0
1299614,2022-02-14,2021-22,1,TIT,DOL,"St George's Park, Port Elizabeth",7f8ecc51,AM Phangiso,24,4.0,19,0
1299614,2022-02-14,2021-22,1,TIT,DOL,"St George's Park, Port Elizabeth",f0af99a7,D Ferreira,12,2.0,17,0
1299614,2022-02-14,2021-22,2,DOL,TIT,"St George's Park, Port Elizabeth",7cb2d9d2,DM Dupavillon,21,3.3,30,0
1299614,2022-02-14,2021-22,2,DOL,TIT,"St George's Park, Port Elizabeth",6b9eb501,OEG Baartman,18,3.0,26,0
1299614,2022-02-14,2021-22,2,DOL,TIT,"St George's Park, Port Elizabeth",d44569de,T Ntini,24,4.0,21,2
1299614,2022-02-14,2021-22,2,DOL,TIT,"St George's Park, Port Elizabeth",7ec9711d,P Subrayen,18,3.0,25,0
1299614,2022-02-14,2021-22,2,DOL,TIT,"St George's Park, Port Elizabeth",ab6b1c45,AL Phehlukwayo,12,2.0,17,0
1299614,2022-02-14,2021-22,2,DOL,TIT,"St George's Park, Port Elizabeth",57e1d7e4,R de Swardt,6,1.0,16,0
1299615,2022-02-14,2021-22,1,KNG,WAR,"St George's Park, Port Elizabeth",3204c99f,G Coetzee,24,4.0,35,2
1299615,2022-02-14,2021-22,1,KNG,WAR,"St George's Park, Port Elizabeth",ad19dda3,N van Heerden,24,4.0,37,0
1299615,2022-02-14,2021-22,1,KNG,WAR,"St George's Park, Port Elizabeth",1d105638,M Budaza,24,4.0,30,0
1299615,2022-02-14,2021-22,1,KNG,WAR,"St George's Park, Port Elizabeth",ea1eba98,SA Mothoa,24,4.0,31,1
1299615,2022-02-14,2021-22,1,KNG,WAR,"St George's Park, Port Elizabeth",39181592,PE Kruger,6,1.0,13,0
1299615,2022-02-14,2021-22,1,KNG,WAR,"St George's Park, Port Elizabeth",a3ae63f4,GJ Snyman,18,3.0,23,2
1299615,2022-02-14,2021-22,2,WAR,KNG,"St George's Park, Port Elizabeth",42172c3c,JT Smuts,18,3.0,14,0
1299615,2022-02-14,2021-22,2,WAR,KNG,"St George's Park, Port Elizabeth",02635912,S Tait,22,3.4,46,0
1299615,2022-02-14,2021-22,2,WAR,KNG,"St George's Park, Port Elizabeth",6ed11905,M Nabe,24,4.0,38,1
1299615,2022-02-14,2021-22,2,WAR,KNG,"St George's Park, Port Elizabeth",bd36db2c,A Mnyaka,24,4.0,34,0
1299615,2022-02-14,2021-22,2,WAR,KNG,"St George's Park, Port Elizabeth",f3288c80,K Jacobs,18,3.0,35,0
1299615,2022-02-14,2021-22,2,WAR,KNG,"St George's Park, Port Elizabeth",10f42013,WJ Lubbe,6,1.0,6,0
1299616,2022-02-15,2021-22,1,LIONS,BOL,"St George's Park, Port Elizabeth",9a2fc964,BC Fortuin,24,4.0,30,0
1299616,2022-02-15,2021-22,1,LIONS,BOL,"St George's Park, Port Elizabeth",8361e524,SSB Magala,24,4.0,41,1
1299616,2022-02-15,2021-22,1,LIONS,BOL,"St George's Park, Port Elizabeth",f2397e48,Codi Yusuf,18,3.0,23,0
1299616,2022-02-15,2021-22,1,LIONS,BOL,"St George's Park, Port Elizabeth",c50bfbc2,A Myoli,18,3.0,24,1
1299616,2022-02-15,2021-22,1,LIONS,BOL,"St George's Park, Port Elizabeth",9d50c7e1,MP Siboto,24,4.0,29,1
1299616,2022-02-15,2021-22,1,LIONS,BOL,"St George's Park, Port Elizabeth",b8cc58c9,RR Hendricks,12,2.0,10,1
1299616,2022-02-15,2021-22,2,BOL,LIONS,"St George's Park, Port Elizabeth",1062bebb,Siyabonga Mahima,24,4.0,20,2
1299616,2022-02-15,2021-22,2,BOL,LIONS,"St George's Park, Port Elizabeth",5ec126fa,I Manack,24,4.0,27,1
1299616,2022-02-15,2021-22,2,BOL,LIONS,"St George's Park, Port Elizabeth",a316d663,GC Viljoen,12,2.0,15,2
1299616,2022-02-15,2021-22,2,BOL,LIONS,"St George's Park, Port Elizabeth",ffd3fc37,S von Berg,24,4.0,14,3
1299616,2022-02-15,2021-22,2,BOL,LIONS,"St George's Park, Port Elizabeth",00741bc7,ZC Qwabe,12,2.0,20,0
1299616,2022-02-15,2021-22,2,BOL,LIONS,"St George's Park, Port Elizabeth",f277f531,FD Adams,8,1.2,17,2
1299617,2022-02-15,2021-22,1,NWEST,WPR,"St George's Park, Port Elizabeth",8dc152d1,D Jansen,12,2.0,27,0
1299617,2022-02-15,2021-22,1,NWEST,WPR,"St George's Park, Port Elizabeth",bc31511b,JN Diseko,18,3.0,19,1
1299617,2022-02-15,2021-22,1,NWEST,WPR,"St George's Park, Port Elizabeth",11614d87,D Pretorius,18,3.0,20,0
1299617,2022-02-15,2021-22,1,NWEST,WPR,"St George's Park, Port Elizabeth",60fbf53a,D Potgieter,18,3.0,27,2
1299617,2022-02-15,2021-22,1,NWEST,WPR,"St George's Park, Port Elizabeth",01698fee,Z Pongolo,18,3.0,38,0
1299617,2022-02-15,2021-22,1,NWEST,WPR,"St George's Park, Port Elizabeth",be8b147b,C Seleka,12,2.0,12,0
1299617,2022-02-15,2021-22,1,NWEST,WPR,"St George's Park, Port Elizabeth",7dfb8890,S Muthusamy,24,4.0,20,4
1299617,2022-02-15,2021-22,2,WPR,NWEST,"St George's Park, Port Elizabeth",b56dc5f7,BE Hendricks,24,4.0,20,4
1299617,2022-02-15,2021-22,2,WPR,NWEST,"St George's Park, Port Elizabeth",3a60e0b5,WD Parnell,18,3.0,13,1
1299617,2022-02-15,2021-22,2,WPR,NWEST,"St George's Park, Port Elizabeth",1e182ae2,BD Walters,24,4.0,11,0
1299617,2022-02-15,2021-22,2,WPR,NWEST,"St George's Park, Port Elizabeth",a2316f90,J Dawood,24,4.0,22,3
1299617,2022-02-15,2021-22,2,WPR,NWEST,"St George's Park, Port Elizabeth",547c5509,M Mpongwana,16,2.4,11,2
1299618,2022-02-17,2021-22,1,TIT,LIONS,"St George's Park, Port Elizabeth",a1d95bd8,LB Williams,24,4.0,38,0
1299618,2022-02-17,2021-22,1,TIT,LIONS,"St George's Park, Port Elizabeth",1cb14aa4,CJ Dala,24,4.0,39,1
1299618,2022-02-17,2021-22,1,TIT,LIONS,"St George's Park, Port Elizabeth",a83c44b8,A Gqamane,6,1.0,10,0
1299618,2022-02-17,2021-22,1,TIT,LIONS,"St George's Park, Port Elizabeth",7f8ecc51,AM Phangiso,24,4.0,18,1
1299618,2022-02-17,2021-22,1,TIT,LIONS,"St George's Park, Port Elizabeth",a03bba42,T Shamsi,24,4.0,25,2
1299618,2022-02-17,2021-22,1,TIT,LIONS,"St George's Park, Port Elizabeth",844e79d1,D Brevis,18,3.0,18,1
1299618,2022-02-17,2021-22,2,LIONS,TIT,"St George's Park, Port Elizabeth",9a2fc964,BC Fortuin,24,4.0,23,1
1299618,2022-02-17,2021-22,2,LIONS,TIT,"St George's Park, Port Elizabeth",b8cc58c9,RR Hendricks,12,2.0,20,0
1299618,2022-02-17,2021-22,2,LIONS,TIT,"St George's Park, Port Elizabeth",8361e524,SSB Magala,18,3.0,30,0
1299618,2022-02-17,2021-22,2,LIONS,TIT,"St George's Park, Port Elizabeth",f2397e48,Codi Yusuf,24,4.0,33,0
1299618,2022-02-17,2021-22,2,LIONS,TIT,"St George's Park, Port Elizabeth",9d50c7e1,MP Siboto,19,3.1,21,2
1299618,2022-02-17,2021-22,2,LIONS,TIT,"St George's Park, Port Elizabeth",c50bfbc2,A Myoli,12,2.0,25,0
1299619,2022-02-17,2021-22,1,BOL,WAR,"St George's Park, Port Elizabeth",5ec126fa,I Manack,24,4.0,21,1
1299619,2022-02-17,2021-22,1,BOL,WAR,"St George's Park, Port Elizabeth",a316d663,GC Viljoen,18,3.0,36,1
1299619,2022-02-17,2021-22,1,BOL,WAR,"St George's Park, Port Elizabeth",1062bebb,Siyabonga Mahima,24,4.0,22,0
1299619,2022-02-17,2021-22,1,BOL,WAR,"St George's Park, Port Elizabeth",f277f531,FD Adams,24,4.0,45,0
1299619,2022-02-17,2021-22,1,BOL,WAR,"St George's Park, Port Elizabeth",ffd3fc37,S von Berg,24,4.0,26,3
1299619,2022-02-17,2021-22,1,BOL,WAR,"St George's Park, Port Elizabeth",9943b637,M Copeland,6,1.0,3,0
1299619,2022-02-17,2021-22,2,WAR,BOL,"St George's Park, Port Elizabeth",42172c3c,JT Smuts,24,4.0,16,1
1299619,2022-02-17,2021-22,2,WAR,BOL,"St George's Park, Port Elizabeth",be3ffb65,Tsepo Ndwandwa,24,4.0,33,2
1299619,2022-02-17,2021-22,2,WAR,BOL,"St George's Park, Port Elizabeth",20afc7e7,T van Vuuren,22,3.4,55,0
1299619,2022-02-17,2021-22,2,WAR,BOL,"St George's Park, Port Elizabeth",10f42013,WJ Lubbe,12,2.0,8,0
1299619,2022-02-17,2021-22,2,WAR,BOL,"St George's Park, Port Elizabeth",deccdffa,L Makhosi,18,3.0,16,1
1299619,2022-02-17,2021-22,2,WAR,BOL,"St George's Park, Port Elizabeth",bd36db2c,A Mnyaka,18,3.0,27,2
1299620,2022-02-18,2021-22,1,WPR,KNG,"St George's Park, Port Elizabeth",b56dc5f7,BE Hendricks,24,4.0,25,1
1299620,2022-02-18,2021-22,1,WPR,KNG,"St George's Park, Port Elizabeth",3a60e0b5,WD Parnell,24,4.0,16,2
1299620,2022-02-18,2021-22,1,WPR,KNG,"St George's Park, Port Elizabeth",1e182ae2,BD Walters,24,4.0,28,1
1299620,2022-02-18,2021-22,1,WPR,KNG,"St George's Park, Port Elizabeth",e5437608,GF Linde,24,4.0,28,1
1299620,2022-02-18,2021-22,1,WPR,KNG,"St George's Park, Port Elizabeth",a2316f90,J Dawood,24,4.0,28,3
1299620,2022-02-18,2021-22,2,KNG,WPR,"St George's Park, Port Elizabeth",3204c99f,G Coetzee,24,4.0,31,1
1299620,2022-02-18,2021-22,2,KNG,WPR,"St George's Park, Port Elizabeth",ea1eba98,SA Mothoa,24,4.0,30,2
1299620,2022-02-18,2021-22,2,KNG,WPR,"St George's Park, Port Elizabeth",a3ae63f4,GJ Snyman,18,3.0,21,0
1299620,2022-02-18,2021-22,2,KNG,WPR,"St George's Park, Port Elizabeth",1d105638,M Budaza,23,3.5,34,1
1299620,2022-02-18,2021-22,2,KNG,WPR,"St George's Park, Port Elizabeth",ad19dda3,N van Heerden,6,1.0,12,0
1299621,2022-02-18,2021-22,1,DOL,NWEST,"St George's Park, Port Elizabeth",6b9eb501,OEG Baartman,24,4.0,12,2
1299621,2022-02-18,2021-22,1,DOL,NWEST,"St George's Park, Port Elizabeth",7ec9711d,P Subrayen,18,3.0,23,0
1299621,2022-02-18,2021-22,1,DOL,NWEST,"St George's Park, Port Elizabeth",28d6c44d,E Bosch,24,4.0,20,3
1299621,2022-02-18,2021-22,1,DOL,NWEST,"St George's Park, Port Elizabeth",d44569de,T Ntini,18,3.0,41,1
1299621,2022-02-18,2021-22,1,DOL,NWEST,"St George's Park, Port Elizabeth",ab6b1c45,AL Phehlukwayo,24,4.0,19,1
1299621,2022-02-18,2021-22,1,DOL,NWEST,"St George's Park, Port Elizabeth",fc60e81a,B Parsons,12,2.0,18,0
1299621,2022-02-18,2021-22,2,NWEST,DOL,"St George's Park, Port Elizabeth",bc31511b,JN Diseko,12,2.0,13,0
1299621,2022-02-18,2021-22,2,NWEST,DOL,"St George's Park, Port Elizabeth",a0936692,EL Hawken,22,3.4,19,0
1299621,2022-02-18,2021-22,2,NWEST,DOL,"St George's Park, Port Elizabeth",11614d87,D Pretorius,24,4.0,27,0
1299621,2022-02-18,2021-22,2,NWEST,DOL,"St George's Park, Port Elizabeth",7dfb8890,S Muthusamy,18,3.0,15,1
1299621,2022-02-18,2021-22,2,NWEST,DOL,"St George's Park, Port Elizabeth",be8b147b,C Seleka,12,2.0,16,1
1299621,2022-02-18,2021-22,2,NWEST,DOL,"St George's Park, Port Elizabeth",01698fee,Z Pongolo,6,1.0,9,0
1299621,2022-02-18,2021-22,2,NWEST,DOL,"St George's Park, Port Elizabeth",a3a3c0e7,NP Mvelase,6,1.0,9,0
1299621,2022-02-18,2021-22,2,NWEST,DOL,"St George's Park, Port Elizabeth",60fbf53a,D Potgieter,12,2.0,23,1
1299622,2022-02-19,2021-22,1,TIT,WPR,"St George's Park, Port Elizabeth",a1d95bd8,LB Williams,24,4.0,21,2
1299622,2022-02-19,2021-22,1,TIT,WPR,"St George's Park, Port Elizabeth",1cb14aa4,CJ Dala,18,3.0,14,1
1299622,2022-02-19,2021-22,1,TIT,WPR,"St George's Park, Port Elizabeth",7f8ecc51,AM Phangiso,18,3.0,27,0
1299622,2022-02-19,2021-22,1,TIT,WPR,"St George's Park, Port Elizabeth",a03bba42,T Shamsi,24,4.0,36,1
1299622,2022-02-19,2021-22,1,TIT,WPR,"St George's Park, Port Elizabeth",844e79d1,D Brevis,18,3.0,19,1
1299622,2022-02-19,2021-22,1,TIT,WPR,"St George's Park, Port Elizabeth",a83c44b8,A Gqamane,18,3.0,23,0
1299622,2022-02-19,2021-22,2,WPR,TIT,"St George's Park, Port Elizabeth",b56dc5f7,BE Hendricks,18,3.0,31,0
1299622,2022-02-19,2021-22,2,WPR,TIT,"St George's Park, Port Elizabeth",3a60e0b5,WD Parnell,15,2.3,16,0
1299622,2022-02-19,2021-22,2,WPR,TIT,"St George's Park, Port Elizabeth",1e182ae2,BD Walters,18,3.0,17,1
1299622,2022-02-19,2021-22,2,WPR,TIT,"St George's Park, Port Elizabeth",e5437608,GF Linde,24,4.0,34,0
1299622,2022-02-19,2021-22,2,WPR,TIT,"St George's Park, Port Elizabeth",3122c016,KI Simmonds,24,4.0,26,1
1299622,2022-02-19,2021-22,2,WPR,TIT,"St George's Park, Port Elizabeth",547c5509,M Mpongwana,18,3.0,20,1
1299623,2022-02-19,2021-22,1,WAR,LIONS,"St George's Park, Port Elizabeth",42172c3c,JT Smuts,24,4.0,20,0
1299623,2022-02-19,2021-22,1,WAR,LIONS,"St George's Park, Port Elizabeth",10f42013,WJ Lubbe,24,4.0,31,1
1299623,2022-02-19,2021-22,1,WAR,LIONS,"St George's Park, Port Elizabeth",be3ffb65,Tsepo Ndwandwa,18,3.0,12,2
1299623,2022-02-19,2021-22,1,WAR,LIONS,"St George's Park, Port Elizabeth",bd36db2c,A Mnyaka,18,3.0,24,0
1299623,2022-02-19,2021-22,1,WAR,LIONS,"St George's Park, Port Elizabeth",deccdffa,L Makhosi,24,4.0,26,2
1299623,2022-02-19,2021-22,1,WAR,LIONS,"St George's Park, Port Elizabeth",462d7c62,D Paterson,12,2.0,23,0
1299623,2022-02-19,2021-22,2,LIONS,WAR,"St George's Park, Port Elizabeth",9a2fc964,BC Fortuin,24,4.0,20,1
1299623,2022-02-19,2021-22,2,LIONS,WAR,"St George's Park, Port Elizabeth",b8cc58c9,RR Hendricks,24,4.0,29,1
1299623,2022-02-19,2021-22,2,LIONS,WAR,"St George's Park, Port Elizabeth",8361e524,SSB Magala,12,2.0,22,0
1299623,2022-02-19,2021-22,2,LIONS,WAR,"St George's Park, Port Elizabeth",9d50c7e1,MP Siboto,12,2.0,21,2
1299623,2022-02-19,2021-22,2,LIONS,WAR,"St George's Park, Port Elizabeth",aaa5a3a3,J Landsberg,6,1.0,11,0
1299623,2022-02-19,2021-22,2,LIONS,WAR,"St George's Park, Port Elizabeth",46e4a4e0,M Van Buuren,6,1.0,10,0
1299623,2022-02-19,2021-22,2,LIONS,WAR,"St George's Park, Port Elizabeth",f2397e48,Codi Yusuf,6,1.0,14,0
1299623,2022-02-19,2021-22,2,LIONS,WAR,"St George's Park, Port Elizabeth",032e4384,T Bokako,5,0.5,14,0
1299624,2022-02-20,2021-22,1,DOL,BOL,"St George's Park, Port Elizabeth",fc60e81a,B Parsons,18,3.0,14,1
1299624,2022-02-20,2021-22,1,DOL,BOL,"St George's Park, Port Elizabeth",6b9eb501,OEG Baartman,18,3.0,24,0
1299624,2022-02-20,2021-22,1,DOL,BOL,"St George's Park, Port Elizabeth",28d6c44d,E Bosch,24,4.0,23,3
1299624,2022-02-20,2021-22,1,DOL,BOL,"St George's Park, Port Elizabeth",56feceb0,K Mungroo,12,2.0,15,0
1299624,2022-02-20,2021-22,1,DOL,BOL,"St George's Park, Port Elizabeth",ab6b1c45,AL Phehlukwayo,24,4.0,23,1
1299624,2022-02-20,2021-22,1,DOL,BOL,"St George's Park, Port Elizabeth",7ec9711d,P Subrayen,24,4.0,18,2
1299624,2022-02-20,2021-22,2,BOL,DOL,"St George's Park, Port Elizabeth",1062bebb,Siyabonga Mahima,24,4.0,20,0
1299624,2022-02-20,2021-22,2,BOL,DOL,"St George's Park, Port Elizabeth",5ec126fa,I Manack,24,4.0,16,0
1299624,2022-02-20,2021-22,2,BOL,DOL,"St George's Park, Port Elizabeth",f277f531,FD Adams,12,2.0,14,2
1299624,2022-02-20,2021-22,2,BOL,DOL,"St George's Park, Port Elizabeth",ffd3fc37,S von Berg,24,4.0,18,2
1299624,2022-02-20,2021-22,2,BOL,DOL,"St George's Park, Port Elizabeth",9943b637,M Copeland,12,2.0,18,0
1299624,2022-02-20,2021-22,2,BOL,DOL,"St George's Park, Port Elizabeth",7eb7d5d4,Z Abrahams,24,4.0,22,3
1299625,2022-02-20,2021-22,1,LIONS,KNG,"St George's Park, Port Elizabeth",8e6827f7,T Ntuli,24,4.0,21,3
1299625,2022-02-20,2021-22,1,LIONS,KNG,"St George's Park, Port Elizabeth",b8cc58c9,RR Hendricks,18,3.0,15,0
1299625,2022-02-20,2021-22,1,LIONS,KNG,"St George's Park, Port Elizabeth",032e4384,T Bokako,18,3.0,24,1
1299625,2022-02-20,2021-22,1,LIONS,KNG,"St George's Park, Port Elizabeth",f2397e48,Codi Yusuf,18,3.0,19,0
1299625,2022-02-20,2021-22,1,LIONS,KNG,"St George's Park, Port Elizabeth",8361e524,SSB Magala,12,2.0,12,0
1299625,2022-02-20,2021-22,1,LIONS,KNG,"St George's Park, Port Elizabeth",aaa5a3a3,J Landsberg,12,2.0,17,0
1299625,2022-02-20,2021-22,1,LIONS,KNG,"St George's Park, Port Elizabeth",9d50c7e1,MP Siboto,18,3.0,18,3
1299625,2022-02-20,2021-22,2,KNG,LIONS,"St George's Park, Port Elizabeth",d92d8446,G Mahlokwana,18,3.0,22,1
1299625,2022-02-20,2021-22,2,KNG,LIONS,"St George's Park, Port Elizabeth",01dc3ec0,P Botha,12,2.0,12,0
1299625,2022-02-20,2021-22,2,KNG,LIONS,"St George's Park, Port Elizabeth",ea1eba98,SA Mothoa,24,4.0,20,2
1299625,2022-02-20,2021-22,2,KNG,LIONS,"St George's Park, Port Elizabeth",54c2b697,M Pretorius,18,3.0,33,1
1299625,2022-02-20,2021-22,2,KNG,LIONS,"St George's Park, Port Elizabeth",ad19dda3,N van Heerden,18,3.0,19,0
1299625,2022-02-20,2021-22,2,KNG,LIONS,"St George's Park, Port Elizabeth",a3ae63f4,GJ Snyman,24,4.0,19,1
1299625,2022-02-20,2021-22,2,KNG,LIONS,"St George's Park, Port Elizabeth",d50fba28,CP Klijnhans,1,0.1,4,0
1299626,2022-02-22,2021-22,1,NWEST,TIT,"St George's Park, Port Elizabeth",bc31511b,JN Diseko,12,2.0,25,0
1299626,2022-02-22,2021-22,1,NWEST,TIT,"St George's Park, Port Elizabeth",a0936692,EL Hawken,24,4.0,50,1
1299626,2022-02-22,2021-22,1,NWEST,TIT,"St George's Park, Port Elizabeth",1bd69aec,C Classen,12,2.0,20,0
1299626,2022-02-22,2021-22,1,NWEST,TIT,"St George's Park, Port Elizabeth",11614d87,D Pretorius,24,4.0,26,1
1299626,2022-02-22,2021-22,1,NWEST,TIT,"St George's Park, Port Elizabeth",7dfb8890,S Muthusamy,24,4.0,14,2
1299626,2022-02-22,2021-22,1,NWEST,TIT,"St George's Park, Port Elizabeth",be8b147b,C Seleka,12,2.0,18,0
1299626,2022-02-22,2021-22,1,NWEST,TIT,"St George's Park, Port Elizabeth",01698fee,Z Pongolo,12,2.0,10,0
1299626,2022-02-22,2021-22,2,TIT,NWEST,"St George's Park, Port Elizabeth",a1d95bd8,LB Williams,12,2.0,15,0
1299626,2022-02-22,2021-22,2,TIT,NWEST,"St George's Park, Port Elizabeth",1cb14aa4,CJ Dala,18,3.0,21,0
1299626,2022-02-22,2021-22,2,TIT,NWEST,"St George's Park, Port Elizabeth",7f8ecc51,AM Phangiso,24,4.0,13,2
1299626,2022-02-22,2021-22,2,TIT,NWEST,"St George's Park, Port Elizabeth",a83c44b8,A Gqamane,18,3.0,22,2
1299626,2022-02-22,2021-22,2,TIT,NWEST,"St George's Park, Port Elizabeth",a03bba42,T Shamsi,24,4.0,29,0
1299626,2022-02-22,2021-22,2,TIT,NWEST,"St George's Park, Port Elizabeth",844e79d1,D Brevis,24,4.0,33,2
1299627,2022-02-22,2021-22,1,BOL,KNG,"St George's Park, Port Elizabeth",1062bebb,Siyabonga Mahima,24,4.0,32,0
1299627,2022-02-22,2021-22,1,BOL,KNG,"St George's Park, Port Elizabeth",5ec126fa,I Manack,24,4.0,33,0
1299627,2022-02-22,2021-22,1,BOL,KNG,"St George's Park, Port Elizabeth",7eb7d5d4,Z Abrahams,24,4.0,34,5
1299627,2022-02-22,2021-22,1,BOL,KNG,"St George's Park, Port Elizabeth",f277f531,FD Adams,12,2.0,17,0
1299627,2022-02-22,2021-22,1,BOL,KNG,"St George's Park, Port Elizabeth",ffd3fc37,S von Berg,24,4.0,27,1
1299627,2022-02-22,2021-22,1,BOL,KNG,"St George's Park, Port Elizabeth",9943b637,M Copeland,12,2.0,20,0
1299627,2022-02-22,2021-22,2,KNG,BOL,"St George's Park, Port Elizabeth",d92d8446,G Mahlokwana,24,4.0,24,1
1299627,2022-02-22,2021-22,2,KNG,BOL,"St George's Park, Port Elizabeth",ea1eba98,SA Mothoa,24,4.0,33,0
1299627,2022-02-22,2021-22,2,KNG,BOL,"St George's Park, Port Elizabeth",ad19dda3,N van Heerden,24,4.0,30,0
1299627,2022-02-22,2021-22,2,KNG,BOL,"St George's Park, Port Elizabeth",3204c99f,G Coetzee,24,4.0,36,0
1299627,2022-02-22,2021-22,2,KNG,BOL,"St George's Park, Port Elizabeth",3c338b6a,J Raubenheimer,18,3.0,27,0
1299627,2022-02-22,2021-22,2,KNG,BOL,"St George's Park, Port Elizabeth",39181592,PE Kruger,6,1.0,9,1
1299628,2022-02-23,2021-22,1,WPR,DOL,"St George's Park, Port Elizabeth",e5437608,GF Linde,24,4.0,24,2
1299628,2022-02-23,2021-22,1,WPR,DOL,"St George's Park, Port Elizabeth",955e8e86,A Mgijima,24,4.0,25,2
1299628,2022-02-23,2021-22,1,WPR,DOL,"St George's Park, Port Elizabeth",b56dc5f7,BE Hendricks,24,4.0,40,0
1299628,2022-02-23,2021-22,1,WPR,DOL,"St George's Park, Port Elizabeth",3a60e0b5,WD Parnell,18,3.0,34,0
1299628,2022-02-23,2021-22,1,WPR,DOL,"St George's Park, Port Elizabeth",a2316f90,J Dawood,24,4.0,15,1
1299628,2022-02-23,2021-22,1,WPR,DOL,"St George's Park, Port Elizabeth",547c5509,M Mpongwana,6,1.0,10,0
1299628,2022-02-23,2021-22,2,DOL,WPR,"St George's Park, Port Elizabeth",7ec9711d,P Subrayen,24,4.0,17,2
1299628,2022-02-23,2021-22,2,DOL,WPR,"St George's Park, Port Elizabeth",6b9eb501,OEG Baartman,12,2.0,16,2
1299628,2022-02-23,2021-22,2,DOL,WPR,"St George's Park, Port Elizabeth",56feceb0,K Mungroo,6,1.0,3,0
1299628,2022-02-23,2021-22,2,DOL,WPR,"St George's Park, Port Elizabeth",28d6c44d,E Bosch,12,2.0,9,1
1299628,2022-02-23,2021-22,2,DOL,WPR,"St George's Park, Port Elizabeth",fc60e81a,B Parsons,22,3.4,22,3
1299628,2022-02-23,2021-22,2,DOL,WPR,"St George's Park, Port Elizabeth",ab6b1c45,AL Phehlukwayo,18,3.0,16,2
1299629,2022-02-23,2021-22,1,WAR,NWEST,"St George's Park, Port Elizabeth",42172c3c,JT Smuts,24,4.0,25,1
1299629,2022-02-23,2021-22,1,WAR,NWEST,"St George's Park, Port Elizabeth",10f42013,WJ Lubbe,24,4.0,24,1
1299629,2022-02-23,2021-22,1,WAR,NWEST,"St George's Park, Port Elizabeth",be3ffb65,Tsepo Ndwandwa,24,4.0,28,1
1299629,2022-02-23,2021-22,1,WAR,NWEST,"St George's Park, Port Elizabeth",85b3fab2,T Stubbs,12,2.0,20,0
1299629,2022-02-23,2021-22,1,WAR,NWEST,"St George's Park, Port Elizabeth",f3288c80,K Jacobs,18,3.0,30,1
1299629,2022-02-23,2021-22,1,WAR,NWEST,"St George's Park, Port Elizabeth",51355a30,LC Ngoepe,6,1.0,15,0
1299629,2022-02-23,2021-22,1,WAR,NWEST,"St George's Park, Port Elizabeth",bd36db2c,A Mnyaka,12,2.0,21,1
1299629,2022-02-23,2021-22,2,NWEST,WAR,"St George's Park, Port Elizabeth",11614d87,D Pretorius,18,3.0,15,2
1299629,2022-02-23,2021-22,2,NWEST,WAR,"St George's Park, Port Elizabeth",8dc152d1,D Jansen,24,4.0,43,2
1299629,2022-02-23,2021-22,2,NWEST,WAR,"St George's Park, Port Elizabeth",7dfb8890,S Muthusamy,24,4.0,15,1
1299629,2022-02-23,2021-22,2,NWEST,WAR,"St George's Park, Port Elizabeth",60fbf53a,D Potgieter,12,2.0,24,0
1299629,2022-02-23,2021-22,2,NWEST,WAR,"St George's Park, Port Elizabeth",58f01d47,LM Zuma,18,3.0,25,3
1299629,2022-02-23,2021-22,2,NWEST,WAR,"St George's Park, Port Elizabeth",01698fee,Z Pongolo,6,1.0,7,0
1299629,2022-02-23,2021-22,2,NWEST,WAR,"St George's Park, Port Elizabeth",be8b147b,C Seleka,18,3.0,29,0
1299630,2022-02-25,2021-22,1,TIT,DOL,"St George's Park, Port Elizabeth",a1d95bd8,LB Williams,24,4.0,13,1
1299630,2022-02-25,2021-22,1,TIT,DOL,"St George's Park, Port Elizabeth",1cb14aa4,CJ Dala,18,3.0,21,2
1299630,2022-02-25,2021-22,1,TIT,DOL,"St George's Park, Port Elizabeth",a83c44b8,A Gqamane,18,3.0,20,2
1299630,2022-02-25,2021-22,1,TIT,DOL,"St George's Park, Port Elizabeth",7f8ecc51,AM Phangiso,24,4.0,14,0
1299630,2022-02-25,2021-22,1,TIT,DOL,"St George's Park, Port Elizabeth",a03bba42,T Shamsi,24,4.0,15,3
1299630,2022-02-25,2021-22,1,TIT,DOL,"St George's Park, Port Elizabeth",844e79d1,D Brevis,12,2.0,8,0
1299630,2022-02-25,2021-22,2,DOL,TIT,"St George's Park, Port Elizabeth",56feceb0,K Mungroo,24,4.0,21,3
1299630,2022-02-25,2021-22,2,DOL,TIT,"St George's Park, Port Elizabeth",28d6c44d,E Bosch,18,3.0,26,1
1299630,2022-02-25,2021-22,2,DOL,TIT,"St George's Park, Port Elizabeth",6b9eb501,OEG Baartman,18,3.0,17,0
1299630,2022-02-25,2021-22,2,DOL,TIT,"St George's Park, Port Elizabeth",ab6b1c45,AL Phehlukwayo,19,3.1,23,0
1299630,2022-02-25,2021-22,2,DOL,TIT,"St George's Park, Port Elizabeth",fc60e81a,B Parsons,6,1.0,7,0
1299631,2022-02-25,2021-22,1,BOL,WPR,"St George's Park, Port Elizabeth",5ec126fa,I Manack,24,4.0,19,1
1299631,2022-02-25,2021-22,1,BOL,WPR,"St George's Park, Port Elizabeth",7eb7d5d4,Z Abrahams,23,3.5,34,4
1299631,2022-02-25,2021-22,1,BOL,WPR,"St George's Park, Port Elizabeth",1062bebb,Siyabonga Mahima,24,4.0,24,2
1299631,2022-02-25,2021-22,1,BOL,WPR,"St George's Park, Port Elizabeth",f277f531,FD Adams,24,4.0,16,1
1299631,2022-02-25,2021-22,1,BOL,WPR,"St George's Park, Port Elizabeth",ffd3fc37,S von Berg,24,4.0,19,2
1299631,2022-02-25,2021-22,2,WPR,BOL,"St George's Park, Port Elizabeth",b56dc5f7,BE Hendricks,19,3.1,27,0
1299631,2022-02-25,2021-22,2,WPR,BOL,"St George's Park, Port Elizabeth",e5437608,GF Linde,24,4.0,19,0
1299631,2022-02-25,2021-22,2,WPR,BOL,"St George's Park, Port Elizabeth",3a60e0b5,WD Parnell,24,4.0,30,0
1299631,2022-02-25,2021-22,2,WPR,BOL,"St George's Park, Port Elizabeth",a2316f90,J Dawood,24,4.0,25,1
1299631,2022-02-25,2021-22,2,WPR,BOL,"St George's Park, Port Elizabeth",955e8e86,A Mgijima,18,3.0,15,2
1299632,2022-02-27,2021-22,1,TIT,BOL,"St George's Park, Port Elizabeth",a1d95bd8,LB Williams,24,4.0,30,2
1299632,2022-02-27,2021-22,1,TIT,BOL,"St George's Park, Port Elizabeth",7f8ecc51,AM Phangiso,24,4.0,13,0
1299632,2022-02-27,2021-22,1,TIT,BOL,"St George's Park, Port Elizabeth",1cb14aa4,CJ Dala,18,3.0,27,0
1299632,2022-02-27,2021-22,1,TIT,BOL,"St George's Park, Port Elizabeth",a03bba42,T Shamsi,24,4.0,20,3
1299632,2022-02-27,2021-22,1,TIT,BOL,"St George's Park, Port Elizabeth",844e79d1,D Brevis,12,2.0,20,0
1299632,2022-02-27,2021-22,1,TIT,BOL,"St George's Park, Port Elizabeth",f0af99a7,D Ferreira,6,1.0,5,0
1299632,2022-02-27,2021-22,1,TIT,BOL,"St George's Park, Port Elizabeth",a83c44b8,A Gqamane,12,2.0,23,0
1299632,2022-02-27,2021-22,2,BOL,TIT,"St George's Park, Port Elizabeth",1062bebb,Siyabonga Mahima,24,4.0,22,2
1299632,2022-02-27,2021-22,2,BOL,TIT,"St George's Park, Port Elizabeth",5ec126fa,I Manack,24,4.0,14,2
1299632,2022-02-27,2021-22,2,BOL,TIT,"St George's Park, Port Elizabeth",a316d663,GC Viljoen,18,3.0,14,2
1299632,2022-02-27,2021-22,2,BOL,TIT,"St George's Park, Port Elizabeth",ffd3fc37,S von Berg,24,4.0,40,1
1299632,2022-02-27,2021-22,2,BOL,TIT,"St George's Park, Port Elizabeth",7eb7d5d4,Z Abrahams,18,3.0,18,0
1299632,2022-02-27,2021-22,2,BOL,TIT,"St George's Park, Port Elizabeth",f277f531,FD Adams,12,2.0,14,1
1334891,2022-10-17,2022-23,1,DOL,TIT,"Senwes Park, Potchefstroom",28d6c44d,E Bosch,24,4.0,13,2
1334891,2022-10-17,2022-23,1,DOL,TIT,"Senwes Park, Potchefstroom",7ec9711d,P Subrayen,18,3.0,26,0
1334891,2022-10-17,2022-23,1,DOL,TIT,"Senwes Park, Potchefstroom",6b9eb501,OEG Baartman,24,4.0,23,1
1334891,2022-10-17,2022-23,1,DOL,TIT,"Senwes Park, Potchefstroom",42172c3c,JT Smuts,12,2.0,27,0
1334891,2022-10-17,2022-23,1,DOL,TIT,"Senwes Park, Potchefstroom",d44569de,T Ntini,24,4.0,49,1
1334891,2022-10-17,2022-23,1,DOL,TIT,"Senwes Park, Potchefstroom",ebb74564,A Simelane,18,3.0,25,2
1334891,2022-10-17,2022-23,2,TIT,DOL,"Senwes Park, Potchefstroom",47c449c5,Dayyaan Galiem,18,3.0,27,1
1334891,2022-10-17,2022-23,2,TIT,DOL,"Senwes Park, Potchefstroom",1cb14aa4,CJ Dala,12,2.0,16,1
1334891,2022-10-17,2022-23,2,TIT,DOL,"Senwes Park, Potchefstroom",7f8ecc51,AM Phangiso,22,3.4,16,3
1334891,2022-10-17,2022-23,2,TIT,DOL,"Senwes Park, Potchefstroom",172dff15,C Bosch,12,2.0,20,0
1334891,2022-10-17,2022-23,2,TIT,DOL,"Senwes Park, Potchefstroom",68790da2,N Brand,24,4.0,20,1
1334891,2022-10-17,2022-23,2,TIT,DOL,"Senwes Park, Potchefstroom",a83c44b8,A Gqamane,6,1.0,11,0
1334891,2022-10-17,2022-23,2,TIT,DOL,"Senwes Park, Potchefstroom",844e79d1,D Brevis,18,3.0,20,1
1334892,2022-10-17,2022-23,1,NWEST,LIONS,"Senwes Park, Potchefstroom",8dc152d1,D Jansen,18,3.0,32,1
1334892,2022-10-17,2022-23,1,NWEST,LIONS,"Senwes Park, Potchefstroom",56feceb0,K Mungroo,24,4.0,35,1
1334892,2022-10-17,2022-23,1,NWEST,LIONS,"Senwes Park, Potchefstroom",a0936692,EL Hawken,24,4.0,30,2
1334892,2022-10-17,2022-23,1,NWEST,LIONS,"Senwes Park, Potchefstroom",be8b147b,C Seleka,18,3.0,24,0
1334892,2022-10-17,2022-23,1,NWEST,LIONS,"Senwes Park, Potchefstroom",60fbf53a,D Potgieter,24,4.0,29,2
1334892,2022-10-17,2022-23,1,NWEST,LIONS,"Senwes Park, Potchefstroom",7dfb8890,S Muthusamy,12,2.0,20,0
1334892,2022-10-17,2022-23,2,LIONS,NWEST,"Senwes Park, Potchefstroom",f892fcf9,L Sipamla,18,3.0,38,2
1334892,2022-10-17,2022-23,2,LIONS,NWEST,"Senwes Park, Potchefstroom",032e4384,T Bokako,18,3.0,22,1
1334892,2022-10-17,2022-23,2,LIONS,NWEST,"Senwes Park, Potchefstroom",f2397e48,Codi Yusuf,18,3.0,28,1
1334892,2022-10-17,2022-23,2,LIONS,NWEST,"Senwes Park, Potchefstroom",c96f6ac5,PWA Mulder,18,3.0,20,1
1334892,2022-10-17,2022-23,2,LIONS,NWEST,"Senwes Park, Potchefstroom",9d50c7e1,MP Siboto,13,2.1,17,0
1334892,2022-10-17,2022-23,2,LIONS,NWEST,"Senwes Park, Potchefstroom",595f565e,TM Maphaka,12,2.0,24,0
1334892,2022-10-17,2022-23,2,LIONS,NWEST,"Senwes Park, Potchefstroom",fbfea9c2,E Jones,6,1.0,8,0
1334892,2022-10-17,2022-23,2,LIONS,NWEST,"Senwes Park, Potchefstroom",afa78c3a,CS Delport,12,2.0,15,1
1334893,2022-10-18,2022-23,1,KNG,WAR,"Senwes Park, Potchefstroom",54c2b697,M Pretorius,24,4.0,37,1
1334893,2022-10-18,2022-23,1,KNG,WAR,"Senwes Park, Potchefstroom",1d105638,M Budaza,12,2.0,11,2
1334893,2022-10-18,2022-23,1,KNG,WAR,"Senwes Park, Potchefstroom",3204c99f,G Coetzee,24,4.0,27,0
1334893,2022-10-18,2022-23,1,KNG,WAR,"Senwes Park, Potchefstroom",cba5185d,AR Swanepoel,24,4.0,27,3
1334893,2022-10-18,2022-23,1,KNG,WAR,"Senwes Park, Potchefstroom",ea1eba98,SA Mothoa,24,4.0,17,1
1334893,2022-10-18,2022-23,1,KNG,WAR,"Senwes Park, Potchefstroom",a3ae63f4,GJ Snyman,12,2.0,13,1
1334893,2022-10-18,2022-23,2,WAR,KNG,"Senwes Park, Potchefstroom",d4d37c31,GA Stuurman,11,1.5,10,2
1334893,2022-10-18,2022-23,2,WAR,KNG,"Senwes Park, Potchefstroom",6e0a2209,B Swanepoel,6,1.0,11,1
1334894,2022-10-18,2022-23,1,BOL,WPR,"Senwes Park, Potchefstroom",a316d663,GC Viljoen,24,4.0,29,1
1334894,2022-10-18,2022-23,1,BOL,WPR,"Senwes Park, Potchefstroom",781f2acc,K Gumede,24,4.0,42,1
1334894,2022-10-18,2022-23,1,BOL,WPR,"Senwes Park, Potchefstroom",f277f531,FD Adams,24,4.0,20,2
1334894,2022-10-18,2022-23,1,BOL,WPR,"Senwes Park, Potchefstroom",5ec126fa,I Manack,24,4.0,26,2
1334894,2022-10-18,2022-23,1,BOL,WPR,"Senwes Park, Potchefstroom",94cdf850,B Xenxe,24,4.0,34,1
1334894,2022-10-18,2022-23,2,WPR,BOL,"Senwes Park, Potchefstroom",36ea17c1,TL Moreki,18,3.0,24,2
1334894,2022-10-18,2022-23,2,WPR,BOL,"Senwes Park, Potchefstroom",547c5509,M Mpongwana,6,1.0,15,0
1334894,2022-10-18,2022-23,2,WPR,BOL,"Senwes Park, Potchefstroom",3122c016,KI Simmonds,24,4.0,40,1
1334894,2022-10-18,2022-23,2,WPR,BOL,"Senwes Park, Potchefstroom",8ab49ad2,Abdullah Bayoumy,24,4.0,38,2
1334894,2022-10-18,2022-23,2,WPR,BOL,"Senwes Park, Potchefstroom",e5437608,GF Linde,13,2.1,18,0
1334894,2022-10-18,2022-23,2,WPR,BOL,"Senwes Park, Potchefstroom",a2316f90,J Dawood,12,2.0,18,0
1334895,2022-10-19,2022-23,1,LIONS,TIT,"Senwes Park, Potchefstroom",f892fcf9,L Sipamla,24,4.0,42,2
1334895,2022-10-19,2022-23,1,LIONS,TIT,"Senwes Park, Potchefstroom",2cd3b457,M Manack,6,1.0,9,0
1334895,2022-10-19,2022-23,1,LIONS,TIT,"Senwes Park, Potchefstroom",c96f6ac5,PWA Mulder,18,3.0,27,0
1334895,2022-10-19,2022-23,1,LIONS,TIT,"Senwes Park, Potchefstroom",f2397e48,Codi Yusuf,12,2.0,29,0
1334895,2022-10-19,2022-23,1,LIONS,TIT,"Senwes Park, Potchefstroom",9d50c7e1,MP Siboto,24,4.0,26,1
1334895,2022-10-19,2022-23,1,LIONS,TIT,"Senwes Park, Potchefstroom",595f565e,TM Maphaka,12,2.0,19,1
1334895,2022-10-19,2022-23,1,LIONS,TIT,"Senwes Park, Potchefstroom",afa78c3a,CS Delport,6,1.0,15,1
1334895,2022-10-19,2022-23,1,LIONS,TIT,"Senwes Park, Potchefstroom",fbfea9c2,E Jones,18,3.0,18,1
1334895,2022-10-19,2022-23,2,TIT,LIONS,"Senwes Park, Potchefstroom",1cb14aa4,CJ Dala,24,4.0,30,2
1334895,2022-10-19,2022-23,2,TIT,LIONS,"Senwes Park, Potchefstroom",23638956,SR Harmer,12,2.0,12,1
1334895,2022-10-19,2022-23,2,TIT,LIONS,"Senwes Park, Potchefstroom",47c449c5,Dayyaan Galiem,12,2.0,9,1
1334895,2022-10-19,2022-23,2,TIT,LIONS,"Senwes Park, Potchefstroom",7f8ecc51,AM Phangiso,24,4.0,16,1
1334895,2022-10-19,2022-23,2,TIT,LIONS,"Senwes Park, Potchefstroom",a83c44b8,A Gqamane,12,2.0,17,2
1334895,2022-10-19,2022-23,2,TIT,LIONS,"Senwes Park, Potchefstroom",844e79d1,D Brevis,24,4.0,19,2
1334895,2022-10-19,2022-23,2,TIT,LIONS,"Senwes Park, Potchefstroom",172dff15,C Bosch,12,2.0,10,0
1334896,2022-10-19,2022-23,1,NWEST,DOL,"Senwes Park, Potchefstroom",56feceb0,K Mungroo,24,4.0,32,2
1334896,2022-10-19,2022-23,1,NWEST,DOL,"Senwes Park, Potchefstroom",8dc152d1,D Jansen,24,4.0,36,0
1334896,2022-10-19,2022-23,1,NWEST,DOL,"Senwes Park, Potchefstroom",a0936692,EL Hawken,18,3.0,43,0
1334896,2022-10-19,2022-23,1,NWEST,DOL,"Senwes Park, Potchefstroom",60fbf53a,D Potgieter,12,2.0,23,1
1334896,2022-10-19,2022-23,1,NWEST,DOL,"Senwes Park, Potchefstroom",7dfb8890,S Muthusamy,24,4.0,11,1
1334896,2022-10-19,2022-23,1,NWEST,DOL,"Senwes Park, Potchefstroom",be8b147b,C Seleka,18,3.0,15,0
1334896,2022-10-19,2022-23,2,DOL,NWEST,"Senwes Park, Potchefstroom",28d6c44d,E Bosch,24,4.0,20,2
1334896,2022-10-19,2022-23,2,DOL,NWEST,"Senwes Park, Potchefstroom",42172c3c,JT Smuts,24,4.0,23,1
1334896,2022-10-19,2022-23,2,DOL,NWEST,"Senwes Park, Potchefstroom",6b9eb501,OEG Baartman,24,4.0,30,3
1334896,2022-10-19,2022-23,2,DOL,NWEST,"Senwes Park, Potchefstroom",d44569de,T Ntini,12,2.0,18,1
1334896,2022-10-19,2022-23,2,DOL,NWEST,"Senwes Park, Potchefstroom",fc60e81a,B Parsons,12,2.0,18,1
1334896,2022-10-19,2022-23,2,DOL,NWEST,"Senwes Park, Potchefstroom",7ec9711d,P Subrayen,24,4.0,21,1
1334897,2022-10-20,2022-23,1,KNG,WPR,"Senwes Park, Potchefstroom",1d105638,M Budaza,12,2.0,25,1
1334897,2022-10-20,2022-23,1,KNG,WPR,"Senwes Park, Potchefstroom",54c2b697,M Pretorius,18,3.0,16,0
1334897,2022-10-20,2022-23,1,KNG,WPR,"Senwes Park, Potchefstroom",3204c99f,G Coetzee,23,3.5,22,4
1334897,2022-10-20,2022-23,1,KNG,WPR,"Senwes Park, Potchefstroom",a3ae63f4,GJ Snyman,24,4.0,13,2
1334897,2022-10-20,2022-23,1,KNG,WPR,"Senwes Park, Potchefstroom",ea1eba98,SA Mothoa,12,2.0,10,0
1334897,2022-10-20,2022-23,1,KNG,WPR,"Senwes Park, Potchefstroom",cba5185d,AR Swanepoel,24,4.0,24,3
1334897,2022-10-20,2022-23,2,WPR,KNG,"Senwes Park, Potchefstroom",e5437608,GF Linde,18,3.0,25,0
1334897,2022-10-20,2022-23,2,WPR,KNG,"Senwes Park, Potchefstroom",36ea17c1,TL Moreki,12,2.0,16,1
1334897,2022-10-20,2022-23,2,WPR,KNG,"Senwes Park, Potchefstroom",462d7c62,D Paterson,23,3.5,34,0
1334897,2022-10-20,2022-23,2,WPR,KNG,"Senwes Park, Potchefstroom",a2316f90,J Dawood,18,3.0,30,0
1334897,2022-10-20,2022-23,2,WPR,KNG,"Senwes Park, Potchefstroom",3122c016,KI Simmonds,12,2.0,12,0
1334898,2022-10-20,2022-23,1,BOL,WAR,"Senwes Park, Potchefstroom",a316d663,GC Viljoen,24,4.0,29,1
1334898,2022-10-20,2022-23,1,BOL,WAR,"Senwes Park, Potchefstroom",f277f531,FD Adams,24,4.0,48,0
1334898,2022-10-20,2022-23,1,BOL,WAR,"Senwes Park, Potchefstroom",5ec126fa,I Manack,24,4.0,13,0
1334898,2022-10-20,2022-23,1,BOL,WAR,"Senwes Park, Potchefstroom",781f2acc,K Gumede,12,2.0,23,1
1334898,2022-10-20,2022-23,1,BOL,WAR,"Senwes Park, Potchefstroom",9943b637,M Copeland,18,3.0,22,1
1334898,2022-10-20,2022-23,1,BOL,WAR,"Senwes Park, Potchefstroom",94cdf850,B Xenxe,18,3.0,28,1
1334898,2022-10-20,2022-23,2,WAR,BOL,"Senwes Park, Potchefstroom",d4d37c31,GA Stuurman,24,4.0,33,1
1334898,2022-10-20,2022-23,2,WAR,BOL,"Senwes Park, Potchefstroom",f51c1a3b,K Molefe,24,4.0,28,0
1334898,2022-10-20,2022-23,2,WAR,BOL,"Senwes Park, Potchefstroom",10f42013,WJ Lubbe,6,1.0,11,0
1334898,2022-10-20,2022-23,2,WAR,BOL,"Senwes Park, Potchefstroom",7eb7d5d4,Z Abrahams,24,4.0,35,3
1334898,2022-10-20,2022-23,2,WAR,BOL,"Senwes Park, Potchefstroom",6e0a2209,B Swanepoel,24,4.0,25,0
1334898,2022-10-20,2022-23,2,WAR,BOL,"Senwes Park, Potchefstroom",be3ffb65,Tsepo Ndwandwa,18,3.0,24,2
1334899,2022-10-21,2022-23,1,WPR,TIT,"Senwes Park, Potchefstroom",465aa633,N Burger,18,3.0,20,2
1334899,2022-10-21,2022-23,1,WPR,TIT,"Senwes Park, Potchefstroom",36ea17c1,TL Moreki,18,3.0,24,2
1334899,2022-10-21,2022-23,1,WPR,TIT,"Senwes Park, Potchefstroom",462d7c62,D Paterson,18,3.0,29,0
1334899,2022-10-21,2022-23,1,WPR,TIT,"Senwes Park, Potchefstroom",e5437608,GF Linde,12,2.0,19,0
1334899,2022-10-21,2022-23,1,WPR,TIT,"Senwes Park, Potchefstroom",547c5509,M Mpongwana,12,2.0,14,3
1334899,2022-10-21,2022-23,2,TIT,WPR,"Senwes Park, Potchefstroom",a83c44b8,A Gqamane,12,2.0,22,2
1334899,2022-10-21,2022-23,2,TIT,WPR,"Senwes Park, Potchefstroom",1cb14aa4,CJ Dala,18,3.0,20,1
1334899,2022-10-21,2022-23,2,TIT,WPR,"Senwes Park, Potchefstroom",23638956,SR Harmer,18,3.0,15,2
1334899,2022-10-21,2022-23,2,TIT,WPR,"Senwes Park, Potchefstroom",7f8ecc51,AM Phangiso,18,3.0,23,0
1334899,2022-10-21,2022-23,2,TIT,WPR,"Senwes Park, Potchefstroom",844e79d1,D Brevis,12,2.0,13,1
1334900,2022-10-21,2022-23,1,LIONS,WAR,"Senwes Park, Potchefstroom",2cd3b457,M Manack,18,3.0,22,0
1334900,2022-10-21,2022-23,1,LIONS,WAR,"Senwes Park, Potchefstroom",032e4384,T Bokako,12,2.0,7,0
1334900,2022-10-21,2022-23,1,LIONS,WAR,"Senwes Park, Potchefstroom",c96f6ac5,PWA Mulder,12,2.0,11,0
1334900,2022-10-21,2022-23,1,LIONS,WAR,"Senwes Park, Potchefstroom",9d50c7e1,MP Siboto,12,2.0,11,0
1334900,2022-10-21,2022-23,1,LIONS,WAR,"Senwes Park, Potchefstroom",f892fcf9,L Sipamla,6,1.0,15,1
1334900,2022-10-21,2022-23,1,LIONS,WAR,"Senwes Park, Potchefstroom",595f565e,TM Maphaka,18,3.0,17,1
1334900,2022-10-21,2022-23,1,LIONS,WAR,"Senwes Park, Potchefstroom",fbfea9c2,E Jones,24,4.0,20,2
1334900,2022-10-21,2022-23,2,WAR,LIONS,"Senwes Park, Potchefstroom",d4d37c31,GA Stuurman,12,2.0,24,0
1334900,2022-10-21,2022-23,2,WAR,LIONS,"Senwes Park, Potchefstroom",7eb7d5d4,Z Abrahams,9,1.3,33,0
1334900,2022-10-21,2022-23,2,WAR,LIONS,"Senwes Park, Potchefstroom",10f42013,WJ Lubbe,6,1.0,7,1
1334900,2022-10-21,2022-23,2,WAR,LIONS,"Senwes Park, Potchefstroom",6e0a2209,B Swanepoel,18,3.0,16,1
1334900,2022-10-21,2022-23,2,WAR,LIONS,"Senwes Park, Potchefstroom",f51c1a3b,K Molefe,6,1.0,8,0
1334900,2022-10-21,2022-23,2,WAR,LIONS,"Senwes Park, Potchefstroom",be3ffb65,Tsepo Ndwandwa,12,2.0,10,0
1334901,2022-10-22,2022-23,1,BOL,DOL,"Senwes Park, Potchefstroom",a316d663,GC Viljoen,18,3.0,11,0
1334901,2022-10-22,2022-23,1,BOL,DOL,"Senwes Park, Potchefstroom",f277f531,FD Adams,24,4.0,29,2
1334901,2022-10-22,2022-23,1,BOL,DOL,"Senwes Park, Potchefstroom",5ec126fa,I Manack,24,4.0,39,0
1334901,2022-10-22,2022-23,1,BOL,DOL,"Senwes Park, Potchefstroom",94cdf850,B Xenxe,24,4.0,21,3
1334901,2022-10-22,2022-23,1,BOL,DOL,"Senwes Park, Potchefstroom",ffd3fc37,S von Berg,24,4.0,27,2
1334901,2022-10-22,2022-23,1,BOL,DOL,"Senwes Park, Potchefstroom",9943b637,M Copeland,6,1.0,8,0
1334901,2022-10-22,2022-23,2,DOL,BOL,"Senwes Park, Potchefstroom",28d6c44d,E Bosch,18,3.0,17,2
1334901,2022-10-22,2022-23,2,DOL,BOL,"Senwes Park, Potchefstroom",7cb2d9d2,DM Dupavillon,18,3.0,17,0
1334901,2022-10-22,2022-23,2,DOL,BOL,"Senwes Park, Potchefstroom",6b9eb501,OEG Baartman,12,2.0,17,0
1334901,2022-10-22,2022-23,2,DOL,BOL,"Senwes Park, Potchefstroom",7ec9711d,P Subrayen,12,2.0,14,1
1334901,2022-10-22,2022-23,2,DOL,BOL,"Senwes Park, Potchefstroom",ebb74564,A Simelane,8,1.2,16,0
1334902,2022-10-22,2022-23,1,TIT,NWEST,"Senwes Park, Potchefstroom",a83c44b8,A Gqamane,12,2.0,13,1
1334902,2022-10-22,2022-23,1,TIT,NWEST,"Senwes Park, Potchefstroom",1cb14aa4,CJ Dala,24,4.0,31,2
1334902,2022-10-22,2022-23,1,TIT,NWEST,"Senwes Park, Potchefstroom",47c449c5,Dayyaan Galiem,6,1.0,4,0
1334902,2022-10-22,2022-23,1,TIT,NWEST,"Senwes Park, Potchefstroom",68790da2,N Brand,24,4.0,34,1
1334902,2022-10-22,2022-23,1,TIT,NWEST,"Senwes Park, Potchefstroom",7f8ecc51,AM Phangiso,24,4.0,22,0
1334902,2022-10-22,2022-23,1,TIT,NWEST,"Senwes Park, Potchefstroom",23638956,SR Harmer,24,4.0,18,1
1334902,2022-10-22,2022-23,1,TIT,NWEST,"Senwes Park, Potchefstroom",844e79d1,D Brevis,6,1.0,9,1
1334902,2022-10-22,2022-23,2,NWEST,TIT,"Senwes Park, Potchefstroom",56feceb0,K Mungroo,12,2.0,20,0
1334902,2022-10-22,2022-23,2,NWEST,TIT,"Senwes Park, Potchefstroom",8dc152d1,D Jansen,18,3.0,23,0
1334902,2022-10-22,2022-23,2,NWEST,TIT,"Senwes Park, Potchefstroom",7dfb8890,S Muthusamy,12,2.0,12,0
1334902,2022-10-22,2022-23,2,NWEST,TIT,"Senwes Park, Potchefstroom",64f55c74,R Meyer,24,4.0,19,2
1334902,2022-10-22,2022-23,2,NWEST,TIT,"Senwes Park, Potchefstroom",bd25d145,H Coetzer,9,1.3,22,0
1334902,2022-10-22,2022-23,2,NWEST,TIT,"Senwes Park, Potchefstroom",be8b147b,C Seleka,24,4.0,29,3
1334902,2022-10-22,2022-23,2,NWEST,TIT,"Senwes Park, Potchefstroom",60fbf53a,D Potgieter,6,1.0,8,0
1334903,2022-10-23,2022-23,1,LIONS,KNG,"Senwes Park, Potchefstroom",032e4384,T Bokako,24,4.0,33,1
1334903,2022-10-23,2022-23,1,LIONS,KNG,"Senwes Park, Potchefstroom",c96f6ac5,PWA Mulder,24,4.0,24,2
1334903,2022-10-23,2022-23,1,LIONS,KNG,"Senwes Park, Potchefstroom",fbfea9c2,E Jones,24,4.0,22,2
1334903,2022-10-23,2022-23,1,LIONS,KNG,"Senwes Park, Potchefstroom",595f565e,TM Maphaka,12,2.0,16,1
1334903,2022-10-23,2022-23,1,LIONS,KNG,"Senwes Park, Potchefstroom",9d50c7e1,MP Siboto,24,4.0,38,2
1334903,2022-10-23,2022-23,1,LIONS,KNG,"Senwes Park, Potchefstroom",f892fcf9,L Sipamla,12,2.0,23,1
1334906,2022-10-25,2022-23,1,TIT,BOL,"Senwes Park, Potchefstroom",a83c44b8,A Gqamane,12,2.0,10,1
1334906,2022-10-25,2022-23,1,TIT,BOL,"Senwes Park, Potchefstroom",68790da2,N Brand,18,3.0,21,1
1334906,2022-10-25,2022-23,1,TIT,BOL,"Senwes Park, Potchefstroom",7f8ecc51,AM Phangiso,24,4.0,17,1
1334906,2022-10-25,2022-23,1,TIT,BOL,"Senwes Park, Potchefstroom",1cb14aa4,CJ Dala,24,4.0,20,3
1334906,2022-10-25,2022-23,1,TIT,BOL,"Senwes Park, Potchefstroom",2f838fa4,M Boast,12,2.0,18,0
1334906,2022-10-25,2022-23,1,TIT,BOL,"Senwes Park, Potchefstroom",844e79d1,D Brevis,12,2.0,10,0
1334906,2022-10-25,2022-23,1,TIT,BOL,"Senwes Park, Potchefstroom",172dff15,C Bosch,6,1.0,12,0
1334906,2022-10-25,2022-23,1,TIT,BOL,"Senwes Park, Potchefstroom",23638956,SR Harmer,6,1.0,4,0
1334906,2022-10-25,2022-23,1,TIT,BOL,"Senwes Park, Potchefstroom",47c449c5,Dayyaan Galiem,6,1.0,9,0
1334906,2022-10-25,2022-23,2,BOL,TIT,"Senwes Park, Potchefstroom",a316d663,GC Viljoen,24,4.0,35,2
1334906,2022-10-25,2022-23,2,BOL,TIT,"Senwes Park, Potchefstroom",f277f531,FD Adams,18,3.0,13,1
1334906,2022-10-25,2022-23,2,BOL,TIT,"Senwes Park, Potchefstroom",5ec126fa,I Manack,24,4.0,15,0
1334906,2022-10-25,2022-23,2,BOL,TIT,"Senwes Park, Potchefstroom",ffd3fc37,S von Berg,18,3.0,20,1
1334906,2022-10-25,2022-23,2,BOL,TIT,"Senwes Park, Potchefstroom",94cdf850,B Xenxe,18,3.0,20,3
1334907,2022-10-26,2022-23,1,DOL,LIONS,"Senwes Park, Potchefstroom",28d6c44d,E Bosch,24,4.0,34,0
1334907,2022-10-26,2022-23,1,DOL,LIONS,"Senwes Park, Potchefstroom",7ec9711d,P Subrayen,18,3.0,23,1
1334907,2022-10-26,2022-23,1,DOL,LIONS,"Senwes Park, Potchefstroom",7cb2d9d2,DM Dupavillon,24,4.0,30,3
1334907,2022-10-26,2022-23,1,DOL,LIONS,"Senwes Park, Potchefstroom",6b9eb501,OEG Baartman,24,4.0,30,2
1334907,2022-10-26,2022-23,1,DOL,LIONS,"Senwes Park, Potchefstroom",ebb74564,A Simelane,6,1.0,8,0
1334907,2022-10-26,2022-23,1,DOL,LIONS,"Senwes Park, Potchefstroom",42172c3c,JT Smuts,24,4.0,38,0
1334907,2022-10-26,2022-23,2,LIONS,DOL,"Senwes Park, Potchefstroom",032e4384,T Bokako,18,3.0,32,0
1334907,2022-10-26,2022-23,2,LIONS,DOL,"Senwes Park, Potchefstroom",595f565e,TM Maphaka,12,2.0,21,0
1334907,2022-10-26,2022-23,2,LIONS,DOL,"Senwes Park, Potchefstroom",c96f6ac5,PWA Mulder,8,1.2,14,0
1334907,2022-10-26,2022-23,2,LIONS,DOL,"Senwes Park, Potchefstroom",f2397e48,Codi Yusuf,24,4.0,26,1
1334907,2022-10-26,2022-23,2,LIONS,DOL,"Senwes Park, Potchefstroom",9d50c7e1,MP Siboto,18,3.0,26,0
1334907,2022-10-26,2022-23,2,LIONS,DOL,"Senwes Park, Potchefstroom",c50bfbc2,A Myoli,6,1.0,11,0
1334907,2022-10-26,2022-23,2,LIONS,DOL,"Senwes Park, Potchefstroom",fbfea9c2,E Jones,24,4.0,32,0
1334908,2022-10-26,2022-23,1,BOL,KNG,"Senwes Park, Potchefstroom",a316d663,GC Viljoen,24,4.0,24,0
1334908,2022-10-26,2022-23,1,BOL,KNG,"Senwes Park, Potchefstroom",f277f531,FD Adams,12,2.0,18,0
1334908,2022-10-26,2022-23,1,BOL,KNG,"Senwes Park, Potchefstroom",94cdf850,B Xenxe,24,4.0,30,4
1334908,2022-10-26,2022-23,1,BOL,KNG,"Senwes Park, Potchefstroom",5ec126fa,I Manack,24,4.0,38,1
1334908,2022-10-26,2022-23,1,BOL,KNG,"Senwes Park, Potchefstroom",ffd3fc37,S von Berg,24,4.0,43,1
1334908,2022-10-26,2022-23,1,BOL,KNG,"Senwes Park, Potchefstroom",6e6fb538,JL du Plooy,12,2.0,25,0
1334908,2022-10-26,2022-23,2,KNG,BOL,"Senwes Park, Potchefstroom",1d105638,M Budaza,24,4.0,28,2
1334908,2022-10-26,2022-23,2,KNG,BOL,"Senwes Park, Potchefstroom",54c2b697,M Pretorius,24,4.0,43,0
1334908,2022-10-26,2022-23,2,KNG,BOL,"Senwes Park, Potchefstroom",3204c99f,G Coetzee,24,4.0,36,4
1334908,2022-10-26,2022-23,2,KNG,BOL,"Senwes Park, Potchefstroom",ea1eba98,SA Mothoa,12,2.0,12,0
1334908,2022-10-26,2022-23,2,KNG,BOL,"Senwes Park, Potchefstroom",cba5185d,AR Swanepoel,24,4.0,39,2
1334908,2022-10-26,2022-23,2,KNG,BOL,"Senwes Park, Potchefstroom",39181592,PE Kruger,10,1.4,15,2
1334909,2022-10-27,2022-23,1,NWEST,WPR,"Senwes Park, Potchefstroom",56feceb0,K Mungroo,24,4.0,36,0
1334909,2022-10-27,2022-23,1,NWEST,WPR,"Senwes Park, Potchefstroom",8dc152d1,D Jansen,24,4.0,26,2
1334909,2022-10-27,2022-23,1,NWEST,WPR,"Senwes Park, Potchefstroom",60fbf53a,D Potgieter,12,2.0,20,0
1334909,2022-10-27,2022-23,1,NWEST,WPR,"Senwes Park, Potchefstroom",7dfb8890,S Muthusamy,6,1.0,12,0
1334909,2022-10-27,2022-23,1,NWEST,WPR,"Senwes Park, Potchefstroom",64f55c74,R Meyer,12,2.0,15,0
1334909,2022-10-27,2022-23,1,NWEST,WPR,"Senwes Park, Potchefstroom",be8b147b,C Seleka,18,3.0,38,1
1334909,2022-10-27,2022-23,1,NWEST,WPR,"Senwes Park, Potchefstroom",bd25d145,H Coetzer,12,2.0,12,1
1334909,2022-10-27,2022-23,2,WPR,NWEST,"Senwes Park, Potchefstroom",465aa633,N Burger,24,4.0,30,2
1334909,2022-10-27,2022-23,2,WPR,NWEST,"Senwes Park, Potchefstroom",462d7c62,D Paterson,24,4.0,28,2
1334909,2022-10-27,2022-23,2,WPR,NWEST,"Senwes Park, Potchefstroom",e5437608,GF Linde,12,2.0,13,0
1334909,2022-10-27,2022-23,2,WPR,NWEST,"Senwes Park, Potchefstroom",36ea17c1,TL Moreki,24,4.0,22,1
1334909,2022-10-27,2022-23,2,WPR,NWEST,"Senwes Park, Potchefstroom",547c5509,M Mpongwana,12,2.0,25,0
1334909,2022-10-27,2022-23,2,WPR,NWEST,"Senwes Park, Potchefstroom",a2316f90,J Dawood,12,2.0,15,1
1334910,2022-10-28,2022-23,1,TIT,WAR,"Senwes Park, Potchefstroom",a83c44b8,A Gqamane,12,2.0,15,0
1334910,2022-10-28,2022-23,1,TIT,WAR,"Senwes Park, Potchefstroom",1cb14aa4,CJ Dala,24,4.0,30,1
1334910,2022-10-28,2022-23,1,TIT,WAR,"Senwes Park, Potchefstroom",23638956,SR Harmer,24,4.0,12,2
1334910,2022-10-28,2022-23,1,TIT,WAR,"Senwes Park, Potchefstroom",47c449c5,Dayyaan Galiem,18,3.0,13,0
1334910,2022-10-28,2022-23,1,TIT,WAR,"Senwes Park, Potchefstroom",7f8ecc51,AM Phangiso,24,4.0,23,4
1334910,2022-10-28,2022-23,1,TIT,WAR,"Senwes Park, Potchefstroom",68790da2,N Brand,6,1.0,5,0
1334910,2022-10-28,2022-23,1,TIT,WAR,"Senwes Park, Potchefstroom",844e79d1,D Brevis,12,2.0,17,0
1334910,2022-10-28,2022-23,2,WAR,TIT,"Senwes Park, Potchefstroom",bd36db2c,A Mnyaka,21,3.3,23,2
1334910,2022-10-28,2022-23,2,WAR,TIT,"Senwes Park, Potchefstroom",d4d37c31,GA Stuurman,24,4.0,19,2
1334910,2022-10-28,2022-23,2,WAR,TIT,"Senwes Park, Potchefstroom",20afc7e7,T van Vuuren,12,2.0,14,0
1334910,2022-10-28,2022-23,2,WAR,TIT,"Senwes Park, Potchefstroom",7eb7d5d4,Z Abrahams,24,4.0,26,2
1334910,2022-10-28,2022-23,2,WAR,TIT,"Senwes Park, Potchefstroom",be3ffb65,Tsepo Ndwandwa,24,4.0,21,2
1334910,2022-10-28,2022-23,2,WAR,TIT,"Senwes Park, Potchefstroom",10f42013,WJ Lubbe,6,1.0,9,0
1334910,2022-10-28,2022-23,2,WAR,TIT,"Senwes Park, Potchefstroom",f8e6dbdd,DS Rosier,6,1.0,6,0
1334911,2022-10-28,2022-23,1,DOL,KNG,"Senwes Park, Potchefstroom",28d6c44d,E Bosch,24,4.0,19,1
1334911,2022-10-28,2022-23,1,DOL,KNG,"Senwes Park, Potchefstroom",7cb2d9d2,DM Dupavillon,18,3.0,23,1
1334911,2022-10-28,2022-23,1,DOL,KNG,"Senwes Park, Potchefstroom",6b9eb501,OEG Baartman,13,2.1,13,1
1334911,2022-10-28,2022-23,1,DOL,KNG,"Senwes Park, Potchefstroom",42172c3c,JT Smuts,24,4.0,15,2
1334911,2022-10-28,2022-23,1,DOL,KNG,"Senwes Park, Potchefstroom",7ec9711d,P Subrayen,24,4.0,28,2
1334912,2022-10-29,2022-23,1,BOL,NWEST,"Senwes Park, Potchefstroom",a316d663,GC Viljoen,24,4.0,13,1
1334912,2022-10-29,2022-23,1,BOL,NWEST,"Senwes Park, Potchefstroom",781f2acc,K Gumede,18,3.0,30,0
1334912,2022-10-29,2022-23,1,BOL,NWEST,"Senwes Park, Potchefstroom",94cdf850,B Xenxe,24,4.0,32,2
1334912,2022-10-29,2022-23,1,BOL,NWEST,"Senwes Park, Potchefstroom",5ec126fa,I Manack,24,4.0,30,1
1334912,2022-10-29,2022-23,1,BOL,NWEST,"Senwes Park, Potchefstroom",ffd3fc37,S von Berg,24,4.0,26,1
1334912,2022-10-29,2022-23,1,BOL,NWEST,"Senwes Park, Potchefstroom",9943b637,M Copeland,6,1.0,10,0
1334912,2022-10-29,2022-23,2,NWEST,BOL,"Senwes Park, Potchefstroom",8dc152d1,D Jansen,12,2.0,10,0
1334912,2022-10-29,2022-23,2,NWEST,BOL,"Senwes Park, Potchefstroom",56feceb0,K Mungroo,6,1.0,13,1
1334912,2022-10-29,2022-23,2,NWEST,BOL,"Senwes Park, Potchefstroom",a0936692,EL Hawken,12,2.0,18,1
1334912,2022-10-29,2022-23,2,NWEST,BOL,"Senwes Park, Potchefstroom",7dfb8890,S Muthusamy,12,2.0,29,0
1334912,2022-10-29,2022-23,2,NWEST,BOL,"Senwes Park, Potchefstroom",64f55c74,R Meyer,19,3.1,26,1
1334912,2022-10-29,2022-23,2,NWEST,BOL,"Senwes Park, Potchefstroom",60fbf53a,D Potgieter,6,1.0,14,0
1334912,2022-10-29,2022-23,2,NWEST,BOL,"Senwes Park, Potchefstroom",be8b147b,C Seleka,24,4.0,22,2
1334913,2022-10-29,2022-23,1,DOL,WPR,"Senwes Park, Potchefstroom",28d6c44d,E Bosch,24,4.0,17,1
1334913,2022-10-29,2022-23,1,DOL,WPR,"Senwes Park, Potchefstroom",7cb2d9d2,DM Dupavillon,18,3.0,5,2
1334913,2022-10-29,2022-23,1,DOL,WPR,"Senwes Park, Potchefstroom",6b9eb501,OEG Baartman,18,3.0,16,2
1334913,2022-10-29,2022-23,1,DOL,WPR,"Senwes Park, Potchefstroom",7ec9711d,P Subrayen,24,4.0,16,2
1334913,2022-10-29,2022-23,1,DOL,WPR,"Senwes Park, Potchefstroom",42172c3c,JT Smuts,24,4.0,12,3
1334913,2022-10-29,2022-23,2,WPR,DOL,"Senwes Park, Potchefstroom",465aa633,N Burger,12,2.0,10,1
1334913,2022-10-29,2022-23,2,WPR,DOL,"Senwes Park, Potchefstroom",e5437608,GF Linde,12,2.0,15,0
1334913,2022-10-29,2022-23,2,WPR,DOL,"Senwes Park, Potchefstroom",36ea17c1,TL Moreki,16,2.4,17,1
1334913,2022-10-29,2022-23,2,WPR,DOL,"Senwes Park, Potchefstroom",462d7c62,D Paterson,6,1.0,13,0
1334913,2022-10-29,2022-23,2,WPR,DOL,"Senwes Park, Potchefstroom",a2316f90,J Dawood,12,2.0,15,1
1334914,2022-10-30,2022-23,1,NWEST,WAR,"Senwes Park, Potchefstroom",a0936692,EL Hawken,24,4.0,33,0
1334914,2022-10-30,2022-23,1,NWEST,WAR,"Senwes Park, Potchefstroom",8dc152d1,D Jansen,24,4.0,30,1
1334914,2022-10-30,2022-23,1,NWEST,WAR,"Senwes Park, Potchefstroom",bd25d145,H Coetzer,18,3.0,21,2
1334914,2022-10-30,2022-23,1,NWEST,WAR,"Senwes Park, Potchefstroom",64f55c74,R Meyer,18,3.0,26,1
1334914,2022-10-30,2022-23,1,NWEST,WAR,"Senwes Park, Potchefstroom",7dfb8890,S Muthusamy,12,2.0,11,0
1334914,2022-10-30,2022-23,1,NWEST,WAR,"Senwes Park, Potchefstroom",58f01d47,LM Zuma,18,3.0,26,0
1334914,2022-10-30,2022-23,1,NWEST,WAR,"Senwes Park, Potchefstroom",be8b147b,C Seleka,6,1.0,11,0
1334914,2022-10-30,2022-23,2,WAR,NWEST,"Senwes Park, Potchefstroom",d4d37c31,GA Stuurman,24,4.0,26,2
1334914,2022-10-30,2022-23,2,WAR,NWEST,"Senwes Park, Potchefstroom",be3ffb65,Tsepo Ndwandwa,24,4.0,33,1
1334914,2022-10-30,2022-23,2,WAR,NWEST,"Senwes Park, Potchefstroom",6e0a2209,B Swanepoel,18,3.0,27,0
1334914,2022-10-30,2022-23,2,WAR,NWEST,"Senwes Park, Potchefstroom",f51c1a3b,K Molefe,24,4.0,28,1
1334914,2022-10-30,2022-23,2,WAR,NWEST,"Senwes Park, Potchefstroom",10f42013,WJ Lubbe,18,3.0,23,0
1334914,2022-10-30,2022-23,2,WAR,NWEST,"Senwes Park, Potchefstroom",20afc7e7,T van Vuuren,12,2.0,14,0
1334915,2022-10-31,2022-23,1,KNG,TIT,"Senwes Park, Potchefstroom",1d105638,M Budaza,24,4.0,61,0
1334915,2022-10-31,2022-23,1,KNG,TIT,"Senwes Park, Potchefstroom",54c2b697,M Pretorius,24,4.0,41,1
1334915,2022-10-31,2022-23,1,KNG,TIT,"Senwes Park, Potchefstroom",3204c99f,G Coetzee,21,3.3,42,1
1334915,2022-10-31,2022-23,1,KNG,TIT,"Senwes Park, Potchefstroom",a3ae63f4,GJ Snyman,12,2.0,30,0
1334915,2022-10-31,2022-23,1,KNG,TIT,"Senwes Park, Potchefstroom",39181592,PE Kruger,12,2.0,31,0
1334915,2022-10-31,2022-23,1,KNG,TIT,"Senwes Park, Potchefstroom",cba5185d,AR Swanepoel,24,4.0,56,1
1334915,2022-10-31,2022-23,1,KNG,TIT,"Senwes Park, Potchefstroom",1713d202,O Motlhoaring,3,0.3,9,0
1334915,2022-10-31,2022-23,2,TIT,KNG,"Senwes Park, Potchefstroom",a83c44b8,A Gqamane,12,2.0,29,1
1334915,2022-10-31,2022-23,2,TIT,KNG,"Senwes Park, Potchefstroom",1cb14aa4,CJ Dala,12,2.0,30,0
1334915,2022-10-31,2022-23,2,TIT,KNG,"Senwes Park, Potchefstroom",7f8ecc51,AM Phangiso,24,4.0,44,2
1334915,2022-10-31,2022-23,2,TIT,KNG,"Senwes Park, Potchefstroom",68790da2,N Brand,24,4.0,28,3
1334915,2022-10-31,2022-23,2,TIT,KNG,"Senwes Park, Potchefstroom",23638956,SR Harmer,18,3.0,29,1
1334915,2022-10-31,2022-23,2,TIT,KNG,"Senwes Park, Potchefstroom",47c449c5,Dayyaan Galiem,12,2.0,21,1
1334915,2022-10-31,2022-23,2,TIT,KNG,"Senwes Park, Potchefstroom",1b42a100,BS Makhanya,6,1.0,10,0
1334915,2022-10-31,2022-23,2,TIT,KNG,"Senwes Park, Potchefstroom",844e79d1,D Brevis,12,2.0,36,1
1334916,2022-10-31,2022-23,1,WPR,LIONS,"Senwes Park, Potchefstroom",465aa633,N Burger,24,4.0,22,3
1334916,2022-10-31,2022-23,1,WPR,LIONS,"Senwes Park, Potchefstroom",b56dc5f7,BE Hendricks,24,4.0,39,0
1334916,2022-10-31,2022-23,1,WPR,LIONS,"Senwes Park, Potchefstroom",36ea17c1,TL Moreki,24,4.0,22,4
1334916,2022-10-31,2022-23,1,WPR,LIONS,"Senwes Park, Potchefstroom",e5437608,GF Linde,24,4.0,29,0
1334916,2022-10-31,2022-23,1,WPR,LIONS,"Senwes Park, Potchefstroom",a2316f90,J Dawood,18,3.0,33,1
1334916,2022-10-31,2022-23,1,WPR,LIONS,"Senwes Park, Potchefstroom",547c5509,M Mpongwana,6,1.0,12,0
1334916,2022-10-31,2022-23,2,LIONS,WPR,"Senwes Park, Potchefstroom",c96f6ac5,PWA Mulder,24,4.0,29,0
1334916,2022-10-31,2022-23,2,LIONS,WPR,"Senwes Park, Potchefstroom",032e4384,T Bokako,24,4.0,18,2
1334916,2022-10-31,2022-23,2,LIONS,WPR,"Senwes Park, Potchefstroom",9d50c7e1,MP Siboto,24,4.0,19,2
1334916,2022-10-31,2022-23,2,LIONS,WPR,"Senwes Park, Potchefstroom",fbfea9c2,E Jones,6,1.0,13,0
1334916,2022-10-31,2022-23,2,LIONS,WPR,"Senwes Park, Potchefstroom",c50bfbc2,A Myoli,12,2.0,18,0
1334916,2022-10-31,2022-23,2,LIONS,WPR,"Senwes Park, Potchefstroom",f2397e48,Codi Yusuf,24,4.0,15,2
1334916,2022-10-31,2022-23,2,LIONS,WPR,"Senwes Park, Potchefstroom",70fb2cc8,G Adams,6,1.0,11,1
1334917,2022-11-01,2022-23,1,KNG,NWEST,"Senwes Park, Potchefstroom",1d105638,M Budaza,18,3.0,28,1
1334917,2022-11-01,2022-23,1,KNG,NWEST,"Senwes Park, Potchefstroom",54c2b697,M Pretorius,24,4.0,35,1
1334917,2022-11-01,2022-23,1,KNG,NWEST,"Senwes Park, Potchefstroom",3204c99f,G Coetzee,24,4.0,24,2
1334917,2022-11-01,2022-23,1,KNG,NWEST,"Senwes Park, Potchefstroom",cba5185d,AR Swanepoel,18,3.0,27,0
1334917,2022-11-01,2022-23,1,KNG,NWEST,"Senwes Park, Potchefstroom",39181592,PE Kruger,12,2.0,13,1
1334917,2022-11-01,2022-23,1,KNG,NWEST,"Senwes Park, Potchefstroom",a3ae63f4,GJ Snyman,24,4.0,22,1
1334917,2022-11-01,2022-23,2,NWEST,KNG,"Senwes Park, Potchefstroom",8dc152d1,D Jansen,18,3.0,31,0
1334917,2022-11-01,2022-23,2,NWEST,KNG,"Senwes Park, Potchefstroom",7dfb8890,S Muthusamy,22,3.4,35,2
1334917,2022-11-01,2022-23,2,NWEST,KNG,"Senwes Park, Potchefstroom",bd25d145,H Coetzer,6,1.0,8,1
1334917,2022-11-01,2022-23,2,NWEST,KNG,"Senwes Park, Potchefstroom",64f55c74,R Meyer,24,4.0,26,3
1334917,2022-11-01,2022-23,2,NWEST,KNG,"Senwes Park, Potchefstroom",be8b147b,C Seleka,24,4.0,13,3
1334917,2022-11-01,2022-23,2,NWEST,KNG,"Senwes Park, Potchefstroom",58f01d47,LM Zuma,6,1.0,19,0
1334919,2022-11-02,2022-23,1,KNG,TIT,"Senwes Park, Potchefstroom",3204c99f,G Coetzee,24,4.0,28,2
1334919,2022-11-02,2022-23,1,KNG,TIT,"Senwes Park, Potchefstroom",1d105638,M Budaza,24,4.0,22,1
1334919,2022-11-02,2022-23,1,KNG,TIT,"Senwes Park, Potchefstroom",54c2b697,M Pretorius,24,4.0,42,1
1334919,2022-11-02,2022-23,1,KNG,TIT,"Senwes Park, Potchefstroom",ea1eba98,SA Mothoa,24,4.0,31,0
1334919,2022-11-02,2022-23,1,KNG,TIT,"Senwes Park, Potchefstroom",a3ae63f4,GJ Snyman,18,3.0,17,1
1334919,2022-11-02,2022-23,1,KNG,TIT,"Senwes Park, Potchefstroom",cba5185d,AR Swanepoel,6,1.0,15,0
1334919,2022-11-02,2022-23,2,TIT,KNG,"Senwes Park, Potchefstroom",a83c44b8,A Gqamane,12,2.0,3,0
1334919,2022-11-02,2022-23,2,TIT,KNG,"Senwes Park, Potchefstroom",47c449c5,Dayyaan Galiem,12,2.0,16,0
1334919,2022-11-02,2022-23,2,TIT,KNG,"Senwes Park, Potchefstroom",1cb14aa4,CJ Dala,12,2.0,17,0
1334919,2022-11-02,2022-23,2,TIT,KNG,"Senwes Park, Potchefstroom",7f8ecc51,AM Phangiso,18,3.0,16,1
1334919,2022-11-02,2022-23,2,TIT,KNG,"Senwes Park, Potchefstroom",23638956,SR Harmer,24,4.0,22,2
1334919,2022-11-02,2022-23,2,TIT,KNG,"Senwes Park, Potchefstroom",844e79d1,D Brevis,18,3.0,15,1
1334919,2022-11-02,2022-23,2,TIT,KNG,"Senwes Park, Potchefstroom",68790da2,N Brand,24,4.0,24,3
1334920,2022-11-02,2022-23,1,BOL,DOL,"Senwes Park, Potchefstroom",f277f531,FD Adams,24,4.0,19,1
1334920,2022-11-02,2022-23,1,BOL,DOL,"Senwes Park, Potchefstroom",a316d663,GC Viljoen,18,3.0,26,0
1334920,2022-11-02,2022-23,1,BOL,DOL,"Senwes Park, Potchefstroom",781f2acc,K Gumede,18,3.0,28,0
1334920,2022-11-02,2022-23,1,BOL,DOL,"Senwes Park, Potchefstroom",94cdf850,B Xenxe,22,3.4,34,4
1334920,2022-11-02,2022-23,1,BOL,DOL,"Senwes Park, Potchefstroom",ffd3fc37,S von Berg,24,4.0,22,3
1334920,2022-11-02,2022-23,1,BOL,DOL,"Senwes Park, Potchefstroom",6e6fb538,JL du Plooy,12,2.0,14,1
1334920,2022-11-02,2022-23,2,DOL,BOL,"Senwes Park, Potchefstroom",28d6c44d,E Bosch,24,4.0,22,1
1334920,2022-11-02,2022-23,2,DOL,BOL,"Senwes Park, Potchefstroom",7cb2d9d2,DM Dupavillon,24,4.0,38,0
1334920,2022-11-02,2022-23,2,DOL,BOL,"Senwes Park, Potchefstroom",6b9eb501,OEG Baartman,24,4.0,29,1
1334920,2022-11-02,2022-23,2,DOL,BOL,"Senwes Park, Potchefstroom",7ec9711d,P Subrayen,24,4.0,18,3
1334920,2022-11-02,2022-23,2,DOL,BOL,"Senwes Park, Potchefstroom",42172c3c,JT Smuts,24,4.0,17,2
1334921,2022-11-05,2022-23,1,TIT,DOL,"Senwes Park, Potchefstroom",a83c44b8,A Gqamane,24,4.0,29,1
1334921,2022-11-05,2022-23,1,TIT,DOL,"Senwes Park, Potchefstroom",1cb14aa4,CJ Dala,24,4.0,45,0
1334921,2022-11-05,2022-23,1,TIT,DOL,"Senwes Park, Potchefstroom",68790da2,N Brand,18,3.0,26,1
1334921,2022-11-05,2022-23,1,TIT,DOL,"Senwes Park, Potchefstroom",47c449c5,Dayyaan Galiem,18,3.0,18,1
1334921,2022-11-05,2022-23,1,TIT,DOL,"Senwes Park, Potchefstroom",7f8ecc51,AM Phangiso,24,4.0,23,0
1334921,2022-11-05,2022-23,1,TIT,DOL,"Senwes Park, Potchefstroom",23638956,SR Harmer,6,1.0,10,0
1334921,2022-11-05,2022-23,1,TIT,DOL,"Senwes Park, Potchefstroom",844e79d1,D Brevis,6,1.0,11,0
1334921,2022-11-05,2022-23,2,DOL,TIT,"Senwes Park, Potchefstroom",28d6c44d,E Bosch,24,4.0,24,0
1334921,2022-11-05,2022-23,2,DOL,TIT,"Senwes Park, Potchefstroom",7cb2d9d2,DM Dupavillon,24,4.0,34,2
1334921,2022-11-05,2022-23,2,DOL,TIT,"Senwes Park, Potchefstroom",6b9eb501,OEG Baartman,22,3.4,44,0
1334921,2022-11-05,2022-23,2,DOL,TIT,"Senwes Park, Potchefstroom",7ec9711d,P Subrayen,24,4.0,25,1
1334921,2022-11-05,2022-23,2,DOL,TIT,"Senwes Park, Potchefstroom",42172c3c,JT Smuts,18,3.0,25,2
1334921,2022-11-05,2022-23,2,DOL,TIT,"Senwes Park, Potchefstroom",ebb74564,A Simelane,6,1.0,8,0
1394571,2024-03-08,2023-24,1,KZNIN,WAR,"St George's Park, Gqeberha",1d105638,M Budaza,18,3.0,25,1
1394571,2024-03-08,2023-24,1,KZNIN,WAR,"St George's Park, Gqeberha",0fd147f7,S Nhlebela,24,4.0,17,3
1394571,2024-03-08,2023-24,1,KZNIN,WAR,"St George's Park, Gqeberha",b8828a1b,KJ Dudgeon,12,2.0,13,0
1394571,2024-03-08,2023-24,1,KZNIN,WAR,"St George's Park, Gqeberha",704af8eb,MN Erlank,18,3.0,18,1
1394571,2024-03-08,2023-24,1,KZNIN,WAR,"St George's Park, Gqeberha",9e17928e,M Khumalo,12,2.0,13,1
1394571,2024-03-08,2023-24,1,KZNIN,WAR,"St George's Park, Gqeberha",a7c6ee8a,A Mhletywa,24,4.0,19,3
1394571,2024-03-08,2023-24,1,KZNIN,WAR,"St George's Park, Gqeberha",ac762575,MJ Nofal,12,2.0,20,0
1394571,2024-03-08,2023-24,2,WAR,KZNIN,"St George's Park, Gqeberha",81c36ee9,M Jansen,22,3.4,19,4
1394571,2024-03-08,2023-24,2,WAR,KZNIN,"St George's Park, Gqeberha",acdc62f5,A Nortje,24,4.0,12,0
1394571,2024-03-08,2023-24,2,WAR,KZNIN,"St George's Park, Gqeberha",ad19dda3,N van Heerden,12,2.0,17,1
1394571,2024-03-08,2023-24,2,WAR,KZNIN,"St George's Park, Gqeberha",85b3fab2,T Stubbs,6,1.0,2,1
1394571,2024-03-08,2023-24,2,WAR,KZNIN,"St George's Park, Gqeberha",d3cc2954,S Simetu,24,4.0,25,3
1394571,2024-03-08,2023-24,2,WAR,KZNIN,"St George's Park, Gqeberha",39181592,PE Kruger,12,2.0,10,1
1394572,2024-03-08,2023-24,1,DOL,WPR,"Kingsmead, Durban",7ec9711d,P Subrayen,24,4.0,28,0
1394572,2024-03-08,2023-24,1,DOL,WPR,"Kingsmead, Durban",6e5840e3,O Cele,24,4.0,27,2
1394572,2024-03-08,2023-24,1,DOL,WPR,"Kingsmead, Durban",6b9eb501,OEG Baartman,24,4.0,29,1
1394572,2024-03-08,2023-24,1,DOL,WPR,"Kingsmead, Durban",ab6b1c45,AL Phehlukwayo,24,4.0,29,2
1394572,2024-03-08,2023-24,1,DOL,WPR,"Kingsmead, Durban",0b60eb09,KA Maharaj,18,3.0,28,1
1394572,2024-03-08,2023-24,1,DOL,WPR,"Kingsmead, Durban",3a661be2,BG Porteous,6,1.0,5,1
1394572,2024-03-08,2023-24,2,WPR,DOL,"Kingsmead, Durban",465aa633,N Burger,24,4.0,13,1
1394572,2024-03-08,2023-24,2,WPR,DOL,"Kingsmead, Durban",b56dc5f7,BE Hendricks,24,4.0,41,0
1394572,2024-03-08,2023-24,2,WPR,DOL,"Kingsmead, Durban",6ed11905,M Nabe,24,4.0,37,2
1394572,2024-03-08,2023-24,2,WPR,DOL,"Kingsmead, Durban",3122c016,KI Simmonds,24,4.0,18,2
1394572,2024-03-08,2023-24,2,WPR,DOL,"Kingsmead, Durban",547c5509,M Mpongwana,18,3.0,22,2
1394572,2024-03-08,2023-24,2,WPR,DOL,"Kingsmead, Durban",9b442f95,O Nyaku,6,1.0,10,0
1394573,2024-03-08,2023-24,1,BOL,LIONS,"The Wanderers Stadium, Johannesburg",a316d663,GC Viljoen,24,4.0,45,3
1394573,2024-03-08,2023-24,1,BOL,LIONS,"The Wanderers Stadium, Johannesburg",5ec126fa,I Manack,24,4.0,24,0
1394573,2024-03-08,2023-24,1,BOL,LIONS,"The Wanderers Stadium, Johannesburg",1062bebb,Siyabonga Mahima,24,4.0,47,0
1394573,2024-03-08,2023-24,1,BOL,LIONS,"The Wanderers Stadium, Johannesburg",f277f531,FD Adams,24,4.0,47,1
1394573,2024-03-08,2023-24,1,BOL,LIONS,"The Wanderers Stadium, Johannesburg",bd36db2c,A Mnyaka,18,3.0,38,1
1394573,2024-03-08,2023-24,1,BOL,LIONS,"The Wanderers Stadium, Johannesburg",9943b637,M Copeland,6,1.0,16,0
1394573,2024-03-08,2023-24,2,LIONS,BOL,"The Wanderers Stadium, Johannesburg",e62dd25d,K Rabada,24,4.0,31,0
1394573,2024-03-08,2023-24,2,LIONS,BOL,"The Wanderers Stadium, Johannesburg",9a2fc964,BC Fortuin,24,4.0,21,2
1394573,2024-03-08,2023-24,2,LIONS,BOL,"The Wanderers Stadium, Johannesburg",fbfea9c2,E Jones,24,4.0,34,2
1394573,2024-03-08,2023-24,2,LIONS,BOL,"The Wanderers Stadium, Johannesburg",107c26fb,KT Maphaka,24,4.0,22,3
1394573,2024-03-08,2023-24,2,LIONS,BOL,"The Wanderers Stadium, Johannesburg",36ea17c1,TL Moreki,24,4.0,66,0
1394574,2024-03-08,2023-24,1,NWEST,TIT,"SuperSport Park, Centurion",7dfb8890,S Muthusamy,12,2.0,15,0
1394574,2024-03-08,2023-24,1,NWEST,TIT,"SuperSport Park, Centurion",8dc152d1,D Jansen,18,3.0,25,2
1394574,2024-03-08,2023-24,1,NWEST,TIT,"SuperSport Park, Centurion",54c2b697,M Pretorius,24,4.0,18,3
1394574,2024-03-08,2023-24,1,NWEST,TIT,"SuperSport Park, Centurion",94cdf850,B Xenxe,12,2.0,28,0
1394574,2024-03-08,2023-24,1,NWEST,TIT,"SuperSport Park, Centurion",be8b147b,C Seleka,24,4.0,33,0
1394574,2024-03-08,2023-24,1,NWEST,TIT,"SuperSport Park, Centurion",569338b8,IHM Modimokoane,24,4.0,31,2
1394574,2024-03-08,2023-24,1,NWEST,TIT,"SuperSport Park, Centurion",0ba03cec,R van Tonder,6,1.0,8,0
1394574,2024-03-08,2023-24,2,TIT,NWEST,"SuperSport Park, Centurion",6a26221c,AK Markram,6,1.0,12,0
1394574,2024-03-08,2023-24,2,TIT,NWEST,"SuperSport Park, Centurion",a1d95bd8,LB Williams,24,4.0,33,0
1394574,2024-03-08,2023-24,2,TIT,NWEST,"SuperSport Park, Centurion",a83c44b8,A Gqamane,12,2.0,19,1
1394574,2024-03-08,2023-24,2,TIT,NWEST,"SuperSport Park, Centurion",172dff15,C Bosch,24,4.0,29,1
1394574,2024-03-08,2023-24,2,TIT,NWEST,"SuperSport Park, Centurion",1cb14aa4,CJ Dala,24,4.0,30,3
1394574,2024-03-08,2023-24,2,TIT,NWEST,"SuperSport Park, Centurion",a03bba42,T Shamsi,24,4.0,18,3
1394574,2024-03-08,2023-24,2,TIT,NWEST,"SuperSport Park, Centurion",f0af99a7,D Ferreira,6,1.0,9,0
1444765,2024-09-27,2024-25,1,LIONS,TIT,"The Wanderers Stadium, Johannesburg",f2397e48,Codi Yusuf,18,3.0,46,0
1444765,2024-09-27,2024-25,1,LIONS,TIT,"The Wanderers Stadium, Johannesburg",107c26fb,KT Maphaka,24,4.0,31,2
1444765,2024-09-27,2024-25,1,LIONS,TIT,"The Wanderers Stadium, Johannesburg",fbfea9c2,E Jones,18,3.0,41,1
1444765,2024-09-27,2024-25,1,LIONS,TIT,"The Wanderers Stadium, Johannesburg",f892fcf9,L Sipamla,24,4.0,44,1
1444765,2024-09-27,2024-25,1,LIONS,TIT,"The Wanderers Stadium, Johannesburg",a2316f90,J Dawood,18,3.0,48,0
1444765,2024-09-27,2024-25,1,LIONS,TIT,"The Wanderers Stadium, Johannesburg",60fbf53a,D Potgieter,18,3.0,41,1
1444765,2024-09-27,2024-25,2,TIT,LIONS,"The Wanderers Stadium, Johannesburg",05c2ca46,RE van der Merwe,24,4.0,28,3
1444765,2024-09-27,2024-25,2,TIT,LIONS,"The Wanderers Stadium, Johannesburg",47c449c5,Dayyaan Galiem,24,4.0,22,3
1444765,2024-09-27,2024-25,2,TIT,LIONS,"The Wanderers Stadium, Johannesburg",1cb14aa4,CJ Dala,24,4.0,19,0
1444765,2024-09-27,2024-25,2,TIT,LIONS,"The Wanderers Stadium, Johannesburg",172dff15,C Bosch,24,4.0,26,0
1444765,2024-09-27,2024-25,2,TIT,LIONS,"The Wanderers Stadium, Johannesburg",f0af99a7,D Ferreira,12,2.0,17,0
1444765,2024-09-27,2024-25,2,TIT,LIONS,"The Wanderers Stadium, Johannesburg",be3ffb65,Tsepo Ndwandwa,12,2.0,23,0
1444766,2024-09-28,2024-25,1,KNG,NWEST,"Mangaung Oval, Bloemfontein",23393635,D Forrester,24,4.0,22,2
1444766,2024-09-28,2024-25,1,KNG,NWEST,"Mangaung Oval, Bloemfontein",d9ead847,J van Dyk,12,2.0,12,0
1444766,2024-09-28,2024-25,1,KNG,NWEST,"Mangaung Oval, Bloemfontein",20afc7e7,T van Vuuren,6,1.0,7,0
1444766,2024-09-28,2024-25,1,KNG,NWEST,"Mangaung Oval, Bloemfontein",9d50c7e1,MP Siboto,24,4.0,46,2
1444766,2024-09-28,2024-25,1,KNG,NWEST,"Mangaung Oval, Bloemfontein",537f5ab2,DL Piedt,18,3.0,15,0
1444766,2024-09-28,2024-25,1,KNG,NWEST,"Mangaung Oval, Bloemfontein",7f8ecc51,AM Phangiso,18,3.0,27,0
1444766,2024-09-28,2024-25,1,KNG,NWEST,"Mangaung Oval, Bloemfontein",cba5185d,AR Swanepoel,6,1.0,10,0
1444766,2024-09-28,2024-25,2,NWEST,KNG,"Mangaung Oval, Bloemfontein",54c2b697,M Pretorius,24,4.0,32,0
1444766,2024-09-28,2024-25,2,NWEST,KNG,"Mangaung Oval, Bloemfontein",56feceb0,K Mungroo,24,4.0,23,1
1444766,2024-09-28,2024-25,2,NWEST,KNG,"Mangaung Oval, Bloemfontein",8dc152d1,D Jansen,24,4.0,30,3
1444766,2024-09-28,2024-25,2,NWEST,KNG,"Mangaung Oval, Bloemfontein",be8b147b,C Seleka,18,3.0,24,0
1444766,2024-09-28,2024-25,2,NWEST,KNG,"Mangaung Oval, Bloemfontein",45a6cf8a,A Cloete,6,1.0,10,0
1444766,2024-09-28,2024-25,2,NWEST,KNG,"Mangaung Oval, Bloemfontein",10f42013,WJ Lubbe,12,2.0,13,0
1444768,2024-09-29,2024-25,1,WAR,DOL,"St George's Park, Gqeberha",6e0a2209,B Swanepoel,24,4.0,51,1
1444768,2024-09-29,2024-25,1,WAR,DOL,"St George's Park, Gqeberha",47c9f734,CJ King,24,4.0,18,3
1444768,2024-09-29,2024-25,1,WAR,DOL,"St George's Park, Gqeberha",64f55c74,R Meyer,24,4.0,26,2
1444768,2024-09-29,2024-25,1,WAR,DOL,"St George's Park, Gqeberha",d3cc2954,S Simetu,12,2.0,6,0
1444768,2024-09-29,2024-25,1,WAR,DOL,"St George's Park, Gqeberha",56905b97,S Plaatjie,12,2.0,24,2
1444768,2024-09-29,2024-25,1,WAR,DOL,"St George's Park, Gqeberha",7dfb8890,S Muthusamy,24,4.0,30,1
1444768,2024-09-29,2024-25,2,DOL,WAR,"St George's Park, Gqeberha",6e5840e3,O Cele,24,4.0,35,1
1444768,2024-09-29,2024-25,2,DOL,WAR,"St George's Park, Gqeberha",28d6c44d,E Bosch,20,3.2,21,1
1444768,2024-09-29,2024-25,2,DOL,WAR,"St George's Park, Gqeberha",42172c3c,JT Smuts,24,4.0,30,0
1444768,2024-09-29,2024-25,2,DOL,WAR,"St George's Park, Gqeberha",201facae,N Mokoena,12,2.0,20,0
1444768,2024-09-29,2024-25,2,DOL,WAR,"St George's Park, Gqeberha",29bcd46c,RS Pillay,18,3.0,33,1
1444768,2024-09-29,2024-25,2,DOL,WAR,"St George's Park, Gqeberha",7ec9711d,P Subrayen,18,3.0,21,1
1444770,2024-10-04,2024-25,1,DOL,TIT,"Kingsmead, Durban",7ec9711d,P Subrayen,24,4.0,27,0
1444770,2024-10-04,2024-25,1,DOL,TIT,"Kingsmead, Durban",7cb2d9d2,DM Dupavillon,24,4.0,51,1
1444770,2024-10-04,2024-25,1,DOL,TIT,"Kingsmead, Durban",6e5840e3,O Cele,24,4.0,45,0
1444770,2024-10-04,2024-25,1,DOL,TIT,"Kingsmead, Durban",ebb74564,A Simelane,24,4.0,46,2
1444770,2024-10-04,2024-25,1,DOL,TIT,"Kingsmead, Durban",42172c3c,JT Smuts,18,3.0,34,0
1444770,2024-10-04,2024-25,1,DOL,TIT,"Kingsmead, Durban",29bcd46c,RS Pillay,6,1.0,5,0
1444770,2024-10-04,2024-25,2,TIT,DOL,"Kingsmead, Durban",47c449c5,Dayyaan Galiem,24,4.0,26,1
1444770,2024-10-04,2024-25,2,TIT,DOL,"Kingsmead, Durban",05c2ca46,RE van der Merwe,24,4.0,31,4
1444770,2024-10-04,2024-25,2,TIT,DOL,"Kingsmead, Durban",1cb14aa4,CJ Dala,12,2.0,17,1
1444770,2024-10-04,2024-25,2,TIT,DOL,"Kingsmead, Durban",172dff15,C Bosch,6,1.0,9,1
1444770,2024-10-04,2024-25,2,TIT,DOL,"Kingsmead, Durban",be3ffb65,Tsepo Ndwandwa,24,4.0,34,1
1444770,2024-10-04,2024-25,2,TIT,DOL,"Kingsmead, Durban",f0af99a7,D Ferreira,24,4.0,25,1
1444770,2024-10-04,2024-25,2,TIT,DOL,"Kingsmead, Durban",844e79d1,D Brevis,6,1.0,13,0
1444772,2024-10-04,2024-25,1,NWEST,WPR,"Senwes Park, Potchefstroom",81c36ee9,M Jansen,24,4.0,34,3
1444772,2024-10-04,2024-25,1,NWEST,WPR,"Senwes Park, Potchefstroom",56feceb0,K Mungroo,24,4.0,22,2
1444772,2024-10-04,2024-25,1,NWEST,WPR,"Senwes Park, Potchefstroom",8dc152d1,D Jansen,24,4.0,24,1
1444772,2024-10-04,2024-25,1,NWEST,WPR,"Senwes Park, Potchefstroom",45a6cf8a,A Cloete,12,2.0,18,0
1444772,2024-10-04,2024-25,1,NWEST,WPR,"Senwes Park, Potchefstroom",10f42013,WJ Lubbe,24,4.0,28,2
1444772,2024-10-04,2024-25,1,NWEST,WPR,"Senwes Park, Potchefstroom",be8b147b,C Seleka,12,2.0,14,1
1444772,2024-10-04,2024-25,2,WPR,NWEST,"Senwes Park, Potchefstroom",3122c016,KI Simmonds,24,4.0,27,1
1444772,2024-10-04,2024-25,2,WPR,NWEST,"Senwes Park, Potchefstroom",b56dc5f7,BE Hendricks,24,4.0,33,0
1444772,2024-10-04,2024-25,2,WPR,NWEST,"Senwes Park, Potchefstroom",547c5509,M Mpongwana,16,2.4,18,2
1444772,2024-10-04,2024-25,2,WPR,NWEST,"Senwes Park, Potchefstroom",f29dfbc0,W Bedja,24,4.0,28,2
1444772,2024-10-04,2024-25,2,WPR,NWEST,"Senwes Park, Potchefstroom",6ed11905,M Nabe,6,1.0,14,0
1444772,2024-10-04,2024-25,2,WPR,NWEST,"Senwes Park, Potchefstroom",e5437608,GF Linde,24,4.0,24,2
1444773,2024-10-06,2024-25,1,WAR,KNG,"St George's Park, Gqeberha",6e0a2209,B Swanepoel,24,4.0,42,2
1444773,2024-10-06,2024-25,1,WAR,KNG,"St George's Park, Gqeberha",64f55c74,R Meyer,12,2.0,20,1
1444773,2024-10-06,2024-25,1,WAR,KNG,"St George's Park, Gqeberha",acdc62f5,A Nortje,24,4.0,32,0
1444773,2024-10-06,2024-25,1,WAR,KNG,"St George's Park, Gqeberha",d3cc2954,S Simetu,24,4.0,18,2
1444773,2024-10-06,2024-25,1,WAR,KNG,"St George's Park, Gqeberha",7dfb8890,S Muthusamy,18,3.0,28,0
1444773,2024-10-06,2024-25,1,WAR,KNG,"St George's Park, Gqeberha",39181592,PE Kruger,18,3.0,24,2
1444773,2024-10-06,2024-25,2,KNG,WAR,"St George's Park, Gqeberha",a3ae63f4,GJ Snyman,12,2.0,16,0
1444773,2024-10-06,2024-25,2,KNG,WAR,"St George's Park, Gqeberha",7f8ecc51,AM Phangiso,24,4.0,17,2
1444773,2024-10-06,2024-25,2,KNG,WAR,"St George's Park, Gqeberha",23393635,D Forrester,12,2.0,21,0
1444773,2024-10-06,2024-25,2,KNG,WAR,"St George's Park, Gqeberha",20afc7e7,T van Vuuren,24,4.0,29,0
1444773,2024-10-06,2024-25,2,KNG,WAR,"St George's Park, Gqeberha",9d50c7e1,MP Siboto,24,4.0,28,4
1444773,2024-10-06,2024-25,2,KNG,WAR,"St George's Park, Gqeberha",46b9eda8,S Langa,12,2.0,19,0
1444773,2024-10-06,2024-25,2,KNG,WAR,"St George's Park, Gqeberha",537f5ab2,DL Piedt,12,2.0,17,0
1444774,2024-10-06,2024-25,1,DOL,LIONS,"The Wanderers Stadium, Johannesburg",7cb2d9d2,DM Dupavillon,24,4.0,44,1
1444774,2024-10-06,2024-25,1,DOL,LIONS,"The Wanderers Stadium, Johannesburg",6e5840e3,O Cele,24,4.0,16,1
1444774,2024-10-06,2024-25,1,DOL,LIONS,"The Wanderers Stadium, Johannesburg",29bcd46c,RS Pillay,12,2.0,16,0
1444774,2024-10-06,2024-25,1,DOL,LIONS,"The Wanderers Stadium, Johannesburg",ebb74564,A Simelane,24,4.0,36,2
1444774,2024-10-06,2024-25,1,DOL,LIONS,"The Wanderers Stadium, Johannesburg",42172c3c,JT Smuts,18,3.0,19,0
1444774,2024-10-06,2024-25,1,DOL,LIONS,"The Wanderers Stadium, Johannesburg",7ec9711d,P Subrayen,18,3.0,24,1
1444774,2024-10-06,2024-25,2,LIONS,DOL,"The Wanderers Stadium, Johannesburg",107c26fb,KT Maphaka,24,4.0,24,2
1444774,2024-10-06,2024-25,2,LIONS,DOL,"The Wanderers Stadium, Johannesburg",36ea17c1,TL Moreki,24,4.0,39,0
1444774,2024-10-06,2024-25,2,LIONS,DOL,"The Wanderers Stadium, Johannesburg",f2397e48,Codi Yusuf,24,4.0,24,2
1444774,2024-10-06,2024-25,2,LIONS,DOL,"The Wanderers Stadium, Johannesburg",a2316f90,J Dawood,24,4.0,22,3
1444774,2024-10-06,2024-25,2,LIONS,DOL,"The Wanderers Stadium, Johannesburg",fbfea9c2,E Jones,24,4.0,33,1
1444776,2024-10-06,2024-25,1,BOL,NWEST,"Senwes Park, Potchefstroom",1062bebb,Siyabonga Mahima,24,4.0,26,0
1444776,2024-10-06,2024-25,1,BOL,NWEST,"Senwes Park, Potchefstroom",d4d37c31,GA Stuurman,24,4.0,32,2
1444776,2024-10-06,2024-25,1,BOL,NWEST,"Senwes Park, Potchefstroom",b8828a1b,KJ Dudgeon,12,2.0,24,0
1444776,2024-10-06,2024-25,1,BOL,NWEST,"Senwes Park, Potchefstroom",f277f531,FD Adams,12,2.0,22,0
1444776,2024-10-06,2024-25,1,BOL,NWEST,"Senwes Park, Potchefstroom",5ec126fa,I Manack,24,4.0,27,1
1444776,2024-10-06,2024-25,1,BOL,NWEST,"Senwes Park, Potchefstroom",a83c44b8,A Gqamane,24,4.0,41,1
1444776,2024-10-06,2024-25,2,NWEST,BOL,"Senwes Park, Potchefstroom",81c36ee9,M Jansen,24,4.0,35,1
1444776,2024-10-06,2024-25,2,NWEST,BOL,"Senwes Park, Potchefstroom",56feceb0,K Mungroo,24,4.0,22,1
1444776,2024-10-06,2024-25,2,NWEST,BOL,"Senwes Park, Potchefstroom",51355a30,LC Ngoepe,12,2.0,15,2
1444776,2024-10-06,2024-25,2,NWEST,BOL,"Senwes Park, Potchefstroom",8dc152d1,D Jansen,12,2.0,27,0
1444776,2024-10-06,2024-25,2,NWEST,BOL,"Senwes Park, Potchefstroom",45a6cf8a,A Cloete,24,4.0,33,2
1444776,2024-10-06,2024-25,2,NWEST,BOL,"Senwes Park, Potchefstroom",be8b147b,C Seleka,24,4.0,36,1
1444777,2024-10-09,2024-25,1,WAR,WPR,"Newlands, Cape Town",6e0a2209,B Swanepoel,24,4.0,15,2
1444777,2024-10-09,2024-25,1,WAR,WPR,"Newlands, Cape Town",47c9f734,CJ King,24,4.0,27,3
1444777,2024-10-09,2024-25,1,WAR,WPR,"Newlands, Cape Town",39181592,PE Kruger,24,4.0,56,0
1444777,2024-10-09,2024-25,1,WAR,WPR,"Newlands, Cape Town",d3cc2954,S Simetu,18,3.0,11,0
1444777,2024-10-09,2024-25,1,WAR,WPR,"Newlands, Cape Town",ea1eba98,SA Mothoa,24,4.0,30,2
1444777,2024-10-09,2024-25,1,WAR,WPR,"Newlands, Cape Town",85b3fab2,T Stubbs,6,1.0,5,0
1444777,2024-10-09,2024-25,2,WPR,WAR,"Newlands, Cape Town",b56dc5f7,BE Hendricks,22,3.4,24,0
1444777,2024-10-09,2024-25,2,WPR,WAR,"Newlands, Cape Town",547c5509,M Mpongwana,18,3.0,23,2
1444777,2024-10-09,2024-25,2,WPR,WAR,"Newlands, Cape Town",f29dfbc0,W Bedja,24,4.0,13,1
1444777,2024-10-09,2024-25,2,WPR,WAR,"Newlands, Cape Town",6ed11905,M Nabe,12,2.0,23,0
1444777,2024-10-09,2024-25,2,WPR,WAR,"Newlands, Cape Town",3122c016,KI Simmonds,6,1.0,21,0
1444777,2024-10-09,2024-25,2,WPR,WAR,"Newlands, Cape Town",572f55fb,JA Bird,12,2.0,20,0
1444777,2024-10-09,2024-25,2,WPR,WAR,"Newlands, Cape Town",e5437608,GF Linde,12,2.0,19,1
1444778,2024-10-09,2024-25,1,DOL,NWEST,"Kingsmead, Durban",0b60eb09,KA Maharaj,24,4.0,27,0
1444778,2024-10-09,2024-25,1,DOL,NWEST,"Kingsmead, Durban",42172c3c,JT Smuts,12,2.0,9,1
1444778,2024-10-09,2024-25,1,DOL,NWEST,"Kingsmead, Durban",7cb2d9d2,DM Dupavillon,12,2.0,18,1
1444778,2024-10-09,2024-25,1,DOL,NWEST,"Kingsmead, Durban",7ec9711d,P Subrayen,24,4.0,31,0
1444778,2024-10-09,2024-25,1,DOL,NWEST,"Kingsmead, Durban",6e5840e3,O Cele,24,4.0,31,1
1444778,2024-10-09,2024-25,1,DOL,NWEST,"Kingsmead, Durban",ebb74564,A Simelane,24,4.0,20,4
1444778,2024-10-09,2024-25,2,NWEST,DOL,"Kingsmead, Durban",56feceb0,K Mungroo,24,4.0,29,3
1444778,2024-10-09,2024-25,2,NWEST,DOL,"Kingsmead, Durban",54c2b697,M Pretorius,23,3.5,10,2
1444778,2024-10-09,2024-25,2,NWEST,DOL,"Kingsmead, Durban",94cdf850,B Xenxe,24,4.0,25,4
1444778,2024-10-09,2024-25,2,NWEST,DOL,"Kingsmead, Durban",45a6cf8a,A Cloete,6,1.0,6,0
1444778,2024-10-09,2024-25,2,NWEST,DOL,"Kingsmead, Durban",57e1d7e4,R de Swardt,6,1.0,12,0
1444778,2024-10-09,2024-25,2,NWEST,DOL,"Kingsmead, Durban",be8b147b,C Seleka,18,3.0,9,1
1444779,2024-10-09,2024-25,1,KNG,LIONS,"Mangaung Oval, Bloemfontein",a3ae63f4,GJ Snyman,6,1.0,9,0
1444779,2024-10-09,2024-25,1,KNG,LIONS,"Mangaung Oval, Bloemfontein",7f8ecc51,AM Phangiso,24,4.0,26,3
1444779,2024-10-09,2024-25,1,KNG,LIONS,"Mangaung Oval, Bloemfontein",20afc7e7,T van Vuuren,18,3.0,27,0
1444779,2024-10-09,2024-25,1,KNG,LIONS,"Mangaung Oval, Bloemfontein",23393635,D Forrester,6,1.0,9,0
1444779,2024-10-09,2024-25,1,KNG,LIONS,"Mangaung Oval, Bloemfontein",46b9eda8,S Langa,24,4.0,24,2
1444779,2024-10-09,2024-25,1,KNG,LIONS,"Mangaung Oval, Bloemfontein",9d50c7e1,MP Siboto,24,4.0,26,2
1444779,2024-10-09,2024-25,1,KNG,LIONS,"Mangaung Oval, Bloemfontein",537f5ab2,DL Piedt,18,3.0,21,0
1444779,2024-10-09,2024-25,2,LIONS,KNG,"Mangaung Oval, Bloemfontein",f2397e48,Codi Yusuf,18,3.0,13,2
1444779,2024-10-09,2024-25,2,LIONS,KNG,"Mangaung Oval, Bloemfontein",36ea17c1,TL Moreki,18,3.0,20,1
1444779,2024-10-09,2024-25,2,LIONS,KNG,"Mangaung Oval, Bloemfontein",fbfea9c2,E Jones,18,3.0,14,2
1444779,2024-10-09,2024-25,2,LIONS,KNG,"Mangaung Oval, Bloemfontein",f892fcf9,L Sipamla,17,2.5,14,1
1444779,2024-10-09,2024-25,2,LIONS,KNG,"Mangaung Oval, Bloemfontein",60fbf53a,D Potgieter,12,2.0,11,0
1444779,2024-10-09,2024-25,2,LIONS,KNG,"Mangaung Oval, Bloemfontein",a2316f90,J Dawood,24,4.0,21,2
1444780,2024-10-09,2024-25,1,BOL,TIT,"SuperSport Park, Centurion",d4d37c31,GA Stuurman,18,3.0,27,0
1444780,2024-10-09,2024-25,1,BOL,TIT,"SuperSport Park, Centurion",b8828a1b,KJ Dudgeon,18,3.0,38,1
1444780,2024-10-09,2024-25,1,BOL,TIT,"SuperSport Park, Centurion",5ec126fa,I Manack,18,3.0,33,1
1444780,2024-10-09,2024-25,1,BOL,TIT,"SuperSport Park, Centurion",f277f531,FD Adams,7,1.1,2,2
1444780,2024-10-09,2024-25,1,BOL,TIT,"SuperSport Park, Centurion",bd36db2c,A Mnyaka,18,3.0,29,0
1444780,2024-10-09,2024-25,1,BOL,TIT,"SuperSport Park, Centurion",a83c44b8,A Gqamane,11,1.5,39,0
1444780,2024-10-09,2024-25,2,TIT,BOL,"SuperSport Park, Centurion",47c449c5,Dayyaan Galiem,18,3.0,7,3
1444780,2024-10-09,2024-25,2,TIT,BOL,"SuperSport Park, Centurion",2f838fa4,M Boast,18,3.0,23,1
1444780,2024-10-09,2024-25,2,TIT,BOL,"SuperSport Park, Centurion",172dff15,C Bosch,14,2.2,16,1
1444780,2024-10-09,2024-25,2,TIT,BOL,"SuperSport Park, Centurion",be3ffb65,Tsepo Ndwandwa,12,2.0,20,1
1444780,2024-10-09,2024-25,2,TIT,BOL,"SuperSport Park, Centurion",ab6b1c45,AL Phehlukwayo,18,3.0,7,2
1444781,2024-10-12,2024-25,1,LIONS,BOL,"Boland Park, Paarl",60fbf53a,D Potgieter,12,2.0,12,0
1444781,2024-10-12,2024-25,1,LIONS,BOL,"Boland Park, Paarl",9a2fc964,BC Fortuin,24,4.0,22,0
1444781,2024-10-12,2024-25,1,LIONS,BOL,"Boland Park, Paarl",f892fcf9,L Sipamla,18,3.0,19,2
1444781,2024-10-12,2024-25,1,LIONS,BOL,"Boland Park, Paarl",fbfea9c2,E Jones,18,3.0,24,1
1444781,2024-10-12,2024-25,1,LIONS,BOL,"Boland Park, Paarl",212aeedd,N Peter,24,4.0,28,1
1444781,2024-10-12,2024-25,1,LIONS,BOL,"Boland Park, Paarl",a2316f90,J Dawood,24,4.0,21,3
1444781,2024-10-12,2024-25,2,BOL,LIONS,"Boland Park, Paarl",b8828a1b,KJ Dudgeon,24,4.0,18,2
1444781,2024-10-12,2024-25,2,BOL,LIONS,"Boland Park, Paarl",d4d37c31,GA Stuurman,24,4.0,37,1
1444781,2024-10-12,2024-25,2,BOL,LIONS,"Boland Park, Paarl",1062bebb,Siyabonga Mahima,24,4.0,21,0
1444781,2024-10-12,2024-25,2,BOL,LIONS,"Boland Park, Paarl",ffd3fc37,S von Berg,24,4.0,27,0
1444781,2024-10-12,2024-25,2,BOL,LIONS,"Boland Park, Paarl",5ec126fa,I Manack,22,3.4,29,1
1444783,2024-10-13,2024-25,1,DOL,WPR,"Kingsmead, Durban",7ec9711d,P Subrayen,24,4.0,32,0
1444783,2024-10-13,2024-25,1,DOL,WPR,"Kingsmead, Durban",6e5840e3,O Cele,24,4.0,29,2
1444783,2024-10-13,2024-25,1,DOL,WPR,"Kingsmead, Durban",ebb74564,A Simelane,24,4.0,44,3
1444783,2024-10-13,2024-25,1,DOL,WPR,"Kingsmead, Durban",6b9eb501,OEG Baartman,24,4.0,33,0
1444783,2024-10-13,2024-25,1,DOL,WPR,"Kingsmead, Durban",91cd48e0,JF Smith,18,3.0,19,0
1444783,2024-10-13,2024-25,1,DOL,WPR,"Kingsmead, Durban",fc60e81a,B Parsons,6,1.0,9,0
1444783,2024-10-13,2024-25,2,WPR,DOL,"Kingsmead, Durban",3122c016,KI Simmonds,24,4.0,21,2
1444783,2024-10-13,2024-25,2,WPR,DOL,"Kingsmead, Durban",b56dc5f7,BE Hendricks,18,3.0,37,0
1444783,2024-10-13,2024-25,2,WPR,DOL,"Kingsmead, Durban",547c5509,M Mpongwana,18,3.0,26,3
1444783,2024-10-13,2024-25,2,WPR,DOL,"Kingsmead, Durban",f29dfbc0,W Bedja,24,4.0,46,0
1444783,2024-10-13,2024-25,2,WPR,DOL,"Kingsmead, Durban",e5437608,GF Linde,12,2.0,17,0
1444783,2024-10-13,2024-25,2,WPR,DOL,"Kingsmead, Durban",6ed11905,M Nabe,6,1.0,12,0
1444783,2024-10-13,2024-25,2,WPR,DOL,"Kingsmead, Durban",572f55fb,JA Bird,12,2.0,10,1
1444784,2024-10-13,2024-25,1,TIT,KNG,"SuperSport Park, Centurion",47c449c5,Dayyaan Galiem,24,4.0,61,1
1444784,2024-10-13,2024-25,1,TIT,KNG,"SuperSport Park, Centurion",3204c99f,G Coetzee,24,4.0,37,2
1444784,2024-10-13,2024-25,1,TIT,KNG,"SuperSport Park, Centurion",be3ffb65,Tsepo Ndwandwa,12,2.0,29,0
1444784,2024-10-13,2024-25,1,TIT,KNG,"SuperSport Park, Centurion",172dff15,C Bosch,24,4.0,35,1
1444784,2024-10-13,2024-25,1,TIT,KNG,"SuperSport Park, Centurion",f0af99a7,D Ferreira,18,3.0,32,0
1444784,2024-10-13,2024-25,1,TIT,KNG,"SuperSport Park, Centurion",eb2a192a,L Selemela,12,2.0,25,1
1444784,2024-10-13,2024-25,1,TIT,KNG,"SuperSport Park, Centurion",1b42a100,BS Makhanya,6,1.0,3,1
1444784,2024-10-13,2024-25,2,KNG,TIT,"SuperSport Park, Centurion",a3ae63f4,GJ Snyman,6,1.0,11,0
1444784,2024-10-13,2024-25,2,KNG,TIT,"SuperSport Park, Centurion",d9ead847,J van Dyk,24,4.0,37,0
1444784,2024-10-13,2024-25,2,KNG,TIT,"SuperSport Park, Centurion",20afc7e7,T van Vuuren,24,4.0,28,1
1444784,2024-10-13,2024-25,2,KNG,TIT,"SuperSport Park, Centurion",7f8ecc51,AM Phangiso,18,3.0,22,2
1444784,2024-10-13,2024-25,2,KNG,TIT,"SuperSport Park, Centurion",9d50c7e1,MP Siboto,24,4.0,46,2
1444784,2024-10-13,2024-25,2,KNG,TIT,"SuperSport Park, Centurion",46b9eda8,S Langa,24,4.0,47,1
1444785,2024-10-16,2024-25,1,WAR,BOL,"Boland Park, Paarl",6e0a2209,B Swanepoel,24,4.0,51,0
1444785,2024-10-16,2024-25,1,WAR,BOL,"Boland Park, Paarl",d3cc2954,S Simetu,24,4.0,19,1
1444785,2024-10-16,2024-25,1,WAR,BOL,"Boland Park, Paarl",ea1eba98,SA Mothoa,24,4.0,34,1
1444785,2024-10-16,2024-25,1,WAR,BOL,"Boland Park, Paarl",39181592,PE Kruger,18,3.0,31,1
1444785,2024-10-16,2024-25,1,WAR,BOL,"Boland Park, Paarl",919c1174,L Alder,24,4.0,24,2
1444785,2024-10-16,2024-25,1,WAR,BOL,"Boland Park, Paarl",9b384e28,JP King,6,1.0,12,0
1444785,2024-10-16,2024-25,2,BOL,WAR,"Boland Park, Paarl",b8828a1b,KJ Dudgeon,24,4.0,27,1
1444785,2024-10-16,2024-25,2,BOL,WAR,"Boland Park, Paarl",d4d37c31,GA Stuurman,24,4.0,33,5
1444785,2024-10-16,2024-25,2,BOL,WAR,"Boland Park, Paarl",5ec126fa,I Manack,18,3.0,17,0
1444785,2024-10-16,2024-25,2,BOL,WAR,"Boland Park, Paarl",ffd3fc37,S von Berg,18,3.0,23,0
1444785,2024-10-16,2024-25,2,BOL,WAR,"Boland Park, Paarl",1062bebb,Siyabonga Mahima,12,2.0,17,0
1444785,2024-10-16,2024-25,2,BOL,WAR,"Boland Park, Paarl",a83c44b8,A Gqamane,23,3.5,36,3
1444786,2024-10-16,2024-25,1,DOL,KNG,"Mangaung Oval, Bloemfontein",6e5840e3,O Cele,18,3.0,34,2
1444786,2024-10-16,2024-25,1,DOL,KNG,"Mangaung Oval, Bloemfontein",42172c3c,JT Smuts,24,4.0,27,0
1444786,2024-10-16,2024-25,1,DOL,KNG,"Mangaung Oval, Bloemfontein",6b9eb501,OEG Baartman,24,4.0,35,2
1444786,2024-10-16,2024-25,1,DOL,KNG,"Mangaung Oval, Bloemfontein",ebb74564,A Simelane,6,1.0,15,0
1444786,2024-10-16,2024-25,1,DOL,KNG,"Mangaung Oval, Bloemfontein",7ec9711d,P Subrayen,24,4.0,21,0
1444786,2024-10-16,2024-25,1,DOL,KNG,"Mangaung Oval, Bloemfontein",91cd48e0,JF Smith,24,4.0,21,3
1444786,2024-10-16,2024-25,2,KNG,DOL,"Mangaung Oval, Bloemfontein",a3ae63f4,GJ Snyman,6,1.0,7,0
1444786,2024-10-16,2024-25,2,KNG,DOL,"Mangaung Oval, Bloemfontein",d9ead847,J van Dyk,18,3.0,25,1
1444786,2024-10-16,2024-25,2,KNG,DOL,"Mangaung Oval, Bloemfontein",20afc7e7,T van Vuuren,18,3.0,32,0
1444786,2024-10-16,2024-25,2,KNG,DOL,"Mangaung Oval, Bloemfontein",46b9eda8,S Langa,21,3.3,34,2
1444786,2024-10-16,2024-25,2,KNG,DOL,"Mangaung Oval, Bloemfontein",cba5185d,AR Swanepoel,12,2.0,13,0
1444786,2024-10-16,2024-25,2,KNG,DOL,"Mangaung Oval, Bloemfontein",9d50c7e1,MP Siboto,12,2.0,23,0
1444786,2024-10-16,2024-25,2,KNG,DOL,"Mangaung Oval, Bloemfontein",7f8ecc51,AM Phangiso,24,4.0,22,0
1444787,2024-10-16,2024-25,1,WPR,LIONS,"The Wanderers Stadium, Johannesburg",b56dc5f7,BE Hendricks,24,4.0,27,1
1444787,2024-10-16,2024-25,1,WPR,LIONS,"The Wanderers Stadium, Johannesburg",3122c016,KI Simmonds,12,2.0,14,0
1444787,2024-10-16,2024-25,1,WPR,LIONS,"The Wanderers Stadium, Johannesburg",547c5509,M Mpongwana,24,4.0,29,1
1444787,2024-10-16,2024-25,1,WPR,LIONS,"The Wanderers Stadium, Johannesburg",f29dfbc0,W Bedja,24,4.0,33,1
1444787,2024-10-16,2024-25,1,WPR,LIONS,"The Wanderers Stadium, Johannesburg",e5437608,GF Linde,18,3.0,16,1
1444787,2024-10-16,2024-25,1,WPR,LIONS,"The Wanderers Stadium, Johannesburg",6ed11905,M Nabe,18,3.0,24,2
1444787,2024-10-16,2024-25,2,LIONS,WPR,"The Wanderers Stadium, Johannesburg",f2397e48,Codi Yusuf,24,4.0,40,1
1444787,2024-10-16,2024-25,2,LIONS,WPR,"The Wanderers Stadium, Johannesburg",107c26fb,KT Maphaka,21,3.3,28,1
1444787,2024-10-16,2024-25,2,LIONS,WPR,"The Wanderers Stadium, Johannesburg",fbfea9c2,E Jones,24,4.0,39,0
1444787,2024-10-16,2024-25,2,LIONS,WPR,"The Wanderers Stadium, Johannesburg",60fbf53a,D Potgieter,18,3.0,4,2
1444787,2024-10-16,2024-25,2,LIONS,WPR,"The Wanderers Stadium, Johannesburg",9a2fc964,BC Fortuin,18,3.0,21,0
1444787,2024-10-16,2024-25,2,LIONS,WPR,"The Wanderers Stadium, Johannesburg",212aeedd,N Peter,12,2.0,11,1
1444789,2024-10-18,2024-25,1,WPR,KNG,"Newlands, Cape Town",b56dc5f7,BE Hendricks,24,4.0,28,2
1444789,2024-10-18,2024-25,1,WPR,KNG,"Newlands, Cape Town",3122c016,KI Simmonds,24,4.0,19,1
1444789,2024-10-18,2024-25,1,WPR,KNG,"Newlands, Cape Town",547c5509,M Mpongwana,12,2.0,22,0
1444789,2024-10-18,2024-25,1,WPR,KNG,"Newlands, Cape Town",f29dfbc0,W Bedja,24,4.0,34,2
1444789,2024-10-18,2024-25,1,WPR,KNG,"Newlands, Cape Town",e5437608,GF Linde,24,4.0,33,0
1444789,2024-10-18,2024-25,1,WPR,KNG,"Newlands, Cape Town",6ed11905,M Nabe,12,2.0,15,1
1444789,2024-10-18,2024-25,2,KNG,WPR,"Newlands, Cape Town",a3ae63f4,GJ Snyman,24,4.0,26,0
1444789,2024-10-18,2024-25,2,KNG,WPR,"Newlands, Cape Town",20afc7e7,T van Vuuren,6,1.0,14,0
1444789,2024-10-18,2024-25,2,KNG,WPR,"Newlands, Cape Town",46b9eda8,S Langa,17,2.5,25,1
1444789,2024-10-18,2024-25,2,KNG,WPR,"Newlands, Cape Town",23393635,D Forrester,6,1.0,8,0
1444789,2024-10-18,2024-25,2,KNG,WPR,"Newlands, Cape Town",9d50c7e1,MP Siboto,6,1.0,14,0
1444789,2024-10-18,2024-25,2,KNG,WPR,"Newlands, Cape Town",7f8ecc51,AM Phangiso,24,4.0,24,0
1444789,2024-10-18,2024-25,2,KNG,WPR,"Newlands, Cape Town",cba5185d,AR Swanepoel,12,2.0,17,0
1444789,2024-10-18,2024-25,2,KNG,WPR,"Newlands, Cape Town",7f51c6fb,S Fledermaus,18,3.0,32,2
1444790,2024-10-19,2024-25,1,TIT,WAR,"St George's Park, Gqeberha",47c449c5,Dayyaan Galiem,24,4.0,28,1
1444790,2024-10-19,2024-25,1,TIT,WAR,"St George's Park, Gqeberha",172dff15,C Bosch,24,4.0,42,1
1444790,2024-10-19,2024-25,1,TIT,WAR,"St George's Park, Gqeberha",1cb14aa4,CJ Dala,24,4.0,49,1
1444790,2024-10-19,2024-25,1,TIT,WAR,"St George's Park, Gqeberha",05c2ca46,RE van der Merwe,12,2.0,16,0
1444790,2024-10-19,2024-25,1,TIT,WAR,"St George's Park, Gqeberha",a03bba42,T Shamsi,24,4.0,23,2
1444790,2024-10-19,2024-25,1,TIT,WAR,"St George's Park, Gqeberha",ab6b1c45,AL Phehlukwayo,12,2.0,20,0
1444790,2024-10-19,2024-25,2,WAR,TIT,"St George's Park, Gqeberha",acdc62f5,A Nortje,24,4.0,46,1
1444790,2024-10-19,2024-25,2,WAR,TIT,"St George's Park, Gqeberha",d3cc2954,S Simetu,18,3.0,27,0
1444790,2024-10-19,2024-25,2,WAR,TIT,"St George's Park, Gqeberha",47c9f734,CJ King,20,3.2,30,0
1444790,2024-10-19,2024-25,2,WAR,TIT,"St George's Park, Gqeberha",ea1eba98,SA Mothoa,24,4.0,47,1
1444790,2024-10-19,2024-25,2,WAR,TIT,"St George's Park, Gqeberha",9b384e28,JP King,12,2.0,23,1
1444791,2024-10-19,2024-25,1,DOL,BOL,"Kingsmead, Durban",42172c3c,JT Smuts,24,4.0,32,1
1444791,2024-10-19,2024-25,1,DOL,BOL,"Kingsmead, Durban",6e5840e3,O Cele,18,3.0,21,0
1444791,2024-10-19,2024-25,1,DOL,BOL,"Kingsmead, Durban",ebb74564,A Simelane,6,1.0,11,1
1444791,2024-10-19,2024-25,1,DOL,BOL,"Kingsmead, Durban",7ec9711d,P Subrayen,12,2.0,13,1
1444791,2024-10-19,2024-25,1,DOL,BOL,"Kingsmead, Durban",6b9eb501,OEG Baartman,24,4.0,43,0
1444791,2024-10-19,2024-25,1,DOL,BOL,"Kingsmead, Durban",fc60e81a,B Parsons,18,3.0,16,1
1444791,2024-10-19,2024-25,1,DOL,BOL,"Kingsmead, Durban",91cd48e0,JF Smith,18,3.0,28,0
1444791,2024-10-19,2024-25,2,BOL,DOL,"Kingsmead, Durban",b8828a1b,KJ Dudgeon,18,3.0,22,0
1444791,2024-10-19,2024-25,2,BOL,DOL,"Kingsmead, Durban",d4d37c31,GA Stuurman,12,2.0,24,0
1444791,2024-10-19,2024-25,2,BOL,DOL,"Kingsmead, Durban",5ec126fa,I Manack,12,2.0,14,2
1444791,2024-10-19,2024-25,2,BOL,DOL,"Kingsmead, Durban",bd36db2c,A Mnyaka,12,2.0,9,1
1444791,2024-10-19,2024-25,2,BOL,DOL,"Kingsmead, Durban",a83c44b8,A Gqamane,6,1.0,11,2
1444792,2024-10-19,2024-25,1,NWEST,LIONS,"Senwes Park, Potchefstroom",81c36ee9,M Jansen,24,4.0,32,0
1444792,2024-10-19,2024-25,1,NWEST,LIONS,"Senwes Park, Potchefstroom",54c2b697,M Pretorius,24,4.0,28,1
1444792,2024-10-19,2024-25,1,NWEST,LIONS,"Senwes Park, Potchefstroom",56feceb0,K Mungroo,24,4.0,39,1
1444792,2024-10-19,2024-25,1,NWEST,LIONS,"Senwes Park, Potchefstroom",45a6cf8a,A Cloete,12,2.0,23,0
1444792,2024-10-19,2024-25,1,NWEST,LIONS,"Senwes Park, Potchefstroom",be8b147b,C Seleka,24,4.0,24,0
1444792,2024-10-19,2024-25,1,NWEST,LIONS,"Senwes Park, Potchefstroom",51355a30,LC Ngoepe,12,2.0,24,1
1444792,2024-10-19,2024-25,2,LIONS,NWEST,"Senwes Park, Potchefstroom",9a2fc964,BC Fortuin,18,3.0,25,0
1444792,2024-10-19,2024-25,2,LIONS,NWEST,"Senwes Park, Potchefstroom",107c26fb,KT Maphaka,24,4.0,28,2
1444792,2024-10-19,2024-25,2,LIONS,NWEST,"Senwes Park, Potchefstroom",36ea17c1,TL Moreki,24,4.0,38,2
1444792,2024-10-19,2024-25,2,LIONS,NWEST,"Senwes Park, Potchefstroom",b8cc58c9,RR Hendricks,12,2.0,10,0
1444792,2024-10-19,2024-25,2,LIONS,NWEST,"Senwes Park, Potchefstroom",fbfea9c2,E Jones,18,3.0,31,0
1444792,2024-10-19,2024-25,2,LIONS,NWEST,"Senwes Park, Potchefstroom",212aeedd,N Peter,18,3.0,19,0
1444792,2024-10-19,2024-25,2,LIONS,NWEST,"Senwes Park, Potchefstroom",60fbf53a,D Potgieter,6,1.0,12,0
1444793,2024-10-22,2024-25,1,LIONS,TIT,"The Wanderers Stadium, Johannesburg",60fbf53a,D Potgieter,24,4.0,22,1
1444793,2024-10-22,2024-25,1,LIONS,TIT,"The Wanderers Stadium, Johannesburg",107c26fb,KT Maphaka,24,4.0,11,3
1444793,2024-10-22,2024-25,1,LIONS,TIT,"The Wanderers Stadium, Johannesburg",f892fcf9,L Sipamla,18,3.0,27,1
1444793,2024-10-22,2024-25,1,LIONS,TIT,"The Wanderers Stadium, Johannesburg",fbfea9c2,E Jones,24,4.0,22,1
1444793,2024-10-22,2024-25,1,LIONS,TIT,"The Wanderers Stadium, Johannesburg",9a2fc964,BC Fortuin,6,1.0,12,0
1444793,2024-10-22,2024-25,1,LIONS,TIT,"The Wanderers Stadium, Johannesburg",212aeedd,N Peter,20,3.2,15,4
1444793,2024-10-22,2024-25,2,TIT,LIONS,"The Wanderers Stadium, Johannesburg",05c2ca46,RE van der Merwe,18,3.0,17,0
1444793,2024-10-22,2024-25,2,TIT,LIONS,"The Wanderers Stadium, Johannesburg",47c449c5,Dayyaan Galiem,24,4.0,16,2
1444793,2024-10-22,2024-25,2,TIT,LIONS,"The Wanderers Stadium, Johannesburg",3204c99f,G Coetzee,24,4.0,31,1
1444793,2024-10-22,2024-25,2,TIT,LIONS,"The Wanderers Stadium, Johannesburg",ab6b1c45,AL Phehlukwayo,6,1.0,8,0
1444793,2024-10-22,2024-25,2,TIT,LIONS,"The Wanderers Stadium, Johannesburg",1cb14aa4,CJ Dala,12,2.0,17,0
1444793,2024-10-22,2024-25,2,TIT,LIONS,"The Wanderers Stadium, Johannesburg",a03bba42,T Shamsi,12,2.0,25,0
1444794,2024-10-23,2024-25,1,NWEST,WPR,"The Wanderers Stadium, Johannesburg",54c2b697,M Pretorius,18,3.0,26,0
1444794,2024-10-23,2024-25,1,NWEST,WPR,"The Wanderers Stadium, Johannesburg",81c36ee9,M Jansen,24,4.0,38,0
1444794,2024-10-23,2024-25,1,NWEST,WPR,"The Wanderers Stadium, Johannesburg",56feceb0,K Mungroo,18,3.0,34,1
1444794,2024-10-23,2024-25,1,NWEST,WPR,"The Wanderers Stadium, Johannesburg",360f4e4b,GG Peters,24,4.0,24,3
1444794,2024-10-23,2024-25,1,NWEST,WPR,"The Wanderers Stadium, Johannesburg",10f42013,WJ Lubbe,6,1.0,5,0
1444794,2024-10-23,2024-25,1,NWEST,WPR,"The Wanderers Stadium, Johannesburg",94cdf850,B Xenxe,6,1.0,3,0
1444794,2024-10-23,2024-25,1,NWEST,WPR,"The Wanderers Stadium, Johannesburg",be8b147b,C Seleka,24,4.0,25,1
1444794,2024-10-23,2024-25,2,WPR,NWEST,"The Wanderers Stadium, Johannesburg",b56dc5f7,BE Hendricks,12,2.0,9,2
1444794,2024-10-23,2024-25,2,WPR,NWEST,"The Wanderers Stadium, Johannesburg",3122c016,KI Simmonds,24,4.0,14,3
1444794,2024-10-23,2024-25,2,WPR,NWEST,"The Wanderers Stadium, Johannesburg",f29dfbc0,W Bedja,18,3.0,43,1
1444794,2024-10-23,2024-25,2,WPR,NWEST,"The Wanderers Stadium, Johannesburg",547c5509,M Mpongwana,6,1.0,9,0
1444794,2024-10-23,2024-25,2,WPR,NWEST,"The Wanderers Stadium, Johannesburg",6ed11905,M Nabe,6,1.0,22,0
1444794,2024-10-23,2024-25,2,WPR,NWEST,"The Wanderers Stadium, Johannesburg",e5437608,GF Linde,21,3.3,15,3
1444794,2024-10-23,2024-25,2,WPR,NWEST,"The Wanderers Stadium, Johannesburg",572f55fb,JA Bird,6,1.0,11,0
1444795,2024-10-25,2024-25,1,WPR,TIT,"SuperSport Park, Centurion",3122c016,KI Simmonds,24,4.0,20,0
1444795,2024-10-25,2024-25,1,WPR,TIT,"SuperSport Park, Centurion",b56dc5f7,BE Hendricks,24,4.0,38,2
1444795,2024-10-25,2024-25,1,WPR,TIT,"SuperSport Park, Centurion",547c5509,M Mpongwana,18,3.0,28,2
1444795,2024-10-25,2024-25,1,WPR,TIT,"SuperSport Park, Centurion",f29dfbc0,W Bedja,18,3.0,40,1
1444795,2024-10-25,2024-25,1,WPR,TIT,"SuperSport Park, Centurion",e5437608,GF Linde,12,2.0,18,0
1444795,2024-10-25,2024-25,1,WPR,TIT,"SuperSport Park, Centurion",e97b9d54,O Whitehead,12,2.0,21,1
1444795,2024-10-25,2024-25,1,WPR,TIT,"SuperSport Park, Centurion",6ed11905,M Nabe,12,2.0,13,1
1444795,2024-10-25,2024-25,2,TIT,WPR,"SuperSport Park, Centurion",47c449c5,Dayyaan Galiem,24,4.0,37,0
1444795,2024-10-25,2024-25,2,TIT,WPR,"SuperSport Park, Centurion",1cb14aa4,CJ Dala,18,3.0,36,1
1444795,2024-10-25,2024-25,2,TIT,WPR,"SuperSport Park, Centurion",3204c99f,G Coetzee,24,4.0,14,2
1444795,2024-10-25,2024-25,2,TIT,WPR,"SuperSport Park, Centurion",172dff15,C Bosch,24,4.0,20,0
1444795,2024-10-25,2024-25,2,TIT,WPR,"SuperSport Park, Centurion",a03bba42,T Shamsi,18,3.0,26,1
1444795,2024-10-25,2024-25,2,TIT,WPR,"SuperSport Park, Centurion",ab6b1c45,AL Phehlukwayo,12,2.0,18,0
1444796,2024-10-27,2024-25,1,LIONS,TIT,"The Wanderers Stadium, Johannesburg",60fbf53a,D Potgieter,12,2.0,18,1
1444796,2024-10-27,2024-25,1,LIONS,TIT,"The Wanderers Stadium, Johannesburg",107c26fb,KT Maphaka,24,4.0,15,2
1444796,2024-10-27,2024-25,1,LIONS,TIT,"The Wanderers Stadium, Johannesburg",f892fcf9,L Sipamla,24,4.0,12,4
1444796,2024-10-27,2024-25,1,LIONS,TIT,"The Wanderers Stadium, Johannesburg",212aeedd,N Peter,18,3.0,36,0
1444796,2024-10-27,2024-25,1,LIONS,TIT,"The Wanderers Stadium, Johannesburg",fbfea9c2,E Jones,20,3.2,24,1
1444796,2024-10-27,2024-25,1,LIONS,TIT,"The Wanderers Stadium, Johannesburg",9a2fc964,BC Fortuin,18,3.0,10,2
1444796,2024-10-27,2024-25,2,TIT,LIONS,"The Wanderers Stadium, Johannesburg",05c2ca46,RE van der Merwe,18,3.0,13,0
1444796,2024-10-27,2024-25,2,TIT,LIONS,"The Wanderers Stadium, Johannesburg",47c449c5,Dayyaan Galiem,18,3.0,14,1
1444796,2024-10-27,2024-25,2,TIT,LIONS,"The Wanderers Stadium, Johannesburg",3204c99f,G Coetzee,19,3.1,38,1
1444796,2024-10-27,2024-25,2,TIT,LIONS,"The Wanderers Stadium, Johannesburg",a03bba42,T Shamsi,12,2.0,21,0
1444796,2024-10-27,2024-25,2,TIT,LIONS,"The Wanderers Stadium, Johannesburg",ab6b1c45,AL Phehlukwayo,12,2.0,14,0
1444796,2024-10-27,2024-25,2,TIT,LIONS,"The Wanderers Stadium, Johannesburg",1cb14aa4,CJ Dala,12,2.0,23,0
530321,2012-02-15,2011-12,1,WAR,WPR,"St George's Park, Port Elizabeth",20a941bb,M Ntini,24,4.0,19,2
530321,2012-02-15,2011-12,1,WAR,WPR,"St George's Park, Port Elizabeth",23638956,SR Harmer,18,3.0,21,0
530321,2012-02-15,2011-12,1,WAR,WPR,"St George's Park, Port Elizabeth",9df3a2f4,ACR Birch,12,2.0,17,0
530321,2012-02-15,2011-12,1,WAR,WPR,"St George's Park, Port Elizabeth",77dccc29,L Meyer,18,3.0,32,0
530321,2012-02-15,2011-12,1,WAR,WPR,"St George's Park, Port Elizabeth",6a0537aa,N Boje,24,4.0,21,1
530321,2012-02-15,2011-12,1,WAR,WPR,"St George's Park, Port Elizabeth",4f421623,JP Kreusch,12,2.0,18,0
530321,2012-02-15,2011-12,1,WAR,WPR,"St George's Park, Port Elizabeth",ab446fe9,KR Smuts,12,2.0,19,2
530321,2012-02-15,2011-12,2,WPR,WAR,"St George's Park, Port Elizabeth",7955eb15,RK Kleinveldt,18,3.0,19,1
530321,2012-02-15,2011-12,2,WPR,WAR,"St George's Park, Port Elizabeth",cfe70281,VD Philander,24,4.0,29,1
530321,2012-02-15,2011-12,2,WPR,WAR,"St George's Park, Port Elizabeth",9c1ccdea,J Louw,24,4.0,28,0
530321,2012-02-15,2011-12,2,WPR,WAR,"St George's Park, Port Elizabeth",537f5ab2,DL Piedt,12,2.0,15,1
530321,2012-02-15,2011-12,2,WPR,WAR,"St George's Park, Port Elizabeth",9fa54c94,MY Vallie,24,4.0,28,2
530321,2012-02-15,2011-12,2,WPR,WAR,"St George's Park, Port Elizabeth",88867cac,AJA Gray,18,3.0,25,2
530323,2012-02-17,2011-12,1,KNG,WPR,"De Beers Diamond Oval, Kimberley",6821ac10,JJ van der Wath,24,4.0,41,0
530323,2012-02-17,2011-12,1,KNG,WPR,"De Beers Diamond Oval, Kimberley",d7a57f75,D du Preez,24,4.0,35,1
530323,2012-02-17,2011-12,1,KNG,WPR,"De Beers Diamond Oval, Kimberley",9d50c7e1,MP Siboto,12,2.0,17,0
530323,2012-02-17,2011-12,1,KNG,WPR,"De Beers Diamond Oval, Kimberley",c654af19,R McLaren,24,4.0,28,2
530323,2012-02-17,2011-12,1,KNG,WPR,"De Beers Diamond Oval, Kimberley",5f419ace,WL Coetsee,24,4.0,33,1
530323,2012-02-17,2011-12,1,KNG,WPR,"De Beers Diamond Oval, Kimberley",807b63ae,RK Terblanche,12,2.0,24,0
530323,2012-02-17,2011-12,2,WPR,KNG,"De Beers Diamond Oval, Kimberley",88867cac,AJA Gray,12,2.0,28,0
530323,2012-02-17,2011-12,2,WPR,KNG,"De Beers Diamond Oval, Kimberley",cfe70281,VD Philander,18,3.0,23,2
530323,2012-02-17,2011-12,2,WPR,KNG,"De Beers Diamond Oval, Kimberley",7955eb15,RK Kleinveldt,24,4.0,39,1
530323,2012-02-17,2011-12,2,WPR,KNG,"De Beers Diamond Oval, Kimberley",9c1ccdea,J Louw,12,2.0,13,1
530323,2012-02-17,2011-12,2,WPR,KNG,"De Beers Diamond Oval, Kimberley",537f5ab2,DL Piedt,6,1.0,11,0
530323,2012-02-17,2011-12,2,WPR,KNG,"De Beers Diamond Oval, Kimberley",9fa54c94,MY Vallie,6,1.0,4,1
530324,2012-02-17,2011-12,1,IMPI,LIONS,"Senwes Park, Potchefstroom",26d9937d,CJ Alexander,24,4.0,28,1
530324,2012-02-17,2011-12,1,IMPI,LIONS,"Senwes Park, Potchefstroom",1b05424f,P Matshikwe,24,4.0,40,2
530324,2012-02-17,2011-12,1,IMPI,LIONS,"Senwes Park, Potchefstroom",7be25178,C Pietersen,24,4.0,29,1
530324,2012-02-17,2011-12,1,IMPI,LIONS,"Senwes Park, Potchefstroom",d3cc2954,S Simetu,24,4.0,26,1
530324,2012-02-17,2011-12,1,IMPI,LIONS,"Senwes Park, Potchefstroom",f856b613,R Cameron,24,4.0,27,2
530324,2012-02-17,2011-12,2,LIONS,IMPI,"Senwes Park, Potchefstroom",3bf936e7,E O'Reilly,24,4.0,4,2
530324,2012-02-17,2011-12,2,LIONS,IMPI,"Senwes Park, Potchefstroom",fb66ce1f,CH Morris,24,4.0,15,1
530324,2012-02-17,2011-12,2,LIONS,IMPI,"Senwes Park, Potchefstroom",7f8ecc51,AM Phangiso,24,4.0,15,2
530324,2012-02-17,2011-12,2,LIONS,IMPI,"Senwes Park, Potchefstroom",e01aafc1,AN Petersen,24,4.0,24,0
530324,2012-02-17,2011-12,2,LIONS,IMPI,"Senwes Park, Potchefstroom",d83df855,S Burger,6,1.0,11,1
530324,2012-02-17,2011-12,2,LIONS,IMPI,"Senwes Park, Potchefstroom",77841dcc,J Symes,6,1.0,9,0
530324,2012-02-17,2011-12,2,LIONS,IMPI,"Senwes Park, Potchefstroom",11614d87,D Pretorius,11,1.5,9,2
530325,2012-02-19,2011-12,1,IMPI,DOL,"City Oval, Pietermaritzburg",26d9937d,CJ Alexander,24,4.0,49,0
530325,2012-02-19,2011-12,1,IMPI,DOL,"City Oval, Pietermaritzburg",1b05424f,P Matshikwe,24,4.0,18,3
530325,2012-02-19,2011-12,1,IMPI,DOL,"City Oval, Pietermaritzburg",7be25178,C Pietersen,12,2.0,14,1
530325,2012-02-19,2011-12,1,IMPI,DOL,"City Oval, Pietermaritzburg",4aad78d3,K Zondo,18,3.0,21,0
530325,2012-02-19,2011-12,1,IMPI,DOL,"City Oval, Pietermaritzburg",a386e91b,PD Collingwood,24,4.0,19,1
530325,2012-02-19,2011-12,1,IMPI,DOL,"City Oval, Pietermaritzburg",d3cc2954,S Simetu,6,1.0,12,0
530325,2012-02-19,2011-12,1,IMPI,DOL,"City Oval, Pietermaritzburg",f856b613,R Cameron,12,2.0,17,1
530325,2012-02-19,2011-12,2,DOL,IMPI,"City Oval, Pietermaritzburg",a9da7784,KJ Abbott,24,4.0,25,1
530325,2012-02-19,2011-12,2,DOL,IMPI,"City Oval, Pietermaritzburg",016e5101,M Shezi,24,4.0,40,0
530325,2012-02-19,2011-12,2,DOL,IMPI,"City Oval, Pietermaritzburg",8b248d88,R Frylinck,24,4.0,28,4
530325,2012-02-19,2011-12,2,DOL,IMPI,"City Oval, Pietermaritzburg",acee4cc4,Imran Tahir,24,4.0,19,1
530325,2012-02-19,2011-12,2,DOL,IMPI,"City Oval, Pietermaritzburg",719c5146,I Khan,12,2.0,14,1
530325,2012-02-19,2011-12,2,DOL,IMPI,"City Oval, Pietermaritzburg",afa78c3a,CS Delport,12,2.0,20,0
530326,2012-02-19,2011-12,1,KNG,TIT,"SuperSport Park, Centurion",6821ac10,JJ van der Wath,18,3.0,22,1
530326,2012-02-19,2011-12,1,KNG,TIT,"SuperSport Park, Centurion",d7a57f75,D du Preez,24,4.0,45,2
530326,2012-02-19,2011-12,1,KNG,TIT,"SuperSport Park, Centurion",807b63ae,RK Terblanche,12,2.0,26,0
530326,2012-02-19,2011-12,1,KNG,TIT,"SuperSport Park, Centurion",c654af19,R McLaren,24,4.0,38,0
530326,2012-02-19,2011-12,1,KNG,TIT,"SuperSport Park, Centurion",9d50c7e1,MP Siboto,18,3.0,15,1
530326,2012-02-19,2011-12,1,KNG,TIT,"SuperSport Park, Centurion",5f419ace,WL Coetsee,24,4.0,16,1
530326,2012-02-19,2011-12,2,TIT,KNG,"SuperSport Park, Centurion",05c2ca46,RE van der Merwe,18,3.0,24,0
530326,2012-02-19,2011-12,2,TIT,KNG,"SuperSport Park, Centurion",b552a935,AC Thomas,24,4.0,17,3
530326,2012-02-19,2011-12,2,TIT,KNG,"SuperSport Park, Centurion",ad9d8382,CJD de Villiers,18,3.0,35,1
530326,2012-02-19,2011-12,2,TIT,KNG,"SuperSport Park, Centurion",fa9c0196,RR Richards,20,3.2,41,1
530326,2012-02-19,2011-12,2,TIT,KNG,"SuperSport Park, Centurion",fd093ca9,PL Harris,24,4.0,31,0
530326,2012-02-19,2011-12,2,TIT,KNG,"SuperSport Park, Centurion",9c9f8dbc,H Davids,12,2.0,17,0
530327,2012-02-22,2011-12,1,IMPI,WPR,"Boland Park, Paarl",1b05424f,P Matshikwe,18,3.0,34,1
530327,2012-02-22,2011-12,1,IMPI,WPR,"Boland Park, Paarl",26d9937d,CJ Alexander,24,4.0,52,1
530327,2012-02-22,2011-12,1,IMPI,WPR,"Boland Park, Paarl",b0b320a0,BM Edmondson,24,4.0,40,0
530327,2012-02-22,2011-12,1,IMPI,WPR,"Boland Park, Paarl",cca50cd6,LJ Wright,24,4.0,31,0
530327,2012-02-22,2011-12,1,IMPI,WPR,"Boland Park, Paarl",d3cc2954,S Simetu,24,4.0,39,2
530327,2012-02-22,2011-12,1,IMPI,WPR,"Boland Park, Paarl",a386e91b,PD Collingwood,6,1.0,14,0
530327,2012-02-22,2011-12,2,WPR,IMPI,"Boland Park, Paarl",d1c94b25,CK Langeveldt,24,4.0,39,0
530327,2012-02-22,2011-12,2,WPR,IMPI,"Boland Park, Paarl",cfe70281,VD Philander,24,4.0,32,0
530327,2012-02-22,2011-12,2,WPR,IMPI,"Boland Park, Paarl",9c1ccdea,J Louw,18,3.0,22,2
530327,2012-02-22,2011-12,2,WPR,IMPI,"Boland Park, Paarl",f4dfcbb4,S van Zyl,6,1.0,7,0
530327,2012-02-22,2011-12,2,WPR,IMPI,"Boland Park, Paarl",537f5ab2,DL Piedt,18,3.0,26,2
530327,2012-02-22,2011-12,2,WPR,IMPI,"Boland Park, Paarl",88867cac,AJA Gray,18,3.0,23,1
530327,2012-02-22,2011-12,2,WPR,IMPI,"Boland Park, Paarl",9fa54c94,MY Vallie,12,2.0,20,1
530328,2012-02-22,2011-12,1,LIONS,WAR,"St George's Park, Port Elizabeth",3bf936e7,E O'Reilly,18,3.0,23,1
530328,2012-02-22,2011-12,1,LIONS,WAR,"St George's Park, Port Elizabeth",fb66ce1f,CH Morris,24,4.0,19,2
530328,2012-02-22,2011-12,1,LIONS,WAR,"St George's Park, Port Elizabeth",d83df855,S Burger,6,1.0,9,0
530328,2012-02-22,2011-12,1,LIONS,WAR,"St George's Park, Port Elizabeth",7f8ecc51,AM Phangiso,24,4.0,18,1
530328,2012-02-22,2011-12,1,LIONS,WAR,"St George's Park, Port Elizabeth",77841dcc,J Symes,24,4.0,37,2
530328,2012-02-22,2011-12,1,LIONS,WAR,"St George's Park, Port Elizabeth",11614d87,D Pretorius,12,2.0,18,0
530328,2012-02-22,2011-12,1,LIONS,WAR,"St George's Park, Port Elizabeth",e01aafc1,AN Petersen,12,2.0,9,1
530328,2012-02-22,2011-12,2,WAR,LIONS,"St George's Park, Port Elizabeth",20a941bb,M Ntini,23,3.5,32,1
530328,2012-02-22,2011-12,2,WAR,LIONS,"St George's Park, Port Elizabeth",1e182ae2,BD Walters,12,2.0,15,0
530328,2012-02-22,2011-12,2,WAR,LIONS,"St George's Park, Port Elizabeth",9df3a2f4,ACR Birch,24,4.0,22,0
530328,2012-02-22,2011-12,2,WAR,LIONS,"St George's Park, Port Elizabeth",6a0537aa,N Boje,12,2.0,14,0
530328,2012-02-22,2011-12,2,WAR,LIONS,"St George's Park, Port Elizabeth",42172c3c,JT Smuts,6,1.0,18,0
530328,2012-02-22,2011-12,2,WAR,LIONS,"St George's Park, Port Elizabeth",23638956,SR Harmer,24,4.0,19,1
530328,2012-02-22,2011-12,2,WAR,LIONS,"St George's Park, Port Elizabeth",ab446fe9,KR Smuts,12,2.0,15,0
530330,2012-02-24,2011-12,1,TIT,DOL,"Kingsmead, Durban",b552a935,AC Thomas,24,4.0,21,1
530330,2012-02-24,2011-12,1,TIT,DOL,"Kingsmead, Durban",fa9c0196,RR Richards,12,2.0,27,0
530330,2012-02-24,2011-12,1,TIT,DOL,"Kingsmead, Durban",ad9d8382,CJD de Villiers,24,4.0,42,2
530330,2012-02-24,2011-12,1,TIT,DOL,"Kingsmead, Durban",9c9f8dbc,H Davids,18,3.0,22,1
530330,2012-02-24,2011-12,1,TIT,DOL,"Kingsmead, Durban",994d9d36,ER Links,24,4.0,25,0
530330,2012-02-24,2011-12,1,TIT,DOL,"Kingsmead, Durban",05c2ca46,RE van der Merwe,18,3.0,18,0
530330,2012-02-24,2011-12,2,DOL,TIT,"Kingsmead, Durban",016e5101,M Shezi,24,4.0,32,1
530330,2012-02-24,2011-12,2,DOL,TIT,"Kingsmead, Durban",a9da7784,KJ Abbott,24,4.0,25,1
530330,2012-02-24,2011-12,2,DOL,TIT,"Kingsmead, Durban",8b248d88,R Frylinck,24,4.0,28,1
530330,2012-02-24,2011-12,2,DOL,TIT,"Kingsmead, Durban",afa78c3a,CS Delport,24,4.0,42,1
530330,2012-02-24,2011-12,2,DOL,TIT,"Kingsmead, Durban",acee4cc4,Imran Tahir,24,4.0,35,0
530332,2012-02-24,2011-12,1,LIONS,WPR,"New Wanderers Stadium, Johannesburg",3bf936e7,E O'Reilly,24,4.0,26,2
530332,2012-02-24,2011-12,1,LIONS,WPR,"New Wanderers Stadium, Johannesburg",fb66ce1f,CH Morris,24,4.0,43,2
530332,2012-02-24,2011-12,1,LIONS,WPR,"New Wanderers Stadium, Johannesburg",11614d87,D Pretorius,18,3.0,33,0
530332,2012-02-24,2011-12,1,LIONS,WPR,"New Wanderers Stadium, Johannesburg",7f8ecc51,AM Phangiso,24,4.0,25,0
530332,2012-02-24,2011-12,1,LIONS,WPR,"New Wanderers Stadium, Johannesburg",77841dcc,J Symes,18,3.0,23,1
530332,2012-02-24,2011-12,1,LIONS,WPR,"New Wanderers Stadium, Johannesburg",d83df855,S Burger,12,2.0,19,0
530332,2012-02-24,2011-12,2,WPR,LIONS,"New Wanderers Stadium, Johannesburg",cfe70281,VD Philander,24,4.0,46,1
530332,2012-02-24,2011-12,2,WPR,LIONS,"New Wanderers Stadium, Johannesburg",7955eb15,RK Kleinveldt,18,3.0,37,1
530332,2012-02-24,2011-12,2,WPR,LIONS,"New Wanderers Stadium, Johannesburg",537f5ab2,DL Piedt,24,4.0,24,3
530332,2012-02-24,2011-12,2,WPR,LIONS,"New Wanderers Stadium, Johannesburg",9fa54c94,MY Vallie,24,4.0,26,0
530332,2012-02-24,2011-12,2,WPR,LIONS,"New Wanderers Stadium, Johannesburg",7bf96684,OA Shah,6,1.0,9,0
530332,2012-02-24,2011-12,2,WPR,LIONS,"New Wanderers Stadium, Johannesburg",f4dfcbb4,S van Zyl,12,2.0,14,1
530332,2012-02-24,2011-12,2,WPR,LIONS,"New Wanderers Stadium, Johannesburg",9c1ccdea,J Louw,8,1.2,20,1
530334,2012-02-26,2011-12,1,KNG,LIONS,"Chevrolet Park, Bloemfontein",6821ac10,JJ van der Wath,18,3.0,19,1
530334,2012-02-26,2011-12,1,KNG,LIONS,"Chevrolet Park, Bloemfontein",d7a57f75,D du Preez,12,2.0,10,1
530334,2012-02-26,2011-12,1,KNG,LIONS,"Chevrolet Park, Bloemfontein",c654af19,R McLaren,18,3.0,19,0
530334,2012-02-26,2011-12,1,KNG,LIONS,"Chevrolet Park, Bloemfontein",9d50c7e1,MP Siboto,24,4.0,30,0
530334,2012-02-26,2011-12,1,KNG,LIONS,"Chevrolet Park, Bloemfontein",cba5185d,AR Swanepoel,24,4.0,30,0
530334,2012-02-26,2011-12,1,KNG,LIONS,"Chevrolet Park, Bloemfontein",5f419ace,WL Coetsee,24,4.0,21,1
530334,2012-02-26,2011-12,2,LIONS,KNG,"Chevrolet Park, Bloemfontein",3bf936e7,E O'Reilly,21,3.3,27,0
530334,2012-02-26,2011-12,2,LIONS,KNG,"Chevrolet Park, Bloemfontein",fb66ce1f,CH Morris,18,3.0,21,0
530334,2012-02-26,2011-12,2,LIONS,KNG,"Chevrolet Park, Bloemfontein",d83df855,S Burger,6,1.0,23,0
530334,2012-02-26,2011-12,2,LIONS,KNG,"Chevrolet Park, Bloemfontein",7f8ecc51,AM Phangiso,24,4.0,33,0
530334,2012-02-26,2011-12,2,LIONS,KNG,"Chevrolet Park, Bloemfontein",e01aafc1,AN Petersen,12,2.0,12,1
530334,2012-02-26,2011-12,2,LIONS,KNG,"Chevrolet Park, Bloemfontein",77841dcc,J Symes,12,2.0,15,1
530335,2012-02-26,2011-12,1,TIT,IMPI,"Willowmoore Park, Benoni",b552a935,AC Thomas,22,3.4,18,1
530335,2012-02-26,2011-12,1,TIT,IMPI,"Willowmoore Park, Benoni",05c2ca46,RE van der Merwe,24,4.0,28,3
530335,2012-02-26,2011-12,1,TIT,IMPI,"Willowmoore Park, Benoni",ad9d8382,CJD de Villiers,12,2.0,20,1
530335,2012-02-26,2011-12,1,TIT,IMPI,"Willowmoore Park, Benoni",fa9c0196,RR Richards,12,2.0,17,0
530335,2012-02-26,2011-12,1,TIT,IMPI,"Willowmoore Park, Benoni",994d9d36,ER Links,24,4.0,21,2
530335,2012-02-26,2011-12,1,TIT,IMPI,"Willowmoore Park, Benoni",9c9f8dbc,H Davids,6,1.0,14,0
530335,2012-02-26,2011-12,1,TIT,IMPI,"Willowmoore Park, Benoni",aa8d28ae,D Wiese,18,3.0,13,1
530335,2012-02-26,2011-12,2,IMPI,TIT,"Willowmoore Park, Benoni",d3cc2954,S Simetu,24,4.0,23,0
530335,2012-02-26,2011-12,2,IMPI,TIT,"Willowmoore Park, Benoni",b0b320a0,BM Edmondson,12,2.0,24,0
530335,2012-02-26,2011-12,2,IMPI,TIT,"Willowmoore Park, Benoni",cca50cd6,LJ Wright,12,2.0,26,0
530335,2012-02-26,2011-12,2,IMPI,TIT,"Willowmoore Park, Benoni",1b05424f,P Matshikwe,12,2.0,17,0
530335,2012-02-26,2011-12,2,IMPI,TIT,"Willowmoore Park, Benoni",a386e91b,PD Collingwood,12,2.0,14,0
530335,2012-02-26,2011-12,2,IMPI,TIT,"Willowmoore Park, Benoni",4aad78d3,K Zondo,16,2.4,26,1
530335,2012-02-26,2011-12,2,IMPI,TIT,"Willowmoore Park, Benoni",4ec07775,RN ten Doeschate,6,1.0,6,0
530336,2012-02-29,2011-12,1,IMPI,WAR,"Willowmoore Park, Benoni",d3cc2954,S Simetu,18,3.0,22,0
530336,2012-02-29,2011-12,1,IMPI,WAR,"Willowmoore Park, Benoni",ffa15667,Q Friend,24,4.0,23,0
530336,2012-02-29,2011-12,1,IMPI,WAR,"Willowmoore Park, Benoni",1b05424f,P Matshikwe,18,3.0,34,0
530336,2012-02-29,2011-12,1,IMPI,WAR,"Willowmoore Park, Benoni",b0b320a0,BM Edmondson,24,4.0,39,1
530336,2012-02-29,2011-12,1,IMPI,WAR,"Willowmoore Park, Benoni",a386e91b,PD Collingwood,18,3.0,25,0
530336,2012-02-29,2011-12,1,IMPI,WAR,"Willowmoore Park, Benoni",cca50cd6,LJ Wright,12,2.0,21,1
530336,2012-02-29,2011-12,1,IMPI,WAR,"Willowmoore Park, Benoni",4aad78d3,K Zondo,6,1.0,15,0
530336,2012-02-29,2011-12,2,WAR,IMPI,"Willowmoore Park, Benoni",23638956,SR Harmer,12,2.0,22,0
530336,2012-02-29,2011-12,2,WAR,IMPI,"Willowmoore Park, Benoni",20a941bb,M Ntini,24,4.0,38,2
530336,2012-02-29,2011-12,2,WAR,IMPI,"Willowmoore Park, Benoni",dec8e038,J Theron,24,4.0,24,0
530336,2012-02-29,2011-12,2,WAR,IMPI,"Willowmoore Park, Benoni",9df3a2f4,ACR Birch,24,4.0,21,2
530336,2012-02-29,2011-12,2,WAR,IMPI,"Willowmoore Park, Benoni",6a0537aa,N Boje,24,4.0,25,1
530336,2012-02-29,2011-12,2,WAR,IMPI,"Willowmoore Park, Benoni",c995d726,CA Ingram,12,2.0,16,1
530339,2012-03-02,2011-12,1,WAR,DOL,"Kingsmead, Durban",23638956,SR Harmer,24,4.0,25,1
530339,2012-03-02,2011-12,1,WAR,DOL,"Kingsmead, Durban",20a941bb,M Ntini,24,4.0,12,3
530339,2012-03-02,2011-12,1,WAR,DOL,"Kingsmead, Durban",dec8e038,J Theron,24,4.0,14,1
530339,2012-03-02,2011-12,1,WAR,DOL,"Kingsmead, Durban",9df3a2f4,ACR Birch,24,4.0,20,2
530339,2012-03-02,2011-12,1,WAR,DOL,"Kingsmead, Durban",6a0537aa,N Boje,18,3.0,12,1
530339,2012-03-02,2011-12,1,WAR,DOL,"Kingsmead, Durban",ab446fe9,KR Smuts,6,1.0,13,0
530339,2012-03-02,2011-12,2,DOL,WAR,"Kingsmead, Durban",a7c226e1,FH Edwards,18,3.0,15,0
530339,2012-03-02,2011-12,2,DOL,WAR,"Kingsmead, Durban",016e5101,M Shezi,24,4.0,21,0
530339,2012-03-02,2011-12,2,DOL,WAR,"Kingsmead, Durban",8b248d88,R Frylinck,24,4.0,36,0
530339,2012-03-02,2011-12,2,DOL,WAR,"Kingsmead, Durban",a9da7784,KJ Abbott,15,2.3,19,0
530339,2012-03-02,2011-12,2,DOL,WAR,"Kingsmead, Durban",719c5146,I Khan,6,1.0,9,0
530340,2012-03-02,2011-12,1,LIONS,TIT,"SuperSport Park, Centurion",3bf936e7,E O'Reilly,24,4.0,28,2
530340,2012-03-02,2011-12,1,LIONS,TIT,"SuperSport Park, Centurion",c404f58a,DP Nannes,19,3.1,12,3
530340,2012-03-02,2011-12,1,LIONS,TIT,"SuperSport Park, Centurion",fb66ce1f,CH Morris,24,4.0,18,3
530340,2012-03-02,2011-12,1,LIONS,TIT,"SuperSport Park, Centurion",7f8ecc51,AM Phangiso,24,4.0,23,0
530340,2012-03-02,2011-12,1,LIONS,TIT,"SuperSport Park, Centurion",11614d87,D Pretorius,18,3.0,21,2
530340,2012-03-02,2011-12,1,LIONS,TIT,"SuperSport Park, Centurion",77841dcc,J Symes,6,1.0,14,0
530340,2012-03-02,2011-12,2,TIT,LIONS,"SuperSport Park, Centurion",b552a935,AC Thomas,15,2.3,20,0
530340,2012-03-02,2011-12,2,TIT,LIONS,"SuperSport Park, Centurion",800b52dc,NE Mbhalati,18,3.0,27,1
530340,2012-03-02,2011-12,2,TIT,LIONS,"SuperSport Park, Centurion",ad9d8382,CJD de Villiers,18,3.0,23,0
530340,2012-03-02,2011-12,2,TIT,LIONS,"SuperSport Park, Centurion",994d9d36,ER Links,6,1.0,10,0
530340,2012-03-02,2011-12,2,TIT,LIONS,"SuperSport Park, Centurion",aa8d28ae,D Wiese,6,1.0,13,1
530340,2012-03-02,2011-12,2,TIT,LIONS,"SuperSport Park, Centurion",05c2ca46,RE van der Merwe,6,1.0,8,1
530340,2012-03-02,2011-12,2,TIT,LIONS,"SuperSport Park, Centurion",9c9f8dbc,H Davids,6,1.0,18,0
530341,2012-03-04,2011-12,1,TIT,WPR,"Newlands, Cape Town",b552a935,AC Thomas,24,4.0,32,2
530341,2012-03-04,2011-12,1,TIT,WPR,"Newlands, Cape Town",994d9d36,ER Links,24,4.0,22,1
530341,2012-03-04,2011-12,1,TIT,WPR,"Newlands, Cape Town",ad9d8382,CJD de Villiers,6,1.0,16,0
530341,2012-03-04,2011-12,1,TIT,WPR,"Newlands, Cape Town",05c2ca46,RE van der Merwe,24,4.0,19,1
530341,2012-03-04,2011-12,1,TIT,WPR,"Newlands, Cape Town",9c9f8dbc,H Davids,18,3.0,18,0
530341,2012-03-04,2011-12,1,TIT,WPR,"Newlands, Cape Town",aa8d28ae,D Wiese,18,3.0,24,1
530341,2012-03-04,2011-12,1,TIT,WPR,"Newlands, Cape Town",800b52dc,NE Mbhalati,6,1.0,6,0
530341,2012-03-04,2011-12,2,WPR,TIT,"Newlands, Cape Town",537f5ab2,DL Piedt,24,4.0,20,0
530341,2012-03-04,2011-12,2,WPR,TIT,"Newlands, Cape Town",7955eb15,RK Kleinveldt,18,3.0,25,0
530341,2012-03-04,2011-12,2,WPR,TIT,"Newlands, Cape Town",d1c94b25,CK Langeveldt,19,3.1,42,1
530341,2012-03-04,2011-12,2,WPR,TIT,"Newlands, Cape Town",f708a0bc,GB Hogg,24,4.0,22,2
530341,2012-03-04,2011-12,2,WPR,TIT,"Newlands, Cape Town",88867cac,AJA Gray,24,4.0,18,1
530341,2012-03-04,2011-12,2,WPR,TIT,"Newlands, Cape Town",9fa54c94,MY Vallie,6,1.0,16,0
530345,2012-03-07,2011-12,1,LIONS,KNG,"Senwes Park, Potchefstroom",3bf936e7,E O'Reilly,12,2.0,11,0
530345,2012-03-07,2011-12,1,LIONS,KNG,"Senwes Park, Potchefstroom",c404f58a,DP Nannes,24,4.0,43,1
530345,2012-03-07,2011-12,1,LIONS,KNG,"Senwes Park, Potchefstroom",64d43928,Sohail Tanvir,18,3.0,20,0
530345,2012-03-07,2011-12,1,LIONS,KNG,"Senwes Park, Potchefstroom",7f8ecc51,AM Phangiso,24,4.0,30,2
530345,2012-03-07,2011-12,1,LIONS,KNG,"Senwes Park, Potchefstroom",fb66ce1f,CH Morris,24,4.0,22,4
530345,2012-03-07,2011-12,1,LIONS,KNG,"Senwes Park, Potchefstroom",77841dcc,J Symes,6,1.0,6,1
530345,2012-03-07,2011-12,2,KNG,LIONS,"Senwes Park, Potchefstroom",3ad06915,J Coetzee,14,2.2,20,1
530345,2012-03-07,2011-12,2,KNG,LIONS,"Senwes Park, Potchefstroom",6821ac10,JJ van der Wath,12,2.0,6,0
530345,2012-03-07,2011-12,2,KNG,LIONS,"Senwes Park, Potchefstroom",c654af19,R McLaren,18,3.0,21,0
530345,2012-03-07,2011-12,2,KNG,LIONS,"Senwes Park, Potchefstroom",9d50c7e1,MP Siboto,12,2.0,11,1
530345,2012-03-07,2011-12,2,KNG,LIONS,"Senwes Park, Potchefstroom",5f419ace,WL Coetsee,12,2.0,30,0
530346,2012-03-09,2011-12,1,LIONS,WPR,"Newlands, Cape Town",64d43928,Sohail Tanvir,24,4.0,34,0
530346,2012-03-09,2011-12,1,LIONS,WPR,"Newlands, Cape Town",c404f58a,DP Nannes,24,4.0,48,1
530346,2012-03-09,2011-12,1,LIONS,WPR,"Newlands, Cape Town",fb66ce1f,CH Morris,24,4.0,39,1
530346,2012-03-09,2011-12,1,LIONS,WPR,"Newlands, Cape Town",7f8ecc51,AM Phangiso,24,4.0,22,0
530346,2012-03-09,2011-12,1,LIONS,WPR,"Newlands, Cape Town",11614d87,D Pretorius,6,1.0,11,0
530346,2012-03-09,2011-12,1,LIONS,WPR,"Newlands, Cape Town",77841dcc,J Symes,18,3.0,24,1
530346,2012-03-09,2011-12,2,WPR,LIONS,"Newlands, Cape Town",7955eb15,RK Kleinveldt,18,3.0,25,0
530346,2012-03-09,2011-12,2,WPR,LIONS,"Newlands, Cape Town",d1c94b25,CK Langeveldt,18,3.0,33,1
530346,2012-03-09,2011-12,2,WPR,LIONS,"Newlands, Cape Town",537f5ab2,DL Piedt,18,3.0,28,0
530346,2012-03-09,2011-12,2,WPR,LIONS,"Newlands, Cape Town",f708a0bc,GB Hogg,24,4.0,25,1
530346,2012-03-09,2011-12,2,WPR,LIONS,"Newlands, Cape Town",6581d753,JM Kemp,18,3.0,43,0
530346,2012-03-09,2011-12,2,WPR,LIONS,"Newlands, Cape Town",88867cac,AJA Gray,24,4.0,20,3
530349,2012-03-11,2011-12,1,WPR,KNG,"Boland Park, Paarl",537f5ab2,DL Piedt,24,4.0,25,0
530349,2012-03-11,2011-12,1,WPR,KNG,"Boland Park, Paarl",7955eb15,RK Kleinveldt,12,2.0,21,0
530349,2012-03-11,2011-12,1,WPR,KNG,"Boland Park, Paarl",d1c94b25,CK Langeveldt,24,4.0,36,1
530349,2012-03-11,2011-12,1,WPR,KNG,"Boland Park, Paarl",f708a0bc,GB Hogg,24,4.0,28,2
530349,2012-03-11,2011-12,1,WPR,KNG,"Boland Park, Paarl",88867cac,AJA Gray,24,4.0,27,2
530349,2012-03-11,2011-12,1,WPR,KNG,"Boland Park, Paarl",6581d753,JM Kemp,12,2.0,16,1
530349,2012-03-11,2011-12,2,KNG,WPR,"Boland Park, Paarl",3ad06915,J Coetzee,22,3.4,25,0
530349,2012-03-11,2011-12,2,KNG,WPR,"Boland Park, Paarl",9d50c7e1,MP Siboto,18,3.0,16,0
530349,2012-03-11,2011-12,2,KNG,WPR,"Boland Park, Paarl",d7a57f75,D du Preez,24,4.0,33,1
530349,2012-03-11,2011-12,2,KNG,WPR,"Boland Park, Paarl",c654af19,R McLaren,18,3.0,21,1
530349,2012-03-11,2011-12,2,KNG,WPR,"Boland Park, Paarl",cba5185d,AR Swanepoel,18,3.0,41,0
530349,2012-03-11,2011-12,2,KNG,WPR,"Boland Park, Paarl",5f419ace,WL Coetsee,12,2.0,21,2
530351,2012-03-11,2011-12,1,TIT,LIONS,"New Wanderers Stadium, Johannesburg",800b52dc,NE Mbhalati,6,1.0,10,0
530351,2012-03-11,2011-12,1,TIT,LIONS,"New Wanderers Stadium, Johannesburg",b552a935,AC Thomas,24,4.0,24,0
530351,2012-03-11,2011-12,1,TIT,LIONS,"New Wanderers Stadium, Johannesburg",994d9d36,ER Links,12,2.0,22,0
530351,2012-03-11,2011-12,1,TIT,LIONS,"New Wanderers Stadium, Johannesburg",c3d35165,JA Morkel,18,3.0,22,1
530351,2012-03-11,2011-12,1,TIT,LIONS,"New Wanderers Stadium, Johannesburg",05c2ca46,RE van der Merwe,24,4.0,40,0
530351,2012-03-11,2011-12,1,TIT,LIONS,"New Wanderers Stadium, Johannesburg",aa8d28ae,D Wiese,12,2.0,13,0
530351,2012-03-11,2011-12,1,TIT,LIONS,"New Wanderers Stadium, Johannesburg",3355b542,F du Plessis,24,4.0,28,5
530351,2012-03-11,2011-12,2,LIONS,TIT,"New Wanderers Stadium, Johannesburg",64d43928,Sohail Tanvir,24,4.0,26,1
530351,2012-03-11,2011-12,2,LIONS,TIT,"New Wanderers Stadium, Johannesburg",c404f58a,DP Nannes,24,4.0,29,1
530351,2012-03-11,2011-12,2,LIONS,TIT,"New Wanderers Stadium, Johannesburg",fb66ce1f,CH Morris,24,4.0,24,4
530351,2012-03-11,2011-12,2,LIONS,TIT,"New Wanderers Stadium, Johannesburg",7f8ecc51,AM Phangiso,24,4.0,26,1
530351,2012-03-11,2011-12,2,LIONS,TIT,"New Wanderers Stadium, Johannesburg",11614d87,D Pretorius,24,4.0,40,2
530352,2012-03-14,2011-12,1,DOL,KNG,"Kingsmead, Durban",a9da7784,KJ Abbott,24,4.0,22,1
530352,2012-03-14,2011-12,1,DOL,KNG,"Kingsmead, Durban",a7c226e1,FH Edwards,12,2.0,23,0
530352,2012-03-14,2011-12,1,DOL,KNG,"Kingsmead, Durban",8b248d88,R Frylinck,18,3.0,30,0
530352,2012-03-14,2011-12,1,DOL,KNG,"Kingsmead, Durban",afa78c3a,CS Delport,24,4.0,19,1
530352,2012-03-14,2011-12,1,DOL,KNG,"Kingsmead, Durban",719c5146,I Khan,18,3.0,21,4
530352,2012-03-14,2011-12,1,DOL,KNG,"Kingsmead, Durban",7ec9711d,P Subrayen,24,4.0,13,2
530352,2012-03-14,2011-12,2,KNG,DOL,"Kingsmead, Durban",9d50c7e1,MP Siboto,18,3.0,11,0
530352,2012-03-14,2011-12,2,KNG,DOL,"Kingsmead, Durban",6821ac10,JJ van der Wath,18,3.0,11,0
530352,2012-03-14,2011-12,2,KNG,DOL,"Kingsmead, Durban",c654af19,R McLaren,18,3.0,22,1
530352,2012-03-14,2011-12,2,KNG,DOL,"Kingsmead, Durban",5f419ace,WL Coetsee,12,2.0,10,1
530352,2012-03-14,2011-12,2,KNG,DOL,"Kingsmead, Durban",cba5185d,AR Swanepoel,6,1.0,6,0
530352,2012-03-14,2011-12,2,KNG,DOL,"Kingsmead, Durban",3ad06915,J Coetzee,11,1.5,13,2
530353,2012-03-14,2011-12,1,WAR,LIONS,"New Wanderers Stadium, Johannesburg",dec8e038,J Theron,24,4.0,32,1
530353,2012-03-14,2011-12,1,WAR,LIONS,"New Wanderers Stadium, Johannesburg",20a941bb,M Ntini,18,3.0,32,1
530353,2012-03-14,2011-12,1,WAR,LIONS,"New Wanderers Stadium, Johannesburg",7c503806,J Botha,24,4.0,42,0
530353,2012-03-14,2011-12,1,WAR,LIONS,"New Wanderers Stadium, Johannesburg",3a60e0b5,WD Parnell,24,4.0,44,2
530353,2012-03-14,2011-12,1,WAR,LIONS,"New Wanderers Stadium, Johannesburg",6a0537aa,N Boje,18,3.0,31,1
530353,2012-03-14,2011-12,1,WAR,LIONS,"New Wanderers Stadium, Johannesburg",42172c3c,JT Smuts,12,2.0,13,0
530353,2012-03-14,2011-12,2,LIONS,WAR,"New Wanderers Stadium, Johannesburg",c404f58a,DP Nannes,18,3.0,9,2
530353,2012-03-14,2011-12,2,LIONS,WAR,"New Wanderers Stadium, Johannesburg",64d43928,Sohail Tanvir,12,2.0,12,0
530353,2012-03-14,2011-12,2,LIONS,WAR,"New Wanderers Stadium, Johannesburg",fb66ce1f,CH Morris,12,2.0,7,2
530353,2012-03-14,2011-12,2,LIONS,WAR,"New Wanderers Stadium, Johannesburg",7f8ecc51,AM Phangiso,18,3.0,30,2
530353,2012-03-14,2011-12,2,LIONS,WAR,"New Wanderers Stadium, Johannesburg",11614d87,D Pretorius,18,3.0,17,1
530353,2012-03-14,2011-12,2,LIONS,WAR,"New Wanderers Stadium, Johannesburg",77841dcc,J Symes,8,1.2,5,3
530354,2012-03-14,2011-12,1,TIT,IMPI,"SuperSport Park, Centurion",05c2ca46,RE van der Merwe,24,4.0,11,2
530354,2012-03-14,2011-12,1,TIT,IMPI,"SuperSport Park, Centurion",b552a935,AC Thomas,24,4.0,32,2
530354,2012-03-14,2011-12,1,TIT,IMPI,"SuperSport Park, Centurion",800b52dc,NE Mbhalati,24,4.0,23,0
530354,2012-03-14,2011-12,1,TIT,IMPI,"SuperSport Park, Centurion",c3d35165,JA Morkel,24,4.0,22,2
530354,2012-03-14,2011-12,1,TIT,IMPI,"SuperSport Park, Centurion",3355b542,F du Plessis,18,3.0,32,0
530354,2012-03-14,2011-12,1,TIT,IMPI,"SuperSport Park, Centurion",aa8d28ae,D Wiese,6,1.0,5,0
530354,2012-03-14,2011-12,2,IMPI,TIT,"SuperSport Park, Centurion",ffa15667,Q Friend,12,2.0,15,0
530354,2012-03-14,2011-12,2,IMPI,TIT,"SuperSport Park, Centurion",d3cc2954,S Simetu,24,4.0,36,1
530354,2012-03-14,2011-12,2,IMPI,TIT,"SuperSport Park, Centurion",26d9937d,CJ Alexander,6,1.0,10,0
530354,2012-03-14,2011-12,2,IMPI,TIT,"SuperSport Park, Centurion",b0b320a0,BM Edmondson,18,3.0,11,1
530354,2012-03-14,2011-12,2,IMPI,TIT,"SuperSport Park, Centurion",cca50cd6,LJ Wright,12,2.0,20,0
530354,2012-03-14,2011-12,2,IMPI,TIT,"SuperSport Park, Centurion",a386e91b,PD Collingwood,18,3.0,35,2
530355,2012-03-16,2011-12,1,WPR,WAR,"Newlands, Cape Town",b56dc5f7,BE Hendricks,24,4.0,29,0
530355,2012-03-16,2011-12,1,WPR,WAR,"Newlands, Cape Town",f277f531,FD Adams,12,2.0,16,0
530355,2012-03-16,2011-12,1,WPR,WAR,"Newlands, Cape Town",f708a0bc,GB Hogg,24,4.0,33,4
530355,2012-03-16,2011-12,1,WPR,WAR,"Newlands, Cape Town",537f5ab2,DL Piedt,24,4.0,30,0
530355,2012-03-16,2011-12,1,WPR,WAR,"Newlands, Cape Town",88867cac,AJA Gray,24,4.0,32,1
530355,2012-03-16,2011-12,1,WPR,WAR,"Newlands, Cape Town",6581d753,JM Kemp,12,2.0,9,1
530355,2012-03-16,2011-12,2,WAR,WPR,"Newlands, Cape Town",dec8e038,J Theron,18,3.0,14,2
530355,2012-03-16,2011-12,2,WAR,WPR,"Newlands, Cape Town",20a941bb,M Ntini,18,3.0,27,1
530355,2012-03-16,2011-12,2,WAR,WPR,"Newlands, Cape Town",3a60e0b5,WD Parnell,18,3.0,17,2
530355,2012-03-16,2011-12,2,WAR,WPR,"Newlands, Cape Town",7c503806,J Botha,24,4.0,9,2
530355,2012-03-16,2011-12,2,WAR,WPR,"Newlands, Cape Town",9df3a2f4,ACR Birch,24,4.0,27,2
530355,2012-03-16,2011-12,2,WAR,WPR,"Newlands, Cape Town",42172c3c,JT Smuts,11,1.5,8,1
530356,2012-03-16,2011-12,1,KNG,IMPI,"De Beers Diamond Oval, Kimberley",9d50c7e1,MP Siboto,12,2.0,22,0
530356,2012-03-16,2011-12,1,KNG,IMPI,"De Beers Diamond Oval, Kimberley",6821ac10,JJ van der Wath,24,4.0,22,2
530356,2012-03-16,2011-12,1,KNG,IMPI,"De Beers Diamond Oval, Kimberley",c654af19,R McLaren,18,3.0,36,0
530356,2012-03-16,2011-12,1,KNG,IMPI,"De Beers Diamond Oval, Kimberley",cba5185d,AR Swanepoel,18,3.0,26,1
530356,2012-03-16,2011-12,1,KNG,IMPI,"De Beers Diamond Oval, Kimberley",5f419ace,WL Coetsee,12,2.0,21,1
530356,2012-03-16,2011-12,1,KNG,IMPI,"De Beers Diamond Oval, Kimberley",3ad06915,J Coetzee,24,4.0,34,4
530356,2012-03-16,2011-12,1,KNG,IMPI,"De Beers Diamond Oval, Kimberley",33085ffb,D Elgar,12,2.0,14,1
530356,2012-03-16,2011-12,2,IMPI,KNG,"De Beers Diamond Oval, Kimberley",d3cc2954,S Simetu,18,3.0,21,1
530356,2012-03-16,2011-12,2,IMPI,KNG,"De Beers Diamond Oval, Kimberley",b0b320a0,BM Edmondson,24,4.0,47,0
530356,2012-03-16,2011-12,2,IMPI,KNG,"De Beers Diamond Oval, Kimberley",1b05424f,P Matshikwe,18,3.0,33,2
530356,2012-03-16,2011-12,2,IMPI,KNG,"De Beers Diamond Oval, Kimberley",cca50cd6,LJ Wright,24,4.0,32,1
530356,2012-03-16,2011-12,2,IMPI,KNG,"De Beers Diamond Oval, Kimberley",a386e91b,PD Collingwood,18,3.0,23,1
530357,2012-03-16,2011-12,1,DOL,LIONS,"New Wanderers Stadium, Johannesburg",7ec9711d,P Subrayen,12,2.0,7,0
530357,2012-03-16,2011-12,1,DOL,LIONS,"New Wanderers Stadium, Johannesburg",a7c226e1,FH Edwards,12,2.0,9,1
530357,2012-03-16,2011-12,1,DOL,LIONS,"New Wanderers Stadium, Johannesburg",a9da7784,KJ Abbott,6,1.0,3,0
530357,2012-03-16,2011-12,1,DOL,LIONS,"New Wanderers Stadium, Johannesburg",8b248d88,R Frylinck,6,1.0,3,1
530358,2012-03-18,2011-12,1,KNG,WAR,"De Beers Diamond Oval, Kimberley",9d50c7e1,MP Siboto,24,4.0,26,0
530358,2012-03-18,2011-12,1,KNG,WAR,"De Beers Diamond Oval, Kimberley",6821ac10,JJ van der Wath,18,3.0,25,1
530358,2012-03-18,2011-12,1,KNG,WAR,"De Beers Diamond Oval, Kimberley",c654af19,R McLaren,18,3.0,23,1
530358,2012-03-18,2011-12,1,KNG,WAR,"De Beers Diamond Oval, Kimberley",33085ffb,D Elgar,12,2.0,14,0
530358,2012-03-18,2011-12,1,KNG,WAR,"De Beers Diamond Oval, Kimberley",5f419ace,WL Coetsee,18,3.0,21,0
530358,2012-03-18,2011-12,1,KNG,WAR,"De Beers Diamond Oval, Kimberley",3ad06915,J Coetzee,24,4.0,25,3
530358,2012-03-18,2011-12,1,KNG,WAR,"De Beers Diamond Oval, Kimberley",cba5185d,AR Swanepoel,6,1.0,7,0
530358,2012-03-18,2011-12,2,WAR,KNG,"De Beers Diamond Oval, Kimberley",dec8e038,J Theron,19,3.1,20,1
530358,2012-03-18,2011-12,2,WAR,KNG,"De Beers Diamond Oval, Kimberley",20a941bb,M Ntini,18,3.0,20,0
530358,2012-03-18,2011-12,2,WAR,KNG,"De Beers Diamond Oval, Kimberley",9df3a2f4,ACR Birch,24,4.0,33,1
530358,2012-03-18,2011-12,2,WAR,KNG,"De Beers Diamond Oval, Kimberley",7c503806,J Botha,24,4.0,23,0
530358,2012-03-18,2011-12,2,WAR,KNG,"De Beers Diamond Oval, Kimberley",3a60e0b5,WD Parnell,12,2.0,13,0
530358,2012-03-18,2011-12,2,WAR,KNG,"De Beers Diamond Oval, Kimberley",42172c3c,JT Smuts,12,2.0,20,1
530358,2012-03-18,2011-12,2,WAR,KNG,"De Beers Diamond Oval, Kimberley",c995d726,CA Ingram,6,1.0,10,0
530359,2012-03-18,2011-12,1,TIT,WPR,"SuperSport Park, Centurion",800b52dc,NE Mbhalati,12,2.0,25,0
530359,2012-03-18,2011-12,1,TIT,WPR,"SuperSport Park, Centurion",b552a935,AC Thomas,24,4.0,22,2
530359,2012-03-18,2011-12,1,TIT,WPR,"SuperSport Park, Centurion",c3d35165,JA Morkel,24,4.0,37,2
530359,2012-03-18,2011-12,1,TIT,WPR,"SuperSport Park, Centurion",994d9d36,ER Links,24,4.0,27,0
530359,2012-03-18,2011-12,1,TIT,WPR,"SuperSport Park, Centurion",05c2ca46,RE van der Merwe,18,3.0,26,2
530359,2012-03-18,2011-12,1,TIT,WPR,"SuperSport Park, Centurion",aa8d28ae,D Wiese,6,1.0,6,0
530359,2012-03-18,2011-12,1,TIT,WPR,"SuperSport Park, Centurion",3355b542,F du Plessis,12,2.0,13,0
530359,2012-03-18,2011-12,2,WPR,TIT,"SuperSport Park, Centurion",b56dc5f7,BE Hendricks,21,3.3,34,0
530359,2012-03-18,2011-12,2,WPR,TIT,"SuperSport Park, Centurion",537f5ab2,DL Piedt,18,3.0,28,1
530359,2012-03-18,2011-12,2,WPR,TIT,"SuperSport Park, Centurion",88867cac,AJA Gray,24,4.0,33,2
530359,2012-03-18,2011-12,2,WPR,TIT,"SuperSport Park, Centurion",f708a0bc,GB Hogg,24,4.0,16,0
530359,2012-03-18,2011-12,2,WPR,TIT,"SuperSport Park, Centurion",6581d753,JM Kemp,18,3.0,34,1
530359,2012-03-18,2011-12,2,WPR,TIT,"SuperSport Park, Centurion",9fa54c94,MY Vallie,6,1.0,6,0
530361,2012-03-21,2011-12,1,LIONS,IMPI,"Willowmoore Park, Benoni",c404f58a,DP Nannes,18,3.0,25,1
530361,2012-03-21,2011-12,1,LIONS,IMPI,"Willowmoore Park, Benoni",64d43928,Sohail Tanvir,6,1.0,7,0
530361,2012-03-21,2011-12,1,LIONS,IMPI,"Willowmoore Park, Benoni",fb66ce1f,CH Morris,12,2.0,19,1
530361,2012-03-21,2011-12,1,LIONS,IMPI,"Willowmoore Park, Benoni",11614d87,D Pretorius,6,1.0,6,0
530361,2012-03-21,2011-12,1,LIONS,IMPI,"Willowmoore Park, Benoni",7f8ecc51,AM Phangiso,12,2.0,18,1
530361,2012-03-21,2011-12,1,LIONS,IMPI,"Willowmoore Park, Benoni",77841dcc,J Symes,12,2.0,5,1
530362,2012-03-21,2011-12,1,TIT,WAR,"SuperSport Park, Centurion",994d9d36,ER Links,12,2.0,16,0
530362,2012-03-21,2011-12,1,TIT,WAR,"SuperSport Park, Centurion",b552a935,AC Thomas,12,2.0,11,2
530362,2012-03-21,2011-12,1,TIT,WAR,"SuperSport Park, Centurion",800b52dc,NE Mbhalati,24,4.0,20,1
530362,2012-03-21,2011-12,1,TIT,WAR,"SuperSport Park, Centurion",c3d35165,JA Morkel,12,2.0,4,2
530362,2012-03-21,2011-12,1,TIT,WAR,"SuperSport Park, Centurion",05c2ca46,RE van der Merwe,12,2.0,10,1
530362,2012-03-21,2011-12,1,TIT,WAR,"SuperSport Park, Centurion",3355b542,F du Plessis,7,1.1,1,0
530362,2012-03-21,2011-12,2,WAR,TIT,"SuperSport Park, Centurion",dec8e038,J Theron,12,2.0,11,1
530362,2012-03-21,2011-12,2,WAR,TIT,"SuperSport Park, Centurion",20a941bb,M Ntini,6,1.0,12,0
530362,2012-03-21,2011-12,2,WAR,TIT,"SuperSport Park, Centurion",3a60e0b5,WD Parnell,11,1.5,14,0
530362,2012-03-21,2011-12,2,WAR,TIT,"SuperSport Park, Centurion",7c503806,J Botha,6,1.0,4,1
530362,2012-03-21,2011-12,2,WAR,TIT,"SuperSport Park, Centurion",9df3a2f4,ACR Birch,6,1.0,7,0
530362,2012-03-21,2011-12,2,WAR,TIT,"SuperSport Park, Centurion",23638956,SR Harmer,6,1.0,12,0
530364,2012-04-01,2011-12,1,LIONS,TIT,"New Wanderers Stadium, Johannesburg",3bf936e7,E O'Reilly,18,3.0,45,0
530364,2012-04-01,2011-12,1,LIONS,TIT,"New Wanderers Stadium, Johannesburg",64d43928,Sohail Tanvir,24,4.0,40,2
530364,2012-04-01,2011-12,1,LIONS,TIT,"New Wanderers Stadium, Johannesburg",fb66ce1f,CH Morris,24,4.0,39,1
530364,2012-04-01,2011-12,1,LIONS,TIT,"New Wanderers Stadium, Johannesburg",7f8ecc51,AM Phangiso,24,4.0,14,2
530364,2012-04-01,2011-12,1,LIONS,TIT,"New Wanderers Stadium, Johannesburg",77841dcc,J Symes,6,1.0,9,0
530364,2012-04-01,2011-12,1,LIONS,TIT,"New Wanderers Stadium, Johannesburg",11614d87,D Pretorius,24,4.0,38,1
530364,2012-04-01,2011-12,2,TIT,LIONS,"New Wanderers Stadium, Johannesburg",800b52dc,NE Mbhalati,24,4.0,44,1
530364,2012-04-01,2011-12,2,TIT,LIONS,"New Wanderers Stadium, Johannesburg",b552a935,AC Thomas,18,3.0,25,0
530364,2012-04-01,2011-12,2,TIT,LIONS,"New Wanderers Stadium, Johannesburg",c3d35165,JA Morkel,23,3.5,28,3
530364,2012-04-01,2011-12,2,TIT,LIONS,"New Wanderers Stadium, Johannesburg",05c2ca46,RE van der Merwe,24,4.0,17,1
530364,2012-04-01,2011-12,2,TIT,LIONS,"New Wanderers Stadium, Johannesburg",3355b542,F du Plessis,24,4.0,24,4
575157,2013-02-17,2012-13,1,WAR,KNG,"De Beers Diamond Oval, Kimberley",3a60e0b5,WD Parnell,24,4.0,31,1
575157,2013-02-17,2012-13,1,WAR,KNG,"De Beers Diamond Oval, Kimberley",9df3a2f4,ACR Birch,24,4.0,28,1
575157,2013-02-17,2012-13,1,WAR,KNG,"De Beers Diamond Oval, Kimberley",dec8e038,J Theron,24,4.0,23,2
575157,2013-02-17,2012-13,1,WAR,KNG,"De Beers Diamond Oval, Kimberley",a83c44b8,A Gqamane,24,4.0,23,1
575157,2013-02-17,2012-13,1,WAR,KNG,"De Beers Diamond Oval, Kimberley",23638956,SR Harmer,24,4.0,28,0
575157,2013-02-17,2012-13,2,KNG,WAR,"De Beers Diamond Oval, Kimberley",6821ac10,JJ van der Wath,18,3.0,13,1
575157,2013-02-17,2012-13,2,KNG,WAR,"De Beers Diamond Oval, Kimberley",c654af19,R McLaren,19,3.1,27,0
575157,2013-02-17,2012-13,2,KNG,WAR,"De Beers Diamond Oval, Kimberley",9d50c7e1,MP Siboto,12,2.0,10,0
575157,2013-02-17,2012-13,2,KNG,WAR,"De Beers Diamond Oval, Kimberley",5f419ace,WL Coetsee,12,2.0,28,0
575157,2013-02-17,2012-13,2,KNG,WAR,"De Beers Diamond Oval, Kimberley",d7a57f75,D du Preez,24,4.0,22,1
575157,2013-02-17,2012-13,2,KNG,WAR,"De Beers Diamond Oval, Kimberley",3ad06915,J Coetzee,12,2.0,23,0
575158,2013-02-17,2012-13,1,LIONS,WPR,"Senwes Park, Potchefstroom",fb66ce1f,CH Morris,24,4.0,44,0
575158,2013-02-17,2012-13,1,LIONS,WPR,"Senwes Park, Potchefstroom",a316d663,GC Viljoen,24,4.0,38,0
575158,2013-02-17,2012-13,1,LIONS,WPR,"Senwes Park, Potchefstroom",64d43928,Sohail Tanvir,24,4.0,37,2
575158,2013-02-17,2012-13,1,LIONS,WPR,"Senwes Park, Potchefstroom",acee4cc4,Imran Tahir,24,4.0,28,0
575158,2013-02-17,2012-13,1,LIONS,WPR,"Senwes Park, Potchefstroom",7f8ecc51,AM Phangiso,24,4.0,31,3
575158,2013-02-17,2012-13,2,WPR,LIONS,"Senwes Park, Potchefstroom",d1c94b25,CK Langeveldt,23,3.5,39,0
575158,2013-02-17,2012-13,2,WPR,LIONS,"Senwes Park, Potchefstroom",9c1ccdea,J Louw,18,3.0,29,0
575158,2013-02-17,2012-13,2,WPR,LIONS,"Senwes Park, Potchefstroom",7955eb15,RK Kleinveldt,18,3.0,34,0
575158,2013-02-17,2012-13,2,WPR,LIONS,"Senwes Park, Potchefstroom",a1d95bd8,LB Williams,12,2.0,19,0
575158,2013-02-17,2012-13,2,WPR,LIONS,"Senwes Park, Potchefstroom",537f5ab2,DL Piedt,24,4.0,28,1
575158,2013-02-17,2012-13,2,WPR,LIONS,"Senwes Park, Potchefstroom",55f33b32,JL Ontong,12,2.0,27,0
575158,2013-02-17,2012-13,2,WPR,LIONS,"Senwes Park, Potchefstroom",f4dfcbb4,S van Zyl,6,1.0,9,0
575159,2013-02-20,2012-13,1,LIONS,TIT,"New Wanderers Stadium, Johannesburg",64d43928,Sohail Tanvir,24,4.0,21,2
575159,2013-02-20,2012-13,1,LIONS,TIT,"New Wanderers Stadium, Johannesburg",fb66ce1f,CH Morris,24,4.0,44,1
575159,2013-02-20,2012-13,1,LIONS,TIT,"New Wanderers Stadium, Johannesburg",a316d663,GC Viljoen,24,4.0,31,2
575159,2013-02-20,2012-13,1,LIONS,TIT,"New Wanderers Stadium, Johannesburg",7f8ecc51,AM Phangiso,24,4.0,24,2
575159,2013-02-20,2012-13,1,LIONS,TIT,"New Wanderers Stadium, Johannesburg",acee4cc4,Imran Tahir,24,4.0,26,0
575159,2013-02-20,2012-13,2,TIT,LIONS,"New Wanderers Stadium, Johannesburg",994d9d36,ER Links,24,4.0,19,0
575159,2013-02-20,2012-13,2,TIT,LIONS,"New Wanderers Stadium, Johannesburg",d4eef961,M de Lange,18,3.0,28,0
575159,2013-02-20,2012-13,2,TIT,LIONS,"New Wanderers Stadium, Johannesburg",c3d35165,JA Morkel,24,4.0,37,0
575159,2013-02-20,2012-13,2,TIT,LIONS,"New Wanderers Stadium, Johannesburg",800b52dc,NE Mbhalati,23,3.5,31,3
575159,2013-02-20,2012-13,2,TIT,LIONS,"New Wanderers Stadium, Johannesburg",05c2ca46,RE van der Merwe,24,4.0,33,0
575160,2013-02-22,2012-13,1,KNG,WPR,"Boland Park, Paarl",6a0537aa,N Boje,24,4.0,25,0
575160,2013-02-22,2012-13,1,KNG,WPR,"Boland Park, Paarl",3ad06915,J Coetzee,24,4.0,24,0
575160,2013-02-22,2012-13,1,KNG,WPR,"Boland Park, Paarl",c654af19,R McLaren,24,4.0,27,2
575160,2013-02-22,2012-13,1,KNG,WPR,"Boland Park, Paarl",6821ac10,JJ van der Wath,24,4.0,56,1
575160,2013-02-22,2012-13,1,KNG,WPR,"Boland Park, Paarl",9d50c7e1,MP Siboto,12,2.0,19,1
575160,2013-02-22,2012-13,1,KNG,WPR,"Boland Park, Paarl",5f419ace,WL Coetsee,12,2.0,17,0
575160,2013-02-22,2012-13,2,WPR,KNG,"Boland Park, Paarl",d1c94b25,CK Langeveldt,24,4.0,25,2
575160,2013-02-22,2012-13,2,WPR,KNG,"Boland Park, Paarl",b56dc5f7,BE Hendricks,24,4.0,16,2
575160,2013-02-22,2012-13,2,WPR,KNG,"Boland Park, Paarl",9a158001,Azhar Mahmood,24,4.0,40,0
575160,2013-02-22,2012-13,2,WPR,KNG,"Boland Park, Paarl",9c1ccdea,J Louw,24,4.0,28,2
575160,2013-02-22,2012-13,2,WPR,KNG,"Boland Park, Paarl",537f5ab2,DL Piedt,24,4.0,34,2
575161,2013-02-22,2012-13,1,TIT,WAR,"St George's Park, Port Elizabeth",994d9d36,ER Links,24,4.0,13,3
575161,2013-02-22,2012-13,1,TIT,WAR,"St George's Park, Port Elizabeth",b552a935,AC Thomas,24,4.0,29,0
575161,2013-02-22,2012-13,1,TIT,WAR,"St George's Park, Port Elizabeth",d4eef961,M de Lange,24,4.0,28,2
575161,2013-02-22,2012-13,1,TIT,WAR,"St George's Park, Port Elizabeth",c3d35165,JA Morkel,24,4.0,12,1
575161,2013-02-22,2012-13,1,TIT,WAR,"St George's Park, Port Elizabeth",05c2ca46,RE van der Merwe,6,1.0,7,0
575161,2013-02-22,2012-13,1,TIT,WAR,"St George's Park, Port Elizabeth",aa8d28ae,D Wiese,12,2.0,13,2
575161,2013-02-22,2012-13,1,TIT,WAR,"St George's Park, Port Elizabeth",9c9f8dbc,H Davids,6,1.0,10,0
575161,2013-02-22,2012-13,2,WAR,TIT,"St George's Park, Port Elizabeth",3a60e0b5,WD Parnell,18,3.0,20,0
575161,2013-02-22,2012-13,2,WAR,TIT,"St George's Park, Port Elizabeth",9df3a2f4,ACR Birch,24,4.0,26,2
575161,2013-02-22,2012-13,2,WAR,TIT,"St George's Park, Port Elizabeth",dec8e038,J Theron,19,3.1,18,0
575161,2013-02-22,2012-13,2,WAR,TIT,"St George's Park, Port Elizabeth",a83c44b8,A Gqamane,24,4.0,28,0
575161,2013-02-22,2012-13,2,WAR,TIT,"St George's Park, Port Elizabeth",23638956,SR Harmer,24,4.0,28,3
575163,2013-02-24,2012-13,1,WPR,DOL,"Newlands, Cape Town",d1c94b25,CK Langeveldt,24,4.0,32,2
575163,2013-02-24,2012-13,1,WPR,DOL,"Newlands, Cape Town",b56dc5f7,BE Hendricks,24,4.0,34,2
575163,2013-02-24,2012-13,1,WPR,DOL,"Newlands, Cape Town",9c1ccdea,J Louw,24,4.0,19,0
575163,2013-02-24,2012-13,1,WPR,DOL,"Newlands, Cape Town",537f5ab2,DL Piedt,24,4.0,18,0
575163,2013-02-24,2012-13,1,WPR,DOL,"Newlands, Cape Town",9a158001,Azhar Mahmood,24,4.0,30,1
575163,2013-02-24,2012-13,2,DOL,WPR,"Newlands, Cape Town",7ec9711d,P Subrayen,18,3.0,17,0
575163,2013-02-24,2012-13,2,DOL,WPR,"Newlands, Cape Town",016e5101,M Shezi,24,4.0,34,0
575163,2013-02-24,2012-13,2,DOL,WPR,"Newlands, Cape Town",26d9937d,CJ Alexander,22,3.4,32,1
575163,2013-02-24,2012-13,2,DOL,WPR,"Newlands, Cape Town",8b248d88,R Frylinck,24,4.0,36,0
575163,2013-02-24,2012-13,2,DOL,WPR,"Newlands, Cape Town",7ca5e05d,RS Bopara,12,2.0,17,0
575164,2013-02-24,2012-13,1,WAR,LIONS,"Senwes Park, Potchefstroom",23638956,SR Harmer,24,4.0,21,0
575164,2013-02-24,2012-13,1,WAR,LIONS,"Senwes Park, Potchefstroom",9df3a2f4,ACR Birch,24,4.0,45,0
575164,2013-02-24,2012-13,1,WAR,LIONS,"Senwes Park, Potchefstroom",3a60e0b5,WD Parnell,24,4.0,23,2
575164,2013-02-24,2012-13,1,WAR,LIONS,"Senwes Park, Potchefstroom",dec8e038,J Theron,24,4.0,30,1
575164,2013-02-24,2012-13,1,WAR,LIONS,"Senwes Park, Potchefstroom",a83c44b8,A Gqamane,18,3.0,34,1
575164,2013-02-24,2012-13,1,WAR,LIONS,"Senwes Park, Potchefstroom",42172c3c,JT Smuts,6,1.0,8,0
575164,2013-02-24,2012-13,2,LIONS,WAR,"Senwes Park, Potchefstroom",64d43928,Sohail Tanvir,18,3.0,15,2
575164,2013-02-24,2012-13,2,LIONS,WAR,"Senwes Park, Potchefstroom",a316d663,GC Viljoen,24,4.0,12,3
575164,2013-02-24,2012-13,2,LIONS,WAR,"Senwes Park, Potchefstroom",fb66ce1f,CH Morris,24,4.0,30,2
575164,2013-02-24,2012-13,2,LIONS,WAR,"Senwes Park, Potchefstroom",7f8ecc51,AM Phangiso,24,4.0,28,1
575164,2013-02-24,2012-13,2,LIONS,WAR,"Senwes Park, Potchefstroom",acee4cc4,Imran Tahir,18,3.0,27,1
575165,2013-02-27,2012-13,1,KNG,DOL,"Chevrolet Park, Bloemfontein",6821ac10,JJ van der Wath,24,4.0,29,2
575165,2013-02-27,2012-13,1,KNG,DOL,"Chevrolet Park, Bloemfontein",d7a57f75,D du Preez,24,4.0,28,1
575165,2013-02-27,2012-13,1,KNG,DOL,"Chevrolet Park, Bloemfontein",9d50c7e1,MP Siboto,24,4.0,23,0
575165,2013-02-27,2012-13,1,KNG,DOL,"Chevrolet Park, Bloemfontein",97b0e4ff,SC van Schalkwyk,12,2.0,16,0
575165,2013-02-27,2012-13,1,KNG,DOL,"Chevrolet Park, Bloemfontein",6a0537aa,N Boje,24,4.0,23,1
575165,2013-02-27,2012-13,1,KNG,DOL,"Chevrolet Park, Bloemfontein",33085ffb,D Elgar,12,2.0,11,1
575165,2013-02-27,2012-13,2,DOL,KNG,"Chevrolet Park, Bloemfontein",7ec9711d,P Subrayen,24,4.0,32,1
575165,2013-02-27,2012-13,2,DOL,KNG,"Chevrolet Park, Bloemfontein",719c5146,I Khan,6,1.0,12,0
575165,2013-02-27,2012-13,2,DOL,KNG,"Chevrolet Park, Bloemfontein",26d9937d,CJ Alexander,18,3.0,24,0
575165,2013-02-27,2012-13,2,DOL,KNG,"Chevrolet Park, Bloemfontein",016e5101,M Shezi,6,1.0,10,0
575165,2013-02-27,2012-13,2,DOL,KNG,"Chevrolet Park, Bloemfontein",7ca5e05d,RS Bopara,18,3.0,12,0
575165,2013-02-27,2012-13,2,DOL,KNG,"Chevrolet Park, Bloemfontein",8b248d88,R Frylinck,18,3.0,38,0
575165,2013-02-27,2012-13,2,DOL,KNG,"Chevrolet Park, Bloemfontein",afa78c3a,CS Delport,3,0.3,4,0
575166,2013-02-28,2012-13,1,TIT,WPR,"Willowmoore Park, Benoni",05c2ca46,RE van der Merwe,18,3.0,19,0
575166,2013-02-28,2012-13,1,TIT,WPR,"Willowmoore Park, Benoni",b552a935,AC Thomas,24,4.0,22,0
575166,2013-02-28,2012-13,1,TIT,WPR,"Willowmoore Park, Benoni",800b52dc,NE Mbhalati,24,4.0,15,2
575166,2013-02-28,2012-13,1,TIT,WPR,"Willowmoore Park, Benoni",d4eef961,M de Lange,18,3.0,19,0
575166,2013-02-28,2012-13,1,TIT,WPR,"Willowmoore Park, Benoni",c3d35165,JA Morkel,24,4.0,14,2
575166,2013-02-28,2012-13,1,TIT,WPR,"Willowmoore Park, Benoni",aa8d28ae,D Wiese,12,2.0,22,0
575166,2013-02-28,2012-13,2,WPR,TIT,"Willowmoore Park, Benoni",d1c94b25,CK Langeveldt,18,3.0,18,1
575166,2013-02-28,2012-13,2,WPR,TIT,"Willowmoore Park, Benoni",b56dc5f7,BE Hendricks,24,4.0,21,2
575166,2013-02-28,2012-13,2,WPR,TIT,"Willowmoore Park, Benoni",9c1ccdea,J Louw,24,4.0,22,0
575166,2013-02-28,2012-13,2,WPR,TIT,"Willowmoore Park, Benoni",9a158001,Azhar Mahmood,22,3.4,21,1
575166,2013-02-28,2012-13,2,WPR,TIT,"Willowmoore Park, Benoni",537f5ab2,DL Piedt,18,3.0,20,0
575166,2013-02-28,2012-13,2,WPR,TIT,"Willowmoore Park, Benoni",f4dfcbb4,S van Zyl,6,1.0,9,0
575167,2013-03-02,2012-13,1,WAR,DOL,"Buffalo Park, East London",3a60e0b5,WD Parnell,24,4.0,14,0
575167,2013-03-02,2012-13,1,WAR,DOL,"Buffalo Park, East London",9df3a2f4,ACR Birch,18,3.0,21,2
575167,2013-03-02,2012-13,1,WAR,DOL,"Buffalo Park, East London",a83c44b8,A Gqamane,6,1.0,8,1
575167,2013-03-02,2012-13,1,WAR,DOL,"Buffalo Park, East London",dec8e038,J Theron,24,4.0,39,0
575167,2013-03-02,2012-13,1,WAR,DOL,"Buffalo Park, East London",18fac429,SR Patel,24,4.0,35,0
575167,2013-03-02,2012-13,1,WAR,DOL,"Buffalo Park, East London",23638956,SR Harmer,24,4.0,19,1
575167,2013-03-02,2012-13,2,DOL,WAR,"Buffalo Park, East London",7ec9711d,P Subrayen,24,4.0,33,1
575167,2013-03-02,2012-13,2,DOL,WAR,"Buffalo Park, East London",26d9937d,CJ Alexander,12,2.0,10,0
575167,2013-03-02,2012-13,2,DOL,WAR,"Buffalo Park, East London",016e5101,M Shezi,12,2.0,21,0
575167,2013-03-02,2012-13,2,DOL,WAR,"Buffalo Park, East London",8b248d88,R Frylinck,12,2.0,18,0
575167,2013-03-02,2012-13,2,DOL,WAR,"Buffalo Park, East London",719c5146,I Khan,18,3.0,28,0
575167,2013-03-02,2012-13,2,DOL,WAR,"Buffalo Park, East London",7ca5e05d,RS Bopara,18,3.0,16,0
575167,2013-03-02,2012-13,2,DOL,WAR,"Buffalo Park, East London",afa78c3a,CS Delport,9,1.3,12,0
575170,2013-03-06,2012-13,1,TIT,KNG,"SuperSport Park, Centurion",05c2ca46,RE van der Merwe,18,3.0,24,0
575170,2013-03-06,2012-13,1,TIT,KNG,"SuperSport Park, Centurion",b552a935,AC Thomas,24,4.0,44,1
575170,2013-03-06,2012-13,1,TIT,KNG,"SuperSport Park, Centurion",d4eef961,M de Lange,18,3.0,26,0
575170,2013-03-06,2012-13,1,TIT,KNG,"SuperSport Park, Centurion",800b52dc,NE Mbhalati,12,2.0,24,0
575170,2013-03-06,2012-13,1,TIT,KNG,"SuperSport Park, Centurion",9c9f8dbc,H Davids,6,1.0,9,0
575170,2013-03-06,2012-13,1,TIT,KNG,"SuperSport Park, Centurion",c3d35165,JA Morkel,24,4.0,35,1
575170,2013-03-06,2012-13,1,TIT,KNG,"SuperSport Park, Centurion",aa8d28ae,D Wiese,12,2.0,20,1
575170,2013-03-06,2012-13,1,TIT,KNG,"SuperSport Park, Centurion",dce2019b,F Behardien,6,1.0,13,0
575170,2013-03-06,2012-13,2,KNG,TIT,"SuperSport Park, Centurion",6821ac10,JJ van der Wath,12,2.0,13,2
575170,2013-03-06,2012-13,2,KNG,TIT,"SuperSport Park, Centurion",c654af19,R McLaren,24,4.0,35,0
575170,2013-03-06,2012-13,2,KNG,TIT,"SuperSport Park, Centurion",9d50c7e1,MP Siboto,24,4.0,35,2
575170,2013-03-06,2012-13,2,KNG,TIT,"SuperSport Park, Centurion",97b0e4ff,SC van Schalkwyk,18,3.0,33,0
575170,2013-03-06,2012-13,2,KNG,TIT,"SuperSport Park, Centurion",6a0537aa,N Boje,18,3.0,39,1
575170,2013-03-06,2012-13,2,KNG,TIT,"SuperSport Park, Centurion",33085ffb,D Elgar,24,4.0,31,1
575171,2013-03-08,2012-13,1,LIONS,WPR,"Newlands, Cape Town",64d43928,Sohail Tanvir,24,4.0,24,2
575171,2013-03-08,2012-13,1,LIONS,WPR,"Newlands, Cape Town",fb66ce1f,CH Morris,24,4.0,21,2
575171,2013-03-08,2012-13,1,LIONS,WPR,"Newlands, Cape Town",a316d663,GC Viljoen,24,4.0,23,1
575171,2013-03-08,2012-13,1,LIONS,WPR,"Newlands, Cape Town",7f8ecc51,AM Phangiso,24,4.0,17,0
575171,2013-03-08,2012-13,1,LIONS,WPR,"Newlands, Cape Town",acee4cc4,Imran Tahir,18,3.0,26,1
575171,2013-03-08,2012-13,1,LIONS,WPR,"Newlands, Cape Town",11614d87,D Pretorius,6,1.0,3,0
575171,2013-03-08,2012-13,2,WPR,LIONS,"Newlands, Cape Town",cfe70281,VD Philander,24,4.0,25,0
575171,2013-03-08,2012-13,2,WPR,LIONS,"Newlands, Cape Town",b56dc5f7,BE Hendricks,24,4.0,17,3
575171,2013-03-08,2012-13,2,WPR,LIONS,"Newlands, Cape Town",d1c94b25,CK Langeveldt,20,3.2,36,1
575171,2013-03-08,2012-13,2,WPR,LIONS,"Newlands, Cape Town",9a158001,Azhar Mahmood,24,4.0,15,1
575171,2013-03-08,2012-13,2,WPR,LIONS,"Newlands, Cape Town",9c1ccdea,J Louw,18,3.0,25,0
575172,2013-03-08,2012-13,1,KNG,DOL,"Kingsmead, Durban",6821ac10,JJ van der Wath,24,4.0,25,1
575172,2013-03-08,2012-13,1,KNG,DOL,"Kingsmead, Durban",d7a57f75,D du Preez,24,4.0,34,0
575172,2013-03-08,2012-13,1,KNG,DOL,"Kingsmead, Durban",9d50c7e1,MP Siboto,24,4.0,45,0
575172,2013-03-08,2012-13,1,KNG,DOL,"Kingsmead, Durban",6a0537aa,N Boje,12,2.0,19,0
575172,2013-03-08,2012-13,1,KNG,DOL,"Kingsmead, Durban",97b0e4ff,SC van Schalkwyk,24,4.0,39,1
575172,2013-03-08,2012-13,1,KNG,DOL,"Kingsmead, Durban",33085ffb,D Elgar,12,2.0,17,0
575172,2013-03-08,2012-13,2,DOL,KNG,"Kingsmead, Durban",4353bba5,YA Abdulla,24,4.0,17,2
575172,2013-03-08,2012-13,2,DOL,KNG,"Kingsmead, Durban",016e5101,M Shezi,24,4.0,29,1
575172,2013-03-08,2012-13,2,DOL,KNG,"Kingsmead, Durban",a55e0360,CP Savage,24,4.0,41,2
575172,2013-03-08,2012-13,2,DOL,KNG,"Kingsmead, Durban",0b60eb09,KA Maharaj,18,3.0,25,0
575172,2013-03-08,2012-13,2,DOL,KNG,"Kingsmead, Durban",7ec9711d,P Subrayen,18,3.0,33,0
575172,2013-03-08,2012-13,2,DOL,KNG,"Kingsmead, Durban",afa78c3a,CS Delport,12,2.0,19,1
575174,2013-03-12,2012-13,1,WPR,TIT,"Boland Park, Paarl",d1c94b25,CK Langeveldt,24,4.0,31,0
575174,2013-03-12,2012-13,1,WPR,TIT,"Boland Park, Paarl",b56dc5f7,BE Hendricks,18,3.0,28,0
575174,2013-03-12,2012-13,1,WPR,TIT,"Boland Park, Paarl",9c1ccdea,J Louw,12,2.0,25,0
575174,2013-03-12,2012-13,1,WPR,TIT,"Boland Park, Paarl",9a158001,Azhar Mahmood,24,4.0,34,3
575174,2013-03-12,2012-13,1,WPR,TIT,"Boland Park, Paarl",537f5ab2,DL Piedt,24,4.0,35,0
575174,2013-03-12,2012-13,1,WPR,TIT,"Boland Park, Paarl",6581d753,JM Kemp,18,3.0,25,1
575174,2013-03-12,2012-13,2,TIT,WPR,"Boland Park, Paarl",05c2ca46,RE van der Merwe,24,4.0,20,2
575174,2013-03-12,2012-13,2,TIT,WPR,"Boland Park, Paarl",b552a935,AC Thomas,24,4.0,42,0
575174,2013-03-12,2012-13,2,TIT,WPR,"Boland Park, Paarl",d4eef961,M de Lange,24,4.0,48,0
575174,2013-03-12,2012-13,2,TIT,WPR,"Boland Park, Paarl",800b52dc,NE Mbhalati,24,4.0,18,1
575174,2013-03-12,2012-13,2,TIT,WPR,"Boland Park, Paarl",c3d35165,JA Morkel,18,3.0,29,0
575174,2013-03-12,2012-13,2,TIT,WPR,"Boland Park, Paarl",aa8d28ae,D Wiese,6,1.0,11,0
575175,2013-03-12,2012-13,1,LIONS,KNG,"De Beers Diamond Oval, Kimberley",64d43928,Sohail Tanvir,24,4.0,28,1
575175,2013-03-12,2012-13,1,LIONS,KNG,"De Beers Diamond Oval, Kimberley",fb66ce1f,CH Morris,24,4.0,21,2
575175,2013-03-12,2012-13,1,LIONS,KNG,"De Beers Diamond Oval, Kimberley",a316d663,GC Viljoen,18,3.0,22,2
575175,2013-03-12,2012-13,1,LIONS,KNG,"De Beers Diamond Oval, Kimberley",7f8ecc51,AM Phangiso,24,4.0,30,0
575175,2013-03-12,2012-13,1,LIONS,KNG,"De Beers Diamond Oval, Kimberley",acee4cc4,Imran Tahir,24,4.0,28,2
575175,2013-03-12,2012-13,1,LIONS,KNG,"De Beers Diamond Oval, Kimberley",11614d87,D Pretorius,6,1.0,8,0
575175,2013-03-12,2012-13,2,KNG,LIONS,"De Beers Diamond Oval, Kimberley",6821ac10,JJ van der Wath,24,4.0,44,1
575175,2013-03-12,2012-13,2,KNG,LIONS,"De Beers Diamond Oval, Kimberley",3ad06915,J Coetzee,24,4.0,20,2
575175,2013-03-12,2012-13,2,KNG,LIONS,"De Beers Diamond Oval, Kimberley",9d50c7e1,MP Siboto,13,2.1,21,0
575175,2013-03-12,2012-13,2,KNG,LIONS,"De Beers Diamond Oval, Kimberley",97b0e4ff,SC van Schalkwyk,18,3.0,21,1
575175,2013-03-12,2012-13,2,KNG,LIONS,"De Beers Diamond Oval, Kimberley",6a0537aa,N Boje,24,4.0,18,1
575175,2013-03-12,2012-13,2,KNG,LIONS,"De Beers Diamond Oval, Kimberley",33085ffb,D Elgar,12,2.0,15,1
575176,2013-03-14,2012-13,1,WAR,KNG,"St George's Park, Port Elizabeth",3a60e0b5,WD Parnell,24,4.0,23,1
575176,2013-03-14,2012-13,1,WAR,KNG,"St George's Park, Port Elizabeth",23638956,SR Harmer,24,4.0,15,0
575176,2013-03-14,2012-13,1,WAR,KNG,"St George's Park, Port Elizabeth",dec8e038,J Theron,24,4.0,16,0
575176,2013-03-14,2012-13,1,WAR,KNG,"St George's Park, Port Elizabeth",a83c44b8,A Gqamane,24,4.0,22,1
575176,2013-03-14,2012-13,1,WAR,KNG,"St George's Park, Port Elizabeth",18fac429,SR Patel,24,4.0,30,0
575176,2013-03-14,2012-13,2,KNG,WAR,"St George's Park, Port Elizabeth",3ad06915,J Coetzee,24,4.0,16,1
575176,2013-03-14,2012-13,2,KNG,WAR,"St George's Park, Port Elizabeth",6821ac10,JJ van der Wath,18,3.0,12,1
575176,2013-03-14,2012-13,2,KNG,WAR,"St George's Park, Port Elizabeth",9d50c7e1,MP Siboto,6,1.0,13,0
575176,2013-03-14,2012-13,2,KNG,WAR,"St George's Park, Port Elizabeth",6a0537aa,N Boje,18,3.0,15,0
575176,2013-03-14,2012-13,2,KNG,WAR,"St George's Park, Port Elizabeth",5f419ace,WL Coetsee,6,1.0,10,0
575176,2013-03-14,2012-13,2,KNG,WAR,"St George's Park, Port Elizabeth",97b0e4ff,SC van Schalkwyk,24,4.0,17,1
575176,2013-03-14,2012-13,2,KNG,WAR,"St George's Park, Port Elizabeth",33085ffb,D Elgar,24,4.0,23,4
575177,2013-03-14,2012-13,1,WPR,DOL,"Kingsmead, Durban",b56dc5f7,BE Hendricks,18,3.0,17,1
575177,2013-03-14,2012-13,1,WPR,DOL,"Kingsmead, Durban",9a158001,Azhar Mahmood,24,4.0,36,0
575177,2013-03-14,2012-13,1,WPR,DOL,"Kingsmead, Durban",cfe70281,VD Philander,12,2.0,21,0
575177,2013-03-14,2012-13,1,WPR,DOL,"Kingsmead, Durban",d1c94b25,CK Langeveldt,24,4.0,39,1
575177,2013-03-14,2012-13,1,WPR,DOL,"Kingsmead, Durban",6581d753,JM Kemp,24,4.0,21,0
575177,2013-03-14,2012-13,1,WPR,DOL,"Kingsmead, Durban",537f5ab2,DL Piedt,18,3.0,16,2
575177,2013-03-14,2012-13,2,DOL,WPR,"Kingsmead, Durban",016e5101,M Shezi,24,4.0,29,2
575177,2013-03-14,2012-13,2,DOL,WPR,"Kingsmead, Durban",4353bba5,YA Abdulla,24,4.0,36,0
575177,2013-03-14,2012-13,2,DOL,WPR,"Kingsmead, Durban",a55e0360,CP Savage,24,4.0,33,4
575177,2013-03-14,2012-13,2,DOL,WPR,"Kingsmead, Durban",7ca5e05d,RS Bopara,24,4.0,20,0
575177,2013-03-14,2012-13,2,DOL,WPR,"Kingsmead, Durban",0b60eb09,KA Maharaj,24,4.0,13,1
575179,2013-03-22,2012-13,1,LIONS,WAR,"Buffalo Park, East London",64d43928,Sohail Tanvir,24,4.0,22,2
575179,2013-03-22,2012-13,1,LIONS,WAR,"Buffalo Park, East London",a316d663,GC Viljoen,24,4.0,29,1
575179,2013-03-22,2012-13,1,LIONS,WAR,"Buffalo Park, East London",fb66ce1f,CH Morris,24,4.0,36,1
575179,2013-03-22,2012-13,1,LIONS,WAR,"Buffalo Park, East London",7f8ecc51,AM Phangiso,18,3.0,23,1
575179,2013-03-22,2012-13,1,LIONS,WAR,"Buffalo Park, East London",e01aafc1,AN Petersen,6,1.0,6,0
575179,2013-03-22,2012-13,1,LIONS,WAR,"Buffalo Park, East London",acee4cc4,Imran Tahir,24,4.0,25,2
575179,2013-03-22,2012-13,2,WAR,LIONS,"Buffalo Park, East London",23638956,SR Harmer,24,4.0,21,1
575179,2013-03-22,2012-13,2,WAR,LIONS,"Buffalo Park, East London",dec8e038,J Theron,24,4.0,25,3
575179,2013-03-22,2012-13,2,WAR,LIONS,"Buffalo Park, East London",3a60e0b5,WD Parnell,24,4.0,35,0
575179,2013-03-22,2012-13,2,WAR,LIONS,"Buffalo Park, East London",a83c44b8,A Gqamane,6,1.0,10,0
575179,2013-03-22,2012-13,2,WAR,LIONS,"Buffalo Park, East London",18fac429,SR Patel,24,4.0,21,2
575179,2013-03-22,2012-13,2,WAR,LIONS,"Buffalo Park, East London",ca322fd6,L Mbane,18,3.0,26,0
575180,2013-03-22,2012-13,1,KNG,WPR,"Chevrolet Park, Bloemfontein",6821ac10,JJ van der Wath,18,3.0,10,1
575180,2013-03-22,2012-13,1,KNG,WPR,"Chevrolet Park, Bloemfontein",d7a57f75,D du Preez,18,3.0,35,0
575180,2013-03-22,2012-13,1,KNG,WPR,"Chevrolet Park, Bloemfontein",6a0537aa,N Boje,24,4.0,19,1
575180,2013-03-22,2012-13,1,KNG,WPR,"Chevrolet Park, Bloemfontein",9d50c7e1,MP Siboto,18,3.0,31,1
575180,2013-03-22,2012-13,1,KNG,WPR,"Chevrolet Park, Bloemfontein",97b0e4ff,SC van Schalkwyk,24,4.0,23,2
575180,2013-03-22,2012-13,1,KNG,WPR,"Chevrolet Park, Bloemfontein",33085ffb,D Elgar,18,3.0,20,1
575180,2013-03-22,2012-13,2,WPR,KNG,"Chevrolet Park, Bloemfontein",cfe70281,VD Philander,24,4.0,17,2
575180,2013-03-22,2012-13,2,WPR,KNG,"Chevrolet Park, Bloemfontein",b56dc5f7,BE Hendricks,22,3.4,29,0
575180,2013-03-22,2012-13,2,WPR,KNG,"Chevrolet Park, Bloemfontein",625e4e56,FC Plaatjies,24,4.0,35,0
575180,2013-03-22,2012-13,2,WPR,KNG,"Chevrolet Park, Bloemfontein",6581d753,JM Kemp,24,4.0,28,0
575180,2013-03-22,2012-13,2,WPR,KNG,"Chevrolet Park, Bloemfontein",537f5ab2,DL Piedt,18,3.0,18,0
575180,2013-03-22,2012-13,2,WPR,KNG,"Chevrolet Park, Bloemfontein",88867cac,AJA Gray,6,1.0,15,0
575181,2013-03-22,2012-13,1,TIT,DOL,"SuperSport Park, Centurion",994d9d36,ER Links,24,4.0,35,0
575181,2013-03-22,2012-13,1,TIT,DOL,"SuperSport Park, Centurion",b552a935,AC Thomas,24,4.0,29,0
575181,2013-03-22,2012-13,1,TIT,DOL,"SuperSport Park, Centurion",5bb5a915,M Morkel,24,4.0,21,1
575181,2013-03-22,2012-13,1,TIT,DOL,"SuperSport Park, Centurion",c3d35165,JA Morkel,12,2.0,16,0
575181,2013-03-22,2012-13,1,TIT,DOL,"SuperSport Park, Centurion",05c2ca46,RE van der Merwe,18,3.0,21,2
575181,2013-03-22,2012-13,1,TIT,DOL,"SuperSport Park, Centurion",57efa3be,SB Styris,18,3.0,16,1
575181,2013-03-22,2012-13,2,DOL,TIT,"SuperSport Park, Centurion",4353bba5,YA Abdulla,24,4.0,18,2
575181,2013-03-22,2012-13,2,DOL,TIT,"SuperSport Park, Centurion",016e5101,M Shezi,23,3.5,54,1
575181,2013-03-22,2012-13,2,DOL,TIT,"SuperSport Park, Centurion",a9da7784,KJ Abbott,18,3.0,23,1
575181,2013-03-22,2012-13,2,DOL,TIT,"SuperSport Park, Centurion",0b60eb09,KA Maharaj,24,4.0,13,2
575181,2013-03-22,2012-13,2,DOL,TIT,"SuperSport Park, Centurion",7ca5e05d,RS Bopara,24,4.0,34,0
575183,2013-03-26,2012-13,1,TIT,KNG,"Chevrolet Park, Bloemfontein",994d9d36,ER Links,18,3.0,16,0
575183,2013-03-26,2012-13,1,TIT,KNG,"Chevrolet Park, Bloemfontein",5bb5a915,M Morkel,24,4.0,19,4
575183,2013-03-26,2012-13,1,TIT,KNG,"Chevrolet Park, Bloemfontein",b552a935,AC Thomas,24,4.0,23,0
575183,2013-03-26,2012-13,1,TIT,KNG,"Chevrolet Park, Bloemfontein",c3d35165,JA Morkel,18,3.0,25,0
575183,2013-03-26,2012-13,1,TIT,KNG,"Chevrolet Park, Bloemfontein",57efa3be,SB Styris,12,2.0,12,0
575183,2013-03-26,2012-13,1,TIT,KNG,"Chevrolet Park, Bloemfontein",05c2ca46,RE van der Merwe,18,3.0,23,1
575183,2013-03-26,2012-13,1,TIT,KNG,"Chevrolet Park, Bloemfontein",9c9f8dbc,H Davids,6,1.0,7,1
575183,2013-03-26,2012-13,2,KNG,TIT,"Chevrolet Park, Bloemfontein",6821ac10,JJ van der Wath,24,4.0,29,0
575183,2013-03-26,2012-13,2,KNG,TIT,"Chevrolet Park, Bloemfontein",c654af19,R McLaren,24,4.0,28,1
575183,2013-03-26,2012-13,2,KNG,TIT,"Chevrolet Park, Bloemfontein",9d50c7e1,MP Siboto,18,3.0,22,0
575183,2013-03-26,2012-13,2,KNG,TIT,"Chevrolet Park, Bloemfontein",6a0537aa,N Boje,24,4.0,15,1
575183,2013-03-26,2012-13,2,KNG,TIT,"Chevrolet Park, Bloemfontein",97b0e4ff,SC van Schalkwyk,14,2.2,22,0
575183,2013-03-26,2012-13,2,KNG,TIT,"Chevrolet Park, Bloemfontein",33085ffb,D Elgar,12,2.0,17,0
575184,2013-03-28,2012-13,1,WAR,WPR,"Newlands, Cape Town",23638956,SR Harmer,24,4.0,26,1
575184,2013-03-28,2012-13,1,WAR,WPR,"Newlands, Cape Town",3a60e0b5,WD Parnell,18,3.0,19,1
575184,2013-03-28,2012-13,1,WAR,WPR,"Newlands, Cape Town",dec8e038,J Theron,24,4.0,35,2
575184,2013-03-28,2012-13,1,WAR,WPR,"Newlands, Cape Town",ca322fd6,L Mbane,24,4.0,19,0
575184,2013-03-28,2012-13,1,WAR,WPR,"Newlands, Cape Town",18fac429,SR Patel,24,4.0,25,1
575184,2013-03-28,2012-13,2,WPR,WAR,"Newlands, Cape Town",b56dc5f7,BE Hendricks,12,2.0,27,0
575184,2013-03-28,2012-13,2,WPR,WAR,"Newlands, Cape Town",9c1ccdea,J Louw,12,2.0,8,1
575184,2013-03-28,2012-13,2,WPR,WAR,"Newlands, Cape Town",625e4e56,FC Plaatjies,6,1.0,16,0
575184,2013-03-28,2012-13,2,WPR,WAR,"Newlands, Cape Town",6581d753,JM Kemp,6,1.0,17,0
575184,2013-03-28,2012-13,2,WPR,WAR,"Newlands, Cape Town",537f5ab2,DL Piedt,21,3.3,31,1
575184,2013-03-28,2012-13,2,WPR,WAR,"Newlands, Cape Town",55f33b32,JL Ontong,18,3.0,29,0
575185,2013-03-28,2012-13,1,DOL,LIONS,"New Wanderers Stadium, Johannesburg",4353bba5,YA Abdulla,24,4.0,46,0
575185,2013-03-28,2012-13,1,DOL,LIONS,"New Wanderers Stadium, Johannesburg",016e5101,M Shezi,24,4.0,50,1
575185,2013-03-28,2012-13,1,DOL,LIONS,"New Wanderers Stadium, Johannesburg",a9da7784,KJ Abbott,24,4.0,19,2
575185,2013-03-28,2012-13,1,DOL,LIONS,"New Wanderers Stadium, Johannesburg",afa78c3a,CS Delport,12,2.0,31,0
575185,2013-03-28,2012-13,1,DOL,LIONS,"New Wanderers Stadium, Johannesburg",0b60eb09,KA Maharaj,18,3.0,32,0
575185,2013-03-28,2012-13,1,DOL,LIONS,"New Wanderers Stadium, Johannesburg",7ca5e05d,RS Bopara,18,3.0,17,1
575185,2013-03-28,2012-13,2,LIONS,DOL,"New Wanderers Stadium, Johannesburg",a316d663,GC Viljoen,24,4.0,22,2
575185,2013-03-28,2012-13,2,LIONS,DOL,"New Wanderers Stadium, Johannesburg",fb66ce1f,CH Morris,24,4.0,25,2
575185,2013-03-28,2012-13,2,LIONS,DOL,"New Wanderers Stadium, Johannesburg",11614d87,D Pretorius,18,3.0,30,1
575185,2013-03-28,2012-13,2,LIONS,DOL,"New Wanderers Stadium, Johannesburg",acee4cc4,Imran Tahir,24,4.0,25,1
575185,2013-03-28,2012-13,2,LIONS,DOL,"New Wanderers Stadium, Johannesburg",7f8ecc51,AM Phangiso,24,4.0,34,0
575185,2013-03-28,2012-13,2,LIONS,DOL,"New Wanderers Stadium, Johannesburg",e01aafc1,AN Petersen,6,1.0,4,1
575186,2013-04-03,2012-13,1,TIT,WAR,"Buffalo Park, East London",05c2ca46,RE van der Merwe,24,4.0,22,1
575186,2013-04-03,2012-13,1,TIT,WAR,"Buffalo Park, East London",b552a935,AC Thomas,24,4.0,24,5
575186,2013-04-03,2012-13,1,TIT,WAR,"Buffalo Park, East London",5bb5a915,M Morkel,24,4.0,32,3
575186,2013-04-03,2012-13,1,TIT,WAR,"Buffalo Park, East London",c3d35165,JA Morkel,24,4.0,21,0
575186,2013-04-03,2012-13,1,TIT,WAR,"Buffalo Park, East London",994d9d36,ER Links,12,2.0,16,0
575186,2013-04-03,2012-13,1,TIT,WAR,"Buffalo Park, East London",9c9f8dbc,H Davids,6,1.0,5,0
575186,2013-04-03,2012-13,1,TIT,WAR,"Buffalo Park, East London",aa8d28ae,D Wiese,6,1.0,4,0
575186,2013-04-03,2012-13,2,WAR,TIT,"Buffalo Park, East London",3a60e0b5,WD Parnell,24,4.0,30,1
575186,2013-04-03,2012-13,2,WAR,TIT,"Buffalo Park, East London",dec8e038,J Theron,23,3.5,17,1
575186,2013-04-03,2012-13,2,WAR,TIT,"Buffalo Park, East London",ca322fd6,L Mbane,12,2.0,9,2
575186,2013-04-03,2012-13,2,WAR,TIT,"Buffalo Park, East London",a83c44b8,A Gqamane,12,2.0,9,1
575186,2013-04-03,2012-13,2,WAR,TIT,"Buffalo Park, East London",18fac429,SR Patel,24,4.0,18,1
575186,2013-04-03,2012-13,2,WAR,TIT,"Buffalo Park, East London",23638956,SR Harmer,24,4.0,38,0
575187,2013-04-07,2012-13,1,TIT,LIONS,"New Wanderers Stadium, Johannesburg",994d9d36,ER Links,24,4.0,30,0
575187,2013-04-07,2012-13,1,TIT,LIONS,"New Wanderers Stadium, Johannesburg",d4eef961,M de Lange,24,4.0,31,1
575187,2013-04-07,2012-13,1,TIT,LIONS,"New Wanderers Stadium, Johannesburg",5bb5a915,M Morkel,24,4.0,27,1
575187,2013-04-07,2012-13,1,TIT,LIONS,"New Wanderers Stadium, Johannesburg",c3d35165,JA Morkel,15,2.3,14,1
575187,2013-04-07,2012-13,1,TIT,LIONS,"New Wanderers Stadium, Johannesburg",05c2ca46,RE van der Merwe,12,2.0,21,1
575187,2013-04-07,2012-13,1,TIT,LIONS,"New Wanderers Stadium, Johannesburg",9c9f8dbc,H Davids,12,2.0,12,1
575187,2013-04-07,2012-13,1,TIT,LIONS,"New Wanderers Stadium, Johannesburg",aa8d28ae,D Wiese,9,1.3,11,0
575187,2013-04-07,2012-13,2,LIONS,TIT,"New Wanderers Stadium, Johannesburg",7f8ecc51,AM Phangiso,24,4.0,25,2
575187,2013-04-07,2012-13,2,LIONS,TIT,"New Wanderers Stadium, Johannesburg",64d43928,Sohail Tanvir,18,3.0,21,2
575187,2013-04-07,2012-13,2,LIONS,TIT,"New Wanderers Stadium, Johannesburg",a316d663,GC Viljoen,24,4.0,25,2
575187,2013-04-07,2012-13,2,LIONS,TIT,"New Wanderers Stadium, Johannesburg",fb66ce1f,CH Morris,19,3.1,18,2
575187,2013-04-07,2012-13,2,LIONS,TIT,"New Wanderers Stadium, Johannesburg",acee4cc4,Imran Tahir,24,4.0,26,2
652257,2014-01-08,2013-14,1,WAR,KNG,"Buffalo Park, East London",9df3a2f4,ACR Birch,24,4.0,30,1
652257,2014-01-08,2013-14,1,WAR,KNG,"Buffalo Park, East London",3a60e0b5,WD Parnell,12,2.0,15,1
652257,2014-01-08,2013-14,1,WAR,KNG,"Buffalo Park, East London",dec8e038,J Theron,24,4.0,16,1
652257,2014-01-08,2013-14,1,WAR,KNG,"Buffalo Park, East London",23638956,SR Harmer,24,4.0,22,0
652257,2014-01-08,2013-14,1,WAR,KNG,"Buffalo Park, East London",42172c3c,JT Smuts,18,3.0,18,2
652257,2014-01-08,2013-14,1,WAR,KNG,"Buffalo Park, East London",ca322fd6,L Mbane,18,3.0,11,1
652257,2014-01-08,2013-14,2,KNG,WAR,"Buffalo Park, East London",6821ac10,JJ van der Wath,24,4.0,23,1
652257,2014-01-08,2013-14,2,KNG,WAR,"Buffalo Park, East London",c654af19,R McLaren,24,4.0,22,0
652257,2014-01-08,2013-14,2,KNG,WAR,"Buffalo Park, East London",9d50c7e1,MP Siboto,21,3.3,28,2
652257,2014-01-08,2013-14,2,KNG,WAR,"Buffalo Park, East London",6a0537aa,N Boje,24,4.0,16,2
652257,2014-01-08,2013-14,2,KNG,WAR,"Buffalo Park, East London",647a48da,AJ Pienaar,6,1.0,13,0
652257,2014-01-08,2013-14,2,KNG,WAR,"Buffalo Park, East London",33085ffb,D Elgar,18,3.0,14,0
652259,2014-01-10,2013-14,1,DOL,KNG,"Diamond Oval, Kimberley",a9da7784,KJ Abbott,24,4.0,26,1
652259,2014-01-10,2013-14,1,DOL,KNG,"Diamond Oval, Kimberley",0b60eb09,KA Maharaj,24,4.0,35,1
652259,2014-01-10,2013-14,1,DOL,KNG,"Diamond Oval, Kimberley",8b248d88,R Frylinck,18,3.0,23,0
652259,2014-01-10,2013-14,1,DOL,KNG,"Diamond Oval, Kimberley",26d9937d,CJ Alexander,24,4.0,36,2
652259,2014-01-10,2013-14,1,DOL,KNG,"Diamond Oval, Kimberley",4bb02ef1,D Smit,18,3.0,30,0
652259,2014-01-10,2013-14,1,DOL,KNG,"Diamond Oval, Kimberley",afa78c3a,CS Delport,12,2.0,25,0
652259,2014-01-10,2013-14,2,KNG,DOL,"Diamond Oval, Kimberley",6821ac10,JJ van der Wath,18,3.0,36,0
652259,2014-01-10,2013-14,2,KNG,DOL,"Diamond Oval, Kimberley",c654af19,R McLaren,23,3.5,41,2
652259,2014-01-10,2013-14,2,KNG,DOL,"Diamond Oval, Kimberley",9d50c7e1,MP Siboto,24,4.0,29,1
652259,2014-01-10,2013-14,2,KNG,DOL,"Diamond Oval, Kimberley",33085ffb,D Elgar,18,3.0,19,1
652259,2014-01-10,2013-14,2,KNG,DOL,"Diamond Oval, Kimberley",6a0537aa,N Boje,24,4.0,41,2
652259,2014-01-10,2013-14,2,KNG,DOL,"Diamond Oval, Kimberley",647a48da,AJ Pienaar,6,1.0,7,0
652261,2014-01-09,2013-14,1,TIT,WPR,"SuperSport Park, Centurion",05c2ca46,RE van der Merwe,24,4.0,18,2
652261,2014-01-09,2013-14,1,TIT,WPR,"SuperSport Park, Centurion",c3d35165,JA Morkel,12,2.0,16,0
652261,2014-01-09,2013-14,1,TIT,WPR,"SuperSport Park, Centurion",800b52dc,NE Mbhalati,12,2.0,23,0
652261,2014-01-09,2013-14,1,TIT,WPR,"SuperSport Park, Centurion",aa8d28ae,D Wiese,6,1.0,11,0
652261,2014-01-09,2013-14,1,TIT,WPR,"SuperSport Park, Centurion",9c9f8dbc,H Davids,6,1.0,12,0
652261,2014-01-09,2013-14,1,TIT,WPR,"SuperSport Park, Centurion",fa9c0196,RR Richards,12,2.0,12,2
652261,2014-01-09,2013-14,1,TIT,WPR,"SuperSport Park, Centurion",3355b542,F du Plessis,7,1.1,3,0
652261,2014-01-09,2013-14,2,WPR,TIT,"SuperSport Park, Centurion",7955eb15,RK Kleinveldt,12,2.0,21,1
652261,2014-01-09,2013-14,2,WPR,TIT,"SuperSport Park, Centurion",b56dc5f7,BE Hendricks,9,1.3,18,1
652261,2014-01-09,2013-14,2,WPR,TIT,"SuperSport Park, Centurion",6581d753,JM Kemp,12,2.0,10,2
652261,2014-01-09,2013-14,2,WPR,TIT,"SuperSport Park, Centurion",2e8994e7,JP Duminy,12,2.0,18,0
652261,2014-01-09,2013-14,2,WPR,TIT,"SuperSport Park, Centurion",26ff4c29,RJ Peterson,12,2.0,17,0
652263,2014-01-11,2013-14,1,WAR,WPR,"St George's Park, Port Elizabeth",9df3a2f4,ACR Birch,12,2.0,32,0
652263,2014-01-11,2013-14,1,WAR,WPR,"St George's Park, Port Elizabeth",3a60e0b5,WD Parnell,24,4.0,31,1
652263,2014-01-11,2013-14,1,WAR,WPR,"St George's Park, Port Elizabeth",23638956,SR Harmer,24,4.0,30,1
652263,2014-01-11,2013-14,1,WAR,WPR,"St George's Park, Port Elizabeth",dec8e038,J Theron,24,4.0,25,2
652263,2014-01-11,2013-14,1,WAR,WPR,"St George's Park, Port Elizabeth",42172c3c,JT Smuts,18,3.0,16,1
652263,2014-01-11,2013-14,1,WAR,WPR,"St George's Park, Port Elizabeth",ca322fd6,L Mbane,18,3.0,24,1
652263,2014-01-11,2013-14,2,WPR,WAR,"St George's Park, Port Elizabeth",7955eb15,RK Kleinveldt,24,4.0,23,2
652263,2014-01-11,2013-14,2,WPR,WAR,"St George's Park, Port Elizabeth",b56dc5f7,BE Hendricks,24,4.0,15,1
652263,2014-01-11,2013-14,2,WPR,WAR,"St George's Park, Port Elizabeth",6581d753,JM Kemp,24,4.0,40,1
652263,2014-01-11,2013-14,2,WPR,WAR,"St George's Park, Port Elizabeth",2e8994e7,JP Duminy,12,2.0,7,1
652263,2014-01-11,2013-14,2,WPR,WAR,"St George's Park, Port Elizabeth",26ff4c29,RJ Peterson,12,2.0,22,1
652263,2014-01-11,2013-14,2,WPR,WAR,"St George's Park, Port Elizabeth",955e8e86,A Mgijima,24,4.0,31,2
652265,2014-01-05,2013-14,1,TIT,DOL,"Newlands, Cape Town",05c2ca46,RE van der Merwe,18,3.0,13,0
652265,2014-01-05,2013-14,1,TIT,DOL,"Newlands, Cape Town",800b52dc,NE Mbhalati,24,4.0,35,1
652265,2014-01-05,2013-14,1,TIT,DOL,"Newlands, Cape Town",c3d35165,JA Morkel,24,4.0,22,0
652265,2014-01-05,2013-14,1,TIT,DOL,"Newlands, Cape Town",9c9f8dbc,H Davids,24,4.0,22,1
652265,2014-01-05,2013-14,1,TIT,DOL,"Newlands, Cape Town",fa9c0196,RR Richards,18,3.0,23,0
652265,2014-01-05,2013-14,1,TIT,DOL,"Newlands, Cape Town",aa8d28ae,D Wiese,12,2.0,35,0
652265,2014-01-05,2013-14,2,DOL,TIT,"Newlands, Cape Town",a9da7784,KJ Abbott,24,4.0,21,2
652265,2014-01-05,2013-14,2,DOL,TIT,"Newlands, Cape Town",26d9937d,CJ Alexander,18,3.0,17,1
652265,2014-01-05,2013-14,2,DOL,TIT,"Newlands, Cape Town",8b248d88,R Frylinck,24,4.0,42,0
652265,2014-01-05,2013-14,2,DOL,TIT,"Newlands, Cape Town",0b60eb09,KA Maharaj,24,4.0,27,1
652265,2014-01-05,2013-14,2,DOL,TIT,"Newlands, Cape Town",4bb02ef1,D Smit,24,4.0,25,2
652265,2014-01-05,2013-14,2,DOL,TIT,"Newlands, Cape Town",afa78c3a,CS Delport,6,1.0,9,0
652267,2014-01-12,2013-14,1,KNG,LIONS,"Chevrolet Park, Bloemfontein",6821ac10,JJ van der Wath,24,4.0,30,1
652267,2014-01-12,2013-14,1,KNG,LIONS,"Chevrolet Park, Bloemfontein",c654af19,R McLaren,24,4.0,32,0
652267,2014-01-12,2013-14,1,KNG,LIONS,"Chevrolet Park, Bloemfontein",d7a57f75,D du Preez,18,3.0,22,1
652267,2014-01-12,2013-14,1,KNG,LIONS,"Chevrolet Park, Bloemfontein",9d50c7e1,MP Siboto,12,2.0,18,0
652267,2014-01-12,2013-14,1,KNG,LIONS,"Chevrolet Park, Bloemfontein",6a0537aa,N Boje,18,3.0,24,0
652267,2014-01-12,2013-14,1,KNG,LIONS,"Chevrolet Park, Bloemfontein",33085ffb,D Elgar,24,4.0,22,1
652267,2014-01-12,2013-14,2,LIONS,KNG,"Chevrolet Park, Bloemfontein",64d43928,Sohail Tanvir,24,4.0,34,0
652267,2014-01-12,2013-14,2,LIONS,KNG,"Chevrolet Park, Bloemfontein",fb66ce1f,CH Morris,24,4.0,36,1
652267,2014-01-12,2013-14,2,LIONS,KNG,"Chevrolet Park, Bloemfontein",9a158001,Azhar Mahmood,18,3.0,16,0
652267,2014-01-12,2013-14,2,LIONS,KNG,"Chevrolet Park, Bloemfontein",acee4cc4,Imran Tahir,22,3.4,30,0
652267,2014-01-12,2013-14,2,LIONS,KNG,"Chevrolet Park, Bloemfontein",7f8ecc51,AM Phangiso,18,3.0,29,0
652267,2014-01-12,2013-14,2,LIONS,KNG,"Chevrolet Park, Bloemfontein",11614d87,D Pretorius,6,1.0,8,0
652269,2014-01-15,2013-14,1,LIONS,WPR,"Boland Park, Paarl",64d43928,Sohail Tanvir,24,4.0,46,0
652269,2014-01-15,2013-14,1,LIONS,WPR,"Boland Park, Paarl",fb66ce1f,CH Morris,18,3.0,34,1
652269,2014-01-15,2013-14,1,LIONS,WPR,"Boland Park, Paarl",a316d663,GC Viljoen,24,4.0,24,1
652269,2014-01-15,2013-14,1,LIONS,WPR,"Boland Park, Paarl",9a158001,Azhar Mahmood,18,3.0,32,0
652269,2014-01-15,2013-14,1,LIONS,WPR,"Boland Park, Paarl",acee4cc4,Imran Tahir,18,3.0,25,0
652269,2014-01-15,2013-14,1,LIONS,WPR,"Boland Park, Paarl",7f8ecc51,AM Phangiso,18,3.0,24,0
652269,2014-01-15,2013-14,2,WPR,LIONS,"Boland Park, Paarl",b56dc5f7,BE Hendricks,24,4.0,35,2
652269,2014-01-15,2013-14,2,WPR,LIONS,"Boland Park, Paarl",cfe70281,VD Philander,24,4.0,36,2
652269,2014-01-15,2013-14,2,WPR,LIONS,"Boland Park, Paarl",7955eb15,RK Kleinveldt,24,4.0,32,0
652269,2014-01-15,2013-14,2,WPR,LIONS,"Boland Park, Paarl",2e8994e7,JP Duminy,12,2.0,23,0
652269,2014-01-15,2013-14,2,WPR,LIONS,"Boland Park, Paarl",955e8e86,A Mgijima,12,2.0,22,0
652269,2014-01-15,2013-14,2,WPR,LIONS,"Boland Park, Paarl",26ff4c29,RJ Peterson,24,4.0,19,3
652273,2014-01-17,2013-14,1,KNG,WPR,"Chevrolet Park, Bloemfontein",6821ac10,JJ van der Wath,24,4.0,35,2
652273,2014-01-17,2013-14,1,KNG,WPR,"Chevrolet Park, Bloemfontein",c654af19,R McLaren,18,3.0,42,1
652273,2014-01-17,2013-14,1,KNG,WPR,"Chevrolet Park, Bloemfontein",d7a57f75,D du Preez,12,2.0,33,0
652273,2014-01-17,2013-14,1,KNG,WPR,"Chevrolet Park, Bloemfontein",6a0537aa,N Boje,24,4.0,29,0
652273,2014-01-17,2013-14,1,KNG,WPR,"Chevrolet Park, Bloemfontein",9d50c7e1,MP Siboto,24,4.0,40,0
652273,2014-01-17,2013-14,1,KNG,WPR,"Chevrolet Park, Bloemfontein",33085ffb,D Elgar,18,3.0,28,0
652273,2014-01-17,2013-14,2,WPR,KNG,"Chevrolet Park, Bloemfontein",26ff4c29,RJ Peterson,24,4.0,38,2
652273,2014-01-17,2013-14,2,WPR,KNG,"Chevrolet Park, Bloemfontein",b56dc5f7,BE Hendricks,24,4.0,36,2
652273,2014-01-17,2013-14,2,WPR,KNG,"Chevrolet Park, Bloemfontein",cfe70281,VD Philander,24,4.0,20,0
652273,2014-01-17,2013-14,2,WPR,KNG,"Chevrolet Park, Bloemfontein",9d430b40,SP Narine,24,4.0,18,2
652273,2014-01-17,2013-14,2,WPR,KNG,"Chevrolet Park, Bloemfontein",2e8994e7,JP Duminy,24,4.0,16,2
652275,2014-01-17,2013-14,1,DOL,WAR,"St George's Park, Port Elizabeth",a9da7784,KJ Abbott,24,4.0,34,1
652275,2014-01-17,2013-14,1,DOL,WAR,"St George's Park, Port Elizabeth",4aad78d3,K Zondo,24,4.0,17,1
652275,2014-01-17,2013-14,1,DOL,WAR,"St George's Park, Port Elizabeth",26d9937d,CJ Alexander,6,1.0,16,0
652275,2014-01-17,2013-14,1,DOL,WAR,"St George's Park, Port Elizabeth",8b248d88,R Frylinck,24,4.0,28,2
652275,2014-01-17,2013-14,1,DOL,WAR,"St George's Park, Port Elizabeth",0b60eb09,KA Maharaj,24,4.0,31,2
652275,2014-01-17,2013-14,1,DOL,WAR,"St George's Park, Port Elizabeth",4bb02ef1,D Smit,18,3.0,23,1
652275,2014-01-17,2013-14,2,WAR,DOL,"St George's Park, Port Elizabeth",9df3a2f4,ACR Birch,24,4.0,22,2
652275,2014-01-17,2013-14,2,WAR,DOL,"St George's Park, Port Elizabeth",3a60e0b5,WD Parnell,12,2.0,31,0
652275,2014-01-17,2013-14,2,WAR,DOL,"St George's Park, Port Elizabeth",dec8e038,J Theron,24,4.0,26,2
652275,2014-01-17,2013-14,2,WAR,DOL,"St George's Park, Port Elizabeth",23638956,SR Harmer,24,4.0,26,0
652275,2014-01-17,2013-14,2,WAR,DOL,"St George's Park, Port Elizabeth",42172c3c,JT Smuts,12,2.0,16,0
652275,2014-01-17,2013-14,2,WAR,DOL,"St George's Park, Port Elizabeth",ca322fd6,L Mbane,24,4.0,30,4
652277,2014-01-17,2013-14,1,LIONS,TIT,"Senwes Park, Potchefstroom",9a158001,Azhar Mahmood,24,4.0,33,2
652277,2014-01-17,2013-14,1,LIONS,TIT,"Senwes Park, Potchefstroom",fb66ce1f,CH Morris,18,3.0,16,2
652277,2014-01-17,2013-14,1,LIONS,TIT,"Senwes Park, Potchefstroom",a316d663,GC Viljoen,24,4.0,30,2
652277,2014-01-17,2013-14,1,LIONS,TIT,"Senwes Park, Potchefstroom",7f8ecc51,AM Phangiso,24,4.0,32,2
652277,2014-01-17,2013-14,1,LIONS,TIT,"Senwes Park, Potchefstroom",acee4cc4,Imran Tahir,24,4.0,37,0
652277,2014-01-17,2013-14,1,LIONS,TIT,"Senwes Park, Potchefstroom",11614d87,D Pretorius,6,1.0,9,0
652277,2014-01-17,2013-14,2,TIT,LIONS,"Senwes Park, Potchefstroom",9c9f8dbc,H Davids,18,3.0,22,1
652277,2014-01-17,2013-14,2,TIT,LIONS,"Senwes Park, Potchefstroom",5bb5a915,M Morkel,24,4.0,14,0
652277,2014-01-17,2013-14,2,TIT,LIONS,"Senwes Park, Potchefstroom",800b52dc,NE Mbhalati,18,3.0,26,0
652277,2014-01-17,2013-14,2,TIT,LIONS,"Senwes Park, Potchefstroom",aa8d28ae,D Wiese,18,3.0,36,0
652277,2014-01-17,2013-14,2,TIT,LIONS,"Senwes Park, Potchefstroom",c3d35165,JA Morkel,18,3.0,16,0
652277,2014-01-17,2013-14,2,TIT,LIONS,"Senwes Park, Potchefstroom",05c2ca46,RE van der Merwe,24,4.0,32,2
652279,2014-01-19,2013-14,1,LIONS,WAR,"Buffalo Park, East London",64d43928,Sohail Tanvir,24,4.0,25,1
652279,2014-01-19,2013-14,1,LIONS,WAR,"Buffalo Park, East London",fb66ce1f,CH Morris,18,3.0,27,2
652279,2014-01-19,2013-14,1,LIONS,WAR,"Buffalo Park, East London",a316d663,GC Viljoen,12,2.0,23,0
652279,2014-01-19,2013-14,1,LIONS,WAR,"Buffalo Park, East London",9a158001,Azhar Mahmood,24,4.0,24,1
652279,2014-01-19,2013-14,1,LIONS,WAR,"Buffalo Park, East London",acee4cc4,Imran Tahir,24,4.0,32,0
652279,2014-01-19,2013-14,1,LIONS,WAR,"Buffalo Park, East London",7f8ecc51,AM Phangiso,18,3.0,23,1
652279,2014-01-19,2013-14,2,WAR,LIONS,"Buffalo Park, East London",23638956,SR Harmer,24,4.0,26,1
652279,2014-01-19,2013-14,2,WAR,LIONS,"Buffalo Park, East London",3a60e0b5,WD Parnell,12,2.0,16,0
652279,2014-01-19,2013-14,2,WAR,LIONS,"Buffalo Park, East London",9df3a2f4,ACR Birch,12,2.0,21,0
652279,2014-01-19,2013-14,2,WAR,LIONS,"Buffalo Park, East London",dec8e038,J Theron,24,4.0,25,1
652279,2014-01-19,2013-14,2,WAR,LIONS,"Buffalo Park, East London",ca322fd6,L Mbane,24,4.0,43,3
652279,2014-01-19,2013-14,2,WAR,LIONS,"Buffalo Park, East London",42172c3c,JT Smuts,24,4.0,22,2
652281,2014-01-19,2013-14,1,DOL,WPR,"Kingsmead, Durban",a9da7784,KJ Abbott,24,4.0,30,1
652281,2014-01-19,2013-14,1,DOL,WPR,"Kingsmead, Durban",26d9937d,CJ Alexander,24,4.0,41,1
652281,2014-01-19,2013-14,1,DOL,WPR,"Kingsmead, Durban",8b248d88,R Frylinck,24,4.0,21,3
652281,2014-01-19,2013-14,1,DOL,WPR,"Kingsmead, Durban",4aad78d3,K Zondo,18,3.0,32,0
652281,2014-01-19,2013-14,1,DOL,WPR,"Kingsmead, Durban",0b60eb09,KA Maharaj,18,3.0,21,1
652281,2014-01-19,2013-14,1,DOL,WPR,"Kingsmead, Durban",4bb02ef1,D Smit,12,2.0,12,0
652281,2014-01-19,2013-14,2,WPR,DOL,"Kingsmead, Durban",b56dc5f7,BE Hendricks,24,4.0,32,4
652281,2014-01-19,2013-14,2,WPR,DOL,"Kingsmead, Durban",cfe70281,VD Philander,24,4.0,23,0
652281,2014-01-19,2013-14,2,WPR,DOL,"Kingsmead, Durban",9d430b40,SP Narine,24,4.0,24,2
652281,2014-01-19,2013-14,2,WPR,DOL,"Kingsmead, Durban",2e8994e7,JP Duminy,18,3.0,19,1
652281,2014-01-19,2013-14,2,WPR,DOL,"Kingsmead, Durban",26ff4c29,RJ Peterson,18,3.0,21,0
652281,2014-01-19,2013-14,2,WPR,DOL,"Kingsmead, Durban",955e8e86,A Mgijima,12,2.0,12,1
652283,2014-01-19,2013-14,1,KNG,TIT,"SuperSport Park, Centurion",6821ac10,JJ van der Wath,24,4.0,17,1
652283,2014-01-19,2013-14,1,KNG,TIT,"SuperSport Park, Centurion",c654af19,R McLaren,24,4.0,28,1
652283,2014-01-19,2013-14,1,KNG,TIT,"SuperSport Park, Centurion",9d50c7e1,MP Siboto,24,4.0,19,4
652283,2014-01-19,2013-14,1,KNG,TIT,"SuperSport Park, Centurion",807b63ae,RK Terblanche,24,4.0,37,2
652283,2014-01-19,2013-14,1,KNG,TIT,"SuperSport Park, Centurion",6a0537aa,N Boje,18,3.0,26,1
652283,2014-01-19,2013-14,1,KNG,TIT,"SuperSport Park, Centurion",33085ffb,D Elgar,6,1.0,16,0
652283,2014-01-19,2013-14,2,TIT,KNG,"SuperSport Park, Centurion",c3d35165,JA Morkel,12,2.0,19,1
652283,2014-01-19,2013-14,2,TIT,KNG,"SuperSport Park, Centurion",5bb5a915,M Morkel,23,3.5,17,1
652283,2014-01-19,2013-14,2,TIT,KNG,"SuperSport Park, Centurion",9c9f8dbc,H Davids,18,3.0,32,0
652283,2014-01-19,2013-14,2,TIT,KNG,"SuperSport Park, Centurion",800b52dc,NE Mbhalati,24,4.0,27,1
652283,2014-01-19,2013-14,2,TIT,KNG,"SuperSport Park, Centurion",05c2ca46,RE van der Merwe,24,4.0,32,0
652283,2014-01-19,2013-14,2,TIT,KNG,"SuperSport Park, Centurion",aa8d28ae,D Wiese,6,1.0,11,0
652283,2014-01-19,2013-14,2,TIT,KNG,"SuperSport Park, Centurion",3355b542,F du Plessis,6,1.0,9,0
652285,2014-01-22,2013-14,1,TIT,WPR,"Newlands, Cape Town",05c2ca46,RE van der Merwe,24,4.0,17,1
652285,2014-01-22,2013-14,1,TIT,WPR,"Newlands, Cape Town",5bb5a915,M Morkel,24,4.0,11,2
652285,2014-01-22,2013-14,1,TIT,WPR,"Newlands, Cape Town",800b52dc,NE Mbhalati,12,2.0,17,1
652285,2014-01-22,2013-14,1,TIT,WPR,"Newlands, Cape Town",05d74535,Saeed Ajmal,24,4.0,21,3
652285,2014-01-22,2013-14,1,TIT,WPR,"Newlands, Cape Town",aa8d28ae,D Wiese,6,1.0,9,0
652285,2014-01-22,2013-14,1,TIT,WPR,"Newlands, Cape Town",c3d35165,JA Morkel,18,3.0,27,0
652285,2014-01-22,2013-14,1,TIT,WPR,"Newlands, Cape Town",9c9f8dbc,H Davids,12,2.0,24,1
652285,2014-01-22,2013-14,2,WPR,TIT,"Newlands, Cape Town",b56dc5f7,BE Hendricks,24,4.0,18,3
652285,2014-01-22,2013-14,2,WPR,TIT,"Newlands, Cape Town",7955eb15,RK Kleinveldt,24,4.0,20,0
652285,2014-01-22,2013-14,2,WPR,TIT,"Newlands, Cape Town",9d430b40,SP Narine,24,4.0,23,1
652285,2014-01-22,2013-14,2,WPR,TIT,"Newlands, Cape Town",26ff4c29,RJ Peterson,24,4.0,29,2
652285,2014-01-22,2013-14,2,WPR,TIT,"Newlands, Cape Town",955e8e86,A Mgijima,6,1.0,11,0
652285,2014-01-22,2013-14,2,WPR,TIT,"Newlands, Cape Town",2e8994e7,JP Duminy,18,3.0,13,0
652289,2014-01-22,2013-14,1,WAR,KNG,"Diamond Oval, Kimberley",3a60e0b5,WD Parnell,24,4.0,21,1
652289,2014-01-22,2013-14,1,WAR,KNG,"Diamond Oval, Kimberley",9df3a2f4,ACR Birch,24,4.0,29,1
652289,2014-01-22,2013-14,1,WAR,KNG,"Diamond Oval, Kimberley",dec8e038,J Theron,24,4.0,31,2
652289,2014-01-22,2013-14,1,WAR,KNG,"Diamond Oval, Kimberley",23638956,SR Harmer,24,4.0,26,1
652289,2014-01-22,2013-14,1,WAR,KNG,"Diamond Oval, Kimberley",42172c3c,JT Smuts,12,2.0,11,0
652289,2014-01-22,2013-14,1,WAR,KNG,"Diamond Oval, Kimberley",ca322fd6,L Mbane,12,2.0,22,0
652289,2014-01-22,2013-14,2,KNG,WAR,"Diamond Oval, Kimberley",d7a57f75,D du Preez,18,3.0,17,2
652289,2014-01-22,2013-14,2,KNG,WAR,"Diamond Oval, Kimberley",6821ac10,JJ van der Wath,24,4.0,37,0
652289,2014-01-22,2013-14,2,KNG,WAR,"Diamond Oval, Kimberley",c654af19,R McLaren,24,4.0,29,2
652289,2014-01-22,2013-14,2,KNG,WAR,"Diamond Oval, Kimberley",9d50c7e1,MP Siboto,24,4.0,24,1
652289,2014-01-22,2013-14,2,KNG,WAR,"Diamond Oval, Kimberley",5f419ace,WL Coetsee,24,4.0,12,0
652289,2014-01-22,2013-14,2,KNG,WAR,"Diamond Oval, Kimberley",807b63ae,RK Terblanche,6,1.0,16,1
652291,2014-01-24,2013-14,1,WPR,DOL,"Boland Park, Paarl",b56dc5f7,BE Hendricks,24,4.0,28,2
652291,2014-01-24,2013-14,1,WPR,DOL,"Boland Park, Paarl",cfe70281,VD Philander,24,4.0,25,1
652291,2014-01-24,2013-14,1,WPR,DOL,"Boland Park, Paarl",9d430b40,SP Narine,24,4.0,28,3
652291,2014-01-24,2013-14,1,WPR,DOL,"Boland Park, Paarl",6581d753,JM Kemp,12,2.0,18,0
652291,2014-01-24,2013-14,1,WPR,DOL,"Boland Park, Paarl",955e8e86,A Mgijima,6,1.0,11,0
652291,2014-01-24,2013-14,1,WPR,DOL,"Boland Park, Paarl",26ff4c29,RJ Peterson,18,3.0,26,0
652291,2014-01-24,2013-14,1,WPR,DOL,"Boland Park, Paarl",55f33b32,JL Ontong,12,2.0,9,2
652291,2014-01-24,2013-14,2,DOL,WPR,"Boland Park, Paarl",a9da7784,KJ Abbott,24,4.0,27,0
652291,2014-01-24,2013-14,2,DOL,WPR,"Boland Park, Paarl",8b248d88,R Frylinck,24,4.0,17,1
652291,2014-01-24,2013-14,2,DOL,WPR,"Boland Park, Paarl",26d9937d,CJ Alexander,24,4.0,27,4
652291,2014-01-24,2013-14,2,DOL,WPR,"Boland Park, Paarl",0b60eb09,KA Maharaj,18,3.0,32,0
652291,2014-01-24,2013-14,2,DOL,WPR,"Boland Park, Paarl",4bb02ef1,D Smit,12,2.0,11,1
652291,2014-01-24,2013-14,2,DOL,WPR,"Boland Park, Paarl",4aad78d3,K Zondo,12,2.0,16,2
652291,2014-01-24,2013-14,2,DOL,WPR,"Boland Park, Paarl",9784fb60,K Nipper,6,1.0,7,0
652293,2014-01-24,2013-14,1,TIT,WAR,"Buffalo Park, East London",c3d35165,JA Morkel,12,2.0,9,0
652293,2014-01-24,2013-14,1,TIT,WAR,"Buffalo Park, East London",5bb5a915,M Morkel,18,3.0,15,3
652293,2014-01-24,2013-14,1,TIT,WAR,"Buffalo Park, East London",800b52dc,NE Mbhalati,12,2.0,13,2
652293,2014-01-24,2013-14,1,TIT,WAR,"Buffalo Park, East London",05c2ca46,RE van der Merwe,12,2.0,10,1
652293,2014-01-24,2013-14,1,TIT,WAR,"Buffalo Park, East London",05d74535,Saeed Ajmal,16,2.4,12,3
652297,2014-01-26,2013-14,1,DOL,WAR,"Kingsmead, Durban",a9da7784,KJ Abbott,24,4.0,21,3
652297,2014-01-26,2013-14,1,DOL,WAR,"Kingsmead, Durban",26d9937d,CJ Alexander,18,3.0,27,1
652297,2014-01-26,2013-14,1,DOL,WAR,"Kingsmead, Durban",8b248d88,R Frylinck,24,4.0,20,0
652297,2014-01-26,2013-14,1,DOL,WAR,"Kingsmead, Durban",9784fb60,K Nipper,6,1.0,13,0
652297,2014-01-26,2013-14,1,DOL,WAR,"Kingsmead, Durban",7ec9711d,P Subrayen,24,4.0,25,1
652297,2014-01-26,2013-14,1,DOL,WAR,"Kingsmead, Durban",4bb02ef1,D Smit,24,4.0,28,0
652297,2014-01-26,2013-14,2,WAR,DOL,"Kingsmead, Durban",3a60e0b5,WD Parnell,24,4.0,27,3
652297,2014-01-26,2013-14,2,WAR,DOL,"Kingsmead, Durban",9df3a2f4,ACR Birch,24,4.0,23,1
652297,2014-01-26,2013-14,2,WAR,DOL,"Kingsmead, Durban",dec8e038,J Theron,24,4.0,28,2
652297,2014-01-26,2013-14,2,WAR,DOL,"Kingsmead, Durban",23638956,SR Harmer,18,3.0,24,0
652297,2014-01-26,2013-14,2,WAR,DOL,"Kingsmead, Durban",42172c3c,JT Smuts,6,1.0,10,0
652297,2014-01-26,2013-14,2,WAR,DOL,"Kingsmead, Durban",ca322fd6,L Mbane,24,4.0,25,1
652303,2014-01-05,2013-14,1,LIONS,WAR,"Newlands, Cape Town",fb66ce1f,CH Morris,24,4.0,33,2
652303,2014-01-05,2013-14,1,LIONS,WAR,"Newlands, Cape Town",a316d663,GC Viljoen,24,4.0,32,0
652303,2014-01-05,2013-14,1,LIONS,WAR,"Newlands, Cape Town",9a158001,Azhar Mahmood,24,4.0,31,2
652303,2014-01-05,2013-14,1,LIONS,WAR,"Newlands, Cape Town",7f8ecc51,AM Phangiso,24,4.0,19,2
652303,2014-01-05,2013-14,1,LIONS,WAR,"Newlands, Cape Town",acee4cc4,Imran Tahir,24,4.0,22,1
652303,2014-01-05,2013-14,2,WAR,LIONS,"Newlands, Cape Town",9df3a2f4,ACR Birch,18,3.0,15,0
652303,2014-01-05,2013-14,2,WAR,LIONS,"Newlands, Cape Town",3a60e0b5,WD Parnell,24,4.0,31,2
652303,2014-01-05,2013-14,2,WAR,LIONS,"Newlands, Cape Town",dec8e038,J Theron,23,3.5,11,2
652303,2014-01-05,2013-14,2,WAR,LIONS,"Newlands, Cape Town",42172c3c,JT Smuts,24,4.0,28,3
652303,2014-01-05,2013-14,2,WAR,LIONS,"Newlands, Cape Town",23638956,SR Harmer,24,4.0,22,2
652303,2014-01-05,2013-14,2,WAR,LIONS,"Newlands, Cape Town",ca322fd6,L Mbane,6,1.0,5,0
652305,2014-01-29,2013-14,1,DOL,TIT,"SuperSport Park, Centurion",a9da7784,KJ Abbott,24,4.0,16,1
652305,2014-01-29,2013-14,1,DOL,TIT,"SuperSport Park, Centurion",4aad78d3,K Zondo,18,3.0,29,0
652305,2014-01-29,2013-14,1,DOL,TIT,"SuperSport Park, Centurion",016e5101,M Shezi,24,4.0,16,2
652305,2014-01-29,2013-14,1,DOL,TIT,"SuperSport Park, Centurion",8b248d88,R Frylinck,24,4.0,22,2
652305,2014-01-29,2013-14,1,DOL,TIT,"SuperSport Park, Centurion",0b60eb09,KA Maharaj,12,2.0,16,1
652305,2014-01-29,2013-14,1,DOL,TIT,"SuperSport Park, Centurion",4bb02ef1,D Smit,18,3.0,14,1
652305,2014-01-29,2013-14,2,TIT,DOL,"SuperSport Park, Centurion",c3d35165,JA Morkel,6,1.0,6,0
652305,2014-01-29,2013-14,2,TIT,DOL,"SuperSport Park, Centurion",5bb5a915,M Morkel,23,3.5,29,0
652305,2014-01-29,2013-14,2,TIT,DOL,"SuperSport Park, Centurion",800b52dc,NE Mbhalati,12,2.0,13,0
652305,2014-01-29,2013-14,2,TIT,DOL,"SuperSport Park, Centurion",05d74535,Saeed Ajmal,24,4.0,23,2
652305,2014-01-29,2013-14,2,TIT,DOL,"SuperSport Park, Centurion",05c2ca46,RE van der Merwe,24,4.0,31,0
652305,2014-01-29,2013-14,2,TIT,DOL,"SuperSport Park, Centurion",3355b542,F du Plessis,6,1.0,10,0
652305,2014-01-29,2013-14,2,TIT,DOL,"SuperSport Park, Centurion",9c9f8dbc,H Davids,6,1.0,8,0
652307,2014-01-31,2013-14,1,KNG,DOL,"Kingsmead, Durban",6821ac10,JJ van der Wath,24,4.0,30,0
652307,2014-01-31,2013-14,1,KNG,DOL,"Kingsmead, Durban",ffa15667,Q Friend,24,4.0,37,1
652307,2014-01-31,2013-14,1,KNG,DOL,"Kingsmead, Durban",c654af19,R McLaren,24,4.0,28,1
652307,2014-01-31,2013-14,1,KNG,DOL,"Kingsmead, Durban",807b63ae,RK Terblanche,6,1.0,10,1
652307,2014-01-31,2013-14,1,KNG,DOL,"Kingsmead, Durban",5f419ace,WL Coetsee,24,4.0,37,0
652307,2014-01-31,2013-14,1,KNG,DOL,"Kingsmead, Durban",9d50c7e1,MP Siboto,18,3.0,26,1
652307,2014-01-31,2013-14,2,DOL,KNG,"Kingsmead, Durban",a9da7784,KJ Abbott,14,2.2,6,2
652307,2014-01-31,2013-14,2,DOL,KNG,"Kingsmead, Durban",016e5101,M Shezi,12,2.0,10,1
652307,2014-01-31,2013-14,2,DOL,KNG,"Kingsmead, Durban",8b248d88,R Frylinck,18,3.0,23,2
652307,2014-01-31,2013-14,2,DOL,KNG,"Kingsmead, Durban",0b60eb09,KA Maharaj,18,3.0,27,3
652307,2014-01-31,2013-14,2,DOL,KNG,"Kingsmead, Durban",4bb02ef1,D Smit,18,3.0,17,2
652309,2014-01-31,2013-14,1,WPR,LIONS,"New Wanderers Stadium, Johannesburg",cfe70281,VD Philander,18,3.0,15,3
652309,2014-01-31,2013-14,1,WPR,LIONS,"New Wanderers Stadium, Johannesburg",b56dc5f7,BE Hendricks,19,3.1,13,3
652309,2014-01-31,2013-14,1,WPR,LIONS,"New Wanderers Stadium, Johannesburg",7955eb15,RK Kleinveldt,12,2.0,18,0
652309,2014-01-31,2013-14,1,WPR,LIONS,"New Wanderers Stadium, Johannesburg",9d430b40,SP Narine,18,3.0,24,0
652309,2014-01-31,2013-14,1,WPR,LIONS,"New Wanderers Stadium, Johannesburg",2e8994e7,JP Duminy,6,1.0,7,0
652309,2014-01-31,2013-14,1,WPR,LIONS,"New Wanderers Stadium, Johannesburg",26ff4c29,RJ Peterson,24,4.0,20,3
652309,2014-01-31,2013-14,1,WPR,LIONS,"New Wanderers Stadium, Johannesburg",955e8e86,A Mgijima,6,1.0,4,0
652309,2014-01-31,2013-14,2,LIONS,WPR,"New Wanderers Stadium, Johannesburg",1b05424f,P Matshikwe,18,3.0,15,0
652309,2014-01-31,2013-14,2,LIONS,WPR,"New Wanderers Stadium, Johannesburg",fb66ce1f,CH Morris,24,4.0,17,0
652309,2014-01-31,2013-14,2,LIONS,WPR,"New Wanderers Stadium, Johannesburg",a316d663,GC Viljoen,18,3.0,17,1
652309,2014-01-31,2013-14,2,LIONS,WPR,"New Wanderers Stadium, Johannesburg",7f8ecc51,AM Phangiso,21,3.3,25,2
652309,2014-01-31,2013-14,2,LIONS,WPR,"New Wanderers Stadium, Johannesburg",11614d87,D Pretorius,6,1.0,16,0
652309,2014-01-31,2013-14,2,LIONS,WPR,"New Wanderers Stadium, Johannesburg",a7bc76a0,E Leie,6,1.0,8,0
652311,2014-02-02,2013-14,1,WPR,WAR,"Newlands, Cape Town",b56dc5f7,BE Hendricks,24,4.0,40,3
652311,2014-02-02,2013-14,1,WPR,WAR,"Newlands, Cape Town",cfe70281,VD Philander,24,4.0,31,0
652311,2014-02-02,2013-14,1,WPR,WAR,"Newlands, Cape Town",9d430b40,SP Narine,24,4.0,20,2
652311,2014-02-02,2013-14,1,WPR,WAR,"Newlands, Cape Town",6581d753,JM Kemp,24,4.0,11,1
652311,2014-02-02,2013-14,1,WPR,WAR,"Newlands, Cape Town",2e8994e7,JP Duminy,12,2.0,23,1
652311,2014-02-02,2013-14,1,WPR,WAR,"Newlands, Cape Town",26ff4c29,RJ Peterson,12,2.0,17,0
652311,2014-02-02,2013-14,2,WAR,WPR,"Newlands, Cape Town",42172c3c,JT Smuts,12,2.0,12,1
652311,2014-02-02,2013-14,2,WAR,WPR,"Newlands, Cape Town",9df3a2f4,ACR Birch,18,3.0,27,1
652311,2014-02-02,2013-14,2,WAR,WPR,"Newlands, Cape Town",3a60e0b5,WD Parnell,24,4.0,27,0
652311,2014-02-02,2013-14,2,WAR,WPR,"Newlands, Cape Town",dec8e038,J Theron,18,3.0,26,0
652311,2014-02-02,2013-14,2,WAR,WPR,"Newlands, Cape Town",ca322fd6,L Mbane,22,3.4,38,1
652311,2014-02-02,2013-14,2,WAR,WPR,"Newlands, Cape Town",23638956,SR Harmer,18,3.0,15,0
652313,2014-02-02,2013-14,1,TIT,KNG,"Diamond Oval, Kimberley",aa8d28ae,D Wiese,18,3.0,9,1
652313,2014-02-02,2013-14,1,TIT,KNG,"Diamond Oval, Kimberley",5bb5a915,M Morkel,24,4.0,33,1
652313,2014-02-02,2013-14,1,TIT,KNG,"Diamond Oval, Kimberley",800b52dc,NE Mbhalati,18,3.0,27,0
652313,2014-02-02,2013-14,1,TIT,KNG,"Diamond Oval, Kimberley",05d74535,Saeed Ajmal,24,4.0,24,3
652313,2014-02-02,2013-14,1,TIT,KNG,"Diamond Oval, Kimberley",9c9f8dbc,H Davids,12,2.0,12,0
652313,2014-02-02,2013-14,1,TIT,KNG,"Diamond Oval, Kimberley",05c2ca46,RE van der Merwe,18,3.0,22,0
652313,2014-02-02,2013-14,1,TIT,KNG,"Diamond Oval, Kimberley",90d6cdea,TB de Bruyn,6,1.0,9,0
652313,2014-02-02,2013-14,2,KNG,TIT,"Diamond Oval, Kimberley",6821ac10,JJ van der Wath,18,3.0,16,0
652313,2014-02-02,2013-14,2,KNG,TIT,"Diamond Oval, Kimberley",ffa15667,Q Friend,21,3.3,26,0
652313,2014-02-02,2013-14,2,KNG,TIT,"Diamond Oval, Kimberley",9d50c7e1,MP Siboto,18,3.0,39,0
652313,2014-02-02,2013-14,2,KNG,TIT,"Diamond Oval, Kimberley",fa047d77,LMG Masekela,18,3.0,17,1
652313,2014-02-02,2013-14,2,KNG,TIT,"Diamond Oval, Kimberley",33085ffb,D Elgar,18,3.0,25,1
652313,2014-02-02,2013-14,2,KNG,TIT,"Diamond Oval, Kimberley",5f419ace,WL Coetsee,12,2.0,15,0
652315,2014-02-02,2013-14,1,DOL,LIONS,"New Wanderers Stadium, Johannesburg",4aad78d3,K Zondo,6,1.0,11,0
652315,2014-02-02,2013-14,1,DOL,LIONS,"New Wanderers Stadium, Johannesburg",a9da7784,KJ Abbott,24,4.0,34,0
652315,2014-02-02,2013-14,1,DOL,LIONS,"New Wanderers Stadium, Johannesburg",26d9937d,CJ Alexander,24,4.0,31,2
652315,2014-02-02,2013-14,1,DOL,LIONS,"New Wanderers Stadium, Johannesburg",8b248d88,R Frylinck,24,4.0,39,0
652315,2014-02-02,2013-14,1,DOL,LIONS,"New Wanderers Stadium, Johannesburg",7ec9711d,P Subrayen,24,4.0,23,1
652315,2014-02-02,2013-14,1,DOL,LIONS,"New Wanderers Stadium, Johannesburg",4bb02ef1,D Smit,18,3.0,20,0
652315,2014-02-02,2013-14,2,LIONS,DOL,"New Wanderers Stadium, Johannesburg",1b05424f,P Matshikwe,24,4.0,32,1
652315,2014-02-02,2013-14,2,LIONS,DOL,"New Wanderers Stadium, Johannesburg",fb66ce1f,CH Morris,24,4.0,45,0
652315,2014-02-02,2013-14,2,LIONS,DOL,"New Wanderers Stadium, Johannesburg",a316d663,GC Viljoen,24,4.0,31,2
652315,2014-02-02,2013-14,2,LIONS,DOL,"New Wanderers Stadium, Johannesburg",a7bc76a0,E Leie,24,4.0,25,2
652315,2014-02-02,2013-14,2,LIONS,DOL,"New Wanderers Stadium, Johannesburg",7f8ecc51,AM Phangiso,24,4.0,18,3
652319,2014-02-09,2013-14,1,WPR,DOL,"Newlands, Cape Town",b56dc5f7,BE Hendricks,24,4.0,24,1
652319,2014-02-09,2013-14,1,WPR,DOL,"Newlands, Cape Town",537f5ab2,DL Piedt,24,4.0,18,1
652319,2014-02-09,2013-14,1,WPR,DOL,"Newlands, Cape Town",86dc8f2e,JH Kallis,18,3.0,26,4
652319,2014-02-09,2013-14,1,WPR,DOL,"Newlands, Cape Town",a1d95bd8,LB Williams,6,1.0,7,0
652319,2014-02-09,2013-14,1,WPR,DOL,"Newlands, Cape Town",6581d753,JM Kemp,24,4.0,34,0
652319,2014-02-09,2013-14,1,WPR,DOL,"Newlands, Cape Town",55f33b32,JL Ontong,12,2.0,10,1
652319,2014-02-09,2013-14,1,WPR,DOL,"Newlands, Cape Town",81a0e294,SA Engelbrecht,12,2.0,21,1
652319,2014-02-09,2013-14,2,DOL,WPR,"Newlands, Cape Town",a9da7784,KJ Abbott,24,4.0,17,2
652319,2014-02-09,2013-14,2,DOL,WPR,"Newlands, Cape Town",016e5101,M Shezi,24,4.0,18,2
652319,2014-02-09,2013-14,2,DOL,WPR,"Newlands, Cape Town",8b248d88,R Frylinck,24,4.0,34,1
652319,2014-02-09,2013-14,2,DOL,WPR,"Newlands, Cape Town",0b60eb09,KA Maharaj,24,4.0,29,0
652319,2014-02-09,2013-14,2,DOL,WPR,"Newlands, Cape Town",4bb02ef1,D Smit,18,3.0,32,0
652319,2014-02-09,2013-14,2,DOL,WPR,"Newlands, Cape Town",4aad78d3,K Zondo,6,1.0,11,0
716623,2014-02-06,2013-14,1,TIT,DOL,"Kingsmead, Durban",05c2ca46,RE van der Merwe,24,4.0,47,0
716623,2014-02-06,2013-14,1,TIT,DOL,"Kingsmead, Durban",800b52dc,NE Mbhalati,12,2.0,35,0
716623,2014-02-06,2013-14,1,TIT,DOL,"Kingsmead, Durban",c3d35165,JA Morkel,18,3.0,27,1
716623,2014-02-06,2013-14,1,TIT,DOL,"Kingsmead, Durban",aa8d28ae,D Wiese,24,4.0,27,1
716623,2014-02-06,2013-14,1,TIT,DOL,"Kingsmead, Durban",05d74535,Saeed Ajmal,24,4.0,33,1
716623,2014-02-06,2013-14,1,TIT,DOL,"Kingsmead, Durban",9c9f8dbc,H Davids,18,3.0,23,1
716623,2014-02-06,2013-14,2,DOL,TIT,"Kingsmead, Durban",a9da7784,KJ Abbott,20,3.2,24,1
716623,2014-02-06,2013-14,2,DOL,TIT,"Kingsmead, Durban",016e5101,M Shezi,24,4.0,39,4
716623,2014-02-06,2013-14,2,DOL,TIT,"Kingsmead, Durban",8b248d88,R Frylinck,24,4.0,26,3
716623,2014-02-06,2013-14,2,DOL,TIT,"Kingsmead, Durban",7ec9711d,P Subrayen,18,3.0,35,0
716623,2014-02-06,2013-14,2,DOL,TIT,"Kingsmead, Durban",4bb02ef1,D Smit,18,3.0,31,0
716623,2014-02-06,2013-14,2,DOL,TIT,"Kingsmead, Durban",4aad78d3,K Zondo,6,1.0,5,1
716623,2014-02-06,2013-14,2,DOL,TIT,"Kingsmead, Durban",afa78c3a,CS Delport,6,1.0,5,1
736255,2014-11-02,2014-15,1,WAR,KNG,"New Wanderers Stadium, Johannesburg",9df3a2f4,ACR Birch,18,3.0,30,0
736255,2014-11-02,2014-15,1,WAR,KNG,"New Wanderers Stadium, Johannesburg",a83c44b8,A Gqamane,6,1.0,12,0
736255,2014-11-02,2014-15,1,WAR,KNG,"New Wanderers Stadium, Johannesburg",23638956,SR Harmer,24,4.0,32,1
736255,2014-11-02,2014-15,1,WAR,KNG,"New Wanderers Stadium, Johannesburg",8361e524,SSB Magala,18,3.0,43,0
736255,2014-11-02,2014-15,1,WAR,KNG,"New Wanderers Stadium, Johannesburg",ca322fd6,L Mbane,18,3.0,46,1
736255,2014-11-02,2014-15,1,WAR,KNG,"New Wanderers Stadium, Johannesburg",42172c3c,JT Smuts,24,4.0,28,2
736255,2014-11-02,2014-15,1,WAR,KNG,"New Wanderers Stadium, Johannesburg",e734d090,CN Ackermann,12,2.0,14,0
736255,2014-11-02,2014-15,2,KNG,WAR,"New Wanderers Stadium, Johannesburg",d7a57f75,D du Preez,24,4.0,25,4
736255,2014-11-02,2014-15,2,KNG,WAR,"New Wanderers Stadium, Johannesburg",bbd41817,AD Russell,23,3.5,21,1
736255,2014-11-02,2014-15,2,KNG,WAR,"New Wanderers Stadium, Johannesburg",97b0e4ff,SC van Schalkwyk,24,4.0,23,1
736255,2014-11-02,2014-15,2,KNG,WAR,"New Wanderers Stadium, Johannesburg",9d50c7e1,MP Siboto,18,3.0,27,1
736255,2014-11-02,2014-15,2,KNG,WAR,"New Wanderers Stadium, Johannesburg",5f419ace,WL Coetsee,12,2.0,17,1
736255,2014-11-02,2014-15,2,KNG,WAR,"New Wanderers Stadium, Johannesburg",647a48da,AJ Pienaar,12,2.0,14,1
736257,2014-11-02,2014-15,1,TIT,WPR,"New Wanderers Stadium, Johannesburg",05c2ca46,RE van der Merwe,18,3.0,14,0
736257,2014-11-02,2014-15,1,TIT,WPR,"New Wanderers Stadium, Johannesburg",800b52dc,NE Mbhalati,18,3.0,35,0
736257,2014-11-02,2014-15,1,TIT,WPR,"New Wanderers Stadium, Johannesburg",356129f0,JP de Villiers,18,3.0,40,2
736257,2014-11-02,2014-15,1,TIT,WPR,"New Wanderers Stadium, Johannesburg",c03c6200,DJG Sammy,12,2.0,23,0
736257,2014-11-02,2014-15,1,TIT,WPR,"New Wanderers Stadium, Johannesburg",fa9c0196,RR Richards,24,4.0,55,0
736257,2014-11-02,2014-15,1,TIT,WPR,"New Wanderers Stadium, Johannesburg",33085ffb,D Elgar,24,4.0,20,3
736257,2014-11-02,2014-15,1,TIT,WPR,"New Wanderers Stadium, Johannesburg",ba377b40,GL van Buuren,6,1.0,16,0
736257,2014-11-02,2014-15,2,WPR,TIT,"New Wanderers Stadium, Johannesburg",016e5101,M Shezi,24,4.0,35,0
736257,2014-11-02,2014-15,2,WPR,TIT,"New Wanderers Stadium, Johannesburg",462d7c62,D Paterson,18,3.0,28,1
736257,2014-11-02,2014-15,2,WPR,TIT,"New Wanderers Stadium, Johannesburg",81a0e294,SA Engelbrecht,18,3.0,31,0
736257,2014-11-02,2014-15,2,WPR,TIT,"New Wanderers Stadium, Johannesburg",a1d95bd8,LB Williams,12,2.0,25,0
736257,2014-11-02,2014-15,2,WPR,TIT,"New Wanderers Stadium, Johannesburg",a757b0d8,KA Pollard,24,4.0,22,3
736257,2014-11-02,2014-15,2,WPR,TIT,"New Wanderers Stadium, Johannesburg",e5437608,GF Linde,12,2.0,25,0
736257,2014-11-02,2014-15,2,WPR,TIT,"New Wanderers Stadium, Johannesburg",55f33b32,JL Ontong,12,2.0,24,0
736259,2014-11-02,2014-15,1,LIONS,DOL,"New Wanderers Stadium, Johannesburg",12bffe91,LL Tsotsobe,24,4.0,34,1
736259,2014-11-02,2014-15,1,LIONS,DOL,"New Wanderers Stadium, Johannesburg",fb66ce1f,CH Morris,18,3.0,30,2
736259,2014-11-02,2014-15,1,LIONS,DOL,"New Wanderers Stadium, Johannesburg",a316d663,GC Viljoen,18,3.0,14,2
736259,2014-11-02,2014-15,1,LIONS,DOL,"New Wanderers Stadium, Johannesburg",11614d87,D Pretorius,12,2.0,25,0
736259,2014-11-02,2014-15,1,LIONS,DOL,"New Wanderers Stadium, Johannesburg",a7bc76a0,E Leie,24,4.0,32,0
736259,2014-11-02,2014-15,1,LIONS,DOL,"New Wanderers Stadium, Johannesburg",db584dad,CH Gayle,24,4.0,36,4
736259,2014-11-02,2014-15,2,DOL,LIONS,"New Wanderers Stadium, Johannesburg",7cb2d9d2,DM Dupavillon,24,4.0,55,1
736259,2014-11-02,2014-15,2,DOL,LIONS,"New Wanderers Stadium, Johannesburg",26d9937d,CJ Alexander,23,3.5,25,1
736259,2014-11-02,2014-15,2,DOL,LIONS,"New Wanderers Stadium, Johannesburg",8b248d88,R Frylinck,18,3.0,30,1
736259,2014-11-02,2014-15,2,DOL,LIONS,"New Wanderers Stadium, Johannesburg",7ec9711d,P Subrayen,24,4.0,25,1
736259,2014-11-02,2014-15,2,DOL,LIONS,"New Wanderers Stadium, Johannesburg",1b42a100,BS Makhanya,24,4.0,35,0
736261,2014-11-05,2014-15,1,WAR,DOL,"Kingsmead, Durban",a83c44b8,A Gqamane,12,2.0,16,0
736261,2014-11-05,2014-15,1,WAR,DOL,"Kingsmead, Durban",dec8e038,J Theron,24,4.0,25,1
736261,2014-11-05,2014-15,1,WAR,DOL,"Kingsmead, Durban",1e182ae2,BD Walters,18,3.0,31,1
736261,2014-11-05,2014-15,1,WAR,DOL,"Kingsmead, Durban",8361e524,SSB Magala,24,4.0,51,0
736261,2014-11-05,2014-15,1,WAR,DOL,"Kingsmead, Durban",42172c3c,JT Smuts,24,4.0,21,2
736261,2014-11-05,2014-15,1,WAR,DOL,"Kingsmead, Durban",23638956,SR Harmer,18,3.0,36,0
736261,2014-11-05,2014-15,2,DOL,WAR,"Kingsmead, Durban",26d9937d,CJ Alexander,24,4.0,10,3
736261,2014-11-05,2014-15,2,DOL,WAR,"Kingsmead, Durban",a467273e,RJ Engelbrecht,18,3.0,21,2
736261,2014-11-05,2014-15,2,DOL,WAR,"Kingsmead, Durban",8b248d88,R Frylinck,24,4.0,16,2
736261,2014-11-05,2014-15,2,DOL,WAR,"Kingsmead, Durban",1b42a100,BS Makhanya,24,4.0,29,1
736261,2014-11-05,2014-15,2,DOL,WAR,"Kingsmead, Durban",87e562a9,DJ Bravo,24,4.0,39,0
736261,2014-11-05,2014-15,2,DOL,WAR,"Kingsmead, Durban",7ec9711d,P Subrayen,6,1.0,9,0
736263,2014-11-07,2014-15,1,WPR,DOL,"Newlands, Cape Town",016e5101,M Shezi,24,4.0,23,3
736263,2014-11-07,2014-15,1,WPR,DOL,"Newlands, Cape Town",462d7c62,D Paterson,12,2.0,23,0
736263,2014-11-07,2014-15,1,WPR,DOL,"Newlands, Cape Town",f277f531,FD Adams,12,2.0,14,1
736263,2014-11-07,2014-15,1,WPR,DOL,"Newlands, Cape Town",81a0e294,SA Engelbrecht,24,4.0,16,3
736263,2014-11-07,2014-15,1,WPR,DOL,"Newlands, Cape Town",a757b0d8,KA Pollard,24,4.0,26,1
736263,2014-11-07,2014-15,1,WPR,DOL,"Newlands, Cape Town",e5437608,GF Linde,24,4.0,21,1
736263,2014-11-07,2014-15,2,DOL,WPR,"Newlands, Cape Town",26d9937d,CJ Alexander,6,1.0,13,0
736263,2014-11-07,2014-15,2,DOL,WPR,"Newlands, Cape Town",a467273e,RJ Engelbrecht,12,2.0,34,0
736263,2014-11-07,2014-15,2,DOL,WPR,"Newlands, Cape Town",8b248d88,R Frylinck,22,3.4,31,1
736263,2014-11-07,2014-15,2,DOL,WPR,"Newlands, Cape Town",7ec9711d,P Subrayen,24,4.0,13,1
736263,2014-11-07,2014-15,2,DOL,WPR,"Newlands, Cape Town",87e562a9,DJ Bravo,24,4.0,25,0
736263,2014-11-07,2014-15,2,DOL,WPR,"Newlands, Cape Town",4aad78d3,K Zondo,6,1.0,12,0
736265,2014-11-07,2014-15,1,LIONS,WAR,"Buffalo Park, East London",fb66ce1f,CH Morris,24,4.0,37,0
736265,2014-11-07,2014-15,1,LIONS,WAR,"Buffalo Park, East London",12bffe91,LL Tsotsobe,24,4.0,13,1
736265,2014-11-07,2014-15,1,LIONS,WAR,"Buffalo Park, East London",a316d663,GC Viljoen,24,4.0,48,0
736265,2014-11-07,2014-15,1,LIONS,WAR,"Buffalo Park, East London",11614d87,D Pretorius,24,4.0,21,1
736265,2014-11-07,2014-15,1,LIONS,WAR,"Buffalo Park, East London",a7bc76a0,E Leie,24,4.0,19,3
736265,2014-11-07,2014-15,2,WAR,LIONS,"Buffalo Park, East London",23638956,SR Harmer,20,3.2,35,0
736265,2014-11-07,2014-15,2,WAR,LIONS,"Buffalo Park, East London",1e182ae2,BD Walters,12,2.0,25,0
736265,2014-11-07,2014-15,2,WAR,LIONS,"Buffalo Park, East London",dec8e038,J Theron,12,2.0,23,0
736265,2014-11-07,2014-15,2,WAR,LIONS,"Buffalo Park, East London",ca322fd6,L Mbane,24,4.0,31,0
736265,2014-11-07,2014-15,2,WAR,LIONS,"Buffalo Park, East London",a83c44b8,A Gqamane,12,2.0,31,0
736265,2014-11-07,2014-15,2,WAR,LIONS,"Buffalo Park, East London",42172c3c,JT Smuts,6,1.0,3,0
736267,2014-11-07,2014-15,1,TIT,KNG,"SuperSport Park, Centurion",800b52dc,NE Mbhalati,24,4.0,30,1
736267,2014-11-07,2014-15,1,TIT,KNG,"SuperSport Park, Centurion",05c2ca46,RE van der Merwe,24,4.0,38,1
736267,2014-11-07,2014-15,1,TIT,KNG,"SuperSport Park, Centurion",172dff15,C Bosch,24,4.0,26,1
736267,2014-11-07,2014-15,1,TIT,KNG,"SuperSport Park, Centurion",c03c6200,DJG Sammy,18,3.0,21,3
736267,2014-11-07,2014-15,1,TIT,KNG,"SuperSport Park, Centurion",1186f196,JJ Pienaar,12,2.0,31,0
736267,2014-11-07,2014-15,1,TIT,KNG,"SuperSport Park, Centurion",a03bba42,T Shamsi,18,3.0,30,0
736267,2014-11-07,2014-15,2,KNG,TIT,"SuperSport Park, Centurion",d7a57f75,D du Preez,24,4.0,31,0
736267,2014-11-07,2014-15,2,KNG,TIT,"SuperSport Park, Centurion",bbd41817,AD Russell,24,4.0,20,1
736267,2014-11-07,2014-15,2,KNG,TIT,"SuperSport Park, Centurion",9d50c7e1,MP Siboto,24,4.0,27,1
736267,2014-11-07,2014-15,2,KNG,TIT,"SuperSport Park, Centurion",97b0e4ff,SC van Schalkwyk,24,4.0,31,2
736267,2014-11-07,2014-15,2,KNG,TIT,"SuperSport Park, Centurion",5f419ace,WL Coetsee,18,3.0,26,0
736267,2014-11-07,2014-15,2,KNG,TIT,"SuperSport Park, Centurion",647a48da,AJ Pienaar,6,1.0,7,0
736269,2014-11-09,2014-15,1,TIT,DOL,"Kingsmead, Durban",800b52dc,NE Mbhalati,24,4.0,45,2
736269,2014-11-09,2014-15,1,TIT,DOL,"Kingsmead, Durban",05c2ca46,RE van der Merwe,12,2.0,30,0
736269,2014-11-09,2014-15,1,TIT,DOL,"Kingsmead, Durban",c03c6200,DJG Sammy,18,3.0,29,2
736269,2014-11-09,2014-15,1,TIT,DOL,"Kingsmead, Durban",172dff15,C Bosch,18,3.0,25,0
736269,2014-11-09,2014-15,1,TIT,DOL,"Kingsmead, Durban",a03bba42,T Shamsi,24,4.0,27,0
736269,2014-11-09,2014-15,1,TIT,DOL,"Kingsmead, Durban",9c9f8dbc,H Davids,12,2.0,14,0
736269,2014-11-09,2014-15,1,TIT,DOL,"Kingsmead, Durban",33085ffb,D Elgar,12,2.0,24,1
736269,2014-11-09,2014-15,2,DOL,TIT,"Kingsmead, Durban",26d9937d,CJ Alexander,24,4.0,34,1
736269,2014-11-09,2014-15,2,DOL,TIT,"Kingsmead, Durban",8b248d88,R Frylinck,24,4.0,22,2
736269,2014-11-09,2014-15,2,DOL,TIT,"Kingsmead, Durban",87e562a9,DJ Bravo,24,4.0,26,0
736269,2014-11-09,2014-15,2,DOL,TIT,"Kingsmead, Durban",7ec9711d,P Subrayen,24,4.0,21,3
736269,2014-11-09,2014-15,2,DOL,TIT,"Kingsmead, Durban",0b60eb09,KA Maharaj,24,4.0,23,3
736275,2014-11-14,2014-15,1,WAR,DOL,"St George's Park, Port Elizabeth",dec8e038,J Theron,24,4.0,33,2
736275,2014-11-14,2014-15,1,WAR,DOL,"St George's Park, Port Elizabeth",1e182ae2,BD Walters,12,2.0,13,0
736275,2014-11-14,2014-15,1,WAR,DOL,"St George's Park, Port Elizabeth",a83c44b8,A Gqamane,12,2.0,22,1
736275,2014-11-14,2014-15,1,WAR,DOL,"St George's Park, Port Elizabeth",ca322fd6,L Mbane,24,4.0,34,1
736275,2014-11-14,2014-15,1,WAR,DOL,"St George's Park, Port Elizabeth",23638956,SR Harmer,24,4.0,22,2
736275,2014-11-14,2014-15,1,WAR,DOL,"St George's Park, Port Elizabeth",42172c3c,JT Smuts,24,4.0,18,0
736275,2014-11-14,2014-15,2,DOL,WAR,"St George's Park, Port Elizabeth",8b248d88,R Frylinck,24,4.0,25,0
736275,2014-11-14,2014-15,2,DOL,WAR,"St George's Park, Port Elizabeth",26d9937d,CJ Alexander,24,4.0,38,0
736275,2014-11-14,2014-15,2,DOL,WAR,"St George's Park, Port Elizabeth",87e562a9,DJ Bravo,24,4.0,20,2
736275,2014-11-14,2014-15,2,DOL,WAR,"St George's Park, Port Elizabeth",7ec9711d,P Subrayen,18,3.0,23,0
736275,2014-11-14,2014-15,2,DOL,WAR,"St George's Park, Port Elizabeth",0b60eb09,KA Maharaj,12,2.0,16,0
736275,2014-11-14,2014-15,2,DOL,WAR,"St George's Park, Port Elizabeth",1b42a100,BS Makhanya,18,3.0,18,0
736277,2014-11-14,2014-15,1,KNG,TIT,"Chevrolet Park, Bloemfontein",ffa15667,Q Friend,24,4.0,15,1
736277,2014-11-14,2014-15,1,KNG,TIT,"Chevrolet Park, Bloemfontein",bbd41817,AD Russell,24,4.0,26,0
736277,2014-11-14,2014-15,1,KNG,TIT,"Chevrolet Park, Bloemfontein",9d50c7e1,MP Siboto,18,3.0,32,0
736277,2014-11-14,2014-15,1,KNG,TIT,"Chevrolet Park, Bloemfontein",97b0e4ff,SC van Schalkwyk,24,4.0,26,2
736277,2014-11-14,2014-15,1,KNG,TIT,"Chevrolet Park, Bloemfontein",5f419ace,WL Coetsee,18,3.0,23,0
736277,2014-11-14,2014-15,1,KNG,TIT,"Chevrolet Park, Bloemfontein",647a48da,AJ Pienaar,12,2.0,13,0
736277,2014-11-14,2014-15,2,TIT,KNG,"Chevrolet Park, Bloemfontein",05c2ca46,RE van der Merwe,6,1.0,9,0
736277,2014-11-14,2014-15,2,TIT,KNG,"Chevrolet Park, Bloemfontein",800b52dc,NE Mbhalati,18,3.0,28,1
736277,2014-11-14,2014-15,2,TIT,KNG,"Chevrolet Park, Bloemfontein",172dff15,C Bosch,20,3.2,40,0
736277,2014-11-14,2014-15,2,TIT,KNG,"Chevrolet Park, Bloemfontein",c03c6200,DJG Sammy,12,2.0,14,0
736277,2014-11-14,2014-15,2,TIT,KNG,"Chevrolet Park, Bloemfontein",aa8d28ae,D Wiese,24,4.0,27,1
736277,2014-11-14,2014-15,2,TIT,KNG,"Chevrolet Park, Bloemfontein",a03bba42,T Shamsi,18,3.0,17,0
736279,2014-11-14,2014-15,1,WPR,LIONS,"New Wanderers Stadium, Johannesburg",462d7c62,D Paterson,18,3.0,20,0
736279,2014-11-14,2014-15,1,WPR,LIONS,"New Wanderers Stadium, Johannesburg",016e5101,M Shezi,24,4.0,23,2
736279,2014-11-14,2014-15,1,WPR,LIONS,"New Wanderers Stadium, Johannesburg",f277f531,FD Adams,18,3.0,25,2
736279,2014-11-14,2014-15,1,WPR,LIONS,"New Wanderers Stadium, Johannesburg",a757b0d8,KA Pollard,24,4.0,26,2
736279,2014-11-14,2014-15,1,WPR,LIONS,"New Wanderers Stadium, Johannesburg",e5437608,GF Linde,24,4.0,23,1
736279,2014-11-14,2014-15,1,WPR,LIONS,"New Wanderers Stadium, Johannesburg",81a0e294,SA Engelbrecht,12,2.0,22,0
736279,2014-11-14,2014-15,2,LIONS,WPR,"New Wanderers Stadium, Johannesburg",12bffe91,LL Tsotsobe,24,4.0,28,1
736279,2014-11-14,2014-15,2,LIONS,WPR,"New Wanderers Stadium, Johannesburg",fb66ce1f,CH Morris,24,4.0,2,2
736279,2014-11-14,2014-15,2,LIONS,WPR,"New Wanderers Stadium, Johannesburg",11614d87,D Pretorius,24,4.0,24,2
736279,2014-11-14,2014-15,2,LIONS,WPR,"New Wanderers Stadium, Johannesburg",a316d663,GC Viljoen,24,4.0,12,2
736279,2014-11-14,2014-15,2,LIONS,WPR,"New Wanderers Stadium, Johannesburg",a7bc76a0,E Leie,24,4.0,22,1
736283,2014-11-16,2014-15,1,LIONS,WAR,"Kingsmead, Durban",12bffe91,LL Tsotsobe,24,4.0,26,2
736283,2014-11-16,2014-15,1,LIONS,WAR,"Kingsmead, Durban",fb66ce1f,CH Morris,24,4.0,20,2
736283,2014-11-16,2014-15,1,LIONS,WAR,"Kingsmead, Durban",a316d663,GC Viljoen,24,4.0,26,1
736283,2014-11-16,2014-15,1,LIONS,WAR,"Kingsmead, Durban",11614d87,D Pretorius,24,4.0,26,1
736283,2014-11-16,2014-15,1,LIONS,WAR,"Kingsmead, Durban",a7bc76a0,E Leie,24,4.0,28,1
736283,2014-11-16,2014-15,2,WAR,LIONS,"Kingsmead, Durban",1e182ae2,BD Walters,18,3.0,8,1
736283,2014-11-16,2014-15,2,WAR,LIONS,"Kingsmead, Durban",dec8e038,J Theron,21,3.3,29,0
736283,2014-11-16,2014-15,2,WAR,LIONS,"Kingsmead, Durban",ca322fd6,L Mbane,18,3.0,23,0
736283,2014-11-16,2014-15,2,WAR,LIONS,"Kingsmead, Durban",a83c44b8,A Gqamane,12,2.0,13,0
736283,2014-11-16,2014-15,2,WAR,LIONS,"Kingsmead, Durban",42172c3c,JT Smuts,24,4.0,24,2
736283,2014-11-16,2014-15,2,WAR,LIONS,"Kingsmead, Durban",23638956,SR Harmer,24,4.0,32,1
736285,2014-11-16,2014-15,1,KNG,DOL,"Kingsmead, Durban",ffa15667,Q Friend,24,4.0,17,2
736285,2014-11-16,2014-15,1,KNG,DOL,"Kingsmead, Durban",bbd41817,AD Russell,23,3.5,18,4
736285,2014-11-16,2014-15,1,KNG,DOL,"Kingsmead, Durban",97b0e4ff,SC van Schalkwyk,24,4.0,14,2
736285,2014-11-16,2014-15,1,KNG,DOL,"Kingsmead, Durban",9d50c7e1,MP Siboto,18,3.0,13,1
736285,2014-11-16,2014-15,1,KNG,DOL,"Kingsmead, Durban",5f419ace,WL Coetsee,18,3.0,16,0
736285,2014-11-16,2014-15,1,KNG,DOL,"Kingsmead, Durban",647a48da,AJ Pienaar,6,1.0,4,1
736287,2014-11-21,2014-15,1,WAR,KNG,"Buffalo Park, East London",1e182ae2,BD Walters,24,4.0,22,1
736287,2014-11-21,2014-15,1,WAR,KNG,"Buffalo Park, East London",dec8e038,J Theron,24,4.0,31,2
736287,2014-11-21,2014-15,1,WAR,KNG,"Buffalo Park, East London",ca322fd6,L Mbane,18,3.0,37,0
736287,2014-11-21,2014-15,1,WAR,KNG,"Buffalo Park, East London",23638956,SR Harmer,24,4.0,24,0
736287,2014-11-21,2014-15,1,WAR,KNG,"Buffalo Park, East London",42172c3c,JT Smuts,24,4.0,21,1
736287,2014-11-21,2014-15,1,WAR,KNG,"Buffalo Park, East London",a83c44b8,A Gqamane,6,1.0,11,0
736287,2014-11-21,2014-15,2,KNG,WAR,"Buffalo Park, East London",ffa15667,Q Friend,24,4.0,23,1
736287,2014-11-21,2014-15,2,KNG,WAR,"Buffalo Park, East London",bbd41817,AD Russell,21,3.3,20,1
736287,2014-11-21,2014-15,2,KNG,WAR,"Buffalo Park, East London",9d50c7e1,MP Siboto,24,4.0,36,0
736287,2014-11-21,2014-15,2,KNG,WAR,"Buffalo Park, East London",97b0e4ff,SC van Schalkwyk,18,3.0,38,0
736287,2014-11-21,2014-15,2,KNG,WAR,"Buffalo Park, East London",5f419ace,WL Coetsee,24,4.0,20,0
736287,2014-11-21,2014-15,2,KNG,WAR,"Buffalo Park, East London",647a48da,AJ Pienaar,6,1.0,11,0
736289,2014-11-21,2014-15,1,WPR,DOL,"Kingsmead, Durban",016e5101,M Shezi,6,1.0,9,1
736289,2014-11-21,2014-15,1,WPR,DOL,"Kingsmead, Durban",81a0e294,SA Engelbrecht,6,1.0,7,1
736289,2014-11-21,2014-15,1,WPR,DOL,"Kingsmead, Durban",462d7c62,D Paterson,12,2.0,11,1
736289,2014-11-21,2014-15,1,WPR,DOL,"Kingsmead, Durban",a757b0d8,KA Pollard,12,2.0,22,0
736289,2014-11-21,2014-15,1,WPR,DOL,"Kingsmead, Durban",f277f531,FD Adams,12,2.0,19,2
736289,2014-11-21,2014-15,1,WPR,DOL,"Kingsmead, Durban",e5437608,GF Linde,12,2.0,15,3
736289,2014-11-21,2014-15,2,DOL,WPR,"Kingsmead, Durban",26d9937d,CJ Alexander,12,2.0,23,1
736289,2014-11-21,2014-15,2,DOL,WPR,"Kingsmead, Durban",a467273e,RJ Engelbrecht,6,1.0,12,0
736289,2014-11-21,2014-15,2,DOL,WPR,"Kingsmead, Durban",8b248d88,R Frylinck,12,2.0,19,0
736289,2014-11-21,2014-15,2,DOL,WPR,"Kingsmead, Durban",7ec9711d,P Subrayen,12,2.0,10,1
736289,2014-11-21,2014-15,2,DOL,WPR,"Kingsmead, Durban",ab6b1c45,AL Phehlukwayo,6,1.0,12,0
736289,2014-11-21,2014-15,2,DOL,WPR,"Kingsmead, Durban",87e562a9,DJ Bravo,8,1.2,13,1
736291,2014-11-21,2014-15,1,LIONS,TIT,"Willowmoore Park, Benoni",12bffe91,LL Tsotsobe,18,3.0,32,1
736291,2014-11-21,2014-15,1,LIONS,TIT,"Willowmoore Park, Benoni",fb66ce1f,CH Morris,18,3.0,29,1
736291,2014-11-21,2014-15,1,LIONS,TIT,"Willowmoore Park, Benoni",a316d663,GC Viljoen,12,2.0,21,0
736291,2014-11-21,2014-15,1,LIONS,TIT,"Willowmoore Park, Benoni",11614d87,D Pretorius,12,2.0,31,0
736291,2014-11-21,2014-15,1,LIONS,TIT,"Willowmoore Park, Benoni",a7bc76a0,E Leie,18,3.0,17,2
736291,2014-11-21,2014-15,1,LIONS,TIT,"Willowmoore Park, Benoni",db584dad,CH Gayle,12,2.0,19,1
736291,2014-11-21,2014-15,1,LIONS,TIT,"Willowmoore Park, Benoni",77841dcc,J Symes,6,1.0,5,1
736291,2014-11-21,2014-15,2,TIT,LIONS,"Willowmoore Park, Benoni",9c9f8dbc,H Davids,6,1.0,11,0
736291,2014-11-21,2014-15,2,TIT,LIONS,"Willowmoore Park, Benoni",800b52dc,NE Mbhalati,24,4.0,29,2
736291,2014-11-21,2014-15,2,TIT,LIONS,"Willowmoore Park, Benoni",1cb14aa4,CJ Dala,18,3.0,26,0
736291,2014-11-21,2014-15,2,TIT,LIONS,"Willowmoore Park, Benoni",aa8d28ae,D Wiese,12,2.0,15,0
736291,2014-11-21,2014-15,2,TIT,LIONS,"Willowmoore Park, Benoni",a03bba42,T Shamsi,18,3.0,26,1
736291,2014-11-21,2014-15,2,TIT,LIONS,"Willowmoore Park, Benoni",05c2ca46,RE van der Merwe,12,2.0,24,1
736291,2014-11-21,2014-15,2,TIT,LIONS,"Willowmoore Park, Benoni",c03c6200,DJG Sammy,6,1.0,4,1
736293,2014-11-23,2014-15,1,LIONS,WPR,"Newlands, Cape Town",fb66ce1f,CH Morris,24,4.0,30,2
736293,2014-11-23,2014-15,1,LIONS,WPR,"Newlands, Cape Town",12bffe91,LL Tsotsobe,24,4.0,22,2
736293,2014-11-23,2014-15,1,LIONS,WPR,"Newlands, Cape Town",a316d663,GC Viljoen,24,4.0,25,1
736293,2014-11-23,2014-15,1,LIONS,WPR,"Newlands, Cape Town",a7bc76a0,E Leie,24,4.0,25,1
736293,2014-11-23,2014-15,1,LIONS,WPR,"Newlands, Cape Town",11614d87,D Pretorius,12,2.0,27,0
736293,2014-11-23,2014-15,1,LIONS,WPR,"Newlands, Cape Town",77841dcc,J Symes,12,2.0,19,0
736293,2014-11-23,2014-15,2,WPR,LIONS,"Newlands, Cape Town",016e5101,M Shezi,12,2.0,12,0
736293,2014-11-23,2014-15,2,WPR,LIONS,"Newlands, Cape Town",462d7c62,D Paterson,15,2.3,9,3
736293,2014-11-23,2014-15,2,WPR,LIONS,"Newlands, Cape Town",a757b0d8,KA Pollard,18,3.0,11,2
736293,2014-11-23,2014-15,2,WPR,LIONS,"Newlands, Cape Town",f277f531,FD Adams,18,3.0,14,2
736293,2014-11-23,2014-15,2,WPR,LIONS,"Newlands, Cape Town",e5437608,GF Linde,24,4.0,21,3
736293,2014-11-23,2014-15,2,WPR,LIONS,"Newlands, Cape Town",81a0e294,SA Engelbrecht,6,1.0,9,0
736295,2014-11-23,2014-15,1,WAR,TIT,"SuperSport Park, Centurion",dec8e038,J Theron,12,2.0,13,1
736295,2014-11-23,2014-15,1,WAR,TIT,"SuperSport Park, Centurion",1e182ae2,BD Walters,6,1.0,19,1
736295,2014-11-23,2014-15,1,WAR,TIT,"SuperSport Park, Centurion",8361e524,SSB Magala,12,2.0,25,0
736295,2014-11-23,2014-15,1,WAR,TIT,"SuperSport Park, Centurion",ca322fd6,L Mbane,6,1.0,12,1
736295,2014-11-23,2014-15,1,WAR,TIT,"SuperSport Park, Centurion",a83c44b8,A Gqamane,6,1.0,4,2
736295,2014-11-23,2014-15,1,WAR,TIT,"SuperSport Park, Centurion",42172c3c,JT Smuts,6,1.0,6,0
736295,2014-11-23,2014-15,2,TIT,WAR,"SuperSport Park, Centurion",800b52dc,NE Mbhalati,12,2.0,22,1
736295,2014-11-23,2014-15,2,TIT,WAR,"SuperSport Park, Centurion",1cb14aa4,CJ Dala,12,2.0,18,1
736295,2014-11-23,2014-15,2,TIT,WAR,"SuperSport Park, Centurion",aa8d28ae,D Wiese,12,2.0,13,2
736295,2014-11-23,2014-15,2,TIT,WAR,"SuperSport Park, Centurion",c03c6200,DJG Sammy,6,1.0,8,0
736295,2014-11-23,2014-15,2,TIT,WAR,"SuperSport Park, Centurion",994d9d36,ER Links,6,1.0,18,0
736297,2014-11-26,2014-15,1,DOL,TIT,"Willowmoore Park, Benoni",26d9937d,CJ Alexander,24,4.0,24,2
736297,2014-11-26,2014-15,1,DOL,TIT,"Willowmoore Park, Benoni",7ec9711d,P Subrayen,18,3.0,28,1
736297,2014-11-26,2014-15,1,DOL,TIT,"Willowmoore Park, Benoni",8b248d88,R Frylinck,24,4.0,32,2
736297,2014-11-26,2014-15,1,DOL,TIT,"Willowmoore Park, Benoni",87e562a9,DJ Bravo,24,4.0,42,1
736297,2014-11-26,2014-15,1,DOL,TIT,"Willowmoore Park, Benoni",ab6b1c45,AL Phehlukwayo,12,2.0,20,0
736297,2014-11-26,2014-15,1,DOL,TIT,"Willowmoore Park, Benoni",0b60eb09,KA Maharaj,18,3.0,23,0
736297,2014-11-26,2014-15,2,TIT,DOL,"Willowmoore Park, Benoni",aa8d28ae,D Wiese,24,4.0,32,2
736297,2014-11-26,2014-15,2,TIT,DOL,"Willowmoore Park, Benoni",1cb14aa4,CJ Dala,24,4.0,23,1
736297,2014-11-26,2014-15,2,TIT,DOL,"Willowmoore Park, Benoni",21fdde93,SF Mofokeng,18,3.0,29,1
736297,2014-11-26,2014-15,2,TIT,DOL,"Willowmoore Park, Benoni",c03c6200,DJG Sammy,24,4.0,29,2
736297,2014-11-26,2014-15,2,TIT,DOL,"Willowmoore Park, Benoni",994d9d36,ER Links,6,1.0,11,0
736297,2014-11-26,2014-15,2,TIT,DOL,"Willowmoore Park, Benoni",ffd3fc37,S von Berg,24,4.0,33,2
736299,2014-11-28,2014-15,1,WAR,WPR,"St George's Park, Port Elizabeth",1e182ae2,BD Walters,18,3.0,23,0
736299,2014-11-28,2014-15,1,WAR,WPR,"St George's Park, Port Elizabeth",dec8e038,J Theron,24,4.0,25,1
736299,2014-11-28,2014-15,1,WAR,WPR,"St George's Park, Port Elizabeth",ca322fd6,L Mbane,24,4.0,47,2
736299,2014-11-28,2014-15,1,WAR,WPR,"St George's Park, Port Elizabeth",42172c3c,JT Smuts,24,4.0,32,0
736299,2014-11-28,2014-15,1,WAR,WPR,"St George's Park, Port Elizabeth",23638956,SR Harmer,12,2.0,18,0
736299,2014-11-28,2014-15,1,WAR,WPR,"St George's Park, Port Elizabeth",a83c44b8,A Gqamane,12,2.0,23,0
736299,2014-11-28,2014-15,1,WAR,WPR,"St George's Park, Port Elizabeth",a81d6706,C Jonker,6,1.0,13,0
736299,2014-11-28,2014-15,2,WPR,WAR,"St George's Park, Port Elizabeth",016e5101,M Shezi,18,3.0,11,1
736299,2014-11-28,2014-15,2,WPR,WAR,"St George's Park, Port Elizabeth",462d7c62,D Paterson,18,3.0,11,2
736299,2014-11-28,2014-15,2,WPR,WAR,"St George's Park, Port Elizabeth",f277f531,FD Adams,18,3.0,24,0
736299,2014-11-28,2014-15,2,WPR,WAR,"St George's Park, Port Elizabeth",e5437608,GF Linde,24,4.0,26,3
736299,2014-11-28,2014-15,2,WPR,WAR,"St George's Park, Port Elizabeth",a757b0d8,KA Pollard,12,2.0,18,0
736299,2014-11-28,2014-15,2,WPR,WAR,"St George's Park, Port Elizabeth",81a0e294,SA Engelbrecht,19,3.1,22,4
736301,2014-11-28,2014-15,1,DOL,KNG,"Diamond Oval, Kimberley",26d9937d,CJ Alexander,24,4.0,24,1
736301,2014-11-28,2014-15,1,DOL,KNG,"Diamond Oval, Kimberley",8b248d88,R Frylinck,24,4.0,26,2
736301,2014-11-28,2014-15,1,DOL,KNG,"Diamond Oval, Kimberley",87e562a9,DJ Bravo,24,4.0,50,1
736301,2014-11-28,2014-15,1,DOL,KNG,"Diamond Oval, Kimberley",0b60eb09,KA Maharaj,24,4.0,29,0
736301,2014-11-28,2014-15,1,DOL,KNG,"Diamond Oval, Kimberley",7ec9711d,P Subrayen,24,4.0,32,0
736301,2014-11-28,2014-15,2,KNG,DOL,"Diamond Oval, Kimberley",ffa15667,Q Friend,18,3.0,15,1
736301,2014-11-28,2014-15,2,KNG,DOL,"Diamond Oval, Kimberley",bbd41817,AD Russell,21,3.3,17,3
736301,2014-11-28,2014-15,2,KNG,DOL,"Diamond Oval, Kimberley",97b0e4ff,SC van Schalkwyk,24,4.0,28,3
736301,2014-11-28,2014-15,2,KNG,DOL,"Diamond Oval, Kimberley",9d50c7e1,MP Siboto,18,3.0,26,1
736301,2014-11-28,2014-15,2,KNG,DOL,"Diamond Oval, Kimberley",5f419ace,WL Coetsee,24,4.0,35,2
736301,2014-11-28,2014-15,2,KNG,DOL,"Diamond Oval, Kimberley",647a48da,AJ Pienaar,6,1.0,6,0
736303,2014-11-28,2014-15,1,TIT,LIONS,"Senwes Park, Potchefstroom",800b52dc,NE Mbhalati,24,4.0,25,1
736303,2014-11-28,2014-15,1,TIT,LIONS,"Senwes Park, Potchefstroom",1cb14aa4,CJ Dala,18,3.0,32,0
736303,2014-11-28,2014-15,1,TIT,LIONS,"Senwes Park, Potchefstroom",aa8d28ae,D Wiese,24,4.0,47,1
736303,2014-11-28,2014-15,1,TIT,LIONS,"Senwes Park, Potchefstroom",994d9d36,ER Links,12,2.0,17,0
736303,2014-11-28,2014-15,1,TIT,LIONS,"Senwes Park, Potchefstroom",ffd3fc37,S von Berg,18,3.0,25,0
736303,2014-11-28,2014-15,1,TIT,LIONS,"Senwes Park, Potchefstroom",c03c6200,DJG Sammy,24,4.0,33,0
736303,2014-11-28,2014-15,2,LIONS,TIT,"Senwes Park, Potchefstroom",e62dd25d,K Rabada,24,4.0,45,0
736303,2014-11-28,2014-15,2,LIONS,TIT,"Senwes Park, Potchefstroom",12bffe91,LL Tsotsobe,24,4.0,44,2
736303,2014-11-28,2014-15,2,LIONS,TIT,"Senwes Park, Potchefstroom",fb66ce1f,CH Morris,24,4.0,39,0
736303,2014-11-28,2014-15,2,LIONS,TIT,"Senwes Park, Potchefstroom",a7bc76a0,E Leie,24,4.0,14,2
736303,2014-11-28,2014-15,2,LIONS,TIT,"Senwes Park, Potchefstroom",11614d87,D Pretorius,18,3.0,19,0
736303,2014-11-28,2014-15,2,LIONS,TIT,"Senwes Park, Potchefstroom",77841dcc,J Symes,6,1.0,13,0
736305,2014-11-30,2014-15,1,DOL,LIONS,"Chevrolet Park, Bloemfontein",c654af19,R McLaren,24,4.0,25,1
736305,2014-11-30,2014-15,1,DOL,LIONS,"Chevrolet Park, Bloemfontein",26d9937d,CJ Alexander,18,3.0,15,1
736305,2014-11-30,2014-15,1,DOL,LIONS,"Chevrolet Park, Bloemfontein",8b248d88,R Frylinck,24,4.0,30,2
736305,2014-11-30,2014-15,1,DOL,LIONS,"Chevrolet Park, Bloemfontein",87e562a9,DJ Bravo,24,4.0,24,2
736305,2014-11-30,2014-15,1,DOL,LIONS,"Chevrolet Park, Bloemfontein",7ec9711d,P Subrayen,24,4.0,17,1
736305,2014-11-30,2014-15,1,DOL,LIONS,"Chevrolet Park, Bloemfontein",ab6b1c45,AL Phehlukwayo,6,1.0,5,0
736305,2014-11-30,2014-15,2,LIONS,DOL,"Chevrolet Park, Bloemfontein",1b05424f,P Matshikwe,24,4.0,22,1
736305,2014-11-30,2014-15,2,LIONS,DOL,"Chevrolet Park, Bloemfontein",12bffe91,LL Tsotsobe,19,3.1,27,0
736305,2014-11-30,2014-15,2,LIONS,DOL,"Chevrolet Park, Bloemfontein",fb66ce1f,CH Morris,24,4.0,19,1
736305,2014-11-30,2014-15,2,LIONS,DOL,"Chevrolet Park, Bloemfontein",e62dd25d,K Rabada,24,4.0,20,2
736305,2014-11-30,2014-15,2,LIONS,DOL,"Chevrolet Park, Bloemfontein",a7bc76a0,E Leie,24,4.0,33,1
736307,2014-11-30,2014-15,1,TIT,WAR,"Chevrolet Park, Bloemfontein",d4eef961,M de Lange,24,4.0,31,4
736307,2014-11-30,2014-15,1,TIT,WAR,"Chevrolet Park, Bloemfontein",1cb14aa4,CJ Dala,24,4.0,33,2
736307,2014-11-30,2014-15,1,TIT,WAR,"Chevrolet Park, Bloemfontein",aa8d28ae,D Wiese,18,3.0,26,0
736307,2014-11-30,2014-15,1,TIT,WAR,"Chevrolet Park, Bloemfontein",ffd3fc37,S von Berg,24,4.0,17,1
736307,2014-11-30,2014-15,1,TIT,WAR,"Chevrolet Park, Bloemfontein",21fdde93,SF Mofokeng,12,2.0,13,0
736307,2014-11-30,2014-15,1,TIT,WAR,"Chevrolet Park, Bloemfontein",c03c6200,DJG Sammy,18,3.0,26,0
736307,2014-11-30,2014-15,2,WAR,TIT,"Chevrolet Park, Bloemfontein",dec8e038,J Theron,24,4.0,14,2
736307,2014-11-30,2014-15,2,WAR,TIT,"Chevrolet Park, Bloemfontein",1e182ae2,BD Walters,18,3.0,24,1
736307,2014-11-30,2014-15,2,WAR,TIT,"Chevrolet Park, Bloemfontein",8361e524,SSB Magala,6,1.0,13,0
736307,2014-11-30,2014-15,2,WAR,TIT,"Chevrolet Park, Bloemfontein",a83c44b8,A Gqamane,12,2.0,21,0
736307,2014-11-30,2014-15,2,WAR,TIT,"Chevrolet Park, Bloemfontein",23638956,SR Harmer,24,4.0,24,1
736307,2014-11-30,2014-15,2,WAR,TIT,"Chevrolet Park, Bloemfontein",42172c3c,JT Smuts,24,4.0,20,1
736307,2014-11-30,2014-15,2,WAR,TIT,"Chevrolet Park, Bloemfontein",9fa54c94,MY Vallie,12,2.0,5,2
736309,2014-11-30,2014-15,1,KNG,WPR,"Chevrolet Park, Bloemfontein",ffa15667,Q Friend,12,2.0,9,0
736309,2014-11-30,2014-15,1,KNG,WPR,"Chevrolet Park, Bloemfontein",bbd41817,AD Russell,24,4.0,31,0
736309,2014-11-30,2014-15,1,KNG,WPR,"Chevrolet Park, Bloemfontein",9d50c7e1,MP Siboto,24,4.0,30,1
736309,2014-11-30,2014-15,1,KNG,WPR,"Chevrolet Park, Bloemfontein",97b0e4ff,SC van Schalkwyk,24,4.0,24,1
736309,2014-11-30,2014-15,1,KNG,WPR,"Chevrolet Park, Bloemfontein",5f419ace,WL Coetsee,24,4.0,29,1
736309,2014-11-30,2014-15,1,KNG,WPR,"Chevrolet Park, Bloemfontein",647a48da,AJ Pienaar,12,2.0,19,0
736309,2014-11-30,2014-15,2,WPR,KNG,"Chevrolet Park, Bloemfontein",016e5101,M Shezi,24,4.0,43,0
736309,2014-11-30,2014-15,2,WPR,KNG,"Chevrolet Park, Bloemfontein",462d7c62,D Paterson,12,2.0,4,0
736309,2014-11-30,2014-15,2,WPR,KNG,"Chevrolet Park, Bloemfontein",a757b0d8,KA Pollard,12,2.0,18,0
736309,2014-11-30,2014-15,2,WPR,KNG,"Chevrolet Park, Bloemfontein",f277f531,FD Adams,18,3.0,21,0
736309,2014-11-30,2014-15,2,WPR,KNG,"Chevrolet Park, Bloemfontein",26ff4c29,RJ Peterson,24,4.0,21,3
736309,2014-11-30,2014-15,2,WPR,KNG,"Chevrolet Park, Bloemfontein",55f33b32,JL Ontong,6,1.0,5,0
736309,2014-11-30,2014-15,2,WPR,KNG,"Chevrolet Park, Bloemfontein",e5437608,GF Linde,24,4.0,18,1
736311,2014-12-03,2014-15,1,WPR,WAR,"Boland Park, Paarl",016e5101,M Shezi,18,3.0,19,1
736311,2014-12-03,2014-15,1,WPR,WAR,"Boland Park, Paarl",8fd1a8f5,DW Steyn,24,4.0,19,1
736311,2014-12-03,2014-15,1,WPR,WAR,"Boland Park, Paarl",462d7c62,D Paterson,24,4.0,23,1
736311,2014-12-03,2014-15,1,WPR,WAR,"Boland Park, Paarl",a757b0d8,KA Pollard,12,2.0,12,1
736311,2014-12-03,2014-15,1,WPR,WAR,"Boland Park, Paarl",e5437608,GF Linde,24,4.0,42,1
736311,2014-12-03,2014-15,1,WPR,WAR,"Boland Park, Paarl",26ff4c29,RJ Peterson,18,3.0,16,0
736311,2014-12-03,2014-15,2,WAR,WPR,"Boland Park, Paarl",dec8e038,J Theron,18,3.0,21,0
736311,2014-12-03,2014-15,2,WAR,WPR,"Boland Park, Paarl",1e182ae2,BD Walters,18,3.0,17,0
736311,2014-12-03,2014-15,2,WAR,WPR,"Boland Park, Paarl",8361e524,SSB Magala,18,3.0,23,1
736311,2014-12-03,2014-15,2,WAR,WPR,"Boland Park, Paarl",42172c3c,JT Smuts,24,4.0,25,0
736311,2014-12-03,2014-15,2,WAR,WPR,"Boland Park, Paarl",23638956,SR Harmer,18,3.0,14,0
736311,2014-12-03,2014-15,2,WAR,WPR,"Boland Park, Paarl",9fa54c94,MY Vallie,6,1.0,13,0
736311,2014-12-03,2014-15,2,WAR,WPR,"Boland Park, Paarl",a83c44b8,A Gqamane,7,1.1,16,0
736313,2014-12-03,2014-15,1,LIONS,KNG,"Diamond Oval, Kimberley",1b05424f,P Matshikwe,18,3.0,25,0
736313,2014-12-03,2014-15,1,LIONS,KNG,"Diamond Oval, Kimberley",fb66ce1f,CH Morris,24,4.0,46,2
736313,2014-12-03,2014-15,1,LIONS,KNG,"Diamond Oval, Kimberley",e62dd25d,K Rabada,18,3.0,21,2
736313,2014-12-03,2014-15,1,LIONS,KNG,"Diamond Oval, Kimberley",12bffe91,LL Tsotsobe,24,4.0,44,2
736313,2014-12-03,2014-15,1,LIONS,KNG,"Diamond Oval, Kimberley",a7bc76a0,E Leie,24,4.0,21,1
736313,2014-12-03,2014-15,1,LIONS,KNG,"Diamond Oval, Kimberley",11614d87,D Pretorius,12,2.0,21,0
736313,2014-12-03,2014-15,2,KNG,LIONS,"Diamond Oval, Kimberley",d7a57f75,D du Preez,8,1.2,10,0
736313,2014-12-03,2014-15,2,KNG,LIONS,"Diamond Oval, Kimberley",bbd41817,AD Russell,6,1.0,12,0
736315,2014-12-07,2014-15,1,KNG,LIONS,"New Wanderers Stadium, Johannesburg",5f419ace,WL Coetsee,24,4.0,33,1
736315,2014-12-07,2014-15,1,KNG,LIONS,"New Wanderers Stadium, Johannesburg",bbd41817,AD Russell,24,4.0,44,1
736315,2014-12-07,2014-15,1,KNG,LIONS,"New Wanderers Stadium, Johannesburg",d7a57f75,D du Preez,24,4.0,20,0
736315,2014-12-07,2014-15,1,KNG,LIONS,"New Wanderers Stadium, Johannesburg",9d50c7e1,MP Siboto,24,4.0,26,2
736315,2014-12-07,2014-15,1,KNG,LIONS,"New Wanderers Stadium, Johannesburg",97b0e4ff,SC van Schalkwyk,24,4.0,25,1
736315,2014-12-07,2014-15,2,LIONS,KNG,"New Wanderers Stadium, Johannesburg",1b05424f,P Matshikwe,12,2.0,28,0
736315,2014-12-07,2014-15,2,LIONS,KNG,"New Wanderers Stadium, Johannesburg",12bffe91,LL Tsotsobe,23,3.5,32,1
736315,2014-12-07,2014-15,2,LIONS,KNG,"New Wanderers Stadium, Johannesburg",fb66ce1f,CH Morris,18,3.0,29,0
736315,2014-12-07,2014-15,2,LIONS,KNG,"New Wanderers Stadium, Johannesburg",e62dd25d,K Rabada,18,3.0,13,1
736315,2014-12-07,2014-15,2,LIONS,KNG,"New Wanderers Stadium, Johannesburg",a7bc76a0,E Leie,24,4.0,28,0
736315,2014-12-07,2014-15,2,LIONS,KNG,"New Wanderers Stadium, Johannesburg",db584dad,CH Gayle,6,1.0,10,0
736315,2014-12-07,2014-15,2,LIONS,KNG,"New Wanderers Stadium, Johannesburg",77841dcc,J Symes,6,1.0,7,0
736317,2014-12-12,2014-15,1,KNG,WPR,"Newlands, Cape Town",d7a57f75,D du Preez,24,4.0,27,1
736317,2014-12-12,2014-15,1,KNG,WPR,"Newlands, Cape Town",bbd41817,AD Russell,24,4.0,40,0
736317,2014-12-12,2014-15,1,KNG,WPR,"Newlands, Cape Town",9d50c7e1,MP Siboto,24,4.0,29,0
736317,2014-12-12,2014-15,1,KNG,WPR,"Newlands, Cape Town",97b0e4ff,SC van Schalkwyk,24,4.0,31,1
736317,2014-12-12,2014-15,1,KNG,WPR,"Newlands, Cape Town",5f419ace,WL Coetsee,18,3.0,22,0
736317,2014-12-12,2014-15,1,KNG,WPR,"Newlands, Cape Town",647a48da,AJ Pienaar,6,1.0,6,1
736317,2014-12-12,2014-15,2,WPR,KNG,"Newlands, Cape Town",8fd1a8f5,DW Steyn,24,4.0,11,0
736317,2014-12-12,2014-15,2,WPR,KNG,"Newlands, Cape Town",016e5101,M Shezi,18,3.0,22,0
736317,2014-12-12,2014-15,2,WPR,KNG,"Newlands, Cape Town",462d7c62,D Paterson,24,4.0,33,4
736317,2014-12-12,2014-15,2,WPR,KNG,"Newlands, Cape Town",a757b0d8,KA Pollard,24,4.0,21,3
736317,2014-12-12,2014-15,2,WPR,KNG,"Newlands, Cape Town",26ff4c29,RJ Peterson,12,2.0,12,1
736317,2014-12-12,2014-15,2,WPR,KNG,"Newlands, Cape Town",e5437608,GF Linde,12,2.0,16,0
736317,2014-12-12,2014-15,2,WPR,KNG,"Newlands, Cape Town",55f33b32,JL Ontong,6,1.0,9,1
851933,2015-11-01,2015-16,1,TIT,DOL,"SuperSport Park, Centurion",c3d35165,JA Morkel,24,4.0,28,2
851933,2015-11-01,2015-16,1,TIT,DOL,"SuperSport Park, Centurion",fb66ce1f,CH Morris,24,4.0,35,0
851933,2015-11-01,2015-16,1,TIT,DOL,"SuperSport Park, Centurion",1cb14aa4,CJ Dala,12,2.0,22,1
851933,2015-11-01,2015-16,1,TIT,DOL,"SuperSport Park, Centurion",d4eef961,M de Lange,18,3.0,48,0
851933,2015-11-01,2015-16,1,TIT,DOL,"SuperSport Park, Centurion",a03bba42,T Shamsi,24,4.0,31,0
851933,2015-11-01,2015-16,1,TIT,DOL,"SuperSport Park, Centurion",9c9f8dbc,H Davids,18,3.0,14,1
851933,2015-11-01,2015-16,2,DOL,TIT,"SuperSport Park, Centurion",a9da7784,KJ Abbott,24,4.0,45,0
851933,2015-11-01,2015-16,2,DOL,TIT,"SuperSport Park, Centurion",7ec9711d,P Subrayen,24,4.0,22,4
851933,2015-11-01,2015-16,2,DOL,TIT,"SuperSport Park, Centurion",0b60eb09,KA Maharaj,24,4.0,36,1
851933,2015-11-01,2015-16,2,DOL,TIT,"SuperSport Park, Centurion",c50bfbc2,A Myoli,24,4.0,37,0
851933,2015-11-01,2015-16,2,DOL,TIT,"SuperSport Park, Centurion",ab6b1c45,AL Phehlukwayo,24,4.0,29,2
851937,2015-11-06,2015-16,1,WAR,WPR,"Boland Park, Paarl",1e182ae2,BD Walters,12,2.0,13,0
851937,2015-11-06,2015-16,1,WAR,WPR,"Boland Park, Paarl",9df3a2f4,ACR Birch,18,3.0,27,2
851937,2015-11-06,2015-16,1,WAR,WPR,"Boland Park, Paarl",42172c3c,JT Smuts,24,4.0,14,2
851937,2015-11-06,2015-16,1,WAR,WPR,"Boland Park, Paarl",8361e524,SSB Magala,12,2.0,21,1
851937,2015-11-06,2015-16,1,WAR,WPR,"Boland Park, Paarl",e734d090,CN Ackermann,24,4.0,26,0
851937,2015-11-06,2015-16,1,WAR,WPR,"Boland Park, Paarl",c995d726,CA Ingram,6,1.0,6,0
851937,2015-11-06,2015-16,1,WAR,WPR,"Boland Park, Paarl",a83c44b8,A Gqamane,6,1.0,10,0
851937,2015-11-06,2015-16,1,WAR,WPR,"Boland Park, Paarl",af917dde,MJ Nqolo,6,1.0,8,0
851937,2015-11-06,2015-16,1,WAR,WPR,"Boland Park, Paarl",9fa54c94,MY Vallie,12,2.0,9,1
851937,2015-11-06,2015-16,2,WPR,WAR,"Boland Park, Paarl",3a60e0b5,WD Parnell,24,4.0,15,2
851937,2015-11-06,2015-16,2,WPR,WAR,"Boland Park, Paarl",462d7c62,D Paterson,24,4.0,31,3
851937,2015-11-06,2015-16,2,WPR,WAR,"Boland Park, Paarl",016e5101,M Shezi,12,2.0,6,0
851937,2015-11-06,2015-16,2,WPR,WAR,"Boland Park, Paarl",f277f531,FD Adams,6,1.0,20,0
851937,2015-11-06,2015-16,2,WPR,WAR,"Boland Park, Paarl",e5437608,GF Linde,24,4.0,27,0
851937,2015-11-06,2015-16,2,WPR,WAR,"Boland Park, Paarl",55f33b32,JL Ontong,18,3.0,22,0
851937,2015-11-06,2015-16,2,WPR,WAR,"Boland Park, Paarl",81a0e294,SA Engelbrecht,12,2.0,12,1
851939,2015-11-06,2015-16,1,DOL,KNG,"Diamond Oval, Kimberley",0b60eb09,KA Maharaj,18,3.0,20,1
851939,2015-11-06,2015-16,1,DOL,KNG,"Diamond Oval, Kimberley",a9da7784,KJ Abbott,24,4.0,31,2
851939,2015-11-06,2015-16,1,DOL,KNG,"Diamond Oval, Kimberley",ab6b1c45,AL Phehlukwayo,18,3.0,23,0
851939,2015-11-06,2015-16,1,DOL,KNG,"Diamond Oval, Kimberley",c50bfbc2,A Myoli,24,4.0,27,0
851939,2015-11-06,2015-16,1,DOL,KNG,"Diamond Oval, Kimberley",afa78c3a,CS Delport,18,3.0,22,0
851939,2015-11-06,2015-16,1,DOL,KNG,"Diamond Oval, Kimberley",7ec9711d,P Subrayen,18,3.0,41,0
851939,2015-11-06,2015-16,2,KNG,DOL,"Diamond Oval, Kimberley",d7a57f75,D du Preez,18,3.0,28,0
851939,2015-11-06,2015-16,2,KNG,DOL,"Diamond Oval, Kimberley",97b0e4ff,SC van Schalkwyk,22,3.4,49,0
851939,2015-11-06,2015-16,2,KNG,DOL,"Diamond Oval, Kimberley",c654af19,R McLaren,18,3.0,26,1
851939,2015-11-06,2015-16,2,KNG,DOL,"Diamond Oval, Kimberley",9d50c7e1,MP Siboto,18,3.0,33,0
851939,2015-11-06,2015-16,2,KNG,DOL,"Diamond Oval, Kimberley",5f419ace,WL Coetsee,18,3.0,19,0
851939,2015-11-06,2015-16,2,KNG,DOL,"Diamond Oval, Kimberley",b365a225,K Mohale,6,1.0,15,0
851943,2015-11-08,2015-16,1,WAR,DOL,"Kingsmead, Durban",9df3a2f4,ACR Birch,24,4.0,37,1
851943,2015-11-08,2015-16,1,WAR,DOL,"Kingsmead, Durban",1e182ae2,BD Walters,12,2.0,16,0
851943,2015-11-08,2015-16,1,WAR,DOL,"Kingsmead, Durban",42172c3c,JT Smuts,24,4.0,31,0
851943,2015-11-08,2015-16,1,WAR,DOL,"Kingsmead, Durban",a83c44b8,A Gqamane,12,2.0,25,0
851943,2015-11-08,2015-16,1,WAR,DOL,"Kingsmead, Durban",c995d726,CA Ingram,6,1.0,15,0
851943,2015-11-08,2015-16,1,WAR,DOL,"Kingsmead, Durban",8361e524,SSB Magala,24,4.0,29,2
851943,2015-11-08,2015-16,1,WAR,DOL,"Kingsmead, Durban",e734d090,CN Ackermann,12,2.0,11,1
851943,2015-11-08,2015-16,1,WAR,DOL,"Kingsmead, Durban",9fa54c94,MY Vallie,6,1.0,13,0
851943,2015-11-08,2015-16,2,DOL,WAR,"Kingsmead, Durban",a9da7784,KJ Abbott,24,4.0,32,0
851943,2015-11-08,2015-16,2,DOL,WAR,"Kingsmead, Durban",0b60eb09,KA Maharaj,24,4.0,15,1
851943,2015-11-08,2015-16,2,DOL,WAR,"Kingsmead, Durban",c50bfbc2,A Myoli,6,1.0,12,0
851943,2015-11-08,2015-16,2,DOL,WAR,"Kingsmead, Durban",ab6b1c45,AL Phehlukwayo,16,2.4,23,2
851943,2015-11-08,2015-16,2,DOL,WAR,"Kingsmead, Durban",afa78c3a,CS Delport,24,4.0,26,3
851943,2015-11-08,2015-16,2,DOL,WAR,"Kingsmead, Durban",7ec9711d,P Subrayen,24,4.0,29,4
851945,2015-11-08,2015-16,1,WPR,TIT,"SuperSport Park, Centurion",462d7c62,D Paterson,24,4.0,31,3
851945,2015-11-08,2015-16,1,WPR,TIT,"SuperSport Park, Centurion",7955eb15,RK Kleinveldt,18,3.0,36,0
851945,2015-11-08,2015-16,1,WPR,TIT,"SuperSport Park, Centurion",016e5101,M Shezi,18,3.0,28,0
851945,2015-11-08,2015-16,1,WPR,TIT,"SuperSport Park, Centurion",81a0e294,SA Engelbrecht,18,3.0,19,0
851945,2015-11-08,2015-16,1,WPR,TIT,"SuperSport Park, Centurion",e5437608,GF Linde,18,3.0,24,0
851945,2015-11-08,2015-16,1,WPR,TIT,"SuperSport Park, Centurion",55f33b32,JL Ontong,24,4.0,33,2
851945,2015-11-08,2015-16,2,TIT,WPR,"SuperSport Park, Centurion",ba377b40,GL van Buuren,24,4.0,15,0
851945,2015-11-08,2015-16,2,TIT,WPR,"SuperSport Park, Centurion",fb66ce1f,CH Morris,24,4.0,35,2
851945,2015-11-08,2015-16,2,TIT,WPR,"SuperSport Park, Centurion",f834dcfc,L Ngidi,18,3.0,26,0
851945,2015-11-08,2015-16,2,TIT,WPR,"SuperSport Park, Centurion",3da575b7,R Claassen,24,4.0,34,2
851945,2015-11-08,2015-16,2,TIT,WPR,"SuperSport Park, Centurion",9c9f8dbc,H Davids,6,1.0,6,0
851945,2015-11-08,2015-16,2,TIT,WPR,"SuperSport Park, Centurion",c3d35165,JA Morkel,24,4.0,28,2
851947,2015-11-11,2015-16,1,WPR,KNG,"Diamond Oval, Kimberley",3a60e0b5,WD Parnell,18,3.0,31,0
851947,2015-11-11,2015-16,1,WPR,KNG,"Diamond Oval, Kimberley",7955eb15,RK Kleinveldt,18,3.0,25,0
851947,2015-11-11,2015-16,1,WPR,KNG,"Diamond Oval, Kimberley",016e5101,M Shezi,24,4.0,27,0
851947,2015-11-11,2015-16,1,WPR,KNG,"Diamond Oval, Kimberley",462d7c62,D Paterson,18,3.0,44,1
851947,2015-11-11,2015-16,1,WPR,KNG,"Diamond Oval, Kimberley",e5437608,GF Linde,24,4.0,21,4
851947,2015-11-11,2015-16,1,WPR,KNG,"Diamond Oval, Kimberley",81a0e294,SA Engelbrecht,12,2.0,14,0
851947,2015-11-11,2015-16,1,WPR,KNG,"Diamond Oval, Kimberley",55f33b32,JL Ontong,6,1.0,7,0
851947,2015-11-11,2015-16,2,KNG,WPR,"Diamond Oval, Kimberley",d7a57f75,D du Preez,18,3.0,38,1
851947,2015-11-11,2015-16,2,KNG,WPR,"Diamond Oval, Kimberley",c654af19,R McLaren,18,3.0,19,0
851947,2015-11-11,2015-16,2,KNG,WPR,"Diamond Oval, Kimberley",5f419ace,WL Coetsee,24,4.0,19,2
851947,2015-11-11,2015-16,2,KNG,WPR,"Diamond Oval, Kimberley",9d50c7e1,MP Siboto,24,4.0,38,2
851947,2015-11-11,2015-16,2,KNG,WPR,"Diamond Oval, Kimberley",8e6827f7,T Ntuli,6,1.0,12,0
851947,2015-11-11,2015-16,2,KNG,WPR,"Diamond Oval, Kimberley",b365a225,K Mohale,12,2.0,21,1
851947,2015-11-11,2015-16,2,KNG,WPR,"Diamond Oval, Kimberley",cba5185d,AR Swanepoel,12,2.0,29,0
851949,2015-11-13,2015-16,1,LIONS,WAR,"St George's Park, Port Elizabeth",9a2fc964,BC Fortuin,24,4.0,23,1
851949,2015-11-13,2015-16,1,LIONS,WAR,"St George's Park, Port Elizabeth",11614d87,D Pretorius,12,2.0,14,0
851949,2015-11-13,2015-16,1,LIONS,WAR,"St George's Park, Port Elizabeth",a316d663,GC Viljoen,24,4.0,30,0
851949,2015-11-13,2015-16,1,LIONS,WAR,"St George's Park, Port Elizabeth",a7bc76a0,E Leie,24,4.0,28,1
851949,2015-11-13,2015-16,1,LIONS,WAR,"St George's Park, Port Elizabeth",7f8ecc51,AM Phangiso,24,4.0,36,2
851949,2015-11-13,2015-16,1,LIONS,WAR,"St George's Park, Port Elizabeth",09497f5a,S Pillay,12,2.0,24,0
851949,2015-11-13,2015-16,2,WAR,LIONS,"St George's Park, Port Elizabeth",9df3a2f4,ACR Birch,24,4.0,22,0
851949,2015-11-13,2015-16,2,WAR,LIONS,"St George's Park, Port Elizabeth",1e182ae2,BD Walters,12,2.0,20,0
851949,2015-11-13,2015-16,2,WAR,LIONS,"St George's Park, Port Elizabeth",ca322fd6,L Mbane,12,2.0,16,0
851949,2015-11-13,2015-16,2,WAR,LIONS,"St George's Park, Port Elizabeth",8361e524,SSB Magala,24,4.0,28,5
851949,2015-11-13,2015-16,2,WAR,LIONS,"St George's Park, Port Elizabeth",42172c3c,JT Smuts,24,4.0,14,2
851949,2015-11-13,2015-16,2,WAR,LIONS,"St George's Park, Port Elizabeth",9fa54c94,MY Vallie,6,1.0,10,0
851949,2015-11-13,2015-16,2,WAR,LIONS,"St George's Park, Port Elizabeth",e734d090,CN Ackermann,18,3.0,18,1
851953,2015-11-15,2015-16,1,WPR,DOL,"SuperSport Park, Centurion",462d7c62,D Paterson,24,4.0,25,0
851953,2015-11-15,2015-16,1,WPR,DOL,"SuperSport Park, Centurion",3a60e0b5,WD Parnell,24,4.0,20,4
851953,2015-11-15,2015-16,1,WPR,DOL,"SuperSport Park, Centurion",016e5101,M Shezi,24,4.0,25,1
851953,2015-11-15,2015-16,1,WPR,DOL,"SuperSport Park, Centurion",e5437608,GF Linde,24,4.0,43,1
851953,2015-11-15,2015-16,1,WPR,DOL,"SuperSport Park, Centurion",a757b0d8,KA Pollard,24,4.0,32,1
851953,2015-11-15,2015-16,2,DOL,WPR,"SuperSport Park, Centurion",26d9937d,CJ Alexander,18,3.0,26,0
851953,2015-11-15,2015-16,2,DOL,WPR,"SuperSport Park, Centurion",0b60eb09,KA Maharaj,24,4.0,15,1
851953,2015-11-15,2015-16,2,DOL,WPR,"SuperSport Park, Centurion",c654af19,R McLaren,16,2.4,33,1
851953,2015-11-15,2015-16,2,DOL,WPR,"SuperSport Park, Centurion",ab6b1c45,AL Phehlukwayo,12,2.0,20,0
851953,2015-11-15,2015-16,2,DOL,WPR,"SuperSport Park, Centurion",87e562a9,DJ Bravo,24,4.0,35,1
851953,2015-11-15,2015-16,2,DOL,WPR,"SuperSport Park, Centurion",4aad78d3,K Zondo,24,4.0,22,2
851955,2015-11-15,2015-16,1,TIT,WAR,"SuperSport Park, Centurion",c3d35165,JA Morkel,6,1.0,5,0
851955,2015-11-15,2015-16,1,TIT,WAR,"SuperSport Park, Centurion",ba377b40,GL van Buuren,24,4.0,24,0
851955,2015-11-15,2015-16,1,TIT,WAR,"SuperSport Park, Centurion",fb66ce1f,CH Morris,24,4.0,35,2
851955,2015-11-15,2015-16,1,TIT,WAR,"SuperSport Park, Centurion",1cb14aa4,CJ Dala,12,2.0,11,0
851955,2015-11-15,2015-16,1,TIT,WAR,"SuperSport Park, Centurion",9c9f8dbc,H Davids,6,1.0,11,0
851955,2015-11-15,2015-16,1,TIT,WAR,"SuperSport Park, Centurion",a03bba42,T Shamsi,24,4.0,20,2
851955,2015-11-15,2015-16,1,TIT,WAR,"SuperSport Park, Centurion",f834dcfc,L Ngidi,6,1.0,14,0
851955,2015-11-15,2015-16,1,TIT,WAR,"SuperSport Park, Centurion",aa8d28ae,D Wiese,18,3.0,23,3
851955,2015-11-15,2015-16,2,WAR,TIT,"SuperSport Park, Centurion",9df3a2f4,ACR Birch,24,4.0,36,1
851955,2015-11-15,2015-16,2,WAR,TIT,"SuperSport Park, Centurion",1e182ae2,BD Walters,7,1.1,14,0
851955,2015-11-15,2015-16,2,WAR,TIT,"SuperSport Park, Centurion",8361e524,SSB Magala,18,3.0,24,1
851955,2015-11-15,2015-16,2,WAR,TIT,"SuperSport Park, Centurion",42172c3c,JT Smuts,18,3.0,31,0
851955,2015-11-15,2015-16,2,WAR,TIT,"SuperSport Park, Centurion",e734d090,CN Ackermann,24,4.0,25,2
851955,2015-11-15,2015-16,2,WAR,TIT,"SuperSport Park, Centurion",ca322fd6,L Mbane,12,2.0,19,1
851957,2015-11-15,2015-16,1,KNG,LIONS,"Mangaung Oval, Bloemfontein",d7a57f75,D du Preez,24,4.0,8,0
851957,2015-11-15,2015-16,1,KNG,LIONS,"Mangaung Oval, Bloemfontein",bbd41817,AD Russell,24,4.0,22,1
851957,2015-11-15,2015-16,1,KNG,LIONS,"Mangaung Oval, Bloemfontein",9d50c7e1,MP Siboto,24,4.0,27,0
851957,2015-11-15,2015-16,1,KNG,LIONS,"Mangaung Oval, Bloemfontein",97b0e4ff,SC van Schalkwyk,24,4.0,19,4
851957,2015-11-15,2015-16,1,KNG,LIONS,"Mangaung Oval, Bloemfontein",5f419ace,WL Coetsee,12,2.0,20,0
851957,2015-11-15,2015-16,1,KNG,LIONS,"Mangaung Oval, Bloemfontein",8e6827f7,T Ntuli,12,2.0,13,1
851957,2015-11-15,2015-16,2,LIONS,KNG,"Mangaung Oval, Bloemfontein",9a2fc964,BC Fortuin,18,3.0,24,0
851957,2015-11-15,2015-16,2,LIONS,KNG,"Mangaung Oval, Bloemfontein",11614d87,D Pretorius,24,4.0,18,3
851957,2015-11-15,2015-16,2,LIONS,KNG,"Mangaung Oval, Bloemfontein",12bffe91,LL Tsotsobe,24,4.0,22,2
851957,2015-11-15,2015-16,2,LIONS,KNG,"Mangaung Oval, Bloemfontein",7f8ecc51,AM Phangiso,24,4.0,12,0
851957,2015-11-15,2015-16,2,LIONS,KNG,"Mangaung Oval, Bloemfontein",a7bc76a0,E Leie,24,4.0,15,5
851959,2015-11-18,2015-16,1,DOL,TIT,"Kingsmead, Durban",26d9937d,CJ Alexander,12,2.0,17,0
851959,2015-11-18,2015-16,1,DOL,TIT,"Kingsmead, Durban",c654af19,R McLaren,24,4.0,28,3
851959,2015-11-18,2015-16,1,DOL,TIT,"Kingsmead, Durban",ab6b1c45,AL Phehlukwayo,24,4.0,27,3
851959,2015-11-18,2015-16,1,DOL,TIT,"Kingsmead, Durban",87e562a9,DJ Bravo,24,4.0,31,1
851959,2015-11-18,2015-16,1,DOL,TIT,"Kingsmead, Durban",c50bfbc2,A Myoli,18,3.0,17,0
851959,2015-11-18,2015-16,1,DOL,TIT,"Kingsmead, Durban",0b60eb09,KA Maharaj,18,3.0,16,2
851959,2015-11-18,2015-16,2,TIT,DOL,"Kingsmead, Durban",c3d35165,JA Morkel,24,4.0,14,2
851959,2015-11-18,2015-16,2,TIT,DOL,"Kingsmead, Durban",fb66ce1f,CH Morris,18,3.0,9,4
851959,2015-11-18,2015-16,2,TIT,DOL,"Kingsmead, Durban",a03bba42,T Shamsi,24,4.0,14,0
851959,2015-11-18,2015-16,2,TIT,DOL,"Kingsmead, Durban",1cb14aa4,CJ Dala,16,2.4,13,2
851959,2015-11-18,2015-16,2,TIT,DOL,"Kingsmead, Durban",21fdde93,SF Mofokeng,6,1.0,7,0
851959,2015-11-18,2015-16,2,TIT,DOL,"Kingsmead, Durban",aa8d28ae,D Wiese,6,1.0,13,1
851963,2015-11-20,2015-16,1,WAR,DOL,"Buffalo Park, East London",9df3a2f4,ACR Birch,12,2.0,8,0
851963,2015-11-20,2015-16,1,WAR,DOL,"Buffalo Park, East London",1e182ae2,BD Walters,12,2.0,11,0
851963,2015-11-20,2015-16,1,WAR,DOL,"Buffalo Park, East London",ca322fd6,L Mbane,6,1.0,9,0
851963,2015-11-20,2015-16,1,WAR,DOL,"Buffalo Park, East London",8361e524,SSB Magala,1,0.1,4,0
851965,2015-11-22,2015-16,1,WPR,KNG,"Boland Park, Paarl",462d7c62,D Paterson,24,4.0,24,2
851965,2015-11-22,2015-16,1,WPR,KNG,"Boland Park, Paarl",3a60e0b5,WD Parnell,12,2.0,5,0
851965,2015-11-22,2015-16,1,WPR,KNG,"Boland Park, Paarl",7955eb15,RK Kleinveldt,24,4.0,33,2
851965,2015-11-22,2015-16,1,WPR,KNG,"Boland Park, Paarl",016e5101,M Shezi,24,4.0,30,0
851965,2015-11-22,2015-16,1,WPR,KNG,"Boland Park, Paarl",a757b0d8,KA Pollard,24,4.0,26,0
851965,2015-11-22,2015-16,1,WPR,KNG,"Boland Park, Paarl",d3cc2954,S Simetu,12,2.0,16,1
851965,2015-11-22,2015-16,2,KNG,WPR,"Boland Park, Paarl",d7a57f75,D du Preez,24,4.0,28,2
851965,2015-11-22,2015-16,2,KNG,WPR,"Boland Park, Paarl",bbd41817,AD Russell,24,4.0,43,2
851965,2015-11-22,2015-16,2,KNG,WPR,"Boland Park, Paarl",9d50c7e1,MP Siboto,24,4.0,15,1
851965,2015-11-22,2015-16,2,KNG,WPR,"Boland Park, Paarl",97b0e4ff,SC van Schalkwyk,21,3.3,25,1
851965,2015-11-22,2015-16,2,KNG,WPR,"Boland Park, Paarl",5f419ace,WL Coetsee,18,3.0,22,0
851965,2015-11-22,2015-16,2,KNG,WPR,"Boland Park, Paarl",8e6827f7,T Ntuli,6,1.0,7,0
851969,2015-11-25,2015-16,1,LIONS,KNG,"Senwes Park, Potchefstroom",11614d87,D Pretorius,24,4.0,38,0
851969,2015-11-25,2015-16,1,LIONS,KNG,"Senwes Park, Potchefstroom",a316d663,GC Viljoen,24,4.0,41,1
851969,2015-11-25,2015-16,1,LIONS,KNG,"Senwes Park, Potchefstroom",12bffe91,LL Tsotsobe,24,4.0,41,2
851969,2015-11-25,2015-16,1,LIONS,KNG,"Senwes Park, Potchefstroom",7f8ecc51,AM Phangiso,24,4.0,26,2
851969,2015-11-25,2015-16,1,LIONS,KNG,"Senwes Park, Potchefstroom",a7bc76a0,E Leie,24,4.0,28,0
851969,2015-11-25,2015-16,2,KNG,LIONS,"Senwes Park, Potchefstroom",d7a57f75,D du Preez,24,4.0,34,0
851969,2015-11-25,2015-16,2,KNG,LIONS,"Senwes Park, Potchefstroom",bbd41817,AD Russell,24,4.0,21,1
851969,2015-11-25,2015-16,2,KNG,LIONS,"Senwes Park, Potchefstroom",9d50c7e1,MP Siboto,24,4.0,29,3
851969,2015-11-25,2015-16,2,KNG,LIONS,"Senwes Park, Potchefstroom",97b0e4ff,SC van Schalkwyk,24,4.0,33,2
851969,2015-11-25,2015-16,2,KNG,LIONS,"Senwes Park, Potchefstroom",5f419ace,WL Coetsee,18,3.0,20,2
851969,2015-11-25,2015-16,2,KNG,LIONS,"Senwes Park, Potchefstroom",8e6827f7,T Ntuli,6,1.0,6,0
851971,2015-11-28,2015-16,1,KNG,DOL,"St George's Park, Port Elizabeth",bbd41817,AD Russell,24,4.0,15,3
851971,2015-11-28,2015-16,1,KNG,DOL,"St George's Park, Port Elizabeth",a8e56914,D Olivier,12,2.0,16,0
851971,2015-11-28,2015-16,1,KNG,DOL,"St George's Park, Port Elizabeth",9d50c7e1,MP Siboto,24,4.0,14,3
851971,2015-11-28,2015-16,1,KNG,DOL,"St George's Park, Port Elizabeth",97b0e4ff,SC van Schalkwyk,18,3.0,8,0
851971,2015-11-28,2015-16,1,KNG,DOL,"St George's Park, Port Elizabeth",5f419ace,WL Coetsee,24,4.0,16,0
851971,2015-11-28,2015-16,1,KNG,DOL,"St George's Park, Port Elizabeth",8e6827f7,T Ntuli,18,3.0,12,1
851971,2015-11-28,2015-16,2,DOL,KNG,"St George's Park, Port Elizabeth",0b60eb09,KA Maharaj,24,4.0,24,1
851971,2015-11-28,2015-16,2,DOL,KNG,"St George's Park, Port Elizabeth",a467273e,RJ Engelbrecht,12,2.0,14,1
851971,2015-11-28,2015-16,2,DOL,KNG,"St George's Park, Port Elizabeth",87e562a9,DJ Bravo,12,2.0,6,0
851971,2015-11-28,2015-16,2,DOL,KNG,"St George's Park, Port Elizabeth",ab6b1c45,AL Phehlukwayo,18,3.0,14,0
851971,2015-11-28,2015-16,2,DOL,KNG,"St George's Park, Port Elizabeth",9784fb60,K Nipper,6,1.0,8,0
851971,2015-11-28,2015-16,2,DOL,KNG,"St George's Park, Port Elizabeth",c50bfbc2,A Myoli,6,1.0,15,0
851973,2015-11-28,2015-16,1,WAR,TIT,"St George's Park, Port Elizabeth",9fa54c94,MY Vallie,12,2.0,14,0
851973,2015-11-28,2015-16,1,WAR,TIT,"St George's Park, Port Elizabeth",1e182ae2,BD Walters,24,4.0,27,0
851973,2015-11-28,2015-16,1,WAR,TIT,"St George's Park, Port Elizabeth",9df3a2f4,ACR Birch,18,3.0,39,0
851973,2015-11-28,2015-16,1,WAR,TIT,"St George's Park, Port Elizabeth",8361e524,SSB Magala,24,4.0,40,1
851973,2015-11-28,2015-16,1,WAR,TIT,"St George's Park, Port Elizabeth",42172c3c,JT Smuts,24,4.0,24,0
851973,2015-11-28,2015-16,1,WAR,TIT,"St George's Park, Port Elizabeth",a83c44b8,A Gqamane,12,2.0,18,0
851973,2015-11-28,2015-16,1,WAR,TIT,"St George's Park, Port Elizabeth",c995d726,CA Ingram,6,1.0,4,1
851973,2015-11-28,2015-16,2,TIT,WAR,"St George's Park, Port Elizabeth",c3d35165,JA Morkel,12,2.0,2,1
851973,2015-11-28,2015-16,2,TIT,WAR,"St George's Park, Port Elizabeth",fb66ce1f,CH Morris,24,4.0,15,3
851973,2015-11-28,2015-16,2,TIT,WAR,"St George's Park, Port Elizabeth",aa8d28ae,D Wiese,22,3.4,25,2
851973,2015-11-28,2015-16,2,TIT,WAR,"St George's Park, Port Elizabeth",1cb14aa4,CJ Dala,18,3.0,21,1
851973,2015-11-28,2015-16,2,TIT,WAR,"St George's Park, Port Elizabeth",a03bba42,T Shamsi,12,2.0,26,1
851973,2015-11-28,2015-16,2,TIT,WAR,"St George's Park, Port Elizabeth",21fdde93,SF Mofokeng,12,2.0,19,1
851973,2015-11-28,2015-16,2,TIT,WAR,"St George's Park, Port Elizabeth",ba377b40,GL van Buuren,12,2.0,11,0
851975,2015-11-29,2015-16,1,WPR,LIONS,"New Wanderers Stadium, Johannesburg",26ff4c29,RJ Peterson,18,3.0,28,0
851975,2015-11-29,2015-16,1,WPR,LIONS,"New Wanderers Stadium, Johannesburg",7955eb15,RK Kleinveldt,18,3.0,17,1
851975,2015-11-29,2015-16,1,WPR,LIONS,"New Wanderers Stadium, Johannesburg",3a60e0b5,WD Parnell,24,4.0,40,0
851975,2015-11-29,2015-16,1,WPR,LIONS,"New Wanderers Stadium, Johannesburg",016e5101,M Shezi,24,4.0,32,0
851975,2015-11-29,2015-16,1,WPR,LIONS,"New Wanderers Stadium, Johannesburg",6581d753,JM Kemp,24,4.0,26,2
851975,2015-11-29,2015-16,1,WPR,LIONS,"New Wanderers Stadium, Johannesburg",d3cc2954,S Simetu,12,2.0,9,1
851975,2015-11-29,2015-16,2,LIONS,WPR,"New Wanderers Stadium, Johannesburg",11614d87,D Pretorius,24,4.0,32,0
851975,2015-11-29,2015-16,2,LIONS,WPR,"New Wanderers Stadium, Johannesburg",a316d663,GC Viljoen,24,4.0,31,1
851975,2015-11-29,2015-16,2,LIONS,WPR,"New Wanderers Stadium, Johannesburg",7f8ecc51,AM Phangiso,24,4.0,30,1
851975,2015-11-29,2015-16,2,LIONS,WPR,"New Wanderers Stadium, Johannesburg",a7bc76a0,E Leie,19,3.1,33,1
851975,2015-11-29,2015-16,2,LIONS,WPR,"New Wanderers Stadium, Johannesburg",9a2fc964,BC Fortuin,24,4.0,20,1
851977,2015-12-02,2015-16,1,WPR,WAR,"Buffalo Park, East London",7955eb15,RK Kleinveldt,24,4.0,30,1
851977,2015-12-02,2015-16,1,WPR,WAR,"Buffalo Park, East London",3a60e0b5,WD Parnell,24,4.0,30,1
851977,2015-12-02,2015-16,1,WPR,WAR,"Buffalo Park, East London",016e5101,M Shezi,24,4.0,34,5
851977,2015-12-02,2015-16,1,WPR,WAR,"Buffalo Park, East London",26ff4c29,RJ Peterson,18,3.0,21,0
851977,2015-12-02,2015-16,1,WPR,WAR,"Buffalo Park, East London",d3cc2954,S Simetu,6,1.0,14,0
851977,2015-12-02,2015-16,1,WPR,WAR,"Buffalo Park, East London",6581d753,JM Kemp,24,4.0,21,1
851977,2015-12-02,2015-16,2,WAR,WPR,"Buffalo Park, East London",5297e04a,BM Dolley,18,3.0,20,1
851977,2015-12-02,2015-16,2,WAR,WPR,"Buffalo Park, East London",9df3a2f4,ACR Birch,24,4.0,28,3
851977,2015-12-02,2015-16,2,WAR,WPR,"Buffalo Park, East London",8361e524,SSB Magala,24,4.0,24,1
851977,2015-12-02,2015-16,2,WAR,WPR,"Buffalo Park, East London",42172c3c,JT Smuts,23,3.5,27,1
851977,2015-12-02,2015-16,2,WAR,WPR,"Buffalo Park, East London",e734d090,CN Ackermann,18,3.0,23,0
851977,2015-12-02,2015-16,2,WAR,WPR,"Buffalo Park, East London",ca322fd6,L Mbane,13,2.1,16,1
851979,2015-12-04,2015-16,1,DOL,WPR,"Kingsmead, Durban",a467273e,RJ Engelbrecht,18,3.0,27,2
851979,2015-12-04,2015-16,1,DOL,WPR,"Kingsmead, Durban",c50bfbc2,A Myoli,6,1.0,9,1
851979,2015-12-04,2015-16,1,DOL,WPR,"Kingsmead, Durban",ab6b1c45,AL Phehlukwayo,24,4.0,34,1
851979,2015-12-04,2015-16,1,DOL,WPR,"Kingsmead, Durban",87e562a9,DJ Bravo,24,4.0,29,1
851979,2015-12-04,2015-16,1,DOL,WPR,"Kingsmead, Durban",0b60eb09,KA Maharaj,24,4.0,21,2
851979,2015-12-04,2015-16,1,DOL,WPR,"Kingsmead, Durban",afa78c3a,CS Delport,18,3.0,12,0
851979,2015-12-04,2015-16,1,DOL,WPR,"Kingsmead, Durban",4aad78d3,K Zondo,6,1.0,4,0
851979,2015-12-04,2015-16,2,WPR,DOL,"Kingsmead, Durban",3a60e0b5,WD Parnell,12,2.0,19,0
851979,2015-12-04,2015-16,2,WPR,DOL,"Kingsmead, Durban",7955eb15,RK Kleinveldt,24,4.0,45,1
851979,2015-12-04,2015-16,2,WPR,DOL,"Kingsmead, Durban",462d7c62,D Paterson,22,3.4,26,0
851979,2015-12-04,2015-16,2,WPR,DOL,"Kingsmead, Durban",016e5101,M Shezi,18,3.0,10,0
851979,2015-12-04,2015-16,2,WPR,DOL,"Kingsmead, Durban",26ff4c29,RJ Peterson,24,4.0,30,1
851979,2015-12-04,2015-16,2,WPR,DOL,"Kingsmead, Durban",55f33b32,JL Ontong,6,1.0,9,0
851979,2015-12-04,2015-16,2,WPR,DOL,"Kingsmead, Durban",d3cc2954,S Simetu,6,1.0,5,0
851981,2015-12-04,2015-16,1,WAR,KNG,"Mangaung Oval, Bloemfontein",e734d090,CN Ackermann,18,3.0,20,0
851981,2015-12-04,2015-16,1,WAR,KNG,"Mangaung Oval, Bloemfontein",9df3a2f4,ACR Birch,18,3.0,23,0
851981,2015-12-04,2015-16,1,WAR,KNG,"Mangaung Oval, Bloemfontein",1e182ae2,BD Walters,18,3.0,27,1
851981,2015-12-04,2015-16,1,WAR,KNG,"Mangaung Oval, Bloemfontein",8361e524,SSB Magala,24,4.0,28,2
851981,2015-12-04,2015-16,1,WAR,KNG,"Mangaung Oval, Bloemfontein",42172c3c,JT Smuts,24,4.0,32,1
851981,2015-12-04,2015-16,1,WAR,KNG,"Mangaung Oval, Bloemfontein",ca322fd6,L Mbane,18,3.0,35,1
851981,2015-12-04,2015-16,2,KNG,WAR,"Mangaung Oval, Bloemfontein",bbd41817,AD Russell,24,4.0,31,3
851981,2015-12-04,2015-16,2,KNG,WAR,"Mangaung Oval, Bloemfontein",a8e56914,D Olivier,24,4.0,30,0
851981,2015-12-04,2015-16,2,KNG,WAR,"Mangaung Oval, Bloemfontein",97b0e4ff,SC van Schalkwyk,24,4.0,41,0
851981,2015-12-04,2015-16,2,KNG,WAR,"Mangaung Oval, Bloemfontein",9d50c7e1,MP Siboto,24,4.0,26,1
851981,2015-12-04,2015-16,2,KNG,WAR,"Mangaung Oval, Bloemfontein",5f419ace,WL Coetsee,18,3.0,25,0
851981,2015-12-04,2015-16,2,KNG,WAR,"Mangaung Oval, Bloemfontein",8e6827f7,T Ntuli,6,1.0,14,0
851983,2015-12-04,2015-16,1,LIONS,TIT,"Willowmoore Park, Benoni",e01aafc1,AN Petersen,6,1.0,9,0
851983,2015-12-04,2015-16,1,LIONS,TIT,"Willowmoore Park, Benoni",12bffe91,LL Tsotsobe,18,3.0,32,1
851983,2015-12-04,2015-16,1,LIONS,TIT,"Willowmoore Park, Benoni",11614d87,D Pretorius,18,3.0,37,1
851983,2015-12-04,2015-16,1,LIONS,TIT,"Willowmoore Park, Benoni",a7bc76a0,E Leie,12,2.0,27,0
851983,2015-12-04,2015-16,1,LIONS,TIT,"Willowmoore Park, Benoni",7f8ecc51,AM Phangiso,18,3.0,29,0
851983,2015-12-04,2015-16,1,LIONS,TIT,"Willowmoore Park, Benoni",a316d663,GC Viljoen,18,3.0,23,0
851983,2015-12-04,2015-16,2,TIT,LIONS,"Willowmoore Park, Benoni",c3d35165,JA Morkel,18,3.0,13,3
851983,2015-12-04,2015-16,2,TIT,LIONS,"Willowmoore Park, Benoni",fb66ce1f,CH Morris,12,2.0,12,1
851983,2015-12-04,2015-16,2,TIT,LIONS,"Willowmoore Park, Benoni",aa8d28ae,D Wiese,6,1.0,4,1
851983,2015-12-04,2015-16,2,TIT,LIONS,"Willowmoore Park, Benoni",a03bba42,T Shamsi,18,3.0,25,2
851983,2015-12-04,2015-16,2,TIT,LIONS,"Willowmoore Park, Benoni",1cb14aa4,CJ Dala,18,3.0,25,0
851983,2015-12-04,2015-16,2,TIT,LIONS,"Willowmoore Park, Benoni",21fdde93,SF Mofokeng,18,3.0,12,1
851985,2015-12-06,2015-16,1,KNG,TIT,"Willowmoore Park, Benoni",a8e56914,D Olivier,24,4.0,26,1
851985,2015-12-06,2015-16,1,KNG,TIT,"Willowmoore Park, Benoni",bbd41817,AD Russell,24,4.0,11,4
851985,2015-12-06,2015-16,1,KNG,TIT,"Willowmoore Park, Benoni",9d50c7e1,MP Siboto,24,4.0,23,2
851985,2015-12-06,2015-16,1,KNG,TIT,"Willowmoore Park, Benoni",97b0e4ff,SC van Schalkwyk,24,4.0,32,1
851985,2015-12-06,2015-16,1,KNG,TIT,"Willowmoore Park, Benoni",5f419ace,WL Coetsee,12,2.0,21,0
851985,2015-12-06,2015-16,1,KNG,TIT,"Willowmoore Park, Benoni",8e6827f7,T Ntuli,12,2.0,20,1
851985,2015-12-06,2015-16,2,TIT,KNG,"Willowmoore Park, Benoni",c3d35165,JA Morkel,6,1.0,6,0
851985,2015-12-06,2015-16,2,TIT,KNG,"Willowmoore Park, Benoni",fb66ce1f,CH Morris,18,3.0,12,2
851985,2015-12-06,2015-16,2,TIT,KNG,"Willowmoore Park, Benoni",f834dcfc,L Ngidi,24,4.0,32,2
851985,2015-12-06,2015-16,2,TIT,KNG,"Willowmoore Park, Benoni",ba377b40,GL van Buuren,12,2.0,13,1
851985,2015-12-06,2015-16,2,TIT,KNG,"Willowmoore Park, Benoni",aa8d28ae,D Wiese,12,2.0,11,1
851985,2015-12-06,2015-16,2,TIT,KNG,"Willowmoore Park, Benoni",a03bba42,T Shamsi,18,3.0,42,0
851985,2015-12-06,2015-16,2,TIT,KNG,"Willowmoore Park, Benoni",21fdde93,SF Mofokeng,5,0.5,18,0
851989,2015-12-09,2015-16,1,WPR,DOL,"Kingsmead, Durban",462d7c62,D Paterson,24,4.0,24,2
851989,2015-12-09,2015-16,1,WPR,DOL,"Kingsmead, Durban",3a60e0b5,WD Parnell,22,3.4,29,0
851989,2015-12-09,2015-16,1,WPR,DOL,"Kingsmead, Durban",016e5101,M Shezi,24,4.0,52,0
851989,2015-12-09,2015-16,1,WPR,DOL,"Kingsmead, Durban",7955eb15,RK Kleinveldt,14,2.2,18,0
851989,2015-12-09,2015-16,1,WPR,DOL,"Kingsmead, Durban",81a0e294,SA Engelbrecht,24,4.0,33,0
851989,2015-12-09,2015-16,1,WPR,DOL,"Kingsmead, Durban",26ff4c29,RJ Peterson,12,2.0,19,1
851989,2015-12-09,2015-16,2,DOL,WPR,"Kingsmead, Durban",a467273e,RJ Engelbrecht,12,2.0,32,0
851989,2015-12-09,2015-16,2,DOL,WPR,"Kingsmead, Durban",87e562a9,DJ Bravo,24,4.0,27,1
851989,2015-12-09,2015-16,2,DOL,WPR,"Kingsmead, Durban",ab6b1c45,AL Phehlukwayo,24,4.0,28,2
851989,2015-12-09,2015-16,2,DOL,WPR,"Kingsmead, Durban",0b60eb09,KA Maharaj,24,4.0,35,2
851989,2015-12-09,2015-16,2,DOL,WPR,"Kingsmead, Durban",c50bfbc2,A Myoli,18,3.0,27,1
851989,2015-12-09,2015-16,2,DOL,WPR,"Kingsmead, Durban",afa78c3a,CS Delport,12,2.0,14,1
851989,2015-12-09,2015-16,2,DOL,WPR,"Kingsmead, Durban",4aad78d3,K Zondo,6,1.0,7,0
851991,2015-12-12,2015-16,1,TIT,DOL,"SuperSport Park, Centurion",c3d35165,JA Morkel,12,2.0,16,0
851991,2015-12-12,2015-16,1,TIT,DOL,"SuperSport Park, Centurion",fb66ce1f,CH Morris,24,4.0,30,0
851991,2015-12-12,2015-16,1,TIT,DOL,"SuperSport Park, Centurion",aa8d28ae,D Wiese,18,3.0,28,2
851991,2015-12-12,2015-16,1,TIT,DOL,"SuperSport Park, Centurion",1cb14aa4,CJ Dala,24,4.0,33,1
851991,2015-12-12,2015-16,1,TIT,DOL,"SuperSport Park, Centurion",a03bba42,T Shamsi,18,3.0,25,0
851991,2015-12-12,2015-16,1,TIT,DOL,"SuperSport Park, Centurion",ba377b40,GL van Buuren,6,1.0,5,0
851991,2015-12-12,2015-16,1,TIT,DOL,"SuperSport Park, Centurion",f834dcfc,L Ngidi,6,1.0,7,1
851991,2015-12-12,2015-16,1,TIT,DOL,"SuperSport Park, Centurion",9c9f8dbc,H Davids,12,2.0,10,1
851991,2015-12-12,2015-16,2,DOL,TIT,"SuperSport Park, Centurion",0b60eb09,KA Maharaj,18,3.0,21,0
851991,2015-12-12,2015-16,2,DOL,TIT,"SuperSport Park, Centurion",a9da7784,KJ Abbott,23,3.5,39,2
851991,2015-12-12,2015-16,2,DOL,TIT,"SuperSport Park, Centurion",87e562a9,DJ Bravo,18,3.0,22,0
851991,2015-12-12,2015-16,2,DOL,TIT,"SuperSport Park, Centurion",ab6b1c45,AL Phehlukwayo,18,3.0,26,1
851991,2015-12-12,2015-16,2,DOL,TIT,"SuperSport Park, Centurion",acee4cc4,Imran Tahir,18,3.0,33,0
851991,2015-12-12,2015-16,2,DOL,TIT,"SuperSport Park, Centurion",1b42a100,BS Makhanya,6,1.0,13,0
