cs_id,date,season,innings,team,opponent,venue,cs_player,player,position,runs,balls,fours,sixes,out
1003843,2016-11-12,2016-17,1,KNG,WPR,"New Wanderers Stadium, Johannesburg",13d0b3d6,RS Second,1,21,20,3,0,caught
1003843,2016-11-12,2016-17,1,KNG,WPR,"New Wanderers Stadium, Johannesburg",39181592,PE Kruger,2,74,49,7,4,caught
1003843,2016-11-12,2016-17,1,KNG,WPR,"New Wanderers Stadium, Johannesburg",d67d5f00,DA Miller,3,2,4,0,0,bowled
1003843,2016-11-12,2016-17,1,KNG,WPR,"New Wanderers Stadium, Johannesburg",4025c262,PJ van Biljon,4,17,12,0,1,bowled
1003843,2016-11-12,2016-17,1,KNG,WPR,"New Wanderers Stadium, Johannesburg",f8e6dbdd,DS Rosier,5,27,12,2,2,caught
1003843,2016-11-12,2016-17,1,KNG,WPR,"New Wanderers Stadium, Johannesburg",ed982dfa,TM Bodibe,6,7,6,1,0,bowled
1003843,2016-11-12,2016-17,1,KNG,WPR,"New Wanderers Stadium, Johannesburg",d4eef961,M de Lange,7,22,10,3,1,bowled
1003843,2016-11-12,2016-17,1,KNG,WPR,"New Wanderers Stadium, Johannesburg",d7a57f75,D du Preez,8,4,5,0,0,not out
1003843,2016-11-12,2016-17,1,KNG,WPR,"New Wanderers Stadium, Johannesburg",97b0e4ff,SC van Schalkwyk,9,0,2,0,0,caught
1003843,2016-11-12,2016-17,1,KNG,WPR,"New Wanderers Stadium, Johannesburg",8e6827f7,T Ntuli,10,0,0,0,0,not out
1003843,2016-11-12,2016-17,1,KNG,WPR,"New Wanderers Stadium, Johannesburg",58f01d47,LM Zuma,11,0,0,0,0,
1003843,2016-11-12,2016-17,2,WPR,KNG,"New Wanderers Stadium, Johannesburg",18c78b11,RE Levi,1,25,16,4,1,bowled
1003843,2016-11-12,2016-17,2,WPR,KNG,"New Wanderers Stadium, Johannesburg",9ab2cc9b,C Tshiki,2,0,3,0,0,caught
1003843,2016-11-12,2016-17,2,WPR,KNG,"New Wanderers Stadium, Johannesburg",91cd48e0,JF Smith,3,12,12,0,0,lbw
1003843,2016-11-12,2016-17,2,WPR,KNG,"New Wanderers Stadium, Johannesburg",55f33b32,JL Ontong,4,1,5,0,0,lbw
1003843,2016-11-12,2016-17,2,WPR,KNG,"New Wanderers Stadium, Johannesburg",bf64dc29,KD Petersen,5,39,29,6,0,caught
1003843,2016-11-12,2016-17,2,WPR,KNG,"New Wanderers Stadium, Johannesburg",a757b0d8,KA Pollard,6,5,8,0,0,caught
1003843,2016-11-12,2016-17,2,WPR,KNG,"New Wanderers Stadium, Johannesburg",955e8e86,A Mgijima,7,2,4,0,0,caught
1003843,2016-11-12,2016-17,2,WPR,KNG,"New Wanderers Stadium, Johannesburg",e5437608,GF Linde,8,30,17,1,3,run out
1003843,2016-11-12,2016-17,2,WPR,KNG,"New Wanderers Stadium, Johannesburg",7955eb15,RK Kleinveldt,9,17,9,2,1,caught
1003843,2016-11-12,2016-17,2,WPR,KNG,"New Wanderers Stadium, Johannesburg",462d7c62,D Paterson,10,6,1,0,1,not out
1003843,2016-11-12,2016-17,2,WPR,KNG,"New Wanderers Stadium, Johannesburg",36ea17c1,TL Moreki,11,0,1,0,0,caught
1003845,2016-11-12,2016-17,1,TIT,LIONS,"New Wanderers Stadium, Johannesburg",9c9f8dbc,H Davids,1,8,10,1,0,bowled
1003845,2016-11-12,2016-17,1,TIT,LIONS,"New Wanderers Stadium, Johannesburg",0827b38d,TG Mokoena,2,4,5,0,0,caught
1003845,2016-11-12,2016-17,1,TIT,LIONS,"New Wanderers Stadium, Johannesburg",ede05b97,HG Kuhn,3,83,52,4,4,not out
1003845,2016-11-12,2016-17,1,TIT,LIONS,"New Wanderers Stadium, Johannesburg",59a7fc89,MQ Adams,4,22,15,0,2,caught
1003845,2016-11-12,2016-17,1,TIT,LIONS,"New Wanderers Stadium, Johannesburg",c3d35165,JA Morkel,5,30,23,2,1,caught
1003845,2016-11-12,2016-17,1,TIT,LIONS,"New Wanderers Stadium, Johannesburg",dce2019b,F Behardien,6,37,17,1,3,not out
1003845,2016-11-12,2016-17,1,TIT,LIONS,"New Wanderers Stadium, Johannesburg",235c2bb6,H Klaasen,7,0,0,0,0,
1003845,2016-11-12,2016-17,1,TIT,LIONS,"New Wanderers Stadium, Johannesburg",aa8d28ae,D Wiese,8,0,0,0,0,
1003845,2016-11-12,2016-17,1,TIT,LIONS,"New Wanderers Stadium, Johannesburg",9d50c7e1,MP Siboto,9,0,0,0,0,
1003845,2016-11-12,2016-17,1,TIT,LIONS,"New Wanderers Stadium, Johannesburg",ffd3fc37,S von Berg,10,0,0,0,0,
1003845,2016-11-12,2016-17,1,TIT,LIONS,"New Wanderers Stadium, Johannesburg",f834dcfc,L Ngidi,11,0,0,0,0,
1003845,2016-11-12,2016-17,2,LIONS,TIT,"New Wanderers Stadium, Johannesburg",b8cc58c9,RR Hendricks,1,6,6,1,0,retired not out
1003845,2016-11-12,2016-17,2,LIONS,TIT,"New Wanderers Stadium, Johannesburg",9948e262,HE van der Dussen,2,51,28,2,5,caught
1003845,2016-11-12,2016-17,2,LIONS,TIT,"New Wanderers Stadium, Johannesburg",f66f5343,DA Hendricks,3,1,3,0,0,bowled
1003845,2016-11-12,2016-17,2,LIONS,TIT,"New Wanderers Stadium, Johannesburg",9a2fc964,BC Fortuin,4,5,11,0,0,caught
1003845,2016-11-12,2016-17,2,LIONS,TIT,"New Wanderers Stadium, Johannesburg",c96f6ac5,PWA Mulder,5,6,6,1,0,caught
1003845,2016-11-12,2016-17,2,LIONS,TIT,"New Wanderers Stadium, Johannesburg",055e8d7b,NJ van den Bergh,6,11,11,0,1,caught
1003845,2016-11-12,2016-17,2,LIONS,TIT,"New Wanderers Stadium, Johannesburg",8836fcac,M Mosehle,7,9,6,0,1,caught
1003845,2016-11-12,2016-17,2,LIONS,TIT,"New Wanderers Stadium, Johannesburg",52c0576c,MK McGillivray,8,1,6,0,0,caught
1003845,2016-11-12,2016-17,2,LIONS,TIT,"New Wanderers Stadium, Johannesburg",a316d663,GC Viljoen,9,41,26,3,3,not out
1003845,2016-11-12,2016-17,2,LIONS,TIT,"New Wanderers Stadium, Johannesburg",7f8ecc51,AM Phangiso,10,6,12,0,0,bowled
1003845,2016-11-12,2016-17,2,LIONS,TIT,"New Wanderers Stadium, Johannesburg",a7bc76a0,E Leie,11,10,5,2,0,not out
1003847,2016-11-13,2016-17,1,DOL,WAR,"Kingsmead, Durban",710dd98c,MN van Wyk,1,22,20,3,0,lbw
1003847,2016-11-13,2016-17,1,DOL,WAR,"Kingsmead, Durban",afa78c3a,CS Delport,2,1,4,0,0,caught and bowled
1003847,2016-11-13,2016-17,1,DOL,WAR,"Kingsmead, Durban",4aad78d3,K Zondo,3,0,5,0,0,caught
1003847,2016-11-13,2016-17,1,DOL,WAR,"Kingsmead, Durban",890b877d,VB van Jaarsveld,4,1,6,0,0,bowled
1003847,2016-11-13,2016-17,1,DOL,WAR,"Kingsmead, Durban",9784fb60,K Nipper,5,20,25,2,0,caught
1003847,2016-11-13,2016-17,1,DOL,WAR,"Kingsmead, Durban",27ca3a11,C Chetty,6,24,27,1,0,caught
1003847,2016-11-13,2016-17,1,DOL,WAR,"Kingsmead, Durban",ab6b1c45,AL Phehlukwayo,7,13,13,1,1,caught and bowled
1003847,2016-11-13,2016-17,1,DOL,WAR,"Kingsmead, Durban",8b248d88,R Frylinck,8,23,14,0,2,caught
1003847,2016-11-13,2016-17,1,DOL,WAR,"Kingsmead, Durban",26d9937d,CJ Alexander,9,7,5,0,1,bowled
1003847,2016-11-13,2016-17,1,DOL,WAR,"Kingsmead, Durban",acee4cc4,Imran Tahir,10,1,1,0,0,not out
1003847,2016-11-13,2016-17,1,DOL,WAR,"Kingsmead, Durban",016e5101,M Shezi,11,0,0,0,0,
1003847,2016-11-13,2016-17,2,WAR,DOL,"Kingsmead, Durban",42172c3c,JT Smuts,1,54,39,5,3,caught
1003847,2016-11-13,2016-17,2,WAR,DOL,"Kingsmead, Durban",2f873ad6,S Seyibokwe,2,3,6,0,0,caught
1003847,2016-11-13,2016-17,2,WAR,DOL,"Kingsmead, Durban",c995d726,CA Ingram,3,4,7,0,0,caught
1003847,2016-11-13,2016-17,2,WAR,DOL,"Kingsmead, Durban",e734d090,CN Ackermann,4,41,39,2,2,not out
1003847,2016-11-13,2016-17,2,WAR,DOL,"Kingsmead, Durban",a81d6706,C Jonker,5,6,4,1,0,not out
1003847,2016-11-13,2016-17,2,WAR,DOL,"Kingsmead, Durban",51355a30,LC Ngoepe,6,0,0,0,0,
1003847,2016-11-13,2016-17,2,WAR,DOL,"Kingsmead, Durban",f25cebec,C Fortuin,7,0,0,0,0,
1003847,2016-11-13,2016-17,2,WAR,DOL,"Kingsmead, Durban",179bea21,SSN Nqweni,8,0,0,0,0,
1003847,2016-11-13,2016-17,2,WAR,DOL,"Kingsmead, Durban",9df3a2f4,ACR Birch,9,0,0,0,0,
1003847,2016-11-13,2016-17,2,WAR,DOL,"Kingsmead, Durban",8361e524,SSB Magala,10,0,0,0,0,
1003847,2016-11-13,2016-17,2,WAR,DOL,"Kingsmead, Durban",1e182ae2,BD Walters,11,0,0,0,0,
1003849,2016-11-16,2016-17,1,WPR,TIT,"Boland Park, Paarl",18c78b11,RE Levi,1,5,5,0,0,caught
1003849,2016-11-16,2016-17,1,WPR,TIT,"Boland Park, Paarl",9ab2cc9b,C Tshiki,2,47,43,3,1,caught
1003849,2016-11-16,2016-17,1,WPR,TIT,"Boland Park, Paarl",91cd48e0,JF Smith,3,38,41,3,0,caught
1003849,2016-11-16,2016-17,1,WPR,TIT,"Boland Park, Paarl",a757b0d8,KA Pollard,4,32,19,0,2,not out
1003849,2016-11-16,2016-17,1,WPR,TIT,"Boland Park, Paarl",e5437608,GF Linde,5,2,3,0,0,caught
1003849,2016-11-16,2016-17,1,WPR,TIT,"Boland Park, Paarl",55f33b32,JL Ontong,6,5,6,0,0,bowled
1003849,2016-11-16,2016-17,1,WPR,TIT,"Boland Park, Paarl",7955eb15,RK Kleinveldt,7,3,4,0,0,caught
1003849,2016-11-16,2016-17,1,WPR,TIT,"Boland Park, Paarl",bf64dc29,KD Petersen,8,0,0,0,0,not out
1003849,2016-11-16,2016-17,1,WPR,TIT,"Boland Park, Paarl",955e8e86,A Mgijima,9,0,0,0,0,
1003849,2016-11-16,2016-17,1,WPR,TIT,"Boland Park, Paarl",462d7c62,D Paterson,10,0,0,0,0,
1003849,2016-11-16,2016-17,1,WPR,TIT,"Boland Park, Paarl",abd541e6,NM Serame,11,0,0,0,0,
1003849,2016-11-16,2016-17,2,TIT,WPR,"Boland Park, Paarl",9c9f8dbc,H Davids,1,0,1,0,0,bowled
1003849,2016-11-16,2016-17,2,TIT,WPR,"Boland Park, Paarl",235c2bb6,H Klaasen,2,46,39,2,0,run out
1003849,2016-11-16,2016-17,2,TIT,WPR,"Boland Park, Paarl",ede05b97,HG Kuhn,3,11,12,1,0,caught and bowled
1003849,2016-11-16,2016-17,2,TIT,WPR,"Boland Park, Paarl",59a7fc89,MQ Adams,4,17,29,0,0,caught
1003849,2016-11-16,2016-17,2,TIT,WPR,"Boland Park, Paarl",dce2019b,F Behardien,5,22,16,1,1,not out
1003849,2016-11-16,2016-17,2,TIT,WPR,"Boland Park, Paarl",c3d35165,JA Morkel,6,34,16,6,0,not out
1003849,2016-11-16,2016-17,2,TIT,WPR,"Boland Park, Paarl",aa8d28ae,D Wiese,7,0,0,0,0,
1003849,2016-11-16,2016-17,2,TIT,WPR,"Boland Park, Paarl",ffd3fc37,S von Berg,8,0,0,0,0,
1003849,2016-11-16,2016-17,2,TIT,WPR,"Boland Park, Paarl",9d50c7e1,MP Siboto,9,0,0,0,0,
1003849,2016-11-16,2016-17,2,TIT,WPR,"Boland Park, Paarl",f834dcfc,L Ngidi,10,0,0,0,0,
1003849,2016-11-16,2016-17,2,TIT,WPR,"Boland Park, Paarl",1cb14aa4,CJ Dala,11,0,0,0,0,
1003855,2016-11-18,2016-17,1,KNG,TIT,"Willowmoore Park, Benoni",39181592,PE Kruger,1,0,2,0,0,caught
1003855,2016-11-18,2016-17,1,KNG,TIT,"Willowmoore Park, Benoni",22b70cb8,LLL Sesele,2,6,4,0,1,bowled
1003855,2016-11-18,2016-17,1,KNG,TIT,"Willowmoore Park, Benoni",4025c262,PJ van Biljon,3,28,31,4,0,caught
1003855,2016-11-18,2016-17,1,KNG,TIT,"Willowmoore Park, Benoni",d67d5f00,DA Miller,4,120,61,8,9,not out
1003855,2016-11-18,2016-17,1,KNG,TIT,"Willowmoore Park, Benoni",f8e6dbdd,DS Rosier,5,0,0,0,0,run out
1003855,2016-11-18,2016-17,1,KNG,TIT,"Willowmoore Park, Benoni",ed982dfa,TM Bodibe,6,8,13,0,0,bowled
1003855,2016-11-18,2016-17,1,KNG,TIT,"Willowmoore Park, Benoni",d4eef961,M de Lange,7,1,4,0,0,caught
1003855,2016-11-18,2016-17,1,KNG,TIT,"Willowmoore Park, Benoni",d7a57f75,D du Preez,8,11,5,0,1,not out
1003855,2016-11-18,2016-17,1,KNG,TIT,"Willowmoore Park, Benoni",97b0e4ff,SC van Schalkwyk,9,0,0,0,0,
1003855,2016-11-18,2016-17,1,KNG,TIT,"Willowmoore Park, Benoni",a8e56914,D Olivier,10,0,0,0,0,
1003855,2016-11-18,2016-17,1,KNG,TIT,"Willowmoore Park, Benoni",8e6827f7,T Ntuli,11,0,0,0,0,
1003855,2016-11-18,2016-17,2,TIT,KNG,"Willowmoore Park, Benoni",235c2bb6,H Klaasen,1,52,30,6,2,caught
1003855,2016-11-18,2016-17,2,TIT,KNG,"Willowmoore Park, Benoni",0827b38d,TG Mokoena,2,20,24,3,0,caught
1003855,2016-11-18,2016-17,2,TIT,KNG,"Willowmoore Park, Benoni",ede05b97,HG Kuhn,3,16,11,1,0,caught
1003855,2016-11-18,2016-17,2,TIT,KNG,"Willowmoore Park, Benoni",59a7fc89,MQ Adams,4,6,8,1,0,caught
1003855,2016-11-18,2016-17,2,TIT,KNG,"Willowmoore Park, Benoni",dce2019b,F Behardien,5,30,18,4,0,run out
1003855,2016-11-18,2016-17,2,TIT,KNG,"Willowmoore Park, Benoni",c3d35165,JA Morkel,6,13,10,1,1,bowled
1003855,2016-11-18,2016-17,2,TIT,KNG,"Willowmoore Park, Benoni",aa8d28ae,D Wiese,7,34,15,1,4,caught
1003855,2016-11-18,2016-17,2,TIT,KNG,"Willowmoore Park, Benoni",ffd3fc37,S von Berg,8,2,3,0,0,not out
1003855,2016-11-18,2016-17,2,TIT,KNG,"Willowmoore Park, Benoni",9d50c7e1,MP Siboto,9,1,2,0,0,not out
1003855,2016-11-18,2016-17,2,TIT,KNG,"Willowmoore Park, Benoni",1cb14aa4,CJ Dala,10,0,0,0,0,
1003855,2016-11-18,2016-17,2,TIT,KNG,"Willowmoore Park, Benoni",f834dcfc,L Ngidi,11,0,0,0,0,
1003857,2016-11-20,2016-17,1,TIT,DOL,"Mangaung Oval, Bloemfontein",a833f99c,JD Vandiar,1,40,33,3,1,caught and bowled
1003857,2016-11-20,2016-17,1,TIT,DOL,"Mangaung Oval, Bloemfontein",0827b38d,TG Mokoena,2,25,26,1,0,lbw
1003857,2016-11-20,2016-17,1,TIT,DOL,"Mangaung Oval, Bloemfontein",235c2bb6,H Klaasen,3,15,11,2,0,caught
1003857,2016-11-20,2016-17,1,TIT,DOL,"Mangaung Oval, Bloemfontein",ede05b97,HG Kuhn,4,32,17,4,1,run out
1003857,2016-11-20,2016-17,1,TIT,DOL,"Mangaung Oval, Bloemfontein",dce2019b,F Behardien,5,65,33,1,4,not out
1003857,2016-11-20,2016-17,1,TIT,DOL,"Mangaung Oval, Bloemfontein",aa8d28ae,D Wiese,6,0,0,0,0,not out
1003857,2016-11-20,2016-17,1,TIT,DOL,"Mangaung Oval, Bloemfontein",c3d35165,JA Morkel,7,0,0,0,0,
1003857,2016-11-20,2016-17,1,TIT,DOL,"Mangaung Oval, Bloemfontein",9d50c7e1,MP Siboto,8,0,0,0,0,
1003857,2016-11-20,2016-17,1,TIT,DOL,"Mangaung Oval, Bloemfontein",ffd3fc37,S von Berg,9,0,0,0,0,
1003857,2016-11-20,2016-17,1,TIT,DOL,"Mangaung Oval, Bloemfontein",1cb14aa4,CJ Dala,10,0,0,0,0,
1003857,2016-11-20,2016-17,1,TIT,DOL,"Mangaung Oval, Bloemfontein",f834dcfc,L Ngidi,11,0,0,0,0,
1003857,2016-11-20,2016-17,2,DOL,TIT,"Mangaung Oval, Bloemfontein",afa78c3a,CS Delport,1,7,12,0,0,caught
1003857,2016-11-20,2016-17,2,DOL,TIT,"Mangaung Oval, Bloemfontein",710dd98c,MN van Wyk,2,41,33,4,1,caught and bowled
1003857,2016-11-20,2016-17,2,DOL,TIT,"Mangaung Oval, Bloemfontein",39f01cdb,KP Pietersen,3,24,23,2,0,caught
1003857,2016-11-20,2016-17,2,DOL,TIT,"Mangaung Oval, Bloemfontein",9784fb60,K Nipper,4,5,10,0,0,caught
1003857,2016-11-20,2016-17,2,DOL,TIT,"Mangaung Oval, Bloemfontein",8b248d88,R Frylinck,5,6,8,0,0,bowled
1003857,2016-11-20,2016-17,2,DOL,TIT,"Mangaung Oval, Bloemfontein",4aad78d3,K Zondo,6,4,6,0,0,caught
1003857,2016-11-20,2016-17,2,DOL,TIT,"Mangaung Oval, Bloemfontein",7ec9711d,P Subrayen,7,4,5,0,0,caught
1003857,2016-11-20,2016-17,2,DOL,TIT,"Mangaung Oval, Bloemfontein",27ca3a11,C Chetty,8,10,10,0,0,not out
1003857,2016-11-20,2016-17,2,DOL,TIT,"Mangaung Oval, Bloemfontein",d0db2e43,M Gqadushe,9,13,8,1,0,caught
1003857,2016-11-20,2016-17,2,DOL,TIT,"Mangaung Oval, Bloemfontein",acee4cc4,Imran Tahir,10,5,5,0,0,not out
1003857,2016-11-20,2016-17,2,DOL,TIT,"Mangaung Oval, Bloemfontein",016e5101,M Shezi,11,0,0,0,0,
1003859,2016-11-20,2016-17,1,WAR,KNG,"Mangaung Oval, Bloemfontein",42172c3c,JT Smuts,1,38,29,7,0,bowled
1003859,2016-11-20,2016-17,1,WAR,KNG,"Mangaung Oval, Bloemfontein",2f873ad6,S Seyibokwe,2,29,21,5,1,bowled
1003859,2016-11-20,2016-17,1,WAR,KNG,"Mangaung Oval, Bloemfontein",c995d726,CA Ingram,3,16,17,1,0,run out
1003859,2016-11-20,2016-17,1,WAR,KNG,"Mangaung Oval, Bloemfontein",e734d090,CN Ackermann,4,1,4,0,0,caught
1003859,2016-11-20,2016-17,1,WAR,KNG,"Mangaung Oval, Bloemfontein",a81d6706,C Jonker,5,48,27,4,2,not out
1003859,2016-11-20,2016-17,1,WAR,KNG,"Mangaung Oval, Bloemfontein",51355a30,LC Ngoepe,6,5,6,0,0,caught
1003859,2016-11-20,2016-17,1,WAR,KNG,"Mangaung Oval, Bloemfontein",f25cebec,C Fortuin,7,13,17,1,0,not out
1003859,2016-11-20,2016-17,1,WAR,KNG,"Mangaung Oval, Bloemfontein",9df3a2f4,ACR Birch,8,0,0,0,0,
1003859,2016-11-20,2016-17,1,WAR,KNG,"Mangaung Oval, Bloemfontein",8361e524,SSB Magala,9,0,0,0,0,
1003859,2016-11-20,2016-17,1,WAR,KNG,"Mangaung Oval, Bloemfontein",179bea21,SSN Nqweni,10,0,0,0,0,
1003859,2016-11-20,2016-17,1,WAR,KNG,"Mangaung Oval, Bloemfontein",1e182ae2,BD Walters,11,0,0,0,0,
1003859,2016-11-20,2016-17,2,KNG,WAR,"Mangaung Oval, Bloemfontein",22b70cb8,LLL Sesele,1,9,9,2,0,caught
1003859,2016-11-20,2016-17,2,KNG,WAR,"Mangaung Oval, Bloemfontein",39181592,PE Kruger,2,7,8,1,0,caught
1003859,2016-11-20,2016-17,2,KNG,WAR,"Mangaung Oval, Bloemfontein",4025c262,PJ van Biljon,3,6,10,0,0,caught
1003859,2016-11-20,2016-17,2,KNG,WAR,"Mangaung Oval, Bloemfontein",13d0b3d6,RS Second,4,25,24,2,0,caught and bowled
1003859,2016-11-20,2016-17,2,KNG,WAR,"Mangaung Oval, Bloemfontein",f8e6dbdd,DS Rosier,5,16,16,2,0,caught
1003859,2016-11-20,2016-17,2,KNG,WAR,"Mangaung Oval, Bloemfontein",01dc3ec0,P Botha,6,25,22,2,0,caught
1003859,2016-11-20,2016-17,2,KNG,WAR,"Mangaung Oval, Bloemfontein",ed982dfa,TM Bodibe,7,7,6,0,0,caught
1003859,2016-11-20,2016-17,2,KNG,WAR,"Mangaung Oval, Bloemfontein",d4eef961,M de Lange,8,14,9,1,0,bowled
1003859,2016-11-20,2016-17,2,KNG,WAR,"Mangaung Oval, Bloemfontein",97b0e4ff,SC van Schalkwyk,9,1,2,0,0,bowled
1003859,2016-11-20,2016-17,2,KNG,WAR,"Mangaung Oval, Bloemfontein",a8e56914,D Olivier,10,2,3,0,0,not out
1003859,2016-11-20,2016-17,2,KNG,WAR,"Mangaung Oval, Bloemfontein",1d105638,M Budaza,11,0,1,0,0,bowled
1003861,2016-11-20,2016-17,1,LIONS,WPR,"Senwes Park, Potchefstroom",f66f5343,DA Hendricks,1,0,1,0,0,lbw
1003861,2016-11-20,2016-17,1,LIONS,WPR,"Senwes Park, Potchefstroom",9948e262,HE van der Dussen,2,16,18,2,0,lbw
1003861,2016-11-20,2016-17,1,LIONS,WPR,"Senwes Park, Potchefstroom",04a5b56e,OA Ramela,3,13,17,3,0,bowled
1003861,2016-11-20,2016-17,1,LIONS,WPR,"Senwes Park, Potchefstroom",8836fcac,M Mosehle,4,58,40,2,3,bowled
1003861,2016-11-20,2016-17,1,LIONS,WPR,"Senwes Park, Potchefstroom",df5a6881,DP Conway,5,11,10,0,1,bowled
1003861,2016-11-20,2016-17,1,LIONS,WPR,"Senwes Park, Potchefstroom",055e8d7b,NJ van den Bergh,6,35,20,1,2,not out
1003861,2016-11-20,2016-17,1,LIONS,WPR,"Senwes Park, Potchefstroom",c96f6ac5,PWA Mulder,7,12,9,1,0,not out
1003861,2016-11-20,2016-17,1,LIONS,WPR,"Senwes Park, Potchefstroom",a316d663,GC Viljoen,8,0,0,0,0,
1003861,2016-11-20,2016-17,1,LIONS,WPR,"Senwes Park, Potchefstroom",7f8ecc51,AM Phangiso,9,0,0,0,0,
1003861,2016-11-20,2016-17,1,LIONS,WPR,"Senwes Park, Potchefstroom",01698fee,Z Pongolo,10,0,0,0,0,
1003861,2016-11-20,2016-17,1,LIONS,WPR,"Senwes Park, Potchefstroom",a7bc76a0,E Leie,11,0,0,0,0,
1003861,2016-11-20,2016-17,2,WPR,LIONS,"Senwes Park, Potchefstroom",18c78b11,RE Levi,1,10,4,1,1,bowled
1003861,2016-11-20,2016-17,2,WPR,LIONS,"Senwes Park, Potchefstroom",3a60e0b5,WD Parnell,2,22,14,0,2,not out
1003861,2016-11-20,2016-17,2,WPR,LIONS,"Senwes Park, Potchefstroom",a757b0d8,KA Pollard,3,26,12,5,0,caught
1003861,2016-11-20,2016-17,2,WPR,LIONS,"Senwes Park, Potchefstroom",e5437608,GF Linde,4,5,6,0,0,bowled
1003861,2016-11-20,2016-17,2,WPR,LIONS,"Senwes Park, Potchefstroom",bf64dc29,KD Petersen,5,0,0,0,0,
1003861,2016-11-20,2016-17,2,WPR,LIONS,"Senwes Park, Potchefstroom",955e8e86,A Mgijima,6,0,0,0,0,
1003861,2016-11-20,2016-17,2,WPR,LIONS,"Senwes Park, Potchefstroom",91cd48e0,JF Smith,7,0,0,0,0,
1003861,2016-11-20,2016-17,2,WPR,LIONS,"Senwes Park, Potchefstroom",462d7c62,D Paterson,8,0,0,0,0,
1003861,2016-11-20,2016-17,2,WPR,LIONS,"Senwes Park, Potchefstroom",7955eb15,RK Kleinveldt,9,0,0,0,0,
1003861,2016-11-20,2016-17,2,WPR,LIONS,"Senwes Park, Potchefstroom",abd541e6,NM Serame,10,0,0,0,0,
1003861,2016-11-20,2016-17,2,WPR,LIONS,"Senwes Park, Potchefstroom",9ab2cc9b,C Tshiki,11,0,0,0,0,
1003865,2016-11-25,2016-17,1,LIONS,WAR,"St George's Park, Port Elizabeth",f66f5343,DA Hendricks,1,38,48,2,0,caught and bowled
1003865,2016-11-25,2016-17,1,LIONS,WAR,"St George's Park, Port Elizabeth",9948e262,HE van der Dussen,2,29,25,2,1,bowled
1003865,2016-11-25,2016-17,1,LIONS,WAR,"St George's Park, Port Elizabeth",8836fcac,M Mosehle,3,49,28,4,2,caught
1003865,2016-11-25,2016-17,1,LIONS,WAR,"St George's Park, Port Elizabeth",df5a6881,DP Conway,4,6,8,0,0,run out
1003865,2016-11-25,2016-17,1,LIONS,WAR,"St George's Park, Port Elizabeth",055e8d7b,NJ van den Bergh,5,11,6,0,1,bowled
1003865,2016-11-25,2016-17,1,LIONS,WAR,"St George's Park, Port Elizabeth",c96f6ac5,PWA Mulder,6,4,3,0,0,not out
1003865,2016-11-25,2016-17,1,LIONS,WAR,"St George's Park, Port Elizabeth",a316d663,GC Viljoen,7,1,2,0,0,not out
1003865,2016-11-25,2016-17,1,LIONS,WAR,"St George's Park, Port Elizabeth",04a5b56e,OA Ramela,8,0,0,0,0,
1003865,2016-11-25,2016-17,1,LIONS,WAR,"St George's Park, Port Elizabeth",7f8ecc51,AM Phangiso,9,0,0,0,0,
1003865,2016-11-25,2016-17,1,LIONS,WAR,"St George's Park, Port Elizabeth",01698fee,Z Pongolo,10,0,0,0,0,
1003865,2016-11-25,2016-17,1,LIONS,WAR,"St George's Park, Port Elizabeth",a7bc76a0,E Leie,11,0,0,0,0,
1003865,2016-11-25,2016-17,2,WAR,LIONS,"St George's Park, Port Elizabeth",42172c3c,JT Smuts,1,31,24,4,1,bowled
1003865,2016-11-25,2016-17,2,WAR,LIONS,"St George's Park, Port Elizabeth",2f873ad6,S Seyibokwe,2,17,24,1,0,bowled
1003865,2016-11-25,2016-17,2,WAR,LIONS,"St George's Park, Port Elizabeth",d9092a19,DJ White,3,9,13,0,0,bowled
1003865,2016-11-25,2016-17,2,WAR,LIONS,"St George's Park, Port Elizabeth",e734d090,CN Ackermann,4,22,15,1,1,caught
1003865,2016-11-25,2016-17,2,WAR,LIONS,"St George's Park, Port Elizabeth",a81d6706,C Jonker,5,49,18,3,5,not out
1003865,2016-11-25,2016-17,2,WAR,LIONS,"St George's Park, Port Elizabeth",51355a30,LC Ngoepe,6,18,14,1,0,not out
1003865,2016-11-25,2016-17,2,WAR,LIONS,"St George's Park, Port Elizabeth",f25cebec,C Fortuin,7,0,0,0,0,
1003865,2016-11-25,2016-17,2,WAR,LIONS,"St George's Park, Port Elizabeth",8361e524,SSB Magala,8,0,0,0,0,
1003865,2016-11-25,2016-17,2,WAR,LIONS,"St George's Park, Port Elizabeth",179bea21,SSN Nqweni,9,0,0,0,0,
1003865,2016-11-25,2016-17,2,WAR,LIONS,"St George's Park, Port Elizabeth",9df3a2f4,ACR Birch,10,0,0,0,0,
1003865,2016-11-25,2016-17,2,WAR,LIONS,"St George's Park, Port Elizabeth",1e182ae2,BD Walters,11,0,0,0,0,
1003867,2016-11-25,2016-17,1,KNG,DOL,"Mangaung Oval, Bloemfontein",39181592,PE Kruger,1,28,24,5,0,stumped
1003867,2016-11-25,2016-17,1,KNG,DOL,"Mangaung Oval, Bloemfontein",d1305df0,AGS Gous,2,28,23,4,0,bowled
1003867,2016-11-25,2016-17,1,KNG,DOL,"Mangaung Oval, Bloemfontein",90d6cdea,TB de Bruyn,3,63,41,6,1,not out
1003867,2016-11-25,2016-17,1,KNG,DOL,"Mangaung Oval, Bloemfontein",01dc3ec0,P Botha,4,5,9,1,0,caught
1003867,2016-11-25,2016-17,1,KNG,DOL,"Mangaung Oval, Bloemfontein",22b70cb8,LLL Sesele,5,6,13,0,0,caught
1003867,2016-11-25,2016-17,1,KNG,DOL,"Mangaung Oval, Bloemfontein",f8e6dbdd,DS Rosier,6,18,10,2,0,not out
1003867,2016-11-25,2016-17,1,KNG,DOL,"Mangaung Oval, Bloemfontein",ed982dfa,TM Bodibe,7,0,0,0,0,
1003867,2016-11-25,2016-17,1,KNG,DOL,"Mangaung Oval, Bloemfontein",d4eef961,M de Lange,8,0,0,0,0,
1003867,2016-11-25,2016-17,1,KNG,DOL,"Mangaung Oval, Bloemfontein",97b0e4ff,SC van Schalkwyk,9,0,0,0,0,
1003867,2016-11-25,2016-17,1,KNG,DOL,"Mangaung Oval, Bloemfontein",a8e56914,D Olivier,10,0,0,0,0,
1003867,2016-11-25,2016-17,1,KNG,DOL,"Mangaung Oval, Bloemfontein",1d105638,M Budaza,11,0,0,0,0,
1003867,2016-11-25,2016-17,2,DOL,KNG,"Mangaung Oval, Bloemfontein",710dd98c,MN van Wyk,1,56,43,7,1,lbw
1003867,2016-11-25,2016-17,2,DOL,KNG,"Mangaung Oval, Bloemfontein",afa78c3a,CS Delport,2,36,24,6,0,caught and bowled
1003867,2016-11-25,2016-17,2,DOL,KNG,"Mangaung Oval, Bloemfontein",27ca3a11,C Chetty,3,46,38,6,0,not out
1003867,2016-11-25,2016-17,2,DOL,KNG,"Mangaung Oval, Bloemfontein",4aad78d3,K Zondo,4,10,8,2,0,not out
1003867,2016-11-25,2016-17,2,DOL,KNG,"Mangaung Oval, Bloemfontein",890b877d,VB van Jaarsveld,5,0,0,0,0,
1003867,2016-11-25,2016-17,2,DOL,KNG,"Mangaung Oval, Bloemfontein",9784fb60,K Nipper,6,0,0,0,0,
1003867,2016-11-25,2016-17,2,DOL,KNG,"Mangaung Oval, Bloemfontein",8b248d88,R Frylinck,7,0,0,0,0,
1003867,2016-11-25,2016-17,2,DOL,KNG,"Mangaung Oval, Bloemfontein",d0db2e43,M Gqadushe,8,0,0,0,0,
1003867,2016-11-25,2016-17,2,DOL,KNG,"Mangaung Oval, Bloemfontein",a467273e,RJ Engelbrecht,9,0,0,0,0,
1003867,2016-11-25,2016-17,2,DOL,KNG,"Mangaung Oval, Bloemfontein",016e5101,M Shezi,10,0,0,0,0,
1003867,2016-11-25,2016-17,2,DOL,KNG,"Mangaung Oval, Bloemfontein",acee4cc4,Imran Tahir,11,0,0,0,0,
1003869,2016-11-25,2016-17,1,WPR,TIT,"SuperSport Park, Centurion",18c78b11,RE Levi,1,45,27,4,3,caught
1003869,2016-11-25,2016-17,1,WPR,TIT,"SuperSport Park, Centurion",3a60e0b5,WD Parnell,2,16,13,1,1,caught
1003869,2016-11-25,2016-17,1,WPR,TIT,"SuperSport Park, Centurion",a757b0d8,KA Pollard,3,2,3,0,0,caught
1003869,2016-11-25,2016-17,1,WPR,TIT,"SuperSport Park, Centurion",7955eb15,RK Kleinveldt,4,28,8,1,4,lbw
1003869,2016-11-25,2016-17,1,WPR,TIT,"SuperSport Park, Centurion",55f33b32,JL Ontong,5,4,4,0,0,not out
1003869,2016-11-25,2016-17,1,WPR,TIT,"SuperSport Park, Centurion",bf64dc29,KD Petersen,6,10,5,2,0,not out
1003869,2016-11-25,2016-17,1,WPR,TIT,"SuperSport Park, Centurion",955e8e86,A Mgijima,7,0,0,0,0,
1003869,2016-11-25,2016-17,1,WPR,TIT,"SuperSport Park, Centurion",462d7c62,D Paterson,8,0,0,0,0,
1003869,2016-11-25,2016-17,1,WPR,TIT,"SuperSport Park, Centurion",9ab2cc9b,C Tshiki,9,0,0,0,0,
1003869,2016-11-25,2016-17,1,WPR,TIT,"SuperSport Park, Centurion",b56dc5f7,BE Hendricks,10,0,0,0,0,
1003869,2016-11-25,2016-17,1,WPR,TIT,"SuperSport Park, Centurion",abd541e6,NM Serame,11,0,0,0,0,
1003869,2016-11-25,2016-17,2,TIT,WPR,"SuperSport Park, Centurion",6a26221c,AK Markram,1,6,3,1,0,not out
1003869,2016-11-25,2016-17,2,TIT,WPR,"SuperSport Park, Centurion",59a7fc89,MQ Adams,2,0,3,0,0,not out
1003869,2016-11-25,2016-17,2,TIT,WPR,"SuperSport Park, Centurion",ede05b97,HG Kuhn,3,0,0,0,0,
1003869,2016-11-25,2016-17,2,TIT,WPR,"SuperSport Park, Centurion",dce2019b,F Behardien,4,0,0,0,0,
1003869,2016-11-25,2016-17,2,TIT,WPR,"SuperSport Park, Centurion",c3d35165,JA Morkel,5,0,0,0,0,
1003869,2016-11-25,2016-17,2,TIT,WPR,"SuperSport Park, Centurion",aa8d28ae,D Wiese,6,0,0,0,0,
1003869,2016-11-25,2016-17,2,TIT,WPR,"SuperSport Park, Centurion",235c2bb6,H Klaasen,7,0,0,0,0,
1003869,2016-11-25,2016-17,2,TIT,WPR,"SuperSport Park, Centurion",1cb14aa4,CJ Dala,8,0,0,0,0,
1003869,2016-11-25,2016-17,2,TIT,WPR,"SuperSport Park, Centurion",9d50c7e1,MP Siboto,9,0,0,0,0,
1003869,2016-11-25,2016-17,2,TIT,WPR,"SuperSport Park, Centurion",f834dcfc,L Ngidi,10,0,0,0,0,
1003869,2016-11-25,2016-17,2,TIT,WPR,"SuperSport Park, Centurion",537f5ab2,DL Piedt,11,0,0,0,0,
1003871,2016-11-27,2016-17,1,TIT,KNG,"Diamond Oval, Kimberley",6a26221c,AK Markram,1,21,19,4,0,run out
1003871,2016-11-27,2016-17,1,TIT,KNG,"Diamond Oval, Kimberley",235c2bb6,H Klaasen,2,13,8,1,1,caught
1003871,2016-11-27,2016-17,1,TIT,KNG,"Diamond Oval, Kimberley",59a7fc89,MQ Adams,3,36,33,2,1,caught
1003871,2016-11-27,2016-17,1,TIT,KNG,"Diamond Oval, Kimberley",ede05b97,HG Kuhn,4,40,27,3,1,caught
1003871,2016-11-27,2016-17,1,TIT,KNG,"Diamond Oval, Kimberley",dce2019b,F Behardien,5,37,22,2,2,not out
1003871,2016-11-27,2016-17,1,TIT,KNG,"Diamond Oval, Kimberley",c3d35165,JA Morkel,6,1,5,0,0,bowled
1003871,2016-11-27,2016-17,1,TIT,KNG,"Diamond Oval, Kimberley",aa8d28ae,D Wiese,7,8,6,1,0,not out
1003871,2016-11-27,2016-17,1,TIT,KNG,"Diamond Oval, Kimberley",9d50c7e1,MP Siboto,8,0,0,0,0,
1003871,2016-11-27,2016-17,1,TIT,KNG,"Diamond Oval, Kimberley",537f5ab2,DL Piedt,9,0,0,0,0,
1003871,2016-11-27,2016-17,1,TIT,KNG,"Diamond Oval, Kimberley",1cb14aa4,CJ Dala,10,0,0,0,0,
1003871,2016-11-27,2016-17,1,TIT,KNG,"Diamond Oval, Kimberley",f834dcfc,L Ngidi,11,0,0,0,0,
1003871,2016-11-27,2016-17,2,KNG,TIT,"Diamond Oval, Kimberley",39181592,PE Kruger,1,79,60,10,1,caught
1003871,2016-11-27,2016-17,2,KNG,TIT,"Diamond Oval, Kimberley",d1305df0,AGS Gous,2,0,2,0,0,caught
1003871,2016-11-27,2016-17,2,KNG,TIT,"Diamond Oval, Kimberley",90d6cdea,TB de Bruyn,3,47,34,5,2,caught
1003871,2016-11-27,2016-17,2,KNG,TIT,"Diamond Oval, Kimberley",d67d5f00,DA Miller,4,1,2,0,0,bowled
1003871,2016-11-27,2016-17,2,KNG,TIT,"Diamond Oval, Kimberley",f8e6dbdd,DS Rosier,5,8,9,0,0,caught
1003871,2016-11-27,2016-17,2,KNG,TIT,"Diamond Oval, Kimberley",ed982dfa,TM Bodibe,6,6,8,0,0,not out
1003871,2016-11-27,2016-17,2,KNG,TIT,"Diamond Oval, Kimberley",d4eef961,M de Lange,7,3,4,0,0,caught
1003871,2016-11-27,2016-17,2,KNG,TIT,"Diamond Oval, Kimberley",97b0e4ff,SC van Schalkwyk,8,0,1,0,0,not out
1003871,2016-11-27,2016-17,2,KNG,TIT,"Diamond Oval, Kimberley",22b70cb8,LLL Sesele,9,0,0,0,0,
1003871,2016-11-27,2016-17,2,KNG,TIT,"Diamond Oval, Kimberley",a8e56914,D Olivier,10,0,0,0,0,
1003871,2016-11-27,2016-17,2,KNG,TIT,"Diamond Oval, Kimberley",58f01d47,LM Zuma,11,0,0,0,0,
1003873,2016-11-27,2016-17,1,LIONS,DOL,"New Wanderers Stadium, Johannesburg",9948e262,HE van der Dussen,1,41,32,1,2,bowled
1003873,2016-11-27,2016-17,1,LIONS,DOL,"New Wanderers Stadium, Johannesburg",04a5b56e,OA Ramela,2,19,13,3,0,caught
1003873,2016-11-27,2016-17,1,LIONS,DOL,"New Wanderers Stadium, Johannesburg",8836fcac,M Mosehle,3,45,25,3,3,caught
1003873,2016-11-27,2016-17,1,LIONS,DOL,"New Wanderers Stadium, Johannesburg",055e8d7b,NJ van den Bergh,4,18,15,0,1,caught
1003873,2016-11-27,2016-17,1,LIONS,DOL,"New Wanderers Stadium, Johannesburg",df5a6881,DP Conway,5,13,15,1,0,caught
1003873,2016-11-27,2016-17,1,LIONS,DOL,"New Wanderers Stadium, Johannesburg",a316d663,GC Viljoen,6,14,11,0,1,not out
1003873,2016-11-27,2016-17,1,LIONS,DOL,"New Wanderers Stadium, Johannesburg",52c0576c,MK McGillivray,7,16,9,0,1,not out
1003873,2016-11-27,2016-17,1,LIONS,DOL,"New Wanderers Stadium, Johannesburg",9a2fc964,BC Fortuin,8,0,0,0,0,
1003873,2016-11-27,2016-17,1,LIONS,DOL,"New Wanderers Stadium, Johannesburg",7f8ecc51,AM Phangiso,9,0,0,0,0,
1003873,2016-11-27,2016-17,1,LIONS,DOL,"New Wanderers Stadium, Johannesburg",a7bc76a0,E Leie,10,0,0,0,0,
1003873,2016-11-27,2016-17,1,LIONS,DOL,"New Wanderers Stadium, Johannesburg",c50bfbc2,A Myoli,11,0,0,0,0,
1003873,2016-11-27,2016-17,2,DOL,LIONS,"New Wanderers Stadium, Johannesburg",afa78c3a,CS Delport,1,1,5,0,0,caught
1003873,2016-11-27,2016-17,2,DOL,LIONS,"New Wanderers Stadium, Johannesburg",710dd98c,MN van Wyk,2,17,7,4,0,bowled
1003873,2016-11-27,2016-17,2,DOL,LIONS,"New Wanderers Stadium, Johannesburg",27ca3a11,C Chetty,3,35,28,4,0,caught and bowled
1003873,2016-11-27,2016-17,2,DOL,LIONS,"New Wanderers Stadium, Johannesburg",d0db2e43,M Gqadushe,4,10,11,2,0,bowled
1003873,2016-11-27,2016-17,2,DOL,LIONS,"New Wanderers Stadium, Johannesburg",890b877d,VB van Jaarsveld,5,23,21,1,2,caught
1003873,2016-11-27,2016-17,2,DOL,LIONS,"New Wanderers Stadium, Johannesburg",4aad78d3,K Zondo,6,9,12,0,0,caught
1003873,2016-11-27,2016-17,2,DOL,LIONS,"New Wanderers Stadium, Johannesburg",9784fb60,K Nipper,7,5,6,0,0,caught
1003873,2016-11-27,2016-17,2,DOL,LIONS,"New Wanderers Stadium, Johannesburg",8b248d88,R Frylinck,8,49,20,5,3,caught
1003873,2016-11-27,2016-17,2,DOL,LIONS,"New Wanderers Stadium, Johannesburg",acee4cc4,Imran Tahir,9,6,6,1,0,bowled
1003873,2016-11-27,2016-17,2,DOL,LIONS,"New Wanderers Stadium, Johannesburg",a467273e,RJ Engelbrecht,10,4,3,1,0,not out
1003873,2016-11-27,2016-17,2,DOL,LIONS,"New Wanderers Stadium, Johannesburg",016e5101,M Shezi,11,1,1,0,0,not out
1003875,2016-11-30,2016-17,1,KNG,WAR,"St George's Park, Port Elizabeth",22b70cb8,LLL Sesele,1,2,17,0,0,run out
1003875,2016-11-30,2016-17,1,KNG,WAR,"St George's Park, Port Elizabeth",39181592,PE Kruger,2,37,26,7,0,caught
1003875,2016-11-30,2016-17,1,KNG,WAR,"St George's Park, Port Elizabeth",90d6cdea,TB de Bruyn,3,11,10,1,0,caught
1003875,2016-11-30,2016-17,1,KNG,WAR,"St George's Park, Port Elizabeth",d1305df0,AGS Gous,4,1,3,0,0,bowled
1003875,2016-11-30,2016-17,1,KNG,WAR,"St George's Park, Port Elizabeth",01dc3ec0,P Botha,5,12,15,1,0,bowled
1003875,2016-11-30,2016-17,1,KNG,WAR,"St George's Park, Port Elizabeth",cba5185d,AR Swanepoel,6,0,1,0,0,caught
1003875,2016-11-30,2016-17,1,KNG,WAR,"St George's Park, Port Elizabeth",d4eef961,M de Lange,7,1,4,0,0,bowled
1003875,2016-11-30,2016-17,1,KNG,WAR,"St George's Park, Port Elizabeth",ed982dfa,TM Bodibe,8,6,11,0,0,caught
1003875,2016-11-30,2016-17,1,KNG,WAR,"St George's Park, Port Elizabeth",97b0e4ff,SC van Schalkwyk,9,10,18,1,0,caught
1003875,2016-11-30,2016-17,1,KNG,WAR,"St George's Park, Port Elizabeth",a8e56914,D Olivier,10,8,9,1,0,not out
1003875,2016-11-30,2016-17,1,KNG,WAR,"St George's Park, Port Elizabeth",58f01d47,LM Zuma,11,2,4,0,0,bowled
1003875,2016-11-30,2016-17,2,WAR,KNG,"St George's Park, Port Elizabeth",42172c3c,JT Smuts,1,49,35,7,2,not out
1003875,2016-11-30,2016-17,2,WAR,KNG,"St George's Park, Port Elizabeth",2f873ad6,S Seyibokwe,2,11,12,0,0,caught
1003875,2016-11-30,2016-17,2,WAR,KNG,"St George's Park, Port Elizabeth",c995d726,CA Ingram,3,23,19,4,0,caught
1003875,2016-11-30,2016-17,2,WAR,KNG,"St George's Park, Port Elizabeth",e734d090,CN Ackermann,4,0,2,0,0,not out
1003875,2016-11-30,2016-17,2,WAR,KNG,"St George's Park, Port Elizabeth",a83c44b8,A Gqamane,5,0,0,0,0,
1003875,2016-11-30,2016-17,2,WAR,KNG,"St George's Park, Port Elizabeth",9df3a2f4,ACR Birch,6,0,0,0,0,
1003875,2016-11-30,2016-17,2,WAR,KNG,"St George's Park, Port Elizabeth",a81d6706,C Jonker,7,0,0,0,0,
1003875,2016-11-30,2016-17,2,WAR,KNG,"St George's Park, Port Elizabeth",8361e524,SSB Magala,8,0,0,0,0,
1003875,2016-11-30,2016-17,2,WAR,KNG,"St George's Park, Port Elizabeth",51355a30,LC Ngoepe,9,0,0,0,0,
1003875,2016-11-30,2016-17,2,WAR,KNG,"St George's Park, Port Elizabeth",f25cebec,C Fortuin,10,0,0,0,0,
1003875,2016-11-30,2016-17,2,WAR,KNG,"St George's Park, Port Elizabeth",1e182ae2,BD Walters,11,0,0,0,0,
1003877,2016-11-30,2016-17,1,TIT,DOL,"Kingsmead, Durban",235c2bb6,H Klaasen,1,5,9,0,0,caught
1003877,2016-11-30,2016-17,1,TIT,DOL,"Kingsmead, Durban",a833f99c,JD Vandiar,2,21,15,3,0,stumped
1003877,2016-11-30,2016-17,1,TIT,DOL,"Kingsmead, Durban",59a7fc89,MQ Adams,3,3,5,0,0,bowled
1003877,2016-11-30,2016-17,1,TIT,DOL,"Kingsmead, Durban",ede05b97,HG Kuhn,4,30,29,2,0,caught
1003877,2016-11-30,2016-17,1,TIT,DOL,"Kingsmead, Durban",dce2019b,F Behardien,5,72,40,9,2,not out
1003877,2016-11-30,2016-17,1,TIT,DOL,"Kingsmead, Durban",c3d35165,JA Morkel,6,29,22,2,1,not out
1003877,2016-11-30,2016-17,1,TIT,DOL,"Kingsmead, Durban",aa8d28ae,D Wiese,7,0,0,0,0,
1003877,2016-11-30,2016-17,1,TIT,DOL,"Kingsmead, Durban",9d50c7e1,MP Siboto,8,0,0,0,0,
1003877,2016-11-30,2016-17,1,TIT,DOL,"Kingsmead, Durban",ffd3fc37,S von Berg,9,0,0,0,0,
1003877,2016-11-30,2016-17,1,TIT,DOL,"Kingsmead, Durban",1cb14aa4,CJ Dala,10,0,0,0,0,
1003877,2016-11-30,2016-17,1,TIT,DOL,"Kingsmead, Durban",f834dcfc,L Ngidi,11,0,0,0,0,
1003877,2016-11-30,2016-17,2,DOL,TIT,"Kingsmead, Durban",afa78c3a,CS Delport,1,62,33,6,3,bowled
1003877,2016-11-30,2016-17,2,DOL,TIT,"Kingsmead, Durban",710dd98c,MN van Wyk,2,27,20,3,1,caught
1003877,2016-11-30,2016-17,2,DOL,TIT,"Kingsmead, Durban",39f01cdb,KP Pietersen,3,5,3,1,0,caught
1003877,2016-11-30,2016-17,2,DOL,TIT,"Kingsmead, Durban",27ca3a11,C Chetty,4,29,28,2,0,not out
1003877,2016-11-30,2016-17,2,DOL,TIT,"Kingsmead, Durban",4aad78d3,K Zondo,5,26,23,3,0,bowled
1003877,2016-11-30,2016-17,2,DOL,TIT,"Kingsmead, Durban",8b248d88,R Frylinck,6,12,10,1,0,not out
1003877,2016-11-30,2016-17,2,DOL,TIT,"Kingsmead, Durban",d0db2e43,M Gqadushe,7,0,0,0,0,
1003877,2016-11-30,2016-17,2,DOL,TIT,"Kingsmead, Durban",7ec9711d,P Subrayen,8,0,0,0,0,
1003877,2016-11-30,2016-17,2,DOL,TIT,"Kingsmead, Durban",26d9937d,CJ Alexander,9,0,0,0,0,
1003877,2016-11-30,2016-17,2,DOL,TIT,"Kingsmead, Durban",acee4cc4,Imran Tahir,10,0,0,0,0,
1003877,2016-11-30,2016-17,2,DOL,TIT,"Kingsmead, Durban",016e5101,M Shezi,11,0,0,0,0,
1003879,2016-12-02,2016-17,1,LIONS,KNG,"Diamond Oval, Kimberley",9948e262,HE van der Dussen,1,24,21,1,2,bowled
1003879,2016-12-02,2016-17,1,LIONS,KNG,"Diamond Oval, Kimberley",b8cc58c9,RR Hendricks,2,53,31,5,2,caught
1003879,2016-12-02,2016-17,1,LIONS,KNG,"Diamond Oval, Kimberley",8836fcac,M Mosehle,3,24,19,0,2,run out
1003879,2016-12-02,2016-17,1,LIONS,KNG,"Diamond Oval, Kimberley",055e8d7b,NJ van den Bergh,4,57,35,4,3,caught
1003879,2016-12-02,2016-17,1,LIONS,KNG,"Diamond Oval, Kimberley",11614d87,D Pretorius,5,5,7,0,0,caught
1003879,2016-12-02,2016-17,1,LIONS,KNG,"Diamond Oval, Kimberley",a316d663,GC Viljoen,6,11,5,0,1,not out
1003879,2016-12-02,2016-17,1,LIONS,KNG,"Diamond Oval, Kimberley",52c0576c,MK McGillivray,7,5,2,1,0,not out
1003879,2016-12-02,2016-17,1,LIONS,KNG,"Diamond Oval, Kimberley",04a5b56e,OA Ramela,8,0,0,0,0,
1003879,2016-12-02,2016-17,1,LIONS,KNG,"Diamond Oval, Kimberley",9a2fc964,BC Fortuin,9,0,0,0,0,
1003879,2016-12-02,2016-17,1,LIONS,KNG,"Diamond Oval, Kimberley",a7bc76a0,E Leie,10,0,0,0,0,
1003879,2016-12-02,2016-17,1,LIONS,KNG,"Diamond Oval, Kimberley",7f8ecc51,AM Phangiso,11,0,0,0,0,
1003879,2016-12-02,2016-17,2,KNG,LIONS,"Diamond Oval, Kimberley",704af8eb,MN Erlank,1,0,1,0,0,caught
1003879,2016-12-02,2016-17,2,KNG,LIONS,"Diamond Oval, Kimberley",90d6cdea,TB de Bruyn,2,22,16,3,1,bowled
1003879,2016-12-02,2016-17,2,KNG,LIONS,"Diamond Oval, Kimberley",6e6fb538,JL du Plooy,3,45,33,3,3,lbw
1003879,2016-12-02,2016-17,2,KNG,LIONS,"Diamond Oval, Kimberley",4025c262,PJ van Biljon,4,42,32,4,2,caught
1003879,2016-12-02,2016-17,2,KNG,LIONS,"Diamond Oval, Kimberley",d4eef961,M de Lange,5,3,7,0,0,caught
1003879,2016-12-02,2016-17,2,KNG,LIONS,"Diamond Oval, Kimberley",cba5185d,AR Swanepoel,6,7,6,1,0,caught
1003879,2016-12-02,2016-17,2,KNG,LIONS,"Diamond Oval, Kimberley",ed982dfa,TM Bodibe,7,11,13,0,0,not out
1003879,2016-12-02,2016-17,2,KNG,LIONS,"Diamond Oval, Kimberley",b847829f,LL Mnyanda,8,25,12,4,0,not out
1003879,2016-12-02,2016-17,2,KNG,LIONS,"Diamond Oval, Kimberley",97b0e4ff,SC van Schalkwyk,9,0,0,0,0,
1003879,2016-12-02,2016-17,2,KNG,LIONS,"Diamond Oval, Kimberley",a8e56914,D Olivier,10,0,0,0,0,
1003879,2016-12-02,2016-17,2,KNG,LIONS,"Diamond Oval, Kimberley",58f01d47,LM Zuma,11,0,0,0,0,
1003881,2016-12-02,2016-17,1,TIT,WAR,"SuperSport Park, Centurion",a833f99c,JD Vandiar,1,12,9,1,0,caught
1003881,2016-12-02,2016-17,1,TIT,WAR,"SuperSport Park, Centurion",6a26221c,AK Markram,2,23,16,4,0,caught
1003881,2016-12-02,2016-17,1,TIT,WAR,"SuperSport Park, Centurion",235c2bb6,H Klaasen,3,26,17,3,1,caught
1003881,2016-12-02,2016-17,1,TIT,WAR,"SuperSport Park, Centurion",ede05b97,HG Kuhn,4,14,15,1,0,caught
1003881,2016-12-02,2016-17,1,TIT,WAR,"SuperSport Park, Centurion",dce2019b,F Behardien,5,4,7,0,0,caught
1003881,2016-12-02,2016-17,1,TIT,WAR,"SuperSport Park, Centurion",c3d35165,JA Morkel,6,25,21,1,2,caught
1003881,2016-12-02,2016-17,1,TIT,WAR,"SuperSport Park, Centurion",aa8d28ae,D Wiese,7,36,28,4,1,caught
1003881,2016-12-02,2016-17,1,TIT,WAR,"SuperSport Park, Centurion",9d50c7e1,MP Siboto,8,0,2,0,0,bowled
1003881,2016-12-02,2016-17,1,TIT,WAR,"SuperSport Park, Centurion",a03bba42,T Shamsi,9,0,1,0,0,caught
1003881,2016-12-02,2016-17,1,TIT,WAR,"SuperSport Park, Centurion",1cb14aa4,CJ Dala,10,1,1,0,0,run out
1003881,2016-12-02,2016-17,1,TIT,WAR,"SuperSport Park, Centurion",f834dcfc,L Ngidi,11,0,0,0,0,not out
1003881,2016-12-02,2016-17,2,WAR,TIT,"SuperSport Park, Centurion",42172c3c,JT Smuts,1,33,25,1,3,caught
1003881,2016-12-02,2016-17,2,WAR,TIT,"SuperSport Park, Centurion",2f873ad6,S Seyibokwe,2,1,3,0,0,caught
1003881,2016-12-02,2016-17,2,WAR,TIT,"SuperSport Park, Centurion",c995d726,CA Ingram,3,50,45,6,0,caught
1003881,2016-12-02,2016-17,2,WAR,TIT,"SuperSport Park, Centurion",e734d090,CN Ackermann,4,53,34,4,3,bowled
1003881,2016-12-02,2016-17,2,WAR,TIT,"SuperSport Park, Centurion",a81d6706,C Jonker,5,3,5,0,0,not out
1003881,2016-12-02,2016-17,2,WAR,TIT,"SuperSport Park, Centurion",51355a30,LC Ngoepe,6,1,1,0,0,not out
1003881,2016-12-02,2016-17,2,WAR,TIT,"SuperSport Park, Centurion",f25cebec,C Fortuin,7,0,0,0,0,
1003881,2016-12-02,2016-17,2,WAR,TIT,"SuperSport Park, Centurion",9df3a2f4,ACR Birch,8,0,0,0,0,
1003881,2016-12-02,2016-17,2,WAR,TIT,"SuperSport Park, Centurion",8361e524,SSB Magala,9,0,0,0,0,
1003881,2016-12-02,2016-17,2,WAR,TIT,"SuperSport Park, Centurion",a83c44b8,A Gqamane,10,0,0,0,0,
1003881,2016-12-02,2016-17,2,WAR,TIT,"SuperSport Park, Centurion",1e182ae2,BD Walters,11,0,0,0,0,
1003883,2016-12-04,2016-17,1,LIONS,WAR,"Kingsmead, Durban",9948e262,HE van der Dussen,1,50,25,2,5,caught
1003883,2016-12-04,2016-17,1,LIONS,WAR,"Kingsmead, Durban",b8cc58c9,RR Hendricks,2,25,27,3,0,caught
1003883,2016-12-04,2016-17,1,LIONS,WAR,"Kingsmead, Durban",8836fcac,M Mosehle,3,16,14,0,1,caught
1003883,2016-12-04,2016-17,1,LIONS,WAR,"Kingsmead, Durban",04a5b56e,OA Ramela,4,15,12,2,0,caught
1003883,2016-12-04,2016-17,1,LIONS,WAR,"Kingsmead, Durban",055e8d7b,NJ van den Bergh,5,12,12,0,1,caught
1003883,2016-12-04,2016-17,1,LIONS,WAR,"Kingsmead, Durban",11614d87,D Pretorius,6,1,2,0,0,caught and bowled
1003883,2016-12-04,2016-17,1,LIONS,WAR,"Kingsmead, Durban",52c0576c,MK McGillivray,7,17,14,0,0,run out
1003883,2016-12-04,2016-17,1,LIONS,WAR,"Kingsmead, Durban",a316d663,GC Viljoen,8,6,5,1,0,bowled
1003883,2016-12-04,2016-17,1,LIONS,WAR,"Kingsmead, Durban",9a2fc964,BC Fortuin,9,0,1,0,0,caught
1003883,2016-12-04,2016-17,1,LIONS,WAR,"Kingsmead, Durban",7f8ecc51,AM Phangiso,10,2,4,0,0,not out
1003883,2016-12-04,2016-17,1,LIONS,WAR,"Kingsmead, Durban",a7bc76a0,E Leie,11,2,3,0,0,bowled
1003883,2016-12-04,2016-17,2,WAR,LIONS,"Kingsmead, Durban",42172c3c,JT Smuts,1,1,6,0,0,caught
1003883,2016-12-04,2016-17,2,WAR,LIONS,"Kingsmead, Durban",3bf40832,GL Cloete,2,6,9,1,0,bowled
1003883,2016-12-04,2016-17,2,WAR,LIONS,"Kingsmead, Durban",c995d726,CA Ingram,3,47,28,6,2,caught
1003883,2016-12-04,2016-17,2,WAR,LIONS,"Kingsmead, Durban",e734d090,CN Ackermann,4,0,2,0,0,bowled
1003883,2016-12-04,2016-17,2,WAR,LIONS,"Kingsmead, Durban",a81d6706,C Jonker,5,35,29,1,3,caught
1003883,2016-12-04,2016-17,2,WAR,LIONS,"Kingsmead, Durban",51355a30,LC Ngoepe,6,3,6,0,0,caught
1003883,2016-12-04,2016-17,2,WAR,LIONS,"Kingsmead, Durban",f25cebec,C Fortuin,7,12,10,0,1,caught and bowled
1003883,2016-12-04,2016-17,2,WAR,LIONS,"Kingsmead, Durban",9df3a2f4,ACR Birch,8,30,19,3,0,bowled
1003883,2016-12-04,2016-17,2,WAR,LIONS,"Kingsmead, Durban",8361e524,SSB Magala,9,10,6,2,0,caught
1003883,2016-12-04,2016-17,2,WAR,LIONS,"Kingsmead, Durban",a83c44b8,A Gqamane,10,1,2,0,0,caught
1003883,2016-12-04,2016-17,2,WAR,LIONS,"Kingsmead, Durban",1e182ae2,BD Walters,11,4,3,0,0,not out
1003885,2016-12-04,2016-17,1,DOL,WPR,"Kingsmead, Durban",710dd98c,MN van Wyk,1,44,36,7,0,caught
1003885,2016-12-04,2016-17,1,DOL,WPR,"Kingsmead, Durban",afa78c3a,CS Delport,2,5,3,1,0,caught
1003885,2016-12-04,2016-17,1,DOL,WPR,"Kingsmead, Durban",39f01cdb,KP Pietersen,3,79,51,3,5,caught
1003885,2016-12-04,2016-17,1,DOL,WPR,"Kingsmead, Durban",27ca3a11,C Chetty,4,0,1,0,0,caught
1003885,2016-12-04,2016-17,1,DOL,WPR,"Kingsmead, Durban",4aad78d3,K Zondo,5,40,28,2,2,not out
1003885,2016-12-04,2016-17,1,DOL,WPR,"Kingsmead, Durban",8b248d88,R Frylinck,6,0,1,0,0,caught
1003885,2016-12-04,2016-17,1,DOL,WPR,"Kingsmead, Durban",0b60eb09,KA Maharaj,7,0,0,0,0,
1003885,2016-12-04,2016-17,1,DOL,WPR,"Kingsmead, Durban",d0db2e43,M Gqadushe,8,0,0,0,0,
1003885,2016-12-04,2016-17,1,DOL,WPR,"Kingsmead, Durban",7ec9711d,P Subrayen,9,0,0,0,0,
1003885,2016-12-04,2016-17,1,DOL,WPR,"Kingsmead, Durban",acee4cc4,Imran Tahir,10,0,0,0,0,
1003885,2016-12-04,2016-17,1,DOL,WPR,"Kingsmead, Durban",016e5101,M Shezi,11,0,0,0,0,
1003885,2016-12-04,2016-17,2,WPR,DOL,"Kingsmead, Durban",18c78b11,RE Levi,1,54,31,8,1,caught
1003885,2016-12-04,2016-17,2,WPR,DOL,"Kingsmead, Durban",3a60e0b5,WD Parnell,2,16,9,3,0,caught
1003885,2016-12-04,2016-17,2,WPR,DOL,"Kingsmead, Durban",55f33b32,JL Ontong,3,15,17,1,1,run out
1003885,2016-12-04,2016-17,2,WPR,DOL,"Kingsmead, Durban",087210b1,DJ Vilas,4,54,34,5,2,not out
1003885,2016-12-04,2016-17,2,WPR,DOL,"Kingsmead, Durban",a757b0d8,KA Pollard,5,31,21,1,3,not out
1003885,2016-12-04,2016-17,2,WPR,DOL,"Kingsmead, Durban",9ab2cc9b,C Tshiki,6,0,0,0,0,
1003885,2016-12-04,2016-17,2,WPR,DOL,"Kingsmead, Durban",7955eb15,RK Kleinveldt,7,0,0,0,0,
1003885,2016-12-04,2016-17,2,WPR,DOL,"Kingsmead, Durban",e5437608,GF Linde,8,0,0,0,0,
1003885,2016-12-04,2016-17,2,WPR,DOL,"Kingsmead, Durban",955e8e86,A Mgijima,9,0,0,0,0,
1003885,2016-12-04,2016-17,2,WPR,DOL,"Kingsmead, Durban",462d7c62,D Paterson,10,0,0,0,0,
1003885,2016-12-04,2016-17,2,WPR,DOL,"Kingsmead, Durban",abd541e6,NM Serame,11,0,0,0,0,
1003887,2016-12-07,2016-17,1,KNG,WPR,"Newlands, Cape Town",13d0b3d6,RS Second,1,3,5,0,0,lbw
1003887,2016-12-07,2016-17,1,KNG,WPR,"Newlands, Cape Town",39181592,PE Kruger,2,42,34,6,2,bowled
1003887,2016-12-07,2016-17,1,KNG,WPR,"Newlands, Cape Town",90d6cdea,TB de Bruyn,3,52,41,4,2,caught
1003887,2016-12-07,2016-17,1,KNG,WPR,"Newlands, Cape Town",6e6fb538,JL du Plooy,4,1,6,0,0,caught
1003887,2016-12-07,2016-17,1,KNG,WPR,"Newlands, Cape Town",cba5185d,AR Swanepoel,5,7,7,1,0,caught
1003887,2016-12-07,2016-17,1,KNG,WPR,"Newlands, Cape Town",b847829f,LL Mnyanda,6,5,7,0,0,caught
1003887,2016-12-07,2016-17,1,KNG,WPR,"Newlands, Cape Town",d7a57f75,D du Preez,7,0,1,0,0,caught
1003887,2016-12-07,2016-17,1,KNG,WPR,"Newlands, Cape Town",97b0e4ff,SC van Schalkwyk,8,10,9,0,0,not out
1003887,2016-12-07,2016-17,1,KNG,WPR,"Newlands, Cape Town",7bc29ffb,CA Dry,9,9,8,2,0,bowled
1003887,2016-12-07,2016-17,1,KNG,WPR,"Newlands, Cape Town",58f01d47,LM Zuma,10,4,2,0,0,not out
1003887,2016-12-07,2016-17,1,KNG,WPR,"Newlands, Cape Town",1d105638,M Budaza,11,0,0,0,0,
1003887,2016-12-07,2016-17,2,WPR,KNG,"Newlands, Cape Town",18c78b11,RE Levi,1,58,32,9,2,bowled
1003887,2016-12-07,2016-17,2,WPR,KNG,"Newlands, Cape Town",3a60e0b5,WD Parnell,2,34,32,3,1,bowled
1003887,2016-12-07,2016-17,2,WPR,KNG,"Newlands, Cape Town",2e8994e7,JP Duminy,3,13,12,1,0,not out
1003887,2016-12-07,2016-17,2,WPR,KNG,"Newlands, Cape Town",a757b0d8,KA Pollard,4,39,12,3,4,not out
1003887,2016-12-07,2016-17,2,WPR,KNG,"Newlands, Cape Town",9ab2cc9b,C Tshiki,5,0,0,0,0,
1003887,2016-12-07,2016-17,2,WPR,KNG,"Newlands, Cape Town",087210b1,DJ Vilas,6,0,0,0,0,
1003887,2016-12-07,2016-17,2,WPR,KNG,"Newlands, Cape Town",955e8e86,A Mgijima,7,0,0,0,0,
1003887,2016-12-07,2016-17,2,WPR,KNG,"Newlands, Cape Town",7955eb15,RK Kleinveldt,8,0,0,0,0,
1003887,2016-12-07,2016-17,2,WPR,KNG,"Newlands, Cape Town",e5437608,GF Linde,9,0,0,0,0,
1003887,2016-12-07,2016-17,2,WPR,KNG,"Newlands, Cape Town",462d7c62,D Paterson,10,0,0,0,0,
1003887,2016-12-07,2016-17,2,WPR,KNG,"Newlands, Cape Town",abd541e6,NM Serame,11,0,0,0,0,
1003889,2016-12-07,2016-17,1,DOL,WAR,"Buffalo Park, East London",710dd98c,MN van Wyk,1,77,52,12,0,caught
1003889,2016-12-07,2016-17,1,DOL,WAR,"Buffalo Park, East London",afa78c3a,CS Delport,2,5,3,1,0,bowled
1003889,2016-12-07,2016-17,1,DOL,WAR,"Buffalo Park, East London",39f01cdb,KP Pietersen,3,81,46,4,6,bowled
1003889,2016-12-07,2016-17,1,DOL,WAR,"Buffalo Park, East London",8b248d88,R Frylinck,4,22,9,4,1,bowled
1003889,2016-12-07,2016-17,1,DOL,WAR,"Buffalo Park, East London",4aad78d3,K Zondo,5,14,6,1,1,caught
1003889,2016-12-07,2016-17,1,DOL,WAR,"Buffalo Park, East London",0b60eb09,KA Maharaj,6,7,3,1,0,not out
1003889,2016-12-07,2016-17,1,DOL,WAR,"Buffalo Park, East London",7ec9711d,P Subrayen,7,2,2,0,0,not out
1003889,2016-12-07,2016-17,1,DOL,WAR,"Buffalo Park, East London",1b42a100,BS Makhanya,8,0,0,0,0,
1003889,2016-12-07,2016-17,1,DOL,WAR,"Buffalo Park, East London",27ca3a11,C Chetty,9,0,0,0,0,
1003889,2016-12-07,2016-17,1,DOL,WAR,"Buffalo Park, East London",acee4cc4,Imran Tahir,10,0,0,0,0,
1003889,2016-12-07,2016-17,1,DOL,WAR,"Buffalo Park, East London",016e5101,M Shezi,11,0,0,0,0,
1003889,2016-12-07,2016-17,2,WAR,DOL,"Buffalo Park, East London",42172c3c,JT Smuts,1,107,58,5,9,not out
1003889,2016-12-07,2016-17,2,WAR,DOL,"Buffalo Park, East London",f25cebec,C Fortuin,2,0,3,0,0,caught
1003889,2016-12-07,2016-17,2,WAR,DOL,"Buffalo Park, East London",c995d726,CA Ingram,3,55,26,6,3,lbw
1003889,2016-12-07,2016-17,2,WAR,DOL,"Buffalo Park, East London",e734d090,CN Ackermann,4,9,7,1,0,bowled
1003889,2016-12-07,2016-17,2,WAR,DOL,"Buffalo Park, East London",a81d6706,C Jonker,5,36,20,3,2,not out
1003889,2016-12-07,2016-17,2,WAR,DOL,"Buffalo Park, East London",59a7fc89,MQ Adams,6,0,0,0,0,
1003889,2016-12-07,2016-17,2,WAR,DOL,"Buffalo Park, East London",51355a30,LC Ngoepe,7,0,0,0,0,
1003889,2016-12-07,2016-17,2,WAR,DOL,"Buffalo Park, East London",9df3a2f4,ACR Birch,8,0,0,0,0,
1003889,2016-12-07,2016-17,2,WAR,DOL,"Buffalo Park, East London",8361e524,SSB Magala,9,0,0,0,0,
1003889,2016-12-07,2016-17,2,WAR,DOL,"Buffalo Park, East London",a83c44b8,A Gqamane,10,0,0,0,0,
1003889,2016-12-07,2016-17,2,WAR,DOL,"Buffalo Park, East London",1e182ae2,BD Walters,11,0,0,0,0,
1003891,2016-12-07,2016-17,1,TIT,LIONS,"SuperSport Park, Centurion",a833f99c,JD Vandiar,1,67,41,6,3,caught
1003891,2016-12-07,2016-17,1,TIT,LIONS,"SuperSport Park, Centurion",6a26221c,AK Markram,2,27,23,5,0,caught
1003891,2016-12-07,2016-17,1,TIT,LIONS,"SuperSport Park, Centurion",235c2bb6,H Klaasen,3,26,15,2,1,caught and bowled
1003891,2016-12-07,2016-17,1,TIT,LIONS,"SuperSport Park, Centurion",ede05b97,HG Kuhn,4,29,11,1,3,caught
1003891,2016-12-07,2016-17,1,TIT,LIONS,"SuperSport Park, Centurion",c3d35165,JA Morkel,5,32,17,1,2,caught
1003891,2016-12-07,2016-17,1,TIT,LIONS,"SuperSport Park, Centurion",dce2019b,F Behardien,6,19,9,0,2,not out
1003891,2016-12-07,2016-17,1,TIT,LIONS,"SuperSport Park, Centurion",aa8d28ae,D Wiese,7,17,5,0,2,not out
1003891,2016-12-07,2016-17,1,TIT,LIONS,"SuperSport Park, Centurion",9d50c7e1,MP Siboto,8,0,0,0,0,
1003891,2016-12-07,2016-17,1,TIT,LIONS,"SuperSport Park, Centurion",1cb14aa4,CJ Dala,9,0,0,0,0,
1003891,2016-12-07,2016-17,1,TIT,LIONS,"SuperSport Park, Centurion",f834dcfc,L Ngidi,10,0,0,0,0,
1003891,2016-12-07,2016-17,1,TIT,LIONS,"SuperSport Park, Centurion",a03bba42,T Shamsi,11,0,0,0,0,
1003891,2016-12-07,2016-17,2,LIONS,TIT,"SuperSport Park, Centurion",9948e262,HE van der Dussen,1,45,18,3,4,bowled
1003891,2016-12-07,2016-17,2,LIONS,TIT,"SuperSport Park, Centurion",b8cc58c9,RR Hendricks,2,24,20,2,0,caught
1003891,2016-12-07,2016-17,2,LIONS,TIT,"SuperSport Park, Centurion",8836fcac,M Mosehle,3,11,8,0,1,caught
1003891,2016-12-07,2016-17,2,LIONS,TIT,"SuperSport Park, Centurion",9ffd1ac1,T Bavuma,4,33,25,3,0,caught
1003891,2016-12-07,2016-17,2,LIONS,TIT,"SuperSport Park, Centurion",11614d87,D Pretorius,5,12,4,0,2,caught
1003891,2016-12-07,2016-17,2,LIONS,TIT,"SuperSport Park, Centurion",055e8d7b,NJ van den Bergh,6,22,18,2,0,caught
1003891,2016-12-07,2016-17,2,LIONS,TIT,"SuperSport Park, Centurion",a316d663,GC Viljoen,7,28,22,1,2,not out
1003891,2016-12-07,2016-17,2,LIONS,TIT,"SuperSport Park, Centurion",9a2fc964,BC Fortuin,8,0,1,0,0,caught
1003891,2016-12-07,2016-17,2,LIONS,TIT,"SuperSport Park, Centurion",7f8ecc51,AM Phangiso,9,7,5,0,1,not out
1003891,2016-12-07,2016-17,2,LIONS,TIT,"SuperSport Park, Centurion",a7bc76a0,E Leie,10,0,0,0,0,
1003891,2016-12-07,2016-17,2,LIONS,TIT,"SuperSport Park, Centurion",52c0576c,MK McGillivray,11,0,0,0,0,
1003895,2016-12-09,2016-17,1,LIONS,KNG,"Senwes Park, Potchefstroom",9948e262,HE van der Dussen,1,12,9,1,1,run out
1003895,2016-12-09,2016-17,1,LIONS,KNG,"Senwes Park, Potchefstroom",b8cc58c9,RR Hendricks,2,3,7,0,0,caught
1003895,2016-12-09,2016-17,1,LIONS,KNG,"Senwes Park, Potchefstroom",9ffd1ac1,T Bavuma,3,20,23,0,0,caught and bowled
1003895,2016-12-09,2016-17,1,LIONS,KNG,"Senwes Park, Potchefstroom",8836fcac,M Mosehle,4,0,2,0,0,run out
1003895,2016-12-09,2016-17,1,LIONS,KNG,"Senwes Park, Potchefstroom",055e8d7b,NJ van den Bergh,5,10,17,1,0,bowled
1003895,2016-12-09,2016-17,1,LIONS,KNG,"Senwes Park, Potchefstroom",c96f6ac5,PWA Mulder,6,35,27,5,0,run out
1003895,2016-12-09,2016-17,1,LIONS,KNG,"Senwes Park, Potchefstroom",11614d87,D Pretorius,7,22,21,2,0,caught
1003895,2016-12-09,2016-17,1,LIONS,KNG,"Senwes Park, Potchefstroom",a316d663,GC Viljoen,8,1,4,0,0,bowled
1003895,2016-12-09,2016-17,1,LIONS,KNG,"Senwes Park, Potchefstroom",9a2fc964,BC Fortuin,9,13,10,1,0,not out
1003895,2016-12-09,2016-17,1,LIONS,KNG,"Senwes Park, Potchefstroom",a7bc76a0,E Leie,10,0,0,0,0,not out
1003895,2016-12-09,2016-17,1,LIONS,KNG,"Senwes Park, Potchefstroom",7f8ecc51,AM Phangiso,11,0,0,0,0,
1003895,2016-12-09,2016-17,2,KNG,LIONS,"Senwes Park, Potchefstroom",13d0b3d6,RS Second,1,52,55,4,2,not out
1003895,2016-12-09,2016-17,2,KNG,LIONS,"Senwes Park, Potchefstroom",39181592,PE Kruger,2,0,4,0,0,bowled
1003895,2016-12-09,2016-17,2,KNG,LIONS,"Senwes Park, Potchefstroom",6e6fb538,JL du Plooy,3,39,42,2,1,bowled
1003895,2016-12-09,2016-17,2,KNG,LIONS,"Senwes Park, Potchefstroom",4025c262,PJ van Biljon,4,7,7,1,0,not out
1003895,2016-12-09,2016-17,2,KNG,LIONS,"Senwes Park, Potchefstroom",f8e6dbdd,DS Rosier,5,0,0,0,0,
1003895,2016-12-09,2016-17,2,KNG,LIONS,"Senwes Park, Potchefstroom",cba5185d,AR Swanepoel,6,0,0,0,0,
1003895,2016-12-09,2016-17,2,KNG,LIONS,"Senwes Park, Potchefstroom",b847829f,LL Mnyanda,7,0,0,0,0,
1003895,2016-12-09,2016-17,2,KNG,LIONS,"Senwes Park, Potchefstroom",7bc29ffb,CA Dry,8,0,0,0,0,
1003895,2016-12-09,2016-17,2,KNG,LIONS,"Senwes Park, Potchefstroom",58f01d47,LM Zuma,9,0,0,0,0,
1003895,2016-12-09,2016-17,2,KNG,LIONS,"Senwes Park, Potchefstroom",1d105638,M Budaza,10,0,0,0,0,
1003895,2016-12-09,2016-17,2,KNG,LIONS,"Senwes Park, Potchefstroom",d7a57f75,D du Preez,11,0,0,0,0,
1003899,2016-12-11,2016-17,1,TIT,WAR,"Buffalo Park, East London",a833f99c,JD Vandiar,1,1,1,0,0,run out
1003899,2016-12-11,2016-17,1,TIT,WAR,"Buffalo Park, East London",ede05b97,HG Kuhn,2,5,5,1,0,bowled
1003899,2016-12-11,2016-17,1,TIT,WAR,"Buffalo Park, East London",235c2bb6,H Klaasen,3,17,9,1,1,not out
1003899,2016-12-11,2016-17,1,TIT,WAR,"Buffalo Park, East London",dce2019b,F Behardien,4,55,15,4,5,not out
1003899,2016-12-11,2016-17,1,TIT,WAR,"Buffalo Park, East London",c3d35165,JA Morkel,5,0,0,0,0,
1003899,2016-12-11,2016-17,1,TIT,WAR,"Buffalo Park, East London",aa8d28ae,D Wiese,6,0,0,0,0,
1003899,2016-12-11,2016-17,1,TIT,WAR,"Buffalo Park, East London",6a26221c,AK Markram,7,0,0,0,0,
1003899,2016-12-11,2016-17,1,TIT,WAR,"Buffalo Park, East London",a03bba42,T Shamsi,8,0,0,0,0,
1003899,2016-12-11,2016-17,1,TIT,WAR,"Buffalo Park, East London",f834dcfc,L Ngidi,9,0,0,0,0,
1003899,2016-12-11,2016-17,1,TIT,WAR,"Buffalo Park, East London",9d50c7e1,MP Siboto,10,0,0,0,0,
1003899,2016-12-11,2016-17,1,TIT,WAR,"Buffalo Park, East London",1cb14aa4,CJ Dala,11,0,0,0,0,
1003899,2016-12-11,2016-17,2,WAR,TIT,"Buffalo Park, East London",42172c3c,JT Smuts,1,21,8,2,2,caught
1003899,2016-12-11,2016-17,2,WAR,TIT,"Buffalo Park, East London",c995d726,CA Ingram,2,19,8,1,2,caught
1003899,2016-12-11,2016-17,2,WAR,TIT,"Buffalo Park, East London",a81d6706,C Jonker,3,26,9,4,1,not out
1003899,2016-12-11,2016-17,2,WAR,TIT,"Buffalo Park, East London",59a7fc89,MQ Adams,4,6,5,0,0,not out
1003899,2016-12-11,2016-17,2,WAR,TIT,"Buffalo Park, East London",f25cebec,C Fortuin,5,0,0,0,0,
1003899,2016-12-11,2016-17,2,WAR,TIT,"Buffalo Park, East London",8361e524,SSB Magala,6,0,0,0,0,
1003899,2016-12-11,2016-17,2,WAR,TIT,"Buffalo Park, East London",a9da7784,KJ Abbott,7,0,0,0,0,
1003899,2016-12-11,2016-17,2,WAR,TIT,"Buffalo Park, East London",51355a30,LC Ngoepe,8,0,0,0,0,
1003899,2016-12-11,2016-17,2,WAR,TIT,"Buffalo Park, East London",179bea21,SSN Nqweni,9,0,0,0,0,
1003899,2016-12-11,2016-17,2,WAR,TIT,"Buffalo Park, East London",9df3a2f4,ACR Birch,10,0,0,0,0,
1003899,2016-12-11,2016-17,2,WAR,TIT,"Buffalo Park, East London",1e182ae2,BD Walters,11,0,0,0,0,
1003901,2016-12-11,2016-17,1,DOL,KNG,"Kingsmead, Durban",afa78c3a,CS Delport,1,6,12,0,0,caught
1003901,2016-12-11,2016-17,1,DOL,KNG,"Kingsmead, Durban",710dd98c,MN van Wyk,2,8,9,0,1,caught
1003901,2016-12-11,2016-17,1,DOL,KNG,"Kingsmead, Durban",39f01cdb,KP Pietersen,3,9,9,0,0,caught
1003901,2016-12-11,2016-17,1,DOL,KNG,"Kingsmead, Durban",8b248d88,R Frylinck,4,8,7,0,0,caught
1003901,2016-12-11,2016-17,1,DOL,KNG,"Kingsmead, Durban",4aad78d3,K Zondo,5,22,8,0,3,not out
1003901,2016-12-11,2016-17,1,DOL,KNG,"Kingsmead, Durban",0b60eb09,KA Maharaj,6,1,3,0,0,caught
1003901,2016-12-11,2016-17,1,DOL,KNG,"Kingsmead, Durban",27ca3a11,C Chetty,7,0,0,0,0,not out
1003901,2016-12-11,2016-17,1,DOL,KNG,"Kingsmead, Durban",1b42a100,BS Makhanya,8,0,0,0,0,
1003901,2016-12-11,2016-17,1,DOL,KNG,"Kingsmead, Durban",7ec9711d,P Subrayen,9,0,0,0,0,
1003901,2016-12-11,2016-17,1,DOL,KNG,"Kingsmead, Durban",acee4cc4,Imran Tahir,10,0,0,0,0,
1003901,2016-12-11,2016-17,1,DOL,KNG,"Kingsmead, Durban",016e5101,M Shezi,11,0,0,0,0,
1003901,2016-12-11,2016-17,2,KNG,DOL,"Kingsmead, Durban",13d0b3d6,RS Second,1,7,4,0,1,caught
1003901,2016-12-11,2016-17,2,KNG,DOL,"Kingsmead, Durban",39181592,PE Kruger,2,34,19,4,2,not out
1003901,2016-12-11,2016-17,2,KNG,DOL,"Kingsmead, Durban",d67d5f00,DA Miller,3,18,13,1,1,not out
1003901,2016-12-11,2016-17,2,KNG,DOL,"Kingsmead, Durban",6e6fb538,JL du Plooy,4,0,0,0,0,
1003901,2016-12-11,2016-17,2,KNG,DOL,"Kingsmead, Durban",f8e6dbdd,DS Rosier,5,0,0,0,0,
1003901,2016-12-11,2016-17,2,KNG,DOL,"Kingsmead, Durban",cba5185d,AR Swanepoel,6,0,0,0,0,
1003901,2016-12-11,2016-17,2,KNG,DOL,"Kingsmead, Durban",b847829f,LL Mnyanda,7,0,0,0,0,
1003901,2016-12-11,2016-17,2,KNG,DOL,"Kingsmead, Durban",d7a57f75,D du Preez,8,0,0,0,0,
1003901,2016-12-11,2016-17,2,KNG,DOL,"Kingsmead, Durban",7bc29ffb,CA Dry,9,0,0,0,0,
1003901,2016-12-11,2016-17,2,KNG,DOL,"Kingsmead, Durban",58f01d47,LM Zuma,10,0,0,0,0,
1003901,2016-12-11,2016-17,2,KNG,DOL,"Kingsmead, Durban",1d105638,M Budaza,11,0,0,0,0,
1003903,2016-12-13,2016-17,1,LIONS,WAR,"St George's Park, Port Elizabeth",9948e262,HE van der Dussen,1,21,15,2,1,bowled
1003903,2016-12-13,2016-17,1,LIONS,WAR,"St George's Park, Port Elizabeth",b8cc58c9,RR Hendricks,2,32,32,4,0,caught
1003903,2016-12-13,2016-17,1,LIONS,WAR,"St George's Park, Port Elizabeth",9ffd1ac1,T Bavuma,3,10,8,2,0,caught
1003903,2016-12-13,2016-17,1,LIONS,WAR,"St George's Park, Port Elizabeth",8836fcac,M Mosehle,4,25,24,2,0,bowled
1003903,2016-12-13,2016-17,1,LIONS,WAR,"St George's Park, Port Elizabeth",055e8d7b,NJ van den Bergh,5,14,17,1,0,bowled
1003903,2016-12-13,2016-17,1,LIONS,WAR,"St George's Park, Port Elizabeth",11614d87,D Pretorius,6,12,12,0,0,not out
1003903,2016-12-13,2016-17,1,LIONS,WAR,"St George's Park, Port Elizabeth",c96f6ac5,PWA Mulder,7,5,8,0,0,lbw
1003903,2016-12-13,2016-17,1,LIONS,WAR,"St George's Park, Port Elizabeth",a316d663,GC Viljoen,8,1,1,0,0,run out
1003903,2016-12-13,2016-17,1,LIONS,WAR,"St George's Park, Port Elizabeth",9a2fc964,BC Fortuin,9,7,4,1,0,not out
1003903,2016-12-13,2016-17,1,LIONS,WAR,"St George's Park, Port Elizabeth",7f8ecc51,AM Phangiso,10,0,0,0,0,
1003903,2016-12-13,2016-17,1,LIONS,WAR,"St George's Park, Port Elizabeth",a7bc76a0,E Leie,11,0,0,0,0,
1003903,2016-12-13,2016-17,2,WAR,LIONS,"St George's Park, Port Elizabeth",42172c3c,JT Smuts,1,11,11,2,0,caught
1003903,2016-12-13,2016-17,2,WAR,LIONS,"St George's Park, Port Elizabeth",f25cebec,C Fortuin,2,27,16,5,0,caught
1003903,2016-12-13,2016-17,2,WAR,LIONS,"St George's Park, Port Elizabeth",c995d726,CA Ingram,3,56,46,3,2,not out
1003903,2016-12-13,2016-17,2,WAR,LIONS,"St George's Park, Port Elizabeth",e734d090,CN Ackermann,4,9,7,1,0,bowled
1003903,2016-12-13,2016-17,2,WAR,LIONS,"St George's Park, Port Elizabeth",a81d6706,C Jonker,5,27,30,3,0,not out
1003903,2016-12-13,2016-17,2,WAR,LIONS,"St George's Park, Port Elizabeth",8361e524,SSB Magala,6,0,0,0,0,
1003903,2016-12-13,2016-17,2,WAR,LIONS,"St George's Park, Port Elizabeth",a9da7784,KJ Abbott,7,0,0,0,0,
1003903,2016-12-13,2016-17,2,WAR,LIONS,"St George's Park, Port Elizabeth",51355a30,LC Ngoepe,8,0,0,0,0,
1003903,2016-12-13,2016-17,2,WAR,LIONS,"St George's Park, Port Elizabeth",1e182ae2,BD Walters,9,0,0,0,0,
1003903,2016-12-13,2016-17,2,WAR,LIONS,"St George's Park, Port Elizabeth",59a7fc89,MQ Adams,10,0,0,0,0,
1003903,2016-12-13,2016-17,2,WAR,LIONS,"St George's Park, Port Elizabeth",a83c44b8,A Gqamane,11,0,0,0,0,
1003905,2016-12-16,2016-17,1,TIT,WAR,"SuperSport Park, Centurion",a833f99c,JD Vandiar,1,10,16,1,0,caught
1003905,2016-12-16,2016-17,1,TIT,WAR,"SuperSport Park, Centurion",6a26221c,AK Markram,2,33,25,4,0,caught
1003905,2016-12-16,2016-17,1,TIT,WAR,"SuperSport Park, Centurion",235c2bb6,H Klaasen,3,19,14,2,1,caught
1003905,2016-12-16,2016-17,1,TIT,WAR,"SuperSport Park, Centurion",c3d35165,JA Morkel,4,21,20,0,1,run out
1003905,2016-12-16,2016-17,1,TIT,WAR,"SuperSport Park, Centurion",ede05b97,HG Kuhn,5,17,17,0,0,run out
1003905,2016-12-16,2016-17,1,TIT,WAR,"SuperSport Park, Centurion",dce2019b,F Behardien,6,11,10,0,1,caught
1003905,2016-12-16,2016-17,1,TIT,WAR,"SuperSport Park, Centurion",aa8d28ae,D Wiese,7,24,15,2,0,not out
1003905,2016-12-16,2016-17,1,TIT,WAR,"SuperSport Park, Centurion",9d50c7e1,MP Siboto,8,4,4,0,0,not out
1003905,2016-12-16,2016-17,1,TIT,WAR,"SuperSport Park, Centurion",f834dcfc,L Ngidi,9,0,0,0,0,
1003905,2016-12-16,2016-17,1,TIT,WAR,"SuperSport Park, Centurion",1cb14aa4,CJ Dala,10,0,0,0,0,
1003905,2016-12-16,2016-17,1,TIT,WAR,"SuperSport Park, Centurion",a03bba42,T Shamsi,11,0,0,0,0,
1003905,2016-12-16,2016-17,2,WAR,TIT,"SuperSport Park, Centurion",42172c3c,JT Smuts,1,16,10,3,0,caught
1003905,2016-12-16,2016-17,2,WAR,TIT,"SuperSport Park, Centurion",f25cebec,C Fortuin,2,0,2,0,0,caught
1003905,2016-12-16,2016-17,2,WAR,TIT,"SuperSport Park, Centurion",c995d726,CA Ingram,3,12,13,2,0,caught
1003905,2016-12-16,2016-17,2,WAR,TIT,"SuperSport Park, Centurion",e734d090,CN Ackermann,4,34,33,1,2,caught
1003905,2016-12-16,2016-17,2,WAR,TIT,"SuperSport Park, Centurion",a81d6706,C Jonker,5,33,25,3,1,caught
1003905,2016-12-16,2016-17,2,WAR,TIT,"SuperSport Park, Centurion",59a7fc89,MQ Adams,6,17,16,2,0,lbw
1003905,2016-12-16,2016-17,2,WAR,TIT,"SuperSport Park, Centurion",51355a30,LC Ngoepe,7,8,10,0,0,not out
1003905,2016-12-16,2016-17,2,WAR,TIT,"SuperSport Park, Centurion",8361e524,SSB Magala,8,14,12,0,1,not out
1003905,2016-12-16,2016-17,2,WAR,TIT,"SuperSport Park, Centurion",a9da7784,KJ Abbott,9,0,0,0,0,
1003905,2016-12-16,2016-17,2,WAR,TIT,"SuperSport Park, Centurion",1e182ae2,BD Walters,10,0,0,0,0,
1003905,2016-12-16,2016-17,2,WAR,TIT,"SuperSport Park, Centurion",a83c44b8,A Gqamane,11,0,0,0,0,
1124658,2017-11-10,2017-18,1,WAR,KNG,"St George's Park, Port Elizabeth",42172c3c,JT Smuts,1,18,17,2,1,caught
1124658,2017-11-10,2017-18,1,WAR,KNG,"St George's Park, Port Elizabeth",3bf40832,GL Cloete,2,19,14,1,1,caught
1124658,2017-11-10,2017-18,1,WAR,KNG,"St George's Park, Port Elizabeth",c995d726,CA Ingram,3,5,7,1,0,run out
1124658,2017-11-10,2017-18,1,WAR,KNG,"St George's Park, Port Elizabeth",e734d090,CN Ackermann,4,2,5,0,0,caught
1124658,2017-11-10,2017-18,1,WAR,KNG,"St George's Park, Port Elizabeth",a81d6706,C Jonker,5,61,38,4,4,bowled
1124658,2017-11-10,2017-18,1,WAR,KNG,"St George's Park, Port Elizabeth",af917dde,MJ Nqolo,6,6,8,1,0,bowled
1124658,2017-11-10,2017-18,1,WAR,KNG,"St George's Park, Port Elizabeth",179bea21,SSN Nqweni,7,16,16,1,0,caught
1124658,2017-11-10,2017-18,1,WAR,KNG,"St George's Park, Port Elizabeth",8361e524,SSB Magala,8,0,1,0,0,bowled
1124658,2017-11-10,2017-18,1,WAR,KNG,"St George's Park, Port Elizabeth",9df3a2f4,ACR Birch,9,4,3,1,0,caught
1124658,2017-11-10,2017-18,1,WAR,KNG,"St George's Park, Port Elizabeth",a83c44b8,A Gqamane,10,7,5,1,0,not out
1124658,2017-11-10,2017-18,1,WAR,KNG,"St George's Park, Port Elizabeth",1e182ae2,BD Walters,11,7,6,1,0,not out
1124658,2017-11-10,2017-18,2,KNG,WAR,"St George's Park, Port Elizabeth",0827b38d,TG Mokoena,1,9,10,1,0,bowled
1124658,2017-11-10,2017-18,2,KNG,WAR,"St George's Park, Port Elizabeth",39181592,PE Kruger,2,2,4,0,0,lbw
1124658,2017-11-10,2017-18,2,KNG,WAR,"St George's Park, Port Elizabeth",90d6cdea,TB de Bruyn,3,78,48,3,6,not out
1124658,2017-11-10,2017-18,2,KNG,WAR,"St George's Park, Port Elizabeth",d67d5f00,DA Miller,4,62,47,7,3,not out
1124658,2017-11-10,2017-18,2,KNG,WAR,"St George's Park, Port Elizabeth",d1305df0,AGS Gous,5,0,0,0,0,
1124658,2017-11-10,2017-18,2,KNG,WAR,"St George's Park, Port Elizabeth",c654af19,R McLaren,6,0,0,0,0,
1124658,2017-11-10,2017-18,2,KNG,WAR,"St George's Park, Port Elizabeth",cba5185d,AR Swanepoel,7,0,0,0,0,
1124658,2017-11-10,2017-18,2,KNG,WAR,"St George's Park, Port Elizabeth",d4eef961,M de Lange,8,0,0,0,0,
1124658,2017-11-10,2017-18,2,KNG,WAR,"St George's Park, Port Elizabeth",97b0e4ff,SC van Schalkwyk,9,0,0,0,0,
1124658,2017-11-10,2017-18,2,KNG,WAR,"St George's Park, Port Elizabeth",a7bc76a0,E Leie,10,0,0,0,0,
1124658,2017-11-10,2017-18,2,KNG,WAR,"St George's Park, Port Elizabeth",8e6827f7,T Ntuli,11,0,0,0,0,
1124659,2017-11-12,2017-18,1,DOL,WPR,"SuperSport Park, Centurion",a3ce3d1d,SJ Erwee,1,103,58,10,5,not out
1124659,2017-11-12,2017-18,1,DOL,WPR,"SuperSport Park, Centurion",710dd98c,MN van Wyk,2,19,7,3,1,caught
1124659,2017-11-12,2017-18,1,DOL,WPR,"SuperSport Park, Centurion",087210b1,DJ Vilas,3,32,21,6,0,caught
1124659,2017-11-12,2017-18,1,DOL,WPR,"SuperSport Park, Centurion",4aad78d3,K Zondo,4,67,34,4,4,not out
1124659,2017-11-12,2017-18,1,DOL,WPR,"SuperSport Park, Centurion",1b42a100,BS Makhanya,5,0,0,0,0,
1124659,2017-11-12,2017-18,1,DOL,WPR,"SuperSport Park, Centurion",ab6b1c45,AL Phehlukwayo,6,0,0,0,0,
1124659,2017-11-12,2017-18,1,DOL,WPR,"SuperSport Park, Centurion",8b248d88,R Frylinck,7,0,0,0,0,
1124659,2017-11-12,2017-18,1,DOL,WPR,"SuperSport Park, Centurion",0b60eb09,KA Maharaj,8,0,0,0,0,
1124659,2017-11-12,2017-18,1,DOL,WPR,"SuperSport Park, Centurion",7ec9711d,P Subrayen,9,0,0,0,0,
1124659,2017-11-12,2017-18,1,DOL,WPR,"SuperSport Park, Centurion",28d6c44d,E Bosch,10,0,0,0,0,
1124659,2017-11-12,2017-18,1,DOL,WPR,"SuperSport Park, Centurion",0fd147f7,S Nhlebela,11,0,0,0,0,
1124659,2017-11-12,2017-18,2,WPR,DOL,"SuperSport Park, Centurion",18c78b11,RE Levi,1,7,7,1,0,caught
1124659,2017-11-12,2017-18,2,WPR,DOL,"SuperSport Park, Centurion",e798611a,HM Amla,2,52,27,3,4,not out
1124659,2017-11-12,2017-18,2,WPR,DOL,"SuperSport Park, Centurion",9ffd1ac1,T Bavuma,3,6,4,1,0,caught
1124659,2017-11-12,2017-18,2,WPR,DOL,"SuperSport Park, Centurion",2e8994e7,JP Duminy,4,1,3,0,0,run out
1124659,2017-11-12,2017-18,2,WPR,DOL,"SuperSport Park, Centurion",955e8e86,A Mgijima,5,37,19,3,2,not out
1124659,2017-11-12,2017-18,2,WPR,DOL,"SuperSport Park, Centurion",59a7fc89,MQ Adams,6,0,0,0,0,
1124659,2017-11-12,2017-18,2,WPR,DOL,"SuperSport Park, Centurion",cfe70281,VD Philander,7,0,0,0,0,
1124659,2017-11-12,2017-18,2,WPR,DOL,"SuperSport Park, Centurion",e5437608,GF Linde,8,0,0,0,0,
1124659,2017-11-12,2017-18,2,WPR,DOL,"SuperSport Park, Centurion",7955eb15,RK Kleinveldt,9,0,0,0,0,
1124659,2017-11-12,2017-18,2,WPR,DOL,"SuperSport Park, Centurion",462d7c62,D Paterson,10,0,0,0,0,
1124659,2017-11-12,2017-18,2,WPR,DOL,"SuperSport Park, Centurion",6ed11905,M Nabe,11,0,0,0,0,
1124661,2017-11-15,2017-18,1,TIT,KNG,"Diamond Oval, Kimberley",372455c4,Q de Kock,1,9,8,0,1,run out
1124661,2017-11-15,2017-18,1,TIT,KNG,"Diamond Oval, Kimberley",9c9f8dbc,H Davids,2,50,42,2,3,caught
1124661,2017-11-15,2017-18,1,TIT,KNG,"Diamond Oval, Kimberley",6a26221c,AK Markram,3,50,34,4,1,caught
1124661,2017-11-15,2017-18,1,TIT,KNG,"Diamond Oval, Kimberley",c4487b84,AB de Villiers,4,43,20,2,3,caught
1124661,2017-11-15,2017-18,1,TIT,KNG,"Diamond Oval, Kimberley",dce2019b,F Behardien,5,37,14,3,3,not out
1124661,2017-11-15,2017-18,1,TIT,KNG,"Diamond Oval, Kimberley",c3d35165,JA Morkel,6,2,2,0,0,not out
1124661,2017-11-15,2017-18,1,TIT,KNG,"Diamond Oval, Kimberley",a03bba42,T Shamsi,7,0,0,0,0,
1124661,2017-11-15,2017-18,1,TIT,KNG,"Diamond Oval, Kimberley",8fd1a8f5,DW Steyn,8,0,0,0,0,
1124661,2017-11-15,2017-18,1,TIT,KNG,"Diamond Oval, Kimberley",1cb14aa4,CJ Dala,9,0,0,0,0,
1124661,2017-11-15,2017-18,1,TIT,KNG,"Diamond Oval, Kimberley",f834dcfc,L Ngidi,10,0,0,0,0,
1124661,2017-11-15,2017-18,1,TIT,KNG,"Diamond Oval, Kimberley",9d50c7e1,MP Siboto,11,0,0,0,0,
1124661,2017-11-15,2017-18,2,KNG,TIT,"Diamond Oval, Kimberley",0827b38d,TG Mokoena,1,21,13,4,0,lbw
1124661,2017-11-15,2017-18,2,KNG,TIT,"Diamond Oval, Kimberley",39181592,PE Kruger,2,9,12,1,0,bowled
1124661,2017-11-15,2017-18,2,KNG,TIT,"Diamond Oval, Kimberley",90d6cdea,TB de Bruyn,3,22,22,2,0,caught
1124661,2017-11-15,2017-18,2,KNG,TIT,"Diamond Oval, Kimberley",d67d5f00,DA Miller,4,8,7,1,0,caught
1124661,2017-11-15,2017-18,2,KNG,TIT,"Diamond Oval, Kimberley",d1305df0,AGS Gous,5,37,29,3,1,caught
1124661,2017-11-15,2017-18,2,KNG,TIT,"Diamond Oval, Kimberley",c654af19,R McLaren,6,11,11,1,0,caught
1124661,2017-11-15,2017-18,2,KNG,TIT,"Diamond Oval, Kimberley",cba5185d,AR Swanepoel,7,16,15,1,0,caught
1124661,2017-11-15,2017-18,2,KNG,TIT,"Diamond Oval, Kimberley",d4eef961,M de Lange,8,27,12,3,1,not out
1124661,2017-11-15,2017-18,2,KNG,TIT,"Diamond Oval, Kimberley",97b0e4ff,SC van Schalkwyk,9,0,0,0,0,not out
1124661,2017-11-15,2017-18,2,KNG,TIT,"Diamond Oval, Kimberley",a7bc76a0,E Leie,10,0,0,0,0,
1124661,2017-11-15,2017-18,2,KNG,TIT,"Diamond Oval, Kimberley",8e6827f7,T Ntuli,11,0,0,0,0,
1124662,2017-11-17,2017-18,1,TIT,WAR,"Buffalo Park, East London",372455c4,Q de Kock,1,7,12,1,0,caught
1124662,2017-11-17,2017-18,1,TIT,WAR,"Buffalo Park, East London",9c9f8dbc,H Davids,2,1,3,0,0,caught
1124662,2017-11-17,2017-18,1,TIT,WAR,"Buffalo Park, East London",6a26221c,AK Markram,3,45,32,2,2,caught and bowled
1124662,2017-11-17,2017-18,1,TIT,WAR,"Buffalo Park, East London",33085ffb,D Elgar,4,34,25,0,3,caught
1124662,2017-11-17,2017-18,1,TIT,WAR,"Buffalo Park, East London",dce2019b,F Behardien,5,43,24,3,2,not out
1124662,2017-11-17,2017-18,1,TIT,WAR,"Buffalo Park, East London",c3d35165,JA Morkel,6,33,24,1,2,not out
1124662,2017-11-17,2017-18,1,TIT,WAR,"Buffalo Park, East London",1cb14aa4,CJ Dala,7,0,0,0,0,
1124662,2017-11-17,2017-18,1,TIT,WAR,"Buffalo Park, East London",f834dcfc,L Ngidi,8,0,0,0,0,
1124662,2017-11-17,2017-18,1,TIT,WAR,"Buffalo Park, East London",a03bba42,T Shamsi,9,0,0,0,0,
1124662,2017-11-17,2017-18,1,TIT,WAR,"Buffalo Park, East London",9d50c7e1,MP Siboto,10,0,0,0,0,
1124662,2017-11-17,2017-18,1,TIT,WAR,"Buffalo Park, East London",8fd1a8f5,DW Steyn,11,0,0,0,0,
1124662,2017-11-17,2017-18,2,WAR,TIT,"Buffalo Park, East London",42172c3c,JT Smuts,1,20,14,3,0,bowled
1124662,2017-11-17,2017-18,2,WAR,TIT,"Buffalo Park, East London",3bf40832,GL Cloete,2,32,21,4,1,lbw
1124662,2017-11-17,2017-18,2,WAR,TIT,"Buffalo Park, East London",e734d090,CN Ackermann,3,0,2,0,0,caught
1124662,2017-11-17,2017-18,2,WAR,TIT,"Buffalo Park, East London",ab446fe9,KR Smuts,4,2,7,0,0,bowled
1124662,2017-11-17,2017-18,2,WAR,TIT,"Buffalo Park, East London",a81d6706,C Jonker,5,12,9,0,1,caught
1124662,2017-11-17,2017-18,2,WAR,TIT,"Buffalo Park, East London",af917dde,MJ Nqolo,6,0,3,0,0,bowled
1124662,2017-11-17,2017-18,2,WAR,TIT,"Buffalo Park, East London",179bea21,SSN Nqweni,7,0,3,0,0,lbw
1124662,2017-11-17,2017-18,2,WAR,TIT,"Buffalo Park, East London",9df3a2f4,ACR Birch,8,24,13,0,2,bowled
1124662,2017-11-17,2017-18,2,WAR,TIT,"Buffalo Park, East London",8361e524,SSB Magala,9,19,10,2,1,caught
1124662,2017-11-17,2017-18,2,WAR,TIT,"Buffalo Park, East London",a83c44b8,A Gqamane,10,1,4,0,0,caught
1124662,2017-11-17,2017-18,2,WAR,TIT,"Buffalo Park, East London",1e182ae2,BD Walters,11,0,0,0,0,not out
1124664,2017-11-17,2017-18,1,WPR,LIONS,"New Wanderers Stadium, Johannesburg",18c78b11,RE Levi,1,0,3,0,0,bowled
1124664,2017-11-17,2017-18,1,WPR,LIONS,"New Wanderers Stadium, Johannesburg",e798611a,HM Amla,2,36,28,3,1,caught
1124664,2017-11-17,2017-18,1,WPR,LIONS,"New Wanderers Stadium, Johannesburg",3a60e0b5,WD Parnell,3,33,26,2,1,lbw
1124664,2017-11-17,2017-18,1,WPR,LIONS,"New Wanderers Stadium, Johannesburg",9ffd1ac1,T Bavuma,4,28,18,3,1,caught and bowled
1124664,2017-11-17,2017-18,1,WPR,LIONS,"New Wanderers Stadium, Johannesburg",2e8994e7,JP Duminy,5,55,31,3,2,run out
1124664,2017-11-17,2017-18,1,WPR,LIONS,"New Wanderers Stadium, Johannesburg",955e8e86,A Mgijima,6,10,14,0,0,caught
1124664,2017-11-17,2017-18,1,WPR,LIONS,"New Wanderers Stadium, Johannesburg",59a7fc89,MQ Adams,7,0,0,0,0,not out
1124664,2017-11-17,2017-18,1,WPR,LIONS,"New Wanderers Stadium, Johannesburg",cfe70281,VD Philander,8,0,0,0,0,
1124664,2017-11-17,2017-18,1,WPR,LIONS,"New Wanderers Stadium, Johannesburg",e5437608,GF Linde,9,0,0,0,0,
1124664,2017-11-17,2017-18,1,WPR,LIONS,"New Wanderers Stadium, Johannesburg",462d7c62,D Paterson,10,0,0,0,0,
1124664,2017-11-17,2017-18,1,WPR,LIONS,"New Wanderers Stadium, Johannesburg",6ed11905,M Nabe,11,0,0,0,0,
1124664,2017-11-17,2017-18,2,LIONS,WPR,"New Wanderers Stadium, Johannesburg",9948e262,HE van der Dussen,1,12,11,1,1,caught
1124664,2017-11-17,2017-18,2,LIONS,WPR,"New Wanderers Stadium, Johannesburg",b8cc58c9,RR Hendricks,2,42,32,3,2,stumped
1124664,2017-11-17,2017-18,2,LIONS,WPR,"New Wanderers Stadium, Johannesburg",8836fcac,M Mosehle,3,55,36,4,3,caught
1124664,2017-11-17,2017-18,2,LIONS,WPR,"New Wanderers Stadium, Johannesburg",04a5b56e,OA Ramela,4,30,25,1,1,not out
1124664,2017-11-17,2017-18,2,LIONS,WPR,"New Wanderers Stadium, Johannesburg",11614d87,D Pretorius,5,13,11,0,1,not out
1124664,2017-11-17,2017-18,2,LIONS,WPR,"New Wanderers Stadium, Johannesburg",c96f6ac5,PWA Mulder,6,0,0,0,0,
1124664,2017-11-17,2017-18,2,LIONS,WPR,"New Wanderers Stadium, Johannesburg",055e8d7b,NJ van den Bergh,7,0,0,0,0,
1124664,2017-11-17,2017-18,2,LIONS,WPR,"New Wanderers Stadium, Johannesburg",e62dd25d,K Rabada,8,0,0,0,0,
1124664,2017-11-17,2017-18,2,LIONS,WPR,"New Wanderers Stadium, Johannesburg",7f8ecc51,AM Phangiso,9,0,0,0,0,
1124664,2017-11-17,2017-18,2,LIONS,WPR,"New Wanderers Stadium, Johannesburg",b56dc5f7,BE Hendricks,10,0,0,0,0,
1124664,2017-11-17,2017-18,2,LIONS,WPR,"New Wanderers Stadium, Johannesburg",a316d663,GC Viljoen,11,0,0,0,0,
1124665,2017-11-19,2017-18,1,DOL,LIONS,"Senwes Park, Potchefstroom",a3ce3d1d,SJ Erwee,1,2,3,0,0,lbw
1124665,2017-11-19,2017-18,1,DOL,LIONS,"Senwes Park, Potchefstroom",710dd98c,MN van Wyk,2,42,30,4,2,stumped
1124665,2017-11-19,2017-18,1,DOL,LIONS,"Senwes Park, Potchefstroom",087210b1,DJ Vilas,3,11,9,0,1,caught
1124665,2017-11-19,2017-18,1,DOL,LIONS,"Senwes Park, Potchefstroom",4aad78d3,K Zondo,4,8,10,0,0,bowled
1124665,2017-11-19,2017-18,1,DOL,LIONS,"Senwes Park, Potchefstroom",1b42a100,BS Makhanya,5,46,34,4,1,not out
1124665,2017-11-19,2017-18,1,DOL,LIONS,"Senwes Park, Potchefstroom",ab6b1c45,AL Phehlukwayo,6,10,10,0,1,bowled
1124665,2017-11-19,2017-18,1,DOL,LIONS,"Senwes Park, Potchefstroom",8b248d88,R Frylinck,7,22,18,0,1,caught
1124665,2017-11-19,2017-18,1,DOL,LIONS,"Senwes Park, Potchefstroom",0b60eb09,KA Maharaj,8,10,9,1,0,not out
1124665,2017-11-19,2017-18,1,DOL,LIONS,"Senwes Park, Potchefstroom",7ec9711d,P Subrayen,9,0,0,0,0,
1124665,2017-11-19,2017-18,1,DOL,LIONS,"Senwes Park, Potchefstroom",acee4cc4,Imran Tahir,10,0,0,0,0,
1124665,2017-11-19,2017-18,1,DOL,LIONS,"Senwes Park, Potchefstroom",016e5101,M Shezi,11,0,0,0,0,
1124665,2017-11-19,2017-18,2,LIONS,DOL,"Senwes Park, Potchefstroom",9948e262,HE van der Dussen,1,57,42,5,1,stumped
1124665,2017-11-19,2017-18,2,LIONS,DOL,"Senwes Park, Potchefstroom",b8cc58c9,RR Hendricks,2,102,72,12,0,not out
1124665,2017-11-19,2017-18,2,LIONS,DOL,"Senwes Park, Potchefstroom",8836fcac,M Mosehle,3,0,1,0,0,caught
1124665,2017-11-19,2017-18,2,LIONS,DOL,"Senwes Park, Potchefstroom",055e8d7b,NJ van den Bergh,4,1,3,0,0,lbw
1124665,2017-11-19,2017-18,2,LIONS,DOL,"Senwes Park, Potchefstroom",11614d87,D Pretorius,5,1,1,0,0,run out
1124665,2017-11-19,2017-18,2,LIONS,DOL,"Senwes Park, Potchefstroom",c96f6ac5,PWA Mulder,6,4,1,1,0,not out
1124665,2017-11-19,2017-18,2,LIONS,DOL,"Senwes Park, Potchefstroom",e62dd25d,K Rabada,7,0,0,0,0,
1124665,2017-11-19,2017-18,2,LIONS,DOL,"Senwes Park, Potchefstroom",7f8ecc51,AM Phangiso,8,0,0,0,0,
1124665,2017-11-19,2017-18,2,LIONS,DOL,"Senwes Park, Potchefstroom",a316d663,GC Viljoen,9,0,0,0,0,
1124665,2017-11-19,2017-18,2,LIONS,DOL,"Senwes Park, Potchefstroom",04a5b56e,OA Ramela,10,0,0,0,0,
1124665,2017-11-19,2017-18,2,LIONS,DOL,"Senwes Park, Potchefstroom",9a2fc964,BC Fortuin,11,0,0,0,0,
1124666,2017-11-19,2017-18,1,WPR,TIT,"SuperSport Park, Centurion",e798611a,HM Amla,1,12,10,0,1,caught
1124666,2017-11-19,2017-18,1,WPR,TIT,"SuperSport Park, Centurion",3a60e0b5,WD Parnell,2,2,5,0,0,caught
1124666,2017-11-19,2017-18,1,WPR,TIT,"SuperSport Park, Centurion",9ffd1ac1,T Bavuma,3,27,21,4,0,caught
1124666,2017-11-19,2017-18,1,WPR,TIT,"SuperSport Park, Centurion",2e8994e7,JP Duminy,4,40,43,3,1,caught
1124666,2017-11-19,2017-18,1,WPR,TIT,"SuperSport Park, Centurion",91cd48e0,JF Smith,5,7,11,0,0,bowled
1124666,2017-11-19,2017-18,1,WPR,TIT,"SuperSport Park, Centurion",955e8e86,A Mgijima,6,0,1,0,0,run out
1124666,2017-11-19,2017-18,1,WPR,TIT,"SuperSport Park, Centurion",59a7fc89,MQ Adams,7,8,12,0,0,caught
1124666,2017-11-19,2017-18,1,WPR,TIT,"SuperSport Park, Centurion",cfe70281,VD Philander,8,1,2,0,0,bowled
1124666,2017-11-19,2017-18,1,WPR,TIT,"SuperSport Park, Centurion",e5437608,GF Linde,9,15,13,2,0,not out
1124666,2017-11-19,2017-18,1,WPR,TIT,"SuperSport Park, Centurion",462d7c62,D Paterson,10,0,1,0,0,caught and bowled
1124666,2017-11-19,2017-18,1,WPR,TIT,"SuperSport Park, Centurion",6ed11905,M Nabe,11,0,1,0,0,not out
1124666,2017-11-19,2017-18,2,TIT,WPR,"SuperSport Park, Centurion",372455c4,Q de Kock,1,0,4,0,0,caught
1124666,2017-11-19,2017-18,2,TIT,WPR,"SuperSport Park, Centurion",9c9f8dbc,H Davids,2,0,3,0,0,caught
1124666,2017-11-19,2017-18,2,TIT,WPR,"SuperSport Park, Centurion",6a26221c,AK Markram,3,51,36,5,2,not out
1124666,2017-11-19,2017-18,2,TIT,WPR,"SuperSport Park, Centurion",c4487b84,AB de Villiers,4,37,22,7,0,caught
1124666,2017-11-19,2017-18,2,TIT,WPR,"SuperSport Park, Centurion",dce2019b,F Behardien,5,15,16,1,0,not out
1124666,2017-11-19,2017-18,2,TIT,WPR,"SuperSport Park, Centurion",c3d35165,JA Morkel,6,0,0,0,0,
1124666,2017-11-19,2017-18,2,TIT,WPR,"SuperSport Park, Centurion",8fd1a8f5,DW Steyn,7,0,0,0,0,
1124666,2017-11-19,2017-18,2,TIT,WPR,"SuperSport Park, Centurion",9d50c7e1,MP Siboto,8,0,0,0,0,
1124666,2017-11-19,2017-18,2,TIT,WPR,"SuperSport Park, Centurion",1cb14aa4,CJ Dala,9,0,0,0,0,
1124666,2017-11-19,2017-18,2,TIT,WPR,"SuperSport Park, Centurion",a03bba42,T Shamsi,10,0,0,0,0,
1124666,2017-11-19,2017-18,2,TIT,WPR,"SuperSport Park, Centurion",f834dcfc,L Ngidi,11,0,0,0,0,
1124668,2017-11-24,2017-18,1,WPR,LIONS,"Boland Park, Paarl",18c78b11,RE Levi,1,8,13,1,0,caught
1124668,2017-11-24,2017-18,1,WPR,LIONS,"Boland Park, Paarl",e798611a,HM Amla,2,42,35,2,0,caught
1124668,2017-11-24,2017-18,1,WPR,LIONS,"Boland Park, Paarl",9ffd1ac1,T Bavuma,3,2,5,0,0,caught
1124668,2017-11-24,2017-18,1,WPR,LIONS,"Boland Park, Paarl",2e8994e7,JP Duminy,4,54,49,3,1,bowled
1124668,2017-11-24,2017-18,1,WPR,LIONS,"Boland Park, Paarl",f277f531,FD Adams,5,1,2,0,0,caught
1124668,2017-11-24,2017-18,1,WPR,LIONS,"Boland Park, Paarl",cfe70281,VD Philander,6,16,7,3,0,bowled
1124668,2017-11-24,2017-18,1,WPR,LIONS,"Boland Park, Paarl",7955eb15,RK Kleinveldt,7,6,7,0,0,not out
1124668,2017-11-24,2017-18,1,WPR,LIONS,"Boland Park, Paarl",955e8e86,A Mgijima,8,7,3,1,0,run out
1124668,2017-11-24,2017-18,1,WPR,LIONS,"Boland Park, Paarl",e5437608,GF Linde,9,0,0,0,0,not out
1124668,2017-11-24,2017-18,1,WPR,LIONS,"Boland Park, Paarl",bf814547,K Verreynne,10,0,0,0,0,
1124668,2017-11-24,2017-18,1,WPR,LIONS,"Boland Park, Paarl",6ed11905,M Nabe,11,0,0,0,0,
1124668,2017-11-24,2017-18,2,LIONS,WPR,"Boland Park, Paarl",9948e262,HE van der Dussen,1,51,44,3,1,caught
1124668,2017-11-24,2017-18,2,LIONS,WPR,"Boland Park, Paarl",b8cc58c9,RR Hendricks,2,27,23,3,0,caught
1124668,2017-11-24,2017-18,2,LIONS,WPR,"Boland Park, Paarl",04a5b56e,OA Ramela,3,10,17,1,0,caught
1124668,2017-11-24,2017-18,2,LIONS,WPR,"Boland Park, Paarl",8836fcac,M Mosehle,4,22,16,1,1,caught
1124668,2017-11-24,2017-18,2,LIONS,WPR,"Boland Park, Paarl",11614d87,D Pretorius,5,17,12,2,0,caught
1124668,2017-11-24,2017-18,2,LIONS,WPR,"Boland Park, Paarl",055e8d7b,NJ van den Bergh,6,2,4,0,0,not out
1124668,2017-11-24,2017-18,2,LIONS,WPR,"Boland Park, Paarl",c96f6ac5,PWA Mulder,7,0,2,0,0,caught
1124668,2017-11-24,2017-18,2,LIONS,WPR,"Boland Park, Paarl",a316d663,GC Viljoen,8,0,2,0,0,not out
1124668,2017-11-24,2017-18,2,LIONS,WPR,"Boland Park, Paarl",9a2fc964,BC Fortuin,9,0,0,0,0,
1124668,2017-11-24,2017-18,2,LIONS,WPR,"Boland Park, Paarl",e62dd25d,K Rabada,10,0,0,0,0,
1124668,2017-11-24,2017-18,2,LIONS,WPR,"Boland Park, Paarl",7f8ecc51,AM Phangiso,11,0,0,0,0,
1124669,2017-11-24,2017-18,1,WAR,KNG,"Mangaung Oval, Bloemfontein",42172c3c,JT Smuts,1,23,16,2,1,bowled
1124669,2017-11-24,2017-18,1,WAR,KNG,"Mangaung Oval, Bloemfontein",3bf40832,GL Cloete,2,5,11,1,0,caught
1124669,2017-11-24,2017-18,1,WAR,KNG,"Mangaung Oval, Bloemfontein",c995d726,CA Ingram,3,5,5,1,0,caught
1124669,2017-11-24,2017-18,1,WAR,KNG,"Mangaung Oval, Bloemfontein",e734d090,CN Ackermann,4,74,51,5,2,caught
1124669,2017-11-24,2017-18,1,WAR,KNG,"Mangaung Oval, Bloemfontein",a81d6706,C Jonker,5,11,13,0,0,caught
1124669,2017-11-24,2017-18,1,WAR,KNG,"Mangaung Oval, Bloemfontein",af917dde,MJ Nqolo,6,19,18,0,1,caught
1124669,2017-11-24,2017-18,1,WAR,KNG,"Mangaung Oval, Bloemfontein",51355a30,LC Ngoepe,7,13,6,1,1,not out
1124669,2017-11-24,2017-18,1,WAR,KNG,"Mangaung Oval, Bloemfontein",8361e524,SSB Magala,8,0,0,0,0,
1124669,2017-11-24,2017-18,1,WAR,KNG,"Mangaung Oval, Bloemfontein",179bea21,SSN Nqweni,9,0,0,0,0,
1124669,2017-11-24,2017-18,1,WAR,KNG,"Mangaung Oval, Bloemfontein",9df3a2f4,ACR Birch,10,0,0,0,0,
1124669,2017-11-24,2017-18,1,WAR,KNG,"Mangaung Oval, Bloemfontein",1e182ae2,BD Walters,11,0,0,0,0,
1124669,2017-11-24,2017-18,2,KNG,WAR,"Mangaung Oval, Bloemfontein",0827b38d,TG Mokoena,1,20,19,1,0,bowled
1124669,2017-11-24,2017-18,2,KNG,WAR,"Mangaung Oval, Bloemfontein",d1305df0,AGS Gous,2,1,2,0,0,caught and bowled
1124669,2017-11-24,2017-18,2,KNG,WAR,"Mangaung Oval, Bloemfontein",90d6cdea,TB de Bruyn,3,22,20,3,0,stumped
1124669,2017-11-24,2017-18,2,KNG,WAR,"Mangaung Oval, Bloemfontein",d67d5f00,DA Miller,4,48,37,6,0,caught
1124669,2017-11-24,2017-18,2,KNG,WAR,"Mangaung Oval, Bloemfontein",39181592,PE Kruger,5,20,20,1,0,not out
1124669,2017-11-24,2017-18,2,KNG,WAR,"Mangaung Oval, Bloemfontein",c654af19,R McLaren,6,31,18,1,2,bowled
1124669,2017-11-24,2017-18,2,KNG,WAR,"Mangaung Oval, Bloemfontein",cba5185d,AR Swanepoel,7,0,1,0,0,run out
1124669,2017-11-24,2017-18,2,KNG,WAR,"Mangaung Oval, Bloemfontein",d4eef961,M de Lange,8,4,1,1,0,not out
1124669,2017-11-24,2017-18,2,KNG,WAR,"Mangaung Oval, Bloemfontein",97b0e4ff,SC van Schalkwyk,9,0,0,0,0,
1124669,2017-11-24,2017-18,2,KNG,WAR,"Mangaung Oval, Bloemfontein",a7bc76a0,E Leie,10,0,0,0,0,
1124669,2017-11-24,2017-18,2,KNG,WAR,"Mangaung Oval, Bloemfontein",1d105638,M Budaza,11,0,0,0,0,
1124671,2017-11-26,2017-18,1,LIONS,WAR,"Newlands, Cape Town",9948e262,HE van der Dussen,1,45,30,3,2,lbw
1124671,2017-11-26,2017-18,1,LIONS,WAR,"Newlands, Cape Town",b8cc58c9,RR Hendricks,2,81,63,4,2,caught
1124671,2017-11-26,2017-18,1,LIONS,WAR,"Newlands, Cape Town",e66732f8,RD Rickelton,3,41,23,2,3,caught
1124671,2017-11-26,2017-18,1,LIONS,WAR,"Newlands, Cape Town",8836fcac,M Mosehle,4,3,4,0,0,not out
1124671,2017-11-26,2017-18,1,LIONS,WAR,"Newlands, Cape Town",c96f6ac5,PWA Mulder,5,2,1,0,0,not out
1124671,2017-11-26,2017-18,1,LIONS,WAR,"Newlands, Cape Town",6287d981,MJ Ackerman,6,0,0,0,0,
1124671,2017-11-26,2017-18,1,LIONS,WAR,"Newlands, Cape Town",e62dd25d,K Rabada,7,0,0,0,0,
1124671,2017-11-26,2017-18,1,LIONS,WAR,"Newlands, Cape Town",7f8ecc51,AM Phangiso,8,0,0,0,0,
1124671,2017-11-26,2017-18,1,LIONS,WAR,"Newlands, Cape Town",a316d663,GC Viljoen,9,0,0,0,0,
1124671,2017-11-26,2017-18,1,LIONS,WAR,"Newlands, Cape Town",b56dc5f7,BE Hendricks,10,0,0,0,0,
1124671,2017-11-26,2017-18,1,LIONS,WAR,"Newlands, Cape Town",04a5b56e,OA Ramela,11,0,0,0,0,
1124671,2017-11-26,2017-18,2,WAR,LIONS,"Newlands, Cape Town",42172c3c,JT Smuts,1,10,6,2,0,bowled
1124671,2017-11-26,2017-18,2,WAR,LIONS,"Newlands, Cape Town",3bf40832,GL Cloete,2,1,3,0,0,caught
1124671,2017-11-26,2017-18,2,WAR,LIONS,"Newlands, Cape Town",c995d726,CA Ingram,3,89,48,5,7,caught
1124671,2017-11-26,2017-18,2,WAR,LIONS,"Newlands, Cape Town",e734d090,CN Ackermann,4,17,17,2,0,caught and bowled
1124671,2017-11-26,2017-18,2,WAR,LIONS,"Newlands, Cape Town",a81d6706,C Jonker,5,39,28,5,1,bowled
1124671,2017-11-26,2017-18,2,WAR,LIONS,"Newlands, Cape Town",af917dde,MJ Nqolo,6,12,6,1,0,not out
1124671,2017-11-26,2017-18,2,WAR,LIONS,"Newlands, Cape Town",51355a30,LC Ngoepe,7,10,6,0,1,caught
1124671,2017-11-26,2017-18,2,WAR,LIONS,"Newlands, Cape Town",179bea21,SSN Nqweni,8,0,0,0,0,not out
1124671,2017-11-26,2017-18,2,WAR,LIONS,"Newlands, Cape Town",9df3a2f4,ACR Birch,9,0,0,0,0,
1124671,2017-11-26,2017-18,2,WAR,LIONS,"Newlands, Cape Town",1e182ae2,BD Walters,10,0,0,0,0,
1124671,2017-11-26,2017-18,2,WAR,LIONS,"Newlands, Cape Town",8361e524,SSB Magala,11,0,0,0,0,
1124672,2017-11-26,2017-18,1,KNG,WPR,"Newlands, Cape Town",6e6fb538,JL du Plooy,1,16,15,2,0,caught
1124672,2017-11-26,2017-18,1,KNG,WPR,"Newlands, Cape Town",0827b38d,TG Mokoena,2,13,18,1,0,caught
1124672,2017-11-26,2017-18,1,KNG,WPR,"Newlands, Cape Town",90d6cdea,TB de Bruyn,3,40,22,3,3,caught
1124672,2017-11-26,2017-18,1,KNG,WPR,"Newlands, Cape Town",d67d5f00,DA Miller,4,50,37,3,2,caught
1124672,2017-11-26,2017-18,1,KNG,WPR,"Newlands, Cape Town",39181592,PE Kruger,5,2,6,0,0,caught
1124672,2017-11-26,2017-18,1,KNG,WPR,"Newlands, Cape Town",c654af19,R McLaren,6,31,20,3,1,not out
1124672,2017-11-26,2017-18,1,KNG,WPR,"Newlands, Cape Town",d4eef961,M de Lange,7,1,3,0,0,not out
1124672,2017-11-26,2017-18,1,KNG,WPR,"Newlands, Cape Town",1d105638,M Budaza,8,0,0,0,0,
1124672,2017-11-26,2017-18,1,KNG,WPR,"Newlands, Cape Town",bf64dc29,KD Petersen,9,0,0,0,0,
1124672,2017-11-26,2017-18,1,KNG,WPR,"Newlands, Cape Town",97b0e4ff,SC van Schalkwyk,10,0,0,0,0,
1124672,2017-11-26,2017-18,1,KNG,WPR,"Newlands, Cape Town",a7bc76a0,E Leie,11,0,0,0,0,
1124672,2017-11-26,2017-18,2,WPR,KNG,"Newlands, Cape Town",18c78b11,RE Levi,1,3,6,0,0,caught
1124672,2017-11-26,2017-18,2,WPR,KNG,"Newlands, Cape Town",e798611a,HM Amla,2,29,24,4,0,bowled
1124672,2017-11-26,2017-18,2,WPR,KNG,"Newlands, Cape Town",9ffd1ac1,T Bavuma,3,6,7,1,0,caught
1124672,2017-11-26,2017-18,2,WPR,KNG,"Newlands, Cape Town",2e8994e7,JP Duminy,4,67,44,8,1,lbw
1124672,2017-11-26,2017-18,2,WPR,KNG,"Newlands, Cape Town",955e8e86,A Mgijima,5,5,5,1,0,caught
1124672,2017-11-26,2017-18,2,WPR,KNG,"Newlands, Cape Town",f277f531,FD Adams,6,9,8,1,0,caught
1124672,2017-11-26,2017-18,2,WPR,KNG,"Newlands, Cape Town",e5437608,GF Linde,7,9,9,0,0,caught
1124672,2017-11-26,2017-18,2,WPR,KNG,"Newlands, Cape Town",cfe70281,VD Philander,8,22,11,3,0,not out
1124672,2017-11-26,2017-18,2,WPR,KNG,"Newlands, Cape Town",7955eb15,RK Kleinveldt,9,4,1,1,0,not out
1124672,2017-11-26,2017-18,2,WPR,KNG,"Newlands, Cape Town",bf814547,K Verreynne,10,0,0,0,0,
1124672,2017-11-26,2017-18,2,WPR,KNG,"Newlands, Cape Town",6ed11905,M Nabe,11,0,0,0,0,
1124673,2017-11-29,2017-18,1,WPR,WAR,"Boland Park, Paarl",e798611a,HM Amla,1,52,36,3,1,caught
1124673,2017-11-29,2017-18,1,WPR,WAR,"Boland Park, Paarl",9ffd1ac1,T Bavuma,2,42,43,4,0,caught and bowled
1124673,2017-11-29,2017-18,1,WPR,WAR,"Boland Park, Paarl",e5437608,GF Linde,3,52,30,3,2,not out
1124673,2017-11-29,2017-18,1,WPR,WAR,"Boland Park, Paarl",2e8994e7,JP Duminy,4,6,6,0,0,caught
1124673,2017-11-29,2017-18,1,WPR,WAR,"Boland Park, Paarl",59a7fc89,MQ Adams,5,0,1,0,0,caught
1124673,2017-11-29,2017-18,1,WPR,WAR,"Boland Park, Paarl",bf814547,K Verreynne,6,2,5,0,0,not out
1124673,2017-11-29,2017-18,1,WPR,WAR,"Boland Park, Paarl",f277f531,FD Adams,7,0,0,0,0,
1124673,2017-11-29,2017-18,1,WPR,WAR,"Boland Park, Paarl",7955eb15,RK Kleinveldt,8,0,0,0,0,
1124673,2017-11-29,2017-18,1,WPR,WAR,"Boland Park, Paarl",955e8e86,A Mgijima,9,0,0,0,0,
1124673,2017-11-29,2017-18,1,WPR,WAR,"Boland Park, Paarl",462d7c62,D Paterson,10,0,0,0,0,
1124673,2017-11-29,2017-18,1,WPR,WAR,"Boland Park, Paarl",6ed11905,M Nabe,11,0,0,0,0,
1124673,2017-11-29,2017-18,2,WAR,WPR,"Boland Park, Paarl",42172c3c,JT Smuts,1,12,13,2,0,caught
1124673,2017-11-29,2017-18,2,WAR,WPR,"Boland Park, Paarl",3bf40832,GL Cloete,2,2,6,0,0,caught
1124673,2017-11-29,2017-18,2,WAR,WPR,"Boland Park, Paarl",c995d726,CA Ingram,3,38,30,1,2,caught
1124673,2017-11-29,2017-18,2,WAR,WPR,"Boland Park, Paarl",e734d090,CN Ackermann,4,55,41,4,0,caught
1124673,2017-11-29,2017-18,2,WAR,WPR,"Boland Park, Paarl",a81d6706,C Jonker,5,19,11,2,1,caught
1124673,2017-11-29,2017-18,2,WAR,WPR,"Boland Park, Paarl",af917dde,MJ Nqolo,6,8,6,1,0,bowled
1124673,2017-11-29,2017-18,2,WAR,WPR,"Boland Park, Paarl",51355a30,LC Ngoepe,7,1,2,0,0,lbw
1124673,2017-11-29,2017-18,2,WAR,WPR,"Boland Park, Paarl",179bea21,SSN Nqweni,8,6,7,0,0,not out
1124673,2017-11-29,2017-18,2,WAR,WPR,"Boland Park, Paarl",9df3a2f4,ACR Birch,9,2,2,0,0,run out
1124673,2017-11-29,2017-18,2,WAR,WPR,"Boland Park, Paarl",8361e524,SSB Magala,10,3,2,0,0,not out
1124673,2017-11-29,2017-18,2,WAR,WPR,"Boland Park, Paarl",1e182ae2,BD Walters,11,0,0,0,0,
1124675,2017-12-01,2017-18,1,WPR,DOL,"Kingsmead, Durban",9ffd1ac1,T Bavuma,1,3,7,0,0,caught
1124675,2017-12-01,2017-18,1,WPR,DOL,"Kingsmead, Durban",e798611a,HM Amla,2,40,28,4,1,lbw
1124675,2017-12-01,2017-18,1,WPR,DOL,"Kingsmead, Durban",bf814547,K Verreynne,3,14,17,1,0,stumped
1124675,2017-12-01,2017-18,1,WPR,DOL,"Kingsmead, Durban",2e8994e7,JP Duminy,4,85,44,8,5,not out
1124675,2017-12-01,2017-18,1,WPR,DOL,"Kingsmead, Durban",59a7fc89,MQ Adams,5,23,23,2,0,caught
1124675,2017-12-01,2017-18,1,WPR,DOL,"Kingsmead, Durban",f277f531,FD Adams,6,1,1,0,0,not out
1124675,2017-12-01,2017-18,1,WPR,DOL,"Kingsmead, Durban",955e8e86,A Mgijima,7,0,0,0,0,
1124675,2017-12-01,2017-18,1,WPR,DOL,"Kingsmead, Durban",7955eb15,RK Kleinveldt,8,0,0,0,0,
1124675,2017-12-01,2017-18,1,WPR,DOL,"Kingsmead, Durban",e5437608,GF Linde,9,0,0,0,0,
1124675,2017-12-01,2017-18,1,WPR,DOL,"Kingsmead, Durban",6ed11905,M Nabe,10,0,0,0,0,
1124675,2017-12-01,2017-18,1,WPR,DOL,"Kingsmead, Durban",462d7c62,D Paterson,11,0,0,0,0,
1124675,2017-12-01,2017-18,2,DOL,WPR,"Kingsmead, Durban",a3ce3d1d,SJ Erwee,1,6,6,1,0,bowled
1124675,2017-12-01,2017-18,2,DOL,WPR,"Kingsmead, Durban",710dd98c,MN van Wyk,2,1,3,0,0,not out
1124675,2017-12-01,2017-18,2,DOL,WPR,"Kingsmead, Durban",890b877d,VB van Jaarsveld,3,1,4,0,0,not out
1124675,2017-12-01,2017-18,2,DOL,WPR,"Kingsmead, Durban",4aad78d3,K Zondo,4,0,0,0,0,
1124675,2017-12-01,2017-18,2,DOL,WPR,"Kingsmead, Durban",087210b1,DJ Vilas,5,0,0,0,0,
1124675,2017-12-01,2017-18,2,DOL,WPR,"Kingsmead, Durban",ab6b1c45,AL Phehlukwayo,6,0,0,0,0,
1124675,2017-12-01,2017-18,2,DOL,WPR,"Kingsmead, Durban",8b248d88,R Frylinck,7,0,0,0,0,
1124675,2017-12-01,2017-18,2,DOL,WPR,"Kingsmead, Durban",1b42a100,BS Makhanya,8,0,0,0,0,
1124675,2017-12-01,2017-18,2,DOL,WPR,"Kingsmead, Durban",0b60eb09,KA Maharaj,9,0,0,0,0,
1124675,2017-12-01,2017-18,2,DOL,WPR,"Kingsmead, Durban",acee4cc4,Imran Tahir,10,0,0,0,0,
1124675,2017-12-01,2017-18,2,DOL,WPR,"Kingsmead, Durban",016e5101,M Shezi,11,0,0,0,0,
1124676,2017-12-01,2017-18,1,KNG,LIONS,"Mangaung Oval, Bloemfontein",13d0b3d6,RS Second,1,7,9,1,0,caught and bowled
1124676,2017-12-01,2017-18,1,KNG,LIONS,"Mangaung Oval, Bloemfontein",bf64dc29,KD Petersen,2,52,40,5,1,not out
1124676,2017-12-01,2017-18,1,KNG,LIONS,"Mangaung Oval, Bloemfontein",90d6cdea,TB de Bruyn,3,18,20,1,0,caught and bowled
1124676,2017-12-01,2017-18,1,KNG,LIONS,"Mangaung Oval, Bloemfontein",d67d5f00,DA Miller,4,7,9,0,0,not out
1124676,2017-12-01,2017-18,1,KNG,LIONS,"Mangaung Oval, Bloemfontein",0827b38d,TG Mokoena,5,0,0,0,0,
1124676,2017-12-01,2017-18,1,KNG,LIONS,"Mangaung Oval, Bloemfontein",c654af19,R McLaren,6,0,0,0,0,
1124676,2017-12-01,2017-18,1,KNG,LIONS,"Mangaung Oval, Bloemfontein",cba5185d,AR Swanepoel,7,0,0,0,0,
1124676,2017-12-01,2017-18,1,KNG,LIONS,"Mangaung Oval, Bloemfontein",97b0e4ff,SC van Schalkwyk,8,0,0,0,0,
1124676,2017-12-01,2017-18,1,KNG,LIONS,"Mangaung Oval, Bloemfontein",a7bc76a0,E Leie,9,0,0,0,0,
1124676,2017-12-01,2017-18,1,KNG,LIONS,"Mangaung Oval, Bloemfontein",1d105638,M Budaza,10,0,0,0,0,
1124676,2017-12-01,2017-18,1,KNG,LIONS,"Mangaung Oval, Bloemfontein",a8e56914,D Olivier,11,0,0,0,0,
1124677,2017-12-01,2017-18,1,TIT,WAR,"Willowmoore Park, Benoni",33085ffb,D Elgar,1,44,23,4,3,caught
1124677,2017-12-01,2017-18,1,TIT,WAR,"Willowmoore Park, Benoni",9c9f8dbc,H Davids,2,23,16,3,1,caught
1124677,2017-12-01,2017-18,1,TIT,WAR,"Willowmoore Park, Benoni",c4487b84,AB de Villiers,3,48,19,4,4,caught
1124677,2017-12-01,2017-18,1,TIT,WAR,"Willowmoore Park, Benoni",235c2bb6,H Klaasen,4,16,9,0,1,not out
1124677,2017-12-01,2017-18,1,TIT,WAR,"Willowmoore Park, Benoni",dce2019b,F Behardien,5,36,12,0,4,not out
1124677,2017-12-01,2017-18,1,TIT,WAR,"Willowmoore Park, Benoni",9d50c7e1,MP Siboto,6,0,0,0,0,
1124677,2017-12-01,2017-18,1,TIT,WAR,"Willowmoore Park, Benoni",aa8d28ae,D Wiese,7,0,0,0,0,
1124677,2017-12-01,2017-18,1,TIT,WAR,"Willowmoore Park, Benoni",fb66ce1f,CH Morris,8,0,0,0,0,
1124677,2017-12-01,2017-18,1,TIT,WAR,"Willowmoore Park, Benoni",a03bba42,T Shamsi,9,0,0,0,0,
1124677,2017-12-01,2017-18,1,TIT,WAR,"Willowmoore Park, Benoni",1cb14aa4,CJ Dala,10,0,0,0,0,
1124677,2017-12-01,2017-18,1,TIT,WAR,"Willowmoore Park, Benoni",f834dcfc,L Ngidi,11,0,0,0,0,
1124677,2017-12-01,2017-18,2,WAR,TIT,"Willowmoore Park, Benoni",42172c3c,JT Smuts,1,53,30,2,4,stumped
1124677,2017-12-01,2017-18,2,WAR,TIT,"Willowmoore Park, Benoni",9fa54c94,MY Vallie,2,10,8,2,0,caught
1124677,2017-12-01,2017-18,2,WAR,TIT,"Willowmoore Park, Benoni",c995d726,CA Ingram,3,13,12,2,0,caught
1124677,2017-12-01,2017-18,2,WAR,TIT,"Willowmoore Park, Benoni",e734d090,CN Ackermann,4,7,5,0,1,caught
1124677,2017-12-01,2017-18,2,WAR,TIT,"Willowmoore Park, Benoni",a81d6706,C Jonker,5,7,3,0,1,caught
1124677,2017-12-01,2017-18,2,WAR,TIT,"Willowmoore Park, Benoni",8361e524,SSB Magala,6,2,3,0,0,caught
1124677,2017-12-01,2017-18,2,WAR,TIT,"Willowmoore Park, Benoni",9df3a2f4,ACR Birch,7,4,5,0,0,not out
1124677,2017-12-01,2017-18,2,WAR,TIT,"Willowmoore Park, Benoni",51355a30,LC Ngoepe,8,1,3,0,0,caught
1124677,2017-12-01,2017-18,2,WAR,TIT,"Willowmoore Park, Benoni",3bf40832,GL Cloete,9,0,2,0,0,caught
1124677,2017-12-01,2017-18,2,WAR,TIT,"Willowmoore Park, Benoni",179bea21,SSN Nqweni,10,7,5,0,1,lbw
1124677,2017-12-01,2017-18,2,WAR,TIT,"Willowmoore Park, Benoni",1e182ae2,BD Walters,11,1,2,0,0,not out
1124678,2017-12-03,2017-18,1,KNG,TIT,"St George's Park, Port Elizabeth",13d0b3d6,RS Second,1,2,3,0,0,lbw
1124678,2017-12-03,2017-18,1,KNG,TIT,"St George's Park, Port Elizabeth",bf64dc29,KD Petersen,2,5,5,1,0,caught
1124678,2017-12-03,2017-18,1,KNG,TIT,"St George's Park, Port Elizabeth",90d6cdea,TB de Bruyn,3,5,14,0,0,caught
1124678,2017-12-03,2017-18,1,KNG,TIT,"St George's Park, Port Elizabeth",d67d5f00,DA Miller,4,43,34,6,0,caught
1124678,2017-12-03,2017-18,1,KNG,TIT,"St George's Park, Port Elizabeth",c654af19,R McLaren,5,21,21,2,0,bowled
1124678,2017-12-03,2017-18,1,KNG,TIT,"St George's Park, Port Elizabeth",0827b38d,TG Mokoena,6,31,28,1,2,run out
1124678,2017-12-03,2017-18,1,KNG,TIT,"St George's Park, Port Elizabeth",cba5185d,AR Swanepoel,7,6,6,1,0,caught
1124678,2017-12-03,2017-18,1,KNG,TIT,"St George's Park, Port Elizabeth",97b0e4ff,SC van Schalkwyk,8,16,9,2,0,not out
1124678,2017-12-03,2017-18,1,KNG,TIT,"St George's Park, Port Elizabeth",a7bc76a0,E Leie,9,0,0,0,0,
1124678,2017-12-03,2017-18,1,KNG,TIT,"St George's Park, Port Elizabeth",1d105638,M Budaza,10,0,0,0,0,
1124678,2017-12-03,2017-18,1,KNG,TIT,"St George's Park, Port Elizabeth",a8e56914,D Olivier,11,0,0,0,0,
1124678,2017-12-03,2017-18,2,TIT,KNG,"St George's Park, Port Elizabeth",372455c4,Q de Kock,1,17,18,3,0,caught
1124678,2017-12-03,2017-18,2,TIT,KNG,"St George's Park, Port Elizabeth",d3a1c63d,T de Zorzi,2,0,1,0,0,caught
1124678,2017-12-03,2017-18,2,TIT,KNG,"St George's Park, Port Elizabeth",9c9f8dbc,H Davids,3,7,13,1,0,caught
1124678,2017-12-03,2017-18,2,TIT,KNG,"St George's Park, Port Elizabeth",6a26221c,AK Markram,4,8,18,0,0,run out
1124678,2017-12-03,2017-18,2,TIT,KNG,"St George's Park, Port Elizabeth",dce2019b,F Behardien,5,56,39,2,3,not out
1124678,2017-12-03,2017-18,2,TIT,KNG,"St George's Park, Port Elizabeth",c3d35165,JA Morkel,6,27,20,2,2,caught
1124678,2017-12-03,2017-18,2,TIT,KNG,"St George's Park, Port Elizabeth",fb66ce1f,CH Morris,7,17,10,0,2,not out
1124678,2017-12-03,2017-18,2,TIT,KNG,"St George's Park, Port Elizabeth",9d50c7e1,MP Siboto,8,0,0,0,0,
1124678,2017-12-03,2017-18,2,TIT,KNG,"St George's Park, Port Elizabeth",a03bba42,T Shamsi,9,0,0,0,0,
1124678,2017-12-03,2017-18,2,TIT,KNG,"St George's Park, Port Elizabeth",1cb14aa4,CJ Dala,10,0,0,0,0,
1124678,2017-12-03,2017-18,2,TIT,KNG,"St George's Park, Port Elizabeth",8fd1a8f5,DW Steyn,11,0,0,0,0,
1124679,2017-12-03,2017-18,1,WAR,DOL,"St George's Park, Port Elizabeth",42172c3c,JT Smuts,1,0,1,0,0,bowled
1124679,2017-12-03,2017-18,1,WAR,DOL,"St George's Park, Port Elizabeth",9fa54c94,MY Vallie,2,18,19,3,0,caught
1124679,2017-12-03,2017-18,1,WAR,DOL,"St George's Park, Port Elizabeth",c995d726,CA Ingram,3,2,7,0,0,caught
1124679,2017-12-03,2017-18,1,WAR,DOL,"St George's Park, Port Elizabeth",e734d090,CN Ackermann,4,37,34,4,0,bowled
1124679,2017-12-03,2017-18,1,WAR,DOL,"St George's Park, Port Elizabeth",a81d6706,C Jonker,5,59,36,3,5,caught
1124679,2017-12-03,2017-18,1,WAR,DOL,"St George's Park, Port Elizabeth",51355a30,LC Ngoepe,6,18,13,0,2,caught
1124679,2017-12-03,2017-18,1,WAR,DOL,"St George's Park, Port Elizabeth",179bea21,SSN Nqweni,7,9,6,1,0,not out
1124679,2017-12-03,2017-18,1,WAR,DOL,"St George's Park, Port Elizabeth",8361e524,SSB Magala,8,0,1,0,0,bowled
1124679,2017-12-03,2017-18,1,WAR,DOL,"St George's Park, Port Elizabeth",9df3a2f4,ACR Birch,9,0,1,0,0,caught
1124679,2017-12-03,2017-18,1,WAR,DOL,"St George's Park, Port Elizabeth",3bf40832,GL Cloete,10,3,3,0,0,not out
1124679,2017-12-03,2017-18,1,WAR,DOL,"St George's Park, Port Elizabeth",1e182ae2,BD Walters,11,0,0,0,0,
1124679,2017-12-03,2017-18,2,DOL,WAR,"St George's Park, Port Elizabeth",a3ce3d1d,SJ Erwee,1,8,10,1,0,bowled
1124679,2017-12-03,2017-18,2,DOL,WAR,"St George's Park, Port Elizabeth",710dd98c,MN van Wyk,2,57,44,4,0,run out
1124679,2017-12-03,2017-18,2,DOL,WAR,"St George's Park, Port Elizabeth",890b877d,VB van Jaarsveld,3,0,2,0,0,bowled
1124679,2017-12-03,2017-18,2,DOL,WAR,"St George's Park, Port Elizabeth",087210b1,DJ Vilas,4,3,6,0,0,caught
1124679,2017-12-03,2017-18,2,DOL,WAR,"St George's Park, Port Elizabeth",4aad78d3,K Zondo,5,1,5,0,0,lbw
1124679,2017-12-03,2017-18,2,DOL,WAR,"St George's Park, Port Elizabeth",1b42a100,BS Makhanya,6,33,24,5,0,caught
1124679,2017-12-03,2017-18,2,DOL,WAR,"St George's Park, Port Elizabeth",ab6b1c45,AL Phehlukwayo,7,4,5,0,0,caught
1124679,2017-12-03,2017-18,2,DOL,WAR,"St George's Park, Port Elizabeth",8b248d88,R Frylinck,8,25,19,1,1,not out
1124679,2017-12-03,2017-18,2,DOL,WAR,"St George's Park, Port Elizabeth",0b60eb09,KA Maharaj,9,13,5,1,1,not out
1124679,2017-12-03,2017-18,2,DOL,WAR,"St George's Park, Port Elizabeth",016e5101,M Shezi,10,0,0,0,0,
1124679,2017-12-03,2017-18,2,DOL,WAR,"St George's Park, Port Elizabeth",acee4cc4,Imran Tahir,11,0,0,0,0,
1124681,2017-12-06,2017-18,1,WPR,KNG,"Diamond Oval, Kimberley",9ffd1ac1,T Bavuma,1,46,39,5,0,caught
1124681,2017-12-06,2017-18,1,WPR,KNG,"Diamond Oval, Kimberley",e798611a,HM Amla,2,18,10,2,1,caught
1124681,2017-12-06,2017-18,1,WPR,KNG,"Diamond Oval, Kimberley",955e8e86,A Mgijima,3,10,7,2,0,caught
1124681,2017-12-06,2017-18,1,WPR,KNG,"Diamond Oval, Kimberley",2e8994e7,JP Duminy,4,31,20,3,0,caught
1124681,2017-12-06,2017-18,1,WPR,KNG,"Diamond Oval, Kimberley",59a7fc89,MQ Adams,5,8,13,0,0,caught
1124681,2017-12-06,2017-18,1,WPR,KNG,"Diamond Oval, Kimberley",f277f531,FD Adams,6,16,12,2,0,caught
1124681,2017-12-06,2017-18,1,WPR,KNG,"Diamond Oval, Kimberley",e5437608,GF Linde,7,10,6,0,1,bowled
1124681,2017-12-06,2017-18,1,WPR,KNG,"Diamond Oval, Kimberley",bf814547,K Verreynne,8,3,3,0,0,caught
1124681,2017-12-06,2017-18,1,WPR,KNG,"Diamond Oval, Kimberley",7955eb15,RK Kleinveldt,9,7,5,0,1,caught
1124681,2017-12-06,2017-18,1,WPR,KNG,"Diamond Oval, Kimberley",462d7c62,D Paterson,10,1,2,0,0,not out
1124681,2017-12-06,2017-18,1,WPR,KNG,"Diamond Oval, Kimberley",6ed11905,M Nabe,11,3,3,0,0,not out
1124681,2017-12-06,2017-18,2,KNG,WPR,"Diamond Oval, Kimberley",13d0b3d6,RS Second,1,1,3,0,0,caught
1124681,2017-12-06,2017-18,2,KNG,WPR,"Diamond Oval, Kimberley",bf64dc29,KD Petersen,2,4,8,1,0,lbw
1124681,2017-12-06,2017-18,2,KNG,WPR,"Diamond Oval, Kimberley",90d6cdea,TB de Bruyn,3,25,23,4,0,caught
1124681,2017-12-06,2017-18,2,KNG,WPR,"Diamond Oval, Kimberley",d67d5f00,DA Miller,4,59,32,4,3,caught
1124681,2017-12-06,2017-18,2,KNG,WPR,"Diamond Oval, Kimberley",c654af19,R McLaren,5,19,14,3,0,lbw
1124681,2017-12-06,2017-18,2,KNG,WPR,"Diamond Oval, Kimberley",0827b38d,TG Mokoena,6,2,6,0,0,caught
1124681,2017-12-06,2017-18,2,KNG,WPR,"Diamond Oval, Kimberley",cba5185d,AR Swanepoel,7,20,19,1,0,run out
1124681,2017-12-06,2017-18,2,KNG,WPR,"Diamond Oval, Kimberley",97b0e4ff,SC van Schalkwyk,8,7,6,1,0,caught
1124681,2017-12-06,2017-18,2,KNG,WPR,"Diamond Oval, Kimberley",a8e56914,D Olivier,9,2,5,0,0,bowled
1124681,2017-12-06,2017-18,2,KNG,WPR,"Diamond Oval, Kimberley",1d105638,M Budaza,10,0,1,0,0,not out
1124681,2017-12-06,2017-18,2,KNG,WPR,"Diamond Oval, Kimberley",a7bc76a0,E Leie,11,2,3,0,0,not out
1124683,2017-12-08,2017-18,1,KNG,DOL,"Mangaung Oval, Bloemfontein",13d0b3d6,RS Second,1,25,25,3,0,caught
1124683,2017-12-08,2017-18,1,KNG,DOL,"Mangaung Oval, Bloemfontein",39181592,PE Kruger,2,4,3,1,0,lbw
1124683,2017-12-08,2017-18,1,KNG,DOL,"Mangaung Oval, Bloemfontein",90d6cdea,TB de Bruyn,3,20,16,0,1,lbw
1124683,2017-12-08,2017-18,1,KNG,DOL,"Mangaung Oval, Bloemfontein",d67d5f00,DA Miller,4,46,23,4,3,not out
1124683,2017-12-08,2017-18,1,KNG,DOL,"Mangaung Oval, Bloemfontein",bf64dc29,KD Petersen,5,11,11,1,0,bowled
1124683,2017-12-08,2017-18,1,KNG,DOL,"Mangaung Oval, Bloemfontein",c654af19,R McLaren,6,48,24,6,1,not out
1124683,2017-12-08,2017-18,1,KNG,DOL,"Mangaung Oval, Bloemfontein",d4eef961,M de Lange,7,0,0,0,0,
1124683,2017-12-08,2017-18,1,KNG,DOL,"Mangaung Oval, Bloemfontein",97b0e4ff,SC van Schalkwyk,8,0,0,0,0,
1124683,2017-12-08,2017-18,1,KNG,DOL,"Mangaung Oval, Bloemfontein",a7bc76a0,E Leie,9,0,0,0,0,
1124683,2017-12-08,2017-18,1,KNG,DOL,"Mangaung Oval, Bloemfontein",1d105638,M Budaza,10,0,0,0,0,
1124683,2017-12-08,2017-18,1,KNG,DOL,"Mangaung Oval, Bloemfontein",b847829f,LL Mnyanda,11,0,0,0,0,
1124683,2017-12-08,2017-18,2,DOL,KNG,"Mangaung Oval, Bloemfontein",a3ce3d1d,SJ Erwee,1,9,10,2,0,caught
1124683,2017-12-08,2017-18,2,DOL,KNG,"Mangaung Oval, Bloemfontein",710dd98c,MN van Wyk,2,70,43,8,1,not out
1124683,2017-12-08,2017-18,2,DOL,KNG,"Mangaung Oval, Bloemfontein",890b877d,VB van Jaarsveld,3,8,10,1,0,caught
1124683,2017-12-08,2017-18,2,DOL,KNG,"Mangaung Oval, Bloemfontein",087210b1,DJ Vilas,4,51,22,0,6,caught
1124683,2017-12-08,2017-18,2,DOL,KNG,"Mangaung Oval, Bloemfontein",ab6b1c45,AL Phehlukwayo,5,0,1,0,0,caught
1124683,2017-12-08,2017-18,2,DOL,KNG,"Mangaung Oval, Bloemfontein",8b248d88,R Frylinck,6,27,14,4,1,not out
1124683,2017-12-08,2017-18,2,DOL,KNG,"Mangaung Oval, Bloemfontein",0b60eb09,KA Maharaj,7,0,0,0,0,
1124683,2017-12-08,2017-18,2,DOL,KNG,"Mangaung Oval, Bloemfontein",1b42a100,BS Makhanya,8,0,0,0,0,
1124683,2017-12-08,2017-18,2,DOL,KNG,"Mangaung Oval, Bloemfontein",016e5101,M Shezi,9,0,0,0,0,
1124683,2017-12-08,2017-18,2,DOL,KNG,"Mangaung Oval, Bloemfontein",acee4cc4,Imran Tahir,10,0,0,0,0,
1124683,2017-12-08,2017-18,2,DOL,KNG,"Mangaung Oval, Bloemfontein",4aad78d3,K Zondo,11,0,0,0,0,
1124684,2017-12-08,2017-18,1,WAR,LIONS,"Senwes Park, Potchefstroom",3a60e0b5,WD Parnell,1,1,3,0,0,stumped
1124684,2017-12-08,2017-18,1,WAR,LIONS,"Senwes Park, Potchefstroom",42172c3c,JT Smuts,2,69,52,10,0,not out
1124684,2017-12-08,2017-18,1,WAR,LIONS,"Senwes Park, Potchefstroom",c995d726,CA Ingram,3,17,20,1,0,run out
1124684,2017-12-08,2017-18,1,WAR,LIONS,"Senwes Park, Potchefstroom",e734d090,CN Ackermann,4,3,5,0,0,bowled
1124684,2017-12-08,2017-18,1,WAR,LIONS,"Senwes Park, Potchefstroom",a81d6706,C Jonker,5,30,24,4,1,bowled
1124684,2017-12-08,2017-18,1,WAR,LIONS,"Senwes Park, Potchefstroom",51355a30,LC Ngoepe,6,0,0,0,0,
1124684,2017-12-08,2017-18,1,WAR,LIONS,"Senwes Park, Potchefstroom",179bea21,SSN Nqweni,7,0,0,0,0,
1124684,2017-12-08,2017-18,1,WAR,LIONS,"Senwes Park, Potchefstroom",1e182ae2,BD Walters,8,0,0,0,0,
1124684,2017-12-08,2017-18,1,WAR,LIONS,"Senwes Park, Potchefstroom",8361e524,SSB Magala,9,0,0,0,0,
1124684,2017-12-08,2017-18,1,WAR,LIONS,"Senwes Park, Potchefstroom",3bf40832,GL Cloete,10,0,0,0,0,
1124684,2017-12-08,2017-18,1,WAR,LIONS,"Senwes Park, Potchefstroom",9df3a2f4,ACR Birch,11,0,0,0,0,
1124684,2017-12-08,2017-18,2,LIONS,WAR,"Senwes Park, Potchefstroom",9948e262,HE van der Dussen,1,4,6,0,0,caught
1124684,2017-12-08,2017-18,2,LIONS,WAR,"Senwes Park, Potchefstroom",b8cc58c9,RR Hendricks,2,41,28,3,0,not out
1124684,2017-12-08,2017-18,2,LIONS,WAR,"Senwes Park, Potchefstroom",e66732f8,RD Rickelton,3,18,7,3,1,lbw
1124684,2017-12-08,2017-18,2,LIONS,WAR,"Senwes Park, Potchefstroom",8836fcac,M Mosehle,4,9,7,1,0,bowled
1124684,2017-12-08,2017-18,2,LIONS,WAR,"Senwes Park, Potchefstroom",11614d87,D Pretorius,5,7,5,1,0,run out
1124684,2017-12-08,2017-18,2,LIONS,WAR,"Senwes Park, Potchefstroom",c96f6ac5,PWA Mulder,6,1,2,0,0,stumped
1124684,2017-12-08,2017-18,2,LIONS,WAR,"Senwes Park, Potchefstroom",e62dd25d,K Rabada,7,0,1,0,0,caught
1124684,2017-12-08,2017-18,2,LIONS,WAR,"Senwes Park, Potchefstroom",04a5b56e,OA Ramela,8,4,4,0,0,run out
1124684,2017-12-08,2017-18,2,LIONS,WAR,"Senwes Park, Potchefstroom",9a2fc964,BC Fortuin,9,0,0,0,0,
1124684,2017-12-08,2017-18,2,LIONS,WAR,"Senwes Park, Potchefstroom",7f8ecc51,AM Phangiso,10,0,0,0,0,
1124684,2017-12-08,2017-18,2,LIONS,WAR,"Senwes Park, Potchefstroom",a316d663,GC Viljoen,11,0,0,0,0,
1124685,2017-12-10,2017-18,1,WAR,WPR,"Buffalo Park, East London",42172c3c,JT Smuts,1,48,30,5,1,caught and bowled
1124685,2017-12-10,2017-18,1,WAR,WPR,"Buffalo Park, East London",9fa54c94,MY Vallie,2,8,8,2,0,bowled
1124685,2017-12-10,2017-18,1,WAR,WPR,"Buffalo Park, East London",c995d726,CA Ingram,3,41,32,2,3,caught
1124685,2017-12-10,2017-18,1,WAR,WPR,"Buffalo Park, East London",a81d6706,C Jonker,4,38,26,3,2,caught
1124685,2017-12-10,2017-18,1,WAR,WPR,"Buffalo Park, East London",e734d090,CN Ackermann,5,20,17,1,1,caught
1124685,2017-12-10,2017-18,1,WAR,WPR,"Buffalo Park, East London",51355a30,LC Ngoepe,6,10,6,0,1,not out
1124685,2017-12-10,2017-18,1,WAR,WPR,"Buffalo Park, East London",af917dde,MJ Nqolo,7,1,1,0,0,not out
1124685,2017-12-10,2017-18,1,WAR,WPR,"Buffalo Park, East London",9df3a2f4,ACR Birch,8,0,0,0,0,
1124685,2017-12-10,2017-18,1,WAR,WPR,"Buffalo Park, East London",8361e524,SSB Magala,9,0,0,0,0,
1124685,2017-12-10,2017-18,1,WAR,WPR,"Buffalo Park, East London",1e182ae2,BD Walters,10,0,0,0,0,
1124685,2017-12-10,2017-18,1,WAR,WPR,"Buffalo Park, East London",3bf40832,GL Cloete,11,0,0,0,0,
1124685,2017-12-10,2017-18,2,WPR,WAR,"Buffalo Park, East London",18c78b11,RE Levi,1,31,21,5,1,caught
1124685,2017-12-10,2017-18,2,WPR,WAR,"Buffalo Park, East London",e798611a,HM Amla,2,39,31,3,1,caught
1124685,2017-12-10,2017-18,2,WPR,WAR,"Buffalo Park, East London",9ffd1ac1,T Bavuma,3,6,7,0,0,caught
1124685,2017-12-10,2017-18,2,WPR,WAR,"Buffalo Park, East London",2e8994e7,JP Duminy,4,14,13,0,1,caught
1124685,2017-12-10,2017-18,2,WPR,WAR,"Buffalo Park, East London",cfe70281,VD Philander,5,22,20,1,0,caught and bowled
1124685,2017-12-10,2017-18,2,WPR,WAR,"Buffalo Park, East London",26e31980,C Koyana,6,20,24,1,0,not out
1124685,2017-12-10,2017-18,2,WPR,WAR,"Buffalo Park, East London",e5437608,GF Linde,7,3,4,0,0,caught
1124685,2017-12-10,2017-18,2,WPR,WAR,"Buffalo Park, East London",7955eb15,RK Kleinveldt,8,4,1,1,0,not out
1124685,2017-12-10,2017-18,2,WPR,WAR,"Buffalo Park, East London",537f5ab2,DL Piedt,9,0,0,0,0,
1124685,2017-12-10,2017-18,2,WPR,WAR,"Buffalo Park, East London",462d7c62,D Paterson,10,0,0,0,0,
1124685,2017-12-10,2017-18,2,WPR,WAR,"Buffalo Park, East London",6ed11905,M Nabe,11,0,0,0,0,
1124686,2017-12-10,2017-18,1,DOL,TIT,"Kingsmead, Durban",890b877d,VB van Jaarsveld,1,28,28,3,1,stumped
1124686,2017-12-10,2017-18,1,DOL,TIT,"Kingsmead, Durban",710dd98c,MN van Wyk,2,67,41,10,0,bowled
1124686,2017-12-10,2017-18,1,DOL,TIT,"Kingsmead, Durban",087210b1,DJ Vilas,3,29,15,1,3,caught
1124686,2017-12-10,2017-18,1,DOL,TIT,"Kingsmead, Durban",4aad78d3,K Zondo,4,23,19,2,0,bowled
1124686,2017-12-10,2017-18,1,DOL,TIT,"Kingsmead, Durban",1b42a100,BS Makhanya,5,6,10,0,0,caught
1124686,2017-12-10,2017-18,1,DOL,TIT,"Kingsmead, Durban",8b248d88,R Frylinck,6,2,3,0,0,caught
1124686,2017-12-10,2017-18,1,DOL,TIT,"Kingsmead, Durban",0b60eb09,KA Maharaj,7,0,2,0,0,caught
1124686,2017-12-10,2017-18,1,DOL,TIT,"Kingsmead, Durban",ab6b1c45,AL Phehlukwayo,8,5,2,1,0,not out
1124686,2017-12-10,2017-18,1,DOL,TIT,"Kingsmead, Durban",7ec9711d,P Subrayen,9,0,1,0,0,not out
1124686,2017-12-10,2017-18,1,DOL,TIT,"Kingsmead, Durban",acee4cc4,Imran Tahir,10,0,0,0,0,
1124686,2017-12-10,2017-18,1,DOL,TIT,"Kingsmead, Durban",016e5101,M Shezi,11,0,0,0,0,
1124686,2017-12-10,2017-18,2,TIT,DOL,"Kingsmead, Durban",a833f99c,JD Vandiar,1,6,15,0,0,caught
1124686,2017-12-10,2017-18,2,TIT,DOL,"Kingsmead, Durban",d3a1c63d,T de Zorzi,2,1,3,0,0,caught
1124686,2017-12-10,2017-18,2,TIT,DOL,"Kingsmead, Durban",33085ffb,D Elgar,3,2,5,0,0,caught
1124686,2017-12-10,2017-18,2,TIT,DOL,"Kingsmead, Durban",235c2bb6,H Klaasen,4,10,13,0,0,stumped
1124686,2017-12-10,2017-18,2,TIT,DOL,"Kingsmead, Durban",29e676b0,R Moonsamy,5,15,25,1,0,stumped
1124686,2017-12-10,2017-18,2,TIT,DOL,"Kingsmead, Durban",aa8d28ae,D Wiese,6,3,8,0,0,caught and bowled
1124686,2017-12-10,2017-18,2,TIT,DOL,"Kingsmead, Durban",ffd3fc37,S von Berg,7,2,3,0,0,lbw
1124686,2017-12-10,2017-18,2,TIT,DOL,"Kingsmead, Durban",5bb5a915,M Morkel,8,9,6,0,1,bowled
1124686,2017-12-10,2017-18,2,TIT,DOL,"Kingsmead, Durban",1cb14aa4,CJ Dala,9,4,6,0,0,caught
1124686,2017-12-10,2017-18,2,TIT,DOL,"Kingsmead, Durban",a03bba42,T Shamsi,10,15,20,0,1,not out
1124686,2017-12-10,2017-18,2,TIT,DOL,"Kingsmead, Durban",ea1eba98,SA Mothoa,11,8,14,1,0,lbw
1124687,2017-12-10,2017-18,1,LIONS,KNG,"New Wanderers Stadium, Johannesburg",9948e262,HE van der Dussen,1,2,4,0,0,not out
1124687,2017-12-10,2017-18,1,LIONS,KNG,"New Wanderers Stadium, Johannesburg",b8cc58c9,RR Hendricks,2,1,2,0,0,not out
1124687,2017-12-10,2017-18,1,LIONS,KNG,"New Wanderers Stadium, Johannesburg",8836fcac,M Mosehle,3,0,0,0,0,
1124687,2017-12-10,2017-18,1,LIONS,KNG,"New Wanderers Stadium, Johannesburg",e66732f8,RD Rickelton,4,0,0,0,0,
1124687,2017-12-10,2017-18,1,LIONS,KNG,"New Wanderers Stadium, Johannesburg",11614d87,D Pretorius,5,0,0,0,0,
1124687,2017-12-10,2017-18,1,LIONS,KNG,"New Wanderers Stadium, Johannesburg",c96f6ac5,PWA Mulder,6,0,0,0,0,
1124687,2017-12-10,2017-18,1,LIONS,KNG,"New Wanderers Stadium, Johannesburg",9a2fc964,BC Fortuin,7,0,0,0,0,
1124687,2017-12-10,2017-18,1,LIONS,KNG,"New Wanderers Stadium, Johannesburg",e62dd25d,K Rabada,8,0,0,0,0,
1124687,2017-12-10,2017-18,1,LIONS,KNG,"New Wanderers Stadium, Johannesburg",7f8ecc51,AM Phangiso,9,0,0,0,0,
1124687,2017-12-10,2017-18,1,LIONS,KNG,"New Wanderers Stadium, Johannesburg",a316d663,GC Viljoen,10,0,0,0,0,
1124687,2017-12-10,2017-18,1,LIONS,KNG,"New Wanderers Stadium, Johannesburg",04a5b56e,OA Ramela,11,0,0,0,0,
1124688,2017-12-13,2017-18,1,WAR,TIT,"SuperSport Park, Centurion",3a60e0b5,WD Parnell,1,4,5,1,0,bowled
1124688,2017-12-13,2017-18,1,WAR,TIT,"SuperSport Park, Centurion",42172c3c,JT Smuts,2,8,6,2,0,caught
1124688,2017-12-13,2017-18,1,WAR,TIT,"SuperSport Park, Centurion",c995d726,CA Ingram,3,41,28,5,2,caught
1124688,2017-12-13,2017-18,1,WAR,TIT,"SuperSport Park, Centurion",e734d090,CN Ackermann,4,48,31,5,3,lbw
1124688,2017-12-13,2017-18,1,WAR,TIT,"SuperSport Park, Centurion",a81d6706,C Jonker,5,14,13,2,0,caught
1124688,2017-12-13,2017-18,1,WAR,TIT,"SuperSport Park, Centurion",3bf40832,GL Cloete,6,6,5,1,0,lbw
1124688,2017-12-13,2017-18,1,WAR,TIT,"SuperSport Park, Centurion",51355a30,LC Ngoepe,7,15,11,1,1,caught
1124688,2017-12-13,2017-18,1,WAR,TIT,"SuperSport Park, Centurion",af917dde,MJ Nqolo,8,0,1,0,0,caught
1124688,2017-12-13,2017-18,1,WAR,TIT,"SuperSport Park, Centurion",9df3a2f4,ACR Birch,9,0,4,0,0,caught
1124688,2017-12-13,2017-18,1,WAR,TIT,"SuperSport Park, Centurion",8361e524,SSB Magala,10,1,3,0,0,caught
1124688,2017-12-13,2017-18,1,WAR,TIT,"SuperSport Park, Centurion",1e182ae2,BD Walters,11,2,2,0,0,not out
1124688,2017-12-13,2017-18,2,TIT,WAR,"SuperSport Park, Centurion",372455c4,Q de Kock,1,1,3,0,0,caught
1124688,2017-12-13,2017-18,2,TIT,WAR,"SuperSport Park, Centurion",6a26221c,AK Markram,2,56,38,5,3,not out
1124688,2017-12-13,2017-18,2,TIT,WAR,"SuperSport Park, Centurion",235c2bb6,H Klaasen,3,24,15,2,0,caught
1124688,2017-12-13,2017-18,2,TIT,WAR,"SuperSport Park, Centurion",c4487b84,AB de Villiers,4,54,36,2,4,not out
1124688,2017-12-13,2017-18,2,TIT,WAR,"SuperSport Park, Centurion",c3d35165,JA Morkel,5,0,0,0,0,
1124688,2017-12-13,2017-18,2,TIT,WAR,"SuperSport Park, Centurion",dce2019b,F Behardien,6,0,0,0,0,
1124688,2017-12-13,2017-18,2,TIT,WAR,"SuperSport Park, Centurion",fb66ce1f,CH Morris,7,0,0,0,0,
1124688,2017-12-13,2017-18,2,TIT,WAR,"SuperSport Park, Centurion",9d50c7e1,MP Siboto,8,0,0,0,0,
1124688,2017-12-13,2017-18,2,TIT,WAR,"SuperSport Park, Centurion",a03bba42,T Shamsi,9,0,0,0,0,
1124688,2017-12-13,2017-18,2,TIT,WAR,"SuperSport Park, Centurion",1cb14aa4,CJ Dala,10,0,0,0,0,
1124688,2017-12-13,2017-18,2,TIT,WAR,"SuperSport Park, Centurion",f834dcfc,L Ngidi,11,0,0,0,0,
1124690,2017-12-16,2017-18,1,DOL,TIT,"SuperSport Park, Centurion",890b877d,VB van Jaarsveld,1,14,16,2,0,caught
1124690,2017-12-16,2017-18,1,DOL,TIT,"SuperSport Park, Centurion",710dd98c,MN van Wyk,2,6,6,1,0,caught
1124690,2017-12-16,2017-18,1,DOL,TIT,"SuperSport Park, Centurion",a3ce3d1d,SJ Erwee,3,3,9,0,0,bowled
1124690,2017-12-16,2017-18,1,DOL,TIT,"SuperSport Park, Centurion",087210b1,DJ Vilas,4,21,20,0,1,bowled
1124690,2017-12-16,2017-18,1,DOL,TIT,"SuperSport Park, Centurion",4aad78d3,K Zondo,5,7,14,0,0,caught
1124690,2017-12-16,2017-18,1,DOL,TIT,"SuperSport Park, Centurion",1b42a100,BS Makhanya,6,7,4,1,0,run out
1124690,2017-12-16,2017-18,1,DOL,TIT,"SuperSport Park, Centurion",ab6b1c45,AL Phehlukwayo,7,21,18,1,1,caught
1124690,2017-12-16,2017-18,1,DOL,TIT,"SuperSport Park, Centurion",8b248d88,R Frylinck,8,0,5,0,0,caught
1124690,2017-12-16,2017-18,1,DOL,TIT,"SuperSport Park, Centurion",0b60eb09,KA Maharaj,9,14,16,1,0,caught
1124690,2017-12-16,2017-18,1,DOL,TIT,"SuperSport Park, Centurion",acee4cc4,Imran Tahir,10,1,2,0,0,not out
1124690,2017-12-16,2017-18,1,DOL,TIT,"SuperSport Park, Centurion",016e5101,M Shezi,11,0,1,0,0,bowled
1124690,2017-12-16,2017-18,2,TIT,DOL,"SuperSport Park, Centurion",372455c4,Q de Kock,1,39,27,4,2,caught
1124690,2017-12-16,2017-18,2,TIT,DOL,"SuperSport Park, Centurion",29e676b0,R Moonsamy,2,7,8,1,0,caught
1124690,2017-12-16,2017-18,2,TIT,DOL,"SuperSport Park, Centurion",6a26221c,AK Markram,3,18,14,3,0,not out
1124690,2017-12-16,2017-18,2,TIT,DOL,"SuperSport Park, Centurion",c4487b84,AB de Villiers,4,27,13,0,3,caught
1124690,2017-12-16,2017-18,2,TIT,DOL,"SuperSport Park, Centurion",dce2019b,F Behardien,5,4,6,0,0,not out
1124690,2017-12-16,2017-18,2,TIT,DOL,"SuperSport Park, Centurion",c3d35165,JA Morkel,6,0,0,0,0,
1124690,2017-12-16,2017-18,2,TIT,DOL,"SuperSport Park, Centurion",fb66ce1f,CH Morris,7,0,0,0,0,
1124690,2017-12-16,2017-18,2,TIT,DOL,"SuperSport Park, Centurion",1cb14aa4,CJ Dala,8,0,0,0,0,
1124690,2017-12-16,2017-18,2,TIT,DOL,"SuperSport Park, Centurion",f834dcfc,L Ngidi,9,0,0,0,0,
1124690,2017-12-16,2017-18,2,TIT,DOL,"SuperSport Park, Centurion",a03bba42,T Shamsi,10,0,0,0,0,
1124690,2017-12-16,2017-18,2,TIT,DOL,"SuperSport Park, Centurion",9d50c7e1,MP Siboto,11,0,0,0,0,
1157224,2019-04-05,2018-19,1,TIT,WAR,"SuperSport Park, Centurion",9c9f8dbc,H Davids,1,20,15,3,0,bowled
1157224,2019-04-05,2018-19,1,TIT,WAR,"SuperSport Park, Centurion",d3a1c63d,T de Zorzi,2,16,13,3,0,bowled
1157224,2019-04-05,2018-19,1,TIT,WAR,"SuperSport Park, Centurion",90d6cdea,TB de Bruyn,3,74,38,4,5,caught
1157224,2019-04-05,2018-19,1,TIT,WAR,"SuperSport Park, Centurion",f8e6dbdd,DS Rosier,4,37,27,4,1,stumped
1157224,2019-04-05,2018-19,1,TIT,WAR,"SuperSport Park, Centurion",b06d95da,GM Thomson,5,42,18,0,4,caught
1157224,2019-04-05,2018-19,1,TIT,WAR,"SuperSport Park, Centurion",dce2019b,F Behardien,6,19,8,2,0,not out
1157224,2019-04-05,2018-19,1,TIT,WAR,"SuperSport Park, Centurion",9c821d2e,RA Herman,7,1,1,0,0,not out
1157224,2019-04-05,2018-19,1,TIT,WAR,"SuperSport Park, Centurion",ffd3fc37,S von Berg,8,0,0,0,0,
1157224,2019-04-05,2018-19,1,TIT,WAR,"SuperSport Park, Centurion",1cb14aa4,CJ Dala,9,0,0,0,0,
1157224,2019-04-05,2018-19,1,TIT,WAR,"SuperSport Park, Centurion",a0936692,EL Hawken,10,0,0,0,0,
1157224,2019-04-05,2018-19,1,TIT,WAR,"SuperSport Park, Centurion",36ea17c1,TL Moreki,11,0,0,0,0,
1157224,2019-04-05,2018-19,2,WAR,TIT,"SuperSport Park, Centurion",3bf40832,GL Cloete,1,46,25,5,3,not out
1157224,2019-04-05,2018-19,2,WAR,TIT,"SuperSport Park, Centurion",35f173a0,MP Breetzke,2,11,13,1,0,not out
1157224,2019-04-05,2018-19,2,WAR,TIT,"SuperSport Park, Centurion",7c18b36c,M Marais,3,0,0,0,0,
1157224,2019-04-05,2018-19,2,WAR,TIT,"SuperSport Park, Centurion",42172c3c,JT Smuts,4,0,0,0,0,
1157224,2019-04-05,2018-19,2,WAR,TIT,"SuperSport Park, Centurion",94268960,S Qeshile,5,0,0,0,0,
1157224,2019-04-05,2018-19,2,WAR,TIT,"SuperSport Park, Centurion",51355a30,LC Ngoepe,6,0,0,0,0,
1157224,2019-04-05,2018-19,2,WAR,TIT,"SuperSport Park, Centurion",9b442f95,O Nyaku,7,0,0,0,0,
1157224,2019-04-05,2018-19,2,WAR,TIT,"SuperSport Park, Centurion",a941d2d5,J de Klerk,8,0,0,0,0,
1157224,2019-04-05,2018-19,2,WAR,TIT,"SuperSport Park, Centurion",8361e524,SSB Magala,9,0,0,0,0,
1157224,2019-04-05,2018-19,2,WAR,TIT,"SuperSport Park, Centurion",9df3a2f4,ACR Birch,10,0,0,0,0,
1157224,2019-04-05,2018-19,2,WAR,TIT,"SuperSport Park, Centurion",f892fcf9,L Sipamla,11,0,0,0,0,
1157225,2019-04-06,2018-19,1,KNG,DOL,"Kingsmead, Durban",39181592,PE Kruger,1,13,10,1,0,bowled
1157225,2019-04-06,2018-19,1,KNG,DOL,"Kingsmead, Durban",cba5185d,AR Swanepoel,2,31,19,2,3,caught
1157225,2019-04-06,2018-19,1,KNG,DOL,"Kingsmead, Durban",13d0b3d6,RS Second,3,17,15,0,1,caught
1157225,2019-04-06,2018-19,1,KNG,DOL,"Kingsmead, Durban",d1305df0,AGS Gous,4,2,8,0,0,stumped
1157225,2019-04-06,2018-19,1,KNG,DOL,"Kingsmead, Durban",4025c262,PJ van Biljon,5,12,11,1,0,run out
1157225,2019-04-06,2018-19,1,KNG,DOL,"Kingsmead, Durban",c654af19,R McLaren,6,1,4,0,0,bowled
1157225,2019-04-06,2018-19,1,KNG,DOL,"Kingsmead, Durban",0827b38d,TG Mokoena,7,25,28,1,1,caught
1157225,2019-04-06,2018-19,1,KNG,DOL,"Kingsmead, Durban",97b0e4ff,SC van Schalkwyk,8,21,22,0,1,caught
1157225,2019-04-06,2018-19,1,KNG,DOL,"Kingsmead, Durban",7bc29ffb,CA Dry,9,2,2,0,0,not out
1157225,2019-04-06,2018-19,1,KNG,DOL,"Kingsmead, Durban",5d5b475e,T Mnyaka,10,0,1,0,0,not out
1157225,2019-04-06,2018-19,1,KNG,DOL,"Kingsmead, Durban",a7bc76a0,E Leie,11,0,0,0,0,
1157225,2019-04-06,2018-19,2,DOL,KNG,"Kingsmead, Durban",a3ce3d1d,SJ Erwee,1,28,19,5,0,caught
1157225,2019-04-06,2018-19,2,DOL,KNG,"Kingsmead, Durban",710dd98c,MN van Wyk,2,17,19,3,0,caught
1157225,2019-04-06,2018-19,2,DOL,KNG,"Kingsmead, Durban",27ca3a11,C Chetty,3,8,8,0,0,run out
1157225,2019-04-06,2018-19,2,DOL,KNG,"Kingsmead, Durban",4aad78d3,K Zondo,4,1,5,0,0,caught
1157225,2019-04-06,2018-19,2,DOL,KNG,"Kingsmead, Durban",6287d981,MJ Ackerman,5,44,36,5,1,not out
1157225,2019-04-06,2018-19,2,DOL,KNG,"Kingsmead, Durban",1b42a100,BS Makhanya,6,17,16,0,0,caught
1157225,2019-04-06,2018-19,2,DOL,KNG,"Kingsmead, Durban",0b60eb09,KA Maharaj,7,3,5,0,0,bowled
1157225,2019-04-06,2018-19,2,DOL,KNG,"Kingsmead, Durban",28d6c44d,E Bosch,8,12,3,1,1,not out
1157225,2019-04-06,2018-19,2,DOL,KNG,"Kingsmead, Durban",7ec9711d,P Subrayen,9,0,0,0,0,
1157225,2019-04-06,2018-19,2,DOL,KNG,"Kingsmead, Durban",58f01d47,LM Zuma,10,0,0,0,0,
1157225,2019-04-06,2018-19,2,DOL,KNG,"Kingsmead, Durban",7cb2d9d2,DM Dupavillon,11,0,0,0,0,
1157226,2019-04-07,2018-19,1,WPR,LIONS,"New Wanderers Stadium, Johannesburg",f76d7466,JN Malan,1,0,3,0,0,caught
1157226,2019-04-07,2018-19,1,WPR,LIONS,"New Wanderers Stadium, Johannesburg",e798611a,HM Amla,2,16,12,1,1,bowled
1157226,2019-04-07,2018-19,1,WPR,LIONS,"New Wanderers Stadium, Johannesburg",a1b69936,DG Bedingham,3,30,22,4,0,caught
1157226,2019-04-07,2018-19,1,WPR,LIONS,"New Wanderers Stadium, Johannesburg",bf814547,K Verreynne,4,26,19,4,0,caught
1157226,2019-04-07,2018-19,1,WPR,LIONS,"New Wanderers Stadium, Johannesburg",3eb228b0,SM Khomari,5,7,12,0,0,caught
1157226,2019-04-07,2018-19,1,WPR,LIONS,"New Wanderers Stadium, Johannesburg",e5437608,GF Linde,6,13,12,1,0,caught
1157226,2019-04-07,2018-19,1,WPR,LIONS,"New Wanderers Stadium, Johannesburg",955e8e86,A Mgijima,7,29,22,2,1,not out
1157226,2019-04-07,2018-19,1,WPR,LIONS,"New Wanderers Stadium, Johannesburg",cfe70281,VD Philander,8,31,17,1,2,caught
1157226,2019-04-07,2018-19,1,WPR,LIONS,"New Wanderers Stadium, Johannesburg",7955eb15,RK Kleinveldt,9,0,2,0,0,run out
1157226,2019-04-07,2018-19,1,WPR,LIONS,"New Wanderers Stadium, Johannesburg",462d7c62,D Paterson,10,6,1,0,1,not out
1157226,2019-04-07,2018-19,1,WPR,LIONS,"New Wanderers Stadium, Johannesburg",032e4384,T Bokako,11,0,0,0,0,
1157226,2019-04-07,2018-19,2,LIONS,WPR,"New Wanderers Stadium, Johannesburg",e66732f8,RD Rickelton,1,69,43,3,4,caught
1157226,2019-04-07,2018-19,2,LIONS,WPR,"New Wanderers Stadium, Johannesburg",b8cc58c9,RR Hendricks,2,11,14,2,0,caught
1157226,2019-04-07,2018-19,2,LIONS,WPR,"New Wanderers Stadium, Johannesburg",9948e262,HE van der Dussen,3,5,7,0,0,caught
1157226,2019-04-07,2018-19,2,LIONS,WPR,"New Wanderers Stadium, Johannesburg",9ffd1ac1,T Bavuma,4,46,35,2,2,caught
1157226,2019-04-07,2018-19,2,LIONS,WPR,"New Wanderers Stadium, Johannesburg",10f42013,WJ Lubbe,5,28,16,2,2,caught
1157226,2019-04-07,2018-19,2,LIONS,WPR,"New Wanderers Stadium, Johannesburg",11614d87,D Pretorius,6,0,1,0,0,caught
1157226,2019-04-07,2018-19,2,LIONS,WPR,"New Wanderers Stadium, Johannesburg",c96f6ac5,PWA Mulder,7,2,2,0,0,run out
1157226,2019-04-07,2018-19,2,LIONS,WPR,"New Wanderers Stadium, Johannesburg",01698fee,Z Pongolo,8,0,1,0,0,not out
1157226,2019-04-07,2018-19,2,LIONS,WPR,"New Wanderers Stadium, Johannesburg",9a2fc964,BC Fortuin,9,0,1,0,0,bowled
1157226,2019-04-07,2018-19,2,LIONS,WPR,"New Wanderers Stadium, Johannesburg",9d50c7e1,MP Siboto,10,0,1,0,0,not out
1157226,2019-04-07,2018-19,2,LIONS,WPR,"New Wanderers Stadium, Johannesburg",b56dc5f7,BE Hendricks,11,0,0,0,0,
1157227,2019-04-10,2018-19,1,LIONS,DOL,"Kingsmead, Durban",e66732f8,RD Rickelton,1,13,10,2,0,caught
1157227,2019-04-10,2018-19,1,LIONS,DOL,"Kingsmead, Durban",b8cc58c9,RR Hendricks,2,0,1,0,0,caught
1157227,2019-04-10,2018-19,1,LIONS,DOL,"Kingsmead, Durban",9948e262,HE van der Dussen,3,18,24,0,1,caught
1157227,2019-04-10,2018-19,1,LIONS,DOL,"Kingsmead, Durban",9ffd1ac1,T Bavuma,4,26,18,4,0,caught
1157227,2019-04-10,2018-19,1,LIONS,DOL,"Kingsmead, Durban",10f42013,WJ Lubbe,5,24,20,0,2,stumped
1157227,2019-04-10,2018-19,1,LIONS,DOL,"Kingsmead, Durban",c96f6ac5,PWA Mulder,6,59,34,2,5,not out
1157227,2019-04-10,2018-19,1,LIONS,DOL,"Kingsmead, Durban",11614d87,D Pretorius,7,16,13,1,0,not out
1157227,2019-04-10,2018-19,1,LIONS,DOL,"Kingsmead, Durban",9a2fc964,BC Fortuin,8,0,0,0,0,
1157227,2019-04-10,2018-19,1,LIONS,DOL,"Kingsmead, Durban",7f8ecc51,AM Phangiso,9,0,0,0,0,
1157227,2019-04-10,2018-19,1,LIONS,DOL,"Kingsmead, Durban",9d50c7e1,MP Siboto,10,0,0,0,0,
1157227,2019-04-10,2018-19,1,LIONS,DOL,"Kingsmead, Durban",b56dc5f7,BE Hendricks,11,0,0,0,0,
1157227,2019-04-10,2018-19,2,DOL,LIONS,"Kingsmead, Durban",a3ce3d1d,SJ Erwee,1,0,3,0,0,caught
1157227,2019-04-10,2018-19,2,DOL,LIONS,"Kingsmead, Durban",710dd98c,MN van Wyk,2,44,26,7,1,caught
1157227,2019-04-10,2018-19,2,DOL,LIONS,"Kingsmead, Durban",27ca3a11,C Chetty,3,0,2,0,0,lbw
1157227,2019-04-10,2018-19,2,DOL,LIONS,"Kingsmead, Durban",4aad78d3,K Zondo,4,5,8,1,0,bowled
1157227,2019-04-10,2018-19,2,DOL,LIONS,"Kingsmead, Durban",6287d981,MJ Ackerman,5,25,28,3,0,caught
1157227,2019-04-10,2018-19,2,DOL,LIONS,"Kingsmead, Durban",1b42a100,BS Makhanya,6,2,4,0,0,caught
1157227,2019-04-10,2018-19,2,DOL,LIONS,"Kingsmead, Durban",8b248d88,R Frylinck,7,5,5,0,0,run out
1157227,2019-04-10,2018-19,2,DOL,LIONS,"Kingsmead, Durban",0b60eb09,KA Maharaj,8,19,18,0,1,caught
1157227,2019-04-10,2018-19,2,DOL,LIONS,"Kingsmead, Durban",7ec9711d,P Subrayen,9,31,25,0,2,caught
1157227,2019-04-10,2018-19,2,DOL,LIONS,"Kingsmead, Durban",58f01d47,LM Zuma,10,1,2,0,0,not out
1157227,2019-04-10,2018-19,2,DOL,LIONS,"Kingsmead, Durban",7cb2d9d2,DM Dupavillon,11,1,1,0,0,not out
1157229,2019-04-10,2018-19,1,WPR,TIT,"Willowmoore Park, Benoni",f76d7466,JN Malan,1,22,24,2,0,caught
1157229,2019-04-10,2018-19,1,WPR,TIT,"Willowmoore Park, Benoni",e798611a,HM Amla,2,2,6,0,0,caught
1157229,2019-04-10,2018-19,1,WPR,TIT,"Willowmoore Park, Benoni",a1b69936,DG Bedingham,3,10,11,0,1,caught
1157229,2019-04-10,2018-19,1,WPR,TIT,"Willowmoore Park, Benoni",bf814547,K Verreynne,4,44,38,1,2,retired hurt
1157229,2019-04-10,2018-19,1,WPR,TIT,"Willowmoore Park, Benoni",e5437608,GF Linde,5,6,7,0,0,run out
1157229,2019-04-10,2018-19,1,WPR,TIT,"Willowmoore Park, Benoni",3eb228b0,SM Khomari,6,20,20,1,0,caught
1157229,2019-04-10,2018-19,1,WPR,TIT,"Willowmoore Park, Benoni",cfe70281,VD Philander,7,22,11,2,1,not out
1157229,2019-04-10,2018-19,1,WPR,TIT,"Willowmoore Park, Benoni",7955eb15,RK Kleinveldt,8,12,4,0,2,not out
1157229,2019-04-10,2018-19,1,WPR,TIT,"Willowmoore Park, Benoni",955e8e86,A Mgijima,9,0,0,0,0,
1157229,2019-04-10,2018-19,1,WPR,TIT,"Willowmoore Park, Benoni",462d7c62,D Paterson,10,0,0,0,0,
1157229,2019-04-10,2018-19,1,WPR,TIT,"Willowmoore Park, Benoni",032e4384,T Bokako,11,0,0,0,0,
1157229,2019-04-10,2018-19,2,TIT,WPR,"Willowmoore Park, Benoni",9c9f8dbc,H Davids,1,57,39,8,1,caught
1157229,2019-04-10,2018-19,2,TIT,WPR,"Willowmoore Park, Benoni",d3a1c63d,T de Zorzi,2,12,12,1,0,run out
1157229,2019-04-10,2018-19,2,TIT,WPR,"Willowmoore Park, Benoni",90d6cdea,TB de Bruyn,3,29,13,4,1,caught
1157229,2019-04-10,2018-19,2,TIT,WPR,"Willowmoore Park, Benoni",f8e6dbdd,DS Rosier,4,43,27,7,0,not out
1157229,2019-04-10,2018-19,2,TIT,WPR,"Willowmoore Park, Benoni",b06d95da,GM Thomson,5,4,3,0,0,not out
1157229,2019-04-10,2018-19,2,TIT,WPR,"Willowmoore Park, Benoni",dce2019b,F Behardien,6,0,0,0,0,
1157229,2019-04-10,2018-19,2,TIT,WPR,"Willowmoore Park, Benoni",1cb14aa4,CJ Dala,7,0,0,0,0,
1157229,2019-04-10,2018-19,2,TIT,WPR,"Willowmoore Park, Benoni",a0936692,EL Hawken,8,0,0,0,0,
1157229,2019-04-10,2018-19,2,TIT,WPR,"Willowmoore Park, Benoni",9c821d2e,RA Herman,9,0,0,0,0,
1157229,2019-04-10,2018-19,2,TIT,WPR,"Willowmoore Park, Benoni",d92d8446,G Mahlokwana,10,0,0,0,0,
1157229,2019-04-10,2018-19,2,TIT,WPR,"Willowmoore Park, Benoni",ffd3fc37,S von Berg,11,0,0,0,0,
1157230,2019-04-12,2018-19,1,WAR,WPR,"Boland Park, Paarl",3bf40832,GL Cloete,1,28,23,5,0,stumped
1157230,2019-04-12,2018-19,1,WAR,WPR,"Boland Park, Paarl",35f173a0,MP Breetzke,2,12,9,2,0,caught
1157230,2019-04-12,2018-19,1,WAR,WPR,"Boland Park, Paarl",42172c3c,JT Smuts,3,7,9,0,0,bowled
1157230,2019-04-12,2018-19,1,WAR,WPR,"Boland Park, Paarl",7c18b36c,M Marais,4,3,5,0,0,caught
1157230,2019-04-12,2018-19,1,WAR,WPR,"Boland Park, Paarl",94268960,S Qeshile,5,18,20,1,0,caught
1157230,2019-04-12,2018-19,1,WAR,WPR,"Boland Park, Paarl",51355a30,LC Ngoepe,6,14,9,2,0,lbw
1157230,2019-04-12,2018-19,1,WAR,WPR,"Boland Park, Paarl",0773c16a,TP Kaber,7,15,10,2,0,caught
1157230,2019-04-12,2018-19,1,WAR,WPR,"Boland Park, Paarl",9df3a2f4,ACR Birch,8,4,4,1,0,caught
1157230,2019-04-12,2018-19,1,WAR,WPR,"Boland Park, Paarl",a941d2d5,J de Klerk,9,18,18,2,0,not out
1157230,2019-04-12,2018-19,1,WAR,WPR,"Boland Park, Paarl",8361e524,SSB Magala,10,25,15,1,2,not out
1157230,2019-04-12,2018-19,1,WAR,WPR,"Boland Park, Paarl",f892fcf9,L Sipamla,11,0,0,0,0,
1157230,2019-04-12,2018-19,2,WPR,WAR,"Boland Park, Paarl",e798611a,HM Amla,1,7,12,0,0,caught
1157230,2019-04-12,2018-19,2,WPR,WAR,"Boland Park, Paarl",f76d7466,JN Malan,2,103,57,12,1,not out
1157230,2019-04-12,2018-19,2,WPR,WAR,"Boland Park, Paarl",a1b69936,DG Bedingham,3,26,20,1,1,caught
1157230,2019-04-12,2018-19,2,WPR,WAR,"Boland Park, Paarl",e5437608,GF Linde,4,9,4,0,1,caught
1157230,2019-04-12,2018-19,2,WPR,WAR,"Boland Park, Paarl",cfe70281,VD Philander,5,3,2,0,0,not out
1157230,2019-04-12,2018-19,2,WPR,WAR,"Boland Park, Paarl",955e8e86,A Mgijima,6,0,0,0,0,
1157230,2019-04-12,2018-19,2,WPR,WAR,"Boland Park, Paarl",bf814547,K Verreynne,7,0,0,0,0,
1157230,2019-04-12,2018-19,2,WPR,WAR,"Boland Park, Paarl",3eb228b0,SM Khomari,8,0,0,0,0,
1157230,2019-04-12,2018-19,2,WPR,WAR,"Boland Park, Paarl",7955eb15,RK Kleinveldt,9,0,0,0,0,
1157230,2019-04-12,2018-19,2,WPR,WAR,"Boland Park, Paarl",462d7c62,D Paterson,10,0,0,0,0,
1157230,2019-04-12,2018-19,2,WPR,WAR,"Boland Park, Paarl",032e4384,T Bokako,11,0,0,0,0,
1157231,2019-04-12,2018-19,1,LIONS,KNG,"Senwes Park, Potchefstroom",e66732f8,RD Rickelton,1,51,41,7,0,caught
1157231,2019-04-12,2018-19,1,LIONS,KNG,"Senwes Park, Potchefstroom",b8cc58c9,RR Hendricks,2,0,1,0,0,caught
1157231,2019-04-12,2018-19,1,LIONS,KNG,"Senwes Park, Potchefstroom",9948e262,HE van der Dussen,3,7,12,0,0,bowled
1157231,2019-04-12,2018-19,1,LIONS,KNG,"Senwes Park, Potchefstroom",9ffd1ac1,T Bavuma,4,26,22,3,0,caught
1157231,2019-04-12,2018-19,1,LIONS,KNG,"Senwes Park, Potchefstroom",c96f6ac5,PWA Mulder,5,5,5,0,0,caught
1157231,2019-04-12,2018-19,1,LIONS,KNG,"Senwes Park, Potchefstroom",10f42013,WJ Lubbe,6,8,10,0,0,caught
1157231,2019-04-12,2018-19,1,LIONS,KNG,"Senwes Park, Potchefstroom",11614d87,D Pretorius,7,36,22,5,1,not out
1157231,2019-04-12,2018-19,1,LIONS,KNG,"Senwes Park, Potchefstroom",9a2fc964,BC Fortuin,8,10,8,0,0,run out
1157231,2019-04-12,2018-19,1,LIONS,KNG,"Senwes Park, Potchefstroom",7f8ecc51,AM Phangiso,9,0,0,0,0,
1157231,2019-04-12,2018-19,1,LIONS,KNG,"Senwes Park, Potchefstroom",9d50c7e1,MP Siboto,10,0,0,0,0,
1157231,2019-04-12,2018-19,1,LIONS,KNG,"Senwes Park, Potchefstroom",b56dc5f7,BE Hendricks,11,0,0,0,0,
1157231,2019-04-12,2018-19,2,KNG,LIONS,"Senwes Park, Potchefstroom",39181592,PE Kruger,1,3,6,0,0,lbw
1157231,2019-04-12,2018-19,2,KNG,LIONS,"Senwes Park, Potchefstroom",d1305df0,AGS Gous,2,24,15,3,1,caught
1157231,2019-04-12,2018-19,2,KNG,LIONS,"Senwes Park, Potchefstroom",0ba03cec,R van Tonder,3,32,26,4,1,bowled
1157231,2019-04-12,2018-19,2,KNG,LIONS,"Senwes Park, Potchefstroom",4025c262,PJ van Biljon,4,11,20,0,0,bowled
1157231,2019-04-12,2018-19,2,KNG,LIONS,"Senwes Park, Potchefstroom",0827b38d,TG Mokoena,5,22,23,0,1,caught
1157231,2019-04-12,2018-19,2,KNG,LIONS,"Senwes Park, Potchefstroom",c654af19,R McLaren,6,13,15,2,0,bowled
1157231,2019-04-12,2018-19,2,KNG,LIONS,"Senwes Park, Potchefstroom",3204c99f,G Coetzee,7,0,1,0,0,bowled
1157231,2019-04-12,2018-19,2,KNG,LIONS,"Senwes Park, Potchefstroom",97b0e4ff,SC van Schalkwyk,8,1,5,0,0,caught
1157231,2019-04-12,2018-19,2,KNG,LIONS,"Senwes Park, Potchefstroom",a7bc76a0,E Leie,9,1,7,0,0,bowled
1157231,2019-04-12,2018-19,2,KNG,LIONS,"Senwes Park, Potchefstroom",8e6827f7,T Ntuli,10,1,2,0,0,not out
1157231,2019-04-12,2018-19,2,KNG,LIONS,"Senwes Park, Potchefstroom",6b9eb501,OEG Baartman,11,0,0,0,0,
1157233,2019-04-14,2018-19,1,WPR,DOL,"Newlands, Cape Town",f76d7466,JN Malan,1,13,7,3,0,bowled
1157233,2019-04-14,2018-19,1,WPR,DOL,"Newlands, Cape Town",e798611a,HM Amla,2,32,32,4,0,caught
1157233,2019-04-14,2018-19,1,WPR,DOL,"Newlands, Cape Town",a1b69936,DG Bedingham,3,2,4,0,0,caught
1157233,2019-04-14,2018-19,1,WPR,DOL,"Newlands, Cape Town",bf814547,K Verreynne,4,28,25,3,0,caught
1157233,2019-04-14,2018-19,1,WPR,DOL,"Newlands, Cape Town",955e8e86,A Mgijima,5,23,19,3,0,caught
1157233,2019-04-14,2018-19,1,WPR,DOL,"Newlands, Cape Town",e5437608,GF Linde,6,27,19,1,1,not out
1157233,2019-04-14,2018-19,1,WPR,DOL,"Newlands, Cape Town",cfe70281,VD Philander,7,12,7,2,0,caught
1157233,2019-04-14,2018-19,1,WPR,DOL,"Newlands, Cape Town",7955eb15,RK Kleinveldt,8,12,7,1,0,not out
1157233,2019-04-14,2018-19,1,WPR,DOL,"Newlands, Cape Town",abd541e6,NM Serame,9,0,0,0,0,
1157233,2019-04-14,2018-19,1,WPR,DOL,"Newlands, Cape Town",462d7c62,D Paterson,10,0,0,0,0,
1157233,2019-04-14,2018-19,1,WPR,DOL,"Newlands, Cape Town",032e4384,T Bokako,11,0,0,0,0,
1157233,2019-04-14,2018-19,2,DOL,WPR,"Newlands, Cape Town",a3ce3d1d,SJ Erwee,1,2,6,0,0,lbw
1157233,2019-04-14,2018-19,2,DOL,WPR,"Newlands, Cape Town",710dd98c,MN van Wyk,2,1,4,0,0,caught
1157233,2019-04-14,2018-19,2,DOL,WPR,"Newlands, Cape Town",27ca3a11,C Chetty,3,7,7,0,1,caught
1157233,2019-04-14,2018-19,2,DOL,WPR,"Newlands, Cape Town",4aad78d3,K Zondo,4,53,49,1,2,not out
1157233,2019-04-14,2018-19,2,DOL,WPR,"Newlands, Cape Town",6287d981,MJ Ackerman,5,16,17,2,0,lbw
1157233,2019-04-14,2018-19,2,DOL,WPR,"Newlands, Cape Town",1b42a100,BS Makhanya,6,9,14,0,0,caught
1157233,2019-04-14,2018-19,2,DOL,WPR,"Newlands, Cape Town",8b248d88,R Frylinck,7,47,23,3,3,not out
1157233,2019-04-14,2018-19,2,DOL,WPR,"Newlands, Cape Town",0b60eb09,KA Maharaj,8,0,0,0,0,
1157233,2019-04-14,2018-19,2,DOL,WPR,"Newlands, Cape Town",7ec9711d,P Subrayen,9,0,0,0,0,
1157233,2019-04-14,2018-19,2,DOL,WPR,"Newlands, Cape Town",58f01d47,LM Zuma,10,0,0,0,0,
1157233,2019-04-14,2018-19,2,DOL,WPR,"Newlands, Cape Town",7cb2d9d2,DM Dupavillon,11,0,0,0,0,
1157234,2019-04-14,2018-19,1,WAR,LIONS,"Buffalo Park, East London",3bf40832,GL Cloete,1,0,1,0,0,caught
1157234,2019-04-14,2018-19,1,WAR,LIONS,"Buffalo Park, East London",35f173a0,MP Breetzke,2,9,14,1,0,caught
1157234,2019-04-14,2018-19,1,WAR,LIONS,"Buffalo Park, East London",42172c3c,JT Smuts,3,15,20,1,0,lbw
1157234,2019-04-14,2018-19,1,WAR,LIONS,"Buffalo Park, East London",94268960,S Qeshile,4,38,34,4,1,caught
1157234,2019-04-14,2018-19,1,WAR,LIONS,"Buffalo Park, East London",51355a30,LC Ngoepe,5,2,4,0,0,caught
1157234,2019-04-14,2018-19,1,WAR,LIONS,"Buffalo Park, East London",7c18b36c,M Marais,6,82,33,5,8,not out
1157234,2019-04-14,2018-19,1,WAR,LIONS,"Buffalo Park, East London",9b442f95,O Nyaku,7,5,6,0,0,not out
1157234,2019-04-14,2018-19,1,WAR,LIONS,"Buffalo Park, East London",a941d2d5,J de Klerk,8,0,0,0,0,
1157234,2019-04-14,2018-19,1,WAR,LIONS,"Buffalo Park, East London",8361e524,SSB Magala,9,0,0,0,0,
1157234,2019-04-14,2018-19,1,WAR,LIONS,"Buffalo Park, East London",9df3a2f4,ACR Birch,10,0,0,0,0,
1157234,2019-04-14,2018-19,1,WAR,LIONS,"Buffalo Park, East London",f892fcf9,L Sipamla,11,0,0,0,0,
1157236,2019-04-16,2018-19,1,WPR,KNG,"Newlands, Cape Town",e798611a,HM Amla,1,4,11,0,0,caught
1157236,2019-04-16,2018-19,1,WPR,KNG,"Newlands, Cape Town",f76d7466,JN Malan,2,18,13,3,0,caught
1157236,2019-04-16,2018-19,1,WPR,KNG,"Newlands, Cape Town",a1b69936,DG Bedingham,3,50,42,5,1,caught
1157236,2019-04-16,2018-19,1,WPR,KNG,"Newlands, Cape Town",bf814547,K Verreynne,4,18,17,0,1,caught
1157236,2019-04-16,2018-19,1,WPR,KNG,"Newlands, Cape Town",91cd48e0,JF Smith,5,4,7,0,0,lbw
1157236,2019-04-16,2018-19,1,WPR,KNG,"Newlands, Cape Town",e5437608,GF Linde,6,22,15,2,0,not out
1157236,2019-04-16,2018-19,1,WPR,KNG,"Newlands, Cape Town",cfe70281,VD Philander,7,30,15,0,4,not out
1157236,2019-04-16,2018-19,1,WPR,KNG,"Newlands, Cape Town",955e8e86,A Mgijima,8,0,0,0,0,
1157236,2019-04-16,2018-19,1,WPR,KNG,"Newlands, Cape Town",7955eb15,RK Kleinveldt,9,0,0,0,0,
1157236,2019-04-16,2018-19,1,WPR,KNG,"Newlands, Cape Town",032e4384,T Bokako,10,0,0,0,0,
1157236,2019-04-16,2018-19,1,WPR,KNG,"Newlands, Cape Town",abd541e6,NM Serame,11,0,0,0,0,
1157236,2019-04-16,2018-19,2,KNG,WPR,"Newlands, Cape Town",39181592,PE Kruger,1,57,38,3,3,caught
1157236,2019-04-16,2018-19,2,KNG,WPR,"Newlands, Cape Town",d1305df0,AGS Gous,2,9,13,1,0,caught
1157236,2019-04-16,2018-19,2,KNG,WPR,"Newlands, Cape Town",0ba03cec,R van Tonder,3,30,32,3,0,caught
1157236,2019-04-16,2018-19,2,KNG,WPR,"Newlands, Cape Town",4025c262,PJ van Biljon,4,19,12,1,1,caught
1157236,2019-04-16,2018-19,2,KNG,WPR,"Newlands, Cape Town",c654af19,R McLaren,5,6,5,1,0,bowled
1157236,2019-04-16,2018-19,2,KNG,WPR,"Newlands, Cape Town",0827b38d,TG Mokoena,6,14,11,0,1,not out
1157236,2019-04-16,2018-19,2,KNG,WPR,"Newlands, Cape Town",3204c99f,G Coetzee,7,9,9,1,0,caught
1157236,2019-04-16,2018-19,2,KNG,WPR,"Newlands, Cape Town",97b0e4ff,SC van Schalkwyk,8,0,0,0,0,run out
1157236,2019-04-16,2018-19,2,KNG,WPR,"Newlands, Cape Town",8e6827f7,T Ntuli,9,0,0,0,0,not out
1157236,2019-04-16,2018-19,2,KNG,WPR,"Newlands, Cape Town",6b9eb501,OEG Baartman,10,0,0,0,0,
1157236,2019-04-16,2018-19,2,KNG,WPR,"Newlands, Cape Town",a7bc76a0,E Leie,11,0,0,0,0,
1157238,2019-04-18,2018-19,1,LIONS,TIT,"New Wanderers Stadium, Johannesburg",e66732f8,RD Rickelton,1,9,11,1,0,lbw
1157238,2019-04-18,2018-19,1,LIONS,TIT,"New Wanderers Stadium, Johannesburg",b8cc58c9,RR Hendricks,2,77,61,6,2,caught
1157238,2019-04-18,2018-19,1,LIONS,TIT,"New Wanderers Stadium, Johannesburg",9948e262,HE van der Dussen,3,85,47,6,3,caught
1157238,2019-04-18,2018-19,1,LIONS,TIT,"New Wanderers Stadium, Johannesburg",11614d87,D Pretorius,4,0,1,0,0,caught
1157238,2019-04-18,2018-19,1,LIONS,TIT,"New Wanderers Stadium, Johannesburg",c96f6ac5,PWA Mulder,5,1,1,0,0,not out
1157238,2019-04-18,2018-19,1,LIONS,TIT,"New Wanderers Stadium, Johannesburg",9ffd1ac1,T Bavuma,6,0,0,0,0,not out
1157238,2019-04-18,2018-19,1,LIONS,TIT,"New Wanderers Stadium, Johannesburg",01698fee,Z Pongolo,7,0,0,0,0,
1157238,2019-04-18,2018-19,1,LIONS,TIT,"New Wanderers Stadium, Johannesburg",9a2fc964,BC Fortuin,8,0,0,0,0,
1157238,2019-04-18,2018-19,1,LIONS,TIT,"New Wanderers Stadium, Johannesburg",54c2b697,M Pretorius,9,0,0,0,0,
1157238,2019-04-18,2018-19,1,LIONS,TIT,"New Wanderers Stadium, Johannesburg",7f8ecc51,AM Phangiso,10,0,0,0,0,
1157238,2019-04-18,2018-19,1,LIONS,TIT,"New Wanderers Stadium, Johannesburg",9d50c7e1,MP Siboto,11,0,0,0,0,
1157238,2019-04-18,2018-19,2,TIT,LIONS,"New Wanderers Stadium, Johannesburg",9c9f8dbc,H Davids,1,18,16,3,0,caught
1157238,2019-04-18,2018-19,2,TIT,LIONS,"New Wanderers Stadium, Johannesburg",d3a1c63d,T de Zorzi,2,5,4,1,0,bowled
1157238,2019-04-18,2018-19,2,TIT,LIONS,"New Wanderers Stadium, Johannesburg",90d6cdea,TB de Bruyn,3,42,28,3,2,caught and bowled
1157238,2019-04-18,2018-19,2,TIT,LIONS,"New Wanderers Stadium, Johannesburg",f8e6dbdd,DS Rosier,4,23,15,2,1,caught
1157238,2019-04-18,2018-19,2,TIT,LIONS,"New Wanderers Stadium, Johannesburg",9c821d2e,RA Herman,5,5,9,0,0,caught
1157238,2019-04-18,2018-19,2,TIT,LIONS,"New Wanderers Stadium, Johannesburg",b06d95da,GM Thomson,6,16,13,0,1,caught
1157238,2019-04-18,2018-19,2,TIT,LIONS,"New Wanderers Stadium, Johannesburg",dce2019b,F Behardien,7,8,9,0,0,caught
1157238,2019-04-18,2018-19,2,TIT,LIONS,"New Wanderers Stadium, Johannesburg",ffd3fc37,S von Berg,8,16,11,2,0,not out
1157238,2019-04-18,2018-19,2,TIT,LIONS,"New Wanderers Stadium, Johannesburg",a0936692,EL Hawken,9,7,8,1,0,caught
1157238,2019-04-18,2018-19,2,TIT,LIONS,"New Wanderers Stadium, Johannesburg",1cb14aa4,CJ Dala,10,12,7,1,1,caught and bowled
1157238,2019-04-18,2018-19,2,TIT,LIONS,"New Wanderers Stadium, Johannesburg",d92d8446,G Mahlokwana,11,0,0,0,0,
1157240,2019-04-20,2018-19,1,DOL,TIT,"City Oval, Pietermaritzburg",710dd98c,MN van Wyk,1,55,41,6,0,caught
1157240,2019-04-20,2018-19,1,DOL,TIT,"City Oval, Pietermaritzburg",a3ce3d1d,SJ Erwee,2,1,6,0,0,caught
1157240,2019-04-20,2018-19,1,DOL,TIT,"City Oval, Pietermaritzburg",27ca3a11,C Chetty,3,56,36,5,2,caught
1157240,2019-04-20,2018-19,1,DOL,TIT,"City Oval, Pietermaritzburg",ab6b1c45,AL Phehlukwayo,4,31,19,1,2,not out
1157240,2019-04-20,2018-19,1,DOL,TIT,"City Oval, Pietermaritzburg",8b248d88,R Frylinck,5,26,15,4,0,bowled
1157240,2019-04-20,2018-19,1,DOL,TIT,"City Oval, Pietermaritzburg",4aad78d3,K Zondo,6,5,3,1,0,not out
1157240,2019-04-20,2018-19,1,DOL,TIT,"City Oval, Pietermaritzburg",6287d981,MJ Ackerman,7,0,0,0,0,
1157240,2019-04-20,2018-19,1,DOL,TIT,"City Oval, Pietermaritzburg",1b42a100,BS Makhanya,8,0,0,0,0,
1157240,2019-04-20,2018-19,1,DOL,TIT,"City Oval, Pietermaritzburg",0b60eb09,KA Maharaj,9,0,0,0,0,
1157240,2019-04-20,2018-19,1,DOL,TIT,"City Oval, Pietermaritzburg",7ec9711d,P Subrayen,10,0,0,0,0,
1157240,2019-04-20,2018-19,1,DOL,TIT,"City Oval, Pietermaritzburg",7cb2d9d2,DM Dupavillon,11,0,0,0,0,
1157240,2019-04-20,2018-19,2,TIT,DOL,"City Oval, Pietermaritzburg",9c9f8dbc,H Davids,1,42,30,3,2,caught
1157240,2019-04-20,2018-19,2,TIT,DOL,"City Oval, Pietermaritzburg",d3a1c63d,T de Zorzi,2,24,24,1,0,caught
1157240,2019-04-20,2018-19,2,TIT,DOL,"City Oval, Pietermaritzburg",90d6cdea,TB de Bruyn,3,72,32,5,5,not out
1157240,2019-04-20,2018-19,2,TIT,DOL,"City Oval, Pietermaritzburg",a833f99c,JD Vandiar,4,45,27,4,1,not out
1157240,2019-04-20,2018-19,2,TIT,DOL,"City Oval, Pietermaritzburg",dce2019b,F Behardien,5,0,0,0,0,
1157240,2019-04-20,2018-19,2,TIT,DOL,"City Oval, Pietermaritzburg",9c821d2e,RA Herman,6,0,0,0,0,
1157240,2019-04-20,2018-19,2,TIT,DOL,"City Oval, Pietermaritzburg",ffd3fc37,S von Berg,7,0,0,0,0,
1157240,2019-04-20,2018-19,2,TIT,DOL,"City Oval, Pietermaritzburg",b06d95da,GM Thomson,8,0,0,0,0,
1157240,2019-04-20,2018-19,2,TIT,DOL,"City Oval, Pietermaritzburg",a0936692,EL Hawken,9,0,0,0,0,
1157240,2019-04-20,2018-19,2,TIT,DOL,"City Oval, Pietermaritzburg",1cb14aa4,CJ Dala,10,0,0,0,0,
1157240,2019-04-20,2018-19,2,TIT,DOL,"City Oval, Pietermaritzburg",d92d8446,G Mahlokwana,11,0,0,0,0,
1157245,2019-04-24,2018-19,1,TIT,WPR,"Boland Park, Paarl",9c9f8dbc,H Davids,1,13,16,1,0,bowled
1157245,2019-04-24,2018-19,1,TIT,WPR,"Boland Park, Paarl",d3a1c63d,T de Zorzi,2,70,47,4,3,caught
1157245,2019-04-24,2018-19,1,TIT,WPR,"Boland Park, Paarl",90d6cdea,TB de Bruyn,3,50,37,4,1,bowled
1157245,2019-04-24,2018-19,1,TIT,WPR,"Boland Park, Paarl",dce2019b,F Behardien,4,39,18,3,2,not out
1157245,2019-04-24,2018-19,1,TIT,WPR,"Boland Park, Paarl",b06d95da,GM Thomson,5,3,2,0,0,not out
1157245,2019-04-24,2018-19,1,TIT,WPR,"Boland Park, Paarl",9c821d2e,RA Herman,6,0,0,0,0,
1157245,2019-04-24,2018-19,1,TIT,WPR,"Boland Park, Paarl",f8e6dbdd,DS Rosier,7,0,0,0,0,
1157245,2019-04-24,2018-19,1,TIT,WPR,"Boland Park, Paarl",ffd3fc37,S von Berg,8,0,0,0,0,
1157245,2019-04-24,2018-19,1,TIT,WPR,"Boland Park, Paarl",1cb14aa4,CJ Dala,9,0,0,0,0,
1157245,2019-04-24,2018-19,1,TIT,WPR,"Boland Park, Paarl",d92d8446,G Mahlokwana,10,0,0,0,0,
1157245,2019-04-24,2018-19,1,TIT,WPR,"Boland Park, Paarl",a0936692,EL Hawken,11,0,0,0,0,
1157245,2019-04-24,2018-19,2,WPR,TIT,"Boland Park, Paarl",e798611a,HM Amla,1,3,7,0,0,lbw
1157245,2019-04-24,2018-19,2,WPR,TIT,"Boland Park, Paarl",f76d7466,JN Malan,2,37,24,5,0,caught
1157245,2019-04-24,2018-19,2,WPR,TIT,"Boland Park, Paarl",a1b69936,DG Bedingham,3,37,24,3,1,caught
1157245,2019-04-24,2018-19,2,WPR,TIT,"Boland Park, Paarl",bf814547,K Verreynne,4,0,4,0,0,caught
1157245,2019-04-24,2018-19,2,WPR,TIT,"Boland Park, Paarl",91cd48e0,JF Smith,5,28,18,1,1,run out
1157245,2019-04-24,2018-19,2,WPR,TIT,"Boland Park, Paarl",955e8e86,A Mgijima,6,55,30,3,3,not out
1157245,2019-04-24,2018-19,2,WPR,TIT,"Boland Park, Paarl",e5437608,GF Linde,7,5,5,0,0,caught
1157245,2019-04-24,2018-19,2,WPR,TIT,"Boland Park, Paarl",cfe70281,VD Philander,8,0,2,0,0,caught
1157245,2019-04-24,2018-19,2,WPR,TIT,"Boland Park, Paarl",7955eb15,RK Kleinveldt,9,6,3,1,0,not out
1157245,2019-04-24,2018-19,2,WPR,TIT,"Boland Park, Paarl",032e4384,T Bokako,10,0,0,0,0,
1157245,2019-04-24,2018-19,2,WPR,TIT,"Boland Park, Paarl",abd541e6,NM Serame,11,0,0,0,0,
1157247,2019-04-24,2018-19,1,LIONS,WAR,"New Wanderers Stadium, Johannesburg",e66732f8,RD Rickelton,1,1,7,0,0,caught
1157247,2019-04-24,2018-19,1,LIONS,WAR,"New Wanderers Stadium, Johannesburg",b8cc58c9,RR Hendricks,2,29,31,1,1,caught
1157247,2019-04-24,2018-19,1,LIONS,WAR,"New Wanderers Stadium, Johannesburg",9948e262,HE van der Dussen,3,2,6,0,0,caught
1157247,2019-04-24,2018-19,1,LIONS,WAR,"New Wanderers Stadium, Johannesburg",9ffd1ac1,T Bavuma,4,24,22,1,1,caught
1157247,2019-04-24,2018-19,1,LIONS,WAR,"New Wanderers Stadium, Johannesburg",10f42013,WJ Lubbe,5,3,5,0,0,caught
1157247,2019-04-24,2018-19,1,LIONS,WAR,"New Wanderers Stadium, Johannesburg",11614d87,D Pretorius,6,48,27,6,2,not out
1157247,2019-04-24,2018-19,1,LIONS,WAR,"New Wanderers Stadium, Johannesburg",01698fee,Z Pongolo,7,33,22,3,1,run out
1157247,2019-04-24,2018-19,1,LIONS,WAR,"New Wanderers Stadium, Johannesburg",54c2b697,M Pretorius,8,1,1,0,0,not out
1157247,2019-04-24,2018-19,1,LIONS,WAR,"New Wanderers Stadium, Johannesburg",9a2fc964,BC Fortuin,9,0,0,0,0,
1157247,2019-04-24,2018-19,1,LIONS,WAR,"New Wanderers Stadium, Johannesburg",7f8ecc51,AM Phangiso,10,0,0,0,0,
1157247,2019-04-24,2018-19,1,LIONS,WAR,"New Wanderers Stadium, Johannesburg",9d50c7e1,MP Siboto,11,0,0,0,0,
1157247,2019-04-24,2018-19,2,WAR,LIONS,"New Wanderers Stadium, Johannesburg",35f173a0,MP Breetzke,1,72,45,5,4,not out
1157247,2019-04-24,2018-19,2,WAR,LIONS,"New Wanderers Stadium, Johannesburg",3bf40832,GL Cloete,2,54,33,7,2,bowled
1157247,2019-04-24,2018-19,2,WAR,LIONS,"New Wanderers Stadium, Johannesburg",42172c3c,JT Smuts,3,11,10,0,1,not out
1157247,2019-04-24,2018-19,2,WAR,LIONS,"New Wanderers Stadium, Johannesburg",7c18b36c,M Marais,4,0,0,0,0,
1157247,2019-04-24,2018-19,2,WAR,LIONS,"New Wanderers Stadium, Johannesburg",94268960,S Qeshile,5,0,0,0,0,
1157247,2019-04-24,2018-19,2,WAR,LIONS,"New Wanderers Stadium, Johannesburg",9b442f95,O Nyaku,6,0,0,0,0,
1157247,2019-04-24,2018-19,2,WAR,LIONS,"New Wanderers Stadium, Johannesburg",a941d2d5,J de Klerk,7,0,0,0,0,
1157247,2019-04-24,2018-19,2,WAR,LIONS,"New Wanderers Stadium, Johannesburg",8361e524,SSB Magala,8,0,0,0,0,
1157247,2019-04-24,2018-19,2,WAR,LIONS,"New Wanderers Stadium, Johannesburg",9df3a2f4,ACR Birch,9,0,0,0,0,
1157247,2019-04-24,2018-19,2,WAR,LIONS,"New Wanderers Stadium, Johannesburg",f892fcf9,L Sipamla,10,0,0,0,0,
1157247,2019-04-24,2018-19,2,WAR,LIONS,"New Wanderers Stadium, Johannesburg",46b9eda8,S Langa,11,0,0,0,0,
1157248,2019-04-26,2018-19,1,WPR,LIONS,"Newlands, Cape Town",e798611a,HM Amla,1,10,16,0,0,caught
1157248,2019-04-26,2018-19,1,WPR,LIONS,"Newlands, Cape Town",f76d7466,JN Malan,2,4,3,1,0,caught
1157248,2019-04-26,2018-19,1,WPR,LIONS,"Newlands, Cape Town",a1b69936,DG Bedingham,3,3,7,0,0,caught
1157248,2019-04-26,2018-19,1,WPR,LIONS,"Newlands, Cape Town",2e8994e7,JP Duminy,4,29,28,4,0,caught
1157248,2019-04-26,2018-19,1,WPR,LIONS,"Newlands, Cape Town",91cd48e0,JF Smith,5,49,35,5,1,not out
1157248,2019-04-26,2018-19,1,WPR,LIONS,"Newlands, Cape Town",955e8e86,A Mgijima,6,1,1,0,0,run out
1157248,2019-04-26,2018-19,1,WPR,LIONS,"Newlands, Cape Town",e5437608,GF Linde,7,7,9,0,0,caught
1157248,2019-04-26,2018-19,1,WPR,LIONS,"Newlands, Cape Town",cfe70281,VD Philander,8,1,6,0,0,caught
1157248,2019-04-26,2018-19,1,WPR,LIONS,"Newlands, Cape Town",7955eb15,RK Kleinveldt,9,15,16,1,0,not out
1157248,2019-04-26,2018-19,1,WPR,LIONS,"Newlands, Cape Town",abd541e6,NM Serame,10,0,0,0,0,
1157248,2019-04-26,2018-19,1,WPR,LIONS,"Newlands, Cape Town",032e4384,T Bokako,11,0,0,0,0,
1157248,2019-04-26,2018-19,2,LIONS,WPR,"Newlands, Cape Town",e66732f8,RD Rickelton,1,26,20,2,1,bowled
1157248,2019-04-26,2018-19,2,LIONS,WPR,"Newlands, Cape Town",b8cc58c9,RR Hendricks,2,2,6,0,0,run out
1157248,2019-04-26,2018-19,2,LIONS,WPR,"Newlands, Cape Town",9ffd1ac1,T Bavuma,3,26,22,0,1,caught
1157248,2019-04-26,2018-19,2,LIONS,WPR,"Newlands, Cape Town",9948e262,HE van der Dussen,4,59,36,2,4,not out
1157248,2019-04-26,2018-19,2,LIONS,WPR,"Newlands, Cape Town",10f42013,WJ Lubbe,5,6,9,0,0,bowled
1157248,2019-04-26,2018-19,2,LIONS,WPR,"Newlands, Cape Town",11614d87,D Pretorius,6,8,2,0,1,not out
1157248,2019-04-26,2018-19,2,LIONS,WPR,"Newlands, Cape Town",c96f6ac5,PWA Mulder,7,0,0,0,0,
1157248,2019-04-26,2018-19,2,LIONS,WPR,"Newlands, Cape Town",01698fee,Z Pongolo,8,0,0,0,0,
1157248,2019-04-26,2018-19,2,LIONS,WPR,"Newlands, Cape Town",9a2fc964,BC Fortuin,9,0,0,0,0,
1157248,2019-04-26,2018-19,2,LIONS,WPR,"Newlands, Cape Town",a1d95bd8,LB Williams,10,0,0,0,0,
1157248,2019-04-26,2018-19,2,LIONS,WPR,"Newlands, Cape Town",9d50c7e1,MP Siboto,11,0,0,0,0,
1157249,2019-04-26,2018-19,1,WAR,DOL,"St George's Park, Port Elizabeth",35f173a0,MP Breetzke,1,41,29,4,2,caught
1157249,2019-04-26,2018-19,1,WAR,DOL,"St George's Park, Port Elizabeth",3bf40832,GL Cloete,2,4,5,1,0,caught and bowled
1157249,2019-04-26,2018-19,1,WAR,DOL,"St George's Park, Port Elizabeth",42172c3c,JT Smuts,3,1,2,0,0,bowled
1157249,2019-04-26,2018-19,1,WAR,DOL,"St George's Park, Port Elizabeth",94268960,S Qeshile,4,2,8,0,0,bowled
1157249,2019-04-26,2018-19,1,WAR,DOL,"St George's Park, Port Elizabeth",7c18b36c,M Marais,5,20,17,3,0,caught
1157249,2019-04-26,2018-19,1,WAR,DOL,"St George's Park, Port Elizabeth",9b442f95,O Nyaku,6,2,5,0,0,caught
1157249,2019-04-26,2018-19,1,WAR,DOL,"St George's Park, Port Elizabeth",9df3a2f4,ACR Birch,7,32,22,1,2,not out
1157249,2019-04-26,2018-19,1,WAR,DOL,"St George's Park, Port Elizabeth",8361e524,SSB Magala,8,50,32,5,2,caught
1157249,2019-04-26,2018-19,1,WAR,DOL,"St George's Park, Port Elizabeth",a941d2d5,J de Klerk,9,0,0,0,0,
1157249,2019-04-26,2018-19,1,WAR,DOL,"St George's Park, Port Elizabeth",f892fcf9,L Sipamla,10,0,0,0,0,
1157249,2019-04-26,2018-19,1,WAR,DOL,"St George's Park, Port Elizabeth",46b9eda8,S Langa,11,0,0,0,0,
1157249,2019-04-26,2018-19,2,DOL,WAR,"St George's Park, Port Elizabeth",890b877d,VB van Jaarsveld,1,112,69,12,5,not out
1157249,2019-04-26,2018-19,2,DOL,WAR,"St George's Park, Port Elizabeth",710dd98c,MN van Wyk,2,3,5,0,0,caught
1157249,2019-04-26,2018-19,2,DOL,WAR,"St George's Park, Port Elizabeth",27ca3a11,C Chetty,3,26,26,2,0,lbw
1157249,2019-04-26,2018-19,2,DOL,WAR,"St George's Park, Port Elizabeth",ab6b1c45,AL Phehlukwayo,4,7,10,0,0,caught
1157249,2019-04-26,2018-19,2,DOL,WAR,"St George's Park, Port Elizabeth",4aad78d3,K Zondo,5,0,0,0,0,not out
1157249,2019-04-26,2018-19,2,DOL,WAR,"St George's Park, Port Elizabeth",7dfb8890,S Muthusamy,6,0,0,0,0,
1157249,2019-04-26,2018-19,2,DOL,WAR,"St George's Park, Port Elizabeth",8b248d88,R Frylinck,7,0,0,0,0,
1157249,2019-04-26,2018-19,2,DOL,WAR,"St George's Park, Port Elizabeth",1b42a100,BS Makhanya,8,0,0,0,0,
1157249,2019-04-26,2018-19,2,DOL,WAR,"St George's Park, Port Elizabeth",0b60eb09,KA Maharaj,9,0,0,0,0,
1157249,2019-04-26,2018-19,2,DOL,WAR,"St George's Park, Port Elizabeth",7ec9711d,P Subrayen,10,0,0,0,0,
1157249,2019-04-26,2018-19,2,DOL,WAR,"St George's Park, Port Elizabeth",7cb2d9d2,DM Dupavillon,11,0,0,0,0,
1157250,2019-04-26,2018-19,1,KNG,TIT,"SuperSport Park, Centurion",97b0e4ff,SC van Schalkwyk,1,49,35,6,1,bowled
1157250,2019-04-26,2018-19,1,KNG,TIT,"SuperSport Park, Centurion",d1305df0,AGS Gous,2,9,9,1,0,caught
1157250,2019-04-26,2018-19,1,KNG,TIT,"SuperSport Park, Centurion",39181592,PE Kruger,3,2,5,0,0,caught
1157250,2019-04-26,2018-19,1,KNG,TIT,"SuperSport Park, Centurion",0ba03cec,R van Tonder,4,35,31,2,1,run out
1157250,2019-04-26,2018-19,1,KNG,TIT,"SuperSport Park, Centurion",4025c262,PJ van Biljon,5,11,9,0,1,caught
1157250,2019-04-26,2018-19,1,KNG,TIT,"SuperSport Park, Centurion",0827b38d,TG Mokoena,6,5,6,0,0,caught
1157250,2019-04-26,2018-19,1,KNG,TIT,"SuperSport Park, Centurion",c654af19,R McLaren,7,17,15,1,0,not out
1157250,2019-04-26,2018-19,1,KNG,TIT,"SuperSport Park, Centurion",3204c99f,G Coetzee,8,1,4,0,0,caught
1157250,2019-04-26,2018-19,1,KNG,TIT,"SuperSport Park, Centurion",8e6827f7,T Ntuli,9,6,8,1,0,run out
1157250,2019-04-26,2018-19,1,KNG,TIT,"SuperSport Park, Centurion",195c459b,L Adam,10,0,0,0,0,not out
1157250,2019-04-26,2018-19,1,KNG,TIT,"SuperSport Park, Centurion",6b9eb501,OEG Baartman,11,0,0,0,0,
1157250,2019-04-26,2018-19,2,TIT,KNG,"SuperSport Park, Centurion",d3a1c63d,T de Zorzi,1,8,13,0,0,caught
1157250,2019-04-26,2018-19,2,TIT,KNG,"SuperSport Park, Centurion",9c821d2e,RA Herman,2,7,8,1,0,caught
1157250,2019-04-26,2018-19,2,TIT,KNG,"SuperSport Park, Centurion",b06d95da,GM Thomson,3,0,4,0,0,caught
1157250,2019-04-26,2018-19,2,TIT,KNG,"SuperSport Park, Centurion",90d6cdea,TB de Bruyn,4,45,37,5,1,not out
1157250,2019-04-26,2018-19,2,TIT,KNG,"SuperSport Park, Centurion",9c9f8dbc,H Davids,5,47,36,6,0,caught and bowled
1157250,2019-04-26,2018-19,2,TIT,KNG,"SuperSport Park, Centurion",dce2019b,F Behardien,6,31,18,2,2,not out
1157250,2019-04-26,2018-19,2,TIT,KNG,"SuperSport Park, Centurion",ffd3fc37,S von Berg,7,0,0,0,0,
1157250,2019-04-26,2018-19,2,TIT,KNG,"SuperSport Park, Centurion",1cb14aa4,CJ Dala,8,0,0,0,0,
1157250,2019-04-26,2018-19,2,TIT,KNG,"SuperSport Park, Centurion",d92d8446,G Mahlokwana,9,0,0,0,0,
1157250,2019-04-26,2018-19,2,TIT,KNG,"SuperSport Park, Centurion",c64b1e43,M Arnold,10,0,0,0,0,
1157250,2019-04-26,2018-19,2,TIT,KNG,"SuperSport Park, Centurion",36ea17c1,TL Moreki,11,0,0,0,0,
1157252,2019-04-28,2018-19,1,WPR,DOL,"Kingsmead, Durban",f76d7466,JN Malan,1,12,9,1,1,bowled
1157252,2019-04-28,2018-19,1,WPR,DOL,"Kingsmead, Durban",bf814547,K Verreynne,2,26,29,2,0,run out
1157252,2019-04-28,2018-19,1,WPR,DOL,"Kingsmead, Durban",a1b69936,DG Bedingham,3,6,4,1,0,lbw
1157252,2019-04-28,2018-19,1,WPR,DOL,"Kingsmead, Durban",2e8994e7,JP Duminy,4,1,4,0,0,bowled
1157252,2019-04-28,2018-19,1,WPR,DOL,"Kingsmead, Durban",91cd48e0,JF Smith,5,25,38,0,0,bowled
1157252,2019-04-28,2018-19,1,WPR,DOL,"Kingsmead, Durban",955e8e86,A Mgijima,6,1,3,0,0,caught and bowled
1157252,2019-04-28,2018-19,1,WPR,DOL,"Kingsmead, Durban",e5437608,GF Linde,7,0,1,0,0,stumped
1157252,2019-04-28,2018-19,1,WPR,DOL,"Kingsmead, Durban",cfe70281,VD Philander,8,32,23,0,2,not out
1157252,2019-04-28,2018-19,1,WPR,DOL,"Kingsmead, Durban",7955eb15,RK Kleinveldt,9,17,9,2,1,not out
1157252,2019-04-28,2018-19,1,WPR,DOL,"Kingsmead, Durban",abd541e6,NM Serame,10,0,0,0,0,
1157252,2019-04-28,2018-19,1,WPR,DOL,"Kingsmead, Durban",032e4384,T Bokako,11,0,0,0,0,
1157252,2019-04-28,2018-19,2,DOL,WPR,"Kingsmead, Durban",890b877d,VB van Jaarsveld,1,48,31,4,3,caught and bowled
1157252,2019-04-28,2018-19,2,DOL,WPR,"Kingsmead, Durban",710dd98c,MN van Wyk,2,24,15,2,2,bowled
1157252,2019-04-28,2018-19,2,DOL,WPR,"Kingsmead, Durban",27ca3a11,C Chetty,3,16,15,0,1,caught
1157252,2019-04-28,2018-19,2,DOL,WPR,"Kingsmead, Durban",4aad78d3,K Zondo,4,4,4,0,0,caught
1157252,2019-04-28,2018-19,2,DOL,WPR,"Kingsmead, Durban",7dfb8890,S Muthusamy,5,19,16,3,0,not out
1157252,2019-04-28,2018-19,2,DOL,WPR,"Kingsmead, Durban",ab6b1c45,AL Phehlukwayo,6,3,7,0,0,lbw
1157252,2019-04-28,2018-19,2,DOL,WPR,"Kingsmead, Durban",8b248d88,R Frylinck,7,8,2,0,1,not out
1157252,2019-04-28,2018-19,2,DOL,WPR,"Kingsmead, Durban",1b42a100,BS Makhanya,8,0,0,0,0,
1157252,2019-04-28,2018-19,2,DOL,WPR,"Kingsmead, Durban",0b60eb09,KA Maharaj,9,0,0,0,0,
1157252,2019-04-28,2018-19,2,DOL,WPR,"Kingsmead, Durban",7ec9711d,P Subrayen,10,0,0,0,0,
1157252,2019-04-28,2018-19,2,DOL,WPR,"Kingsmead, Durban",7cb2d9d2,DM Dupavillon,11,0,0,0,0,
1157253,2019-04-28,2018-19,1,TIT,LIONS,"SuperSport Park, Centurion",d3a1c63d,T de Zorzi,1,15,16,1,0,caught
1157253,2019-04-28,2018-19,1,TIT,LIONS,"SuperSport Park, Centurion",9c821d2e,RA Herman,2,5,4,1,0,caught
1157253,2019-04-28,2018-19,1,TIT,LIONS,"SuperSport Park, Centurion",f8e6dbdd,DS Rosier,3,17,14,3,0,caught
1157253,2019-04-28,2018-19,1,TIT,LIONS,"SuperSport Park, Centurion",a833f99c,JD Vandiar,4,9,9,1,0,caught
1157253,2019-04-28,2018-19,1,TIT,LIONS,"SuperSport Park, Centurion",b06d95da,GM Thomson,5,37,29,1,2,caught
1157253,2019-04-28,2018-19,1,TIT,LIONS,"SuperSport Park, Centurion",dce2019b,F Behardien,6,48,38,4,1,caught
1157253,2019-04-28,2018-19,1,TIT,LIONS,"SuperSport Park, Centurion",c64b1e43,M Arnold,7,7,5,1,0,caught
1157253,2019-04-28,2018-19,1,TIT,LIONS,"SuperSport Park, Centurion",ffd3fc37,S von Berg,8,7,4,1,0,not out
1157253,2019-04-28,2018-19,1,TIT,LIONS,"SuperSport Park, Centurion",1cb14aa4,CJ Dala,9,1,1,0,0,not out
1157253,2019-04-28,2018-19,1,TIT,LIONS,"SuperSport Park, Centurion",a03bba42,T Shamsi,10,0,0,0,0,
1157253,2019-04-28,2018-19,1,TIT,LIONS,"SuperSport Park, Centurion",d92d8446,G Mahlokwana,11,0,0,0,0,
1157253,2019-04-28,2018-19,2,LIONS,TIT,"SuperSport Park, Centurion",e66732f8,RD Rickelton,1,74,47,6,3,caught
1157253,2019-04-28,2018-19,2,LIONS,TIT,"SuperSport Park, Centurion",b8cc58c9,RR Hendricks,2,11,11,1,0,caught
1157253,2019-04-28,2018-19,2,LIONS,TIT,"SuperSport Park, Centurion",9ffd1ac1,T Bavuma,3,22,18,1,1,caught
1157253,2019-04-28,2018-19,2,LIONS,TIT,"SuperSport Park, Centurion",9948e262,HE van der Dussen,4,30,19,3,1,not out
1157253,2019-04-28,2018-19,2,LIONS,TIT,"SuperSport Park, Centurion",c96f6ac5,PWA Mulder,5,0,4,0,0,caught
1157253,2019-04-28,2018-19,2,LIONS,TIT,"SuperSport Park, Centurion",11614d87,D Pretorius,6,0,1,0,0,bowled
1157253,2019-04-28,2018-19,2,LIONS,TIT,"SuperSport Park, Centurion",01698fee,Z Pongolo,7,9,15,0,0,caught
1157253,2019-04-28,2018-19,2,LIONS,TIT,"SuperSport Park, Centurion",54c2b697,M Pretorius,8,0,0,0,0,not out
1157253,2019-04-28,2018-19,2,LIONS,TIT,"SuperSport Park, Centurion",9a2fc964,BC Fortuin,9,0,0,0,0,
1157253,2019-04-28,2018-19,2,LIONS,TIT,"SuperSport Park, Centurion",7f8ecc51,AM Phangiso,10,0,0,0,0,
1157253,2019-04-28,2018-19,2,LIONS,TIT,"SuperSport Park, Centurion",a1d95bd8,LB Williams,11,0,0,0,0,
1157254,2019-05-01,2018-19,1,DOL,LIONS,"New Wanderers Stadium, Johannesburg",890b877d,VB van Jaarsveld,1,47,34,4,2,caught
1157254,2019-05-01,2018-19,1,DOL,LIONS,"New Wanderers Stadium, Johannesburg",710dd98c,MN van Wyk,2,32,23,3,2,run out
1157254,2019-05-01,2018-19,1,DOL,LIONS,"New Wanderers Stadium, Johannesburg",27ca3a11,C Chetty,3,6,4,0,1,caught
1157254,2019-05-01,2018-19,1,DOL,LIONS,"New Wanderers Stadium, Johannesburg",4aad78d3,K Zondo,4,4,7,0,0,caught and bowled
1157254,2019-05-01,2018-19,1,DOL,LIONS,"New Wanderers Stadium, Johannesburg",7dfb8890,S Muthusamy,5,10,8,0,1,caught
1157254,2019-05-01,2018-19,1,DOL,LIONS,"New Wanderers Stadium, Johannesburg",1b42a100,BS Makhanya,6,3,4,0,0,caught
1157254,2019-05-01,2018-19,1,DOL,LIONS,"New Wanderers Stadium, Johannesburg",ab6b1c45,AL Phehlukwayo,7,25,18,2,1,caught
1157254,2019-05-01,2018-19,1,DOL,LIONS,"New Wanderers Stadium, Johannesburg",8b248d88,R Frylinck,8,13,13,1,0,caught
1157254,2019-05-01,2018-19,1,DOL,LIONS,"New Wanderers Stadium, Johannesburg",0b60eb09,KA Maharaj,9,21,9,4,0,not out
1157254,2019-05-01,2018-19,1,DOL,LIONS,"New Wanderers Stadium, Johannesburg",7ec9711d,P Subrayen,10,0,0,0,0,not out
1157254,2019-05-01,2018-19,1,DOL,LIONS,"New Wanderers Stadium, Johannesburg",7cb2d9d2,DM Dupavillon,11,0,0,0,0,
1157254,2019-05-01,2018-19,2,LIONS,DOL,"New Wanderers Stadium, Johannesburg",e66732f8,RD Rickelton,1,35,19,7,0,caught and bowled
1157254,2019-05-01,2018-19,2,LIONS,DOL,"New Wanderers Stadium, Johannesburg",b8cc58c9,RR Hendricks,2,6,7,1,0,caught
1157254,2019-05-01,2018-19,2,LIONS,DOL,"New Wanderers Stadium, Johannesburg",9ffd1ac1,T Bavuma,3,52,37,2,2,not out
1157254,2019-05-01,2018-19,2,LIONS,DOL,"New Wanderers Stadium, Johannesburg",9948e262,HE van der Dussen,4,69,49,5,3,not out
1157254,2019-05-01,2018-19,2,LIONS,DOL,"New Wanderers Stadium, Johannesburg",c96f6ac5,PWA Mulder,5,0,0,0,0,
1157254,2019-05-01,2018-19,2,LIONS,DOL,"New Wanderers Stadium, Johannesburg",11614d87,D Pretorius,6,0,0,0,0,
1157254,2019-05-01,2018-19,2,LIONS,DOL,"New Wanderers Stadium, Johannesburg",01698fee,Z Pongolo,7,0,0,0,0,
1157254,2019-05-01,2018-19,2,LIONS,DOL,"New Wanderers Stadium, Johannesburg",54c2b697,M Pretorius,8,0,0,0,0,
1157254,2019-05-01,2018-19,2,LIONS,DOL,"New Wanderers Stadium, Johannesburg",9a2fc964,BC Fortuin,9,0,0,0,0,
1157254,2019-05-01,2018-19,2,LIONS,DOL,"New Wanderers Stadium, Johannesburg",7f8ecc51,AM Phangiso,10,0,0,0,0,
1157254,2019-05-01,2018-19,2,LIONS,DOL,"New Wanderers Stadium, Johannesburg",a1d95bd8,LB Williams,11,0,0,0,0,
1157255,2019-05-01,2018-19,1,WAR,WPR,"Buffalo Park, East London",35f173a0,MP Breetzke,1,60,38,3,4,caught
1157255,2019-05-01,2018-19,1,WAR,WPR,"Buffalo Park, East London",3bf40832,GL Cloete,2,4,9,0,0,caught
1157255,2019-05-01,2018-19,1,WAR,WPR,"Buffalo Park, East London",42172c3c,JT Smuts,3,34,22,6,0,caught
1157255,2019-05-01,2018-19,1,WAR,WPR,"Buffalo Park, East London",7c18b36c,M Marais,4,6,8,0,0,caught
1157255,2019-05-01,2018-19,1,WAR,WPR,"Buffalo Park, East London",94268960,S Qeshile,5,35,21,2,2,bowled
1157255,2019-05-01,2018-19,1,WAR,WPR,"Buffalo Park, East London",51355a30,LC Ngoepe,6,5,6,0,0,caught
1157255,2019-05-01,2018-19,1,WAR,WPR,"Buffalo Park, East London",9b442f95,O Nyaku,7,6,7,1,0,caught
1157255,2019-05-01,2018-19,1,WAR,WPR,"Buffalo Park, East London",9df3a2f4,ACR Birch,8,10,6,0,1,not out
1157255,2019-05-01,2018-19,1,WAR,WPR,"Buffalo Park, East London",8361e524,SSB Magala,9,5,3,1,0,not out
1157255,2019-05-01,2018-19,1,WAR,WPR,"Buffalo Park, East London",a941d2d5,J de Klerk,10,0,0,0,0,
1157255,2019-05-01,2018-19,1,WAR,WPR,"Buffalo Park, East London",f892fcf9,L Sipamla,11,0,0,0,0,
1157255,2019-05-01,2018-19,2,WPR,WAR,"Buffalo Park, East London",a1b69936,DG Bedingham,1,73,39,7,4,caught
1157255,2019-05-01,2018-19,2,WPR,WAR,"Buffalo Park, East London",f76d7466,JN Malan,2,14,10,2,0,bowled
1157255,2019-05-01,2018-19,2,WPR,WAR,"Buffalo Park, East London",2e8994e7,JP Duminy,3,0,6,0,0,caught
1157255,2019-05-01,2018-19,2,WPR,WAR,"Buffalo Park, East London",bf814547,K Verreynne,4,23,22,0,1,caught
1157255,2019-05-01,2018-19,2,WPR,WAR,"Buffalo Park, East London",91cd48e0,JF Smith,5,6,5,0,0,bowled
1157255,2019-05-01,2018-19,2,WPR,WAR,"Buffalo Park, East London",955e8e86,A Mgijima,6,3,7,0,0,caught
1157255,2019-05-01,2018-19,2,WPR,WAR,"Buffalo Park, East London",f277f531,FD Adams,7,14,16,0,0,caught
1157255,2019-05-01,2018-19,2,WPR,WAR,"Buffalo Park, East London",7955eb15,RK Kleinveldt,8,10,10,0,0,caught
1157255,2019-05-01,2018-19,2,WPR,WAR,"Buffalo Park, East London",462d7c62,D Paterson,9,5,4,0,0,not out
1157255,2019-05-01,2018-19,2,WPR,WAR,"Buffalo Park, East London",032e4384,T Bokako,10,0,1,0,0,not out
1157255,2019-05-01,2018-19,2,WPR,WAR,"Buffalo Park, East London",abd541e6,NM Serame,11,0,0,0,0,
1157256,2019-05-05,2018-19,1,LIONS,WAR,"New Wanderers Stadium, Johannesburg",e66732f8,RD Rickelton,1,19,15,2,1,caught
1157256,2019-05-05,2018-19,1,LIONS,WAR,"New Wanderers Stadium, Johannesburg",b8cc58c9,RR Hendricks,2,0,1,0,0,caught
1157256,2019-05-05,2018-19,1,LIONS,WAR,"New Wanderers Stadium, Johannesburg",9ffd1ac1,T Bavuma,3,104,63,11,2,caught
1157256,2019-05-05,2018-19,1,LIONS,WAR,"New Wanderers Stadium, Johannesburg",9948e262,HE van der Dussen,4,73,41,3,5,caught
1157256,2019-05-05,2018-19,1,LIONS,WAR,"New Wanderers Stadium, Johannesburg",11614d87,D Pretorius,5,0,1,0,0,not out
1157256,2019-05-05,2018-19,1,LIONS,WAR,"New Wanderers Stadium, Johannesburg",c96f6ac5,PWA Mulder,6,0,0,0,0,not out
1157256,2019-05-05,2018-19,1,LIONS,WAR,"New Wanderers Stadium, Johannesburg",01698fee,Z Pongolo,7,0,0,0,0,
1157256,2019-05-05,2018-19,1,LIONS,WAR,"New Wanderers Stadium, Johannesburg",54c2b697,M Pretorius,8,0,0,0,0,
1157256,2019-05-05,2018-19,1,LIONS,WAR,"New Wanderers Stadium, Johannesburg",9a2fc964,BC Fortuin,9,0,0,0,0,
1157256,2019-05-05,2018-19,1,LIONS,WAR,"New Wanderers Stadium, Johannesburg",7f8ecc51,AM Phangiso,10,0,0,0,0,
1157256,2019-05-05,2018-19,1,LIONS,WAR,"New Wanderers Stadium, Johannesburg",a1d95bd8,LB Williams,11,0,0,0,0,
1157256,2019-05-05,2018-19,2,WAR,LIONS,"New Wanderers Stadium, Johannesburg",35f173a0,MP Breetzke,1,5,5,1,0,caught
1157256,2019-05-05,2018-19,2,WAR,LIONS,"New Wanderers Stadium, Johannesburg",3bf40832,GL Cloete,2,0,3,0,0,bowled
1157256,2019-05-05,2018-19,2,WAR,LIONS,"New Wanderers Stadium, Johannesburg",42172c3c,JT Smuts,3,121,60,11,7,caught
1157256,2019-05-05,2018-19,2,WAR,LIONS,"New Wanderers Stadium, Johannesburg",7c18b36c,M Marais,4,8,4,2,0,caught and bowled
1157256,2019-05-05,2018-19,2,WAR,LIONS,"New Wanderers Stadium, Johannesburg",94268960,S Qeshile,5,5,3,1,0,bowled
1157256,2019-05-05,2018-19,2,WAR,LIONS,"New Wanderers Stadium, Johannesburg",51355a30,LC Ngoepe,6,13,8,3,0,bowled
1157256,2019-05-05,2018-19,2,WAR,LIONS,"New Wanderers Stadium, Johannesburg",9b442f95,O Nyaku,7,27,20,1,1,lbw
1157256,2019-05-05,2018-19,2,WAR,LIONS,"New Wanderers Stadium, Johannesburg",9df3a2f4,ACR Birch,8,2,3,0,0,bowled
1157256,2019-05-05,2018-19,2,WAR,LIONS,"New Wanderers Stadium, Johannesburg",8361e524,SSB Magala,9,5,8,0,0,caught
1157256,2019-05-05,2018-19,2,WAR,LIONS,"New Wanderers Stadium, Johannesburg",a941d2d5,J de Klerk,10,1,3,0,0,caught
1157256,2019-05-05,2018-19,2,WAR,LIONS,"New Wanderers Stadium, Johannesburg",46b9eda8,S Langa,11,0,0,0,0,not out
1235373,2021-02-24,2020-21,1,WAR,TIT,"Kingsmead, Durban",42172c3c,JT Smuts,1,16,15,3,0,caught
1235373,2021-02-24,2020-21,1,WAR,TIT,"Kingsmead, Durban",3bf40832,GL Cloete,2,8,10,1,0,caught
1235373,2021-02-24,2020-21,1,WAR,TIT,"Kingsmead, Durban",51355a30,LC Ngoepe,3,0,1,0,0,caught
1235373,2021-02-24,2020-21,1,WAR,TIT,"Kingsmead, Durban",94268960,S Qeshile,4,1,7,0,0,caught
1235373,2021-02-24,2020-21,1,WAR,TIT,"Kingsmead, Durban",10f42013,WJ Lubbe,5,35,29,4,1,caught
1235373,2021-02-24,2020-21,1,WAR,TIT,"Kingsmead, Durban",85b3fab2,T Stubbs,6,44,31,4,1,caught
1235373,2021-02-24,2020-21,1,WAR,TIT,"Kingsmead, Durban",a83c44b8,A Gqamane,7,37,17,4,2,caught and bowled
1235373,2021-02-24,2020-21,1,WAR,TIT,"Kingsmead, Durban",81c36ee9,M Jansen,8,4,4,1,0,bowled
1235373,2021-02-24,2020-21,1,WAR,TIT,"Kingsmead, Durban",acdc62f5,A Nortje,9,4,4,0,0,run out
1235373,2021-02-24,2020-21,1,WAR,TIT,"Kingsmead, Durban",6ed11905,M Nabe,10,1,1,0,0,not out
1235373,2021-02-24,2020-21,1,WAR,TIT,"Kingsmead, Durban",deccdffa,L Makhosi,11,0,1,0,0,not out
1235373,2021-02-24,2020-21,2,TIT,WAR,"Kingsmead, Durban",9c9f8dbc,H Davids,1,1,4,0,0,lbw
1235373,2021-02-24,2020-21,2,TIT,WAR,"Kingsmead, Durban",6a26221c,AK Markram,2,31,28,3,0,caught and bowled
1235373,2021-02-24,2020-21,2,TIT,WAR,"Kingsmead, Durban",33085ffb,D Elgar,3,16,16,1,0,caught
1235373,2021-02-24,2020-21,2,TIT,WAR,"Kingsmead, Durban",1b42a100,BS Makhanya,4,15,19,1,0,bowled
1235373,2021-02-24,2020-21,2,TIT,WAR,"Kingsmead, Durban",235c2bb6,H Klaasen,5,22,20,2,0,bowled
1235373,2021-02-24,2020-21,2,TIT,WAR,"Kingsmead, Durban",fb66ce1f,CH Morris,6,1,3,0,0,caught
1235373,2021-02-24,2020-21,2,TIT,WAR,"Kingsmead, Durban",23638956,SR Harmer,7,9,12,0,0,caught
1235373,2021-02-24,2020-21,2,TIT,WAR,"Kingsmead, Durban",a1d95bd8,LB Williams,8,5,9,0,0,not out
1235373,2021-02-24,2020-21,2,TIT,WAR,"Kingsmead, Durban",f834dcfc,L Ngidi,9,2,4,0,0,caught
1235373,2021-02-24,2020-21,2,TIT,WAR,"Kingsmead, Durban",a03bba42,T Shamsi,10,2,3,0,0,caught
1235373,2021-02-24,2020-21,2,TIT,WAR,"Kingsmead, Durban",6e5840e3,O Cele,11,1,2,0,0,not out
1235374,2021-02-22,2020-21,1,WPR,KNG,"Kingsmead, Durban",d3a1c63d,T de Zorzi,1,24,26,3,0,caught
1235374,2021-02-22,2020-21,1,WPR,KNG,"Kingsmead, Durban",22feee04,Zubayr Hamza,2,77,49,10,2,not out
1235374,2021-02-22,2020-21,1,WPR,KNG,"Kingsmead, Durban",9b442f95,O Nyaku,3,0,1,0,0,lbw
1235374,2021-02-22,2020-21,1,WPR,KNG,"Kingsmead, Durban",bf814547,K Verreynne,4,45,31,5,1,caught
1235374,2021-02-22,2020-21,1,WPR,KNG,"Kingsmead, Durban",e5437608,GF Linde,5,11,9,0,0,caught
1235374,2021-02-22,2020-21,1,WPR,KNG,"Kingsmead, Durban",a81d6706,C Jonker,6,8,4,0,1,caught
1235374,2021-02-22,2020-21,1,WPR,KNG,"Kingsmead, Durban",172dff15,C Bosch,7,0,0,0,0,
1235374,2021-02-22,2020-21,1,WPR,KNG,"Kingsmead, Durban",a55e0360,CP Savage,8,0,0,0,0,
1235374,2021-02-22,2020-21,1,WPR,KNG,"Kingsmead, Durban",5ec126fa,I Manack,9,0,0,0,0,
1235374,2021-02-22,2020-21,1,WPR,KNG,"Kingsmead, Durban",1062bebb,Siyabonga Mahima,10,0,0,0,0,
1235374,2021-02-22,2020-21,1,WPR,KNG,"Kingsmead, Durban",7eb7d5d4,Z Abrahams,11,0,0,0,0,
1235374,2021-02-22,2020-21,2,KNG,WPR,"Kingsmead, Durban",39181592,PE Kruger,1,18,22,3,0,lbw
1235374,2021-02-22,2020-21,2,KNG,WPR,"Kingsmead, Durban",a3ae63f4,GJ Snyman,2,12,7,0,1,bowled
1235374,2021-02-22,2020-21,2,KNG,WPR,"Kingsmead, Durban",0ba03cec,R van Tonder,3,42,40,2,1,caught
1235374,2021-02-22,2020-21,2,KNG,WPR,"Kingsmead, Durban",4025c262,PJ van Biljon,4,29,25,0,3,bowled
1235374,2021-02-22,2020-21,2,KNG,WPR,"Kingsmead, Durban",dce2019b,F Behardien,5,9,9,0,0,caught
1235374,2021-02-22,2020-21,2,KNG,WPR,"Kingsmead, Durban",0827b38d,TG Mokoena,6,13,9,1,0,caught
1235374,2021-02-22,2020-21,2,KNG,WPR,"Kingsmead, Durban",ae53180e,W Makwetu,7,0,1,0,0,bowled
1235374,2021-02-22,2020-21,2,KNG,WPR,"Kingsmead, Durban",54c2b697,M Pretorius,8,19,8,1,2,not out
1235374,2021-02-22,2020-21,2,KNG,WPR,"Kingsmead, Durban",f277f531,FD Adams,9,0,0,0,0,not out
1235374,2021-02-22,2020-21,2,KNG,WPR,"Kingsmead, Durban",ea1eba98,SA Mothoa,10,0,0,0,0,
1235374,2021-02-22,2020-21,2,KNG,WPR,"Kingsmead, Durban",ffd3fc37,S von Berg,11,0,0,0,0,
1235375,2021-02-24,2020-21,1,DOL,LIONS,"Kingsmead, Durban",a3ce3d1d,SJ Erwee,1,7,6,1,0,run out
1235375,2021-02-24,2020-21,1,DOL,LIONS,"Kingsmead, Durban",bf64dc29,KD Petersen,2,35,34,3,1,bowled
1235375,2021-02-24,2020-21,1,DOL,LIONS,"Kingsmead, Durban",57e1d7e4,R de Swardt,3,14,15,0,1,bowled
1235375,2021-02-24,2020-21,1,DOL,LIONS,"Kingsmead, Durban",d67d5f00,DA Miller,4,56,38,3,3,not out
1235375,2021-02-24,2020-21,1,DOL,LIONS,"Kingsmead, Durban",4aad78d3,K Zondo,5,13,14,1,0,bowled
1235375,2021-02-24,2020-21,1,DOL,LIONS,"Kingsmead, Durban",8836fcac,M Mosehle,6,18,16,2,0,not out
1235375,2021-02-24,2020-21,1,DOL,LIONS,"Kingsmead, Durban",8b248d88,R Frylinck,7,0,0,0,0,
1235375,2021-02-24,2020-21,1,DOL,LIONS,"Kingsmead, Durban",0b60eb09,KA Maharaj,8,0,0,0,0,
1235375,2021-02-24,2020-21,1,DOL,LIONS,"Kingsmead, Durban",7ec9711d,P Subrayen,9,0,0,0,0,
1235375,2021-02-24,2020-21,1,DOL,LIONS,"Kingsmead, Durban",6b9eb501,OEG Baartman,10,0,0,0,0,
1235375,2021-02-24,2020-21,1,DOL,LIONS,"Kingsmead, Durban",56feceb0,K Mungroo,11,0,0,0,0,
1235375,2021-02-24,2020-21,2,LIONS,DOL,"Kingsmead, Durban",e66732f8,RD Rickelton,1,1,5,0,0,caught
1235375,2021-02-24,2020-21,2,LIONS,DOL,"Kingsmead, Durban",b8cc58c9,RR Hendricks,2,14,17,1,0,caught
1235375,2021-02-24,2020-21,2,LIONS,DOL,"Kingsmead, Durban",9ffd1ac1,T Bavuma,3,11,11,1,0,caught
1235375,2021-02-24,2020-21,2,LIONS,DOL,"Kingsmead, Durban",9948e262,HE van der Dussen,4,33,29,2,1,caught
1235375,2021-02-24,2020-21,2,LIONS,DOL,"Kingsmead, Durban",60fbf53a,D Potgieter,5,4,11,0,0,bowled
1235375,2021-02-24,2020-21,2,LIONS,DOL,"Kingsmead, Durban",9a2fc964,BC Fortuin,6,3,7,0,0,caught
1235375,2021-02-24,2020-21,2,LIONS,DOL,"Kingsmead, Durban",11614d87,D Pretorius,7,1,3,0,0,caught
1235375,2021-02-24,2020-21,2,LIONS,DOL,"Kingsmead, Durban",8361e524,SSB Magala,8,8,6,0,1,caught
1235375,2021-02-24,2020-21,2,LIONS,DOL,"Kingsmead, Durban",e62dd25d,K Rabada,9,15,13,1,0,caught
1235375,2021-02-24,2020-21,2,LIONS,DOL,"Kingsmead, Durban",7f8ecc51,AM Phangiso,10,16,14,2,0,caught
1235375,2021-02-24,2020-21,2,LIONS,DOL,"Kingsmead, Durban",b56dc5f7,BE Hendricks,11,1,1,0,0,not out
1235376,2021-02-23,2020-21,1,WPR,WAR,"Kingsmead, Durban",22feee04,Zubayr Hamza,1,57,45,6,0,caught
1235376,2021-02-23,2020-21,1,WPR,WAR,"Kingsmead, Durban",d3a1c63d,T de Zorzi,2,0,1,0,0,lbw
1235376,2021-02-23,2020-21,1,WPR,WAR,"Kingsmead, Durban",bf814547,K Verreynne,3,26,18,4,1,lbw
1235376,2021-02-23,2020-21,1,WPR,WAR,"Kingsmead, Durban",a81d6706,C Jonker,4,33,28,1,1,caught
1235376,2021-02-23,2020-21,1,WPR,WAR,"Kingsmead, Durban",e5437608,GF Linde,5,48,20,6,2,not out
1235376,2021-02-23,2020-21,1,WPR,WAR,"Kingsmead, Durban",91cd48e0,JF Smith,6,9,6,0,1,bowled
1235376,2021-02-23,2020-21,1,WPR,WAR,"Kingsmead, Durban",9b442f95,O Nyaku,7,1,3,0,0,not out
1235376,2021-02-23,2020-21,1,WPR,WAR,"Kingsmead, Durban",a55e0360,CP Savage,8,0,0,0,0,
1235376,2021-02-23,2020-21,1,WPR,WAR,"Kingsmead, Durban",5ec126fa,I Manack,9,0,0,0,0,
1235376,2021-02-23,2020-21,1,WPR,WAR,"Kingsmead, Durban",36ea17c1,TL Moreki,10,0,0,0,0,
1235376,2021-02-23,2020-21,1,WPR,WAR,"Kingsmead, Durban",7eb7d5d4,Z Abrahams,11,0,0,0,0,
1235376,2021-02-23,2020-21,2,WAR,WPR,"Kingsmead, Durban",7c18b36c,M Marais,1,4,2,1,0,caught
1235376,2021-02-23,2020-21,2,WAR,WPR,"Kingsmead, Durban",3bf40832,GL Cloete,2,6,8,1,0,lbw
1235376,2021-02-23,2020-21,2,WAR,WPR,"Kingsmead, Durban",42172c3c,JT Smuts,3,20,16,3,0,lbw
1235376,2021-02-23,2020-21,2,WAR,WPR,"Kingsmead, Durban",51355a30,LC Ngoepe,4,14,8,3,0,lbw
1235376,2021-02-23,2020-21,2,WAR,WPR,"Kingsmead, Durban",94268960,S Qeshile,5,13,15,1,0,caught
1235376,2021-02-23,2020-21,2,WAR,WPR,"Kingsmead, Durban",10f42013,WJ Lubbe,6,7,6,1,0,caught
1235376,2021-02-23,2020-21,2,WAR,WPR,"Kingsmead, Durban",a83c44b8,A Gqamane,7,2,2,0,0,caught
1235376,2021-02-23,2020-21,2,WAR,WPR,"Kingsmead, Durban",81c36ee9,M Jansen,8,47,36,2,3,caught
1235376,2021-02-23,2020-21,2,WAR,WPR,"Kingsmead, Durban",acdc62f5,A Nortje,9,25,21,2,0,caught
1235376,2021-02-23,2020-21,2,WAR,WPR,"Kingsmead, Durban",6ed11905,M Nabe,10,1,1,0,0,run out
1235376,2021-02-23,2020-21,2,WAR,WPR,"Kingsmead, Durban",deccdffa,L Makhosi,11,0,2,0,0,not out
1235377,2021-02-26,2020-21,1,DOL,TIT,"Kingsmead, Durban",ac688e55,G Roelofsen,1,18,11,2,1,caught
1235377,2021-02-26,2020-21,1,DOL,TIT,"Kingsmead, Durban",a3ce3d1d,SJ Erwee,2,33,20,4,1,caught
1235377,2021-02-26,2020-21,1,DOL,TIT,"Kingsmead, Durban",57e1d7e4,R de Swardt,3,11,16,1,0,lbw
1235377,2021-02-26,2020-21,1,DOL,TIT,"Kingsmead, Durban",d67d5f00,DA Miller,4,49,35,3,2,not out
1235377,2021-02-26,2020-21,1,DOL,TIT,"Kingsmead, Durban",4aad78d3,K Zondo,5,10,12,0,1,run out
1235377,2021-02-26,2020-21,1,DOL,TIT,"Kingsmead, Durban",8836fcac,M Mosehle,6,8,12,1,0,lbw
1235377,2021-02-26,2020-21,1,DOL,TIT,"Kingsmead, Durban",8b248d88,R Frylinck,7,13,12,1,0,caught
1235377,2021-02-26,2020-21,1,DOL,TIT,"Kingsmead, Durban",0b60eb09,KA Maharaj,8,1,2,0,0,not out
1235377,2021-02-26,2020-21,1,DOL,TIT,"Kingsmead, Durban",7ec9711d,P Subrayen,9,0,0,0,0,
1235377,2021-02-26,2020-21,1,DOL,TIT,"Kingsmead, Durban",6b9eb501,OEG Baartman,10,0,0,0,0,
1235377,2021-02-26,2020-21,1,DOL,TIT,"Kingsmead, Durban",56feceb0,K Mungroo,11,0,0,0,0,
1235377,2021-02-26,2020-21,2,TIT,DOL,"Kingsmead, Durban",33085ffb,D Elgar,1,25,31,2,0,caught
1235377,2021-02-26,2020-21,2,TIT,DOL,"Kingsmead, Durban",6a26221c,AK Markram,2,3,8,0,0,caught
1235377,2021-02-26,2020-21,2,TIT,DOL,"Kingsmead, Durban",47c449c5,Dayyaan Galiem,3,45,39,4,1,caught
1235377,2021-02-26,2020-21,2,TIT,DOL,"Kingsmead, Durban",1b42a100,BS Makhanya,4,15,13,1,0,caught
1235377,2021-02-26,2020-21,2,TIT,DOL,"Kingsmead, Durban",fb66ce1f,CH Morris,5,6,7,0,0,caught
1235377,2021-02-26,2020-21,2,TIT,DOL,"Kingsmead, Durban",235c2bb6,H Klaasen,6,29,14,4,1,not out
1235377,2021-02-26,2020-21,2,TIT,DOL,"Kingsmead, Durban",b06d95da,GM Thomson,7,10,7,0,1,run out
1235377,2021-02-26,2020-21,2,TIT,DOL,"Kingsmead, Durban",a1d95bd8,LB Williams,8,0,2,0,0,not out
1235377,2021-02-26,2020-21,2,TIT,DOL,"Kingsmead, Durban",f834dcfc,L Ngidi,9,0,0,0,0,
1235377,2021-02-26,2020-21,2,TIT,DOL,"Kingsmead, Durban",a03bba42,T Shamsi,10,0,0,0,0,
1235377,2021-02-26,2020-21,2,TIT,DOL,"Kingsmead, Durban",6e5840e3,O Cele,11,0,0,0,0,
1235378,2021-02-23,2020-21,1,KNG,LIONS,"Kingsmead, Durban",39181592,PE Kruger,1,2,9,0,0,caught
1235378,2021-02-23,2020-21,1,KNG,LIONS,"Kingsmead, Durban",a3ae63f4,GJ Snyman,2,6,13,0,0,bowled
1235378,2021-02-23,2020-21,1,KNG,LIONS,"Kingsmead, Durban",0ba03cec,R van Tonder,3,6,4,1,0,lbw
1235378,2021-02-23,2020-21,1,KNG,LIONS,"Kingsmead, Durban",4025c262,PJ van Biljon,4,15,14,1,1,bowled
1235378,2021-02-23,2020-21,1,KNG,LIONS,"Kingsmead, Durban",0827b38d,TG Mokoena,5,8,17,0,0,bowled
1235378,2021-02-23,2020-21,1,KNG,LIONS,"Kingsmead, Durban",dce2019b,F Behardien,6,28,28,0,2,bowled
1235378,2021-02-23,2020-21,1,KNG,LIONS,"Kingsmead, Durban",ae53180e,W Makwetu,7,13,18,0,0,lbw
1235378,2021-02-23,2020-21,1,KNG,LIONS,"Kingsmead, Durban",f277f531,FD Adams,8,23,14,3,1,caught
1235378,2021-02-23,2020-21,1,KNG,LIONS,"Kingsmead, Durban",3204c99f,G Coetzee,9,0,1,0,0,caught
1235378,2021-02-23,2020-21,1,KNG,LIONS,"Kingsmead, Durban",ffd3fc37,S von Berg,10,1,1,0,0,not out
1235378,2021-02-23,2020-21,1,KNG,LIONS,"Kingsmead, Durban",ea1eba98,SA Mothoa,11,0,3,0,0,bowled
1235378,2021-02-23,2020-21,2,LIONS,KNG,"Kingsmead, Durban",e66732f8,RD Rickelton,1,0,2,0,0,caught
1235378,2021-02-23,2020-21,2,LIONS,KNG,"Kingsmead, Durban",b8cc58c9,RR Hendricks,2,47,48,3,1,run out
1235378,2021-02-23,2020-21,2,LIONS,KNG,"Kingsmead, Durban",11614d87,D Pretorius,3,2,9,0,0,caught
1235378,2021-02-23,2020-21,2,LIONS,KNG,"Kingsmead, Durban",9ffd1ac1,T Bavuma,4,53,47,1,3,not out
1235378,2021-02-23,2020-21,2,LIONS,KNG,"Kingsmead, Durban",9948e262,HE van der Dussen,5,5,3,1,0,not out
1235378,2021-02-23,2020-21,2,LIONS,KNG,"Kingsmead, Durban",60fbf53a,D Potgieter,6,0,0,0,0,
1235378,2021-02-23,2020-21,2,LIONS,KNG,"Kingsmead, Durban",9a2fc964,BC Fortuin,7,0,0,0,0,
1235378,2021-02-23,2020-21,2,LIONS,KNG,"Kingsmead, Durban",8361e524,SSB Magala,8,0,0,0,0,
1235378,2021-02-23,2020-21,2,LIONS,KNG,"Kingsmead, Durban",7f8ecc51,AM Phangiso,9,0,0,0,0,
1235378,2021-02-23,2020-21,2,LIONS,KNG,"Kingsmead, Durban",e62dd25d,K Rabada,10,0,0,0,0,
1235378,2021-02-23,2020-21,2,LIONS,KNG,"Kingsmead, Durban",b56dc5f7,BE Hendricks,11,0,0,0,0,
1235379,2021-02-19,2020-21,1,DOL,WPR,"Kingsmead, Durban",a3ce3d1d,SJ Erwee,1,7,7,1,0,caught
1235379,2021-02-19,2020-21,1,DOL,WPR,"Kingsmead, Durban",ac688e55,G Roelofsen,2,0,6,0,0,run out
1235379,2021-02-19,2020-21,1,DOL,WPR,"Kingsmead, Durban",7dfb8890,S Muthusamy,3,17,27,0,0,caught
1235379,2021-02-19,2020-21,1,DOL,WPR,"Kingsmead, Durban",d67d5f00,DA Miller,4,16,14,1,1,run out
1235379,2021-02-19,2020-21,1,DOL,WPR,"Kingsmead, Durban",4aad78d3,K Zondo,5,59,39,6,2,caught
1235379,2021-02-19,2020-21,1,DOL,WPR,"Kingsmead, Durban",ab6b1c45,AL Phehlukwayo,6,13,14,1,0,lbw
1235379,2021-02-19,2020-21,1,DOL,WPR,"Kingsmead, Durban",8b248d88,R Frylinck,7,17,11,1,1,caught
1235379,2021-02-19,2020-21,1,DOL,WPR,"Kingsmead, Durban",0b60eb09,KA Maharaj,8,1,1,0,0,not out
1235379,2021-02-19,2020-21,1,DOL,WPR,"Kingsmead, Durban",7ec9711d,P Subrayen,9,0,1,0,0,caught
1235379,2021-02-19,2020-21,1,DOL,WPR,"Kingsmead, Durban",7cb2d9d2,DM Dupavillon,10,0,0,0,0,not out
1235379,2021-02-19,2020-21,1,DOL,WPR,"Kingsmead, Durban",56feceb0,K Mungroo,11,0,0,0,0,
1235379,2021-02-19,2020-21,2,WPR,DOL,"Kingsmead, Durban",d3a1c63d,T de Zorzi,1,39,36,5,1,bowled
1235379,2021-02-19,2020-21,2,WPR,DOL,"Kingsmead, Durban",22feee04,Zubayr Hamza,2,0,4,0,0,bowled
1235379,2021-02-19,2020-21,2,WPR,DOL,"Kingsmead, Durban",bf814547,K Verreynne,3,29,25,2,1,stumped
1235379,2021-02-19,2020-21,2,WPR,DOL,"Kingsmead, Durban",e5437608,GF Linde,4,1,4,0,0,bowled
1235379,2021-02-19,2020-21,2,WPR,DOL,"Kingsmead, Durban",a81d6706,C Jonker,5,41,25,4,2,not out
1235379,2021-02-19,2020-21,2,WPR,DOL,"Kingsmead, Durban",91cd48e0,JF Smith,6,2,4,0,0,caught
1235379,2021-02-19,2020-21,2,WPR,DOL,"Kingsmead, Durban",9b442f95,O Nyaku,7,4,9,0,0,caught
1235379,2021-02-19,2020-21,2,WPR,DOL,"Kingsmead, Durban",a55e0360,CP Savage,8,5,6,0,0,caught
1235379,2021-02-19,2020-21,2,WPR,DOL,"Kingsmead, Durban",172dff15,C Bosch,9,13,7,2,0,not out
1235379,2021-02-19,2020-21,2,WPR,DOL,"Kingsmead, Durban",5ec126fa,I Manack,10,0,0,0,0,
1235379,2021-02-19,2020-21,2,WPR,DOL,"Kingsmead, Durban",1062bebb,Siyabonga Mahima,11,0,0,0,0,
1235380,2021-02-21,2020-21,1,TIT,WPR,"Kingsmead, Durban",6a26221c,AK Markram,1,10,11,2,0,caught
1235380,2021-02-21,2020-21,1,TIT,WPR,"Kingsmead, Durban",33085ffb,D Elgar,2,31,26,2,1,caught
1235380,2021-02-21,2020-21,1,TIT,WPR,"Kingsmead, Durban",90d6cdea,TB de Bruyn,3,12,15,0,0,bowled
1235380,2021-02-21,2020-21,1,TIT,WPR,"Kingsmead, Durban",1b42a100,BS Makhanya,4,47,33,3,3,bowled
1235380,2021-02-21,2020-21,1,TIT,WPR,"Kingsmead, Durban",235c2bb6,H Klaasen,5,7,7,1,0,caught
1235380,2021-02-21,2020-21,1,TIT,WPR,"Kingsmead, Durban",47c449c5,Dayyaan Galiem,6,19,18,2,0,not out
1235380,2021-02-21,2020-21,1,TIT,WPR,"Kingsmead, Durban",fb66ce1f,CH Morris,7,6,7,0,0,caught
1235380,2021-02-21,2020-21,1,TIT,WPR,"Kingsmead, Durban",1cb14aa4,CJ Dala,8,8,4,1,0,not out
1235380,2021-02-21,2020-21,1,TIT,WPR,"Kingsmead, Durban",a1d95bd8,LB Williams,9,0,0,0,0,
1235380,2021-02-21,2020-21,1,TIT,WPR,"Kingsmead, Durban",f834dcfc,L Ngidi,10,0,0,0,0,
1235380,2021-02-21,2020-21,1,TIT,WPR,"Kingsmead, Durban",a03bba42,T Shamsi,11,0,0,0,0,
1235380,2021-02-21,2020-21,2,WPR,TIT,"Kingsmead, Durban",22feee04,Zubayr Hamza,1,5,10,0,0,caught
1235380,2021-02-21,2020-21,2,WPR,TIT,"Kingsmead, Durban",d3a1c63d,T de Zorzi,2,23,24,2,0,caught
1235380,2021-02-21,2020-21,2,WPR,TIT,"Kingsmead, Durban",bf814547,K Verreynne,3,2,6,0,0,run out
1235380,2021-02-21,2020-21,2,WPR,TIT,"Kingsmead, Durban",a81d6706,C Jonker,4,16,20,2,0,caught
1235380,2021-02-21,2020-21,2,WPR,TIT,"Kingsmead, Durban",91cd48e0,JF Smith,5,20,21,1,0,caught
1235380,2021-02-21,2020-21,2,WPR,TIT,"Kingsmead, Durban",e5437608,GF Linde,6,37,21,0,4,bowled
1235380,2021-02-21,2020-21,2,WPR,TIT,"Kingsmead, Durban",9b442f95,O Nyaku,7,13,7,1,1,caught
1235380,2021-02-21,2020-21,2,WPR,TIT,"Kingsmead, Durban",a55e0360,CP Savage,8,2,2,0,0,caught
1235380,2021-02-21,2020-21,2,WPR,TIT,"Kingsmead, Durban",172dff15,C Bosch,9,2,5,0,0,bowled
1235380,2021-02-21,2020-21,2,WPR,TIT,"Kingsmead, Durban",5ec126fa,I Manack,10,0,2,0,0,bowled
1235380,2021-02-21,2020-21,2,WPR,TIT,"Kingsmead, Durban",1062bebb,Siyabonga Mahima,11,5,2,1,0,not out
1235381,2021-02-20,2020-21,1,KNG,DOL,"Kingsmead, Durban",39181592,PE Kruger,1,0,1,0,0,lbw
1235381,2021-02-20,2020-21,1,KNG,DOL,"Kingsmead, Durban",a3ae63f4,GJ Snyman,2,6,10,1,0,caught
1235381,2021-02-20,2020-21,1,KNG,DOL,"Kingsmead, Durban",d1305df0,AGS Gous,3,0,2,0,0,lbw
1235381,2021-02-20,2020-21,1,KNG,DOL,"Kingsmead, Durban",4025c262,PJ van Biljon,4,72,54,3,4,not out
1235381,2021-02-20,2020-21,1,KNG,DOL,"Kingsmead, Durban",dce2019b,F Behardien,5,5,9,1,0,lbw
1235381,2021-02-20,2020-21,1,KNG,DOL,"Kingsmead, Durban",f277f531,FD Adams,6,18,22,0,0,caught
1235381,2021-02-20,2020-21,1,KNG,DOL,"Kingsmead, Durban",54c2b697,M Pretorius,7,38,23,1,2,not out
1235381,2021-02-20,2020-21,1,KNG,DOL,"Kingsmead, Durban",ae53180e,W Makwetu,8,0,0,0,0,
1235381,2021-02-20,2020-21,1,KNG,DOL,"Kingsmead, Durban",ea1eba98,SA Mothoa,9,0,0,0,0,
1235381,2021-02-20,2020-21,1,KNG,DOL,"Kingsmead, Durban",0827b38d,TG Mokoena,10,0,0,0,0,
1235381,2021-02-20,2020-21,1,KNG,DOL,"Kingsmead, Durban",ffd3fc37,S von Berg,11,0,0,0,0,
1235381,2021-02-20,2020-21,2,DOL,KNG,"Kingsmead, Durban",a3ce3d1d,SJ Erwee,1,17,14,2,0,caught
1235381,2021-02-20,2020-21,2,DOL,KNG,"Kingsmead, Durban",ac688e55,G Roelofsen,2,21,23,3,0,caught
1235381,2021-02-20,2020-21,2,DOL,KNG,"Kingsmead, Durban",7dfb8890,S Muthusamy,3,8,6,1,0,caught
1235381,2021-02-20,2020-21,2,DOL,KNG,"Kingsmead, Durban",d67d5f00,DA Miller,4,29,18,1,2,caught
1235381,2021-02-20,2020-21,2,DOL,KNG,"Kingsmead, Durban",4aad78d3,K Zondo,5,35,31,1,1,not out
1235381,2021-02-20,2020-21,2,DOL,KNG,"Kingsmead, Durban",8836fcac,M Mosehle,6,1,2,0,0,caught
1235381,2021-02-20,2020-21,2,DOL,KNG,"Kingsmead, Durban",8b248d88,R Frylinck,7,24,15,0,2,caught
1235381,2021-02-20,2020-21,2,DOL,KNG,"Kingsmead, Durban",0b60eb09,KA Maharaj,8,0,0,0,0,not out
1235381,2021-02-20,2020-21,2,DOL,KNG,"Kingsmead, Durban",7ec9711d,P Subrayen,9,0,0,0,0,
1235381,2021-02-20,2020-21,2,DOL,KNG,"Kingsmead, Durban",28d6c44d,E Bosch,10,0,0,0,0,
1235381,2021-02-20,2020-21,2,DOL,KNG,"Kingsmead, Durban",56feceb0,K Mungroo,11,0,0,0,0,
1235383,2021-02-25,2020-21,1,WAR,KNG,"Kingsmead, Durban",42172c3c,JT Smuts,1,33,21,6,0,caught
1235383,2021-02-25,2020-21,1,WAR,KNG,"Kingsmead, Durban",3bf40832,GL Cloete,2,22,20,2,1,bowled
1235383,2021-02-25,2020-21,1,WAR,KNG,"Kingsmead, Durban",51355a30,LC Ngoepe,3,41,30,1,3,caught
1235383,2021-02-25,2020-21,1,WAR,KNG,"Kingsmead, Durban",94268960,S Qeshile,4,0,1,0,0,caught and bowled
1235383,2021-02-25,2020-21,1,WAR,KNG,"Kingsmead, Durban",10f42013,WJ Lubbe,5,2,6,0,0,caught
1235383,2021-02-25,2020-21,1,WAR,KNG,"Kingsmead, Durban",85b3fab2,T Stubbs,6,11,17,0,0,bowled
1235383,2021-02-25,2020-21,1,WAR,KNG,"Kingsmead, Durban",a83c44b8,A Gqamane,7,15,11,1,1,caught
1235383,2021-02-25,2020-21,1,WAR,KNG,"Kingsmead, Durban",81c36ee9,M Jansen,8,9,9,0,1,caught
1235383,2021-02-25,2020-21,1,WAR,KNG,"Kingsmead, Durban",acdc62f5,A Nortje,9,14,5,0,2,not out
1235383,2021-02-25,2020-21,1,WAR,KNG,"Kingsmead, Durban",6ed11905,M Nabe,10,0,0,0,0,not out
1235383,2021-02-25,2020-21,1,WAR,KNG,"Kingsmead, Durban",deccdffa,L Makhosi,11,0,0,0,0,
1235383,2021-02-25,2020-21,2,KNG,WAR,"Kingsmead, Durban",961edf30,MC Kleinveldt,1,12,18,2,0,bowled
1235383,2021-02-25,2020-21,2,KNG,WAR,"Kingsmead, Durban",39181592,PE Kruger,2,0,0,0,0,run out
1235383,2021-02-25,2020-21,2,KNG,WAR,"Kingsmead, Durban",0ba03cec,R van Tonder,3,81,57,6,3,not out
1235383,2021-02-25,2020-21,2,KNG,WAR,"Kingsmead, Durban",a833f99c,JD Vandiar,4,2,5,0,0,bowled
1235383,2021-02-25,2020-21,2,KNG,WAR,"Kingsmead, Durban",4025c262,PJ van Biljon,5,5,4,1,0,lbw
1235383,2021-02-25,2020-21,2,KNG,WAR,"Kingsmead, Durban",ae53180e,W Makwetu,6,1,2,0,0,caught
1235383,2021-02-25,2020-21,2,KNG,WAR,"Kingsmead, Durban",54c2b697,M Pretorius,7,3,4,0,0,caught
1235383,2021-02-25,2020-21,2,KNG,WAR,"Kingsmead, Durban",ffd3fc37,S von Berg,8,16,14,2,0,caught
1235383,2021-02-25,2020-21,2,KNG,WAR,"Kingsmead, Durban",3204c99f,G Coetzee,9,9,12,0,0,caught
1235383,2021-02-25,2020-21,2,KNG,WAR,"Kingsmead, Durban",ea1eba98,SA Mothoa,10,5,3,1,0,run out
1235383,2021-02-25,2020-21,2,KNG,WAR,"Kingsmead, Durban",1d105638,M Budaza,11,0,2,0,0,bowled
1235384,2021-02-22,2020-21,1,LIONS,TIT,"Kingsmead, Durban",b8cc58c9,RR Hendricks,1,39,28,6,0,caught
1235384,2021-02-22,2020-21,1,LIONS,TIT,"Kingsmead, Durban",e66732f8,RD Rickelton,2,8,14,1,0,bowled
1235384,2021-02-22,2020-21,1,LIONS,TIT,"Kingsmead, Durban",9ffd1ac1,T Bavuma,3,13,12,0,1,caught
1235384,2021-02-22,2020-21,1,LIONS,TIT,"Kingsmead, Durban",9948e262,HE van der Dussen,4,37,24,2,2,not out
1235384,2021-02-22,2020-21,1,LIONS,TIT,"Kingsmead, Durban",11614d87,D Pretorius,5,10,8,0,1,caught
1235384,2021-02-22,2020-21,1,LIONS,TIT,"Kingsmead, Durban",60fbf53a,D Potgieter,6,10,12,0,0,not out
1235384,2021-02-22,2020-21,1,LIONS,TIT,"Kingsmead, Durban",9a2fc964,BC Fortuin,7,0,0,0,0,
1235384,2021-02-22,2020-21,1,LIONS,TIT,"Kingsmead, Durban",8361e524,SSB Magala,8,0,0,0,0,
1235384,2021-02-22,2020-21,1,LIONS,TIT,"Kingsmead, Durban",7f8ecc51,AM Phangiso,9,0,0,0,0,
1235384,2021-02-22,2020-21,1,LIONS,TIT,"Kingsmead, Durban",e62dd25d,K Rabada,10,0,0,0,0,
1235384,2021-02-22,2020-21,1,LIONS,TIT,"Kingsmead, Durban",b56dc5f7,BE Hendricks,11,0,0,0,0,
1235384,2021-02-22,2020-21,2,TIT,LIONS,"Kingsmead, Durban",9c9f8dbc,H Davids,1,3,7,0,0,bowled
1235384,2021-02-22,2020-21,2,TIT,LIONS,"Kingsmead, Durban",6a26221c,AK Markram,2,8,9,1,0,caught
1235384,2021-02-22,2020-21,2,TIT,LIONS,"Kingsmead, Durban",33085ffb,D Elgar,3,10,11,1,0,caught
1235384,2021-02-22,2020-21,2,TIT,LIONS,"Kingsmead, Durban",1b42a100,BS Makhanya,4,20,16,2,0,caught
1235384,2021-02-22,2020-21,2,TIT,LIONS,"Kingsmead, Durban",235c2bb6,H Klaasen,5,2,3,0,0,caught and bowled
1235384,2021-02-22,2020-21,2,TIT,LIONS,"Kingsmead, Durban",fb66ce1f,CH Morris,6,3,3,0,0,caught
1235384,2021-02-22,2020-21,2,TIT,LIONS,"Kingsmead, Durban",23638956,SR Harmer,7,17,18,2,0,caught
1235384,2021-02-22,2020-21,2,TIT,LIONS,"Kingsmead, Durban",1cb14aa4,CJ Dala,8,21,12,0,2,caught
1235384,2021-02-22,2020-21,2,TIT,LIONS,"Kingsmead, Durban",a1d95bd8,LB Williams,9,11,7,1,0,not out
1235384,2021-02-22,2020-21,2,TIT,LIONS,"Kingsmead, Durban",f834dcfc,L Ngidi,10,3,4,0,0,not out
1235384,2021-02-22,2020-21,2,TIT,LIONS,"Kingsmead, Durban",a03bba42,T Shamsi,11,0,0,0,0,
1235385,2021-02-21,2020-21,1,WAR,DOL,"Kingsmead, Durban",3bf40832,GL Cloete,1,5,14,0,0,bowled
1235385,2021-02-21,2020-21,1,WAR,DOL,"Kingsmead, Durban",7c18b36c,M Marais,2,18,21,0,1,caught
1235385,2021-02-21,2020-21,1,WAR,DOL,"Kingsmead, Durban",51355a30,LC Ngoepe,3,19,13,2,1,caught and bowled
1235385,2021-02-21,2020-21,1,WAR,DOL,"Kingsmead, Durban",42172c3c,JT Smuts,4,29,24,4,0,run out
1235385,2021-02-21,2020-21,1,WAR,DOL,"Kingsmead, Durban",94268960,S Qeshile,5,47,38,5,0,not out
1235385,2021-02-21,2020-21,1,WAR,DOL,"Kingsmead, Durban",a83c44b8,A Gqamane,6,5,4,0,0,caught
1235385,2021-02-21,2020-21,1,WAR,DOL,"Kingsmead, Durban",85b3fab2,T Stubbs,7,10,6,0,1,not out
1235385,2021-02-21,2020-21,1,WAR,DOL,"Kingsmead, Durban",acdc62f5,A Nortje,8,0,0,0,0,
1235385,2021-02-21,2020-21,1,WAR,DOL,"Kingsmead, Durban",8e6827f7,T Ntuli,9,0,0,0,0,
1235385,2021-02-21,2020-21,1,WAR,DOL,"Kingsmead, Durban",deccdffa,L Makhosi,10,0,0,0,0,
1235385,2021-02-21,2020-21,1,WAR,DOL,"Kingsmead, Durban",81c36ee9,M Jansen,11,0,0,0,0,
1235385,2021-02-21,2020-21,2,DOL,WAR,"Kingsmead, Durban",bf64dc29,KD Petersen,1,58,56,3,1,not out
1235385,2021-02-21,2020-21,2,DOL,WAR,"Kingsmead, Durban",a3ce3d1d,SJ Erwee,2,52,37,2,4,caught
1235385,2021-02-21,2020-21,2,DOL,WAR,"Kingsmead, Durban",7dfb8890,S Muthusamy,3,6,7,0,0,run out
1235385,2021-02-21,2020-21,2,DOL,WAR,"Kingsmead, Durban",d67d5f00,DA Miller,4,6,8,0,0,not out
1235385,2021-02-21,2020-21,2,DOL,WAR,"Kingsmead, Durban",4aad78d3,K Zondo,5,0,0,0,0,
1235385,2021-02-21,2020-21,2,DOL,WAR,"Kingsmead, Durban",8836fcac,M Mosehle,6,0,0,0,0,
1235385,2021-02-21,2020-21,2,DOL,WAR,"Kingsmead, Durban",8b248d88,R Frylinck,7,0,0,0,0,
1235385,2021-02-21,2020-21,2,DOL,WAR,"Kingsmead, Durban",0b60eb09,KA Maharaj,8,0,0,0,0,
1235385,2021-02-21,2020-21,2,DOL,WAR,"Kingsmead, Durban",7ec9711d,P Subrayen,9,0,0,0,0,
1235385,2021-02-21,2020-21,2,DOL,WAR,"Kingsmead, Durban",56feceb0,K Mungroo,10,0,0,0,0,
1235385,2021-02-21,2020-21,2,DOL,WAR,"Kingsmead, Durban",6b9eb501,OEG Baartman,11,0,0,0,0,
1235386,2021-02-26,2020-21,1,WPR,LIONS,"Kingsmead, Durban",d3a1c63d,T de Zorzi,1,0,1,0,0,caught
1235386,2021-02-26,2020-21,1,WPR,LIONS,"Kingsmead, Durban",22feee04,Zubayr Hamza,2,6,9,1,0,retired hurt
1235386,2021-02-26,2020-21,1,WPR,LIONS,"Kingsmead, Durban",bf814547,K Verreynne,3,21,16,2,1,caught
1235386,2021-02-26,2020-21,1,WPR,LIONS,"Kingsmead, Durban",91cd48e0,JF Smith,4,2,6,0,0,caught and bowled
1235386,2021-02-26,2020-21,1,WPR,LIONS,"Kingsmead, Durban",a81d6706,C Jonker,5,44,39,3,1,caught
1235386,2021-02-26,2020-21,1,WPR,LIONS,"Kingsmead, Durban",e5437608,GF Linde,6,22,17,1,1,caught
1235386,2021-02-26,2020-21,1,WPR,LIONS,"Kingsmead, Durban",172dff15,C Bosch,7,32,26,3,0,not out
1235386,2021-02-26,2020-21,1,WPR,LIONS,"Kingsmead, Durban",9b442f95,O Nyaku,8,12,5,1,1,caught
1235386,2021-02-26,2020-21,1,WPR,LIONS,"Kingsmead, Durban",5ec126fa,I Manack,9,1,1,0,0,not out
1235386,2021-02-26,2020-21,1,WPR,LIONS,"Kingsmead, Durban",36ea17c1,TL Moreki,10,0,0,0,0,
1235386,2021-02-26,2020-21,1,WPR,LIONS,"Kingsmead, Durban",7eb7d5d4,Z Abrahams,11,0,0,0,0,
1235386,2021-02-26,2020-21,2,LIONS,WPR,"Kingsmead, Durban",b8cc58c9,RR Hendricks,1,75,59,6,2,caught
1235386,2021-02-26,2020-21,2,LIONS,WPR,"Kingsmead, Durban",e66732f8,RD Rickelton,2,9,12,1,0,caught
1235386,2021-02-26,2020-21,2,LIONS,WPR,"Kingsmead, Durban",9ffd1ac1,T Bavuma,3,29,21,3,0,caught
1235386,2021-02-26,2020-21,2,LIONS,WPR,"Kingsmead, Durban",9948e262,HE van der Dussen,4,8,15,0,0,not out
1235386,2021-02-26,2020-21,2,LIONS,WPR,"Kingsmead, Durban",c96f6ac5,PWA Mulder,5,25,10,1,2,not out
1235386,2021-02-26,2020-21,2,LIONS,WPR,"Kingsmead, Durban",5d1c2102,R Haasbroek,6,0,0,0,0,
1235386,2021-02-26,2020-21,2,LIONS,WPR,"Kingsmead, Durban",60fbf53a,D Potgieter,7,0,0,0,0,
1235386,2021-02-26,2020-21,2,LIONS,WPR,"Kingsmead, Durban",9a2fc964,BC Fortuin,8,0,0,0,0,
1235386,2021-02-26,2020-21,2,LIONS,WPR,"Kingsmead, Durban",9d50c7e1,MP Siboto,9,0,0,0,0,
1235386,2021-02-26,2020-21,2,LIONS,WPR,"Kingsmead, Durban",7f8ecc51,AM Phangiso,10,0,0,0,0,
1235386,2021-02-26,2020-21,2,LIONS,WPR,"Kingsmead, Durban",f892fcf9,L Sipamla,11,0,0,0,0,
1235387,2021-02-19,2020-21,1,KNG,TIT,"Kingsmead, Durban",39181592,PE Kruger,1,22,13,1,2,bowled
1235387,2021-02-19,2020-21,1,KNG,TIT,"Kingsmead, Durban",a3ae63f4,GJ Snyman,2,3,7,0,0,caught
1235387,2021-02-19,2020-21,1,KNG,TIT,"Kingsmead, Durban",d1305df0,AGS Gous,3,35,19,1,4,caught
1235387,2021-02-19,2020-21,1,KNG,TIT,"Kingsmead, Durban",4025c262,PJ van Biljon,4,33,34,3,1,caught
1235387,2021-02-19,2020-21,1,KNG,TIT,"Kingsmead, Durban",dce2019b,F Behardien,5,0,1,0,0,lbw
1235387,2021-02-19,2020-21,1,KNG,TIT,"Kingsmead, Durban",0827b38d,TG Mokoena,6,4,5,1,0,lbw
1235387,2021-02-19,2020-21,1,KNG,TIT,"Kingsmead, Durban",f277f531,FD Adams,7,0,1,0,0,lbw
1235387,2021-02-19,2020-21,1,KNG,TIT,"Kingsmead, Durban",54c2b697,M Pretorius,8,2,4,0,0,stumped
1235387,2021-02-19,2020-21,1,KNG,TIT,"Kingsmead, Durban",ffd3fc37,S von Berg,9,1,4,0,0,caught
1235387,2021-02-19,2020-21,1,KNG,TIT,"Kingsmead, Durban",ea1eba98,SA Mothoa,10,7,10,1,0,bowled
1235387,2021-02-19,2020-21,1,KNG,TIT,"Kingsmead, Durban",1d105638,M Budaza,11,0,1,0,0,not out
1235387,2021-02-19,2020-21,2,TIT,KNG,"Kingsmead, Durban",90d6cdea,TB de Bruyn,1,0,4,0,0,caught
1235387,2021-02-19,2020-21,2,TIT,KNG,"Kingsmead, Durban",33085ffb,D Elgar,2,37,44,1,1,run out
1235387,2021-02-19,2020-21,2,TIT,KNG,"Kingsmead, Durban",6a26221c,AK Markram,3,5,5,1,0,caught
1235387,2021-02-19,2020-21,2,TIT,KNG,"Kingsmead, Durban",1b42a100,BS Makhanya,4,0,2,0,0,caught
1235387,2021-02-19,2020-21,2,TIT,KNG,"Kingsmead, Durban",235c2bb6,H Klaasen,5,54,40,3,3,not out
1235387,2021-02-19,2020-21,2,TIT,KNG,"Kingsmead, Durban",fb66ce1f,CH Morris,6,21,8,3,1,not out
1235387,2021-02-19,2020-21,2,TIT,KNG,"Kingsmead, Durban",47c449c5,Dayyaan Galiem,7,0,0,0,0,
1235387,2021-02-19,2020-21,2,TIT,KNG,"Kingsmead, Durban",d92d8446,G Mahlokwana,8,0,0,0,0,
1235387,2021-02-19,2020-21,2,TIT,KNG,"Kingsmead, Durban",a1d95bd8,LB Williams,9,0,0,0,0,
1235387,2021-02-19,2020-21,2,TIT,KNG,"Kingsmead, Durban",f834dcfc,L Ngidi,10,0,0,0,0,
1235387,2021-02-19,2020-21,2,TIT,KNG,"Kingsmead, Durban",a03bba42,T Shamsi,11,0,0,0,0,
1250546,2021-02-27,2020-21,1,WAR,LIONS,"Kingsmead, Durban",42172c3c,JT Smuts,1,23,23,3,1,lbw
1250546,2021-02-27,2020-21,1,WAR,LIONS,"Kingsmead, Durban",10f42013,WJ Lubbe,2,52,38,5,1,caught
1250546,2021-02-27,2020-21,1,WAR,LIONS,"Kingsmead, Durban",94268960,S Qeshile,3,1,4,0,0,lbw
1250546,2021-02-27,2020-21,1,WAR,LIONS,"Kingsmead, Durban",51355a30,LC Ngoepe,4,14,19,0,0,caught
1250546,2021-02-27,2020-21,1,WAR,LIONS,"Kingsmead, Durban",85b3fab2,T Stubbs,5,37,26,2,2,run out
1250546,2021-02-27,2020-21,1,WAR,LIONS,"Kingsmead, Durban",a83c44b8,A Gqamane,6,8,11,1,0,run out
1250546,2021-02-27,2020-21,1,WAR,LIONS,"Kingsmead, Durban",81c36ee9,M Jansen,7,0,0,0,0,not out
1250546,2021-02-27,2020-21,1,WAR,LIONS,"Kingsmead, Durban",a941d2d5,J de Klerk,8,0,0,0,0,
1250546,2021-02-27,2020-21,1,WAR,LIONS,"Kingsmead, Durban",6ed11905,M Nabe,9,0,0,0,0,
1250546,2021-02-27,2020-21,1,WAR,LIONS,"Kingsmead, Durban",deccdffa,L Makhosi,10,0,0,0,0,
1250546,2021-02-27,2020-21,1,WAR,LIONS,"Kingsmead, Durban",acdc62f5,A Nortje,11,0,0,0,0,
1250546,2021-02-27,2020-21,2,LIONS,WAR,"Kingsmead, Durban",b8cc58c9,RR Hendricks,1,32,19,2,2,bowled
1250546,2021-02-27,2020-21,2,LIONS,WAR,"Kingsmead, Durban",e66732f8,RD Rickelton,2,23,29,3,0,bowled
1250546,2021-02-27,2020-21,2,LIONS,WAR,"Kingsmead, Durban",9ffd1ac1,T Bavuma,3,48,37,1,2,not out
1250546,2021-02-27,2020-21,2,LIONS,WAR,"Kingsmead, Durban",9948e262,HE van der Dussen,4,17,21,0,0,caught
1250546,2021-02-27,2020-21,2,LIONS,WAR,"Kingsmead, Durban",c96f6ac5,PWA Mulder,5,15,10,1,1,not out
1250546,2021-02-27,2020-21,2,LIONS,WAR,"Kingsmead, Durban",60fbf53a,D Potgieter,6,0,0,0,0,
1250546,2021-02-27,2020-21,2,LIONS,WAR,"Kingsmead, Durban",9a2fc964,BC Fortuin,7,0,0,0,0,
1250546,2021-02-27,2020-21,2,LIONS,WAR,"Kingsmead, Durban",8361e524,SSB Magala,8,0,0,0,0,
1250546,2021-02-27,2020-21,2,LIONS,WAR,"Kingsmead, Durban",e62dd25d,K Rabada,9,0,0,0,0,
1250546,2021-02-27,2020-21,2,LIONS,WAR,"Kingsmead, Durban",7f8ecc51,AM Phangiso,10,0,0,0,0,
1250546,2021-02-27,2020-21,2,LIONS,WAR,"Kingsmead, Durban",b56dc5f7,BE Hendricks,11,0,0,0,0,
1250547,2021-02-28,2020-21,1,DOL,LIONS,"Kingsmead, Durban",a3ce3d1d,SJ Erwee,1,0,3,0,0,bowled
1250547,2021-02-28,2020-21,1,DOL,LIONS,"Kingsmead, Durban",ac688e55,G Roelofsen,2,20,20,2,0,caught
1250547,2021-02-28,2020-21,1,DOL,LIONS,"Kingsmead, Durban",57e1d7e4,R de Swardt,3,2,6,0,0,caught
1250547,2021-02-28,2020-21,1,DOL,LIONS,"Kingsmead, Durban",d67d5f00,DA Miller,4,2,7,0,0,caught
1250547,2021-02-28,2020-21,1,DOL,LIONS,"Kingsmead, Durban",4aad78d3,K Zondo,5,24,27,1,0,caught
1250547,2021-02-28,2020-21,1,DOL,LIONS,"Kingsmead, Durban",8836fcac,M Mosehle,6,18,25,1,0,bowled
1250547,2021-02-28,2020-21,1,DOL,LIONS,"Kingsmead, Durban",8b248d88,R Frylinck,7,30,26,0,1,not out
1250547,2021-02-28,2020-21,1,DOL,LIONS,"Kingsmead, Durban",0b60eb09,KA Maharaj,8,1,5,0,0,caught
1250547,2021-02-28,2020-21,1,DOL,LIONS,"Kingsmead, Durban",7ec9711d,P Subrayen,9,4,3,1,0,not out
1250547,2021-02-28,2020-21,1,DOL,LIONS,"Kingsmead, Durban",6b9eb501,OEG Baartman,10,0,0,0,0,
1250547,2021-02-28,2020-21,1,DOL,LIONS,"Kingsmead, Durban",56feceb0,K Mungroo,11,0,0,0,0,
1250547,2021-02-28,2020-21,2,LIONS,DOL,"Kingsmead, Durban",e66732f8,RD Rickelton,1,3,6,0,0,lbw
1250547,2021-02-28,2020-21,2,LIONS,DOL,"Kingsmead, Durban",b8cc58c9,RR Hendricks,2,39,40,2,2,caught
1250547,2021-02-28,2020-21,2,LIONS,DOL,"Kingsmead, Durban",9ffd1ac1,T Bavuma,3,22,26,0,1,caught
1250547,2021-02-28,2020-21,2,LIONS,DOL,"Kingsmead, Durban",9948e262,HE van der Dussen,4,3,4,0,0,caught
1250547,2021-02-28,2020-21,2,LIONS,DOL,"Kingsmead, Durban",c96f6ac5,PWA Mulder,5,24,23,1,1,not out
1250547,2021-02-28,2020-21,2,LIONS,DOL,"Kingsmead, Durban",e62dd25d,K Rabada,6,1,4,0,0,bowled
1250547,2021-02-28,2020-21,2,LIONS,DOL,"Kingsmead, Durban",60fbf53a,D Potgieter,7,9,10,1,0,caught
1250547,2021-02-28,2020-21,2,LIONS,DOL,"Kingsmead, Durban",9a2fc964,BC Fortuin,8,4,1,1,0,not out
1250547,2021-02-28,2020-21,2,LIONS,DOL,"Kingsmead, Durban",8361e524,SSB Magala,9,0,0,0,0,
1250547,2021-02-28,2020-21,2,LIONS,DOL,"Kingsmead, Durban",7f8ecc51,AM Phangiso,10,0,0,0,0,
1250547,2021-02-28,2020-21,2,LIONS,DOL,"Kingsmead, Durban",b56dc5f7,BE Hendricks,11,0,0,0,0,
1299602,2022-02-07,2021-22,1,BOL,WPR,"St George's Park, Port Elizabeth",f76d7466,JN Malan,1,29,19,4,1,caught
1299602,2022-02-07,2021-22,1,BOL,WPR,"St George's Park, Port Elizabeth",f32d890a,PJ Malan,2,0,1,0,0,bowled
1299602,2022-02-07,2021-22,1,BOL,WPR,"St George's Park, Port Elizabeth",9ab2cc9b,C Tshiki,3,2,6,0,0,caught
1299602,2022-02-07,2021-22,1,BOL,WPR,"St George's Park, Port Elizabeth",f25cebec,C Fortuin,4,8,11,0,0,caught
1299602,2022-02-07,2021-22,1,BOL,WPR,"St George's Park, Port Elizabeth",a81d6706,C Jonker,5,46,43,4,1,stumped
1299602,2022-02-07,2021-22,1,BOL,WPR,"St George's Park, Port Elizabeth",f277f531,FD Adams,6,34,28,4,0,lbw
1299602,2022-02-07,2021-22,1,BOL,WPR,"St George's Park, Port Elizabeth",a316d663,GC Viljoen,7,12,7,1,0,not out
1299602,2022-02-07,2021-22,1,BOL,WPR,"St George's Park, Port Elizabeth",5ec126fa,I Manack,8,4,6,0,0,not out
1299602,2022-02-07,2021-22,1,BOL,WPR,"St George's Park, Port Elizabeth",1062bebb,Siyabonga Mahima,9,0,0,0,0,
1299602,2022-02-07,2021-22,1,BOL,WPR,"St George's Park, Port Elizabeth",28d46c78,H Hanabe,10,0,0,0,0,
1299602,2022-02-07,2021-22,1,BOL,WPR,"St George's Park, Port Elizabeth",7eb7d5d4,Z Abrahams,11,0,0,0,0,
1299602,2022-02-07,2021-22,2,WPR,BOL,"St George's Park, Port Elizabeth",18c78b11,RE Levi,1,67,39,9,3,caught
1299602,2022-02-07,2021-22,2,WPR,BOL,"St George's Park, Port Elizabeth",572f55fb,JA Bird,2,0,2,0,0,bowled
1299602,2022-02-07,2021-22,2,WPR,BOL,"St George's Park, Port Elizabeth",a5c3d564,G Kaplan,3,6,8,1,0,caught
1299602,2022-02-07,2021-22,2,WPR,BOL,"St George's Park, Port Elizabeth",087210b1,DJ Vilas,4,21,15,3,0,caught
1299602,2022-02-07,2021-22,2,WPR,BOL,"St George's Park, Port Elizabeth",e5437608,GF Linde,5,20,21,1,1,not out
1299602,2022-02-07,2021-22,2,WPR,BOL,"St George's Park, Port Elizabeth",955e8e86,A Mgijima,6,26,17,1,2,not out
1299602,2022-02-07,2021-22,2,WPR,BOL,"St George's Park, Port Elizabeth",3a60e0b5,WD Parnell,7,0,0,0,0,
1299602,2022-02-07,2021-22,2,WPR,BOL,"St George's Park, Port Elizabeth",547c5509,M Mpongwana,8,0,0,0,0,
1299602,2022-02-07,2021-22,2,WPR,BOL,"St George's Park, Port Elizabeth",b56dc5f7,BE Hendricks,9,0,0,0,0,
1299602,2022-02-07,2021-22,2,WPR,BOL,"St George's Park, Port Elizabeth",36ea17c1,TL Moreki,10,0,0,0,0,
1299602,2022-02-07,2021-22,2,WPR,BOL,"St George's Park, Port Elizabeth",a2316f90,J Dawood,11,0,0,0,0,
1299603,2022-02-07,2021-22,1,WAR,TIT,"St George's Park, Port Elizabeth",35f173a0,MP Breetzke,1,36,21,5,1,bowled
1299603,2022-02-07,2021-22,1,WAR,TIT,"St George's Park, Port Elizabeth",10f42013,WJ Lubbe,2,56,46,3,2,caught
1299603,2022-02-07,2021-22,1,WAR,TIT,"St George's Park, Port Elizabeth",42172c3c,JT Smuts,3,2,4,0,0,caught
1299603,2022-02-07,2021-22,1,WAR,TIT,"St George's Park, Port Elizabeth",f8e6dbdd,DS Rosier,4,3,10,0,0,caught
1299603,2022-02-07,2021-22,1,WAR,TIT,"St George's Park, Port Elizabeth",85b3fab2,T Stubbs,5,51,27,1,4,caught
1299603,2022-02-07,2021-22,1,WAR,TIT,"St George's Park, Port Elizabeth",51355a30,LC Ngoepe,6,3,4,0,0,run out
1299603,2022-02-07,2021-22,1,WAR,TIT,"St George's Park, Port Elizabeth",94268960,S Qeshile,7,5,6,0,0,caught
1299603,2022-02-07,2021-22,1,WAR,TIT,"St George's Park, Port Elizabeth",20afc7e7,T van Vuuren,8,0,1,0,0,lbw
1299603,2022-02-07,2021-22,1,WAR,TIT,"St George's Park, Port Elizabeth",462d7c62,D Paterson,9,1,1,0,0,not out
1299603,2022-02-07,2021-22,1,WAR,TIT,"St George's Park, Port Elizabeth",6ed11905,M Nabe,10,0,0,0,0,
1299603,2022-02-07,2021-22,1,WAR,TIT,"St George's Park, Port Elizabeth",be3ffb65,Tsepo Ndwandwa,11,0,0,0,0,
1299603,2022-02-07,2021-22,2,TIT,WAR,"St George's Park, Port Elizabeth",372455c4,Q de Kock,1,0,2,0,0,caught
1299603,2022-02-07,2021-22,2,TIT,WAR,"St George's Park, Port Elizabeth",3bf40832,GL Cloete,2,23,20,3,0,caught and bowled
1299603,2022-02-07,2021-22,2,TIT,WAR,"St George's Park, Port Elizabeth",90d6cdea,TB de Bruyn,3,17,9,3,0,caught
1299603,2022-02-07,2021-22,2,TIT,WAR,"St George's Park, Port Elizabeth",235c2bb6,H Klaasen,4,20,20,2,0,lbw
1299603,2022-02-07,2021-22,2,TIT,WAR,"St George's Park, Port Elizabeth",1b42a100,BS Makhanya,5,18,15,1,0,run out
1299603,2022-02-07,2021-22,2,TIT,WAR,"St George's Park, Port Elizabeth",f0af99a7,D Ferreira,6,60,40,8,0,not out
1299603,2022-02-07,2021-22,2,TIT,WAR,"St George's Park, Port Elizabeth",a83c44b8,A Gqamane,7,2,6,0,0,caught
1299603,2022-02-07,2021-22,2,TIT,WAR,"St George's Park, Port Elizabeth",172dff15,C Bosch,8,2,5,0,0,bowled
1299603,2022-02-07,2021-22,2,TIT,WAR,"St George's Park, Port Elizabeth",7f8ecc51,AM Phangiso,9,0,2,0,0,caught
1299603,2022-02-07,2021-22,2,TIT,WAR,"St George's Park, Port Elizabeth",a1d95bd8,LB Williams,10,0,1,0,0,not out
1299603,2022-02-07,2021-22,2,TIT,WAR,"St George's Park, Port Elizabeth",a03bba42,T Shamsi,11,0,0,0,0,
1299604,2022-02-08,2021-22,1,NWEST,LIONS,"St George's Park, Port Elizabeth",ede05b97,HG Kuhn,1,11,15,0,0,caught
1299604,2022-02-08,2021-22,1,NWEST,LIONS,"St George's Park, Port Elizabeth",2d7f2ba0,WB Marshall,2,16,10,3,0,caught
1299604,2022-02-08,2021-22,1,NWEST,LIONS,"St George's Park, Port Elizabeth",11614d87,D Pretorius,3,1,8,0,0,caught
1299604,2022-02-08,2021-22,1,NWEST,LIONS,"St George's Park, Port Elizabeth",055e8d7b,NJ van den Bergh,4,12,14,0,0,run out
1299604,2022-02-08,2021-22,1,NWEST,LIONS,"St George's Park, Port Elizabeth",7dfb8890,S Muthusamy,5,18,24,1,0,caught
1299604,2022-02-08,2021-22,1,NWEST,LIONS,"St George's Park, Port Elizabeth",7d9b4224,L Senokwane,6,7,12,0,0,caught and bowled
1299604,2022-02-08,2021-22,1,NWEST,LIONS,"St George's Park, Port Elizabeth",01698fee,Z Pongolo,7,27,21,3,0,not out
1299604,2022-02-08,2021-22,1,NWEST,LIONS,"St George's Park, Port Elizabeth",8dc152d1,D Jansen,8,32,18,3,1,not out
1299604,2022-02-08,2021-22,1,NWEST,LIONS,"St George's Park, Port Elizabeth",bc31511b,JN Diseko,9,0,0,0,0,
1299604,2022-02-08,2021-22,1,NWEST,LIONS,"St George's Park, Port Elizabeth",1bd69aec,C Classen,10,0,0,0,0,
1299604,2022-02-08,2021-22,1,NWEST,LIONS,"St George's Park, Port Elizabeth",be8b147b,C Seleka,11,0,0,0,0,
1299604,2022-02-08,2021-22,2,LIONS,NWEST,"St George's Park, Port Elizabeth",15531194,J Richards,1,23,25,1,1,caught and bowled
1299604,2022-02-08,2021-22,2,LIONS,NWEST,"St George's Park, Port Elizabeth",f66f5343,DA Hendricks,2,4,7,0,0,caught and bowled
1299604,2022-02-08,2021-22,2,LIONS,NWEST,"St George's Park, Port Elizabeth",b8cc58c9,RR Hendricks,3,0,1,0,0,bowled
1299604,2022-02-08,2021-22,2,LIONS,NWEST,"St George's Park, Port Elizabeth",46e4a4e0,M Van Buuren,4,65,56,6,0,not out
1299604,2022-02-08,2021-22,2,LIONS,NWEST,"St George's Park, Port Elizabeth",0ecf791e,S Dadswell,5,17,19,1,0,bowled
1299604,2022-02-08,2021-22,2,LIONS,NWEST,"St George's Park, Port Elizabeth",5d1c2102,R Haasbroek,6,5,6,0,0,caught
1299604,2022-02-08,2021-22,2,LIONS,NWEST,"St George's Park, Port Elizabeth",8361e524,SSB Magala,7,9,6,1,0,not out
1299604,2022-02-08,2021-22,2,LIONS,NWEST,"St George's Park, Port Elizabeth",9a2fc964,BC Fortuin,8,0,0,0,0,
1299604,2022-02-08,2021-22,2,LIONS,NWEST,"St George's Park, Port Elizabeth",9d50c7e1,MP Siboto,9,0,0,0,0,
1299604,2022-02-08,2021-22,2,LIONS,NWEST,"St George's Park, Port Elizabeth",f2397e48,Codi Yusuf,10,0,0,0,0,
1299604,2022-02-08,2021-22,2,LIONS,NWEST,"St George's Park, Port Elizabeth",8e6827f7,T Ntuli,11,0,0,0,0,
1299605,2022-02-08,2021-22,1,KNG,DOL,"St George's Park, Port Elizabeth",39181592,PE Kruger,1,5,12,0,0,caught
1299605,2022-02-08,2021-22,1,KNG,DOL,"St George's Park, Port Elizabeth",0ba03cec,R van Tonder,2,38,35,3,1,run out
1299605,2022-02-08,2021-22,1,KNG,DOL,"St George's Park, Port Elizabeth",a3ae63f4,GJ Snyman,3,16,12,1,1,caught and bowled
1299605,2022-02-08,2021-22,1,KNG,DOL,"St George's Park, Port Elizabeth",4025c262,PJ van Biljon,4,25,23,0,1,caught
1299605,2022-02-08,2021-22,1,KNG,DOL,"St George's Park, Port Elizabeth",dce2019b,F Behardien,5,36,29,1,1,not out
1299605,2022-02-08,2021-22,1,KNG,DOL,"St George's Park, Port Elizabeth",01dc3ec0,P Botha,6,1,4,0,0,caught
1299605,2022-02-08,2021-22,1,KNG,DOL,"St George's Park, Port Elizabeth",8836fcac,M Mosehle,7,6,5,0,0,not out
1299605,2022-02-08,2021-22,1,KNG,DOL,"St George's Park, Port Elizabeth",54c2b697,M Pretorius,8,0,0,0,0,
1299605,2022-02-08,2021-22,1,KNG,DOL,"St George's Park, Port Elizabeth",d92d8446,G Mahlokwana,9,0,0,0,0,
1299605,2022-02-08,2021-22,1,KNG,DOL,"St George's Park, Port Elizabeth",ad19dda3,N van Heerden,10,0,0,0,0,
1299605,2022-02-08,2021-22,1,KNG,DOL,"St George's Park, Port Elizabeth",ea1eba98,SA Mothoa,11,0,0,0,0,
1299605,2022-02-08,2021-22,2,DOL,KNG,"St George's Park, Port Elizabeth",bf64dc29,KD Petersen,1,45,37,6,1,caught
1299605,2022-02-08,2021-22,2,DOL,KNG,"St George's Park, Port Elizabeth",ac688e55,G Roelofsen,2,27,35,1,1,caught
1299605,2022-02-08,2021-22,2,DOL,KNG,"St George's Park, Port Elizabeth",ab6b1c45,AL Phehlukwayo,3,15,17,1,0,not out
1299605,2022-02-08,2021-22,2,DOL,KNG,"St George's Park, Port Elizabeth",d67d5f00,DA Miller,4,34,22,5,1,not out
1299605,2022-02-08,2021-22,2,DOL,KNG,"St George's Park, Port Elizabeth",4aad78d3,K Zondo,5,0,0,0,0,
1299605,2022-02-08,2021-22,2,DOL,KNG,"St George's Park, Port Elizabeth",91cd48e0,JF Smith,6,0,0,0,0,
1299605,2022-02-08,2021-22,2,DOL,KNG,"St George's Park, Port Elizabeth",fc60e81a,B Parsons,7,0,0,0,0,
1299605,2022-02-08,2021-22,2,DOL,KNG,"St George's Park, Port Elizabeth",57e1d7e4,R de Swardt,8,0,0,0,0,
1299605,2022-02-08,2021-22,2,DOL,KNG,"St George's Park, Port Elizabeth",7ec9711d,P Subrayen,9,0,0,0,0,
1299605,2022-02-08,2021-22,2,DOL,KNG,"St George's Park, Port Elizabeth",a8c3019c,O Modimokoane,10,0,0,0,0,
1299605,2022-02-08,2021-22,2,DOL,KNG,"St George's Park, Port Elizabeth",6b9eb501,OEG Baartman,11,0,0,0,0,
1299606,2022-02-09,2021-22,1,TIT,BOL,"St George's Park, Port Elizabeth",3bf40832,GL Cloete,1,53,41,6,1,caught
1299606,2022-02-09,2021-22,1,TIT,BOL,"St George's Park, Port Elizabeth",372455c4,Q de Kock,2,72,61,5,1,bowled
1299606,2022-02-09,2021-22,1,TIT,BOL,"St George's Park, Port Elizabeth",f0af99a7,D Ferreira,3,27,17,1,1,not out
1299606,2022-02-09,2021-22,1,TIT,BOL,"St George's Park, Port Elizabeth",90d6cdea,TB de Bruyn,4,2,1,0,0,not out
1299606,2022-02-09,2021-22,1,TIT,BOL,"St George's Park, Port Elizabeth",1b42a100,BS Makhanya,5,0,0,0,0,
1299606,2022-02-09,2021-22,1,TIT,BOL,"St George's Park, Port Elizabeth",235c2bb6,H Klaasen,6,0,0,0,0,
1299606,2022-02-09,2021-22,1,TIT,BOL,"St George's Park, Port Elizabeth",a83c44b8,A Gqamane,7,0,0,0,0,
1299606,2022-02-09,2021-22,1,TIT,BOL,"St George's Park, Port Elizabeth",1cb14aa4,CJ Dala,8,0,0,0,0,
1299606,2022-02-09,2021-22,1,TIT,BOL,"St George's Park, Port Elizabeth",7f8ecc51,AM Phangiso,9,0,0,0,0,
1299606,2022-02-09,2021-22,1,TIT,BOL,"St George's Park, Port Elizabeth",a1d95bd8,LB Williams,10,0,0,0,0,
1299606,2022-02-09,2021-22,1,TIT,BOL,"St George's Park, Port Elizabeth",a03bba42,T Shamsi,11,0,0,0,0,
1299606,2022-02-09,2021-22,2,BOL,TIT,"St George's Park, Port Elizabeth",f76d7466,JN Malan,1,45,31,1,4,caught
1299606,2022-02-09,2021-22,2,BOL,TIT,"St George's Park, Port Elizabeth",f32d890a,PJ Malan,2,19,17,3,0,bowled
1299606,2022-02-09,2021-22,2,BOL,TIT,"St George's Park, Port Elizabeth",f25cebec,C Fortuin,3,16,14,0,1,caught
1299606,2022-02-09,2021-22,2,BOL,TIT,"St George's Park, Port Elizabeth",9943b637,M Copeland,4,39,33,2,1,caught
1299606,2022-02-09,2021-22,2,BOL,TIT,"St George's Park, Port Elizabeth",a316d663,GC Viljoen,5,1,3,0,0,caught
1299606,2022-02-09,2021-22,2,BOL,TIT,"St George's Park, Port Elizabeth",a81d6706,C Jonker,6,6,7,0,0,caught
1299606,2022-02-09,2021-22,2,BOL,TIT,"St George's Park, Port Elizabeth",f277f531,FD Adams,7,13,8,2,0,lbw
1299606,2022-02-09,2021-22,2,BOL,TIT,"St George's Park, Port Elizabeth",ffd3fc37,S von Berg,8,7,5,0,0,not out
1299606,2022-02-09,2021-22,2,BOL,TIT,"St George's Park, Port Elizabeth",5ec126fa,I Manack,9,0,0,0,0,run out
1299606,2022-02-09,2021-22,2,BOL,TIT,"St George's Park, Port Elizabeth",1062bebb,Siyabonga Mahima,10,2,2,0,0,not out
1299606,2022-02-09,2021-22,2,BOL,TIT,"St George's Park, Port Elizabeth",00741bc7,ZC Qwabe,11,0,0,0,0,
1299607,2022-02-09,2021-22,1,WAR,WPR,"St George's Park, Port Elizabeth",10f42013,WJ Lubbe,1,69,59,6,1,not out
1299607,2022-02-09,2021-22,1,WAR,WPR,"St George's Park, Port Elizabeth",35f173a0,MP Breetzke,2,8,11,1,0,run out
1299607,2022-02-09,2021-22,1,WAR,WPR,"St George's Park, Port Elizabeth",42172c3c,JT Smuts,3,0,1,0,0,lbw
1299607,2022-02-09,2021-22,1,WAR,WPR,"St George's Park, Port Elizabeth",51355a30,LC Ngoepe,4,36,20,5,1,caught
1299607,2022-02-09,2021-22,1,WAR,WPR,"St George's Park, Port Elizabeth",85b3fab2,T Stubbs,5,21,11,0,2,lbw
1299607,2022-02-09,2021-22,1,WAR,WPR,"St George's Park, Port Elizabeth",f8e6dbdd,DS Rosier,6,18,16,3,0,bowled
1299607,2022-02-09,2021-22,1,WAR,WPR,"St George's Park, Port Elizabeth",94268960,S Qeshile,7,2,2,0,0,not out
1299607,2022-02-09,2021-22,1,WAR,WPR,"St George's Park, Port Elizabeth",20afc7e7,T van Vuuren,8,0,0,0,0,
1299607,2022-02-09,2021-22,1,WAR,WPR,"St George's Park, Port Elizabeth",462d7c62,D Paterson,9,0,0,0,0,
1299607,2022-02-09,2021-22,1,WAR,WPR,"St George's Park, Port Elizabeth",6ed11905,M Nabe,10,0,0,0,0,
1299607,2022-02-09,2021-22,1,WAR,WPR,"St George's Park, Port Elizabeth",be3ffb65,Tsepo Ndwandwa,11,0,0,0,0,
1299607,2022-02-09,2021-22,2,WPR,WAR,"St George's Park, Port Elizabeth",18c78b11,RE Levi,1,40,17,5,3,caught
1299607,2022-02-09,2021-22,2,WPR,WAR,"St George's Park, Port Elizabeth",572f55fb,JA Bird,2,39,26,4,1,bowled
1299607,2022-02-09,2021-22,2,WPR,WAR,"St George's Park, Port Elizabeth",a5c3d564,G Kaplan,3,12,9,0,1,caught
1299607,2022-02-09,2021-22,2,WPR,WAR,"St George's Park, Port Elizabeth",087210b1,DJ Vilas,4,33,27,2,1,not out
1299607,2022-02-09,2021-22,2,WPR,WAR,"St George's Park, Port Elizabeth",e5437608,GF Linde,5,34,24,1,1,not out
1299607,2022-02-09,2021-22,2,WPR,WAR,"St George's Park, Port Elizabeth",3a60e0b5,WD Parnell,6,0,0,0,0,
1299607,2022-02-09,2021-22,2,WPR,WAR,"St George's Park, Port Elizabeth",955e8e86,A Mgijima,7,0,0,0,0,
1299607,2022-02-09,2021-22,2,WPR,WAR,"St George's Park, Port Elizabeth",547c5509,M Mpongwana,8,0,0,0,0,
1299607,2022-02-09,2021-22,2,WPR,WAR,"St George's Park, Port Elizabeth",b56dc5f7,BE Hendricks,9,0,0,0,0,
1299607,2022-02-09,2021-22,2,WPR,WAR,"St George's Park, Port Elizabeth",36ea17c1,TL Moreki,10,0,0,0,0,
1299607,2022-02-09,2021-22,2,WPR,WAR,"St George's Park, Port Elizabeth",a2316f90,J Dawood,11,0,0,0,0,
1299608,2022-02-10,2021-22,1,KNG,NWEST,"St George's Park, Port Elizabeth",39181592,PE Kruger,1,20,19,1,0,caught
1299608,2022-02-10,2021-22,1,KNG,NWEST,"St George's Park, Port Elizabeth",0ba03cec,R van Tonder,2,3,8,0,0,bowled
1299608,2022-02-10,2021-22,1,KNG,NWEST,"St George's Park, Port Elizabeth",a3ae63f4,GJ Snyman,3,8,14,1,0,bowled
1299608,2022-02-10,2021-22,1,KNG,NWEST,"St George's Park, Port Elizabeth",4025c262,PJ van Biljon,4,4,3,1,0,caught
1299608,2022-02-10,2021-22,1,KNG,NWEST,"St George's Park, Port Elizabeth",dce2019b,F Behardien,5,4,7,0,0,run out
1299608,2022-02-10,2021-22,1,KNG,NWEST,"St George's Park, Port Elizabeth",8836fcac,M Mosehle,6,7,14,0,0,bowled
1299608,2022-02-10,2021-22,1,KNG,NWEST,"St George's Park, Port Elizabeth",3c338b6a,J Raubenheimer,7,19,25,0,1,run out
1299608,2022-02-10,2021-22,1,KNG,NWEST,"St George's Park, Port Elizabeth",54c2b697,M Pretorius,8,12,9,0,1,run out
1299608,2022-02-10,2021-22,1,KNG,NWEST,"St George's Park, Port Elizabeth",3204c99f,G Coetzee,9,2,3,0,0,bowled
1299608,2022-02-10,2021-22,1,KNG,NWEST,"St George's Park, Port Elizabeth",d92d8446,G Mahlokwana,10,9,11,1,0,not out
1299608,2022-02-10,2021-22,1,KNG,NWEST,"St George's Park, Port Elizabeth",ea1eba98,SA Mothoa,11,1,7,0,0,not out
1299608,2022-02-10,2021-22,2,NWEST,KNG,"St George's Park, Port Elizabeth",2d7f2ba0,WB Marshall,1,43,29,5,2,caught
1299608,2022-02-10,2021-22,2,NWEST,KNG,"St George's Park, Port Elizabeth",ede05b97,HG Kuhn,2,30,20,5,0,not out
1299608,2022-02-10,2021-22,2,NWEST,KNG,"St George's Park, Port Elizabeth",11614d87,D Pretorius,3,13,8,1,1,caught
1299608,2022-02-10,2021-22,2,NWEST,KNG,"St George's Park, Port Elizabeth",055e8d7b,NJ van den Bergh,4,0,4,0,0,not out
1299608,2022-02-10,2021-22,2,NWEST,KNG,"St George's Park, Port Elizabeth",7dfb8890,S Muthusamy,5,0,0,0,0,
1299608,2022-02-10,2021-22,2,NWEST,KNG,"St George's Park, Port Elizabeth",7d9b4224,L Senokwane,6,0,0,0,0,
1299608,2022-02-10,2021-22,2,NWEST,KNG,"St George's Park, Port Elizabeth",01698fee,Z Pongolo,7,0,0,0,0,
1299608,2022-02-10,2021-22,2,NWEST,KNG,"St George's Park, Port Elizabeth",8dc152d1,D Jansen,8,0,0,0,0,
1299608,2022-02-10,2021-22,2,NWEST,KNG,"St George's Park, Port Elizabeth",be8b147b,C Seleka,9,0,0,0,0,
1299608,2022-02-10,2021-22,2,NWEST,KNG,"St George's Park, Port Elizabeth",bc31511b,JN Diseko,10,0,0,0,0,
1299608,2022-02-10,2021-22,2,NWEST,KNG,"St George's Park, Port Elizabeth",1bd69aec,C Classen,11,0,0,0,0,
1299609,2022-02-10,2021-22,1,LIONS,DOL,"St George's Park, Port Elizabeth",15531194,J Richards,1,15,11,3,0,caught
1299609,2022-02-10,2021-22,1,LIONS,DOL,"St George's Park, Port Elizabeth",b8cc58c9,RR Hendricks,2,10,6,2,0,lbw
1299609,2022-02-10,2021-22,1,LIONS,DOL,"St George's Park, Port Elizabeth",0ecf791e,S Dadswell,3,42,28,3,2,caught
1299609,2022-02-10,2021-22,1,LIONS,DOL,"St George's Park, Port Elizabeth",46e4a4e0,M Van Buuren,4,6,6,0,0,caught
1299609,2022-02-10,2021-22,1,LIONS,DOL,"St George's Park, Port Elizabeth",f66f5343,DA Hendricks,5,14,16,0,0,lbw
1299609,2022-02-10,2021-22,1,LIONS,DOL,"St George's Park, Port Elizabeth",5d1c2102,R Haasbroek,6,10,9,2,0,caught
1299609,2022-02-10,2021-22,1,LIONS,DOL,"St George's Park, Port Elizabeth",8361e524,SSB Magala,7,37,27,4,1,caught
1299609,2022-02-10,2021-22,1,LIONS,DOL,"St George's Park, Port Elizabeth",9a2fc964,BC Fortuin,8,13,9,0,1,caught
1299609,2022-02-10,2021-22,1,LIONS,DOL,"St George's Park, Port Elizabeth",9d50c7e1,MP Siboto,9,3,8,0,0,not out
1299609,2022-02-10,2021-22,1,LIONS,DOL,"St George's Park, Port Elizabeth",f2397e48,Codi Yusuf,10,0,0,0,0,not out
1299609,2022-02-10,2021-22,1,LIONS,DOL,"St George's Park, Port Elizabeth",8e6827f7,T Ntuli,11,0,0,0,0,
1299609,2022-02-10,2021-22,2,DOL,LIONS,"St George's Park, Port Elizabeth",bf64dc29,KD Petersen,1,3,10,0,0,lbw
1299609,2022-02-10,2021-22,2,DOL,LIONS,"St George's Park, Port Elizabeth",ac688e55,G Roelofsen,2,34,26,3,2,caught
1299609,2022-02-10,2021-22,2,DOL,LIONS,"St George's Park, Port Elizabeth",ab6b1c45,AL Phehlukwayo,3,2,3,0,0,stumped
1299609,2022-02-10,2021-22,2,DOL,LIONS,"St George's Park, Port Elizabeth",d67d5f00,DA Miller,4,9,6,2,0,caught and bowled
1299609,2022-02-10,2021-22,2,DOL,LIONS,"St George's Park, Port Elizabeth",4aad78d3,K Zondo,5,35,32,3,0,bowled
1299609,2022-02-10,2021-22,2,DOL,LIONS,"St George's Park, Port Elizabeth",91cd48e0,JF Smith,6,39,34,2,0,run out
1299609,2022-02-10,2021-22,2,DOL,LIONS,"St George's Park, Port Elizabeth",fc60e81a,B Parsons,7,0,1,0,0,caught
1299609,2022-02-10,2021-22,2,DOL,LIONS,"St George's Park, Port Elizabeth",57e1d7e4,R de Swardt,8,14,7,0,1,not out
1299609,2022-02-10,2021-22,2,DOL,LIONS,"St George's Park, Port Elizabeth",7ec9711d,P Subrayen,9,0,1,0,0,caught
1299609,2022-02-10,2021-22,2,DOL,LIONS,"St George's Park, Port Elizabeth",7cb2d9d2,DM Dupavillon,10,1,1,0,0,not out
1299609,2022-02-10,2021-22,2,DOL,LIONS,"St George's Park, Port Elizabeth",a8c3019c,O Modimokoane,11,0,0,0,0,
1299610,2022-02-12,2021-22,1,DOL,WAR,"St George's Park, Port Elizabeth",fc60e81a,B Parsons,1,39,31,3,1,bowled
1299610,2022-02-12,2021-22,1,DOL,WAR,"St George's Park, Port Elizabeth",ac688e55,G Roelofsen,2,50,30,7,2,stumped
1299610,2022-02-12,2021-22,1,DOL,WAR,"St George's Park, Port Elizabeth",4aad78d3,K Zondo,3,19,12,3,0,run out
1299610,2022-02-12,2021-22,1,DOL,WAR,"St George's Park, Port Elizabeth",d67d5f00,DA Miller,4,58,26,2,6,caught
1299610,2022-02-12,2021-22,1,DOL,WAR,"St George's Park, Port Elizabeth",91cd48e0,JF Smith,5,6,5,0,0,caught
1299610,2022-02-12,2021-22,1,DOL,WAR,"St George's Park, Port Elizabeth",ab6b1c45,AL Phehlukwayo,6,28,16,1,2,not out
1299610,2022-02-12,2021-22,1,DOL,WAR,"St George's Park, Port Elizabeth",7ec9711d,P Subrayen,7,0,0,0,0,
1299610,2022-02-12,2021-22,1,DOL,WAR,"St George's Park, Port Elizabeth",57e1d7e4,R de Swardt,8,0,0,0,0,
1299610,2022-02-12,2021-22,1,DOL,WAR,"St George's Park, Port Elizabeth",6b9eb501,OEG Baartman,9,0,0,0,0,
1299610,2022-02-12,2021-22,1,DOL,WAR,"St George's Park, Port Elizabeth",7cb2d9d2,DM Dupavillon,10,0,0,0,0,
1299610,2022-02-12,2021-22,1,DOL,WAR,"St George's Park, Port Elizabeth",d44569de,T Ntini,11,0,0,0,0,
1299610,2022-02-12,2021-22,2,WAR,DOL,"St George's Park, Port Elizabeth",35f173a0,MP Breetzke,1,11,10,2,0,caught
1299610,2022-02-12,2021-22,2,WAR,DOL,"St George's Park, Port Elizabeth",10f42013,WJ Lubbe,2,1,4,0,0,bowled
1299610,2022-02-12,2021-22,2,WAR,DOL,"St George's Park, Port Elizabeth",42172c3c,JT Smuts,3,47,31,5,2,bowled
1299610,2022-02-12,2021-22,2,WAR,DOL,"St George's Park, Port Elizabeth",51355a30,LC Ngoepe,4,2,6,0,0,stumped
1299610,2022-02-12,2021-22,2,WAR,DOL,"St George's Park, Port Elizabeth",f8e6dbdd,DS Rosier,5,19,18,2,0,caught
1299610,2022-02-12,2021-22,2,WAR,DOL,"St George's Park, Port Elizabeth",85b3fab2,T Stubbs,6,80,31,3,8,not out
1299610,2022-02-12,2021-22,2,WAR,DOL,"St George's Park, Port Elizabeth",94268960,S Qeshile,7,21,16,2,0,bowled
1299610,2022-02-12,2021-22,2,WAR,DOL,"St George's Park, Port Elizabeth",a7c6ee8a,A Mhletywa,8,4,4,0,0,not out
1299610,2022-02-12,2021-22,2,WAR,DOL,"St George's Park, Port Elizabeth",6ed11905,M Nabe,9,0,0,0,0,
1299610,2022-02-12,2021-22,2,WAR,DOL,"St George's Park, Port Elizabeth",02635912,S Tait,10,0,0,0,0,
1299610,2022-02-12,2021-22,2,WAR,DOL,"St George's Park, Port Elizabeth",deccdffa,L Makhosi,11,0,0,0,0,
1299611,2022-02-12,2021-22,1,TIT,KNG,"St George's Park, Port Elizabeth",372455c4,Q de Kock,1,5,6,0,0,caught
1299611,2022-02-12,2021-22,1,TIT,KNG,"St George's Park, Port Elizabeth",844e79d1,D Brevis,2,23,25,2,1,caught
1299611,2022-02-12,2021-22,1,TIT,KNG,"St George's Park, Port Elizabeth",90d6cdea,TB de Bruyn,3,0,1,0,0,caught
1299611,2022-02-12,2021-22,1,TIT,KNG,"St George's Park, Port Elizabeth",235c2bb6,H Klaasen,4,59,41,4,2,not out
1299611,2022-02-12,2021-22,1,TIT,KNG,"St George's Park, Port Elizabeth",1b42a100,BS Makhanya,5,5,6,0,0,caught
1299611,2022-02-12,2021-22,1,TIT,KNG,"St George's Park, Port Elizabeth",f0af99a7,D Ferreira,6,12,9,1,0,lbw
1299611,2022-02-12,2021-22,1,TIT,KNG,"St George's Park, Port Elizabeth",a83c44b8,A Gqamane,7,15,14,2,0,caught
1299611,2022-02-12,2021-22,1,TIT,KNG,"St George's Park, Port Elizabeth",1cb14aa4,CJ Dala,8,27,18,4,0,not out
1299611,2022-02-12,2021-22,1,TIT,KNG,"St George's Park, Port Elizabeth",a03bba42,T Shamsi,9,0,0,0,0,
1299611,2022-02-12,2021-22,1,TIT,KNG,"St George's Park, Port Elizabeth",7f8ecc51,AM Phangiso,10,0,0,0,0,
1299611,2022-02-12,2021-22,1,TIT,KNG,"St George's Park, Port Elizabeth",a1d95bd8,LB Williams,11,0,0,0,0,
1299611,2022-02-12,2021-22,2,KNG,TIT,"St George's Park, Port Elizabeth",39181592,PE Kruger,1,8,9,1,0,run out
1299611,2022-02-12,2021-22,2,KNG,TIT,"St George's Park, Port Elizabeth",a3ae63f4,GJ Snyman,2,12,10,2,0,caught
1299611,2022-02-12,2021-22,2,KNG,TIT,"St George's Park, Port Elizabeth",0ba03cec,R van Tonder,3,18,21,2,0,bowled
1299611,2022-02-12,2021-22,2,KNG,TIT,"St George's Park, Port Elizabeth",4025c262,PJ van Biljon,4,1,7,0,0,caught
1299611,2022-02-12,2021-22,2,KNG,TIT,"St George's Park, Port Elizabeth",dce2019b,F Behardien,5,31,27,1,1,caught and bowled
1299611,2022-02-12,2021-22,2,KNG,TIT,"St George's Park, Port Elizabeth",8836fcac,M Mosehle,6,18,10,0,2,bowled
1299611,2022-02-12,2021-22,2,KNG,TIT,"St George's Park, Port Elizabeth",54c2b697,M Pretorius,7,27,18,0,3,caught
1299611,2022-02-12,2021-22,2,KNG,TIT,"St George's Park, Port Elizabeth",3c338b6a,J Raubenheimer,8,2,3,0,0,stumped
1299611,2022-02-12,2021-22,2,KNG,TIT,"St George's Park, Port Elizabeth",d92d8446,G Mahlokwana,9,1,2,0,0,run out
1299611,2022-02-12,2021-22,2,KNG,TIT,"St George's Park, Port Elizabeth",ad19dda3,N van Heerden,10,0,2,0,0,not out
1299611,2022-02-12,2021-22,2,KNG,TIT,"St George's Park, Port Elizabeth",ea1eba98,SA Mothoa,11,0,5,0,0,caught
1299612,2022-02-13,2021-22,1,LIONS,WPR,"St George's Park, Port Elizabeth",15531194,J Richards,1,1,8,0,0,caught
1299612,2022-02-13,2021-22,1,LIONS,WPR,"St George's Park, Port Elizabeth",b8cc58c9,RR Hendricks,2,7,7,0,1,caught
1299612,2022-02-13,2021-22,1,LIONS,WPR,"St George's Park, Port Elizabeth",0ecf791e,S Dadswell,3,27,16,5,0,bowled
1299612,2022-02-13,2021-22,1,LIONS,WPR,"St George's Park, Port Elizabeth",46e4a4e0,M Van Buuren,4,44,34,5,0,caught
1299612,2022-02-13,2021-22,1,LIONS,WPR,"St George's Park, Port Elizabeth",7fe32072,K Rapulana,5,32,36,3,0,not out
1299612,2022-02-13,2021-22,1,LIONS,WPR,"St George's Park, Port Elizabeth",5d1c2102,R Haasbroek,6,8,4,0,1,caught
1299612,2022-02-13,2021-22,1,LIONS,WPR,"St George's Park, Port Elizabeth",8361e524,SSB Magala,7,19,15,0,1,not out
1299612,2022-02-13,2021-22,1,LIONS,WPR,"St George's Park, Port Elizabeth",9a2fc964,BC Fortuin,8,0,0,0,0,
1299612,2022-02-13,2021-22,1,LIONS,WPR,"St George's Park, Port Elizabeth",9d50c7e1,MP Siboto,9,0,0,0,0,
1299612,2022-02-13,2021-22,1,LIONS,WPR,"St George's Park, Port Elizabeth",f2397e48,Codi Yusuf,10,0,0,0,0,
1299612,2022-02-13,2021-22,1,LIONS,WPR,"St George's Park, Port Elizabeth",8e6827f7,T Ntuli,11,0,0,0,0,
1299612,2022-02-13,2021-22,2,WPR,LIONS,"St George's Park, Port Elizabeth",572f55fb,JA Bird,1,8,12,0,1,bowled
1299612,2022-02-13,2021-22,2,WPR,LIONS,"St George's Park, Port Elizabeth",a5c3d564,G Kaplan,2,39,32,4,2,caught
1299612,2022-02-13,2021-22,2,WPR,LIONS,"St George's Park, Port Elizabeth",d3a1c63d,T de Zorzi,3,42,31,3,2,caught
1299612,2022-02-13,2021-22,2,WPR,LIONS,"St George's Park, Port Elizabeth",087210b1,DJ Vilas,4,8,9,0,0,stumped
1299612,2022-02-13,2021-22,2,WPR,LIONS,"St George's Park, Port Elizabeth",9fa54c94,MY Vallie,5,21,19,1,0,not out
1299612,2022-02-13,2021-22,2,WPR,LIONS,"St George's Park, Port Elizabeth",3a60e0b5,WD Parnell,6,0,3,0,0,run out
1299612,2022-02-13,2021-22,2,WPR,LIONS,"St George's Park, Port Elizabeth",955e8e86,A Mgijima,7,16,10,1,0,not out
1299612,2022-02-13,2021-22,2,WPR,LIONS,"St George's Park, Port Elizabeth",a2316f90,J Dawood,8,0,0,0,0,
1299612,2022-02-13,2021-22,2,WPR,LIONS,"St George's Park, Port Elizabeth",547c5509,M Mpongwana,9,0,0,0,0,
1299612,2022-02-13,2021-22,2,WPR,LIONS,"St George's Park, Port Elizabeth",b56dc5f7,BE Hendricks,10,0,0,0,0,
1299612,2022-02-13,2021-22,2,WPR,LIONS,"St George's Park, Port Elizabeth",1e182ae2,BD Walters,11,0,0,0,0,
1299613,2022-02-13,2021-22,1,BOL,NWEST,"St George's Park, Port Elizabeth",f76d7466,JN Malan,1,33,18,5,1,caught
1299613,2022-02-13,2021-22,1,BOL,NWEST,"St George's Park, Port Elizabeth",f32d890a,PJ Malan,2,53,46,2,2,lbw
1299613,2022-02-13,2021-22,1,BOL,NWEST,"St George's Park, Port Elizabeth",f25cebec,C Fortuin,3,19,16,2,0,caught
1299613,2022-02-13,2021-22,1,BOL,NWEST,"St George's Park, Port Elizabeth",f277f531,FD Adams,4,5,5,0,0,bowled
1299613,2022-02-13,2021-22,1,BOL,NWEST,"St George's Park, Port Elizabeth",9943b637,M Copeland,5,10,6,1,0,run out
1299613,2022-02-13,2021-22,1,BOL,NWEST,"St George's Park, Port Elizabeth",a81d6706,C Jonker,6,37,19,2,3,not out
1299613,2022-02-13,2021-22,1,BOL,NWEST,"St George's Park, Port Elizabeth",a316d663,GC Viljoen,7,19,8,1,2,caught
1299613,2022-02-13,2021-22,1,BOL,NWEST,"St George's Park, Port Elizabeth",ffd3fc37,S von Berg,8,2,2,0,0,not out
1299613,2022-02-13,2021-22,1,BOL,NWEST,"St George's Park, Port Elizabeth",00741bc7,ZC Qwabe,9,0,0,0,0,
1299613,2022-02-13,2021-22,1,BOL,NWEST,"St George's Park, Port Elizabeth",5ec126fa,I Manack,10,0,0,0,0,
1299613,2022-02-13,2021-22,1,BOL,NWEST,"St George's Park, Port Elizabeth",1062bebb,Siyabonga Mahima,11,0,0,0,0,
1299613,2022-02-13,2021-22,2,NWEST,BOL,"St George's Park, Port Elizabeth",7dfb8890,S Muthusamy,1,3,7,0,0,caught and bowled
1299613,2022-02-13,2021-22,2,NWEST,BOL,"St George's Park, Port Elizabeth",2d7f2ba0,WB Marshall,2,34,16,4,2,caught
1299613,2022-02-13,2021-22,2,NWEST,BOL,"St George's Park, Port Elizabeth",055e8d7b,NJ van den Bergh,3,28,19,3,1,bowled
1299613,2022-02-13,2021-22,2,NWEST,BOL,"St George's Park, Port Elizabeth",11614d87,D Pretorius,4,74,51,3,5,not out
1299613,2022-02-13,2021-22,2,NWEST,BOL,"St George's Park, Port Elizabeth",60fbf53a,D Potgieter,5,37,27,2,2,not out
1299613,2022-02-13,2021-22,2,NWEST,BOL,"St George's Park, Port Elizabeth",01698fee,Z Pongolo,6,0,0,0,0,
1299613,2022-02-13,2021-22,2,NWEST,BOL,"St George's Park, Port Elizabeth",7d9b4224,L Senokwane,7,0,0,0,0,
1299613,2022-02-13,2021-22,2,NWEST,BOL,"St George's Park, Port Elizabeth",1bd69aec,C Classen,8,0,0,0,0,
1299613,2022-02-13,2021-22,2,NWEST,BOL,"St George's Park, Port Elizabeth",be8b147b,C Seleka,9,0,0,0,0,
1299613,2022-02-13,2021-22,2,NWEST,BOL,"St George's Park, Port Elizabeth",bc31511b,JN Diseko,10,0,0,0,0,
1299613,2022-02-13,2021-22,2,NWEST,BOL,"St George's Park, Port Elizabeth",8dc152d1,D Jansen,11,0,0,0,0,
1299614,2022-02-14,2021-22,1,DOL,TIT,"St George's Park, Port Elizabeth",fc60e81a,B Parsons,1,4,5,1,0,caught
1299614,2022-02-14,2021-22,1,DOL,TIT,"St George's Park, Port Elizabeth",ac688e55,G Roelofsen,2,4,11,0,0,caught
1299614,2022-02-14,2021-22,1,DOL,TIT,"St George's Park, Port Elizabeth",4aad78d3,K Zondo,3,12,12,2,0,caught
1299614,2022-02-14,2021-22,1,DOL,TIT,"St George's Park, Port Elizabeth",d67d5f00,DA Miller,4,57,40,2,3,not out
1299614,2022-02-14,2021-22,1,DOL,TIT,"St George's Park, Port Elizabeth",91cd48e0,JF Smith,5,38,41,1,2,caught
1299614,2022-02-14,2021-22,1,DOL,TIT,"St George's Park, Port Elizabeth",ab6b1c45,AL Phehlukwayo,6,12,6,1,1,not out
1299614,2022-02-14,2021-22,1,DOL,TIT,"St George's Park, Port Elizabeth",57e1d7e4,R de Swardt,7,0,0,0,0,
1299614,2022-02-14,2021-22,1,DOL,TIT,"St George's Park, Port Elizabeth",7ec9711d,P Subrayen,8,0,0,0,0,
1299614,2022-02-14,2021-22,1,DOL,TIT,"St George's Park, Port Elizabeth",7cb2d9d2,DM Dupavillon,9,0,0,0,0,
1299614,2022-02-14,2021-22,1,DOL,TIT,"St George's Park, Port Elizabeth",d44569de,T Ntini,10,0,0,0,0,
1299614,2022-02-14,2021-22,1,DOL,TIT,"St George's Park, Port Elizabeth",6b9eb501,OEG Baartman,11,0,0,0,0,
1299614,2022-02-14,2021-22,2,TIT,DOL,"St George's Park, Port Elizabeth",90d6cdea,TB de Bruyn,1,24,23,3,1,run out
1299614,2022-02-14,2021-22,2,TIT,DOL,"St George's Park, Port Elizabeth",372455c4,Q de Kock,2,26,21,5,0,caught
1299614,2022-02-14,2021-22,2,TIT,DOL,"St George's Park, Port Elizabeth",844e79d1,D Brevis,3,46,30,4,2,not out
1299614,2022-02-14,2021-22,2,TIT,DOL,"St George's Park, Port Elizabeth",235c2bb6,H Klaasen,4,16,14,1,1,caught
1299614,2022-02-14,2021-22,2,TIT,DOL,"St George's Park, Port Elizabeth",1b42a100,BS Makhanya,5,21,11,3,0,not out
1299614,2022-02-14,2021-22,2,TIT,DOL,"St George's Park, Port Elizabeth",f0af99a7,D Ferreira,6,0,0,0,0,
1299614,2022-02-14,2021-22,2,TIT,DOL,"St George's Park, Port Elizabeth",a83c44b8,A Gqamane,7,0,0,0,0,
1299614,2022-02-14,2021-22,2,TIT,DOL,"St George's Park, Port Elizabeth",1cb14aa4,CJ Dala,8,0,0,0,0,
1299614,2022-02-14,2021-22,2,TIT,DOL,"St George's Park, Port Elizabeth",7f8ecc51,AM Phangiso,9,0,0,0,0,
1299614,2022-02-14,2021-22,2,TIT,DOL,"St George's Park, Port Elizabeth",a1d95bd8,LB Williams,10,0,0,0,0,
1299614,2022-02-14,2021-22,2,TIT,DOL,"St George's Park, Port Elizabeth",a03bba42,T Shamsi,11,0,0,0,0,
1299615,2022-02-14,2021-22,1,WAR,KNG,"St George's Park, Port Elizabeth",10f42013,WJ Lubbe,1,24,21,3,0,caught
1299615,2022-02-14,2021-22,1,WAR,KNG,"St George's Park, Port Elizabeth",35f173a0,MP Breetzke,2,15,18,1,0,caught
1299615,2022-02-14,2021-22,1,WAR,KNG,"St George's Park, Port Elizabeth",42172c3c,JT Smuts,3,16,13,3,0,caught
1299615,2022-02-14,2021-22,1,WAR,KNG,"St George's Park, Port Elizabeth",85b3fab2,T Stubbs,4,65,35,3,5,caught
1299615,2022-02-14,2021-22,1,WAR,KNG,"St George's Park, Port Elizabeth",51355a30,LC Ngoepe,5,27,21,2,1,caught
1299615,2022-02-14,2021-22,1,WAR,KNG,"St George's Park, Port Elizabeth",f8e6dbdd,DS Rosier,6,13,12,0,0,not out
1299615,2022-02-14,2021-22,1,WAR,KNG,"St George's Park, Port Elizabeth",94268960,S Qeshile,7,0,0,0,0,not out
1299615,2022-02-14,2021-22,1,WAR,KNG,"St George's Park, Port Elizabeth",f3288c80,K Jacobs,8,0,0,0,0,
1299615,2022-02-14,2021-22,1,WAR,KNG,"St George's Park, Port Elizabeth",02635912,S Tait,9,0,0,0,0,
1299615,2022-02-14,2021-22,1,WAR,KNG,"St George's Park, Port Elizabeth",6ed11905,M Nabe,10,0,0,0,0,
1299615,2022-02-14,2021-22,1,WAR,KNG,"St George's Park, Port Elizabeth",bd36db2c,A Mnyaka,11,0,0,0,0,
1299615,2022-02-14,2021-22,2,KNG,WAR,"St George's Park, Port Elizabeth",d50fba28,CP Klijnhans,1,67,54,7,1,not out
1299615,2022-02-14,2021-22,2,KNG,WAR,"St George's Park, Port Elizabeth",a3ae63f4,GJ Snyman,2,90,52,10,3,bowled
1299615,2022-02-14,2021-22,2,KNG,WAR,"St George's Park, Port Elizabeth",4025c262,PJ van Biljon,3,12,7,2,0,not out
1299615,2022-02-14,2021-22,2,KNG,WAR,"St George's Park, Port Elizabeth",0ba03cec,R van Tonder,4,0,0,0,0,
1299615,2022-02-14,2021-22,2,KNG,WAR,"St George's Park, Port Elizabeth",dce2019b,F Behardien,5,0,0,0,0,
1299615,2022-02-14,2021-22,2,KNG,WAR,"St George's Park, Port Elizabeth",8836fcac,M Mosehle,6,0,0,0,0,
1299615,2022-02-14,2021-22,2,KNG,WAR,"St George's Park, Port Elizabeth",39181592,PE Kruger,7,0,0,0,0,
1299615,2022-02-14,2021-22,2,KNG,WAR,"St George's Park, Port Elizabeth",3204c99f,G Coetzee,8,0,0,0,0,
1299615,2022-02-14,2021-22,2,KNG,WAR,"St George's Park, Port Elizabeth",1d105638,M Budaza,9,0,0,0,0,
1299615,2022-02-14,2021-22,2,KNG,WAR,"St George's Park, Port Elizabeth",ad19dda3,N van Heerden,10,0,0,0,0,
1299615,2022-02-14,2021-22,2,KNG,WAR,"St George's Park, Port Elizabeth",ea1eba98,SA Mothoa,11,0,0,0,0,
1299616,2022-02-15,2021-22,1,BOL,LIONS,"St George's Park, Port Elizabeth",f76d7466,JN Malan,1,15,12,3,0,caught
1299616,2022-02-15,2021-22,1,BOL,LIONS,"St George's Park, Port Elizabeth",f32d890a,PJ Malan,2,71,48,5,4,caught
1299616,2022-02-15,2021-22,1,BOL,LIONS,"St George's Park, Port Elizabeth",f25cebec,C Fortuin,3,18,20,2,0,bowled
1299616,2022-02-15,2021-22,1,BOL,LIONS,"St George's Park, Port Elizabeth",f277f531,FD Adams,4,30,23,2,1,not out
1299616,2022-02-15,2021-22,1,BOL,LIONS,"St George's Park, Port Elizabeth",a81d6706,C Jonker,5,20,15,0,1,bowled
1299616,2022-02-15,2021-22,1,BOL,LIONS,"St George's Park, Port Elizabeth",9943b637,M Copeland,6,2,3,0,0,not out
1299616,2022-02-15,2021-22,1,BOL,LIONS,"St George's Park, Port Elizabeth",a316d663,GC Viljoen,7,0,0,0,0,
1299616,2022-02-15,2021-22,1,BOL,LIONS,"St George's Park, Port Elizabeth",ffd3fc37,S von Berg,8,0,0,0,0,
1299616,2022-02-15,2021-22,1,BOL,LIONS,"St George's Park, Port Elizabeth",5ec126fa,I Manack,9,0,0,0,0,
1299616,2022-02-15,2021-22,1,BOL,LIONS,"St George's Park, Port Elizabeth",1062bebb,Siyabonga Mahima,10,0,0,0,0,
1299616,2022-02-15,2021-22,1,BOL,LIONS,"St George's Park, Port Elizabeth",00741bc7,ZC Qwabe,11,0,0,0,0,
1299616,2022-02-15,2021-22,2,LIONS,BOL,"St George's Park, Port Elizabeth",15531194,J Richards,1,0,1,0,0,lbw
1299616,2022-02-15,2021-22,2,LIONS,BOL,"St George's Park, Port Elizabeth",b8cc58c9,RR Hendricks,2,46,39,4,1,caught
1299616,2022-02-15,2021-22,2,LIONS,BOL,"St George's Park, Port Elizabeth",0ecf791e,S Dadswell,3,29,24,4,0,bowled
1299616,2022-02-15,2021-22,2,LIONS,BOL,"St George's Park, Port Elizabeth",46e4a4e0,M Van Buuren,4,0,1,0,0,caught
1299616,2022-02-15,2021-22,2,LIONS,BOL,"St George's Park, Port Elizabeth",f66f5343,DA Hendricks,5,4,7,0,0,lbw
1299616,2022-02-15,2021-22,2,LIONS,BOL,"St George's Park, Port Elizabeth",5d1c2102,R Haasbroek,6,5,9,0,0,bowled
1299616,2022-02-15,2021-22,2,LIONS,BOL,"St George's Park, Port Elizabeth",8361e524,SSB Magala,7,21,15,2,1,caught
1299616,2022-02-15,2021-22,2,LIONS,BOL,"St George's Park, Port Elizabeth",9a2fc964,BC Fortuin,8,1,2,0,0,caught
1299616,2022-02-15,2021-22,2,LIONS,BOL,"St George's Park, Port Elizabeth",9d50c7e1,MP Siboto,9,2,3,0,0,caught
1299616,2022-02-15,2021-22,2,LIONS,BOL,"St George's Park, Port Elizabeth",f2397e48,Codi Yusuf,10,1,3,0,0,bowled
1299616,2022-02-15,2021-22,2,LIONS,BOL,"St George's Park, Port Elizabeth",c50bfbc2,A Myoli,11,0,0,0,0,not out
1299617,2022-02-15,2021-22,1,WPR,NWEST,"St George's Park, Port Elizabeth",572f55fb,JA Bird,1,53,44,5,2,caught
1299617,2022-02-15,2021-22,1,WPR,NWEST,"St George's Park, Port Elizabeth",a5c3d564,G Kaplan,2,14,12,1,0,caught
1299617,2022-02-15,2021-22,1,WPR,NWEST,"St George's Park, Port Elizabeth",d3a1c63d,T de Zorzi,3,15,9,0,1,run out
1299617,2022-02-15,2021-22,1,WPR,NWEST,"St George's Park, Port Elizabeth",087210b1,DJ Vilas,4,31,20,3,1,bowled
1299617,2022-02-15,2021-22,1,WPR,NWEST,"St George's Park, Port Elizabeth",3a60e0b5,WD Parnell,5,33,17,2,2,not out
1299617,2022-02-15,2021-22,1,WPR,NWEST,"St George's Park, Port Elizabeth",955e8e86,A Mgijima,6,1,4,0,0,bowled
1299617,2022-02-15,2021-22,1,WPR,NWEST,"St George's Park, Port Elizabeth",9fa54c94,MY Vallie,7,7,8,0,0,caught and bowled
1299617,2022-02-15,2021-22,1,WPR,NWEST,"St George's Park, Port Elizabeth",547c5509,M Mpongwana,8,0,1,0,0,lbw
1299617,2022-02-15,2021-22,1,WPR,NWEST,"St George's Park, Port Elizabeth",b56dc5f7,BE Hendricks,9,0,2,0,0,bowled
1299617,2022-02-15,2021-22,1,WPR,NWEST,"St George's Park, Port Elizabeth",1e182ae2,BD Walters,10,3,4,0,0,not out
1299617,2022-02-15,2021-22,1,WPR,NWEST,"St George's Park, Port Elizabeth",a2316f90,J Dawood,11,0,0,0,0,
1299617,2022-02-15,2021-22,2,NWEST,WPR,"St George's Park, Port Elizabeth",2d7f2ba0,WB Marshall,1,15,11,3,0,caught
1299617,2022-02-15,2021-22,2,NWEST,WPR,"St George's Park, Port Elizabeth",7dfb8890,S Muthusamy,2,0,3,0,0,caught
1299617,2022-02-15,2021-22,2,NWEST,WPR,"St George's Park, Port Elizabeth",055e8d7b,NJ van den Bergh,3,2,3,0,0,caught
1299617,2022-02-15,2021-22,2,NWEST,WPR,"St George's Park, Port Elizabeth",249a17c8,T Isaacs,4,0,1,0,0,bowled
1299617,2022-02-15,2021-22,2,NWEST,WPR,"St George's Park, Port Elizabeth",11614d87,D Pretorius,5,14,20,0,1,lbw
1299617,2022-02-15,2021-22,2,NWEST,WPR,"St George's Park, Port Elizabeth",60fbf53a,D Potgieter,6,1,6,0,0,caught
1299617,2022-02-15,2021-22,2,NWEST,WPR,"St George's Park, Port Elizabeth",7d9b4224,L Senokwane,7,6,16,1,0,lbw
1299617,2022-02-15,2021-22,2,NWEST,WPR,"St George's Park, Port Elizabeth",01698fee,Z Pongolo,8,0,1,0,0,caught
1299617,2022-02-15,2021-22,2,NWEST,WPR,"St George's Park, Port Elizabeth",8dc152d1,D Jansen,9,9,9,1,0,caught
1299617,2022-02-15,2021-22,2,NWEST,WPR,"St George's Park, Port Elizabeth",be8b147b,C Seleka,10,16,23,2,0,caught
1299617,2022-02-15,2021-22,2,NWEST,WPR,"St George's Park, Port Elizabeth",bc31511b,JN Diseko,11,12,13,1,0,not out
1299618,2022-02-17,2021-22,1,LIONS,TIT,"St George's Park, Port Elizabeth",b8cc58c9,RR Hendricks,1,41,37,4,1,lbw
1299618,2022-02-17,2021-22,1,LIONS,TIT,"St George's Park, Port Elizabeth",7fe32072,K Rapulana,2,31,25,5,0,run out
1299618,2022-02-17,2021-22,1,LIONS,TIT,"St George's Park, Port Elizabeth",0ecf791e,S Dadswell,3,0,1,0,0,caught
1299618,2022-02-17,2021-22,1,LIONS,TIT,"St George's Park, Port Elizabeth",15531194,J Richards,4,10,12,0,0,caught
1299618,2022-02-17,2021-22,1,LIONS,TIT,"St George's Park, Port Elizabeth",46e4a4e0,M Van Buuren,5,9,9,1,0,bowled
1299618,2022-02-17,2021-22,1,LIONS,TIT,"St George's Park, Port Elizabeth",f66f5343,DA Hendricks,6,4,4,0,0,lbw
1299618,2022-02-17,2021-22,1,LIONS,TIT,"St George's Park, Port Elizabeth",8361e524,SSB Magala,7,33,18,2,2,not out
1299618,2022-02-17,2021-22,1,LIONS,TIT,"St George's Park, Port Elizabeth",9a2fc964,BC Fortuin,8,15,14,1,0,not out
1299618,2022-02-17,2021-22,1,LIONS,TIT,"St George's Park, Port Elizabeth",9d50c7e1,MP Siboto,9,0,0,0,0,
1299618,2022-02-17,2021-22,1,LIONS,TIT,"St George's Park, Port Elizabeth",f2397e48,Codi Yusuf,10,0,0,0,0,
1299618,2022-02-17,2021-22,1,LIONS,TIT,"St George's Park, Port Elizabeth",c50bfbc2,A Myoli,11,0,0,0,0,
1299618,2022-02-17,2021-22,2,TIT,LIONS,"St George's Park, Port Elizabeth",372455c4,Q de Kock,1,22,11,3,1,caught
1299618,2022-02-17,2021-22,2,TIT,LIONS,"St George's Park, Port Elizabeth",90d6cdea,TB de Bruyn,2,63,51,6,1,not out
1299618,2022-02-17,2021-22,2,TIT,LIONS,"St George's Park, Port Elizabeth",844e79d1,D Brevis,3,7,8,1,0,caught
1299618,2022-02-17,2021-22,2,TIT,LIONS,"St George's Park, Port Elizabeth",235c2bb6,H Klaasen,4,44,33,1,3,caught and bowled
1299618,2022-02-17,2021-22,2,TIT,LIONS,"St George's Park, Port Elizabeth",1b42a100,BS Makhanya,5,8,6,1,0,not out
1299618,2022-02-17,2021-22,2,TIT,LIONS,"St George's Park, Port Elizabeth",f0af99a7,D Ferreira,6,0,0,0,0,
1299618,2022-02-17,2021-22,2,TIT,LIONS,"St George's Park, Port Elizabeth",a83c44b8,A Gqamane,7,0,0,0,0,
1299618,2022-02-17,2021-22,2,TIT,LIONS,"St George's Park, Port Elizabeth",1cb14aa4,CJ Dala,8,0,0,0,0,
1299618,2022-02-17,2021-22,2,TIT,LIONS,"St George's Park, Port Elizabeth",7f8ecc51,AM Phangiso,9,0,0,0,0,
1299618,2022-02-17,2021-22,2,TIT,LIONS,"St George's Park, Port Elizabeth",a1d95bd8,LB Williams,10,0,0,0,0,
1299618,2022-02-17,2021-22,2,TIT,LIONS,"St George's Park, Port Elizabeth",a03bba42,T Shamsi,11,0,0,0,0,
1299619,2022-02-17,2021-22,1,WAR,BOL,"St George's Park, Port Elizabeth",35f173a0,MP Breetzke,1,11,13,1,0,caught
1299619,2022-02-17,2021-22,1,WAR,BOL,"St George's Park, Port Elizabeth",10f42013,WJ Lubbe,2,35,25,3,1,caught
1299619,2022-02-17,2021-22,1,WAR,BOL,"St George's Park, Port Elizabeth",42172c3c,JT Smuts,3,12,14,0,0,caught
1299619,2022-02-17,2021-22,1,WAR,BOL,"St George's Park, Port Elizabeth",51355a30,LC Ngoepe,4,6,10,0,0,caught
1299619,2022-02-17,2021-22,1,WAR,BOL,"St George's Park, Port Elizabeth",85b3fab2,T Stubbs,5,47,30,3,3,lbw
1299619,2022-02-17,2021-22,1,WAR,BOL,"St George's Park, Port Elizabeth",f8e6dbdd,DS Rosier,6,31,22,2,1,run out
1299619,2022-02-17,2021-22,1,WAR,BOL,"St George's Park, Port Elizabeth",94268960,S Qeshile,7,5,3,0,0,not out
1299619,2022-02-17,2021-22,1,WAR,BOL,"St George's Park, Port Elizabeth",20afc7e7,T van Vuuren,8,0,3,0,0,not out
1299619,2022-02-17,2021-22,1,WAR,BOL,"St George's Park, Port Elizabeth",bd36db2c,A Mnyaka,9,0,0,0,0,
1299619,2022-02-17,2021-22,1,WAR,BOL,"St George's Park, Port Elizabeth",be3ffb65,Tsepo Ndwandwa,10,0,0,0,0,
1299619,2022-02-17,2021-22,1,WAR,BOL,"St George's Park, Port Elizabeth",deccdffa,L Makhosi,11,0,0,0,0,
1299619,2022-02-17,2021-22,2,BOL,WAR,"St George's Park, Port Elizabeth",f76d7466,JN Malan,1,0,5,0,0,caught
1299619,2022-02-17,2021-22,2,BOL,WAR,"St George's Park, Port Elizabeth",f32d890a,PJ Malan,2,4,4,0,0,caught
1299619,2022-02-17,2021-22,2,BOL,WAR,"St George's Park, Port Elizabeth",f25cebec,C Fortuin,3,27,17,5,0,caught
1299619,2022-02-17,2021-22,2,BOL,WAR,"St George's Park, Port Elizabeth",f277f531,FD Adams,4,27,17,3,1,stumped
1299619,2022-02-17,2021-22,2,BOL,WAR,"St George's Park, Port Elizabeth",9943b637,M Copeland,5,40,38,3,0,caught
1299619,2022-02-17,2021-22,2,BOL,WAR,"St George's Park, Port Elizabeth",a81d6706,C Jonker,6,30,25,2,2,lbw
1299619,2022-02-17,2021-22,2,BOL,WAR,"St George's Park, Port Elizabeth",a316d663,GC Viljoen,7,18,8,3,0,not out
1299619,2022-02-17,2021-22,2,BOL,WAR,"St George's Park, Port Elizabeth",28d46c78,H Hanabe,8,1,1,0,0,run out
1299619,2022-02-17,2021-22,2,BOL,WAR,"St George's Park, Port Elizabeth",ffd3fc37,S von Berg,9,6,3,1,0,not out
1299619,2022-02-17,2021-22,2,BOL,WAR,"St George's Park, Port Elizabeth",5ec126fa,I Manack,10,0,0,0,0,
1299619,2022-02-17,2021-22,2,BOL,WAR,"St George's Park, Port Elizabeth",1062bebb,Siyabonga Mahima,11,0,0,0,0,
1299620,2022-02-18,2021-22,1,KNG,WPR,"St George's Park, Port Elizabeth",d50fba28,CP Klijnhans,1,6,10,0,0,caught
1299620,2022-02-18,2021-22,1,KNG,WPR,"St George's Park, Port Elizabeth",a3ae63f4,GJ Snyman,2,20,21,3,0,caught
1299620,2022-02-18,2021-22,1,KNG,WPR,"St George's Park, Port Elizabeth",0ba03cec,R van Tonder,3,1,9,0,0,caught
1299620,2022-02-18,2021-22,1,KNG,WPR,"St George's Park, Port Elizabeth",4025c262,PJ van Biljon,4,40,35,3,1,caught
1299620,2022-02-18,2021-22,1,KNG,WPR,"St George's Park, Port Elizabeth",dce2019b,F Behardien,5,6,6,0,0,caught
1299620,2022-02-18,2021-22,1,KNG,WPR,"St George's Park, Port Elizabeth",39181592,PE Kruger,6,34,21,2,2,bowled
1299620,2022-02-18,2021-22,1,KNG,WPR,"St George's Park, Port Elizabeth",8836fcac,M Mosehle,7,9,9,0,0,caught
1299620,2022-02-18,2021-22,1,KNG,WPR,"St George's Park, Port Elizabeth",3204c99f,G Coetzee,8,1,2,0,0,bowled
1299620,2022-02-18,2021-22,1,KNG,WPR,"St George's Park, Port Elizabeth",ad19dda3,N van Heerden,9,4,7,0,0,not out
1299620,2022-02-18,2021-22,1,KNG,WPR,"St George's Park, Port Elizabeth",ea1eba98,SA Mothoa,10,0,0,0,0,not out
1299620,2022-02-18,2021-22,1,KNG,WPR,"St George's Park, Port Elizabeth",1d105638,M Budaza,11,0,0,0,0,
1299620,2022-02-18,2021-22,2,WPR,KNG,"St George's Park, Port Elizabeth",18c78b11,RE Levi,1,2,5,0,0,caught
1299620,2022-02-18,2021-22,2,WPR,KNG,"St George's Park, Port Elizabeth",572f55fb,JA Bird,2,43,35,2,3,caught
1299620,2022-02-18,2021-22,2,WPR,KNG,"St George's Park, Port Elizabeth",d3a1c63d,T de Zorzi,3,41,27,5,0,caught
1299620,2022-02-18,2021-22,2,WPR,KNG,"St George's Park, Port Elizabeth",087210b1,DJ Vilas,4,21,13,1,1,not out
1299620,2022-02-18,2021-22,2,WPR,KNG,"St George's Park, Port Elizabeth",e5437608,GF Linde,5,10,10,0,1,caught
1299620,2022-02-18,2021-22,2,WPR,KNG,"St George's Park, Port Elizabeth",955e8e86,A Mgijima,6,4,5,1,0,not out
1299620,2022-02-18,2021-22,2,WPR,KNG,"St George's Park, Port Elizabeth",3a60e0b5,WD Parnell,7,0,0,0,0,
1299620,2022-02-18,2021-22,2,WPR,KNG,"St George's Park, Port Elizabeth",547c5509,M Mpongwana,8,0,0,0,0,
1299620,2022-02-18,2021-22,2,WPR,KNG,"St George's Park, Port Elizabeth",b56dc5f7,BE Hendricks,9,0,0,0,0,
1299620,2022-02-18,2021-22,2,WPR,KNG,"St George's Park, Port Elizabeth",a2316f90,J Dawood,10,0,0,0,0,
1299620,2022-02-18,2021-22,2,WPR,KNG,"St George's Park, Port Elizabeth",1e182ae2,BD Walters,11,0,0,0,0,
1299621,2022-02-18,2021-22,1,NWEST,DOL,"St George's Park, Port Elizabeth",2d7f2ba0,WB Marshall,1,14,14,2,0,bowled
1299621,2022-02-18,2021-22,1,NWEST,DOL,"St George's Park, Port Elizabeth",249a17c8,T Isaacs,2,7,14,0,0,lbw
1299621,2022-02-18,2021-22,1,NWEST,DOL,"St George's Park, Port Elizabeth",055e8d7b,NJ van den Bergh,3,52,37,5,2,caught and bowled
1299621,2022-02-18,2021-22,1,NWEST,DOL,"St George's Park, Port Elizabeth",11614d87,D Pretorius,4,39,34,2,2,lbw
1299621,2022-02-18,2021-22,1,NWEST,DOL,"St George's Park, Port Elizabeth",60fbf53a,D Potgieter,5,7,8,0,0,caught
1299621,2022-02-18,2021-22,1,NWEST,DOL,"St George's Park, Port Elizabeth",7dfb8890,S Muthusamy,6,7,5,1,0,run out
1299621,2022-02-18,2021-22,1,NWEST,DOL,"St George's Park, Port Elizabeth",01698fee,Z Pongolo,7,1,2,0,0,bowled
1299621,2022-02-18,2021-22,1,NWEST,DOL,"St George's Park, Port Elizabeth",a3a3c0e7,NP Mvelase,8,0,2,0,0,caught
1299621,2022-02-18,2021-22,1,NWEST,DOL,"St George's Park, Port Elizabeth",a0936692,EL Hawken,9,2,2,0,0,not out
1299621,2022-02-18,2021-22,1,NWEST,DOL,"St George's Park, Port Elizabeth",be8b147b,C Seleka,10,1,2,0,0,not out
1299621,2022-02-18,2021-22,1,NWEST,DOL,"St George's Park, Port Elizabeth",bc31511b,JN Diseko,11,0,0,0,0,
1299621,2022-02-18,2021-22,2,DOL,NWEST,"St George's Park, Port Elizabeth",bf64dc29,KD Petersen,1,43,36,3,1,bowled
1299621,2022-02-18,2021-22,2,DOL,NWEST,"St George's Park, Port Elizabeth",ac688e55,G Roelofsen,2,19,27,0,0,bowled
1299621,2022-02-18,2021-22,2,DOL,NWEST,"St George's Park, Port Elizabeth",6287d981,MJ Ackerman,3,11,9,1,0,bowled
1299621,2022-02-18,2021-22,2,DOL,NWEST,"St George's Park, Port Elizabeth",d67d5f00,DA Miller,4,35,26,2,1,not out
1299621,2022-02-18,2021-22,2,DOL,NWEST,"St George's Park, Port Elizabeth",4aad78d3,K Zondo,5,19,16,1,0,not out
1299621,2022-02-18,2021-22,2,DOL,NWEST,"St George's Park, Port Elizabeth",fc60e81a,B Parsons,6,0,0,0,0,
1299621,2022-02-18,2021-22,2,DOL,NWEST,"St George's Park, Port Elizabeth",ab6b1c45,AL Phehlukwayo,7,0,0,0,0,
1299621,2022-02-18,2021-22,2,DOL,NWEST,"St George's Park, Port Elizabeth",7ec9711d,P Subrayen,8,0,0,0,0,
1299621,2022-02-18,2021-22,2,DOL,NWEST,"St George's Park, Port Elizabeth",28d6c44d,E Bosch,9,0,0,0,0,
1299621,2022-02-18,2021-22,2,DOL,NWEST,"St George's Park, Port Elizabeth",6b9eb501,OEG Baartman,10,0,0,0,0,
1299621,2022-02-18,2021-22,2,DOL,NWEST,"St George's Park, Port Elizabeth",d44569de,T Ntini,11,0,0,0,0,
1299622,2022-02-19,2021-22,1,WPR,TIT,"St George's Park, Port Elizabeth",18c78b11,RE Levi,1,0,3,0,0,caught
1299622,2022-02-19,2021-22,1,WPR,TIT,"St George's Park, Port Elizabeth",572f55fb,JA Bird,2,8,12,1,0,caught
1299622,2022-02-19,2021-22,1,WPR,TIT,"St George's Park, Port Elizabeth",d3a1c63d,T de Zorzi,3,45,38,1,3,caught
1299622,2022-02-19,2021-22,1,WPR,TIT,"St George's Park, Port Elizabeth",087210b1,DJ Vilas,4,60,48,4,2,not out
1299622,2022-02-19,2021-22,1,WPR,TIT,"St George's Park, Port Elizabeth",e5437608,GF Linde,5,3,5,0,0,caught
1299622,2022-02-19,2021-22,1,WPR,TIT,"St George's Park, Port Elizabeth",3a60e0b5,WD Parnell,6,17,13,2,0,caught
1299622,2022-02-19,2021-22,1,WPR,TIT,"St George's Park, Port Elizabeth",955e8e86,A Mgijima,7,1,1,0,0,not out
1299622,2022-02-19,2021-22,1,WPR,TIT,"St George's Park, Port Elizabeth",3122c016,KI Simmonds,8,0,0,0,0,
1299622,2022-02-19,2021-22,1,WPR,TIT,"St George's Park, Port Elizabeth",547c5509,M Mpongwana,9,0,0,0,0,
1299622,2022-02-19,2021-22,1,WPR,TIT,"St George's Park, Port Elizabeth",b56dc5f7,BE Hendricks,10,0,0,0,0,
1299622,2022-02-19,2021-22,1,WPR,TIT,"St George's Park, Port Elizabeth",1e182ae2,BD Walters,11,0,0,0,0,
1299622,2022-02-19,2021-22,2,TIT,WPR,"St George's Park, Port Elizabeth",90d6cdea,TB de Bruyn,1,37,29,1,2,caught
1299622,2022-02-19,2021-22,2,TIT,WPR,"St George's Park, Port Elizabeth",372455c4,Q de Kock,2,43,34,7,0,lbw
1299622,2022-02-19,2021-22,2,TIT,WPR,"St George's Park, Port Elizabeth",844e79d1,D Brevis,3,26,20,2,1,caught
1299622,2022-02-19,2021-22,2,TIT,WPR,"St George's Park, Port Elizabeth",235c2bb6,H Klaasen,4,33,25,1,2,not out
1299622,2022-02-19,2021-22,2,TIT,WPR,"St George's Park, Port Elizabeth",1b42a100,BS Makhanya,5,3,9,0,0,not out
1299622,2022-02-19,2021-22,2,TIT,WPR,"St George's Park, Port Elizabeth",f0af99a7,D Ferreira,6,0,0,0,0,
1299622,2022-02-19,2021-22,2,TIT,WPR,"St George's Park, Port Elizabeth",a83c44b8,A Gqamane,7,0,0,0,0,
1299622,2022-02-19,2021-22,2,TIT,WPR,"St George's Park, Port Elizabeth",1cb14aa4,CJ Dala,8,0,0,0,0,
1299622,2022-02-19,2021-22,2,TIT,WPR,"St George's Park, Port Elizabeth",7f8ecc51,AM Phangiso,9,0,0,0,0,
1299622,2022-02-19,2021-22,2,TIT,WPR,"St George's Park, Port Elizabeth",a1d95bd8,LB Williams,10,0,0,0,0,
1299622,2022-02-19,2021-22,2,TIT,WPR,"St George's Park, Port Elizabeth",a03bba42,T Shamsi,11,0,0,0,0,
1299623,2022-02-19,2021-22,1,LIONS,WAR,"St George's Park, Port Elizabeth",b8cc58c9,RR Hendricks,1,61,41,9,0,run out
1299623,2022-02-19,2021-22,1,LIONS,WAR,"St George's Park, Port Elizabeth",7fe32072,K Rapulana,2,6,17,0,0,bowled
1299623,2022-02-19,2021-22,1,LIONS,WAR,"St George's Park, Port Elizabeth",0ecf791e,S Dadswell,3,9,10,0,1,bowled
1299623,2022-02-19,2021-22,1,LIONS,WAR,"St George's Park, Port Elizabeth",46e4a4e0,M Van Buuren,4,13,14,0,0,bowled
1299623,2022-02-19,2021-22,1,LIONS,WAR,"St George's Park, Port Elizabeth",8361e524,SSB Magala,5,2,8,0,0,bowled
1299623,2022-02-19,2021-22,1,LIONS,WAR,"St George's Park, Port Elizabeth",9a2fc964,BC Fortuin,6,5,10,0,0,bowled
1299623,2022-02-19,2021-22,1,LIONS,WAR,"St George's Park, Port Elizabeth",aaa5a3a3,J Landsberg,7,21,14,1,1,not out
1299623,2022-02-19,2021-22,1,LIONS,WAR,"St George's Park, Port Elizabeth",f66f5343,DA Hendricks,8,18,6,1,1,not out
1299623,2022-02-19,2021-22,1,LIONS,WAR,"St George's Park, Port Elizabeth",9d50c7e1,MP Siboto,9,0,0,0,0,
1299623,2022-02-19,2021-22,1,LIONS,WAR,"St George's Park, Port Elizabeth",f2397e48,Codi Yusuf,10,0,0,0,0,
1299623,2022-02-19,2021-22,1,LIONS,WAR,"St George's Park, Port Elizabeth",032e4384,T Bokako,11,0,0,0,0,
1299623,2022-02-19,2021-22,2,WAR,LIONS,"St George's Park, Port Elizabeth",10f42013,WJ Lubbe,1,46,30,6,1,run out
1299623,2022-02-19,2021-22,2,WAR,LIONS,"St George's Park, Port Elizabeth",35f173a0,MP Breetzke,2,11,9,2,0,caught
1299623,2022-02-19,2021-22,2,WAR,LIONS,"St George's Park, Port Elizabeth",42172c3c,JT Smuts,3,2,5,0,0,lbw
1299623,2022-02-19,2021-22,2,WAR,LIONS,"St George's Park, Port Elizabeth",85b3fab2,T Stubbs,4,11,7,0,1,caught
1299623,2022-02-19,2021-22,2,WAR,LIONS,"St George's Park, Port Elizabeth",51355a30,LC Ngoepe,5,38,24,5,1,not out
1299623,2022-02-19,2021-22,2,WAR,LIONS,"St George's Park, Port Elizabeth",f8e6dbdd,DS Rosier,6,17,17,1,1,caught
1299623,2022-02-19,2021-22,2,WAR,LIONS,"St George's Park, Port Elizabeth",94268960,S Qeshile,7,7,4,1,0,not out
1299623,2022-02-19,2021-22,2,WAR,LIONS,"St George's Park, Port Elizabeth",462d7c62,D Paterson,8,0,0,0,0,
1299623,2022-02-19,2021-22,2,WAR,LIONS,"St George's Park, Port Elizabeth",be3ffb65,Tsepo Ndwandwa,9,0,0,0,0,
1299623,2022-02-19,2021-22,2,WAR,LIONS,"St George's Park, Port Elizabeth",bd36db2c,A Mnyaka,10,0,0,0,0,
1299623,2022-02-19,2021-22,2,WAR,LIONS,"St George's Park, Port Elizabeth",deccdffa,L Makhosi,11,0,0,0,0,
1299624,2022-02-20,2021-22,1,BOL,DOL,"St George's Park, Port Elizabeth",f76d7466,JN Malan,1,1,6,0,0,caught
1299624,2022-02-20,2021-22,1,BOL,DOL,"St George's Park, Port Elizabeth",f32d890a,PJ Malan,2,33,30,4,0,caught
1299624,2022-02-20,2021-22,1,BOL,DOL,"St George's Park, Port Elizabeth",f25cebec,C Fortuin,3,27,36,1,1,stumped
1299624,2022-02-20,2021-22,1,BOL,DOL,"St George's Park, Port Elizabeth",9943b637,M Copeland,4,5,5,1,0,bowled
1299624,2022-02-20,2021-22,1,BOL,DOL,"St George's Park, Port Elizabeth",f277f531,FD Adams,5,15,14,2,0,caught
1299624,2022-02-20,2021-22,1,BOL,DOL,"St George's Park, Port Elizabeth",28d46c78,H Hanabe,6,0,2,0,0,caught
1299624,2022-02-20,2021-22,1,BOL,DOL,"St George's Park, Port Elizabeth",a316d663,GC Viljoen,7,15,14,1,0,bowled
1299624,2022-02-20,2021-22,1,BOL,DOL,"St George's Park, Port Elizabeth",ffd3fc37,S von Berg,8,3,5,0,0,run out
1299624,2022-02-20,2021-22,1,BOL,DOL,"St George's Park, Port Elizabeth",5ec126fa,I Manack,9,11,6,1,0,not out
1299624,2022-02-20,2021-22,1,BOL,DOL,"St George's Park, Port Elizabeth",1062bebb,Siyabonga Mahima,10,2,2,0,0,run out
1299624,2022-02-20,2021-22,1,BOL,DOL,"St George's Park, Port Elizabeth",7eb7d5d4,Z Abrahams,11,0,0,0,0,not out
1299624,2022-02-20,2021-22,2,DOL,BOL,"St George's Park, Port Elizabeth",bf64dc29,KD Petersen,1,5,13,0,0,run out
1299624,2022-02-20,2021-22,2,DOL,BOL,"St George's Park, Port Elizabeth",ac688e55,G Roelofsen,2,19,16,2,1,caught
1299624,2022-02-20,2021-22,2,DOL,BOL,"St George's Park, Port Elizabeth",6287d981,MJ Ackerman,3,23,23,3,0,caught
1299624,2022-02-20,2021-22,2,DOL,BOL,"St George's Park, Port Elizabeth",91cd48e0,JF Smith,4,1,4,0,0,caught
1299624,2022-02-20,2021-22,2,DOL,BOL,"St George's Park, Port Elizabeth",4aad78d3,K Zondo,5,24,23,2,0,caught
1299624,2022-02-20,2021-22,2,DOL,BOL,"St George's Park, Port Elizabeth",fc60e81a,B Parsons,6,4,8,0,0,caught
1299624,2022-02-20,2021-22,2,DOL,BOL,"St George's Park, Port Elizabeth",ab6b1c45,AL Phehlukwayo,7,12,12,0,1,run out
1299624,2022-02-20,2021-22,2,DOL,BOL,"St George's Park, Port Elizabeth",28d6c44d,E Bosch,8,14,13,0,0,bowled
1299624,2022-02-20,2021-22,2,DOL,BOL,"St George's Park, Port Elizabeth",7ec9711d,P Subrayen,9,3,3,0,0,not out
1299624,2022-02-20,2021-22,2,DOL,BOL,"St George's Park, Port Elizabeth",56feceb0,K Mungroo,10,2,3,0,0,bowled
1299624,2022-02-20,2021-22,2,DOL,BOL,"St George's Park, Port Elizabeth",6b9eb501,OEG Baartman,11,0,2,0,0,not out
1299625,2022-02-20,2021-22,1,KNG,LIONS,"St George's Park, Port Elizabeth",a3ae63f4,GJ Snyman,1,39,27,4,2,caught
1299625,2022-02-20,2021-22,1,KNG,LIONS,"St George's Park, Port Elizabeth",d50fba28,CP Klijnhans,2,0,9,0,0,bowled
1299625,2022-02-20,2021-22,1,KNG,LIONS,"St George's Park, Port Elizabeth",4025c262,PJ van Biljon,3,20,13,3,0,run out
1299625,2022-02-20,2021-22,1,KNG,LIONS,"St George's Park, Port Elizabeth",01dc3ec0,P Botha,4,5,7,0,0,bowled
1299625,2022-02-20,2021-22,1,KNG,LIONS,"St George's Park, Port Elizabeth",dce2019b,F Behardien,5,35,31,1,1,not out
1299625,2022-02-20,2021-22,1,KNG,LIONS,"St George's Park, Port Elizabeth",39181592,PE Kruger,6,11,9,2,0,bowled
1299625,2022-02-20,2021-22,1,KNG,LIONS,"St George's Park, Port Elizabeth",8836fcac,M Mosehle,7,4,8,0,0,caught
1299625,2022-02-20,2021-22,1,KNG,LIONS,"St George's Park, Port Elizabeth",54c2b697,M Pretorius,8,4,6,0,0,caught
1299625,2022-02-20,2021-22,1,KNG,LIONS,"St George's Park, Port Elizabeth",d92d8446,G Mahlokwana,9,4,8,0,0,caught
1299625,2022-02-20,2021-22,1,KNG,LIONS,"St George's Park, Port Elizabeth",ea1eba98,SA Mothoa,10,0,2,0,0,not out
1299625,2022-02-20,2021-22,1,KNG,LIONS,"St George's Park, Port Elizabeth",ad19dda3,N van Heerden,11,0,0,0,0,
1299625,2022-02-20,2021-22,2,LIONS,KNG,"St George's Park, Port Elizabeth",b8cc58c9,RR Hendricks,1,34,31,5,0,caught
1299625,2022-02-20,2021-22,2,LIONS,KNG,"St George's Park, Port Elizabeth",0ecf791e,S Dadswell,2,1,3,0,0,caught
1299625,2022-02-20,2021-22,2,LIONS,KNG,"St George's Park, Port Elizabeth",7fe32072,K Rapulana,3,2,3,0,0,caught
1299625,2022-02-20,2021-22,2,LIONS,KNG,"St George's Park, Port Elizabeth",46e4a4e0,M Van Buuren,4,67,55,5,1,not out
1299625,2022-02-20,2021-22,2,LIONS,KNG,"St George's Park, Port Elizabeth",f66f5343,DA Hendricks,5,5,7,0,0,bowled
1299625,2022-02-20,2021-22,2,LIONS,KNG,"St George's Park, Port Elizabeth",8361e524,SSB Magala,6,4,10,0,0,bowled
1299625,2022-02-20,2021-22,2,LIONS,KNG,"St George's Park, Port Elizabeth",aaa5a3a3,J Landsberg,7,7,6,0,0,not out
1299625,2022-02-20,2021-22,2,LIONS,KNG,"St George's Park, Port Elizabeth",9d50c7e1,MP Siboto,8,0,0,0,0,
1299625,2022-02-20,2021-22,2,LIONS,KNG,"St George's Park, Port Elizabeth",f2397e48,Codi Yusuf,9,0,0,0,0,
1299625,2022-02-20,2021-22,2,LIONS,KNG,"St George's Park, Port Elizabeth",032e4384,T Bokako,10,0,0,0,0,
1299625,2022-02-20,2021-22,2,LIONS,KNG,"St George's Park, Port Elizabeth",8e6827f7,T Ntuli,11,0,0,0,0,
1299626,2022-02-22,2021-22,1,TIT,NWEST,"St George's Park, Port Elizabeth",372455c4,Q de Kock,1,34,17,6,1,caught
1299626,2022-02-22,2021-22,1,TIT,NWEST,"St George's Park, Port Elizabeth",90d6cdea,TB de Bruyn,2,25,19,3,1,caught
1299626,2022-02-22,2021-22,1,TIT,NWEST,"St George's Park, Port Elizabeth",844e79d1,D Brevis,3,0,2,0,0,bowled
1299626,2022-02-22,2021-22,1,TIT,NWEST,"St George's Park, Port Elizabeth",235c2bb6,H Klaasen,4,54,41,6,1,not out
1299626,2022-02-22,2021-22,1,TIT,NWEST,"St George's Park, Port Elizabeth",1b42a100,BS Makhanya,5,5,8,0,0,caught
1299626,2022-02-22,2021-22,1,TIT,NWEST,"St George's Park, Port Elizabeth",f0af99a7,D Ferreira,6,37,35,3,1,not out
1299626,2022-02-22,2021-22,1,TIT,NWEST,"St George's Park, Port Elizabeth",a83c44b8,A Gqamane,7,0,0,0,0,
1299626,2022-02-22,2021-22,1,TIT,NWEST,"St George's Park, Port Elizabeth",1cb14aa4,CJ Dala,8,0,0,0,0,
1299626,2022-02-22,2021-22,1,TIT,NWEST,"St George's Park, Port Elizabeth",7f8ecc51,AM Phangiso,9,0,0,0,0,
1299626,2022-02-22,2021-22,1,TIT,NWEST,"St George's Park, Port Elizabeth",a1d95bd8,LB Williams,10,0,0,0,0,
1299626,2022-02-22,2021-22,1,TIT,NWEST,"St George's Park, Port Elizabeth",a03bba42,T Shamsi,11,0,0,0,0,
1299626,2022-02-22,2021-22,2,NWEST,TIT,"St George's Park, Port Elizabeth",2d7f2ba0,WB Marshall,1,6,4,1,0,run out
1299626,2022-02-22,2021-22,2,NWEST,TIT,"St George's Park, Port Elizabeth",ede05b97,HG Kuhn,2,17,16,2,0,lbw
1299626,2022-02-22,2021-22,2,NWEST,TIT,"St George's Park, Port Elizabeth",7d9b4224,L Senokwane,3,31,32,3,1,bowled
1299626,2022-02-22,2021-22,2,NWEST,TIT,"St George's Park, Port Elizabeth",055e8d7b,NJ van den Bergh,4,9,6,0,1,caught
1299626,2022-02-22,2021-22,2,NWEST,TIT,"St George's Park, Port Elizabeth",11614d87,D Pretorius,5,3,9,0,0,caught
1299626,2022-02-22,2021-22,2,NWEST,TIT,"St George's Park, Port Elizabeth",7dfb8890,S Muthusamy,6,22,15,3,0,caught
1299626,2022-02-22,2021-22,2,NWEST,TIT,"St George's Park, Port Elizabeth",01698fee,Z Pongolo,7,22,18,2,0,not out
1299626,2022-02-22,2021-22,2,NWEST,TIT,"St George's Park, Port Elizabeth",a0936692,EL Hawken,8,7,6,1,0,stumped
1299626,2022-02-22,2021-22,2,NWEST,TIT,"St George's Park, Port Elizabeth",bc31511b,JN Diseko,9,14,14,1,1,not out
1299626,2022-02-22,2021-22,2,NWEST,TIT,"St George's Park, Port Elizabeth",be8b147b,C Seleka,10,0,0,0,0,
1299626,2022-02-22,2021-22,2,NWEST,TIT,"St George's Park, Port Elizabeth",1bd69aec,C Classen,11,0,0,0,0,
1299627,2022-02-22,2021-22,1,KNG,BOL,"St George's Park, Port Elizabeth",d50fba28,CP Klijnhans,1,52,47,6,1,caught
1299627,2022-02-22,2021-22,1,KNG,BOL,"St George's Park, Port Elizabeth",a3ae63f4,GJ Snyman,2,23,13,3,1,caught
1299627,2022-02-22,2021-22,1,KNG,BOL,"St George's Park, Port Elizabeth",0ba03cec,R van Tonder,3,38,33,2,1,caught
1299627,2022-02-22,2021-22,1,KNG,BOL,"St George's Park, Port Elizabeth",4025c262,PJ van Biljon,4,12,11,0,1,caught
1299627,2022-02-22,2021-22,1,KNG,BOL,"St George's Park, Port Elizabeth",39181592,PE Kruger,5,19,7,0,2,not out
1299627,2022-02-22,2021-22,1,KNG,BOL,"St George's Park, Port Elizabeth",8836fcac,M Mosehle,6,1,2,0,0,caught
1299627,2022-02-22,2021-22,1,KNG,BOL,"St George's Park, Port Elizabeth",3204c99f,G Coetzee,7,10,7,0,1,caught
1299627,2022-02-22,2021-22,1,KNG,BOL,"St George's Park, Port Elizabeth",3c338b6a,J Raubenheimer,8,0,0,0,0,
1299627,2022-02-22,2021-22,1,KNG,BOL,"St George's Park, Port Elizabeth",d92d8446,G Mahlokwana,9,0,0,0,0,
1299627,2022-02-22,2021-22,1,KNG,BOL,"St George's Park, Port Elizabeth",ea1eba98,SA Mothoa,10,0,0,0,0,
1299627,2022-02-22,2021-22,1,KNG,BOL,"St George's Park, Port Elizabeth",ad19dda3,N van Heerden,11,0,0,0,0,
1299627,2022-02-22,2021-22,2,BOL,KNG,"St George's Park, Port Elizabeth",f76d7466,JN Malan,1,33,25,4,1,caught
1299627,2022-02-22,2021-22,2,BOL,KNG,"St George's Park, Port Elizabeth",f32d890a,PJ Malan,2,60,51,6,1,not out
1299627,2022-02-22,2021-22,2,BOL,KNG,"St George's Park, Port Elizabeth",f25cebec,C Fortuin,3,46,31,4,1,bowled
1299627,2022-02-22,2021-22,2,BOL,KNG,"St George's Park, Port Elizabeth",a81d6706,C Jonker,4,17,13,2,0,not out
1299627,2022-02-22,2021-22,2,BOL,KNG,"St George's Park, Port Elizabeth",f277f531,FD Adams,5,0,0,0,0,
1299627,2022-02-22,2021-22,2,BOL,KNG,"St George's Park, Port Elizabeth",9943b637,M Copeland,6,0,0,0,0,
1299627,2022-02-22,2021-22,2,BOL,KNG,"St George's Park, Port Elizabeth",9ca20359,SV Kitime,7,0,0,0,0,
1299627,2022-02-22,2021-22,2,BOL,KNG,"St George's Park, Port Elizabeth",ffd3fc37,S von Berg,8,0,0,0,0,
1299627,2022-02-22,2021-22,2,BOL,KNG,"St George's Park, Port Elizabeth",5ec126fa,I Manack,9,0,0,0,0,
1299627,2022-02-22,2021-22,2,BOL,KNG,"St George's Park, Port Elizabeth",1062bebb,Siyabonga Mahima,10,0,0,0,0,
1299627,2022-02-22,2021-22,2,BOL,KNG,"St George's Park, Port Elizabeth",7eb7d5d4,Z Abrahams,11,0,0,0,0,
1299628,2022-02-23,2021-22,1,DOL,WPR,"St George's Park, Port Elizabeth",bf64dc29,KD Petersen,1,0,1,0,0,bowled
1299628,2022-02-23,2021-22,1,DOL,WPR,"St George's Park, Port Elizabeth",ac688e55,G Roelofsen,2,8,6,0,1,caught
1299628,2022-02-23,2021-22,1,DOL,WPR,"St George's Park, Port Elizabeth",6287d981,MJ Ackerman,3,5,7,0,0,caught
1299628,2022-02-23,2021-22,1,DOL,WPR,"St George's Park, Port Elizabeth",57e1d7e4,R de Swardt,4,22,23,2,0,caught
1299628,2022-02-23,2021-22,1,DOL,WPR,"St George's Park, Port Elizabeth",4aad78d3,K Zondo,5,59,51,4,0,not out
1299628,2022-02-23,2021-22,1,DOL,WPR,"St George's Park, Port Elizabeth",fc60e81a,B Parsons,6,28,22,2,1,caught
1299628,2022-02-23,2021-22,1,DOL,WPR,"St George's Park, Port Elizabeth",ab6b1c45,AL Phehlukwayo,7,25,10,2,2,not out
1299628,2022-02-23,2021-22,1,DOL,WPR,"St George's Park, Port Elizabeth",28d6c44d,E Bosch,8,0,0,0,0,
1299628,2022-02-23,2021-22,1,DOL,WPR,"St George's Park, Port Elizabeth",7ec9711d,P Subrayen,9,0,0,0,0,
1299628,2022-02-23,2021-22,1,DOL,WPR,"St George's Park, Port Elizabeth",56feceb0,K Mungroo,10,0,0,0,0,
1299628,2022-02-23,2021-22,1,DOL,WPR,"St George's Park, Port Elizabeth",6b9eb501,OEG Baartman,11,0,0,0,0,
1299628,2022-02-23,2021-22,2,WPR,DOL,"St George's Park, Port Elizabeth",18c78b11,RE Levi,1,15,16,2,0,caught and bowled
1299628,2022-02-23,2021-22,2,WPR,DOL,"St George's Park, Port Elizabeth",5d69930d,D Smith,2,17,23,2,0,bowled
1299628,2022-02-23,2021-22,2,WPR,DOL,"St George's Park, Port Elizabeth",d3a1c63d,T de Zorzi,3,1,4,0,0,bowled
1299628,2022-02-23,2021-22,2,WPR,DOL,"St George's Park, Port Elizabeth",087210b1,DJ Vilas,4,9,11,1,0,lbw
1299628,2022-02-23,2021-22,2,WPR,DOL,"St George's Park, Port Elizabeth",9fa54c94,MY Vallie,5,10,10,0,0,caught
1299628,2022-02-23,2021-22,2,WPR,DOL,"St George's Park, Port Elizabeth",e5437608,GF Linde,6,0,1,0,0,bowled
1299628,2022-02-23,2021-22,2,WPR,DOL,"St George's Park, Port Elizabeth",955e8e86,A Mgijima,7,18,12,3,0,bowled
1299628,2022-02-23,2021-22,2,WPR,DOL,"St George's Park, Port Elizabeth",3a60e0b5,WD Parnell,8,2,6,0,0,bowled
1299628,2022-02-23,2021-22,2,WPR,DOL,"St George's Park, Port Elizabeth",547c5509,M Mpongwana,9,4,4,0,0,caught
1299628,2022-02-23,2021-22,2,WPR,DOL,"St George's Park, Port Elizabeth",b56dc5f7,BE Hendricks,10,6,4,1,0,not out
1299628,2022-02-23,2021-22,2,WPR,DOL,"St George's Park, Port Elizabeth",a2316f90,J Dawood,11,1,3,0,0,bowled
1299629,2022-02-23,2021-22,1,NWEST,WAR,"St George's Park, Port Elizabeth",ede05b97,HG Kuhn,1,78,57,6,2,caught
1299629,2022-02-23,2021-22,1,NWEST,WAR,"St George's Park, Port Elizabeth",2d7f2ba0,WB Marshall,2,22,19,2,1,caught
1299629,2022-02-23,2021-22,1,NWEST,WAR,"St George's Park, Port Elizabeth",7d9b4224,L Senokwane,3,4,7,0,0,hit wicket
1299629,2022-02-23,2021-22,1,NWEST,WAR,"St George's Park, Port Elizabeth",60fbf53a,D Potgieter,4,29,22,0,3,caught
1299629,2022-02-23,2021-22,1,NWEST,WAR,"St George's Park, Port Elizabeth",11614d87,D Pretorius,5,2,4,0,0,bowled
1299629,2022-02-23,2021-22,1,NWEST,WAR,"St George's Park, Port Elizabeth",7dfb8890,S Muthusamy,6,24,11,0,3,not out
1299629,2022-02-23,2021-22,1,NWEST,WAR,"St George's Park, Port Elizabeth",8dc152d1,D Jansen,7,1,1,0,0,not out
1299629,2022-02-23,2021-22,1,NWEST,WAR,"St George's Park, Port Elizabeth",249a17c8,T Isaacs,8,0,0,0,0,
1299629,2022-02-23,2021-22,1,NWEST,WAR,"St George's Park, Port Elizabeth",01698fee,Z Pongolo,9,0,0,0,0,
1299629,2022-02-23,2021-22,1,NWEST,WAR,"St George's Park, Port Elizabeth",be8b147b,C Seleka,10,0,0,0,0,
1299629,2022-02-23,2021-22,1,NWEST,WAR,"St George's Park, Port Elizabeth",58f01d47,LM Zuma,11,0,0,0,0,
1299629,2022-02-23,2021-22,2,WAR,NWEST,"St George's Park, Port Elizabeth",10f42013,WJ Lubbe,1,0,4,0,0,caught
1299629,2022-02-23,2021-22,2,WAR,NWEST,"St George's Park, Port Elizabeth",35f173a0,MP Breetzke,2,13,11,2,0,stumped
1299629,2022-02-23,2021-22,2,WAR,NWEST,"St George's Park, Port Elizabeth",42172c3c,JT Smuts,3,21,18,2,1,run out
1299629,2022-02-23,2021-22,2,WAR,NWEST,"St George's Park, Port Elizabeth",51355a30,LC Ngoepe,4,43,28,3,2,caught
1299629,2022-02-23,2021-22,2,WAR,NWEST,"St George's Park, Port Elizabeth",85b3fab2,T Stubbs,5,18,19,1,0,caught
1299629,2022-02-23,2021-22,2,WAR,NWEST,"St George's Park, Port Elizabeth",f8e6dbdd,DS Rosier,6,3,7,0,0,caught
1299629,2022-02-23,2021-22,2,WAR,NWEST,"St George's Park, Port Elizabeth",94268960,S Qeshile,7,24,13,3,1,caught
1299629,2022-02-23,2021-22,2,WAR,NWEST,"St George's Park, Port Elizabeth",13d0b3d6,RS Second,8,29,14,2,1,caught
1299629,2022-02-23,2021-22,2,WAR,NWEST,"St George's Park, Port Elizabeth",f3288c80,K Jacobs,9,0,1,0,0,bowled
1299629,2022-02-23,2021-22,2,WAR,NWEST,"St George's Park, Port Elizabeth",be3ffb65,Tsepo Ndwandwa,10,2,2,0,0,not out
1299629,2022-02-23,2021-22,2,WAR,NWEST,"St George's Park, Port Elizabeth",bd36db2c,A Mnyaka,11,4,3,0,0,not out
1299630,2022-02-25,2021-22,1,DOL,TIT,"St George's Park, Port Elizabeth",bf64dc29,KD Petersen,1,3,7,0,0,bowled
1299630,2022-02-25,2021-22,1,DOL,TIT,"St George's Park, Port Elizabeth",ac688e55,G Roelofsen,2,6,7,1,0,caught
1299630,2022-02-25,2021-22,1,DOL,TIT,"St George's Park, Port Elizabeth",57e1d7e4,R de Swardt,3,10,20,1,0,caught
1299630,2022-02-25,2021-22,1,DOL,TIT,"St George's Park, Port Elizabeth",d67d5f00,DA Miller,4,0,3,0,0,caught
1299630,2022-02-25,2021-22,1,DOL,TIT,"St George's Park, Port Elizabeth",4aad78d3,K Zondo,5,33,33,0,2,caught
1299630,2022-02-25,2021-22,1,DOL,TIT,"St George's Park, Port Elizabeth",fc60e81a,B Parsons,6,0,1,0,0,bowled
1299630,2022-02-25,2021-22,1,DOL,TIT,"St George's Park, Port Elizabeth",ab6b1c45,AL Phehlukwayo,7,1,3,0,0,bowled
1299630,2022-02-25,2021-22,1,DOL,TIT,"St George's Park, Port Elizabeth",28d6c44d,E Bosch,8,12,25,1,0,caught
1299630,2022-02-25,2021-22,1,DOL,TIT,"St George's Park, Port Elizabeth",7ec9711d,P Subrayen,9,13,11,0,0,not out
1299630,2022-02-25,2021-22,1,DOL,TIT,"St George's Park, Port Elizabeth",56feceb0,K Mungroo,10,9,10,1,0,not out
1299630,2022-02-25,2021-22,1,DOL,TIT,"St George's Park, Port Elizabeth",6b9eb501,OEG Baartman,11,0,0,0,0,
1299630,2022-02-25,2021-22,2,TIT,DOL,"St George's Park, Port Elizabeth",90d6cdea,TB de Bruyn,1,18,12,4,0,caught
1299630,2022-02-25,2021-22,2,TIT,DOL,"St George's Park, Port Elizabeth",372455c4,Q de Kock,2,0,1,0,0,bowled
1299630,2022-02-25,2021-22,2,TIT,DOL,"St George's Park, Port Elizabeth",844e79d1,D Brevis,3,38,30,4,1,caught
1299630,2022-02-25,2021-22,2,TIT,DOL,"St George's Park, Port Elizabeth",235c2bb6,H Klaasen,4,10,23,1,0,caught
1299630,2022-02-25,2021-22,2,TIT,DOL,"St George's Park, Port Elizabeth",1b42a100,BS Makhanya,5,18,11,1,1,not out
1299630,2022-02-25,2021-22,2,TIT,DOL,"St George's Park, Port Elizabeth",f0af99a7,D Ferreira,6,8,8,0,1,not out
1299630,2022-02-25,2021-22,2,TIT,DOL,"St George's Park, Port Elizabeth",a83c44b8,A Gqamane,7,0,0,0,0,
1299630,2022-02-25,2021-22,2,TIT,DOL,"St George's Park, Port Elizabeth",1cb14aa4,CJ Dala,8,0,0,0,0,
1299630,2022-02-25,2021-22,2,TIT,DOL,"St George's Park, Port Elizabeth",7f8ecc51,AM Phangiso,9,0,0,0,0,
1299630,2022-02-25,2021-22,2,TIT,DOL,"St George's Park, Port Elizabeth",a1d95bd8,LB Williams,10,0,0,0,0,
1299630,2022-02-25,2021-22,2,TIT,DOL,"St George's Park, Port Elizabeth",a03bba42,T Shamsi,11,0,0,0,0,
1299631,2022-02-25,2021-22,1,WPR,BOL,"St George's Park, Port Elizabeth",18c78b11,RE Levi,1,14,7,1,1,caught
1299631,2022-02-25,2021-22,1,WPR,BOL,"St George's Park, Port Elizabeth",572f55fb,JA Bird,2,31,32,4,1,caught and bowled
1299631,2022-02-25,2021-22,1,WPR,BOL,"St George's Park, Port Elizabeth",d3a1c63d,T de Zorzi,3,2,6,0,0,bowled
1299631,2022-02-25,2021-22,1,WPR,BOL,"St George's Park, Port Elizabeth",087210b1,DJ Vilas,4,1,4,0,0,caught
1299631,2022-02-25,2021-22,1,WPR,BOL,"St George's Park, Port Elizabeth",a5c3d564,G Kaplan,5,31,31,1,0,caught
1299631,2022-02-25,2021-22,1,WPR,BOL,"St George's Park, Port Elizabeth",e5437608,GF Linde,6,3,7,0,0,bowled
1299631,2022-02-25,2021-22,1,WPR,BOL,"St George's Park, Port Elizabeth",955e8e86,A Mgijima,7,16,16,1,0,caught
1299631,2022-02-25,2021-22,1,WPR,BOL,"St George's Park, Port Elizabeth",3a60e0b5,WD Parnell,8,3,5,0,0,caught
1299631,2022-02-25,2021-22,1,WPR,BOL,"St George's Park, Port Elizabeth",547c5509,M Mpongwana,9,5,6,0,0,caught
1299631,2022-02-25,2021-22,1,WPR,BOL,"St George's Park, Port Elizabeth",b56dc5f7,BE Hendricks,10,1,2,0,0,caught
1299631,2022-02-25,2021-22,1,WPR,BOL,"St George's Park, Port Elizabeth",a2316f90,J Dawood,11,3,3,0,0,not out
1299631,2022-02-25,2021-22,2,BOL,WPR,"St George's Park, Port Elizabeth",f76d7466,JN Malan,1,39,35,3,1,caught
1299631,2022-02-25,2021-22,2,BOL,WPR,"St George's Park, Port Elizabeth",f32d890a,PJ Malan,2,57,57,6,1,caught
1299631,2022-02-25,2021-22,2,BOL,WPR,"St George's Park, Port Elizabeth",f25cebec,C Fortuin,3,11,8,2,0,not out
1299631,2022-02-25,2021-22,2,BOL,WPR,"St George's Park, Port Elizabeth",9943b637,M Copeland,4,0,3,0,0,lbw
1299631,2022-02-25,2021-22,2,BOL,WPR,"St George's Park, Port Elizabeth",f277f531,FD Adams,5,6,6,1,0,not out
1299631,2022-02-25,2021-22,2,BOL,WPR,"St George's Park, Port Elizabeth",a81d6706,C Jonker,6,0,0,0,0,
1299631,2022-02-25,2021-22,2,BOL,WPR,"St George's Park, Port Elizabeth",ffd3fc37,S von Berg,7,0,0,0,0,
1299631,2022-02-25,2021-22,2,BOL,WPR,"St George's Park, Port Elizabeth",5ec126fa,I Manack,8,0,0,0,0,
1299631,2022-02-25,2021-22,2,BOL,WPR,"St George's Park, Port Elizabeth",1062bebb,Siyabonga Mahima,9,0,0,0,0,
1299631,2022-02-25,2021-22,2,BOL,WPR,"St George's Park, Port Elizabeth",7eb7d5d4,Z Abrahams,10,0,0,0,0,
1299631,2022-02-25,2021-22,2,BOL,WPR,"St George's Park, Port Elizabeth",9ca20359,SV Kitime,11,0,0,0,0,
1299632,2022-02-27,2021-22,1,BOL,TIT,"St George's Park, Port Elizabeth",f76d7466,JN Malan,1,7,11,1,0,bowled
1299632,2022-02-27,2021-22,1,BOL,TIT,"St George's Park, Port Elizabeth",f32d890a,PJ Malan,2,71,56,2,5,caught
1299632,2022-02-27,2021-22,1,BOL,TIT,"St George's Park, Port Elizabeth",f25cebec,C Fortuin,3,7,7,0,0,run out
1299632,2022-02-27,2021-22,1,BOL,TIT,"St George's Park, Port Elizabeth",9943b637,M Copeland,4,1,8,0,0,bowled
1299632,2022-02-27,2021-22,1,BOL,TIT,"St George's Park, Port Elizabeth",f277f531,FD Adams,5,6,14,0,0,lbw
1299632,2022-02-27,2021-22,1,BOL,TIT,"St George's Park, Port Elizabeth",9ca20359,SV Kitime,6,3,7,0,0,caught
1299632,2022-02-27,2021-22,1,BOL,TIT,"St George's Park, Port Elizabeth",a316d663,GC Viljoen,7,32,16,3,2,not out
1299632,2022-02-27,2021-22,1,BOL,TIT,"St George's Park, Port Elizabeth",ffd3fc37,S von Berg,8,1,2,0,0,not out
1299632,2022-02-27,2021-22,1,BOL,TIT,"St George's Park, Port Elizabeth",1062bebb,Siyabonga Mahima,9,0,0,0,0,
1299632,2022-02-27,2021-22,1,BOL,TIT,"St George's Park, Port Elizabeth",7eb7d5d4,Z Abrahams,10,0,0,0,0,
1299632,2022-02-27,2021-22,1,BOL,TIT,"St George's Park, Port Elizabeth",5ec126fa,I Manack,11,0,0,0,0,
1299632,2022-02-27,2021-22,2,TIT,BOL,"St George's Park, Port Elizabeth",372455c4,Q de Kock,1,9,5,2,0,caught
1299632,2022-02-27,2021-22,2,TIT,BOL,"St George's Park, Port Elizabeth",90d6cdea,TB de Bruyn,2,11,11,2,0,stumped
1299632,2022-02-27,2021-22,2,TIT,BOL,"St George's Park, Port Elizabeth",844e79d1,D Brevis,3,5,13,0,0,caught
1299632,2022-02-27,2021-22,2,TIT,BOL,"St George's Park, Port Elizabeth",235c2bb6,H Klaasen,4,17,15,1,0,bowled
1299632,2022-02-27,2021-22,2,TIT,BOL,"St George's Park, Port Elizabeth",1b42a100,BS Makhanya,5,37,32,4,1,caught
1299632,2022-02-27,2021-22,2,TIT,BOL,"St George's Park, Port Elizabeth",f0af99a7,D Ferreira,6,22,13,2,1,run out
1299632,2022-02-27,2021-22,2,TIT,BOL,"St George's Park, Port Elizabeth",a83c44b8,A Gqamane,7,0,1,0,0,caught and bowled
1299632,2022-02-27,2021-22,2,TIT,BOL,"St George's Park, Port Elizabeth",1cb14aa4,CJ Dala,8,8,14,0,0,caught
1299632,2022-02-27,2021-22,2,TIT,BOL,"St George's Park, Port Elizabeth",7f8ecc51,AM Phangiso,9,6,9,0,0,caught
1299632,2022-02-27,2021-22,2,TIT,BOL,"St George's Park, Port Elizabeth",a03bba42,T Shamsi,10,3,4,0,0,not out
1299632,2022-02-27,2021-22,2,TIT,BOL,"St George's Park, Port Elizabeth",a1d95bd8,LB Williams,11,2,3,0,0,not out
1334891,2022-10-17,2022-23,1,TIT,DOL,"Senwes Park, Potchefstroom",844e79d1,D Brevis,1,57,44,2,4,caught
1334891,2022-10-17,2022-23,1,TIT,DOL,"Senwes Park, Potchefstroom",68790da2,N Brand,2,1,3,0,0,caught
1334891,2022-10-17,2022-23,1,TIT,DOL,"Senwes Park, Potchefstroom",1b42a100,BS Makhanya,3,9,8,1,0,caught
1334891,2022-10-17,2022-23,1,TIT,DOL,"Senwes Park, Potchefstroom",90d6cdea,TB de Bruyn,4,20,22,1,1,bowled
1334891,2022-10-17,2022-23,1,TIT,DOL,"Senwes Park, Potchefstroom",f0af99a7,D Ferreira,5,24,13,2,2,caught
1334891,2022-10-17,2022-23,1,TIT,DOL,"Senwes Park, Potchefstroom",172dff15,C Bosch,6,12,7,2,0,caught
1334891,2022-10-17,2022-23,1,TIT,DOL,"Senwes Park, Potchefstroom",47c449c5,Dayyaan Galiem,7,26,13,1,2,not out
1334891,2022-10-17,2022-23,1,TIT,DOL,"Senwes Park, Potchefstroom",a83c44b8,A Gqamane,8,14,10,0,1,not out
1334891,2022-10-17,2022-23,1,TIT,DOL,"Senwes Park, Potchefstroom",230f5cea,J Pillay,9,0,0,0,0,
1334891,2022-10-17,2022-23,1,TIT,DOL,"Senwes Park, Potchefstroom",1cb14aa4,CJ Dala,10,0,0,0,0,
1334891,2022-10-17,2022-23,1,TIT,DOL,"Senwes Park, Potchefstroom",7f8ecc51,AM Phangiso,11,0,0,0,0,
1334891,2022-10-17,2022-23,2,DOL,TIT,"Senwes Park, Potchefstroom",ac688e55,G Roelofsen,1,68,42,7,2,caught
1334891,2022-10-17,2022-23,2,DOL,TIT,"Senwes Park, Potchefstroom",fc60e81a,B Parsons,2,10,11,1,0,caught
1334891,2022-10-17,2022-23,2,DOL,TIT,"Senwes Park, Potchefstroom",42172c3c,JT Smuts,3,14,18,1,0,caught
1334891,2022-10-17,2022-23,2,DOL,TIT,"Senwes Park, Potchefstroom",4aad78d3,K Zondo,4,4,4,0,0,caught and bowled
1334891,2022-10-17,2022-23,2,DOL,TIT,"Senwes Park, Potchefstroom",6287d981,MJ Ackerman,5,7,9,0,0,run out
1334891,2022-10-17,2022-23,2,DOL,TIT,"Senwes Park, Potchefstroom",91cd48e0,JF Smith,6,9,10,0,0,lbw
1334891,2022-10-17,2022-23,2,DOL,TIT,"Senwes Park, Potchefstroom",ebb74564,A Simelane,7,1,1,0,0,run out
1334891,2022-10-17,2022-23,2,DOL,TIT,"Senwes Park, Potchefstroom",28d6c44d,E Bosch,8,9,10,0,0,caught
1334891,2022-10-17,2022-23,2,DOL,TIT,"Senwes Park, Potchefstroom",7ec9711d,P Subrayen,9,0,2,0,0,run out
1334891,2022-10-17,2022-23,2,DOL,TIT,"Senwes Park, Potchefstroom",d44569de,T Ntini,10,1,4,0,0,not out
1334891,2022-10-17,2022-23,2,DOL,TIT,"Senwes Park, Potchefstroom",6b9eb501,OEG Baartman,11,0,1,0,0,caught
1334892,2022-10-17,2022-23,1,LIONS,NWEST,"Senwes Park, Potchefstroom",e66732f8,RD Rickelton,1,22,13,1,2,caught
1334892,2022-10-17,2022-23,1,LIONS,NWEST,"Senwes Park, Potchefstroom",afa78c3a,CS Delport,2,2,3,0,0,caught
1334892,2022-10-17,2022-23,1,LIONS,NWEST,"Senwes Park, Potchefstroom",f66f5343,DA Hendricks,3,19,19,1,0,caught and bowled
1334892,2022-10-17,2022-23,1,LIONS,NWEST,"Senwes Park, Potchefstroom",46e4a4e0,M Van Buuren,4,23,13,2,2,caught
1334892,2022-10-17,2022-23,1,LIONS,NWEST,"Senwes Park, Potchefstroom",c96f6ac5,PWA Mulder,5,55,41,2,3,caught
1334892,2022-10-17,2022-23,1,LIONS,NWEST,"Senwes Park, Potchefstroom",fbfea9c2,E Jones,6,37,24,2,2,caught
1334892,2022-10-17,2022-23,1,LIONS,NWEST,"Senwes Park, Potchefstroom",9d50c7e1,MP Siboto,7,6,6,0,0,not out
1334892,2022-10-17,2022-23,1,LIONS,NWEST,"Senwes Park, Potchefstroom",f2397e48,Codi Yusuf,8,0,1,0,0,not out
1334892,2022-10-17,2022-23,1,LIONS,NWEST,"Senwes Park, Potchefstroom",f892fcf9,L Sipamla,9,0,0,0,0,
1334892,2022-10-17,2022-23,1,LIONS,NWEST,"Senwes Park, Potchefstroom",032e4384,T Bokako,10,0,0,0,0,
1334892,2022-10-17,2022-23,1,LIONS,NWEST,"Senwes Park, Potchefstroom",595f565e,TM Maphaka,11,0,0,0,0,
1334892,2022-10-17,2022-23,2,NWEST,LIONS,"Senwes Park, Potchefstroom",2d7f2ba0,WB Marshall,1,11,6,2,0,caught
1334892,2022-10-17,2022-23,2,NWEST,LIONS,"Senwes Park, Potchefstroom",ede05b97,HG Kuhn,2,4,2,1,0,bowled
1334892,2022-10-17,2022-23,2,NWEST,LIONS,"Senwes Park, Potchefstroom",7d9b4224,L Senokwane,3,27,29,1,1,bowled
1334892,2022-10-17,2022-23,2,NWEST,LIONS,"Senwes Park, Potchefstroom",0827b38d,TG Mokoena,4,20,19,2,0,caught
1334892,2022-10-17,2022-23,2,NWEST,LIONS,"Senwes Park, Potchefstroom",60fbf53a,D Potgieter,5,34,17,5,1,caught and bowled
1334892,2022-10-17,2022-23,2,NWEST,LIONS,"Senwes Park, Potchefstroom",7dfb8890,S Muthusamy,6,60,29,4,5,not out
1334892,2022-10-17,2022-23,2,NWEST,LIONS,"Senwes Park, Potchefstroom",0867d81f,K Cotani,7,8,10,0,0,caught
1334892,2022-10-17,2022-23,2,NWEST,LIONS,"Senwes Park, Potchefstroom",8dc152d1,D Jansen,8,5,3,1,0,not out
1334892,2022-10-17,2022-23,2,NWEST,LIONS,"Senwes Park, Potchefstroom",be8b147b,C Seleka,9,0,0,0,0,
1334892,2022-10-17,2022-23,2,NWEST,LIONS,"Senwes Park, Potchefstroom",a0936692,EL Hawken,10,0,0,0,0,
1334892,2022-10-17,2022-23,2,NWEST,LIONS,"Senwes Park, Potchefstroom",56feceb0,K Mungroo,11,0,0,0,0,
1334893,2022-10-18,2022-23,1,WAR,KNG,"Senwes Park, Potchefstroom",35f173a0,MP Breetzke,1,7,9,1,0,caught
1334893,2022-10-18,2022-23,1,WAR,KNG,"Senwes Park, Potchefstroom",10f42013,WJ Lubbe,2,18,14,3,1,caught
1334893,2022-10-18,2022-23,1,WAR,KNG,"Senwes Park, Potchefstroom",f8e6dbdd,DS Rosier,3,6,11,0,0,lbw
1334893,2022-10-18,2022-23,1,WAR,KNG,"Senwes Park, Potchefstroom",e87aeca2,J Hermann,4,67,45,3,5,not out
1334893,2022-10-18,2022-23,1,WAR,KNG,"Senwes Park, Potchefstroom",51355a30,LC Ngoepe,5,4,11,0,0,caught
1334893,2022-10-18,2022-23,1,WAR,KNG,"Senwes Park, Potchefstroom",94268960,S Qeshile,6,9,6,0,1,caught
1334893,2022-10-18,2022-23,1,WAR,KNG,"Senwes Park, Potchefstroom",6e0a2209,B Swanepoel,7,1,2,0,0,lbw
1334893,2022-10-18,2022-23,1,WAR,KNG,"Senwes Park, Potchefstroom",d4d37c31,GA Stuurman,8,7,8,0,0,caught
1334893,2022-10-18,2022-23,1,WAR,KNG,"Senwes Park, Potchefstroom",7eb7d5d4,Z Abrahams,9,0,4,0,0,caught
1334893,2022-10-18,2022-23,1,WAR,KNG,"Senwes Park, Potchefstroom",f51c1a3b,K Molefe,10,0,4,0,0,run out
1334893,2022-10-18,2022-23,1,WAR,KNG,"Senwes Park, Potchefstroom",bd36db2c,A Mnyaka,11,7,6,0,1,not out
1334893,2022-10-18,2022-23,2,KNG,WAR,"Senwes Park, Potchefstroom",3bf40832,GL Cloete,1,0,1,0,0,bowled
1334893,2022-10-18,2022-23,2,KNG,WAR,"Senwes Park, Potchefstroom",a3ae63f4,GJ Snyman,2,7,3,0,1,not out
1334893,2022-10-18,2022-23,2,KNG,WAR,"Senwes Park, Potchefstroom",0ba03cec,R van Tonder,3,6,6,0,0,caught
1334893,2022-10-18,2022-23,2,KNG,WAR,"Senwes Park, Potchefstroom",4025c262,PJ van Biljon,4,7,7,1,0,bowled
1334893,2022-10-18,2022-23,2,KNG,WAR,"Senwes Park, Potchefstroom",cba5185d,AR Swanepoel,5,0,0,0,0,
1334893,2022-10-18,2022-23,2,KNG,WAR,"Senwes Park, Potchefstroom",39181592,PE Kruger,6,0,0,0,0,
1334893,2022-10-18,2022-23,2,KNG,WAR,"Senwes Park, Potchefstroom",1713d202,O Motlhoaring,7,0,0,0,0,
1334893,2022-10-18,2022-23,2,KNG,WAR,"Senwes Park, Potchefstroom",3204c99f,G Coetzee,8,0,0,0,0,
1334893,2022-10-18,2022-23,2,KNG,WAR,"Senwes Park, Potchefstroom",54c2b697,M Pretorius,9,0,0,0,0,
1334893,2022-10-18,2022-23,2,KNG,WAR,"Senwes Park, Potchefstroom",ea1eba98,SA Mothoa,10,0,0,0,0,
1334893,2022-10-18,2022-23,2,KNG,WAR,"Senwes Park, Potchefstroom",1d105638,M Budaza,11,0,0,0,0,
1334894,2022-10-18,2022-23,1,WPR,BOL,"Senwes Park, Potchefstroom",bf814547,K Verreynne,1,4,3,1,0,caught
1334894,2022-10-18,2022-23,1,WPR,BOL,"Senwes Park, Potchefstroom",20fe6965,EJ Cunningham,2,2,3,0,0,bowled
1334894,2022-10-18,2022-23,1,WPR,BOL,"Senwes Park, Potchefstroom",d3a1c63d,T de Zorzi,3,15,13,3,0,bowled
1334894,2022-10-18,2022-23,1,WPR,BOL,"Senwes Park, Potchefstroom",5d69930d,D Smith,4,25,24,3,0,caught
1334894,2022-10-18,2022-23,1,WPR,BOL,"Senwes Park, Potchefstroom",547c5509,M Mpongwana,5,1,3,0,0,bowled
1334894,2022-10-18,2022-23,1,WPR,BOL,"Senwes Park, Potchefstroom",e5437608,GF Linde,6,39,38,4,0,caught
1334894,2022-10-18,2022-23,1,WPR,BOL,"Senwes Park, Potchefstroom",8ab49ad2,Abdullah Bayoumy,7,3,6,0,0,bowled
1334894,2022-10-18,2022-23,1,WPR,BOL,"Senwes Park, Potchefstroom",3122c016,KI Simmonds,8,28,17,3,1,not out
1334894,2022-10-18,2022-23,1,WPR,BOL,"Senwes Park, Potchefstroom",b56dc5f7,BE Hendricks,9,17,13,1,0,not out
1334894,2022-10-18,2022-23,1,WPR,BOL,"Senwes Park, Potchefstroom",36ea17c1,TL Moreki,10,0,0,0,0,
1334894,2022-10-18,2022-23,1,WPR,BOL,"Senwes Park, Potchefstroom",a2316f90,J Dawood,11,0,0,0,0,
1334894,2022-10-18,2022-23,2,BOL,WPR,"Senwes Park, Potchefstroom",f76d7466,JN Malan,1,60,43,5,2,bowled
1334894,2022-10-18,2022-23,2,BOL,WPR,"Senwes Park, Potchefstroom",6e6fb538,JL du Plooy,2,18,9,3,1,caught
1334894,2022-10-18,2022-23,2,BOL,WPR,"Senwes Park, Potchefstroom",f32d890a,PJ Malan,3,17,13,2,1,caught
1334894,2022-10-18,2022-23,2,BOL,WPR,"Senwes Park, Potchefstroom",f25cebec,C Fortuin,4,43,27,6,1,caught
1334894,2022-10-18,2022-23,2,BOL,WPR,"Senwes Park, Potchefstroom",9943b637,M Copeland,5,0,1,0,0,bowled
1334894,2022-10-18,2022-23,2,BOL,WPR,"Senwes Park, Potchefstroom",dce2019b,F Behardien,6,1,1,0,0,not out
1334894,2022-10-18,2022-23,2,BOL,WPR,"Senwes Park, Potchefstroom",a316d663,GC Viljoen,7,9,3,2,0,not out
1334894,2022-10-18,2022-23,2,BOL,WPR,"Senwes Park, Potchefstroom",f277f531,FD Adams,8,0,0,0,0,
1334894,2022-10-18,2022-23,2,BOL,WPR,"Senwes Park, Potchefstroom",94cdf850,B Xenxe,9,0,0,0,0,
1334894,2022-10-18,2022-23,2,BOL,WPR,"Senwes Park, Potchefstroom",5ec126fa,I Manack,10,0,0,0,0,
1334894,2022-10-18,2022-23,2,BOL,WPR,"Senwes Park, Potchefstroom",781f2acc,K Gumede,11,0,0,0,0,
1334895,2022-10-19,2022-23,1,TIT,LIONS,"Senwes Park, Potchefstroom",844e79d1,D Brevis,1,30,17,3,2,caught
1334895,2022-10-19,2022-23,1,TIT,LIONS,"Senwes Park, Potchefstroom",230f5cea,J Pillay,2,61,44,6,3,lbw
1334895,2022-10-19,2022-23,1,TIT,LIONS,"Senwes Park, Potchefstroom",1b42a100,BS Makhanya,3,23,17,1,1,caught
1334895,2022-10-19,2022-23,1,TIT,LIONS,"Senwes Park, Potchefstroom",f0af99a7,D Ferreira,4,13,6,0,2,caught
1334895,2022-10-19,2022-23,1,TIT,LIONS,"Senwes Park, Potchefstroom",90d6cdea,TB de Bruyn,5,22,12,0,2,caught
1334895,2022-10-19,2022-23,1,TIT,LIONS,"Senwes Park, Potchefstroom",172dff15,C Bosch,6,18,15,3,0,caught
1334895,2022-10-19,2022-23,1,TIT,LIONS,"Senwes Park, Potchefstroom",47c449c5,Dayyaan Galiem,7,6,5,0,0,not out
1334895,2022-10-19,2022-23,1,TIT,LIONS,"Senwes Park, Potchefstroom",a83c44b8,A Gqamane,8,9,4,0,1,not out
1334895,2022-10-19,2022-23,1,TIT,LIONS,"Senwes Park, Potchefstroom",1cb14aa4,CJ Dala,9,0,0,0,0,
1334895,2022-10-19,2022-23,1,TIT,LIONS,"Senwes Park, Potchefstroom",7f8ecc51,AM Phangiso,10,0,0,0,0,
1334895,2022-10-19,2022-23,1,TIT,LIONS,"Senwes Park, Potchefstroom",23638956,SR Harmer,11,0,0,0,0,
1334895,2022-10-19,2022-23,2,LIONS,TIT,"Senwes Park, Potchefstroom",e66732f8,RD Rickelton,1,2,7,0,0,run out
1334895,2022-10-19,2022-23,2,LIONS,TIT,"Senwes Park, Potchefstroom",afa78c3a,CS Delport,2,3,5,0,0,caught
1334895,2022-10-19,2022-23,2,LIONS,TIT,"Senwes Park, Potchefstroom",f66f5343,DA Hendricks,3,0,2,0,0,caught
1334895,2022-10-19,2022-23,2,LIONS,TIT,"Senwes Park, Potchefstroom",46e4a4e0,M Van Buuren,4,19,16,1,1,bowled
1334895,2022-10-19,2022-23,2,LIONS,TIT,"Senwes Park, Potchefstroom",c96f6ac5,PWA Mulder,5,29,24,2,1,caught and bowled
1334895,2022-10-19,2022-23,2,LIONS,TIT,"Senwes Park, Potchefstroom",2cd3b457,M Manack,6,4,8,0,0,caught
1334895,2022-10-19,2022-23,2,LIONS,TIT,"Senwes Park, Potchefstroom",fbfea9c2,E Jones,7,33,30,2,2,caught
1334895,2022-10-19,2022-23,2,LIONS,TIT,"Senwes Park, Potchefstroom",9d50c7e1,MP Siboto,8,9,14,0,0,caught
1334895,2022-10-19,2022-23,2,LIONS,TIT,"Senwes Park, Potchefstroom",f2397e48,Codi Yusuf,9,5,10,0,0,not out
1334895,2022-10-19,2022-23,2,LIONS,TIT,"Senwes Park, Potchefstroom",f892fcf9,L Sipamla,10,2,4,0,0,bowled
1334895,2022-10-19,2022-23,2,LIONS,TIT,"Senwes Park, Potchefstroom",595f565e,TM Maphaka,11,1,2,0,0,caught
1334896,2022-10-19,2022-23,1,DOL,NWEST,"Senwes Park, Potchefstroom",ac688e55,G Roelofsen,1,9,11,2,0,caught
1334896,2022-10-19,2022-23,1,DOL,NWEST,"Senwes Park, Potchefstroom",fc60e81a,B Parsons,2,21,17,3,1,caught
1334896,2022-10-19,2022-23,1,DOL,NWEST,"Senwes Park, Potchefstroom",42172c3c,JT Smuts,3,22,16,4,0,caught
1334896,2022-10-19,2022-23,1,DOL,NWEST,"Senwes Park, Potchefstroom",6287d981,MJ Ackerman,4,6,5,0,0,run out
1334896,2022-10-19,2022-23,1,DOL,NWEST,"Senwes Park, Potchefstroom",4aad78d3,K Zondo,5,42,40,1,2,not out
1334896,2022-10-19,2022-23,1,DOL,NWEST,"Senwes Park, Potchefstroom",91cd48e0,JF Smith,6,34,27,1,2,caught
1334896,2022-10-19,2022-23,1,DOL,NWEST,"Senwes Park, Potchefstroom",ebb74564,A Simelane,7,13,4,0,2,not out
1334896,2022-10-19,2022-23,1,DOL,NWEST,"Senwes Park, Potchefstroom",28d6c44d,E Bosch,8,0,0,0,0,
1334896,2022-10-19,2022-23,1,DOL,NWEST,"Senwes Park, Potchefstroom",7ec9711d,P Subrayen,9,0,0,0,0,
1334896,2022-10-19,2022-23,1,DOL,NWEST,"Senwes Park, Potchefstroom",6b9eb501,OEG Baartman,10,0,0,0,0,
1334896,2022-10-19,2022-23,1,DOL,NWEST,"Senwes Park, Potchefstroom",d44569de,T Ntini,11,0,0,0,0,
1334896,2022-10-19,2022-23,2,NWEST,DOL,"Senwes Park, Potchefstroom",2d7f2ba0,WB Marshall,1,25,19,0,3,caught
1334896,2022-10-19,2022-23,2,NWEST,DOL,"Senwes Park, Potchefstroom",ede05b97,HG Kuhn,2,12,14,2,0,caught
1334896,2022-10-19,2022-23,2,NWEST,DOL,"Senwes Park, Potchefstroom",7d9b4224,L Senokwane,3,9,7,2,0,bowled
1334896,2022-10-19,2022-23,2,NWEST,DOL,"Senwes Park, Potchefstroom",0827b38d,TG Mokoena,4,16,19,1,1,lbw
1334896,2022-10-19,2022-23,2,NWEST,DOL,"Senwes Park, Potchefstroom",60fbf53a,D Potgieter,5,11,15,0,0,caught
1334896,2022-10-19,2022-23,2,NWEST,DOL,"Senwes Park, Potchefstroom",7dfb8890,S Muthusamy,6,14,16,0,1,bowled
1334896,2022-10-19,2022-23,2,NWEST,DOL,"Senwes Park, Potchefstroom",0867d81f,K Cotani,7,0,4,0,0,caught
1334896,2022-10-19,2022-23,2,NWEST,DOL,"Senwes Park, Potchefstroom",8dc152d1,D Jansen,8,20,11,1,1,caught
1334896,2022-10-19,2022-23,2,NWEST,DOL,"Senwes Park, Potchefstroom",a0936692,EL Hawken,9,11,6,0,1,not out
1334896,2022-10-19,2022-23,2,NWEST,DOL,"Senwes Park, Potchefstroom",be8b147b,C Seleka,10,2,4,0,0,bowled
1334896,2022-10-19,2022-23,2,NWEST,DOL,"Senwes Park, Potchefstroom",56feceb0,K Mungroo,11,5,5,1,0,not out
1334897,2022-10-20,2022-23,1,WPR,KNG,"Senwes Park, Potchefstroom",bf814547,K Verreynne,1,35,21,4,1,caught
1334897,2022-10-20,2022-23,1,WPR,KNG,"Senwes Park, Potchefstroom",20fe6965,EJ Cunningham,2,0,1,0,0,caught
1334897,2022-10-20,2022-23,1,WPR,KNG,"Senwes Park, Potchefstroom",d3a1c63d,T de Zorzi,3,15,13,2,0,bowled
1334897,2022-10-20,2022-23,1,WPR,KNG,"Senwes Park, Potchefstroom",5d69930d,D Smith,4,31,31,4,0,caught
1334897,2022-10-20,2022-23,1,WPR,KNG,"Senwes Park, Potchefstroom",547c5509,M Mpongwana,5,7,12,0,0,bowled
1334897,2022-10-20,2022-23,1,WPR,KNG,"Senwes Park, Potchefstroom",e5437608,GF Linde,6,5,10,0,0,stumped
1334897,2022-10-20,2022-23,1,WPR,KNG,"Senwes Park, Potchefstroom",8ab49ad2,Abdullah Bayoumy,7,2,5,0,0,caught
1334897,2022-10-20,2022-23,1,WPR,KNG,"Senwes Park, Potchefstroom",3122c016,KI Simmonds,8,3,6,0,0,caught
1334897,2022-10-20,2022-23,1,WPR,KNG,"Senwes Park, Potchefstroom",462d7c62,D Paterson,9,7,7,0,0,not out
1334897,2022-10-20,2022-23,1,WPR,KNG,"Senwes Park, Potchefstroom",36ea17c1,TL Moreki,10,0,2,0,0,bowled
1334897,2022-10-20,2022-23,1,WPR,KNG,"Senwes Park, Potchefstroom",a2316f90,J Dawood,11,3,6,0,0,bowled
1334897,2022-10-20,2022-23,2,KNG,WPR,"Senwes Park, Potchefstroom",3bf40832,GL Cloete,1,68,42,11,1,not out
1334897,2022-10-20,2022-23,2,KNG,WPR,"Senwes Park, Potchefstroom",a3ae63f4,GJ Snyman,2,16,13,3,0,caught
1334897,2022-10-20,2022-23,2,KNG,WPR,"Senwes Park, Potchefstroom",0ba03cec,R van Tonder,3,33,28,3,1,not out
1334897,2022-10-20,2022-23,2,KNG,WPR,"Senwes Park, Potchefstroom",cba5185d,AR Swanepoel,4,0,0,0,0,
1334897,2022-10-20,2022-23,2,KNG,WPR,"Senwes Park, Potchefstroom",39181592,PE Kruger,5,0,0,0,0,
1334897,2022-10-20,2022-23,2,KNG,WPR,"Senwes Park, Potchefstroom",4025c262,PJ van Biljon,6,0,0,0,0,
1334897,2022-10-20,2022-23,2,KNG,WPR,"Senwes Park, Potchefstroom",1713d202,O Motlhoaring,7,0,0,0,0,
1334897,2022-10-20,2022-23,2,KNG,WPR,"Senwes Park, Potchefstroom",3204c99f,G Coetzee,8,0,0,0,0,
1334897,2022-10-20,2022-23,2,KNG,WPR,"Senwes Park, Potchefstroom",54c2b697,M Pretorius,9,0,0,0,0,
1334897,2022-10-20,2022-23,2,KNG,WPR,"Senwes Park, Potchefstroom",ea1eba98,SA Mothoa,10,0,0,0,0,
1334897,2022-10-20,2022-23,2,KNG,WPR,"Senwes Park, Potchefstroom",1d105638,M Budaza,11,0,0,0,0,
1334898,2022-10-20,2022-23,1,WAR,BOL,"Senwes Park, Potchefstroom",10f42013,WJ Lubbe,1,6,4,0,1,caught
1334898,2022-10-20,2022-23,1,WAR,BOL,"Senwes Park, Potchefstroom",51355a30,LC Ngoepe,2,13,21,2,0,caught
1334898,2022-10-20,2022-23,1,WAR,BOL,"Senwes Park, Potchefstroom",13d0b3d6,RS Second,3,4,9,0,0,caught
1334898,2022-10-20,2022-23,1,WAR,BOL,"Senwes Park, Potchefstroom",e87aeca2,J Hermann,4,52,44,6,0,caught
1334898,2022-10-20,2022-23,1,WAR,BOL,"Senwes Park, Potchefstroom",35f173a0,MP Breetzke,5,61,33,6,2,not out
1334898,2022-10-20,2022-23,1,WAR,BOL,"Senwes Park, Potchefstroom",6e0a2209,B Swanepoel,6,22,10,2,1,not out
1334898,2022-10-20,2022-23,1,WAR,BOL,"Senwes Park, Potchefstroom",94268960,S Qeshile,7,0,0,0,0,
1334898,2022-10-20,2022-23,1,WAR,BOL,"Senwes Park, Potchefstroom",d4d37c31,GA Stuurman,8,0,0,0,0,
1334898,2022-10-20,2022-23,1,WAR,BOL,"Senwes Park, Potchefstroom",f51c1a3b,K Molefe,9,0,0,0,0,
1334898,2022-10-20,2022-23,1,WAR,BOL,"Senwes Park, Potchefstroom",7eb7d5d4,Z Abrahams,10,0,0,0,0,
1334898,2022-10-20,2022-23,1,WAR,BOL,"Senwes Park, Potchefstroom",be3ffb65,Tsepo Ndwandwa,11,0,0,0,0,
1334898,2022-10-20,2022-23,2,BOL,WAR,"Senwes Park, Potchefstroom",f76d7466,JN Malan,1,68,52,8,1,not out
1334898,2022-10-20,2022-23,2,BOL,WAR,"Senwes Park, Potchefstroom",6e6fb538,JL du Plooy,2,25,14,5,0,caught
1334898,2022-10-20,2022-23,2,BOL,WAR,"Senwes Park, Potchefstroom",f32d890a,PJ Malan,3,16,11,3,0,caught
1334898,2022-10-20,2022-23,2,BOL,WAR,"Senwes Park, Potchefstroom",f25cebec,C Fortuin,4,9,10,0,0,caught
1334898,2022-10-20,2022-23,2,BOL,WAR,"Senwes Park, Potchefstroom",dce2019b,F Behardien,5,4,5,0,0,lbw
1334898,2022-10-20,2022-23,2,BOL,WAR,"Senwes Park, Potchefstroom",9943b637,M Copeland,6,9,10,2,0,caught
1334898,2022-10-20,2022-23,2,BOL,WAR,"Senwes Park, Potchefstroom",f277f531,FD Adams,7,8,14,0,0,caught
1334898,2022-10-20,2022-23,2,BOL,WAR,"Senwes Park, Potchefstroom",a316d663,GC Viljoen,8,7,5,1,0,not out
1334898,2022-10-20,2022-23,2,BOL,WAR,"Senwes Park, Potchefstroom",94cdf850,B Xenxe,9,0,0,0,0,
1334898,2022-10-20,2022-23,2,BOL,WAR,"Senwes Park, Potchefstroom",781f2acc,K Gumede,10,0,0,0,0,
1334898,2022-10-20,2022-23,2,BOL,WAR,"Senwes Park, Potchefstroom",5ec126fa,I Manack,11,0,0,0,0,
1334899,2022-10-21,2022-23,1,TIT,WPR,"Senwes Park, Potchefstroom",844e79d1,D Brevis,1,0,2,0,0,bowled
1334899,2022-10-21,2022-23,1,TIT,WPR,"Senwes Park, Potchefstroom",230f5cea,J Pillay,2,37,24,6,1,caught
1334899,2022-10-21,2022-23,1,TIT,WPR,"Senwes Park, Potchefstroom",33085ffb,D Elgar,3,12,12,1,0,caught and bowled
1334899,2022-10-21,2022-23,1,TIT,WPR,"Senwes Park, Potchefstroom",1b42a100,BS Makhanya,4,8,9,1,0,caught
1334899,2022-10-21,2022-23,1,TIT,WPR,"Senwes Park, Potchefstroom",90d6cdea,TB de Bruyn,5,2,3,0,0,caught
1334899,2022-10-21,2022-23,1,TIT,WPR,"Senwes Park, Potchefstroom",47c449c5,Dayyaan Galiem,6,16,10,1,1,caught
1334899,2022-10-21,2022-23,1,TIT,WPR,"Senwes Park, Potchefstroom",f0af99a7,D Ferreira,7,27,15,1,2,not out
1334899,2022-10-21,2022-23,1,TIT,WPR,"Senwes Park, Potchefstroom",a83c44b8,A Gqamane,8,0,1,0,0,lbw
1334899,2022-10-21,2022-23,1,TIT,WPR,"Senwes Park, Potchefstroom",23638956,SR Harmer,9,1,2,0,0,not out
1334899,2022-10-21,2022-23,1,TIT,WPR,"Senwes Park, Potchefstroom",1cb14aa4,CJ Dala,10,0,0,0,0,
1334899,2022-10-21,2022-23,1,TIT,WPR,"Senwes Park, Potchefstroom",7f8ecc51,AM Phangiso,11,0,0,0,0,
1334899,2022-10-21,2022-23,2,WPR,TIT,"Senwes Park, Potchefstroom",bf814547,K Verreynne,1,0,1,0,0,lbw
1334899,2022-10-21,2022-23,2,WPR,TIT,"Senwes Park, Potchefstroom",5d69930d,D Smith,2,21,16,2,1,caught
1334899,2022-10-21,2022-23,2,WPR,TIT,"Senwes Park, Potchefstroom",d3a1c63d,T de Zorzi,3,0,1,0,0,bowled
1334899,2022-10-21,2022-23,2,WPR,TIT,"Senwes Park, Potchefstroom",a5c3d564,G Kaplan,4,11,8,2,0,caught
1334899,2022-10-21,2022-23,2,WPR,TIT,"Senwes Park, Potchefstroom",547c5509,M Mpongwana,5,1,5,0,0,caught and bowled
1334899,2022-10-21,2022-23,2,WPR,TIT,"Senwes Park, Potchefstroom",e5437608,GF Linde,6,36,29,4,0,run out
1334899,2022-10-21,2022-23,2,WPR,TIT,"Senwes Park, Potchefstroom",8ab49ad2,Abdullah Bayoumy,7,5,6,0,0,caught
1334899,2022-10-21,2022-23,2,WPR,TIT,"Senwes Park, Potchefstroom",462d7c62,D Paterson,8,1,3,0,0,run out
1334899,2022-10-21,2022-23,2,WPR,TIT,"Senwes Park, Potchefstroom",36ea17c1,TL Moreki,9,3,5,0,0,not out
1334899,2022-10-21,2022-23,2,WPR,TIT,"Senwes Park, Potchefstroom",465aa633,N Burger,10,4,4,0,0,not out
1334899,2022-10-21,2022-23,2,WPR,TIT,"Senwes Park, Potchefstroom",a2316f90,J Dawood,11,0,0,0,0,
1334900,2022-10-21,2022-23,1,WAR,LIONS,"Senwes Park, Potchefstroom",51355a30,LC Ngoepe,1,32,24,0,2,caught
1334900,2022-10-21,2022-23,1,WAR,LIONS,"Senwes Park, Potchefstroom",10f42013,WJ Lubbe,2,27,36,2,0,caught
1334900,2022-10-21,2022-23,1,WAR,LIONS,"Senwes Park, Potchefstroom",35f173a0,MP Breetzke,3,8,9,1,0,caught
1334900,2022-10-21,2022-23,1,WAR,LIONS,"Senwes Park, Potchefstroom",13d0b3d6,RS Second,4,12,13,2,0,bowled
1334900,2022-10-21,2022-23,1,WAR,LIONS,"Senwes Park, Potchefstroom",e87aeca2,J Hermann,5,16,14,0,1,not out
1334900,2022-10-21,2022-23,1,WAR,LIONS,"Senwes Park, Potchefstroom",94268960,S Qeshile,6,3,6,0,0,not out
1334900,2022-10-21,2022-23,1,WAR,LIONS,"Senwes Park, Potchefstroom",6e0a2209,B Swanepoel,7,0,0,0,0,
1334900,2022-10-21,2022-23,1,WAR,LIONS,"Senwes Park, Potchefstroom",d4d37c31,GA Stuurman,8,0,0,0,0,
1334900,2022-10-21,2022-23,1,WAR,LIONS,"Senwes Park, Potchefstroom",f51c1a3b,K Molefe,9,0,0,0,0,
1334900,2022-10-21,2022-23,1,WAR,LIONS,"Senwes Park, Potchefstroom",7eb7d5d4,Z Abrahams,10,0,0,0,0,
1334900,2022-10-21,2022-23,1,WAR,LIONS,"Senwes Park, Potchefstroom",be3ffb65,Tsepo Ndwandwa,11,0,0,0,0,
1334900,2022-10-21,2022-23,2,LIONS,WAR,"Senwes Park, Potchefstroom",e66732f8,RD Rickelton,1,19,11,2,1,lbw
1334900,2022-10-21,2022-23,2,LIONS,WAR,"Senwes Park, Potchefstroom",afa78c3a,CS Delport,2,30,11,3,3,caught
1334900,2022-10-21,2022-23,2,LIONS,WAR,"Senwes Park, Potchefstroom",46e4a4e0,M Van Buuren,3,16,19,1,0,not out
1334900,2022-10-21,2022-23,2,LIONS,WAR,"Senwes Park, Potchefstroom",f66f5343,DA Hendricks,4,0,2,0,0,run out
1334900,2022-10-21,2022-23,2,LIONS,WAR,"Senwes Park, Potchefstroom",c96f6ac5,PWA Mulder,5,31,21,2,2,not out
1334900,2022-10-21,2022-23,2,LIONS,WAR,"Senwes Park, Potchefstroom",fbfea9c2,E Jones,6,0,0,0,0,
1334900,2022-10-21,2022-23,2,LIONS,WAR,"Senwes Park, Potchefstroom",9d50c7e1,MP Siboto,7,0,0,0,0,
1334900,2022-10-21,2022-23,2,LIONS,WAR,"Senwes Park, Potchefstroom",032e4384,T Bokako,8,0,0,0,0,
1334900,2022-10-21,2022-23,2,LIONS,WAR,"Senwes Park, Potchefstroom",f892fcf9,L Sipamla,9,0,0,0,0,
1334900,2022-10-21,2022-23,2,LIONS,WAR,"Senwes Park, Potchefstroom",595f565e,TM Maphaka,10,0,0,0,0,
1334900,2022-10-21,2022-23,2,LIONS,WAR,"Senwes Park, Potchefstroom",2cd3b457,M Manack,11,0,0,0,0,
1334901,2022-10-22,2022-23,1,DOL,BOL,"Senwes Park, Potchefstroom",ac688e55,G Roelofsen,1,66,48,8,1,caught
1334901,2022-10-22,2022-23,1,DOL,BOL,"Senwes Park, Potchefstroom",fc60e81a,B Parsons,2,8,11,0,0,caught
1334901,2022-10-22,2022-23,1,DOL,BOL,"Senwes Park, Potchefstroom",42172c3c,JT Smuts,3,0,3,0,0,bowled
1334901,2022-10-22,2022-23,1,DOL,BOL,"Senwes Park, Potchefstroom",876bec53,TA Dithole,4,22,27,1,0,bowled
1334901,2022-10-22,2022-23,1,DOL,BOL,"Senwes Park, Potchefstroom",4aad78d3,K Zondo,5,2,4,0,0,caught
1334901,2022-10-22,2022-23,1,DOL,BOL,"Senwes Park, Potchefstroom",91cd48e0,JF Smith,6,21,16,1,0,not out
1334901,2022-10-22,2022-23,1,DOL,BOL,"Senwes Park, Potchefstroom",ebb74564,A Simelane,7,5,9,0,0,caught
1334901,2022-10-22,2022-23,1,DOL,BOL,"Senwes Park, Potchefstroom",28d6c44d,E Bosch,8,3,3,0,0,lbw
1334901,2022-10-22,2022-23,1,DOL,BOL,"Senwes Park, Potchefstroom",7ec9711d,P Subrayen,9,0,0,0,0,
1334901,2022-10-22,2022-23,1,DOL,BOL,"Senwes Park, Potchefstroom",6b9eb501,OEG Baartman,10,0,0,0,0,
1334901,2022-10-22,2022-23,1,DOL,BOL,"Senwes Park, Potchefstroom",7cb2d9d2,DM Dupavillon,11,0,0,0,0,
1334901,2022-10-22,2022-23,2,BOL,DOL,"Senwes Park, Potchefstroom",f76d7466,JN Malan,1,0,2,0,0,bowled
1334901,2022-10-22,2022-23,2,BOL,DOL,"Senwes Park, Potchefstroom",6e6fb538,JL du Plooy,2,18,25,0,1,not out
1334901,2022-10-22,2022-23,2,BOL,DOL,"Senwes Park, Potchefstroom",9ca20359,SV Kitime,3,11,14,2,0,caught
1334901,2022-10-22,2022-23,2,BOL,DOL,"Senwes Park, Potchefstroom",f25cebec,C Fortuin,4,18,12,4,0,caught
1334901,2022-10-22,2022-23,2,BOL,DOL,"Senwes Park, Potchefstroom",dce2019b,F Behardien,5,24,18,0,1,not out
1334901,2022-10-22,2022-23,2,BOL,DOL,"Senwes Park, Potchefstroom",9943b637,M Copeland,6,0,0,0,0,
1334901,2022-10-22,2022-23,2,BOL,DOL,"Senwes Park, Potchefstroom",f277f531,FD Adams,7,0,0,0,0,
1334901,2022-10-22,2022-23,2,BOL,DOL,"Senwes Park, Potchefstroom",a316d663,GC Viljoen,8,0,0,0,0,
1334901,2022-10-22,2022-23,2,BOL,DOL,"Senwes Park, Potchefstroom",ffd3fc37,S von Berg,9,0,0,0,0,
1334901,2022-10-22,2022-23,2,BOL,DOL,"Senwes Park, Potchefstroom",94cdf850,B Xenxe,10,0,0,0,0,
1334901,2022-10-22,2022-23,2,BOL,DOL,"Senwes Park, Potchefstroom",5ec126fa,I Manack,11,0,0,0,0,
1334902,2022-10-22,2022-23,1,NWEST,TIT,"Senwes Park, Potchefstroom",2d7f2ba0,WB Marshall,1,0,3,0,0,bowled
1334902,2022-10-22,2022-23,1,NWEST,TIT,"Senwes Park, Potchefstroom",ede05b97,HG Kuhn,2,23,19,2,1,run out
1334902,2022-10-22,2022-23,1,NWEST,TIT,"Senwes Park, Potchefstroom",7d9b4224,L Senokwane,3,34,34,3,0,caught
1334902,2022-10-22,2022-23,1,NWEST,TIT,"Senwes Park, Potchefstroom",0827b38d,TG Mokoena,4,9,9,2,0,run out
1334902,2022-10-22,2022-23,1,NWEST,TIT,"Senwes Park, Potchefstroom",60fbf53a,D Potgieter,5,5,5,1,0,caught
1334902,2022-10-22,2022-23,1,NWEST,TIT,"Senwes Park, Potchefstroom",7dfb8890,S Muthusamy,6,13,18,0,0,caught
1334902,2022-10-22,2022-23,1,NWEST,TIT,"Senwes Park, Potchefstroom",8dc152d1,D Jansen,7,41,27,1,4,caught
1334902,2022-10-22,2022-23,1,NWEST,TIT,"Senwes Park, Potchefstroom",bd25d145,H Coetzer,8,1,3,0,0,caught
1334902,2022-10-22,2022-23,1,NWEST,TIT,"Senwes Park, Potchefstroom",64f55c74,R Meyer,9,1,1,0,0,not out
1334902,2022-10-22,2022-23,1,NWEST,TIT,"Senwes Park, Potchefstroom",be8b147b,C Seleka,10,0,1,0,0,not out
1334902,2022-10-22,2022-23,1,NWEST,TIT,"Senwes Park, Potchefstroom",56feceb0,K Mungroo,11,0,0,0,0,
1334902,2022-10-22,2022-23,2,TIT,NWEST,"Senwes Park, Potchefstroom",844e79d1,D Brevis,1,40,28,2,3,caught
1334902,2022-10-22,2022-23,2,TIT,NWEST,"Senwes Park, Potchefstroom",230f5cea,J Pillay,2,15,17,3,0,caught
1334902,2022-10-22,2022-23,2,TIT,NWEST,"Senwes Park, Potchefstroom",90d6cdea,TB de Bruyn,3,36,32,2,1,not out
1334902,2022-10-22,2022-23,2,TIT,NWEST,"Senwes Park, Potchefstroom",73c25704,M Twala,4,0,1,0,0,caught
1334902,2022-10-22,2022-23,2,TIT,NWEST,"Senwes Park, Potchefstroom",68790da2,N Brand,5,15,11,0,1,caught
1334902,2022-10-22,2022-23,2,TIT,NWEST,"Senwes Park, Potchefstroom",f0af99a7,D Ferreira,6,10,10,0,0,caught
1334902,2022-10-22,2022-23,2,TIT,NWEST,"Senwes Park, Potchefstroom",47c449c5,Dayyaan Galiem,7,10,6,2,0,not out
1334902,2022-10-22,2022-23,2,TIT,NWEST,"Senwes Park, Potchefstroom",1cb14aa4,CJ Dala,8,0,0,0,0,
1334902,2022-10-22,2022-23,2,TIT,NWEST,"Senwes Park, Potchefstroom",a83c44b8,A Gqamane,9,0,0,0,0,
1334902,2022-10-22,2022-23,2,TIT,NWEST,"Senwes Park, Potchefstroom",23638956,SR Harmer,10,0,0,0,0,
1334902,2022-10-22,2022-23,2,TIT,NWEST,"Senwes Park, Potchefstroom",7f8ecc51,AM Phangiso,11,0,0,0,0,
1334903,2022-10-23,2022-23,1,KNG,LIONS,"Senwes Park, Potchefstroom",3bf40832,GL Cloete,1,10,12,1,0,caught
1334903,2022-10-23,2022-23,1,KNG,LIONS,"Senwes Park, Potchefstroom",6744364f,N Roux,2,7,10,1,0,caught
1334903,2022-10-23,2022-23,1,KNG,LIONS,"Senwes Park, Potchefstroom",0ba03cec,R van Tonder,3,27,27,2,1,caught
1334903,2022-10-23,2022-23,1,KNG,LIONS,"Senwes Park, Potchefstroom",cba5185d,AR Swanepoel,4,3,6,0,0,caught
1334903,2022-10-23,2022-23,1,KNG,LIONS,"Senwes Park, Potchefstroom",39181592,PE Kruger,5,60,36,7,2,caught
1334903,2022-10-23,2022-23,1,KNG,LIONS,"Senwes Park, Potchefstroom",4025c262,PJ van Biljon,6,5,7,0,0,caught
1334903,2022-10-23,2022-23,1,KNG,LIONS,"Senwes Park, Potchefstroom",54c2b697,M Pretorius,7,6,10,0,0,bowled
1334903,2022-10-23,2022-23,1,KNG,LIONS,"Senwes Park, Potchefstroom",3204c99f,G Coetzee,8,26,11,3,1,bowled
1334903,2022-10-23,2022-23,1,KNG,LIONS,"Senwes Park, Potchefstroom",ea1eba98,SA Mothoa,9,0,0,0,0,not out
1334903,2022-10-23,2022-23,1,KNG,LIONS,"Senwes Park, Potchefstroom",1d105638,M Budaza,10,0,1,0,0,bowled
1334903,2022-10-23,2022-23,1,KNG,LIONS,"Senwes Park, Potchefstroom",9ea3dd1a,M Mhlanga,11,2,1,0,0,not out
1334906,2022-10-25,2022-23,1,BOL,TIT,"Senwes Park, Potchefstroom",f76d7466,JN Malan,1,11,14,2,0,caught
1334906,2022-10-25,2022-23,1,BOL,TIT,"Senwes Park, Potchefstroom",6e6fb538,JL du Plooy,2,0,1,0,0,bowled
1334906,2022-10-25,2022-23,1,BOL,TIT,"Senwes Park, Potchefstroom",9ca20359,SV Kitime,3,0,2,0,0,caught
1334906,2022-10-25,2022-23,1,BOL,TIT,"Senwes Park, Potchefstroom",f25cebec,C Fortuin,4,29,26,4,0,run out
1334906,2022-10-25,2022-23,1,BOL,TIT,"Senwes Park, Potchefstroom",dce2019b,F Behardien,5,63,51,5,2,not out
1334906,2022-10-25,2022-23,1,BOL,TIT,"Senwes Park, Potchefstroom",9943b637,M Copeland,6,4,11,0,0,caught
1334906,2022-10-25,2022-23,1,BOL,TIT,"Senwes Park, Potchefstroom",f277f531,FD Adams,7,9,9,1,0,caught
1334906,2022-10-25,2022-23,1,BOL,TIT,"Senwes Park, Potchefstroom",a316d663,GC Viljoen,8,2,4,0,0,run out
1334906,2022-10-25,2022-23,1,BOL,TIT,"Senwes Park, Potchefstroom",94cdf850,B Xenxe,9,0,2,0,0,caught
1334906,2022-10-25,2022-23,1,BOL,TIT,"Senwes Park, Potchefstroom",ffd3fc37,S von Berg,10,0,0,0,0,
1334906,2022-10-25,2022-23,1,BOL,TIT,"Senwes Park, Potchefstroom",5ec126fa,I Manack,11,0,0,0,0,
1334906,2022-10-25,2022-23,2,TIT,BOL,"Senwes Park, Potchefstroom",844e79d1,D Brevis,1,22,11,2,2,caught
1334906,2022-10-25,2022-23,2,TIT,BOL,"Senwes Park, Potchefstroom",230f5cea,J Pillay,2,18,34,1,0,stumped
1334906,2022-10-25,2022-23,2,TIT,BOL,"Senwes Park, Potchefstroom",68790da2,N Brand,3,20,20,1,0,caught
1334906,2022-10-25,2022-23,2,TIT,BOL,"Senwes Park, Potchefstroom",47c449c5,Dayyaan Galiem,4,25,21,2,0,caught
1334906,2022-10-25,2022-23,2,TIT,BOL,"Senwes Park, Potchefstroom",172dff15,C Bosch,5,7,7,0,0,lbw
1334906,2022-10-25,2022-23,2,TIT,BOL,"Senwes Park, Potchefstroom",a83c44b8,A Gqamane,6,1,2,0,0,bowled
1334906,2022-10-25,2022-23,2,TIT,BOL,"Senwes Park, Potchefstroom",23638956,SR Harmer,7,2,4,0,0,bowled
1334906,2022-10-25,2022-23,2,TIT,BOL,"Senwes Park, Potchefstroom",2f838fa4,M Boast,8,1,1,0,0,not out
1334906,2022-10-25,2022-23,2,TIT,BOL,"Senwes Park, Potchefstroom",1cb14aa4,CJ Dala,9,2,2,0,0,not out
1334906,2022-10-25,2022-23,2,TIT,BOL,"Senwes Park, Potchefstroom",73c25704,M Twala,10,0,0,0,0,
1334906,2022-10-25,2022-23,2,TIT,BOL,"Senwes Park, Potchefstroom",7f8ecc51,AM Phangiso,11,0,0,0,0,
1334907,2022-10-26,2022-23,1,LIONS,DOL,"Senwes Park, Potchefstroom",e66732f8,RD Rickelton,1,29,23,1,1,caught
1334907,2022-10-26,2022-23,1,LIONS,DOL,"Senwes Park, Potchefstroom",afa78c3a,CS Delport,2,27,21,4,1,caught
1334907,2022-10-26,2022-23,1,LIONS,DOL,"Senwes Park, Potchefstroom",46e4a4e0,M Van Buuren,3,42,29,4,1,caught
1334907,2022-10-26,2022-23,1,LIONS,DOL,"Senwes Park, Potchefstroom",c96f6ac5,PWA Mulder,4,39,27,3,2,caught
1334907,2022-10-26,2022-23,1,LIONS,DOL,"Senwes Park, Potchefstroom",fbfea9c2,E Jones,5,8,5,2,0,caught
1334907,2022-10-26,2022-23,1,LIONS,DOL,"Senwes Park, Potchefstroom",9d50c7e1,MP Siboto,6,13,9,2,0,not out
1334907,2022-10-26,2022-23,1,LIONS,DOL,"Senwes Park, Potchefstroom",2cd3b457,M Manack,7,0,2,0,0,caught
1334907,2022-10-26,2022-23,1,LIONS,DOL,"Senwes Park, Potchefstroom",f2397e48,Codi Yusuf,8,3,4,0,0,not out
1334907,2022-10-26,2022-23,1,LIONS,DOL,"Senwes Park, Potchefstroom",c50bfbc2,A Myoli,9,0,0,0,0,
1334907,2022-10-26,2022-23,1,LIONS,DOL,"Senwes Park, Potchefstroom",032e4384,T Bokako,10,0,0,0,0,
1334907,2022-10-26,2022-23,1,LIONS,DOL,"Senwes Park, Potchefstroom",595f565e,TM Maphaka,11,0,0,0,0,
1334907,2022-10-26,2022-23,2,DOL,LIONS,"Senwes Park, Potchefstroom",ac688e55,G Roelofsen,1,44,40,2,1,caught
1334907,2022-10-26,2022-23,2,DOL,LIONS,"Senwes Park, Potchefstroom",bf64dc29,KD Petersen,2,73,51,9,1,not out
1334907,2022-10-26,2022-23,2,DOL,LIONS,"Senwes Park, Potchefstroom",42172c3c,JT Smuts,3,37,19,6,0,not out
1334907,2022-10-26,2022-23,2,DOL,LIONS,"Senwes Park, Potchefstroom",876bec53,TA Dithole,4,0,0,0,0,
1334907,2022-10-26,2022-23,2,DOL,LIONS,"Senwes Park, Potchefstroom",4aad78d3,K Zondo,5,0,0,0,0,
1334907,2022-10-26,2022-23,2,DOL,LIONS,"Senwes Park, Potchefstroom",91cd48e0,JF Smith,6,0,0,0,0,
1334907,2022-10-26,2022-23,2,DOL,LIONS,"Senwes Park, Potchefstroom",ebb74564,A Simelane,7,0,0,0,0,
1334907,2022-10-26,2022-23,2,DOL,LIONS,"Senwes Park, Potchefstroom",28d6c44d,E Bosch,8,0,0,0,0,
1334907,2022-10-26,2022-23,2,DOL,LIONS,"Senwes Park, Potchefstroom",7ec9711d,P Subrayen,9,0,0,0,0,
1334907,2022-10-26,2022-23,2,DOL,LIONS,"Senwes Park, Potchefstroom",6b9eb501,OEG Baartman,10,0,0,0,0,
1334907,2022-10-26,2022-23,2,DOL,LIONS,"Senwes Park, Potchefstroom",7cb2d9d2,DM Dupavillon,11,0,0,0,0,
1334908,2022-10-26,2022-23,1,KNG,BOL,"Senwes Park, Potchefstroom",3bf40832,GL Cloete,1,23,23,5,0,caught
1334908,2022-10-26,2022-23,1,KNG,BOL,"Senwes Park, Potchefstroom",a3ae63f4,GJ Snyman,2,53,30,4,3,caught
1334908,2022-10-26,2022-23,1,KNG,BOL,"Senwes Park, Potchefstroom",0ba03cec,R van Tonder,3,45,28,6,2,caught
1334908,2022-10-26,2022-23,1,KNG,BOL,"Senwes Park, Potchefstroom",cba5185d,AR Swanepoel,4,33,23,2,1,not out
1334908,2022-10-26,2022-23,1,KNG,BOL,"Senwes Park, Potchefstroom",39181592,PE Kruger,5,1,2,0,0,caught
1334908,2022-10-26,2022-23,1,KNG,BOL,"Senwes Park, Potchefstroom",4025c262,PJ van Biljon,6,0,1,0,0,lbw
1334908,2022-10-26,2022-23,1,KNG,BOL,"Senwes Park, Potchefstroom",3204c99f,G Coetzee,7,10,7,1,0,caught
1334908,2022-10-26,2022-23,1,KNG,BOL,"Senwes Park, Potchefstroom",54c2b697,M Pretorius,8,6,6,0,0,not out
1334908,2022-10-26,2022-23,1,KNG,BOL,"Senwes Park, Potchefstroom",1713d202,O Motlhoaring,9,0,0,0,0,
1334908,2022-10-26,2022-23,1,KNG,BOL,"Senwes Park, Potchefstroom",ea1eba98,SA Mothoa,10,0,0,0,0,
1334908,2022-10-26,2022-23,1,KNG,BOL,"Senwes Park, Potchefstroom",1d105638,M Budaza,11,0,0,0,0,
1334908,2022-10-26,2022-23,2,BOL,KNG,"Senwes Park, Potchefstroom",f76d7466,JN Malan,1,6,6,0,0,bowled
1334908,2022-10-26,2022-23,2,BOL,KNG,"Senwes Park, Potchefstroom",6e6fb538,JL du Plooy,2,25,17,4,0,caught
1334908,2022-10-26,2022-23,2,BOL,KNG,"Senwes Park, Potchefstroom",9ca20359,SV Kitime,3,8,7,1,0,caught
1334908,2022-10-26,2022-23,2,BOL,KNG,"Senwes Park, Potchefstroom",f25cebec,C Fortuin,4,14,10,2,1,caught
1334908,2022-10-26,2022-23,2,BOL,KNG,"Senwes Park, Potchefstroom",dce2019b,F Behardien,5,17,17,1,0,bowled
1334908,2022-10-26,2022-23,2,BOL,KNG,"Senwes Park, Potchefstroom",9943b637,M Copeland,6,36,21,3,2,caught
1334908,2022-10-26,2022-23,2,BOL,KNG,"Senwes Park, Potchefstroom",a316d663,GC Viljoen,7,20,12,1,1,caught
1334908,2022-10-26,2022-23,2,BOL,KNG,"Senwes Park, Potchefstroom",5ec126fa,I Manack,8,30,18,3,2,caught
1334908,2022-10-26,2022-23,2,BOL,KNG,"Senwes Park, Potchefstroom",f277f531,FD Adams,9,1,2,0,0,bowled
1334908,2022-10-26,2022-23,2,BOL,KNG,"Senwes Park, Potchefstroom",94cdf850,B Xenxe,10,7,7,0,0,lbw
1334908,2022-10-26,2022-23,2,BOL,KNG,"Senwes Park, Potchefstroom",ffd3fc37,S von Berg,11,1,1,0,0,not out
1334909,2022-10-27,2022-23,1,WPR,NWEST,"Senwes Park, Potchefstroom",a5c3d564,G Kaplan,1,39,26,4,1,bowled
1334909,2022-10-27,2022-23,1,WPR,NWEST,"Senwes Park, Potchefstroom",5d69930d,D Smith,2,69,46,9,3,bowled
1334909,2022-10-27,2022-23,1,WPR,NWEST,"Senwes Park, Potchefstroom",e5437608,GF Linde,3,21,12,1,2,run out
1334909,2022-10-27,2022-23,1,WPR,NWEST,"Senwes Park, Potchefstroom",bf814547,K Verreynne,4,17,11,2,0,caught
1334909,2022-10-27,2022-23,1,WPR,NWEST,"Senwes Park, Potchefstroom",8ab49ad2,Abdullah Bayoumy,5,11,10,1,0,caught
1334909,2022-10-27,2022-23,1,WPR,NWEST,"Senwes Park, Potchefstroom",547c5509,M Mpongwana,6,0,2,0,0,not out
1334909,2022-10-27,2022-23,1,WPR,NWEST,"Senwes Park, Potchefstroom",80444ee7,L Tywaku,7,0,1,0,0,not out
1334909,2022-10-27,2022-23,1,WPR,NWEST,"Senwes Park, Potchefstroom",36ea17c1,TL Moreki,8,0,0,0,0,
1334909,2022-10-27,2022-23,1,WPR,NWEST,"Senwes Park, Potchefstroom",a2316f90,J Dawood,9,0,0,0,0,
1334909,2022-10-27,2022-23,1,WPR,NWEST,"Senwes Park, Potchefstroom",465aa633,N Burger,10,0,0,0,0,
1334909,2022-10-27,2022-23,1,WPR,NWEST,"Senwes Park, Potchefstroom",462d7c62,D Paterson,11,0,0,0,0,
1334909,2022-10-27,2022-23,2,NWEST,WPR,"Senwes Park, Potchefstroom",2d7f2ba0,WB Marshall,1,30,19,6,0,caught
1334909,2022-10-27,2022-23,2,NWEST,WPR,"Senwes Park, Potchefstroom",ede05b97,HG Kuhn,2,0,1,0,0,lbw
1334909,2022-10-27,2022-23,2,NWEST,WPR,"Senwes Park, Potchefstroom",7d9b4224,L Senokwane,3,2,6,0,0,caught
1334909,2022-10-27,2022-23,2,NWEST,WPR,"Senwes Park, Potchefstroom",09497f5a,S Pillay,4,12,17,1,0,bowled
1334909,2022-10-27,2022-23,2,NWEST,WPR,"Senwes Park, Potchefstroom",60fbf53a,D Potgieter,5,9,13,0,0,caught
1334909,2022-10-27,2022-23,2,NWEST,WPR,"Senwes Park, Potchefstroom",7dfb8890,S Muthusamy,6,39,25,3,1,not out
1334909,2022-10-27,2022-23,2,NWEST,WPR,"Senwes Park, Potchefstroom",8dc152d1,D Jansen,7,23,12,0,3,caught
1334909,2022-10-27,2022-23,2,NWEST,WPR,"Senwes Park, Potchefstroom",bd25d145,H Coetzer,8,15,16,1,1,not out
1334909,2022-10-27,2022-23,2,NWEST,WPR,"Senwes Park, Potchefstroom",be8b147b,C Seleka,9,0,0,0,0,
1334909,2022-10-27,2022-23,2,NWEST,WPR,"Senwes Park, Potchefstroom",64f55c74,R Meyer,10,0,0,0,0,
1334909,2022-10-27,2022-23,2,NWEST,WPR,"Senwes Park, Potchefstroom",56feceb0,K Mungroo,11,0,0,0,0,
1334910,2022-10-28,2022-23,1,WAR,TIT,"Senwes Park, Potchefstroom",10f42013,WJ Lubbe,1,6,10,1,0,bowled
1334910,2022-10-28,2022-23,1,WAR,TIT,"Senwes Park, Potchefstroom",51355a30,LC Ngoepe,2,20,18,3,0,caught
1334910,2022-10-28,2022-23,1,WAR,TIT,"Senwes Park, Potchefstroom",f8e6dbdd,DS Rosier,3,14,20,0,0,caught and bowled
1334910,2022-10-28,2022-23,1,WAR,TIT,"Senwes Park, Potchefstroom",e87aeca2,J Hermann,4,27,33,2,0,caught
1334910,2022-10-28,2022-23,1,WAR,TIT,"Senwes Park, Potchefstroom",35f173a0,MP Breetzke,5,26,26,1,1,caught
1334910,2022-10-28,2022-23,1,WAR,TIT,"Senwes Park, Potchefstroom",94268960,S Qeshile,6,3,4,0,0,caught
1334910,2022-10-28,2022-23,1,WAR,TIT,"Senwes Park, Potchefstroom",20afc7e7,T van Vuuren,7,13,6,1,1,not out
1334910,2022-10-28,2022-23,1,WAR,TIT,"Senwes Park, Potchefstroom",d4d37c31,GA Stuurman,8,0,1,0,0,caught
1334910,2022-10-28,2022-23,1,WAR,TIT,"Senwes Park, Potchefstroom",be3ffb65,Tsepo Ndwandwa,9,1,2,0,0,not out
1334910,2022-10-28,2022-23,1,WAR,TIT,"Senwes Park, Potchefstroom",bd36db2c,A Mnyaka,10,0,0,0,0,
1334910,2022-10-28,2022-23,1,WAR,TIT,"Senwes Park, Potchefstroom",7eb7d5d4,Z Abrahams,11,0,0,0,0,
1334910,2022-10-28,2022-23,2,TIT,WAR,"Senwes Park, Potchefstroom",844e79d1,D Brevis,1,5,11,1,0,caught
1334910,2022-10-28,2022-23,2,TIT,WAR,"Senwes Park, Potchefstroom",230f5cea,J Pillay,2,0,3,0,0,caught
1334910,2022-10-28,2022-23,2,TIT,WAR,"Senwes Park, Potchefstroom",90d6cdea,TB de Bruyn,3,17,9,4,0,caught
1334910,2022-10-28,2022-23,2,TIT,WAR,"Senwes Park, Potchefstroom",1b42a100,BS Makhanya,4,21,23,0,1,caught
1334910,2022-10-28,2022-23,2,TIT,WAR,"Senwes Park, Potchefstroom",73c25704,M Twala,5,17,17,2,1,caught
1334910,2022-10-28,2022-23,2,TIT,WAR,"Senwes Park, Potchefstroom",68790da2,N Brand,6,7,4,0,1,caught
1334910,2022-10-28,2022-23,2,TIT,WAR,"Senwes Park, Potchefstroom",47c449c5,Dayyaan Galiem,7,29,27,1,0,not out
1334910,2022-10-28,2022-23,2,TIT,WAR,"Senwes Park, Potchefstroom",a83c44b8,A Gqamane,8,0,2,0,0,caught
1334910,2022-10-28,2022-23,2,TIT,WAR,"Senwes Park, Potchefstroom",23638956,SR Harmer,9,2,5,0,0,bowled
1334910,2022-10-28,2022-23,2,TIT,WAR,"Senwes Park, Potchefstroom",1cb14aa4,CJ Dala,10,14,17,1,0,not out
1334910,2022-10-28,2022-23,2,TIT,WAR,"Senwes Park, Potchefstroom",7f8ecc51,AM Phangiso,11,0,0,0,0,
1334911,2022-10-28,2022-23,1,KNG,DOL,"Senwes Park, Potchefstroom",3bf40832,GL Cloete,1,16,23,2,0,run out
1334911,2022-10-28,2022-23,1,KNG,DOL,"Senwes Park, Potchefstroom",a3ae63f4,GJ Snyman,2,32,17,3,1,caught
1334911,2022-10-28,2022-23,1,KNG,DOL,"Senwes Park, Potchefstroom",0ba03cec,R van Tonder,3,9,14,1,0,caught
1334911,2022-10-28,2022-23,1,KNG,DOL,"Senwes Park, Potchefstroom",cba5185d,AR Swanepoel,4,6,8,0,0,bowled
1334911,2022-10-28,2022-23,1,KNG,DOL,"Senwes Park, Potchefstroom",39181592,PE Kruger,5,6,8,0,1,bowled
1334911,2022-10-28,2022-23,1,KNG,DOL,"Senwes Park, Potchefstroom",4025c262,PJ van Biljon,6,7,8,0,0,caught
1334911,2022-10-28,2022-23,1,KNG,DOL,"Senwes Park, Potchefstroom",1713d202,O Motlhoaring,7,13,13,2,0,bowled
1334911,2022-10-28,2022-23,1,KNG,DOL,"Senwes Park, Potchefstroom",54c2b697,M Pretorius,8,1,2,0,0,run out
1334911,2022-10-28,2022-23,1,KNG,DOL,"Senwes Park, Potchefstroom",3204c99f,G Coetzee,9,5,4,1,0,not out
1334911,2022-10-28,2022-23,1,KNG,DOL,"Senwes Park, Potchefstroom",9ea3dd1a,M Mhlanga,10,1,5,0,0,bowled
1334911,2022-10-28,2022-23,1,KNG,DOL,"Senwes Park, Potchefstroom",1d105638,M Budaza,11,0,1,0,0,not out
1334912,2022-10-29,2022-23,1,NWEST,BOL,"Senwes Park, Potchefstroom",7d9b4224,L Senokwane,1,46,43,5,0,bowled
1334912,2022-10-29,2022-23,1,NWEST,BOL,"Senwes Park, Potchefstroom",2d7f2ba0,WB Marshall,2,12,13,2,0,bowled
1334912,2022-10-29,2022-23,1,NWEST,BOL,"Senwes Park, Potchefstroom",ede05b97,HG Kuhn,3,58,44,4,2,caught
1334912,2022-10-29,2022-23,1,NWEST,BOL,"Senwes Park, Potchefstroom",7dfb8890,S Muthusamy,4,6,10,1,0,caught
1334912,2022-10-29,2022-23,1,NWEST,BOL,"Senwes Park, Potchefstroom",60fbf53a,D Potgieter,5,2,5,0,0,caught
1334912,2022-10-29,2022-23,1,NWEST,BOL,"Senwes Park, Potchefstroom",8dc152d1,D Jansen,6,8,4,1,0,not out
1334912,2022-10-29,2022-23,1,NWEST,BOL,"Senwes Park, Potchefstroom",0867d81f,K Cotani,7,2,1,0,0,not out
1334912,2022-10-29,2022-23,1,NWEST,BOL,"Senwes Park, Potchefstroom",be8b147b,C Seleka,8,0,0,0,0,
1334912,2022-10-29,2022-23,1,NWEST,BOL,"Senwes Park, Potchefstroom",64f55c74,R Meyer,9,0,0,0,0,
1334912,2022-10-29,2022-23,1,NWEST,BOL,"Senwes Park, Potchefstroom",56feceb0,K Mungroo,10,0,0,0,0,
1334912,2022-10-29,2022-23,1,NWEST,BOL,"Senwes Park, Potchefstroom",a0936692,EL Hawken,11,0,0,0,0,
1334912,2022-10-29,2022-23,2,BOL,NWEST,"Senwes Park, Potchefstroom",f76d7466,JN Malan,1,34,28,4,1,bowled
1334912,2022-10-29,2022-23,2,BOL,NWEST,"Senwes Park, Potchefstroom",6e6fb538,JL du Plooy,2,6,4,1,0,lbw
1334912,2022-10-29,2022-23,2,BOL,NWEST,"Senwes Park, Potchefstroom",f25cebec,C Fortuin,3,57,29,2,5,bowled
1334912,2022-10-29,2022-23,2,BOL,NWEST,"Senwes Park, Potchefstroom",a81d6706,C Jonker,4,15,14,1,0,not out
1334912,2022-10-29,2022-23,2,BOL,NWEST,"Senwes Park, Potchefstroom",a316d663,GC Viljoen,5,5,8,0,0,caught and bowled
1334912,2022-10-29,2022-23,2,BOL,NWEST,"Senwes Park, Potchefstroom",5ec126fa,I Manack,6,9,6,1,0,caught
1334912,2022-10-29,2022-23,2,BOL,NWEST,"Senwes Park, Potchefstroom",dce2019b,F Behardien,7,2,2,0,0,not out
1334912,2022-10-29,2022-23,2,BOL,NWEST,"Senwes Park, Potchefstroom",9943b637,M Copeland,8,0,0,0,0,
1334912,2022-10-29,2022-23,2,BOL,NWEST,"Senwes Park, Potchefstroom",94cdf850,B Xenxe,9,0,0,0,0,
1334912,2022-10-29,2022-23,2,BOL,NWEST,"Senwes Park, Potchefstroom",ffd3fc37,S von Berg,10,0,0,0,0,
1334912,2022-10-29,2022-23,2,BOL,NWEST,"Senwes Park, Potchefstroom",781f2acc,K Gumede,11,0,0,0,0,
1334913,2022-10-29,2022-23,1,WPR,DOL,"Senwes Park, Potchefstroom",a5c3d564,G Kaplan,1,1,5,0,0,lbw
1334913,2022-10-29,2022-23,1,WPR,DOL,"Senwes Park, Potchefstroom",5d69930d,D Smith,2,2,8,0,0,bowled
1334913,2022-10-29,2022-23,1,WPR,DOL,"Senwes Park, Potchefstroom",80444ee7,L Tywaku,3,8,19,1,0,retired hurt
1334913,2022-10-29,2022-23,1,WPR,DOL,"Senwes Park, Potchefstroom",bf814547,K Verreynne,4,4,6,1,0,bowled
1334913,2022-10-29,2022-23,1,WPR,DOL,"Senwes Park, Potchefstroom",e5437608,GF Linde,5,30,33,1,1,bowled
1334913,2022-10-29,2022-23,1,WPR,DOL,"Senwes Park, Potchefstroom",547c5509,M Mpongwana,6,2,6,0,0,lbw
1334913,2022-10-29,2022-23,1,WPR,DOL,"Senwes Park, Potchefstroom",8ab49ad2,Abdullah Bayoumy,7,3,4,0,0,stumped
1334913,2022-10-29,2022-23,1,WPR,DOL,"Senwes Park, Potchefstroom",462d7c62,D Paterson,8,4,8,0,0,caught
1334913,2022-10-29,2022-23,1,WPR,DOL,"Senwes Park, Potchefstroom",3122c016,KI Simmonds,9,4,4,0,0,caught
1334913,2022-10-29,2022-23,1,WPR,DOL,"Senwes Park, Potchefstroom",36ea17c1,TL Moreki,10,3,8,0,0,bowled
1334913,2022-10-29,2022-23,1,WPR,DOL,"Senwes Park, Potchefstroom",465aa633,N Burger,11,0,5,0,0,lbw
1334913,2022-10-29,2022-23,1,WPR,DOL,"Senwes Park, Potchefstroom",a2316f90,J Dawood,12,2,2,0,0,not out
1334913,2022-10-29,2022-23,2,DOL,WPR,"Senwes Park, Potchefstroom",ac688e55,G Roelofsen,1,29,30,3,1,not out
1334913,2022-10-29,2022-23,2,DOL,WPR,"Senwes Park, Potchefstroom",bf64dc29,KD Petersen,2,0,5,0,0,caught
1334913,2022-10-29,2022-23,2,DOL,WPR,"Senwes Park, Potchefstroom",42172c3c,JT Smuts,3,11,5,1,1,caught
1334913,2022-10-29,2022-23,2,DOL,WPR,"Senwes Park, Potchefstroom",876bec53,TA Dithole,4,6,7,1,0,lbw
1334913,2022-10-29,2022-23,2,DOL,WPR,"Senwes Park, Potchefstroom",4aad78d3,K Zondo,5,17,11,1,1,not out
1334913,2022-10-29,2022-23,2,DOL,WPR,"Senwes Park, Potchefstroom",d44569de,T Ntini,6,0,0,0,0,
1334913,2022-10-29,2022-23,2,DOL,WPR,"Senwes Park, Potchefstroom",7cb2d9d2,DM Dupavillon,7,0,0,0,0,
1334913,2022-10-29,2022-23,2,DOL,WPR,"Senwes Park, Potchefstroom",6b9eb501,OEG Baartman,8,0,0,0,0,
1334913,2022-10-29,2022-23,2,DOL,WPR,"Senwes Park, Potchefstroom",91cd48e0,JF Smith,9,0,0,0,0,
1334913,2022-10-29,2022-23,2,DOL,WPR,"Senwes Park, Potchefstroom",7ec9711d,P Subrayen,10,0,0,0,0,
1334913,2022-10-29,2022-23,2,DOL,WPR,"Senwes Park, Potchefstroom",28d6c44d,E Bosch,11,0,0,0,0,
1334914,2022-10-30,2022-23,1,WAR,NWEST,"Senwes Park, Potchefstroom",51355a30,LC Ngoepe,1,20,18,2,1,caught
1334914,2022-10-30,2022-23,1,WAR,NWEST,"Senwes Park, Potchefstroom",10f42013,WJ Lubbe,2,52,45,3,2,caught
1334914,2022-10-30,2022-23,1,WAR,NWEST,"Senwes Park, Potchefstroom",f8e6dbdd,DS Rosier,3,53,41,5,1,not out
1334914,2022-10-30,2022-23,1,WAR,NWEST,"Senwes Park, Potchefstroom",e87aeca2,J Hermann,4,0,1,0,0,caught
1334914,2022-10-30,2022-23,1,WAR,NWEST,"Senwes Park, Potchefstroom",35f173a0,MP Breetzke,5,29,16,4,1,caught
1334914,2022-10-30,2022-23,1,WAR,NWEST,"Senwes Park, Potchefstroom",94268960,S Qeshile,6,0,0,0,0,
1334914,2022-10-30,2022-23,1,WAR,NWEST,"Senwes Park, Potchefstroom",6e0a2209,B Swanepoel,7,0,0,0,0,
1334914,2022-10-30,2022-23,1,WAR,NWEST,"Senwes Park, Potchefstroom",20afc7e7,T van Vuuren,8,0,0,0,0,
1334914,2022-10-30,2022-23,1,WAR,NWEST,"Senwes Park, Potchefstroom",d4d37c31,GA Stuurman,9,0,0,0,0,
1334914,2022-10-30,2022-23,1,WAR,NWEST,"Senwes Park, Potchefstroom",f51c1a3b,K Molefe,10,0,0,0,0,
1334914,2022-10-30,2022-23,1,WAR,NWEST,"Senwes Park, Potchefstroom",be3ffb65,Tsepo Ndwandwa,11,0,0,0,0,
1334914,2022-10-30,2022-23,2,NWEST,WAR,"Senwes Park, Potchefstroom",7d9b4224,L Senokwane,1,21,13,5,0,run out
1334914,2022-10-30,2022-23,2,NWEST,WAR,"Senwes Park, Potchefstroom",2d7f2ba0,WB Marshall,2,56,35,5,3,stumped
1334914,2022-10-30,2022-23,2,NWEST,WAR,"Senwes Park, Potchefstroom",ede05b97,HG Kuhn,3,43,37,4,0,bowled
1334914,2022-10-30,2022-23,2,NWEST,WAR,"Senwes Park, Potchefstroom",0867d81f,K Cotani,4,16,24,1,0,bowled
1334914,2022-10-30,2022-23,2,NWEST,WAR,"Senwes Park, Potchefstroom",7dfb8890,S Muthusamy,5,1,3,0,0,run out
1334914,2022-10-30,2022-23,2,NWEST,WAR,"Senwes Park, Potchefstroom",8dc152d1,D Jansen,6,1,2,0,0,caught
1334914,2022-10-30,2022-23,2,NWEST,WAR,"Senwes Park, Potchefstroom",bd25d145,H Coetzer,7,3,4,0,0,not out
1334914,2022-10-30,2022-23,2,NWEST,WAR,"Senwes Park, Potchefstroom",64f55c74,R Meyer,8,0,1,0,0,run out
1334914,2022-10-30,2022-23,2,NWEST,WAR,"Senwes Park, Potchefstroom",a0936692,EL Hawken,9,1,1,0,0,not out
1334914,2022-10-30,2022-23,2,NWEST,WAR,"Senwes Park, Potchefstroom",be8b147b,C Seleka,10,0,0,0,0,
1334914,2022-10-30,2022-23,2,NWEST,WAR,"Senwes Park, Potchefstroom",58f01d47,LM Zuma,11,0,0,0,0,
1334915,2022-10-31,2022-23,1,TIT,KNG,"Senwes Park, Potchefstroom",844e79d1,D Brevis,1,162,57,13,13,caught
1334915,2022-10-31,2022-23,1,TIT,KNG,"Senwes Park, Potchefstroom",230f5cea,J Pillay,2,52,45,4,1,caught
1334915,2022-10-31,2022-23,1,TIT,KNG,"Senwes Park, Potchefstroom",f0af99a7,D Ferreira,3,33,15,4,2,caught
1334915,2022-10-31,2022-23,1,TIT,KNG,"Senwes Park, Potchefstroom",47c449c5,Dayyaan Galiem,4,7,4,0,1,not out
1334915,2022-10-31,2022-23,1,TIT,KNG,"Senwes Park, Potchefstroom",90d6cdea,TB de Bruyn,5,5,3,0,0,not out
1334915,2022-10-31,2022-23,1,TIT,KNG,"Senwes Park, Potchefstroom",1b42a100,BS Makhanya,6,0,0,0,0,
1334915,2022-10-31,2022-23,1,TIT,KNG,"Senwes Park, Potchefstroom",68790da2,N Brand,7,0,0,0,0,
1334915,2022-10-31,2022-23,1,TIT,KNG,"Senwes Park, Potchefstroom",a83c44b8,A Gqamane,8,0,0,0,0,
1334915,2022-10-31,2022-23,1,TIT,KNG,"Senwes Park, Potchefstroom",23638956,SR Harmer,9,0,0,0,0,
1334915,2022-10-31,2022-23,1,TIT,KNG,"Senwes Park, Potchefstroom",1cb14aa4,CJ Dala,10,0,0,0,0,
1334915,2022-10-31,2022-23,1,TIT,KNG,"Senwes Park, Potchefstroom",7f8ecc51,AM Phangiso,11,0,0,0,0,
1334915,2022-10-31,2022-23,2,KNG,TIT,"Senwes Park, Potchefstroom",3bf40832,GL Cloete,1,51,32,6,2,caught
1334915,2022-10-31,2022-23,2,KNG,TIT,"Senwes Park, Potchefstroom",a3ae63f4,GJ Snyman,2,28,14,0,3,caught
1334915,2022-10-31,2022-23,2,KNG,TIT,"Senwes Park, Potchefstroom",0ba03cec,R van Tonder,3,12,9,1,0,caught
1334915,2022-10-31,2022-23,2,KNG,TIT,"Senwes Park, Potchefstroom",39181592,PE Kruger,4,22,13,1,2,caught
1334915,2022-10-31,2022-23,2,KNG,TIT,"Senwes Park, Potchefstroom",cba5185d,AR Swanepoel,5,3,3,0,0,caught
1334915,2022-10-31,2022-23,2,KNG,TIT,"Senwes Park, Potchefstroom",4025c262,PJ van Biljon,6,12,9,1,1,caught
1334915,2022-10-31,2022-23,2,KNG,TIT,"Senwes Park, Potchefstroom",3204c99f,G Coetzee,7,37,11,1,5,caught
1334915,2022-10-31,2022-23,2,KNG,TIT,"Senwes Park, Potchefstroom",54c2b697,M Pretorius,8,29,14,1,3,caught
1334915,2022-10-31,2022-23,2,KNG,TIT,"Senwes Park, Potchefstroom",f3fe6653,I Dikgale,9,28,13,1,3,lbw
1334915,2022-10-31,2022-23,2,KNG,TIT,"Senwes Park, Potchefstroom",1713d202,O Motlhoaring,10,1,2,0,0,not out
1334915,2022-10-31,2022-23,2,KNG,TIT,"Senwes Park, Potchefstroom",1d105638,M Budaza,11,0,0,0,0,
1334916,2022-10-31,2022-23,1,LIONS,WPR,"Senwes Park, Potchefstroom",e66732f8,RD Rickelton,1,4,4,1,0,caught
1334916,2022-10-31,2022-23,1,LIONS,WPR,"Senwes Park, Potchefstroom",afa78c3a,CS Delport,2,14,10,3,0,caught
1334916,2022-10-31,2022-23,1,LIONS,WPR,"Senwes Park, Potchefstroom",f66f5343,DA Hendricks,3,31,30,4,0,bowled
1334916,2022-10-31,2022-23,1,LIONS,WPR,"Senwes Park, Potchefstroom",46e4a4e0,M Van Buuren,4,40,24,4,1,caught
1334916,2022-10-31,2022-23,1,LIONS,WPR,"Senwes Park, Potchefstroom",c96f6ac5,PWA Mulder,5,52,34,4,3,caught
1334916,2022-10-31,2022-23,1,LIONS,WPR,"Senwes Park, Potchefstroom",fbfea9c2,E Jones,6,0,1,0,0,bowled
1334916,2022-10-31,2022-23,1,LIONS,WPR,"Senwes Park, Potchefstroom",9d50c7e1,MP Siboto,7,6,11,0,0,caught
1334916,2022-10-31,2022-23,1,LIONS,WPR,"Senwes Park, Potchefstroom",70fb2cc8,G Adams,8,3,4,0,0,bowled
1334916,2022-10-31,2022-23,1,LIONS,WPR,"Senwes Park, Potchefstroom",032e4384,T Bokako,9,3,2,0,0,not out
1334916,2022-10-31,2022-23,1,LIONS,WPR,"Senwes Park, Potchefstroom",c50bfbc2,A Myoli,10,0,0,0,0,
1334916,2022-10-31,2022-23,1,LIONS,WPR,"Senwes Park, Potchefstroom",f2397e48,Codi Yusuf,11,0,0,0,0,
1334916,2022-10-31,2022-23,2,WPR,LIONS,"Senwes Park, Potchefstroom",a5c3d564,G Kaplan,1,8,8,1,0,caught
1334916,2022-10-31,2022-23,2,WPR,LIONS,"Senwes Park, Potchefstroom",5d69930d,D Smith,2,28,31,3,0,caught
1334916,2022-10-31,2022-23,2,WPR,LIONS,"Senwes Park, Potchefstroom",547c5509,M Mpongwana,3,43,29,5,1,run out
1334916,2022-10-31,2022-23,2,WPR,LIONS,"Senwes Park, Potchefstroom",bf814547,K Verreynne,4,19,17,1,0,bowled
1334916,2022-10-31,2022-23,2,WPR,LIONS,"Senwes Park, Potchefstroom",955e8e86,A Mgijima,5,2,5,0,0,caught
1334916,2022-10-31,2022-23,2,WPR,LIONS,"Senwes Park, Potchefstroom",e5437608,GF Linde,6,5,10,0,0,caught
1334916,2022-10-31,2022-23,2,WPR,LIONS,"Senwes Park, Potchefstroom",8ab49ad2,Abdullah Bayoumy,7,4,6,0,0,caught
1334916,2022-10-31,2022-23,2,WPR,LIONS,"Senwes Park, Potchefstroom",b56dc5f7,BE Hendricks,8,2,3,0,0,bowled
1334916,2022-10-31,2022-23,2,WPR,LIONS,"Senwes Park, Potchefstroom",36ea17c1,TL Moreki,9,5,5,0,0,not out
1334916,2022-10-31,2022-23,2,WPR,LIONS,"Senwes Park, Potchefstroom",465aa633,N Burger,10,4,7,0,0,run out
1334916,2022-10-31,2022-23,2,WPR,LIONS,"Senwes Park, Potchefstroom",a2316f90,J Dawood,11,0,0,0,0,
1334917,2022-11-01,2022-23,1,NWEST,KNG,"Senwes Park, Potchefstroom",0827b38d,TG Mokoena,1,12,8,3,0,bowled
1334917,2022-11-01,2022-23,1,NWEST,KNG,"Senwes Park, Potchefstroom",2d7f2ba0,WB Marshall,2,10,8,1,0,caught
1334917,2022-11-01,2022-23,1,NWEST,KNG,"Senwes Park, Potchefstroom",ede05b97,HG Kuhn,3,50,47,4,0,caught
1334917,2022-11-01,2022-23,1,NWEST,KNG,"Senwes Park, Potchefstroom",0867d81f,K Cotani,4,5,8,1,0,caught
1334917,2022-11-01,2022-23,1,NWEST,KNG,"Senwes Park, Potchefstroom",7dfb8890,S Muthusamy,5,10,8,0,0,lbw
1334917,2022-11-01,2022-23,1,NWEST,KNG,"Senwes Park, Potchefstroom",60fbf53a,D Potgieter,6,18,25,0,0,not out
1334917,2022-11-01,2022-23,1,NWEST,KNG,"Senwes Park, Potchefstroom",8dc152d1,D Jansen,7,39,15,3,3,caught
1334917,2022-11-01,2022-23,1,NWEST,KNG,"Senwes Park, Potchefstroom",bd25d145,H Coetzer,8,0,1,0,0,not out
1334917,2022-11-01,2022-23,1,NWEST,KNG,"Senwes Park, Potchefstroom",64f55c74,R Meyer,9,0,0,0,0,
1334917,2022-11-01,2022-23,1,NWEST,KNG,"Senwes Park, Potchefstroom",be8b147b,C Seleka,10,0,0,0,0,
1334917,2022-11-01,2022-23,1,NWEST,KNG,"Senwes Park, Potchefstroom",58f01d47,LM Zuma,11,0,0,0,0,
1334917,2022-11-01,2022-23,2,KNG,NWEST,"Senwes Park, Potchefstroom",3bf40832,GL Cloete,1,9,5,2,0,run out
1334917,2022-11-01,2022-23,2,KNG,NWEST,"Senwes Park, Potchefstroom",a3ae63f4,GJ Snyman,2,25,17,5,0,caught
1334917,2022-11-01,2022-23,2,KNG,NWEST,"Senwes Park, Potchefstroom",0ba03cec,R van Tonder,3,7,9,1,0,caught
1334917,2022-11-01,2022-23,2,KNG,NWEST,"Senwes Park, Potchefstroom",39181592,PE Kruger,4,7,6,1,0,caught
1334917,2022-11-01,2022-23,2,KNG,NWEST,"Senwes Park, Potchefstroom",cba5185d,AR Swanepoel,5,1,4,0,0,bowled
1334917,2022-11-01,2022-23,2,KNG,NWEST,"Senwes Park, Potchefstroom",4025c262,PJ van Biljon,6,27,24,1,2,caught
1334917,2022-11-01,2022-23,2,KNG,NWEST,"Senwes Park, Potchefstroom",f3fe6653,I Dikgale,7,9,9,0,0,bowled
1334917,2022-11-01,2022-23,2,KNG,NWEST,"Senwes Park, Potchefstroom",3204c99f,G Coetzee,8,7,6,0,1,caught
1334917,2022-11-01,2022-23,2,KNG,NWEST,"Senwes Park, Potchefstroom",54c2b697,M Pretorius,9,36,15,3,3,caught
1334917,2022-11-01,2022-23,2,KNG,NWEST,"Senwes Park, Potchefstroom",1713d202,O Motlhoaring,10,2,3,0,0,caught
1334917,2022-11-01,2022-23,2,KNG,NWEST,"Senwes Park, Potchefstroom",1d105638,M Budaza,11,0,2,0,0,not out
1334919,2022-11-02,2022-23,1,TIT,KNG,"Senwes Park, Potchefstroom",844e79d1,D Brevis,1,9,10,1,0,caught
1334919,2022-11-02,2022-23,1,TIT,KNG,"Senwes Park, Potchefstroom",230f5cea,J Pillay,2,33,24,4,1,caught
1334919,2022-11-02,2022-23,1,TIT,KNG,"Senwes Park, Potchefstroom",90d6cdea,TB de Bruyn,3,36,28,4,1,caught
1334919,2022-11-02,2022-23,1,TIT,KNG,"Senwes Park, Potchefstroom",1b42a100,BS Makhanya,4,45,34,4,1,run out
1334919,2022-11-02,2022-23,1,TIT,KNG,"Senwes Park, Potchefstroom",f0af99a7,D Ferreira,5,8,8,1,0,caught
1334919,2022-11-02,2022-23,1,TIT,KNG,"Senwes Park, Potchefstroom",68790da2,N Brand,6,15,14,2,0,caught
1334919,2022-11-02,2022-23,1,TIT,KNG,"Senwes Park, Potchefstroom",47c449c5,Dayyaan Galiem,7,1,2,0,0,not out
1334919,2022-11-02,2022-23,1,TIT,KNG,"Senwes Park, Potchefstroom",a83c44b8,A Gqamane,8,0,0,0,0,
1334919,2022-11-02,2022-23,1,TIT,KNG,"Senwes Park, Potchefstroom",23638956,SR Harmer,9,0,0,0,0,
1334919,2022-11-02,2022-23,1,TIT,KNG,"Senwes Park, Potchefstroom",1cb14aa4,CJ Dala,10,0,0,0,0,
1334919,2022-11-02,2022-23,1,TIT,KNG,"Senwes Park, Potchefstroom",7f8ecc51,AM Phangiso,11,0,0,0,0,
1334919,2022-11-02,2022-23,2,KNG,TIT,"Senwes Park, Potchefstroom",3bf40832,GL Cloete,1,21,24,2,1,caught
1334919,2022-11-02,2022-23,2,KNG,TIT,"Senwes Park, Potchefstroom",a3ae63f4,GJ Snyman,2,33,28,3,1,caught
1334919,2022-11-02,2022-23,2,KNG,TIT,"Senwes Park, Potchefstroom",cba5185d,AR Swanepoel,3,6,11,0,0,caught
1334919,2022-11-02,2022-23,2,KNG,TIT,"Senwes Park, Potchefstroom",0ba03cec,R van Tonder,4,10,17,0,0,caught
1334919,2022-11-02,2022-23,2,KNG,TIT,"Senwes Park, Potchefstroom",39181592,PE Kruger,5,13,14,1,1,caught
1334919,2022-11-02,2022-23,2,KNG,TIT,"Senwes Park, Potchefstroom",4025c262,PJ van Biljon,6,0,1,0,0,caught
1334919,2022-11-02,2022-23,2,KNG,TIT,"Senwes Park, Potchefstroom",3204c99f,G Coetzee,7,0,2,0,0,caught and bowled
1334919,2022-11-02,2022-23,2,KNG,TIT,"Senwes Park, Potchefstroom",54c2b697,M Pretorius,8,19,16,2,1,not out
1334919,2022-11-02,2022-23,2,KNG,TIT,"Senwes Park, Potchefstroom",f3fe6653,I Dikgale,9,1,4,0,0,run out
1334919,2022-11-02,2022-23,2,KNG,TIT,"Senwes Park, Potchefstroom",ea1eba98,SA Mothoa,10,2,4,0,0,not out
1334919,2022-11-02,2022-23,2,KNG,TIT,"Senwes Park, Potchefstroom",1d105638,M Budaza,11,0,0,0,0,
1334920,2022-11-02,2022-23,1,DOL,BOL,"Senwes Park, Potchefstroom",ac688e55,G Roelofsen,1,26,30,2,0,caught
1334920,2022-11-02,2022-23,1,DOL,BOL,"Senwes Park, Potchefstroom",bf64dc29,KD Petersen,2,25,19,3,1,caught
1334920,2022-11-02,2022-23,1,DOL,BOL,"Senwes Park, Potchefstroom",42172c3c,JT Smuts,3,6,10,0,0,caught
1334920,2022-11-02,2022-23,1,DOL,BOL,"Senwes Park, Potchefstroom",876bec53,TA Dithole,4,4,2,1,0,bowled
1334920,2022-11-02,2022-23,1,DOL,BOL,"Senwes Park, Potchefstroom",4aad78d3,K Zondo,5,18,12,1,0,caught
1334920,2022-11-02,2022-23,1,DOL,BOL,"Senwes Park, Potchefstroom",91cd48e0,JF Smith,6,22,24,2,0,caught
1334920,2022-11-02,2022-23,1,DOL,BOL,"Senwes Park, Potchefstroom",ebb74564,A Simelane,7,0,3,0,0,stumped
1334920,2022-11-02,2022-23,1,DOL,BOL,"Senwes Park, Potchefstroom",28d6c44d,E Bosch,8,7,8,0,0,caught
1334920,2022-11-02,2022-23,1,DOL,BOL,"Senwes Park, Potchefstroom",7ec9711d,P Subrayen,9,22,11,2,1,caught
1334920,2022-11-02,2022-23,1,DOL,BOL,"Senwes Park, Potchefstroom",7cb2d9d2,DM Dupavillon,10,1,1,0,0,run out
1334920,2022-11-02,2022-23,1,DOL,BOL,"Senwes Park, Potchefstroom",6b9eb501,OEG Baartman,11,0,0,0,0,not out
1334920,2022-11-02,2022-23,2,BOL,DOL,"Senwes Park, Potchefstroom",f76d7466,JN Malan,1,37,39,7,0,stumped
1334920,2022-11-02,2022-23,2,BOL,DOL,"Senwes Park, Potchefstroom",6e6fb538,JL du Plooy,2,0,1,0,0,caught
1334920,2022-11-02,2022-23,2,BOL,DOL,"Senwes Park, Potchefstroom",f25cebec,C Fortuin,3,7,8,0,1,bowled
1334920,2022-11-02,2022-23,2,BOL,DOL,"Senwes Park, Potchefstroom",a81d6706,C Jonker,4,5,7,0,0,lbw
1334920,2022-11-02,2022-23,2,BOL,DOL,"Senwes Park, Potchefstroom",dce2019b,F Behardien,5,31,32,2,0,not out
1334920,2022-11-02,2022-23,2,BOL,DOL,"Senwes Park, Potchefstroom",9943b637,M Copeland,6,0,1,0,0,caught
1334920,2022-11-02,2022-23,2,BOL,DOL,"Senwes Park, Potchefstroom",f277f531,FD Adams,7,3,7,0,0,stumped
1334920,2022-11-02,2022-23,2,BOL,DOL,"Senwes Park, Potchefstroom",a316d663,GC Viljoen,8,22,18,1,1,caught
1334920,2022-11-02,2022-23,2,BOL,DOL,"Senwes Park, Potchefstroom",94cdf850,B Xenxe,9,10,4,1,0,run out
1334920,2022-11-02,2022-23,2,BOL,DOL,"Senwes Park, Potchefstroom",ffd3fc37,S von Berg,10,2,3,0,0,not out
1334920,2022-11-02,2022-23,2,BOL,DOL,"Senwes Park, Potchefstroom",781f2acc,K Gumede,11,0,0,0,0,
1334921,2022-11-05,2022-23,1,DOL,TIT,"Senwes Park, Potchefstroom",ac688e55,G Roelofsen,1,0,1,0,0,caught
1334921,2022-11-05,2022-23,1,DOL,TIT,"Senwes Park, Potchefstroom",bf64dc29,KD Petersen,2,63,51,6,2,caught
1334921,2022-11-05,2022-23,1,DOL,TIT,"Senwes Park, Potchefstroom",42172c3c,JT Smuts,3,69,50,8,1,caught
1334921,2022-11-05,2022-23,1,DOL,TIT,"Senwes Park, Potchefstroom",ebb74564,A Simelane,4,8,11,1,0,not out
1334921,2022-11-05,2022-23,1,DOL,TIT,"Senwes Park, Potchefstroom",91cd48e0,JF Smith,5,21,7,1,2,not out
1334921,2022-11-05,2022-23,1,DOL,TIT,"Senwes Park, Potchefstroom",876bec53,TA Dithole,6,0,0,0,0,
1334921,2022-11-05,2022-23,1,DOL,TIT,"Senwes Park, Potchefstroom",4aad78d3,K Zondo,7,0,0,0,0,
1334921,2022-11-05,2022-23,1,DOL,TIT,"Senwes Park, Potchefstroom",28d6c44d,E Bosch,8,0,0,0,0,
1334921,2022-11-05,2022-23,1,DOL,TIT,"Senwes Park, Potchefstroom",7ec9711d,P Subrayen,9,0,0,0,0,
1334921,2022-11-05,2022-23,1,DOL,TIT,"Senwes Park, Potchefstroom",7cb2d9d2,DM Dupavillon,10,0,0,0,0,
1334921,2022-11-05,2022-23,1,DOL,TIT,"Senwes Park, Potchefstroom",6b9eb501,OEG Baartman,11,0,0,0,0,
1334921,2022-11-05,2022-23,2,TIT,DOL,"Senwes Park, Potchefstroom",844e79d1,D Brevis,1,2,5,0,0,caught
1334921,2022-11-05,2022-23,2,TIT,DOL,"Senwes Park, Potchefstroom",230f5cea,J Pillay,2,18,20,3,0,caught
1334921,2022-11-05,2022-23,2,TIT,DOL,"Senwes Park, Potchefstroom",90d6cdea,TB de Bruyn,3,32,19,2,2,caught
1334921,2022-11-05,2022-23,2,TIT,DOL,"Senwes Park, Potchefstroom",1b42a100,BS Makhanya,4,13,9,1,1,caught
1334921,2022-11-05,2022-23,2,TIT,DOL,"Senwes Park, Potchefstroom",68790da2,N Brand,5,18,19,1,0,caught
1334921,2022-11-05,2022-23,2,TIT,DOL,"Senwes Park, Potchefstroom",47c449c5,Dayyaan Galiem,6,32,22,5,0,not out
1334921,2022-11-05,2022-23,2,TIT,DOL,"Senwes Park, Potchefstroom",f0af99a7,D Ferreira,7,40,25,3,1,run out
1334921,2022-11-05,2022-23,2,TIT,DOL,"Senwes Park, Potchefstroom",a83c44b8,A Gqamane,8,0,0,0,0,not out
1334921,2022-11-05,2022-23,2,TIT,DOL,"Senwes Park, Potchefstroom",23638956,SR Harmer,9,0,0,0,0,
1334921,2022-11-05,2022-23,2,TIT,DOL,"Senwes Park, Potchefstroom",1cb14aa4,CJ Dala,10,0,0,0,0,
1334921,2022-11-05,2022-23,2,TIT,DOL,"Senwes Park, Potchefstroom",7f8ecc51,AM Phangiso,11,0,0,0,0,
1394571,2024-03-08,2023-24,1,WAR,KZNIN,"St George's Park, Gqeberha",35f173a0,MP Breetzke,1,25,16,4,1,caught
1394571,2024-03-08,2023-24,1,WAR,KZNIN,"St George's Park, Gqeberha",230f5cea,J Pillay,2,29,23,1,2,caught
1394571,2024-03-08,2023-24,1,WAR,KZNIN,"St George's Park, Gqeberha",e87aeca2,J Hermann,3,21,26,2,0,caught
1394571,2024-03-08,2023-24,1,WAR,KZNIN,"St George's Park, Gqeberha",85b3fab2,T Stubbs,4,16,13,2,0,caught
1394571,2024-03-08,2023-24,1,WAR,KZNIN,"St George's Park, Gqeberha",39181592,PE Kruger,5,10,11,1,0,caught
1394571,2024-03-08,2023-24,1,WAR,KZNIN,"St George's Park, Gqeberha",81c36ee9,M Jansen,6,4,7,0,0,caught
1394571,2024-03-08,2023-24,1,WAR,KZNIN,"St George's Park, Gqeberha",94268960,S Qeshile,7,2,3,0,0,caught
1394571,2024-03-08,2023-24,1,WAR,KZNIN,"St George's Park, Gqeberha",3b9f3af4,A Mokgakane,8,11,12,1,0,caught
1394571,2024-03-08,2023-24,1,WAR,KZNIN,"St George's Park, Gqeberha",acdc62f5,A Nortje,9,4,6,0,0,caught
1394571,2024-03-08,2023-24,1,WAR,KZNIN,"St George's Park, Gqeberha",ad19dda3,N van Heerden,10,0,1,0,0,run out
1394571,2024-03-08,2023-24,1,WAR,KZNIN,"St George's Park, Gqeberha",d3cc2954,S Simetu,11,2,2,0,0,not out
1394571,2024-03-08,2023-24,2,KZNIN,WAR,"St George's Park, Gqeberha",704af8eb,MN Erlank,1,0,1,0,0,lbw
1394571,2024-03-08,2023-24,2,KZNIN,WAR,"St George's Park, Gqeberha",afa78c3a,CS Delport,2,6,7,1,0,caught
1394571,2024-03-08,2023-24,2,KZNIN,WAR,"St George's Park, Gqeberha",1484cad1,T Kumalo,3,6,8,1,0,caught
1394571,2024-03-08,2023-24,2,KZNIN,WAR,"St George's Park, Gqeberha",ac762575,MJ Nofal,4,16,16,3,0,bowled
1394571,2024-03-08,2023-24,2,KZNIN,WAR,"St George's Park, Gqeberha",efdee934,CD Shekleton,5,23,25,1,1,caught
1394571,2024-03-08,2023-24,2,KZNIN,WAR,"St George's Park, Gqeberha",b8828a1b,KJ Dudgeon,6,1,4,0,0,bowled
1394571,2024-03-08,2023-24,2,KZNIN,WAR,"St George's Park, Gqeberha",9639f323,D Ridgaard,7,1,3,0,0,lbw
1394571,2024-03-08,2023-24,2,KZNIN,WAR,"St George's Park, Gqeberha",a7c6ee8a,A Mhletywa,8,2,4,0,0,lbw
1394571,2024-03-08,2023-24,2,KZNIN,WAR,"St George's Park, Gqeberha",0fd147f7,S Nhlebela,9,16,14,2,0,caught
1394571,2024-03-08,2023-24,2,KZNIN,WAR,"St George's Park, Gqeberha",9e17928e,M Khumalo,10,5,7,1,0,not out
1394571,2024-03-08,2023-24,2,KZNIN,WAR,"St George's Park, Gqeberha",1d105638,M Budaza,11,6,11,1,0,bowled
1394572,2024-03-08,2023-24,1,WPR,DOL,"Kingsmead, Durban",a1b69936,DG Bedingham,1,8,5,0,1,lbw
1394572,2024-03-08,2023-24,1,WPR,DOL,"Kingsmead, Durban",d3a1c63d,T de Zorzi,2,16,14,2,1,caught
1394572,2024-03-08,2023-24,1,WPR,DOL,"Kingsmead, Durban",bf814547,K Verreynne,3,18,14,1,1,caught
1394572,2024-03-08,2023-24,1,WPR,DOL,"Kingsmead, Durban",572f55fb,JA Bird,4,40,30,0,2,caught
1394572,2024-03-08,2023-24,1,WPR,DOL,"Kingsmead, Durban",547c5509,M Mpongwana,5,22,24,2,0,caught
1394572,2024-03-08,2023-24,1,WPR,DOL,"Kingsmead, Durban",3122c016,KI Simmonds,6,25,22,1,0,caught
1394572,2024-03-08,2023-24,1,WPR,DOL,"Kingsmead, Durban",8ab49ad2,Abdullah Bayoumy,7,2,4,0,0,caught
1394572,2024-03-08,2023-24,1,WPR,DOL,"Kingsmead, Durban",9b442f95,O Nyaku,8,6,5,0,0,not out
1394572,2024-03-08,2023-24,1,WPR,DOL,"Kingsmead, Durban",b56dc5f7,BE Hendricks,9,1,2,0,0,run out
1394572,2024-03-08,2023-24,1,WPR,DOL,"Kingsmead, Durban",6ed11905,M Nabe,10,0,0,0,0,
1394572,2024-03-08,2023-24,1,WPR,DOL,"Kingsmead, Durban",465aa633,N Burger,11,0,0,0,0,
1394572,2024-03-08,2023-24,2,DOL,WPR,"Kingsmead, Durban",fc60e81a,B Parsons,1,0,3,0,0,caught
1394572,2024-03-08,2023-24,2,DOL,WPR,"Kingsmead, Durban",ac688e55,G Roelofsen,2,17,11,3,0,caught
1394572,2024-03-08,2023-24,2,DOL,WPR,"Kingsmead, Durban",42172c3c,JT Smuts,3,7,11,1,0,bowled
1394572,2024-03-08,2023-24,2,DOL,WPR,"Kingsmead, Durban",3a661be2,BG Porteous,4,20,19,2,1,bowled
1394572,2024-03-08,2023-24,2,DOL,WPR,"Kingsmead, Durban",4aad78d3,K Zondo,5,20,25,1,0,caught and bowled
1394572,2024-03-08,2023-24,2,DOL,WPR,"Kingsmead, Durban",91cd48e0,JF Smith,6,27,19,0,2,caught
1394572,2024-03-08,2023-24,2,DOL,WPR,"Kingsmead, Durban",ab6b1c45,AL Phehlukwayo,7,11,7,1,1,bowled
1394572,2024-03-08,2023-24,2,DOL,WPR,"Kingsmead, Durban",0b60eb09,KA Maharaj,8,13,12,1,0,not out
1394572,2024-03-08,2023-24,2,DOL,WPR,"Kingsmead, Durban",7ec9711d,P Subrayen,9,19,14,1,1,not out
1394572,2024-03-08,2023-24,2,DOL,WPR,"Kingsmead, Durban",6e5840e3,O Cele,10,0,0,0,0,
1394572,2024-03-08,2023-24,2,DOL,WPR,"Kingsmead, Durban",6b9eb501,OEG Baartman,11,0,0,0,0,
1394573,2024-03-08,2023-24,1,LIONS,BOL,"The Wanderers Stadium, Johannesburg",b8cc58c9,RR Hendricks,1,28,18,3,1,caught
1394573,2024-03-08,2023-24,1,LIONS,BOL,"The Wanderers Stadium, Johannesburg",e66732f8,RD Rickelton,2,75,39,6,5,caught
1394573,2024-03-08,2023-24,1,LIONS,BOL,"The Wanderers Stadium, Johannesburg",9ffd1ac1,T Bavuma,3,26,16,3,1,caught
1394573,2024-03-08,2023-24,1,LIONS,BOL,"The Wanderers Stadium, Johannesburg",9948e262,HE van der Dussen,4,42,22,3,2,not out
1394573,2024-03-08,2023-24,1,LIONS,BOL,"The Wanderers Stadium, Johannesburg",46e4a4e0,M Van Buuren,5,11,14,1,0,lbw
1394573,2024-03-08,2023-24,1,LIONS,BOL,"The Wanderers Stadium, Johannesburg",c96f6ac5,PWA Mulder,6,22,11,2,1,caught
1394573,2024-03-08,2023-24,1,LIONS,BOL,"The Wanderers Stadium, Johannesburg",fbfea9c2,E Jones,7,0,0,0,0,
1394573,2024-03-08,2023-24,1,LIONS,BOL,"The Wanderers Stadium, Johannesburg",9a2fc964,BC Fortuin,8,0,0,0,0,
1394573,2024-03-08,2023-24,1,LIONS,BOL,"The Wanderers Stadium, Johannesburg",e62dd25d,K Rabada,9,0,0,0,0,
1394573,2024-03-08,2023-24,1,LIONS,BOL,"The Wanderers Stadium, Johannesburg",107c26fb,KT Maphaka,10,0,0,0,0,
1394573,2024-03-08,2023-24,1,LIONS,BOL,"The Wanderers Stadium, Johannesburg",36ea17c1,TL Moreki,11,0,0,0,0,
1394573,2024-03-08,2023-24,2,BOL,LIONS,"The Wanderers Stadium, Johannesburg",f32d890a,PJ Malan,1,14,10,2,1,caught
1394573,2024-03-08,2023-24,2,BOL,LIONS,"The Wanderers Stadium, Johannesburg",f76d7466,JN Malan,2,61,41,4,3,caught
1394573,2024-03-08,2023-24,2,BOL,LIONS,"The Wanderers Stadium, Johannesburg",bf64dc29,KD Petersen,3,0,1,0,0,caught
1394573,2024-03-08,2023-24,2,BOL,LIONS,"The Wanderers Stadium, Johannesburg",f25cebec,C Fortuin,4,16,9,2,1,lbw
1394573,2024-03-08,2023-24,2,BOL,LIONS,"The Wanderers Stadium, Johannesburg",9943b637,M Copeland,5,21,22,3,0,caught
1394573,2024-03-08,2023-24,2,BOL,LIONS,"The Wanderers Stadium, Johannesburg",a81d6706,C Jonker,6,24,20,1,1,not out
1394573,2024-03-08,2023-24,2,BOL,LIONS,"The Wanderers Stadium, Johannesburg",f277f531,FD Adams,7,25,10,1,3,bowled
1394573,2024-03-08,2023-24,2,BOL,LIONS,"The Wanderers Stadium, Johannesburg",a316d663,GC Viljoen,8,1,2,0,0,bowled
1394573,2024-03-08,2023-24,2,BOL,LIONS,"The Wanderers Stadium, Johannesburg",5ec126fa,I Manack,9,7,5,1,0,not out
1394573,2024-03-08,2023-24,2,BOL,LIONS,"The Wanderers Stadium, Johannesburg",1062bebb,Siyabonga Mahima,10,0,0,0,0,
1394573,2024-03-08,2023-24,2,BOL,LIONS,"The Wanderers Stadium, Johannesburg",bd36db2c,A Mnyaka,11,0,0,0,0,
1394574,2024-03-08,2023-24,1,TIT,NWEST,"SuperSport Park, Centurion",1b42a100,BS Makhanya,1,2,6,0,0,bowled
1394574,2024-03-08,2023-24,1,TIT,NWEST,"SuperSport Park, Centurion",844e79d1,D Brevis,2,29,19,3,2,caught
1394574,2024-03-08,2023-24,1,TIT,NWEST,"SuperSport Park, Centurion",29e676b0,R Moonsamy,3,35,31,2,1,caught
1394574,2024-03-08,2023-24,1,TIT,NWEST,"SuperSport Park, Centurion",6a26221c,AK Markram,4,40,30,5,0,caught
1394574,2024-03-08,2023-24,1,TIT,NWEST,"SuperSport Park, Centurion",f0af99a7,D Ferreira,5,23,11,1,2,caught
1394574,2024-03-08,2023-24,1,TIT,NWEST,"SuperSport Park, Centurion",51d1d312,J Lees,6,11,6,1,1,caught
1394574,2024-03-08,2023-24,1,TIT,NWEST,"SuperSport Park, Centurion",172dff15,C Bosch,7,10,10,0,0,not out
1394574,2024-03-08,2023-24,1,TIT,NWEST,"SuperSport Park, Centurion",a83c44b8,A Gqamane,8,2,7,0,0,caught
1394574,2024-03-08,2023-24,1,TIT,NWEST,"SuperSport Park, Centurion",1cb14aa4,CJ Dala,9,0,1,0,0,not out
1394574,2024-03-08,2023-24,1,TIT,NWEST,"SuperSport Park, Centurion",a1d95bd8,LB Williams,10,0,0,0,0,
1394574,2024-03-08,2023-24,1,TIT,NWEST,"SuperSport Park, Centurion",a03bba42,T Shamsi,11,0,0,0,0,
1394574,2024-03-08,2023-24,2,NWEST,TIT,"SuperSport Park, Centurion",aa80a6c3,M Prince,1,21,12,3,1,bowled
1394574,2024-03-08,2023-24,2,NWEST,TIT,"SuperSport Park, Centurion",10f42013,WJ Lubbe,2,26,22,5,0,caught
1394574,2024-03-08,2023-24,2,NWEST,TIT,"SuperSport Park, Centurion",0ba03cec,R van Tonder,3,48,33,1,4,caught
1394574,2024-03-08,2023-24,2,NWEST,TIT,"SuperSport Park, Centurion",9c821d2e,RA Herman,4,3,4,0,0,caught
1394574,2024-03-08,2023-24,2,NWEST,TIT,"SuperSport Park, Centurion",51355a30,LC Ngoepe,5,10,13,1,0,caught
1394574,2024-03-08,2023-24,2,NWEST,TIT,"SuperSport Park, Centurion",7dfb8890,S Muthusamy,6,16,21,0,0,not out
1394574,2024-03-08,2023-24,2,NWEST,TIT,"SuperSport Park, Centurion",54c2b697,M Pretorius,7,0,1,0,0,bowled
1394574,2024-03-08,2023-24,2,NWEST,TIT,"SuperSport Park, Centurion",8dc152d1,D Jansen,8,12,7,2,0,caught
1394574,2024-03-08,2023-24,2,NWEST,TIT,"SuperSport Park, Centurion",94cdf850,B Xenxe,9,0,1,0,0,caught
1394574,2024-03-08,2023-24,2,NWEST,TIT,"SuperSport Park, Centurion",be8b147b,C Seleka,10,4,9,0,0,not out
1394574,2024-03-08,2023-24,2,NWEST,TIT,"SuperSport Park, Centurion",569338b8,IHM Modimokoane,11,0,0,0,0,
1444765,2024-09-27,2024-25,1,TIT,LIONS,"The Wanderers Stadium, Johannesburg",60aa2db3,LG Pretorius,1,82,43,10,5,caught
1444765,2024-09-27,2024-25,1,TIT,LIONS,"The Wanderers Stadium, Johannesburg",29e676b0,R Moonsamy,2,4,2,1,0,bowled
1444765,2024-09-27,2024-25,1,TIT,LIONS,"The Wanderers Stadium, Johannesburg",bf64dc29,KD Petersen,3,68,40,7,3,caught
1444765,2024-09-27,2024-25,1,TIT,LIONS,"The Wanderers Stadium, Johannesburg",844e79d1,D Brevis,4,11,4,1,1,run out
1444765,2024-09-27,2024-25,1,TIT,LIONS,"The Wanderers Stadium, Johannesburg",f0af99a7,D Ferreira,5,53,19,5,3,caught
1444765,2024-09-27,2024-25,1,TIT,LIONS,"The Wanderers Stadium, Johannesburg",1b42a100,BS Makhanya,6,11,8,0,1,not out
1444765,2024-09-27,2024-25,1,TIT,LIONS,"The Wanderers Stadium, Johannesburg",47c449c5,Dayyaan Galiem,7,4,8,0,0,caught
1444765,2024-09-27,2024-25,1,TIT,LIONS,"The Wanderers Stadium, Johannesburg",172dff15,C Bosch,8,0,0,0,0,
1444765,2024-09-27,2024-25,1,TIT,LIONS,"The Wanderers Stadium, Johannesburg",05c2ca46,RE van der Merwe,9,0,0,0,0,
1444765,2024-09-27,2024-25,1,TIT,LIONS,"The Wanderers Stadium, Johannesburg",1cb14aa4,CJ Dala,10,0,0,0,0,
1444765,2024-09-27,2024-25,1,TIT,LIONS,"The Wanderers Stadium, Johannesburg",be3ffb65,Tsepo Ndwandwa,11,0,0,0,0,
1444765,2024-09-27,2024-25,2,LIONS,TIT,"The Wanderers Stadium, Johannesburg",22feee04,Zubayr Hamza,1,2,4,0,0,caught
1444765,2024-09-27,2024-25,2,LIONS,TIT,"The Wanderers Stadium, Johannesburg",ae53180e,W Makwetu,2,5,3,1,0,caught and bowled
1444765,2024-09-27,2024-25,2,LIONS,TIT,"The Wanderers Stadium, Johannesburg",2cd3b457,M Manack,3,0,3,0,0,caught
1444765,2024-09-27,2024-25,2,LIONS,TIT,"The Wanderers Stadium, Johannesburg",46e4a4e0,M Van Buuren,4,0,3,0,0,bowled
1444765,2024-09-27,2024-25,2,LIONS,TIT,"The Wanderers Stadium, Johannesburg",ef9acbcc,C Esterhuizen,5,0,3,0,0,lbw
1444765,2024-09-27,2024-25,2,LIONS,TIT,"The Wanderers Stadium, Johannesburg",60fbf53a,D Potgieter,6,28,35,2,1,caught and bowled
1444765,2024-09-27,2024-25,2,LIONS,TIT,"The Wanderers Stadium, Johannesburg",fbfea9c2,E Jones,7,83,48,5,6,run out
1444765,2024-09-27,2024-25,2,LIONS,TIT,"The Wanderers Stadium, Johannesburg",f2397e48,Codi Yusuf,8,1,1,0,0,run out
1444765,2024-09-27,2024-25,2,LIONS,TIT,"The Wanderers Stadium, Johannesburg",f892fcf9,L Sipamla,9,13,17,0,1,not out
1444765,2024-09-27,2024-25,2,LIONS,TIT,"The Wanderers Stadium, Johannesburg",107c26fb,KT Maphaka,10,1,3,0,0,not out
1444765,2024-09-27,2024-25,2,LIONS,TIT,"The Wanderers Stadium, Johannesburg",a2316f90,J Dawood,11,0,0,0,0,
1444766,2024-09-28,2024-25,1,NWEST,KNG,"Mangaung Oval, Bloemfontein",9c821d2e,RA Herman,1,0,2,0,0,caught
1444766,2024-09-28,2024-25,1,NWEST,KNG,"Mangaung Oval, Bloemfontein",aa80a6c3,M Prince,2,0,1,0,0,caught
1444766,2024-09-28,2024-25,1,NWEST,KNG,"Mangaung Oval, Bloemfontein",10f42013,WJ Lubbe,3,58,40,6,1,caught
1444766,2024-09-28,2024-25,1,NWEST,KNG,"Mangaung Oval, Bloemfontein",f76d7466,JN Malan,4,40,46,0,1,caught
1444766,2024-09-28,2024-25,1,NWEST,KNG,"Mangaung Oval, Bloemfontein",51355a30,LC Ngoepe,5,32,19,3,1,not out
1444766,2024-09-28,2024-25,1,NWEST,KNG,"Mangaung Oval, Bloemfontein",8dc152d1,D Jansen,6,1,1,0,0,not out
1444766,2024-09-28,2024-25,1,NWEST,KNG,"Mangaung Oval, Bloemfontein",961edf30,MC Kleinveldt,7,0,0,0,0,
1444766,2024-09-28,2024-25,1,NWEST,KNG,"Mangaung Oval, Bloemfontein",54c2b697,M Pretorius,8,0,0,0,0,
1444766,2024-09-28,2024-25,1,NWEST,KNG,"Mangaung Oval, Bloemfontein",be8b147b,C Seleka,9,0,0,0,0,
1444766,2024-09-28,2024-25,1,NWEST,KNG,"Mangaung Oval, Bloemfontein",56feceb0,K Mungroo,10,0,0,0,0,
1444766,2024-09-28,2024-25,1,NWEST,KNG,"Mangaung Oval, Bloemfontein",45a6cf8a,A Cloete,11,0,0,0,0,
1444766,2024-09-28,2024-25,2,KNG,NWEST,"Mangaung Oval, Bloemfontein",a3ae63f4,GJ Snyman,1,16,10,2,1,caught
1444766,2024-09-28,2024-25,2,KNG,NWEST,"Mangaung Oval, Bloemfontein",3bf40832,GL Cloete,2,2,7,0,0,caught
1444766,2024-09-28,2024-25,2,KNG,NWEST,"Mangaung Oval, Bloemfontein",7d9b4224,L Senokwane,3,39,31,3,1,caught
1444766,2024-09-28,2024-25,2,KNG,NWEST,"Mangaung Oval, Bloemfontein",01dc3ec0,P Botha,4,21,14,4,0,caught
1444766,2024-09-28,2024-25,2,KNG,NWEST,"Mangaung Oval, Bloemfontein",23393635,D Forrester,5,46,37,3,1,not out
1444766,2024-09-28,2024-25,2,KNG,NWEST,"Mangaung Oval, Bloemfontein",cba5185d,AR Swanepoel,6,1,7,0,0,run out
1444766,2024-09-28,2024-25,2,KNG,NWEST,"Mangaung Oval, Bloemfontein",20afc7e7,T van Vuuren,7,4,2,0,0,run out
1444766,2024-09-28,2024-25,2,KNG,NWEST,"Mangaung Oval, Bloemfontein",7f8ecc51,AM Phangiso,8,0,0,0,0,not out
1444766,2024-09-28,2024-25,2,KNG,NWEST,"Mangaung Oval, Bloemfontein",537f5ab2,DL Piedt,9,0,0,0,0,
1444766,2024-09-28,2024-25,2,KNG,NWEST,"Mangaung Oval, Bloemfontein",9d50c7e1,MP Siboto,10,0,0,0,0,
1444766,2024-09-28,2024-25,2,KNG,NWEST,"Mangaung Oval, Bloemfontein",d9ead847,J van Dyk,11,0,0,0,0,
1444768,2024-09-29,2024-25,1,DOL,WAR,"St George's Park, Gqeberha",fc60e81a,B Parsons,1,7,11,0,0,caught
1444768,2024-09-29,2024-25,1,DOL,WAR,"St George's Park, Gqeberha",4aad78d3,K Zondo,2,25,15,3,1,caught
1444768,2024-09-29,2024-25,1,DOL,WAR,"St George's Park, Gqeberha",e7199177,S van Staden,3,15,10,1,1,caught
1444768,2024-09-29,2024-25,1,DOL,WAR,"St George's Park, Gqeberha",6287d981,MJ Ackerman,4,15,16,0,1,caught
1444768,2024-09-29,2024-25,1,DOL,WAR,"St George's Park, Gqeberha",42172c3c,JT Smuts,5,11,21,1,0,caught
1444768,2024-09-29,2024-25,1,DOL,WAR,"St George's Park, Gqeberha",876bec53,TA Dithole,6,11,11,0,1,caught
1444768,2024-09-29,2024-25,1,DOL,WAR,"St George's Park, Gqeberha",28d6c44d,E Bosch,7,45,19,0,5,caught
1444768,2024-09-29,2024-25,1,DOL,WAR,"St George's Park, Gqeberha",7ec9711d,P Subrayen,8,10,9,0,1,caught
1444768,2024-09-29,2024-25,1,DOL,WAR,"St George's Park, Gqeberha",29bcd46c,RS Pillay,9,1,4,0,0,caught
1444768,2024-09-29,2024-25,1,DOL,WAR,"St George's Park, Gqeberha",201facae,N Mokoena,10,4,3,1,0,not out
1444768,2024-09-29,2024-25,1,DOL,WAR,"St George's Park, Gqeberha",6e5840e3,O Cele,11,0,2,0,0,not out
1444768,2024-09-29,2024-25,2,WAR,DOL,"St George's Park, Gqeberha",e87aeca2,J Hermann,1,11,10,2,0,caught
1444768,2024-09-29,2024-25,2,WAR,DOL,"St George's Park, Gqeberha",3b9f3af4,A Mokgakane,2,7,8,1,0,bowled
1444768,2024-09-29,2024-25,2,WAR,DOL,"St George's Park, Gqeberha",9b384e28,J King,3,41,29,2,2,caught
1444768,2024-09-29,2024-25,2,WAR,DOL,"St George's Park, Gqeberha",3f98fad7,J du Plessis,4,69,45,4,4,not out
1444768,2024-09-29,2024-25,2,WAR,DOL,"St George's Park, Gqeberha",94268960,S Qeshile,5,14,11,2,0,caught
1444768,2024-09-29,2024-25,2,WAR,DOL,"St George's Park, Gqeberha",7dfb8890,S Muthusamy,6,13,13,0,1,not out
1444768,2024-09-29,2024-25,2,WAR,DOL,"St George's Park, Gqeberha",47c9f734,CJ King,7,0,0,0,0,
1444768,2024-09-29,2024-25,2,WAR,DOL,"St George's Park, Gqeberha",56905b97,S Plaatjie,8,0,0,0,0,
1444768,2024-09-29,2024-25,2,WAR,DOL,"St George's Park, Gqeberha",d3cc2954,S Simetu,9,0,0,0,0,
1444768,2024-09-29,2024-25,2,WAR,DOL,"St George's Park, Gqeberha",64f55c74,R Meyer,10,0,0,0,0,
1444768,2024-09-29,2024-25,2,WAR,DOL,"St George's Park, Gqeberha",6e0a2209,B Swanepoel,11,0,0,0,0,
1444770,2024-10-04,2024-25,1,TIT,DOL,"Kingsmead, Durban",60aa2db3,LG Pretorius,1,39,29,3,2,caught
1444770,2024-10-04,2024-25,1,TIT,DOL,"Kingsmead, Durban",29e676b0,R Moonsamy,2,81,47,6,4,not out
1444770,2024-10-04,2024-25,1,TIT,DOL,"Kingsmead, Durban",844e79d1,D Brevis,3,17,15,2,0,caught
1444770,2024-10-04,2024-25,1,TIT,DOL,"Kingsmead, Durban",1b42a100,BS Makhanya,4,5,5,1,0,caught
1444770,2024-10-04,2024-25,1,TIT,DOL,"Kingsmead, Durban",f0af99a7,D Ferreira,5,59,25,1,6,not out
1444770,2024-10-04,2024-25,1,TIT,DOL,"Kingsmead, Durban",bf64dc29,KD Petersen,6,0,0,0,0,
1444770,2024-10-04,2024-25,1,TIT,DOL,"Kingsmead, Durban",47c449c5,Dayyaan Galiem,7,0,0,0,0,
1444770,2024-10-04,2024-25,1,TIT,DOL,"Kingsmead, Durban",172dff15,C Bosch,8,0,0,0,0,
1444770,2024-10-04,2024-25,1,TIT,DOL,"Kingsmead, Durban",05c2ca46,RE van der Merwe,9,0,0,0,0,
1444770,2024-10-04,2024-25,1,TIT,DOL,"Kingsmead, Durban",1cb14aa4,CJ Dala,10,0,0,0,0,
1444770,2024-10-04,2024-25,1,TIT,DOL,"Kingsmead, Durban",be3ffb65,Tsepo Ndwandwa,11,0,0,0,0,
1444770,2024-10-04,2024-25,2,DOL,TIT,"Kingsmead, Durban",fc60e81a,B Parsons,1,3,5,0,0,caught
1444770,2024-10-04,2024-25,2,DOL,TIT,"Kingsmead, Durban",4aad78d3,K Zondo,2,24,16,3,1,caught
1444770,2024-10-04,2024-25,2,DOL,TIT,"Kingsmead, Durban",e7199177,S van Staden,3,0,2,0,0,caught
1444770,2024-10-04,2024-25,2,DOL,TIT,"Kingsmead, Durban",6287d981,MJ Ackerman,4,42,32,5,0,caught
1444770,2024-10-04,2024-25,2,DOL,TIT,"Kingsmead, Durban",42172c3c,JT Smuts,5,35,27,3,0,caught and bowled
1444770,2024-10-04,2024-25,2,DOL,TIT,"Kingsmead, Durban",ebb74564,A Simelane,6,7,6,1,0,caught
1444770,2024-10-04,2024-25,2,DOL,TIT,"Kingsmead, Durban",876bec53,TA Dithole,7,4,8,0,0,caught
1444770,2024-10-04,2024-25,2,DOL,TIT,"Kingsmead, Durban",7ec9711d,P Subrayen,8,22,11,0,3,lbw
1444770,2024-10-04,2024-25,2,DOL,TIT,"Kingsmead, Durban",29bcd46c,RS Pillay,9,11,7,1,0,not out
1444770,2024-10-04,2024-25,2,DOL,TIT,"Kingsmead, Durban",7cb2d9d2,DM Dupavillon,10,3,5,0,0,caught
1444770,2024-10-04,2024-25,2,DOL,TIT,"Kingsmead, Durban",6e5840e3,O Cele,11,1,1,0,0,not out
1444772,2024-10-04,2024-25,1,WPR,NWEST,"Senwes Park, Potchefstroom",6ca6d885,EM Moore,1,38,31,5,0,bowled
1444772,2024-10-04,2024-25,1,WPR,NWEST,"Senwes Park, Potchefstroom",a1b69936,DG Bedingham,2,4,4,1,0,caught
1444772,2024-10-04,2024-25,1,WPR,NWEST,"Senwes Park, Potchefstroom",9ca20359,SV Kitime,3,16,17,2,0,caught
1444772,2024-10-04,2024-25,1,WPR,NWEST,"Senwes Park, Potchefstroom",5d69930d,D Smith,4,19,18,1,0,bowled
1444772,2024-10-04,2024-25,1,WPR,NWEST,"Senwes Park, Potchefstroom",e5437608,GF Linde,5,14,12,1,1,caught
1444772,2024-10-04,2024-25,1,WPR,NWEST,"Senwes Park, Potchefstroom",547c5509,M Mpongwana,6,13,13,0,1,caught
1444772,2024-10-04,2024-25,1,WPR,NWEST,"Senwes Park, Potchefstroom",8ab49ad2,Abdullah Bayoumy,7,12,11,0,1,caught
1444772,2024-10-04,2024-25,1,WPR,NWEST,"Senwes Park, Potchefstroom",3122c016,KI Simmonds,8,4,3,1,0,caught
1444772,2024-10-04,2024-25,1,WPR,NWEST,"Senwes Park, Potchefstroom",b56dc5f7,BE Hendricks,9,4,6,0,0,not out
1444772,2024-10-04,2024-25,1,WPR,NWEST,"Senwes Park, Potchefstroom",f29dfbc0,W Bedja,10,4,3,1,0,bowled
1444772,2024-10-04,2024-25,1,WPR,NWEST,"Senwes Park, Potchefstroom",6ed11905,M Nabe,11,2,2,0,0,not out
1444772,2024-10-04,2024-25,2,NWEST,WPR,"Senwes Park, Potchefstroom",1484cad1,T Kumalo,1,0,2,0,0,caught
1444772,2024-10-04,2024-25,2,NWEST,WPR,"Senwes Park, Potchefstroom",aa80a6c3,M Prince,2,17,23,2,0,lbw
1444772,2024-10-04,2024-25,2,NWEST,WPR,"Senwes Park, Potchefstroom",10f42013,WJ Lubbe,3,55,37,6,1,caught
1444772,2024-10-04,2024-25,2,NWEST,WPR,"Senwes Park, Potchefstroom",f76d7466,JN Malan,4,26,26,1,1,bowled
1444772,2024-10-04,2024-25,2,NWEST,WPR,"Senwes Park, Potchefstroom",51355a30,LC Ngoepe,5,14,10,1,1,caught
1444772,2024-10-04,2024-25,2,NWEST,WPR,"Senwes Park, Potchefstroom",8dc152d1,D Jansen,6,5,5,0,0,bowled
1444772,2024-10-04,2024-25,2,NWEST,WPR,"Senwes Park, Potchefstroom",81c36ee9,M Jansen,7,18,8,3,1,not out
1444772,2024-10-04,2024-25,2,NWEST,WPR,"Senwes Park, Potchefstroom",be8b147b,C Seleka,8,0,1,0,0,bowled
1444772,2024-10-04,2024-25,2,NWEST,WPR,"Senwes Park, Potchefstroom",56feceb0,K Mungroo,9,3,6,0,0,not out
1444772,2024-10-04,2024-25,2,NWEST,WPR,"Senwes Park, Potchefstroom",45a6cf8a,A Cloete,10,0,0,0,0,
1444772,2024-10-04,2024-25,2,NWEST,WPR,"Senwes Park, Potchefstroom",9c821d2e,RA Herman,11,0,0,0,0,
1444773,2024-10-06,2024-25,1,KNG,WAR,"St George's Park, Gqeberha",a3ae63f4,GJ Snyman,1,42,26,5,2,caught
1444773,2024-10-06,2024-25,1,KNG,WAR,"St George's Park, Gqeberha",3bf40832,GL Cloete,2,0,1,0,0,caught
1444773,2024-10-06,2024-25,1,KNG,WAR,"St George's Park, Gqeberha",7d9b4224,L Senokwane,3,27,22,2,1,caught
1444773,2024-10-06,2024-25,1,KNG,WAR,"St George's Park, Gqeberha",01dc3ec0,P Botha,4,8,13,0,0,caught
1444773,2024-10-06,2024-25,1,KNG,WAR,"St George's Park, Gqeberha",e033393d,G Tarr,5,50,28,3,4,run out
1444773,2024-10-06,2024-25,1,KNG,WAR,"St George's Park, Gqeberha",23393635,D Forrester,6,2,4,0,0,bowled
1444773,2024-10-06,2024-25,1,KNG,WAR,"St George's Park, Gqeberha",20afc7e7,T van Vuuren,7,11,11,1,0,caught
1444773,2024-10-06,2024-25,1,KNG,WAR,"St George's Park, Gqeberha",7f8ecc51,AM Phangiso,8,18,10,1,1,run out
1444773,2024-10-06,2024-25,1,KNG,WAR,"St George's Park, Gqeberha",537f5ab2,DL Piedt,9,2,3,0,0,caught
1444773,2024-10-06,2024-25,1,KNG,WAR,"St George's Park, Gqeberha",9d50c7e1,MP Siboto,10,1,2,0,0,not out
1444773,2024-10-06,2024-25,1,KNG,WAR,"St George's Park, Gqeberha",46b9eda8,S Langa,11,0,0,0,0,
1444773,2024-10-06,2024-25,2,WAR,KNG,"St George's Park, Gqeberha",35f173a0,MP Breetzke,1,66,46,6,2,bowled
1444773,2024-10-06,2024-25,2,WAR,KNG,"St George's Park, Gqeberha",e87aeca2,J Hermann,2,51,48,1,2,caught
1444773,2024-10-06,2024-25,2,WAR,KNG,"St George's Park, Gqeberha",3f98fad7,J du Plessis,3,1,2,0,0,lbw
1444773,2024-10-06,2024-25,2,WAR,KNG,"St George's Park, Gqeberha",94268960,S Qeshile,4,13,10,1,0,bowled
1444773,2024-10-06,2024-25,2,WAR,KNG,"St George's Park, Gqeberha",39181592,PE Kruger,5,0,2,0,0,caught
1444773,2024-10-06,2024-25,2,WAR,KNG,"St George's Park, Gqeberha",7dfb8890,S Muthusamy,6,4,8,0,0,not out
1444773,2024-10-06,2024-25,2,WAR,KNG,"St George's Park, Gqeberha",6e0a2209,B Swanepoel,7,0,1,0,0,bowled
1444773,2024-10-06,2024-25,2,WAR,KNG,"St George's Park, Gqeberha",3b9f3af4,A Mokgakane,8,6,5,0,0,not out
1444773,2024-10-06,2024-25,2,WAR,KNG,"St George's Park, Gqeberha",acdc62f5,A Nortje,9,0,0,0,0,
1444773,2024-10-06,2024-25,2,WAR,KNG,"St George's Park, Gqeberha",64f55c74,R Meyer,10,0,0,0,0,
1444773,2024-10-06,2024-25,2,WAR,KNG,"St George's Park, Gqeberha",d3cc2954,S Simetu,11,0,0,0,0,
1444774,2024-10-06,2024-25,1,LIONS,DOL,"The Wanderers Stadium, Johannesburg",15531194,J Richards,1,38,32,2,3,caught
1444774,2024-10-06,2024-25,1,LIONS,DOL,"The Wanderers Stadium, Johannesburg",ae53180e,W Makwetu,2,7,4,1,0,caught
1444774,2024-10-06,2024-25,1,LIONS,DOL,"The Wanderers Stadium, Johannesburg",22feee04,Zubayr Hamza,3,15,17,2,0,caught
1444774,2024-10-06,2024-25,1,LIONS,DOL,"The Wanderers Stadium, Johannesburg",46e4a4e0,M Van Buuren,4,10,13,1,0,caught
1444774,2024-10-06,2024-25,1,LIONS,DOL,"The Wanderers Stadium, Johannesburg",60fbf53a,D Potgieter,5,32,29,2,1,not out
1444774,2024-10-06,2024-25,1,LIONS,DOL,"The Wanderers Stadium, Johannesburg",ef9acbcc,C Esterhuizen,6,18,15,2,0,caught
1444774,2024-10-06,2024-25,1,LIONS,DOL,"The Wanderers Stadium, Johannesburg",fbfea9c2,E Jones,7,29,10,0,4,not out
1444774,2024-10-06,2024-25,1,LIONS,DOL,"The Wanderers Stadium, Johannesburg",f2397e48,Codi Yusuf,8,0,0,0,0,
1444774,2024-10-06,2024-25,1,LIONS,DOL,"The Wanderers Stadium, Johannesburg",36ea17c1,TL Moreki,9,0,0,0,0,
1444774,2024-10-06,2024-25,1,LIONS,DOL,"The Wanderers Stadium, Johannesburg",107c26fb,KT Maphaka,10,0,0,0,0,
1444774,2024-10-06,2024-25,1,LIONS,DOL,"The Wanderers Stadium, Johannesburg",a2316f90,J Dawood,11,0,0,0,0,
1444774,2024-10-06,2024-25,2,DOL,LIONS,"The Wanderers Stadium, Johannesburg",fc60e81a,B Parsons,1,4,3,1,0,bowled
1444774,2024-10-06,2024-25,2,DOL,LIONS,"The Wanderers Stadium, Johannesburg",4aad78d3,K Zondo,2,28,24,4,0,caught
1444774,2024-10-06,2024-25,2,DOL,LIONS,"The Wanderers Stadium, Johannesburg",6287d981,MJ Ackerman,3,32,19,6,0,stumped
1444774,2024-10-06,2024-25,2,DOL,LIONS,"The Wanderers Stadium, Johannesburg",42172c3c,JT Smuts,4,1,10,0,0,caught
1444774,2024-10-06,2024-25,2,DOL,LIONS,"The Wanderers Stadium, Johannesburg",876bec53,TA Dithole,5,26,23,3,0,caught
1444774,2024-10-06,2024-25,2,DOL,LIONS,"The Wanderers Stadium, Johannesburg",3a661be2,BG Porteous,6,0,1,0,0,bowled
1444774,2024-10-06,2024-25,2,DOL,LIONS,"The Wanderers Stadium, Johannesburg",ebb74564,A Simelane,7,1,4,0,0,caught
1444774,2024-10-06,2024-25,2,DOL,LIONS,"The Wanderers Stadium, Johannesburg",29bcd46c,RS Pillay,8,12,15,1,0,caught
1444774,2024-10-06,2024-25,2,DOL,LIONS,"The Wanderers Stadium, Johannesburg",7ec9711d,P Subrayen,9,27,22,0,2,not out
1444774,2024-10-06,2024-25,2,DOL,LIONS,"The Wanderers Stadium, Johannesburg",7cb2d9d2,DM Dupavillon,10,1,1,0,0,not out
1444774,2024-10-06,2024-25,2,DOL,LIONS,"The Wanderers Stadium, Johannesburg",6e5840e3,O Cele,11,0,0,0,0,
1444776,2024-10-06,2024-25,1,NWEST,BOL,"Senwes Park, Potchefstroom",f76d7466,JN Malan,1,35,28,2,1,caught
1444776,2024-10-06,2024-25,1,NWEST,BOL,"Senwes Park, Potchefstroom",aa80a6c3,M Prince,2,83,55,8,3,not out
1444776,2024-10-06,2024-25,1,NWEST,BOL,"Senwes Park, Potchefstroom",10f42013,WJ Lubbe,3,17,15,1,0,caught
1444776,2024-10-06,2024-25,1,NWEST,BOL,"Senwes Park, Potchefstroom",51355a30,LC Ngoepe,4,32,19,1,2,bowled
1444776,2024-10-06,2024-25,1,NWEST,BOL,"Senwes Park, Potchefstroom",81c36ee9,M Jansen,5,2,2,0,0,caught
1444776,2024-10-06,2024-25,1,NWEST,BOL,"Senwes Park, Potchefstroom",8dc152d1,D Jansen,6,1,1,0,0,run out
1444776,2024-10-06,2024-25,1,NWEST,BOL,"Senwes Park, Potchefstroom",0ba03cec,R van Tonder,7,0,0,0,0,
1444776,2024-10-06,2024-25,1,NWEST,BOL,"Senwes Park, Potchefstroom",1484cad1,T Kumalo,8,0,0,0,0,
1444776,2024-10-06,2024-25,1,NWEST,BOL,"Senwes Park, Potchefstroom",be8b147b,C Seleka,9,0,0,0,0,
1444776,2024-10-06,2024-25,1,NWEST,BOL,"Senwes Park, Potchefstroom",56feceb0,K Mungroo,10,0,0,0,0,
1444776,2024-10-06,2024-25,1,NWEST,BOL,"Senwes Park, Potchefstroom",45a6cf8a,A Cloete,11,0,0,0,0,
1444776,2024-10-06,2024-25,2,BOL,NWEST,"Senwes Park, Potchefstroom",f32d890a,PJ Malan,1,15,15,3,0,caught and bowled
1444776,2024-10-06,2024-25,2,BOL,NWEST,"Senwes Park, Potchefstroom",ac688e55,G Roelofsen,2,63,43,3,4,bowled
1444776,2024-10-06,2024-25,2,BOL,NWEST,"Senwes Park, Potchefstroom",a5c3d564,G Kaplan,3,34,28,3,0,caught and bowled
1444776,2024-10-06,2024-25,2,BOL,NWEST,"Senwes Park, Potchefstroom",f25cebec,C Fortuin,4,6,4,1,0,bowled
1444776,2024-10-06,2024-25,2,BOL,NWEST,"Senwes Park, Potchefstroom",f277f531,FD Adams,5,8,6,1,0,lbw
1444776,2024-10-06,2024-25,2,BOL,NWEST,"Senwes Park, Potchefstroom",9943b637,M Copeland,6,16,14,1,0,not out
1444776,2024-10-06,2024-25,2,BOL,NWEST,"Senwes Park, Potchefstroom",b8828a1b,KJ Dudgeon,7,17,10,2,0,caught
1444776,2024-10-06,2024-25,2,BOL,NWEST,"Senwes Park, Potchefstroom",a83c44b8,A Gqamane,8,0,1,0,0,bowled
1444776,2024-10-06,2024-25,2,BOL,NWEST,"Senwes Park, Potchefstroom",5ec126fa,I Manack,9,2,1,0,0,not out
1444776,2024-10-06,2024-25,2,BOL,NWEST,"Senwes Park, Potchefstroom",d4d37c31,GA Stuurman,10,0,0,0,0,
1444776,2024-10-06,2024-25,2,BOL,NWEST,"Senwes Park, Potchefstroom",1062bebb,Siyabonga Mahima,11,0,0,0,0,
1444777,2024-10-09,2024-25,1,WPR,WAR,"Newlands, Cape Town",6ca6d885,EM Moore,1,2,3,0,0,lbw
1444777,2024-10-09,2024-25,1,WPR,WAR,"Newlands, Cape Town",572f55fb,JA Bird,2,23,24,3,0,bowled
1444777,2024-10-09,2024-25,1,WPR,WAR,"Newlands, Cape Town",9ca20359,SV Kitime,3,17,22,1,0,caught
1444777,2024-10-09,2024-25,1,WPR,WAR,"Newlands, Cape Town",bf814547,K Verreynne,4,18,18,0,1,caught
1444777,2024-10-09,2024-25,1,WPR,WAR,"Newlands, Cape Town",e5437608,GF Linde,5,66,31,2,6,not out
1444777,2024-10-09,2024-25,1,WPR,WAR,"Newlands, Cape Town",547c5509,M Mpongwana,6,10,14,0,1,caught
1444777,2024-10-09,2024-25,1,WPR,WAR,"Newlands, Cape Town",8ab49ad2,Abdullah Bayoumy,7,5,7,1,0,caught
1444777,2024-10-09,2024-25,1,WPR,WAR,"Newlands, Cape Town",3122c016,KI Simmonds,8,0,1,0,0,caught
1444777,2024-10-09,2024-25,1,WPR,WAR,"Newlands, Cape Town",b56dc5f7,BE Hendricks,9,0,1,0,0,not out
1444777,2024-10-09,2024-25,1,WPR,WAR,"Newlands, Cape Town",6ed11905,M Nabe,10,0,0,0,0,
1444777,2024-10-09,2024-25,1,WPR,WAR,"Newlands, Cape Town",f29dfbc0,W Bedja,11,0,0,0,0,
1444777,2024-10-09,2024-25,2,WAR,WPR,"Newlands, Cape Town",230f5cea,J Pillay,1,1,6,0,0,caught
1444777,2024-10-09,2024-25,2,WAR,WPR,"Newlands, Cape Town",35f173a0,MP Breetzke,2,4,9,0,0,caught
1444777,2024-10-09,2024-25,2,WAR,WPR,"Newlands, Cape Town",6e0a2209,B Swanepoel,3,83,39,9,4,caught
1444777,2024-10-09,2024-25,2,WAR,WPR,"Newlands, Cape Town",85b3fab2,T Stubbs,4,10,18,1,0,lbw
1444777,2024-10-09,2024-25,2,WAR,WPR,"Newlands, Cape Town",94268960,S Qeshile,5,17,16,1,0,run out
1444777,2024-10-09,2024-25,2,WAR,WPR,"Newlands, Cape Town",7dfb8890,S Muthusamy,6,18,12,1,1,not out
1444777,2024-10-09,2024-25,2,WAR,WPR,"Newlands, Cape Town",39181592,PE Kruger,7,7,6,1,0,not out
1444777,2024-10-09,2024-25,2,WAR,WPR,"Newlands, Cape Town",9b384e28,JP King,8,0,0,0,0,
1444777,2024-10-09,2024-25,2,WAR,WPR,"Newlands, Cape Town",47c9f734,CJ King,9,0,0,0,0,
1444777,2024-10-09,2024-25,2,WAR,WPR,"Newlands, Cape Town",d3cc2954,S Simetu,10,0,0,0,0,
1444777,2024-10-09,2024-25,2,WAR,WPR,"Newlands, Cape Town",ea1eba98,SA Mothoa,11,0,0,0,0,
1444778,2024-10-09,2024-25,1,NWEST,DOL,"Kingsmead, Durban",f76d7466,JN Malan,1,21,18,4,0,caught
1444778,2024-10-09,2024-25,1,NWEST,DOL,"Kingsmead, Durban",aa80a6c3,M Prince,2,11,14,1,0,caught
1444778,2024-10-09,2024-25,1,NWEST,DOL,"Kingsmead, Durban",10f42013,WJ Lubbe,3,49,29,4,2,caught
1444778,2024-10-09,2024-25,1,NWEST,DOL,"Kingsmead, Durban",0ba03cec,R van Tonder,4,23,25,2,0,lbw
1444778,2024-10-09,2024-25,1,NWEST,DOL,"Kingsmead, Durban",51355a30,LC Ngoepe,5,17,19,1,0,not out
1444778,2024-10-09,2024-25,1,NWEST,DOL,"Kingsmead, Durban",57e1d7e4,R de Swardt,6,5,7,0,0,caught
1444778,2024-10-09,2024-25,1,NWEST,DOL,"Kingsmead, Durban",54c2b697,M Pretorius,7,3,4,0,0,caught
1444778,2024-10-09,2024-25,1,NWEST,DOL,"Kingsmead, Durban",94cdf850,B Xenxe,8,2,4,0,0,caught
1444778,2024-10-09,2024-25,1,NWEST,DOL,"Kingsmead, Durban",be8b147b,C Seleka,9,0,0,0,0,
1444778,2024-10-09,2024-25,1,NWEST,DOL,"Kingsmead, Durban",56feceb0,K Mungroo,10,0,0,0,0,
1444778,2024-10-09,2024-25,1,NWEST,DOL,"Kingsmead, Durban",45a6cf8a,A Cloete,11,0,0,0,0,
1444778,2024-10-09,2024-25,2,DOL,NWEST,"Kingsmead, Durban",876bec53,TA Dithole,1,8,5,2,0,caught
1444778,2024-10-09,2024-25,2,DOL,NWEST,"Kingsmead, Durban",fc60e81a,B Parsons,2,5,7,1,0,bowled
1444778,2024-10-09,2024-25,2,DOL,NWEST,"Kingsmead, Durban",6287d981,MJ Ackerman,3,0,4,0,0,caught
1444778,2024-10-09,2024-25,2,DOL,NWEST,"Kingsmead, Durban",91cd48e0,JF Smith,4,26,33,3,0,caught
1444778,2024-10-09,2024-25,2,DOL,NWEST,"Kingsmead, Durban",42172c3c,JT Smuts,5,0,1,0,0,caught
1444778,2024-10-09,2024-25,2,DOL,NWEST,"Kingsmead, Durban",3a661be2,BG Porteous,6,21,20,1,1,caught
1444778,2024-10-09,2024-25,2,DOL,NWEST,"Kingsmead, Durban",ebb74564,A Simelane,7,9,9,1,0,stumped
1444778,2024-10-09,2024-25,2,DOL,NWEST,"Kingsmead, Durban",7ec9711d,P Subrayen,8,0,1,0,0,caught and bowled
1444778,2024-10-09,2024-25,2,DOL,NWEST,"Kingsmead, Durban",0b60eb09,KA Maharaj,9,7,7,1,0,caught
1444778,2024-10-09,2024-25,2,DOL,NWEST,"Kingsmead, Durban",7cb2d9d2,DM Dupavillon,10,4,7,0,0,caught
1444778,2024-10-09,2024-25,2,DOL,NWEST,"Kingsmead, Durban",6e5840e3,O Cele,11,5,7,0,0,not out
1444779,2024-10-09,2024-25,1,LIONS,KNG,"Mangaung Oval, Bloemfontein",15531194,J Richards,1,8,11,0,0,caught
1444779,2024-10-09,2024-25,1,LIONS,KNG,"Mangaung Oval, Bloemfontein",ae53180e,W Makwetu,2,40,34,3,1,caught
1444779,2024-10-09,2024-25,1,LIONS,KNG,"Mangaung Oval, Bloemfontein",22feee04,Zubayr Hamza,3,8,8,1,0,caught
1444779,2024-10-09,2024-25,1,LIONS,KNG,"Mangaung Oval, Bloemfontein",46e4a4e0,M Van Buuren,4,32,22,1,1,caught
1444779,2024-10-09,2024-25,1,LIONS,KNG,"Mangaung Oval, Bloemfontein",ef9acbcc,C Esterhuizen,5,16,15,1,0,caught
1444779,2024-10-09,2024-25,1,LIONS,KNG,"Mangaung Oval, Bloemfontein",60fbf53a,D Potgieter,6,13,11,0,1,caught
1444779,2024-10-09,2024-25,1,LIONS,KNG,"Mangaung Oval, Bloemfontein",fbfea9c2,E Jones,7,10,11,0,0,caught
1444779,2024-10-09,2024-25,1,LIONS,KNG,"Mangaung Oval, Bloemfontein",f2397e48,Codi Yusuf,8,7,6,0,0,not out
1444779,2024-10-09,2024-25,1,LIONS,KNG,"Mangaung Oval, Bloemfontein",f892fcf9,L Sipamla,9,2,2,0,0,not out
1444779,2024-10-09,2024-25,1,LIONS,KNG,"Mangaung Oval, Bloemfontein",36ea17c1,TL Moreki,10,0,0,0,0,
1444779,2024-10-09,2024-25,1,LIONS,KNG,"Mangaung Oval, Bloemfontein",a2316f90,J Dawood,11,0,0,0,0,
1444779,2024-10-09,2024-25,2,KNG,LIONS,"Mangaung Oval, Bloemfontein",a3ae63f4,GJ Snyman,1,4,6,1,0,caught
1444779,2024-10-09,2024-25,2,KNG,LIONS,"Mangaung Oval, Bloemfontein",7d9b4224,L Senokwane,2,7,8,0,0,bowled
1444779,2024-10-09,2024-25,2,KNG,LIONS,"Mangaung Oval, Bloemfontein",cad00a4d,RR Rossouw,3,6,6,1,0,caught
1444779,2024-10-09,2024-25,2,KNG,LIONS,"Mangaung Oval, Bloemfontein",3bf40832,GL Cloete,4,17,25,2,0,run out
1444779,2024-10-09,2024-25,2,KNG,LIONS,"Mangaung Oval, Bloemfontein",e033393d,G Tarr,5,0,4,0,0,caught
1444779,2024-10-09,2024-25,2,KNG,LIONS,"Mangaung Oval, Bloemfontein",23393635,D Forrester,6,0,3,0,0,caught and bowled
1444779,2024-10-09,2024-25,2,KNG,LIONS,"Mangaung Oval, Bloemfontein",7f8ecc51,AM Phangiso,7,24,21,2,0,caught
1444779,2024-10-09,2024-25,2,KNG,LIONS,"Mangaung Oval, Bloemfontein",20afc7e7,T van Vuuren,8,21,21,0,1,caught
1444779,2024-10-09,2024-25,2,KNG,LIONS,"Mangaung Oval, Bloemfontein",537f5ab2,DL Piedt,9,2,4,0,0,run out
1444779,2024-10-09,2024-25,2,KNG,LIONS,"Mangaung Oval, Bloemfontein",9d50c7e1,MP Siboto,10,1,4,0,0,caught
1444779,2024-10-09,2024-25,2,KNG,LIONS,"Mangaung Oval, Bloemfontein",46b9eda8,S Langa,11,2,5,0,0,not out
1444780,2024-10-09,2024-25,1,TIT,BOL,"SuperSport Park, Centurion",60aa2db3,LG Pretorius,1,3,6,0,0,lbw
1444780,2024-10-09,2024-25,1,TIT,BOL,"SuperSport Park, Centurion",29e676b0,R Moonsamy,2,38,21,4,2,bowled
1444780,2024-10-09,2024-25,1,TIT,BOL,"SuperSport Park, Centurion",bf64dc29,KD Petersen,3,8,7,1,0,caught and bowled
1444780,2024-10-09,2024-25,1,TIT,BOL,"SuperSport Park, Centurion",235c2bb6,H Klaasen,4,71,32,5,5,not out
1444780,2024-10-09,2024-25,1,TIT,BOL,"SuperSport Park, Centurion",1b42a100,BS Makhanya,5,20,11,2,1,caught
1444780,2024-10-09,2024-25,1,TIT,BOL,"SuperSport Park, Centurion",f0af99a7,D Ferreira,6,23,13,4,0,not out
1444780,2024-10-09,2024-25,1,TIT,BOL,"SuperSport Park, Centurion",ab6b1c45,AL Phehlukwayo,7,0,0,0,0,
1444780,2024-10-09,2024-25,1,TIT,BOL,"SuperSport Park, Centurion",47c449c5,Dayyaan Galiem,8,0,0,0,0,
1444780,2024-10-09,2024-25,1,TIT,BOL,"SuperSport Park, Centurion",172dff15,C Bosch,9,0,0,0,0,
1444780,2024-10-09,2024-25,1,TIT,BOL,"SuperSport Park, Centurion",2f838fa4,M Boast,10,0,0,0,0,
1444780,2024-10-09,2024-25,1,TIT,BOL,"SuperSport Park, Centurion",be3ffb65,Tsepo Ndwandwa,11,0,0,0,0,
1444780,2024-10-09,2024-25,2,BOL,TIT,"SuperSport Park, Centurion",f32d890a,PJ Malan,1,2,4,0,0,caught
1444780,2024-10-09,2024-25,2,BOL,TIT,"SuperSport Park, Centurion",ac688e55,G Roelofsen,2,26,20,3,1,bowled
1444780,2024-10-09,2024-25,2,BOL,TIT,"SuperSport Park, Centurion",a5c3d564,G Kaplan,3,1,5,0,0,caught
1444780,2024-10-09,2024-25,2,BOL,TIT,"SuperSport Park, Centurion",f25cebec,C Fortuin,4,0,2,0,0,bowled
1444780,2024-10-09,2024-25,2,BOL,TIT,"SuperSport Park, Centurion",9943b637,M Copeland,5,1,3,0,0,caught
1444780,2024-10-09,2024-25,2,BOL,TIT,"SuperSport Park, Centurion",b8828a1b,KJ Dudgeon,6,4,11,0,0,caught
1444780,2024-10-09,2024-25,2,BOL,TIT,"SuperSport Park, Centurion",a83c44b8,A Gqamane,7,26,18,3,1,run out
1444780,2024-10-09,2024-25,2,BOL,TIT,"SuperSport Park, Centurion",5ec126fa,I Manack,8,2,6,0,0,bowled
1444780,2024-10-09,2024-25,2,BOL,TIT,"SuperSport Park, Centurion",d4d37c31,GA Stuurman,9,6,6,1,0,bowled
1444780,2024-10-09,2024-25,2,BOL,TIT,"SuperSport Park, Centurion",bd36db2c,A Mnyaka,10,2,5,0,0,not out
1444780,2024-10-09,2024-25,2,BOL,TIT,"SuperSport Park, Centurion",f277f531,FD Adams,11,0,0,0,0,
1444781,2024-10-12,2024-25,1,BOL,LIONS,"Boland Park, Paarl",f25cebec,C Fortuin,1,12,13,1,0,caught
1444781,2024-10-12,2024-25,1,BOL,LIONS,"Boland Park, Paarl",ac688e55,G Roelofsen,2,27,29,3,0,caught
1444781,2024-10-12,2024-25,1,BOL,LIONS,"Boland Park, Paarl",a5c3d564,G Kaplan,3,53,41,1,2,not out
1444781,2024-10-12,2024-25,1,BOL,LIONS,"Boland Park, Paarl",955e8e86,A Mgijima,4,11,8,0,0,caught
1444781,2024-10-12,2024-25,1,BOL,LIONS,"Boland Park, Paarl",60285d55,L Botha,5,6,7,0,0,caught
1444781,2024-10-12,2024-25,1,BOL,LIONS,"Boland Park, Paarl",ffd3fc37,S von Berg,6,5,11,0,0,lbw
1444781,2024-10-12,2024-25,1,BOL,LIONS,"Boland Park, Paarl",b8828a1b,KJ Dudgeon,7,1,4,0,0,caught
1444781,2024-10-12,2024-25,1,BOL,LIONS,"Boland Park, Paarl",a83c44b8,A Gqamane,8,7,6,1,0,caught
1444781,2024-10-12,2024-25,1,BOL,LIONS,"Boland Park, Paarl",5ec126fa,I Manack,9,1,1,0,0,not out
1444781,2024-10-12,2024-25,1,BOL,LIONS,"Boland Park, Paarl",1062bebb,Siyabonga Mahima,10,0,0,0,0,
1444781,2024-10-12,2024-25,1,BOL,LIONS,"Boland Park, Paarl",d4d37c31,GA Stuurman,11,0,0,0,0,
1444781,2024-10-12,2024-25,2,LIONS,BOL,"Boland Park, Paarl",b8cc58c9,RR Hendricks,1,72,50,4,4,not out
1444781,2024-10-12,2024-25,2,LIONS,BOL,"Boland Park, Paarl",ae53180e,W Makwetu,2,6,8,1,0,caught
1444781,2024-10-12,2024-25,2,LIONS,BOL,"Boland Park, Paarl",22feee04,Zubayr Hamza,3,37,45,2,0,caught
1444781,2024-10-12,2024-25,2,LIONS,BOL,"Boland Park, Paarl",46e4a4e0,M Van Buuren,4,1,6,0,0,bowled
1444781,2024-10-12,2024-25,2,LIONS,BOL,"Boland Park, Paarl",ef9acbcc,C Esterhuizen,5,7,5,1,0,caught
1444781,2024-10-12,2024-25,2,LIONS,BOL,"Boland Park, Paarl",60fbf53a,D Potgieter,6,9,4,0,1,not out
1444781,2024-10-12,2024-25,2,LIONS,BOL,"Boland Park, Paarl",fbfea9c2,E Jones,7,0,0,0,0,
1444781,2024-10-12,2024-25,2,LIONS,BOL,"Boland Park, Paarl",9a2fc964,BC Fortuin,8,0,0,0,0,
1444781,2024-10-12,2024-25,2,LIONS,BOL,"Boland Park, Paarl",212aeedd,N Peter,9,0,0,0,0,
1444781,2024-10-12,2024-25,2,LIONS,BOL,"Boland Park, Paarl",f892fcf9,L Sipamla,10,0,0,0,0,
1444781,2024-10-12,2024-25,2,LIONS,BOL,"Boland Park, Paarl",a2316f90,J Dawood,11,0,0,0,0,
1444783,2024-10-13,2024-25,1,WPR,DOL,"Kingsmead, Durban",572f55fb,JA Bird,1,53,38,2,3,caught
1444783,2024-10-13,2024-25,1,WPR,DOL,"Kingsmead, Durban",6ca6d885,EM Moore,2,19,12,2,1,caught
1444783,2024-10-13,2024-25,1,WPR,DOL,"Kingsmead, Durban",3122c016,KI Simmonds,3,4,3,1,0,caught
1444783,2024-10-13,2024-25,1,WPR,DOL,"Kingsmead, Durban",9ca20359,SV Kitime,4,26,21,1,1,run out
1444783,2024-10-13,2024-25,1,WPR,DOL,"Kingsmead, Durban",547c5509,M Mpongwana,5,30,20,2,2,not out
1444783,2024-10-13,2024-25,1,WPR,DOL,"Kingsmead, Durban",e5437608,GF Linde,6,17,12,3,0,caught
1444783,2024-10-13,2024-25,1,WPR,DOL,"Kingsmead, Durban",5d69930d,D Smith,7,1,3,0,0,caught
1444783,2024-10-13,2024-25,1,WPR,DOL,"Kingsmead, Durban",b6abcb15,J James,8,3,3,0,0,retired hurt
1444783,2024-10-13,2024-25,1,WPR,DOL,"Kingsmead, Durban",b56dc5f7,BE Hendricks,9,8,9,1,0,not out
1444783,2024-10-13,2024-25,1,WPR,DOL,"Kingsmead, Durban",6ed11905,M Nabe,10,0,0,0,0,
1444783,2024-10-13,2024-25,1,WPR,DOL,"Kingsmead, Durban",f29dfbc0,W Bedja,11,0,0,0,0,
1444783,2024-10-13,2024-25,2,DOL,WPR,"Kingsmead, Durban",876bec53,TA Dithole,1,5,4,1,0,stumped
1444783,2024-10-13,2024-25,2,DOL,WPR,"Kingsmead, Durban",e7199177,S van Staden,2,7,7,1,0,caught
1444783,2024-10-13,2024-25,2,DOL,WPR,"Kingsmead, Durban",6287d981,MJ Ackerman,3,74,47,8,1,stumped
1444783,2024-10-13,2024-25,2,DOL,WPR,"Kingsmead, Durban",91cd48e0,JF Smith,4,39,25,4,2,caught
1444783,2024-10-13,2024-25,2,DOL,WPR,"Kingsmead, Durban",fc60e81a,B Parsons,5,27,20,1,1,not out
1444783,2024-10-13,2024-25,2,DOL,WPR,"Kingsmead, Durban",3a661be2,BG Porteous,6,7,7,1,0,lbw
1444783,2024-10-13,2024-25,2,DOL,WPR,"Kingsmead, Durban",7a80e2a5,H Viljoen,7,1,3,0,0,bowled
1444783,2024-10-13,2024-25,2,DOL,WPR,"Kingsmead, Durban",ebb74564,A Simelane,8,4,1,1,0,not out
1444783,2024-10-13,2024-25,2,DOL,WPR,"Kingsmead, Durban",7ec9711d,P Subrayen,9,0,0,0,0,
1444783,2024-10-13,2024-25,2,DOL,WPR,"Kingsmead, Durban",6b9eb501,OEG Baartman,10,0,0,0,0,
1444783,2024-10-13,2024-25,2,DOL,WPR,"Kingsmead, Durban",6e5840e3,O Cele,11,0,0,0,0,
1444784,2024-10-13,2024-25,1,KNG,TIT,"SuperSport Park, Centurion",a3ae63f4,GJ Snyman,1,44,18,6,3,caught
1444784,2024-10-13,2024-25,1,KNG,TIT,"SuperSport Park, Centurion",7d9b4224,L Senokwane,2,9,11,2,0,caught
1444784,2024-10-13,2024-25,1,KNG,TIT,"SuperSport Park, Centurion",cad00a4d,RR Rossouw,3,66,32,4,6,caught
1444784,2024-10-13,2024-25,1,KNG,TIT,"SuperSport Park, Centurion",3bf40832,GL Cloete,4,12,15,2,0,caught
1444784,2024-10-13,2024-25,1,KNG,TIT,"SuperSport Park, Centurion",e033393d,G Tarr,5,15,10,1,1,caught
1444784,2024-10-13,2024-25,1,KNG,TIT,"SuperSport Park, Centurion",cba5185d,AR Swanepoel,6,37,19,5,1,not out
1444784,2024-10-13,2024-25,1,KNG,TIT,"SuperSport Park, Centurion",20afc7e7,T van Vuuren,7,14,10,1,1,caught
1444784,2024-10-13,2024-25,1,KNG,TIT,"SuperSport Park, Centurion",7f8ecc51,AM Phangiso,8,15,6,3,0,not out
1444784,2024-10-13,2024-25,1,KNG,TIT,"SuperSport Park, Centurion",d9ead847,J van Dyk,9,0,0,0,0,
1444784,2024-10-13,2024-25,1,KNG,TIT,"SuperSport Park, Centurion",9d50c7e1,MP Siboto,10,0,0,0,0,
1444784,2024-10-13,2024-25,1,KNG,TIT,"SuperSport Park, Centurion",46b9eda8,S Langa,11,0,0,0,0,
1444784,2024-10-13,2024-25,2,TIT,KNG,"SuperSport Park, Centurion",60aa2db3,LG Pretorius,1,21,11,1,2,caught
1444784,2024-10-13,2024-25,2,TIT,KNG,"SuperSport Park, Centurion",29e676b0,R Moonsamy,2,31,24,4,1,bowled
1444784,2024-10-13,2024-25,2,TIT,KNG,"SuperSport Park, Centurion",bf64dc29,KD Petersen,3,11,11,1,0,stumped
1444784,2024-10-13,2024-25,2,TIT,KNG,"SuperSport Park, Centurion",235c2bb6,H Klaasen,4,4,4,0,0,caught
1444784,2024-10-13,2024-25,2,TIT,KNG,"SuperSport Park, Centurion",1b42a100,BS Makhanya,5,34,23,1,3,caught
1444784,2024-10-13,2024-25,2,TIT,KNG,"SuperSport Park, Centurion",f0af99a7,D Ferreira,6,48,28,1,5,caught
1444784,2024-10-13,2024-25,2,TIT,KNG,"SuperSport Park, Centurion",47c449c5,Dayyaan Galiem,7,21,13,0,2,not out
1444784,2024-10-13,2024-25,2,TIT,KNG,"SuperSport Park, Centurion",172dff15,C Bosch,8,16,7,1,1,not out
1444784,2024-10-13,2024-25,2,TIT,KNG,"SuperSport Park, Centurion",3204c99f,G Coetzee,9,0,0,0,0,
1444784,2024-10-13,2024-25,2,TIT,KNG,"SuperSport Park, Centurion",be3ffb65,Tsepo Ndwandwa,10,0,0,0,0,
1444784,2024-10-13,2024-25,2,TIT,KNG,"SuperSport Park, Centurion",eb2a192a,L Selemela,11,0,0,0,0,
1444785,2024-10-16,2024-25,1,BOL,WAR,"Boland Park, Paarl",f25cebec,C Fortuin,1,50,35,3,3,bowled
1444785,2024-10-16,2024-25,1,BOL,WAR,"Boland Park, Paarl",ac688e55,G Roelofsen,2,26,22,1,1,caught
1444785,2024-10-16,2024-25,1,BOL,WAR,"Boland Park, Paarl",a5c3d564,G Kaplan,3,3,4,0,0,bowled
1444785,2024-10-16,2024-25,1,BOL,WAR,"Boland Park, Paarl",955e8e86,A Mgijima,4,40,30,1,2,caught
1444785,2024-10-16,2024-25,1,BOL,WAR,"Boland Park, Paarl",60285d55,L Botha,5,18,18,0,0,caught
1444785,2024-10-16,2024-25,1,BOL,WAR,"Boland Park, Paarl",ffd3fc37,S von Berg,6,6,6,0,0,run out
1444785,2024-10-16,2024-25,1,BOL,WAR,"Boland Park, Paarl",b8828a1b,KJ Dudgeon,7,18,5,2,1,not out
1444785,2024-10-16,2024-25,1,BOL,WAR,"Boland Park, Paarl",a83c44b8,A Gqamane,8,1,1,0,0,not out
1444785,2024-10-16,2024-25,1,BOL,WAR,"Boland Park, Paarl",5ec126fa,I Manack,9,0,0,0,0,
1444785,2024-10-16,2024-25,1,BOL,WAR,"Boland Park, Paarl",d4d37c31,GA Stuurman,10,0,0,0,0,
1444785,2024-10-16,2024-25,1,BOL,WAR,"Boland Park, Paarl",1062bebb,Siyabonga Mahima,11,0,0,0,0,
1444785,2024-10-16,2024-25,2,WAR,BOL,"Boland Park, Paarl",e87aeca2,J Hermann,1,19,15,2,1,caught
1444785,2024-10-16,2024-25,2,WAR,BOL,"Boland Park, Paarl",9b384e28,JP King,2,1,4,0,0,lbw
1444785,2024-10-16,2024-25,2,WAR,BOL,"Boland Park, Paarl",6e0a2209,B Swanepoel,3,15,9,3,0,bowled
1444785,2024-10-16,2024-25,2,WAR,BOL,"Boland Park, Paarl",3f98fad7,J du Plessis,4,34,31,1,0,caught
1444785,2024-10-16,2024-25,2,WAR,BOL,"Boland Park, Paarl",94268960,S Qeshile,5,4,7,0,0,run out
1444785,2024-10-16,2024-25,2,WAR,BOL,"Boland Park, Paarl",230f5cea,J Pillay,6,17,15,0,1,bowled
1444785,2024-10-16,2024-25,2,WAR,BOL,"Boland Park, Paarl",39181592,PE Kruger,7,51,28,5,3,caught
1444785,2024-10-16,2024-25,2,WAR,BOL,"Boland Park, Paarl",3b9f3af4,A Mokgakane,8,9,8,1,0,bowled
1444785,2024-10-16,2024-25,2,WAR,BOL,"Boland Park, Paarl",919c1174,L Alder,9,0,1,0,0,bowled
1444785,2024-10-16,2024-25,2,WAR,BOL,"Boland Park, Paarl",d3cc2954,S Simetu,10,0,1,0,0,bowled
1444785,2024-10-16,2024-25,2,WAR,BOL,"Boland Park, Paarl",ea1eba98,SA Mothoa,11,0,0,0,0,not out
1444786,2024-10-16,2024-25,1,KNG,DOL,"Mangaung Oval, Bloemfontein",a3ae63f4,GJ Snyman,1,58,37,6,2,caught
1444786,2024-10-16,2024-25,1,KNG,DOL,"Mangaung Oval, Bloemfontein",7d9b4224,L Senokwane,2,19,13,3,0,caught
1444786,2024-10-16,2024-25,1,KNG,DOL,"Mangaung Oval, Bloemfontein",cad00a4d,RR Rossouw,3,20,23,1,0,bowled
1444786,2024-10-16,2024-25,1,KNG,DOL,"Mangaung Oval, Bloemfontein",01dc3ec0,P Botha,4,10,13,0,0,caught
1444786,2024-10-16,2024-25,1,KNG,DOL,"Mangaung Oval, Bloemfontein",cba5185d,AR Swanepoel,5,14,9,1,1,caught
1444786,2024-10-16,2024-25,1,KNG,DOL,"Mangaung Oval, Bloemfontein",20afc7e7,T van Vuuren,6,6,7,0,0,run out
1444786,2024-10-16,2024-25,1,KNG,DOL,"Mangaung Oval, Bloemfontein",3bf40832,GL Cloete,7,0,2,0,0,bowled
1444786,2024-10-16,2024-25,1,KNG,DOL,"Mangaung Oval, Bloemfontein",7f8ecc51,AM Phangiso,8,2,2,0,0,run out
1444786,2024-10-16,2024-25,1,KNG,DOL,"Mangaung Oval, Bloemfontein",d9ead847,J van Dyk,9,14,13,1,1,caught
1444786,2024-10-16,2024-25,1,KNG,DOL,"Mangaung Oval, Bloemfontein",9d50c7e1,MP Siboto,10,0,1,0,0,not out
1444786,2024-10-16,2024-25,1,KNG,DOL,"Mangaung Oval, Bloemfontein",46b9eda8,S Langa,11,0,0,0,0,
1444786,2024-10-16,2024-25,2,DOL,KNG,"Mangaung Oval, Bloemfontein",42172c3c,JT Smuts,1,3,3,0,0,run out
1444786,2024-10-16,2024-25,2,DOL,KNG,"Mangaung Oval, Bloemfontein",876bec53,TA Dithole,2,5,6,1,0,bowled
1444786,2024-10-16,2024-25,2,DOL,KNG,"Mangaung Oval, Bloemfontein",6287d981,MJ Ackerman,3,28,18,5,0,caught
1444786,2024-10-16,2024-25,2,DOL,KNG,"Mangaung Oval, Bloemfontein",91cd48e0,JF Smith,4,65,44,6,2,not out
1444786,2024-10-16,2024-25,2,DOL,KNG,"Mangaung Oval, Bloemfontein",fc60e81a,B Parsons,5,17,17,2,0,caught
1444786,2024-10-16,2024-25,2,DOL,KNG,"Mangaung Oval, Bloemfontein",e7199177,S van Staden,6,25,24,0,1,not out
1444786,2024-10-16,2024-25,2,DOL,KNG,"Mangaung Oval, Bloemfontein",7a80e2a5,H Viljoen,7,0,0,0,0,
1444786,2024-10-16,2024-25,2,DOL,KNG,"Mangaung Oval, Bloemfontein",ebb74564,A Simelane,8,0,0,0,0,
1444786,2024-10-16,2024-25,2,DOL,KNG,"Mangaung Oval, Bloemfontein",7ec9711d,P Subrayen,9,0,0,0,0,
1444786,2024-10-16,2024-25,2,DOL,KNG,"Mangaung Oval, Bloemfontein",6b9eb501,OEG Baartman,10,0,0,0,0,
1444786,2024-10-16,2024-25,2,DOL,KNG,"Mangaung Oval, Bloemfontein",6e5840e3,O Cele,11,0,0,0,0,
1444787,2024-10-16,2024-25,1,LIONS,WPR,"The Wanderers Stadium, Johannesburg",b8cc58c9,RR Hendricks,1,6,8,1,0,lbw
1444787,2024-10-16,2024-25,1,LIONS,WPR,"The Wanderers Stadium, Johannesburg",ae53180e,W Makwetu,2,41,25,3,3,caught
1444787,2024-10-16,2024-25,1,LIONS,WPR,"The Wanderers Stadium, Johannesburg",9948e262,HE van der Dussen,3,43,33,3,3,caught
1444787,2024-10-16,2024-25,1,LIONS,WPR,"The Wanderers Stadium, Johannesburg",ef9acbcc,C Esterhuizen,4,8,12,0,0,caught
1444787,2024-10-16,2024-25,1,LIONS,WPR,"The Wanderers Stadium, Johannesburg",60fbf53a,D Potgieter,5,16,19,2,0,caught
1444787,2024-10-16,2024-25,1,LIONS,WPR,"The Wanderers Stadium, Johannesburg",46e4a4e0,M Van Buuren,6,4,4,0,0,bowled
1444787,2024-10-16,2024-25,1,LIONS,WPR,"The Wanderers Stadium, Johannesburg",fbfea9c2,E Jones,7,10,14,0,0,run out
1444787,2024-10-16,2024-25,1,LIONS,WPR,"The Wanderers Stadium, Johannesburg",9a2fc964,BC Fortuin,8,10,7,1,0,not out
1444787,2024-10-16,2024-25,1,LIONS,WPR,"The Wanderers Stadium, Johannesburg",f2397e48,Codi Yusuf,9,0,0,0,0,not out
1444787,2024-10-16,2024-25,1,LIONS,WPR,"The Wanderers Stadium, Johannesburg",212aeedd,N Peter,10,0,0,0,0,
1444787,2024-10-16,2024-25,1,LIONS,WPR,"The Wanderers Stadium, Johannesburg",107c26fb,KT Maphaka,11,0,0,0,0,
1444787,2024-10-16,2024-25,2,WPR,LIONS,"The Wanderers Stadium, Johannesburg",572f55fb,JA Bird,1,0,2,0,0,caught
1444787,2024-10-16,2024-25,2,WPR,LIONS,"The Wanderers Stadium, Johannesburg",5d69930d,D Smith,2,18,9,4,0,bowled
1444787,2024-10-16,2024-25,2,WPR,LIONS,"The Wanderers Stadium, Johannesburg",9ca20359,SV Kitime,3,1,5,0,0,caught
1444787,2024-10-16,2024-25,2,WPR,LIONS,"The Wanderers Stadium, Johannesburg",6ca6d885,EM Moore,4,87,62,5,5,not out
1444787,2024-10-16,2024-25,2,WPR,LIONS,"The Wanderers Stadium, Johannesburg",547c5509,M Mpongwana,5,1,2,0,0,run out
1444787,2024-10-16,2024-25,2,WPR,LIONS,"The Wanderers Stadium, Johannesburg",e5437608,GF Linde,6,6,11,1,0,caught
1444787,2024-10-16,2024-25,2,WPR,LIONS,"The Wanderers Stadium, Johannesburg",8ab49ad2,Abdullah Bayoumy,7,18,23,0,1,bowled
1444787,2024-10-16,2024-25,2,WPR,LIONS,"The Wanderers Stadium, Johannesburg",3122c016,KI Simmonds,8,1,4,0,0,not out
1444787,2024-10-16,2024-25,2,WPR,LIONS,"The Wanderers Stadium, Johannesburg",b56dc5f7,BE Hendricks,9,0,0,0,0,
1444787,2024-10-16,2024-25,2,WPR,LIONS,"The Wanderers Stadium, Johannesburg",6ed11905,M Nabe,10,0,0,0,0,
1444787,2024-10-16,2024-25,2,WPR,LIONS,"The Wanderers Stadium, Johannesburg",f29dfbc0,W Bedja,11,0,0,0,0,
1444789,2024-10-18,2024-25,1,KNG,WPR,"Newlands, Cape Town",a3ae63f4,GJ Snyman,1,28,21,5,0,run out
1444789,2024-10-18,2024-25,1,KNG,WPR,"Newlands, Cape Town",e033393d,G Tarr,2,15,16,3,0,caught
1444789,2024-10-18,2024-25,1,KNG,WPR,"Newlands, Cape Town",7d9b4224,L Senokwane,3,25,24,1,1,caught and bowled
1444789,2024-10-18,2024-25,1,KNG,WPR,"Newlands, Cape Town",23393635,D Forrester,4,39,26,2,1,caught and bowled
1444789,2024-10-18,2024-25,1,KNG,WPR,"Newlands, Cape Town",cba5185d,AR Swanepoel,5,1,3,0,0,caught
1444789,2024-10-18,2024-25,1,KNG,WPR,"Newlands, Cape Town",7f51c6fb,S Fledermaus,6,13,12,0,1,bowled
1444789,2024-10-18,2024-25,1,KNG,WPR,"Newlands, Cape Town",01dc3ec0,P Botha,7,0,1,0,0,caught
1444789,2024-10-18,2024-25,1,KNG,WPR,"Newlands, Cape Town",20afc7e7,T van Vuuren,8,15,11,2,0,not out
1444789,2024-10-18,2024-25,1,KNG,WPR,"Newlands, Cape Town",7f8ecc51,AM Phangiso,9,13,6,1,1,not out
1444789,2024-10-18,2024-25,1,KNG,WPR,"Newlands, Cape Town",46b9eda8,S Langa,10,0,0,0,0,
1444789,2024-10-18,2024-25,1,KNG,WPR,"Newlands, Cape Town",9d50c7e1,MP Siboto,11,0,0,0,0,
1444789,2024-10-18,2024-25,2,WPR,KNG,"Newlands, Cape Town",572f55fb,JA Bird,1,16,17,2,0,caught
1444789,2024-10-18,2024-25,2,WPR,KNG,"Newlands, Cape Town",5d69930d,D Smith,2,57,33,9,0,run out
1444789,2024-10-18,2024-25,2,WPR,KNG,"Newlands, Cape Town",9ca20359,SV Kitime,3,15,15,2,0,stumped
1444789,2024-10-18,2024-25,2,WPR,KNG,"Newlands, Cape Town",6ca6d885,EM Moore,4,31,23,1,1,not out
1444789,2024-10-18,2024-25,2,WPR,KNG,"Newlands, Cape Town",547c5509,M Mpongwana,5,22,20,0,1,caught
1444789,2024-10-18,2024-25,2,WPR,KNG,"Newlands, Cape Town",e5437608,GF Linde,6,18,5,1,2,not out
1444789,2024-10-18,2024-25,2,WPR,KNG,"Newlands, Cape Town",8ab49ad2,Abdullah Bayoumy,7,0,0,0,0,
1444789,2024-10-18,2024-25,2,WPR,KNG,"Newlands, Cape Town",3122c016,KI Simmonds,8,0,0,0,0,
1444789,2024-10-18,2024-25,2,WPR,KNG,"Newlands, Cape Town",b56dc5f7,BE Hendricks,9,0,0,0,0,
1444789,2024-10-18,2024-25,2,WPR,KNG,"Newlands, Cape Town",6ed11905,M Nabe,10,0,0,0,0,
1444789,2024-10-18,2024-25,2,WPR,KNG,"Newlands, Cape Town",f29dfbc0,W Bedja,11,0,0,0,0,
1444790,2024-10-19,2024-25,1,WAR,TIT,"St George's Park, Gqeberha",230f5cea,J Pillay,1,3,6,0,0,caught
1444790,2024-10-19,2024-25,1,WAR,TIT,"St George's Park, Gqeberha",e87aeca2,J Hermann,2,101,60,12,2,caught
1444790,2024-10-19,2024-25,1,WAR,TIT,"St George's Park, Gqeberha",9b384e28,JP King,3,17,14,1,1,bowled
1444790,2024-10-19,2024-25,1,WAR,TIT,"St George's Park, Gqeberha",3f98fad7,J du Plessis,4,27,25,2,0,caught
1444790,2024-10-19,2024-25,1,WAR,TIT,"St George's Park, Gqeberha",39181592,PE Kruger,5,12,8,0,1,not out
1444790,2024-10-19,2024-25,1,WAR,TIT,"St George's Park, Gqeberha",94268960,S Qeshile,6,9,6,1,0,hit wicket
1444790,2024-10-19,2024-25,1,WAR,TIT,"St George's Park, Gqeberha",3b9f3af4,A Mokgakane,7,4,2,1,0,run out
1444790,2024-10-19,2024-25,1,WAR,TIT,"St George's Park, Gqeberha",47c9f734,CJ King,8,0,0,0,0,
1444790,2024-10-19,2024-25,1,WAR,TIT,"St George's Park, Gqeberha",acdc62f5,A Nortje,9,0,0,0,0,
1444790,2024-10-19,2024-25,1,WAR,TIT,"St George's Park, Gqeberha",d3cc2954,S Simetu,10,0,0,0,0,
1444790,2024-10-19,2024-25,1,WAR,TIT,"St George's Park, Gqeberha",ea1eba98,SA Mothoa,11,0,0,0,0,
1444790,2024-10-19,2024-25,2,TIT,WAR,"St George's Park, Gqeberha",60aa2db3,LG Pretorius,1,23,10,1,2,run out
1444790,2024-10-19,2024-25,2,TIT,WAR,"St George's Park, Gqeberha",29e676b0,R Moonsamy,2,73,39,8,3,caught
1444790,2024-10-19,2024-25,2,TIT,WAR,"St George's Park, Gqeberha",68790da2,N Brand,3,0,2,0,0,caught
1444790,2024-10-19,2024-25,2,TIT,WAR,"St George's Park, Gqeberha",47c449c5,Dayyaan Galiem,4,55,34,5,2,bowled
1444790,2024-10-19,2024-25,2,TIT,WAR,"St George's Park, Gqeberha",f0af99a7,D Ferreira,5,18,7,2,1,not out
1444790,2024-10-19,2024-25,2,TIT,WAR,"St George's Park, Gqeberha",1b42a100,BS Makhanya,6,3,6,0,0,not out
1444790,2024-10-19,2024-25,2,TIT,WAR,"St George's Park, Gqeberha",ab6b1c45,AL Phehlukwayo,7,0,0,0,0,
1444790,2024-10-19,2024-25,2,TIT,WAR,"St George's Park, Gqeberha",172dff15,C Bosch,8,0,0,0,0,
1444790,2024-10-19,2024-25,2,TIT,WAR,"St George's Park, Gqeberha",05c2ca46,RE van der Merwe,9,0,0,0,0,
1444790,2024-10-19,2024-25,2,TIT,WAR,"St George's Park, Gqeberha",1cb14aa4,CJ Dala,10,0,0,0,0,
1444790,2024-10-19,2024-25,2,TIT,WAR,"St George's Park, Gqeberha",a03bba42,T Shamsi,11,0,0,0,0,
1444791,2024-10-19,2024-25,1,BOL,DOL,"Kingsmead, Durban",f25cebec,C Fortuin,1,17,7,2,1,caught
1444791,2024-10-19,2024-25,1,BOL,DOL,"Kingsmead, Durban",ac688e55,G Roelofsen,2,5,11,1,0,retired hurt
1444791,2024-10-19,2024-25,1,BOL,DOL,"Kingsmead, Durban",ffd3fc37,S von Berg,3,50,31,3,4,bowled
1444791,2024-10-19,2024-25,1,BOL,DOL,"Kingsmead, Durban",b8604ebf,B Capell,4,4,6,0,0,lbw
1444791,2024-10-19,2024-25,1,BOL,DOL,"Kingsmead, Durban",955e8e86,A Mgijima,5,19,14,0,1,caught
1444791,2024-10-19,2024-25,1,BOL,DOL,"Kingsmead, Durban",60285d55,L Botha,6,31,23,3,0,not out
1444791,2024-10-19,2024-25,1,BOL,DOL,"Kingsmead, Durban",b8828a1b,KJ Dudgeon,7,36,28,5,0,not out
1444791,2024-10-19,2024-25,1,BOL,DOL,"Kingsmead, Durban",a83c44b8,A Gqamane,8,0,0,0,0,
1444791,2024-10-19,2024-25,1,BOL,DOL,"Kingsmead, Durban",5ec126fa,I Manack,9,0,0,0,0,
1444791,2024-10-19,2024-25,1,BOL,DOL,"Kingsmead, Durban",bd36db2c,A Mnyaka,10,0,0,0,0,
1444791,2024-10-19,2024-25,1,BOL,DOL,"Kingsmead, Durban",d4d37c31,GA Stuurman,11,0,0,0,0,
1444791,2024-10-19,2024-25,2,DOL,BOL,"Kingsmead, Durban",42172c3c,JT Smuts,1,12,17,0,1,bowled
1444791,2024-10-19,2024-25,2,DOL,BOL,"Kingsmead, Durban",fc60e81a,B Parsons,2,34,16,7,0,caught
1444791,2024-10-19,2024-25,2,DOL,BOL,"Kingsmead, Durban",91cd48e0,JF Smith,3,2,4,0,0,caught
1444791,2024-10-19,2024-25,2,DOL,BOL,"Kingsmead, Durban",d67d5f00,DA Miller,4,8,13,0,0,caught
1444791,2024-10-19,2024-25,2,DOL,BOL,"Kingsmead, Durban",7a80e2a5,H Viljoen,5,14,7,0,1,not out
1444791,2024-10-19,2024-25,2,DOL,BOL,"Kingsmead, Durban",7ec9711d,P Subrayen,6,2,2,0,0,caught
1444791,2024-10-19,2024-25,2,DOL,BOL,"Kingsmead, Durban",e7199177,S van Staden,7,1,1,0,0,not out
1444791,2024-10-19,2024-25,2,DOL,BOL,"Kingsmead, Durban",ebb74564,A Simelane,8,0,0,0,0,
1444791,2024-10-19,2024-25,2,DOL,BOL,"Kingsmead, Durban",ffb0e5c7,B Cele,9,0,0,0,0,
1444791,2024-10-19,2024-25,2,DOL,BOL,"Kingsmead, Durban",6b9eb501,OEG Baartman,10,0,0,0,0,
1444791,2024-10-19,2024-25,2,DOL,BOL,"Kingsmead, Durban",6e5840e3,O Cele,11,0,0,0,0,
1444792,2024-10-19,2024-25,1,LIONS,NWEST,"Senwes Park, Potchefstroom",22feee04,Zubayr Hamza,1,21,25,2,0,lbw
1444792,2024-10-19,2024-25,1,LIONS,NWEST,"Senwes Park, Potchefstroom",b8cc58c9,RR Hendricks,2,10,12,0,1,caught and bowled
1444792,2024-10-19,2024-25,1,LIONS,NWEST,"Senwes Park, Potchefstroom",9948e262,HE van der Dussen,3,59,38,4,3,caught
1444792,2024-10-19,2024-25,1,LIONS,NWEST,"Senwes Park, Potchefstroom",ef9acbcc,C Esterhuizen,4,62,39,3,3,not out
1444792,2024-10-19,2024-25,1,LIONS,NWEST,"Senwes Park, Potchefstroom",46e4a4e0,M Van Buuren,5,15,9,1,0,not out
1444792,2024-10-19,2024-25,1,LIONS,NWEST,"Senwes Park, Potchefstroom",60fbf53a,D Potgieter,6,0,0,0,0,
1444792,2024-10-19,2024-25,1,LIONS,NWEST,"Senwes Park, Potchefstroom",fbfea9c2,E Jones,7,0,0,0,0,
1444792,2024-10-19,2024-25,1,LIONS,NWEST,"Senwes Park, Potchefstroom",9a2fc964,BC Fortuin,8,0,0,0,0,
1444792,2024-10-19,2024-25,1,LIONS,NWEST,"Senwes Park, Potchefstroom",212aeedd,N Peter,9,0,0,0,0,
1444792,2024-10-19,2024-25,1,LIONS,NWEST,"Senwes Park, Potchefstroom",36ea17c1,TL Moreki,10,0,0,0,0,
1444792,2024-10-19,2024-25,1,LIONS,NWEST,"Senwes Park, Potchefstroom",107c26fb,KT Maphaka,11,0,0,0,0,
1444792,2024-10-19,2024-25,2,NWEST,LIONS,"Senwes Park, Potchefstroom",245a1fcc,L Schuld,1,60,51,3,2,bowled
1444792,2024-10-19,2024-25,2,NWEST,LIONS,"Senwes Park, Potchefstroom",f76d7466,JN Malan,2,14,13,2,0,bowled
1444792,2024-10-19,2024-25,2,NWEST,LIONS,"Senwes Park, Potchefstroom",aa80a6c3,M Prince,3,1,3,0,0,bowled
1444792,2024-10-19,2024-25,2,NWEST,LIONS,"Senwes Park, Potchefstroom",10f42013,WJ Lubbe,4,21,15,1,1,run out
1444792,2024-10-19,2024-25,2,NWEST,LIONS,"Senwes Park, Potchefstroom",51355a30,LC Ngoepe,5,11,9,1,0,caught
1444792,2024-10-19,2024-25,2,NWEST,LIONS,"Senwes Park, Potchefstroom",81c36ee9,M Jansen,6,29,14,1,3,run out
1444792,2024-10-19,2024-25,2,NWEST,LIONS,"Senwes Park, Potchefstroom",249a17c8,T Isaacs,7,14,14,1,0,not out
1444792,2024-10-19,2024-25,2,NWEST,LIONS,"Senwes Park, Potchefstroom",54c2b697,M Pretorius,8,1,1,0,0,not out
1444792,2024-10-19,2024-25,2,NWEST,LIONS,"Senwes Park, Potchefstroom",be8b147b,C Seleka,9,0,0,0,0,
1444792,2024-10-19,2024-25,2,NWEST,LIONS,"Senwes Park, Potchefstroom",56feceb0,K Mungroo,10,0,0,0,0,
1444792,2024-10-19,2024-25,2,NWEST,LIONS,"Senwes Park, Potchefstroom",45a6cf8a,A Cloete,11,0,0,0,0,
1444793,2024-10-22,2024-25,1,TIT,LIONS,"The Wanderers Stadium, Johannesburg",60aa2db3,LG Pretorius,1,7,9,1,0,caught
1444793,2024-10-22,2024-25,1,TIT,LIONS,"The Wanderers Stadium, Johannesburg",29e676b0,R Moonsamy,2,1,4,0,0,caught
1444793,2024-10-22,2024-25,1,TIT,LIONS,"The Wanderers Stadium, Johannesburg",47c449c5,Dayyaan Galiem,3,44,39,5,0,bowled
1444793,2024-10-22,2024-25,1,TIT,LIONS,"The Wanderers Stadium, Johannesburg",1b42a100,BS Makhanya,4,0,2,0,0,caught
1444793,2024-10-22,2024-25,1,TIT,LIONS,"The Wanderers Stadium, Johannesburg",235c2bb6,H Klaasen,5,14,17,1,0,caught
1444793,2024-10-22,2024-25,1,TIT,LIONS,"The Wanderers Stadium, Johannesburg",f0af99a7,D Ferreira,6,21,18,3,0,bowled
1444793,2024-10-22,2024-25,1,TIT,LIONS,"The Wanderers Stadium, Johannesburg",ab6b1c45,AL Phehlukwayo,7,12,13,0,1,caught
1444793,2024-10-22,2024-25,1,TIT,LIONS,"The Wanderers Stadium, Johannesburg",3204c99f,G Coetzee,8,2,5,0,0,caught
1444793,2024-10-22,2024-25,1,TIT,LIONS,"The Wanderers Stadium, Johannesburg",05c2ca46,RE van der Merwe,9,3,4,0,0,caught
1444793,2024-10-22,2024-25,1,TIT,LIONS,"The Wanderers Stadium, Johannesburg",1cb14aa4,CJ Dala,10,1,1,0,0,not out
1444793,2024-10-22,2024-25,1,TIT,LIONS,"The Wanderers Stadium, Johannesburg",a03bba42,T Shamsi,11,0,4,0,0,lbw
1444793,2024-10-22,2024-25,2,LIONS,TIT,"The Wanderers Stadium, Johannesburg",22feee04,Zubayr Hamza,1,4,8,0,0,caught
1444793,2024-10-22,2024-25,2,LIONS,TIT,"The Wanderers Stadium, Johannesburg",b8cc58c9,RR Hendricks,2,61,43,7,2,lbw
1444793,2024-10-22,2024-25,2,LIONS,TIT,"The Wanderers Stadium, Johannesburg",9948e262,HE van der Dussen,3,40,37,4,1,not out
1444793,2024-10-22,2024-25,2,LIONS,TIT,"The Wanderers Stadium, Johannesburg",ef9acbcc,C Esterhuizen,4,0,1,0,0,lbw
1444793,2024-10-22,2024-25,2,LIONS,TIT,"The Wanderers Stadium, Johannesburg",46e4a4e0,M Van Buuren,5,2,7,0,0,not out
1444793,2024-10-22,2024-25,2,LIONS,TIT,"The Wanderers Stadium, Johannesburg",60fbf53a,D Potgieter,6,0,0,0,0,
1444793,2024-10-22,2024-25,2,LIONS,TIT,"The Wanderers Stadium, Johannesburg",fbfea9c2,E Jones,7,0,0,0,0,
1444793,2024-10-22,2024-25,2,LIONS,TIT,"The Wanderers Stadium, Johannesburg",9a2fc964,BC Fortuin,8,0,0,0,0,
1444793,2024-10-22,2024-25,2,LIONS,TIT,"The Wanderers Stadium, Johannesburg",f892fcf9,L Sipamla,9,0,0,0,0,
1444793,2024-10-22,2024-25,2,LIONS,TIT,"The Wanderers Stadium, Johannesburg",107c26fb,KT Maphaka,10,0,0,0,0,
1444793,2024-10-22,2024-25,2,LIONS,TIT,"The Wanderers Stadium, Johannesburg",212aeedd,N Peter,11,0,0,0,0,
1444794,2024-10-23,2024-25,1,WPR,NWEST,"The Wanderers Stadium, Johannesburg",572f55fb,JA Bird,1,15,14,2,0,caught
1444794,2024-10-23,2024-25,1,WPR,NWEST,"The Wanderers Stadium, Johannesburg",5d69930d,D Smith,2,18,19,3,0,lbw
1444794,2024-10-23,2024-25,1,WPR,NWEST,"The Wanderers Stadium, Johannesburg",9ca20359,SV Kitime,3,13,11,2,0,caught
1444794,2024-10-23,2024-25,1,WPR,NWEST,"The Wanderers Stadium, Johannesburg",6ca6d885,EM Moore,4,15,23,0,1,caught
1444794,2024-10-23,2024-25,1,WPR,NWEST,"The Wanderers Stadium, Johannesburg",547c5509,M Mpongwana,5,24,19,2,1,caught
1444794,2024-10-23,2024-25,1,WPR,NWEST,"The Wanderers Stadium, Johannesburg",e5437608,GF Linde,6,49,23,1,5,not out
1444794,2024-10-23,2024-25,1,WPR,NWEST,"The Wanderers Stadium, Johannesburg",8ab49ad2,Abdullah Bayoumy,7,14,12,2,0,not out
1444794,2024-10-23,2024-25,1,WPR,NWEST,"The Wanderers Stadium, Johannesburg",3122c016,KI Simmonds,8,0,0,0,0,
1444794,2024-10-23,2024-25,1,WPR,NWEST,"The Wanderers Stadium, Johannesburg",b56dc5f7,BE Hendricks,9,0,0,0,0,
1444794,2024-10-23,2024-25,1,WPR,NWEST,"The Wanderers Stadium, Johannesburg",6ed11905,M Nabe,10,0,0,0,0,
1444794,2024-10-23,2024-25,1,WPR,NWEST,"The Wanderers Stadium, Johannesburg",f29dfbc0,W Bedja,11,0,0,0,0,
1444794,2024-10-23,2024-25,2,NWEST,WPR,"The Wanderers Stadium, Johannesburg",f76d7466,JN Malan,1,2,9,0,0,caught
1444794,2024-10-23,2024-25,2,NWEST,WPR,"The Wanderers Stadium, Johannesburg",249a17c8,T Isaacs,2,2,7,0,0,caught
1444794,2024-10-23,2024-25,2,NWEST,WPR,"The Wanderers Stadium, Johannesburg",aa80a6c3,M Prince,3,25,11,4,1,caught
1444794,2024-10-23,2024-25,2,NWEST,WPR,"The Wanderers Stadium, Johannesburg",10f42013,WJ Lubbe,4,46,20,4,3,run out
1444794,2024-10-23,2024-25,2,NWEST,WPR,"The Wanderers Stadium, Johannesburg",51355a30,LC Ngoepe,5,17,11,2,1,caught
1444794,2024-10-23,2024-25,2,NWEST,WPR,"The Wanderers Stadium, Johannesburg",81c36ee9,M Jansen,6,9,5,0,1,bowled
1444794,2024-10-23,2024-25,2,NWEST,WPR,"The Wanderers Stadium, Johannesburg",54c2b697,M Pretorius,7,14,14,1,1,lbw
1444794,2024-10-23,2024-25,2,NWEST,WPR,"The Wanderers Stadium, Johannesburg",94cdf850,B Xenxe,8,0,2,0,0,bowled
1444794,2024-10-23,2024-25,2,NWEST,WPR,"The Wanderers Stadium, Johannesburg",be8b147b,C Seleka,9,5,10,0,0,caught
1444794,2024-10-23,2024-25,2,NWEST,WPR,"The Wanderers Stadium, Johannesburg",56feceb0,K Mungroo,10,0,2,0,0,caught
1444794,2024-10-23,2024-25,2,NWEST,WPR,"The Wanderers Stadium, Johannesburg",360f4e4b,GG Peters,11,0,2,0,0,not out
1444795,2024-10-25,2024-25,1,TIT,WPR,"SuperSport Park, Centurion",60aa2db3,LG Pretorius,1,24,16,4,1,caught
1444795,2024-10-25,2024-25,1,TIT,WPR,"SuperSport Park, Centurion",29e676b0,R Moonsamy,2,29,27,4,1,bowled
1444795,2024-10-25,2024-25,1,TIT,WPR,"SuperSport Park, Centurion",47c449c5,Dayyaan Galiem,3,28,23,3,1,caught
1444795,2024-10-25,2024-25,1,TIT,WPR,"SuperSport Park, Centurion",235c2bb6,H Klaasen,4,13,8,1,1,caught
1444795,2024-10-25,2024-25,1,TIT,WPR,"SuperSport Park, Centurion",1b42a100,BS Makhanya,5,11,14,0,0,caught
1444795,2024-10-25,2024-25,1,TIT,WPR,"SuperSport Park, Centurion",f0af99a7,D Ferreira,6,19,13,0,1,caught
1444795,2024-10-25,2024-25,1,TIT,WPR,"SuperSport Park, Centurion",ab6b1c45,AL Phehlukwayo,7,39,16,4,2,not out
1444795,2024-10-25,2024-25,1,TIT,WPR,"SuperSport Park, Centurion",172dff15,C Bosch,8,3,3,0,0,caught
1444795,2024-10-25,2024-25,1,TIT,WPR,"SuperSport Park, Centurion",3204c99f,G Coetzee,9,1,2,0,0,not out
1444795,2024-10-25,2024-25,1,TIT,WPR,"SuperSport Park, Centurion",1cb14aa4,CJ Dala,10,0,0,0,0,
1444795,2024-10-25,2024-25,1,TIT,WPR,"SuperSport Park, Centurion",a03bba42,T Shamsi,11,0,0,0,0,
1444795,2024-10-25,2024-25,2,WPR,TIT,"SuperSport Park, Centurion",572f55fb,JA Bird,1,6,7,1,0,run out
1444795,2024-10-25,2024-25,2,WPR,TIT,"SuperSport Park, Centurion",5d69930d,D Smith,2,13,8,3,0,run out
1444795,2024-10-25,2024-25,2,WPR,TIT,"SuperSport Park, Centurion",9ca20359,SV Kitime,3,9,5,2,0,caught
1444795,2024-10-25,2024-25,2,WPR,TIT,"SuperSport Park, Centurion",6ca6d885,EM Moore,4,48,31,6,2,caught
1444795,2024-10-25,2024-25,2,WPR,TIT,"SuperSport Park, Centurion",547c5509,M Mpongwana,5,4,14,0,0,bowled
1444795,2024-10-25,2024-25,2,WPR,TIT,"SuperSport Park, Centurion",e5437608,GF Linde,6,1,2,0,0,bowled
1444795,2024-10-25,2024-25,2,WPR,TIT,"SuperSport Park, Centurion",e97b9d54,O Whitehead,7,40,40,3,1,not out
1444795,2024-10-25,2024-25,2,WPR,TIT,"SuperSport Park, Centurion",3122c016,KI Simmonds,8,19,13,1,1,not out
1444795,2024-10-25,2024-25,2,WPR,TIT,"SuperSport Park, Centurion",b56dc5f7,BE Hendricks,9,0,0,0,0,
1444795,2024-10-25,2024-25,2,WPR,TIT,"SuperSport Park, Centurion",6ed11905,M Nabe,10,0,0,0,0,
1444795,2024-10-25,2024-25,2,WPR,TIT,"SuperSport Park, Centurion",f29dfbc0,W Bedja,11,0,0,0,0,
1444796,2024-10-27,2024-25,1,TIT,LIONS,"The Wanderers Stadium, Johannesburg",60aa2db3,LG Pretorius,1,13,8,2,0,caught
1444796,2024-10-27,2024-25,1,TIT,LIONS,"The Wanderers Stadium, Johannesburg",29e676b0,R Moonsamy,2,13,15,2,0,caught
1444796,2024-10-27,2024-25,1,TIT,LIONS,"The Wanderers Stadium, Johannesburg",47c449c5,Dayyaan Galiem,3,1,3,0,0,caught
1444796,2024-10-27,2024-25,1,TIT,LIONS,"The Wanderers Stadium, Johannesburg",1b42a100,BS Makhanya,4,4,5,0,0,caught
1444796,2024-10-27,2024-25,1,TIT,LIONS,"The Wanderers Stadium, Johannesburg",235c2bb6,H Klaasen,5,13,12,0,1,caught
1444796,2024-10-27,2024-25,1,TIT,LIONS,"The Wanderers Stadium, Johannesburg",f0af99a7,D Ferreira,6,0,1,0,0,bowled
1444796,2024-10-27,2024-25,1,TIT,LIONS,"The Wanderers Stadium, Johannesburg",05c2ca46,RE van der Merwe,7,15,18,1,0,lbw
1444796,2024-10-27,2024-25,1,TIT,LIONS,"The Wanderers Stadium, Johannesburg",ab6b1c45,AL Phehlukwayo,8,18,19,1,1,stumped
1444796,2024-10-27,2024-25,1,TIT,LIONS,"The Wanderers Stadium, Johannesburg",3204c99f,G Coetzee,9,20,19,2,1,bowled
1444796,2024-10-27,2024-25,1,TIT,LIONS,"The Wanderers Stadium, Johannesburg",1cb14aa4,CJ Dala,10,13,16,0,0,caught
1444796,2024-10-27,2024-25,1,TIT,LIONS,"The Wanderers Stadium, Johannesburg",a03bba42,T Shamsi,11,0,1,0,0,not out
1444796,2024-10-27,2024-25,2,LIONS,TIT,"The Wanderers Stadium, Johannesburg",22feee04,Zubayr Hamza,1,20,21,4,0,caught
1444796,2024-10-27,2024-25,2,LIONS,TIT,"The Wanderers Stadium, Johannesburg",b8cc58c9,RR Hendricks,2,4,4,1,0,lbw
1444796,2024-10-27,2024-25,2,LIONS,TIT,"The Wanderers Stadium, Johannesburg",9948e262,HE van der Dussen,3,44,31,7,1,not out
1444796,2024-10-27,2024-25,2,LIONS,TIT,"The Wanderers Stadium, Johannesburg",ef9acbcc,C Esterhuizen,4,48,36,6,1,not out
1444796,2024-10-27,2024-25,2,LIONS,TIT,"The Wanderers Stadium, Johannesburg",46e4a4e0,M Van Buuren,5,0,0,0,0,
1444796,2024-10-27,2024-25,2,LIONS,TIT,"The Wanderers Stadium, Johannesburg",60fbf53a,D Potgieter,6,0,0,0,0,
1444796,2024-10-27,2024-25,2,LIONS,TIT,"The Wanderers Stadium, Johannesburg",fbfea9c2,E Jones,7,0,0,0,0,
1444796,2024-10-27,2024-25,2,LIONS,TIT,"The Wanderers Stadium, Johannesburg",9a2fc964,BC Fortuin,8,0,0,0,0,
1444796,2024-10-27,2024-25,2,LIONS,TIT,"The Wanderers Stadium, Johannesburg",f892fcf9,L Sipamla,9,0,0,0,0,
1444796,2024-10-27,2024-25,2,LIONS,TIT,"The Wanderers Stadium, Johannesburg",107c26fb,KT Maphaka,10,0,0,0,0,
1444796,2024-10-27,2024-25,2,LIONS,TIT,"The Wanderers Stadium, Johannesburg",212aeedd,N Peter,11,0,0,0,0,
530321,2012-02-15,2011-12,1,WPR,WAR,"St George's Park, Port Elizabeth",637b6fbd,AG Puttick,1,55,52,2,2,bowled
530321,2012-02-15,2011-12,1,WPR,WAR,"St George's Park, Port Elizabeth",f4dfcbb4,S van Zyl,2,58,41,2,4,caught
530321,2012-02-15,2011-12,1,WPR,WAR,"St George's Park, Port Elizabeth",7bf96684,OA Shah,3,6,10,0,0,caught
530321,2012-02-15,2011-12,1,WPR,WAR,"St George's Park, Port Elizabeth",f3cb53a1,MV Boucher,4,9,6,1,0,caught and bowled
530321,2012-02-15,2011-12,1,WPR,WAR,"St George's Park, Port Elizabeth",087210b1,DJ Vilas,5,3,5,0,0,caught
530321,2012-02-15,2011-12,1,WPR,WAR,"St George's Park, Port Elizabeth",cfe70281,VD Philander,6,14,5,0,2,not out
530321,2012-02-15,2011-12,1,WPR,WAR,"St George's Park, Port Elizabeth",7955eb15,RK Kleinveldt,7,1,2,0,0,not out
530321,2012-02-15,2011-12,1,WPR,WAR,"St George's Park, Port Elizabeth",9fa54c94,MY Vallie,8,0,0,0,0,
530321,2012-02-15,2011-12,1,WPR,WAR,"St George's Park, Port Elizabeth",537f5ab2,DL Piedt,9,0,0,0,0,
530321,2012-02-15,2011-12,1,WPR,WAR,"St George's Park, Port Elizabeth",9c1ccdea,J Louw,10,0,0,0,0,
530321,2012-02-15,2011-12,1,WPR,WAR,"St George's Park, Port Elizabeth",88867cac,AJA Gray,11,0,0,0,0,
530321,2012-02-15,2011-12,2,WAR,WPR,"St George's Park, Port Elizabeth",42172c3c,JT Smuts,1,8,14,1,0,caught
530321,2012-02-15,2011-12,2,WAR,WPR,"St George's Park, Port Elizabeth",035cb925,AG Prince,2,23,19,2,1,stumped
530321,2012-02-15,2011-12,2,WAR,WPR,"St George's Park, Port Elizabeth",6a0537aa,N Boje,3,13,18,1,0,stumped
530321,2012-02-15,2011-12,2,WAR,WPR,"St George's Park, Port Elizabeth",4f421623,JP Kreusch,4,25,18,4,0,caught
530321,2012-02-15,2011-12,2,WAR,WPR,"St George's Park, Port Elizabeth",ab446fe9,KR Smuts,5,26,14,2,1,caught
530321,2012-02-15,2011-12,2,WAR,WPR,"St George's Park, Port Elizabeth",789fd884,CA Thyssen,6,16,15,0,1,caught
530321,2012-02-15,2011-12,2,WAR,WPR,"St George's Park, Port Elizabeth",70d117de,A Jacobs,7,0,1,0,0,stumped
530321,2012-02-15,2011-12,2,WAR,WPR,"St George's Park, Port Elizabeth",23638956,SR Harmer,8,19,16,1,0,not out
530321,2012-02-15,2011-12,2,WAR,WPR,"St George's Park, Port Elizabeth",77dccc29,L Meyer,9,7,5,0,0,not out
530321,2012-02-15,2011-12,2,WAR,WPR,"St George's Park, Port Elizabeth",20a941bb,M Ntini,10,0,0,0,0,
530321,2012-02-15,2011-12,2,WAR,WPR,"St George's Park, Port Elizabeth",9df3a2f4,ACR Birch,11,0,0,0,0,
530323,2012-02-17,2011-12,1,WPR,KNG,"De Beers Diamond Oval, Kimberley",637b6fbd,AG Puttick,1,51,42,5,2,caught
530323,2012-02-17,2011-12,1,WPR,KNG,"De Beers Diamond Oval, Kimberley",f4dfcbb4,S van Zyl,2,48,29,5,2,caught
530323,2012-02-17,2011-12,1,WPR,KNG,"De Beers Diamond Oval, Kimberley",7bf96684,OA Shah,3,45,32,1,3,bowled
530323,2012-02-17,2011-12,1,WPR,KNG,"De Beers Diamond Oval, Kimberley",f3cb53a1,MV Boucher,4,11,10,1,0,caught
530323,2012-02-17,2011-12,1,WPR,KNG,"De Beers Diamond Oval, Kimberley",087210b1,DJ Vilas,5,11,6,2,0,not out
530323,2012-02-17,2011-12,1,WPR,KNG,"De Beers Diamond Oval, Kimberley",cfe70281,VD Philander,6,6,1,0,1,not out
530323,2012-02-17,2011-12,1,WPR,KNG,"De Beers Diamond Oval, Kimberley",7955eb15,RK Kleinveldt,7,0,0,0,0,
530323,2012-02-17,2011-12,1,WPR,KNG,"De Beers Diamond Oval, Kimberley",9fa54c94,MY Vallie,8,0,0,0,0,
530323,2012-02-17,2011-12,1,WPR,KNG,"De Beers Diamond Oval, Kimberley",88867cac,AJA Gray,9,0,0,0,0,
530323,2012-02-17,2011-12,1,WPR,KNG,"De Beers Diamond Oval, Kimberley",9c1ccdea,J Louw,10,0,0,0,0,
530323,2012-02-17,2011-12,1,WPR,KNG,"De Beers Diamond Oval, Kimberley",537f5ab2,DL Piedt,11,0,0,0,0,
530323,2012-02-17,2011-12,2,KNG,WPR,"De Beers Diamond Oval, Kimberley",cad00a4d,RR Rossouw,1,29,12,3,2,caught
530323,2012-02-17,2011-12,2,KNG,WPR,"De Beers Diamond Oval, Kimberley",710dd98c,MN van Wyk,2,13,7,3,0,lbw
530323,2012-02-17,2011-12,2,KNG,WPR,"De Beers Diamond Oval, Kimberley",647a48da,AJ Pienaar,3,15,16,1,0,caught
530323,2012-02-17,2011-12,2,KNG,WPR,"De Beers Diamond Oval, Kimberley",93a751e8,RT Bailey,4,10,8,2,0,bowled
530323,2012-02-17,2011-12,2,KNG,WPR,"De Beers Diamond Oval, Kimberley",b8cc58c9,RR Hendricks,5,29,18,1,2,caught
530323,2012-02-17,2011-12,2,KNG,WPR,"De Beers Diamond Oval, Kimberley",c654af19,R McLaren,6,16,13,2,0,not out
530323,2012-02-17,2011-12,2,KNG,WPR,"De Beers Diamond Oval, Kimberley",5f419ace,WL Coetsee,7,4,4,0,0,not out
530323,2012-02-17,2011-12,2,KNG,WPR,"De Beers Diamond Oval, Kimberley",6821ac10,JJ van der Wath,8,0,0,0,0,
530323,2012-02-17,2011-12,2,KNG,WPR,"De Beers Diamond Oval, Kimberley",d7a57f75,D du Preez,9,0,0,0,0,
530323,2012-02-17,2011-12,2,KNG,WPR,"De Beers Diamond Oval, Kimberley",9d50c7e1,MP Siboto,10,0,0,0,0,
530323,2012-02-17,2011-12,2,KNG,WPR,"De Beers Diamond Oval, Kimberley",807b63ae,RK Terblanche,11,0,0,0,0,
530324,2012-02-17,2011-12,1,LIONS,IMPI,"Senwes Park, Potchefstroom",a833f99c,JD Vandiar,1,15,9,2,0,caught
530324,2012-02-17,2011-12,1,LIONS,IMPI,"Senwes Park, Potchefstroom",e01aafc1,AN Petersen,2,37,36,4,1,stumped
530324,2012-02-17,2011-12,1,LIONS,IMPI,"Senwes Park, Potchefstroom",372455c4,Q de Kock,3,9,9,0,1,caught
530324,2012-02-17,2011-12,1,LIONS,IMPI,"Senwes Park, Potchefstroom",a830c083,ND McKenzie,4,30,25,5,0,caught
530324,2012-02-17,2011-12,1,LIONS,IMPI,"Senwes Park, Potchefstroom",77841dcc,J Symes,5,2,5,0,0,bowled
530324,2012-02-17,2011-12,1,LIONS,IMPI,"Senwes Park, Potchefstroom",11614d87,D Pretorius,6,8,6,0,1,caught
530324,2012-02-17,2011-12,1,LIONS,IMPI,"Senwes Park, Potchefstroom",3b94297b,TL Tsolekile,7,2,8,0,0,caught
530324,2012-02-17,2011-12,1,LIONS,IMPI,"Senwes Park, Potchefstroom",d83df855,S Burger,8,12,9,0,1,not out
530324,2012-02-17,2011-12,1,LIONS,IMPI,"Senwes Park, Potchefstroom",fb66ce1f,CH Morris,9,31,13,3,2,not out
530324,2012-02-17,2011-12,1,LIONS,IMPI,"Senwes Park, Potchefstroom",7f8ecc51,AM Phangiso,10,0,0,0,0,
530324,2012-02-17,2011-12,1,LIONS,IMPI,"Senwes Park, Potchefstroom",3bf936e7,E O'Reilly,11,0,0,0,0,
530324,2012-02-17,2011-12,2,IMPI,LIONS,"Senwes Park, Potchefstroom",f66f5343,DA Hendricks,1,1,9,0,0,bowled
530324,2012-02-17,2011-12,2,IMPI,LIONS,"Senwes Park, Potchefstroom",4ad7fc1b,AP McLaren,2,4,12,1,0,run out
530324,2012-02-17,2011-12,2,IMPI,LIONS,"Senwes Park, Potchefstroom",4ec07775,RN ten Doeschate,3,1,7,0,0,lbw
530324,2012-02-17,2011-12,2,IMPI,LIONS,"Senwes Park, Potchefstroom",a386e91b,PD Collingwood,4,4,8,0,0,run out
530324,2012-02-17,2011-12,2,IMPI,LIONS,"Senwes Park, Potchefstroom",1186f196,JJ Pienaar,5,18,21,2,0,caught
530324,2012-02-17,2011-12,2,IMPI,LIONS,"Senwes Park, Potchefstroom",f856b613,R Cameron,6,8,13,1,0,bowled
530324,2012-02-17,2011-12,2,IMPI,LIONS,"Senwes Park, Potchefstroom",e6c67124,RCC Canning,7,26,19,2,0,caught
530324,2012-02-17,2011-12,2,IMPI,LIONS,"Senwes Park, Potchefstroom",7be25178,C Pietersen,8,3,7,0,0,caught
530324,2012-02-17,2011-12,2,IMPI,LIONS,"Senwes Park, Potchefstroom",26d9937d,CJ Alexander,9,8,12,0,0,bowled
530324,2012-02-17,2011-12,2,IMPI,LIONS,"Senwes Park, Potchefstroom",d3cc2954,S Simetu,10,6,7,1,0,not out
530324,2012-02-17,2011-12,2,IMPI,LIONS,"Senwes Park, Potchefstroom",1b05424f,P Matshikwe,11,2,4,0,0,caught
530325,2012-02-19,2011-12,1,DOL,IMPI,"City Oval, Pietermaritzburg",73e749e1,LE Bosman,1,2,3,0,0,caught
530325,2012-02-19,2011-12,1,DOL,IMPI,"City Oval, Pietermaritzburg",afa78c3a,CS Delport,2,23,13,4,1,caught
530325,2012-02-19,2011-12,1,DOL,IMPI,"City Oval, Pietermaritzburg",719c5146,I Khan,3,34,30,4,0,lbw
530325,2012-02-19,2011-12,1,DOL,IMPI,"City Oval, Pietermaritzburg",27ca3a11,C Chetty,4,1,4,0,0,bowled
530325,2012-02-19,2011-12,1,DOL,IMPI,"City Oval, Pietermaritzburg",890b877d,VB van Jaarsveld,5,43,39,5,0,caught
530325,2012-02-19,2011-12,1,DOL,IMPI,"City Oval, Pietermaritzburg",d67d5f00,DA Miller,6,11,13,1,0,caught
530325,2012-02-19,2011-12,1,DOL,IMPI,"City Oval, Pietermaritzburg",8b248d88,R Frylinck,7,18,11,1,1,not out
530325,2012-02-19,2011-12,1,DOL,IMPI,"City Oval, Pietermaritzburg",4bb02ef1,D Smit,8,13,7,1,1,not out
530325,2012-02-19,2011-12,1,DOL,IMPI,"City Oval, Pietermaritzburg",a9da7784,KJ Abbott,9,0,0,0,0,
530325,2012-02-19,2011-12,1,DOL,IMPI,"City Oval, Pietermaritzburg",acee4cc4,Imran Tahir,10,0,0,0,0,
530325,2012-02-19,2011-12,1,DOL,IMPI,"City Oval, Pietermaritzburg",016e5101,M Shezi,11,0,0,0,0,
530325,2012-02-19,2011-12,2,IMPI,DOL,"City Oval, Pietermaritzburg",4aad78d3,K Zondo,1,54,47,5,0,caught
530325,2012-02-19,2011-12,2,IMPI,DOL,"City Oval, Pietermaritzburg",4ad7fc1b,AP McLaren,2,22,14,4,0,bowled
530325,2012-02-19,2011-12,2,IMPI,DOL,"City Oval, Pietermaritzburg",1186f196,JJ Pienaar,3,2,6,0,0,stumped
530325,2012-02-19,2011-12,2,IMPI,DOL,"City Oval, Pietermaritzburg",a386e91b,PD Collingwood,4,42,36,1,2,caught
530325,2012-02-19,2011-12,2,IMPI,DOL,"City Oval, Pietermaritzburg",4ec07775,RN ten Doeschate,5,10,10,0,0,not out
530325,2012-02-19,2011-12,2,IMPI,DOL,"City Oval, Pietermaritzburg",f856b613,R Cameron,6,1,2,0,0,bowled
530325,2012-02-19,2011-12,2,IMPI,DOL,"City Oval, Pietermaritzburg",e6c67124,RCC Canning,7,1,2,0,0,lbw
530325,2012-02-19,2011-12,2,IMPI,DOL,"City Oval, Pietermaritzburg",7be25178,C Pietersen,8,4,3,0,0,caught
530325,2012-02-19,2011-12,2,IMPI,DOL,"City Oval, Pietermaritzburg",26d9937d,CJ Alexander,9,0,0,0,0,not out
530325,2012-02-19,2011-12,2,IMPI,DOL,"City Oval, Pietermaritzburg",1b05424f,P Matshikwe,10,0,0,0,0,
530325,2012-02-19,2011-12,2,IMPI,DOL,"City Oval, Pietermaritzburg",d3cc2954,S Simetu,11,0,0,0,0,
530326,2012-02-19,2011-12,1,TIT,KNG,"SuperSport Park, Centurion",9c9f8dbc,H Davids,1,0,2,0,0,caught
530326,2012-02-19,2011-12,1,TIT,KNG,"SuperSport Park, Centurion",42537f07,JA Rudolph,2,43,29,6,0,run out
530326,2012-02-19,2011-12,1,TIT,KNG,"SuperSport Park, Centurion",05c2ca46,RE van der Merwe,3,0,2,0,0,caught
530326,2012-02-19,2011-12,1,TIT,KNG,"SuperSport Park, Centurion",f407e354,M van Jaarsveld,4,19,14,2,1,caught
530326,2012-02-19,2011-12,1,TIT,KNG,"SuperSport Park, Centurion",dce2019b,F Behardien,5,70,44,5,4,run out
530326,2012-02-19,2011-12,1,TIT,KNG,"SuperSport Park, Centurion",aa8d28ae,D Wiese,6,24,23,3,1,caught
530326,2012-02-19,2011-12,1,TIT,KNG,"SuperSport Park, Centurion",8836fcac,M Mosehle,7,0,2,0,0,caught
530326,2012-02-19,2011-12,1,TIT,KNG,"SuperSport Park, Centurion",ad9d8382,CJD de Villiers,8,2,4,0,0,not out
530326,2012-02-19,2011-12,1,TIT,KNG,"SuperSport Park, Centurion",b552a935,AC Thomas,9,0,0,0,0,
530326,2012-02-19,2011-12,1,TIT,KNG,"SuperSport Park, Centurion",fd093ca9,PL Harris,10,0,0,0,0,
530326,2012-02-19,2011-12,1,TIT,KNG,"SuperSport Park, Centurion",fa9c0196,RR Richards,11,0,0,0,0,
530326,2012-02-19,2011-12,2,KNG,TIT,"SuperSport Park, Centurion",cad00a4d,RR Rossouw,1,2,3,0,0,bowled
530326,2012-02-19,2011-12,2,KNG,TIT,"SuperSport Park, Centurion",710dd98c,MN van Wyk,2,62,50,6,3,caught
530326,2012-02-19,2011-12,2,KNG,TIT,"SuperSport Park, Centurion",647a48da,AJ Pienaar,3,17,9,2,1,caught
530326,2012-02-19,2011-12,2,KNG,TIT,"SuperSport Park, Centurion",93a751e8,RT Bailey,4,4,7,1,0,caught
530326,2012-02-19,2011-12,2,KNG,TIT,"SuperSport Park, Centurion",b8cc58c9,RR Hendricks,5,55,36,4,2,bowled
530326,2012-02-19,2011-12,2,KNG,TIT,"SuperSport Park, Centurion",c654af19,R McLaren,6,9,7,1,0,not out
530326,2012-02-19,2011-12,2,KNG,TIT,"SuperSport Park, Centurion",5f419ace,WL Coetsee,7,8,4,0,1,not out
530326,2012-02-19,2011-12,2,KNG,TIT,"SuperSport Park, Centurion",6821ac10,JJ van der Wath,8,0,0,0,0,
530326,2012-02-19,2011-12,2,KNG,TIT,"SuperSport Park, Centurion",d7a57f75,D du Preez,9,0,0,0,0,
530326,2012-02-19,2011-12,2,KNG,TIT,"SuperSport Park, Centurion",807b63ae,RK Terblanche,10,0,0,0,0,
530326,2012-02-19,2011-12,2,KNG,TIT,"SuperSport Park, Centurion",9d50c7e1,MP Siboto,11,0,0,0,0,
530327,2012-02-22,2011-12,1,WPR,IMPI,"Boland Park, Paarl",637b6fbd,AG Puttick,1,21,16,3,0,caught
530327,2012-02-22,2011-12,1,WPR,IMPI,"Boland Park, Paarl",f4dfcbb4,S van Zyl,2,55,31,2,3,caught
530327,2012-02-22,2011-12,1,WPR,IMPI,"Boland Park, Paarl",087210b1,DJ Vilas,3,57,30,7,1,caught
530327,2012-02-22,2011-12,1,WPR,IMPI,"Boland Park, Paarl",7bf96684,OA Shah,4,6,9,0,0,caught
530327,2012-02-22,2011-12,1,WPR,IMPI,"Boland Park, Paarl",f3cb53a1,MV Boucher,5,23,17,2,0,not out
530327,2012-02-22,2011-12,1,WPR,IMPI,"Boland Park, Paarl",cfe70281,VD Philander,6,45,18,5,3,not out
530327,2012-02-22,2011-12,1,WPR,IMPI,"Boland Park, Paarl",9fa54c94,MY Vallie,7,0,0,0,0,
530327,2012-02-22,2011-12,1,WPR,IMPI,"Boland Park, Paarl",88867cac,AJA Gray,8,0,0,0,0,
530327,2012-02-22,2011-12,1,WPR,IMPI,"Boland Park, Paarl",9c1ccdea,J Louw,9,0,0,0,0,
530327,2012-02-22,2011-12,1,WPR,IMPI,"Boland Park, Paarl",537f5ab2,DL Piedt,10,0,0,0,0,
530327,2012-02-22,2011-12,1,WPR,IMPI,"Boland Park, Paarl",d1c94b25,CK Langeveldt,11,0,0,0,0,
530327,2012-02-22,2011-12,2,IMPI,WPR,"Boland Park, Paarl",4aad78d3,K Zondo,1,100,63,9,2,not out
530327,2012-02-22,2011-12,2,IMPI,WPR,"Boland Park, Paarl",cca50cd6,LJ Wright,2,15,14,1,1,caught and bowled
530327,2012-02-22,2011-12,2,IMPI,WPR,"Boland Park, Paarl",4ad7fc1b,AP McLaren,3,17,16,0,1,caught
530327,2012-02-22,2011-12,2,IMPI,WPR,"Boland Park, Paarl",4ec07775,RN ten Doeschate,4,1,3,0,0,lbw
530327,2012-02-22,2011-12,2,IMPI,WPR,"Boland Park, Paarl",a386e91b,PD Collingwood,5,1,3,0,0,caught
530327,2012-02-22,2011-12,2,IMPI,WPR,"Boland Park, Paarl",1186f196,JJ Pienaar,6,4,6,0,0,caught
530327,2012-02-22,2011-12,2,IMPI,WPR,"Boland Park, Paarl",e6c67124,RCC Canning,7,23,12,3,1,caught
530327,2012-02-22,2011-12,2,IMPI,WPR,"Boland Park, Paarl",26d9937d,CJ Alexander,8,2,4,0,0,not out
530327,2012-02-22,2011-12,2,IMPI,WPR,"Boland Park, Paarl",d3cc2954,S Simetu,9,0,0,0,0,
530327,2012-02-22,2011-12,2,IMPI,WPR,"Boland Park, Paarl",b0b320a0,BM Edmondson,10,0,0,0,0,
530327,2012-02-22,2011-12,2,IMPI,WPR,"Boland Park, Paarl",1b05424f,P Matshikwe,11,0,0,0,0,
530328,2012-02-22,2011-12,1,WAR,LIONS,"St George's Park, Port Elizabeth",ab446fe9,KR Smuts,1,0,2,0,0,bowled
530328,2012-02-22,2011-12,1,WAR,LIONS,"St George's Park, Port Elizabeth",035cb925,AG Prince,2,33,29,3,0,bowled
530328,2012-02-22,2011-12,1,WAR,LIONS,"St George's Park, Port Elizabeth",42172c3c,JT Smuts,3,42,37,5,0,bowled
530328,2012-02-22,2011-12,1,WAR,LIONS,"St George's Park, Port Elizabeth",789fd884,CA Thyssen,4,10,17,0,0,stumped
530328,2012-02-22,2011-12,1,WAR,LIONS,"St George's Park, Port Elizabeth",e734d090,CN Ackermann,5,4,5,0,0,run out
530328,2012-02-22,2011-12,1,WAR,LIONS,"St George's Park, Port Elizabeth",6a0537aa,N Boje,6,0,1,0,0,run out
530328,2012-02-22,2011-12,1,WAR,LIONS,"St George's Park, Port Elizabeth",23638956,SR Harmer,7,14,14,1,0,bowled
530328,2012-02-22,2011-12,1,WAR,LIONS,"St George's Park, Port Elizabeth",eb6d2ef1,AZM Dyili,8,22,11,2,1,bowled
530328,2012-02-22,2011-12,1,WAR,LIONS,"St George's Park, Port Elizabeth",9df3a2f4,ACR Birch,9,6,3,0,1,lbw
530328,2012-02-22,2011-12,1,WAR,LIONS,"St George's Park, Port Elizabeth",20a941bb,M Ntini,10,1,1,0,0,not out
530328,2012-02-22,2011-12,1,WAR,LIONS,"St George's Park, Port Elizabeth",1e182ae2,BD Walters,11,0,0,0,0,
530328,2012-02-22,2011-12,2,LIONS,WAR,"St George's Park, Port Elizabeth",a833f99c,JD Vandiar,1,56,53,5,0,not out
530328,2012-02-22,2011-12,2,LIONS,WAR,"St George's Park, Port Elizabeth",e01aafc1,AN Petersen,2,26,16,4,1,caught and bowled
530328,2012-02-22,2011-12,2,LIONS,WAR,"St George's Park, Port Elizabeth",11614d87,D Pretorius,3,21,15,0,2,bowled
530328,2012-02-22,2011-12,2,LIONS,WAR,"St George's Park, Port Elizabeth",a830c083,ND McKenzie,4,31,29,4,0,not out
530328,2012-02-22,2011-12,2,LIONS,WAR,"St George's Park, Port Elizabeth",77841dcc,J Symes,5,0,0,0,0,
530328,2012-02-22,2011-12,2,LIONS,WAR,"St George's Park, Port Elizabeth",3b94297b,TL Tsolekile,6,0,0,0,0,
530328,2012-02-22,2011-12,2,LIONS,WAR,"St George's Park, Port Elizabeth",d83df855,S Burger,7,0,0,0,0,
530328,2012-02-22,2011-12,2,LIONS,WAR,"St George's Park, Port Elizabeth",372455c4,Q de Kock,8,0,0,0,0,
530328,2012-02-22,2011-12,2,LIONS,WAR,"St George's Park, Port Elizabeth",fb66ce1f,CH Morris,9,0,0,0,0,
530328,2012-02-22,2011-12,2,LIONS,WAR,"St George's Park, Port Elizabeth",7f8ecc51,AM Phangiso,10,0,0,0,0,
530328,2012-02-22,2011-12,2,LIONS,WAR,"St George's Park, Port Elizabeth",3bf936e7,E O'Reilly,11,0,0,0,0,
530330,2012-02-24,2011-12,1,DOL,TIT,"Kingsmead, Durban",73e749e1,LE Bosman,1,2,7,0,0,caught
530330,2012-02-24,2011-12,1,DOL,TIT,"Kingsmead, Durban",afa78c3a,CS Delport,2,38,17,6,2,caught
530330,2012-02-24,2011-12,1,DOL,TIT,"Kingsmead, Durban",719c5146,I Khan,3,0,2,0,0,caught
530330,2012-02-24,2011-12,1,DOL,TIT,"Kingsmead, Durban",27ca3a11,C Chetty,4,63,49,5,2,bowled
530330,2012-02-24,2011-12,1,DOL,TIT,"Kingsmead, Durban",890b877d,VB van Jaarsveld,5,3,6,0,0,run out
530330,2012-02-24,2011-12,1,DOL,TIT,"Kingsmead, Durban",d67d5f00,DA Miller,6,44,40,2,2,not out
530330,2012-02-24,2011-12,1,DOL,TIT,"Kingsmead, Durban",4bb02ef1,D Smit,7,0,0,0,0,
530330,2012-02-24,2011-12,1,DOL,TIT,"Kingsmead, Durban",8b248d88,R Frylinck,8,0,0,0,0,
530330,2012-02-24,2011-12,1,DOL,TIT,"Kingsmead, Durban",a9da7784,KJ Abbott,9,0,0,0,0,
530330,2012-02-24,2011-12,1,DOL,TIT,"Kingsmead, Durban",acee4cc4,Imran Tahir,10,0,0,0,0,
530330,2012-02-24,2011-12,1,DOL,TIT,"Kingsmead, Durban",016e5101,M Shezi,11,0,0,0,0,
530330,2012-02-24,2011-12,2,TIT,DOL,"Kingsmead, Durban",9c9f8dbc,H Davids,1,1,2,0,0,caught
530330,2012-02-24,2011-12,2,TIT,DOL,"Kingsmead, Durban",42537f07,JA Rudolph,2,62,55,5,1,not out
530330,2012-02-24,2011-12,2,TIT,DOL,"Kingsmead, Durban",ede05b97,HG Kuhn,3,39,27,4,2,caught
530330,2012-02-24,2011-12,2,TIT,DOL,"Kingsmead, Durban",f407e354,M van Jaarsveld,4,31,18,2,2,bowled
530330,2012-02-24,2011-12,2,TIT,DOL,"Kingsmead, Durban",dce2019b,F Behardien,5,6,8,0,0,caught
530330,2012-02-24,2011-12,2,TIT,DOL,"Kingsmead, Durban",aa8d28ae,D Wiese,6,21,10,2,1,not out
530330,2012-02-24,2011-12,2,TIT,DOL,"Kingsmead, Durban",05c2ca46,RE van der Merwe,7,0,0,0,0,
530330,2012-02-24,2011-12,2,TIT,DOL,"Kingsmead, Durban",b552a935,AC Thomas,8,0,0,0,0,
530330,2012-02-24,2011-12,2,TIT,DOL,"Kingsmead, Durban",fa9c0196,RR Richards,9,0,0,0,0,
530330,2012-02-24,2011-12,2,TIT,DOL,"Kingsmead, Durban",ad9d8382,CJD de Villiers,10,0,0,0,0,
530330,2012-02-24,2011-12,2,TIT,DOL,"Kingsmead, Durban",994d9d36,ER Links,11,0,0,0,0,
530332,2012-02-24,2011-12,1,WPR,LIONS,"New Wanderers Stadium, Johannesburg",18c78b11,RE Levi,1,3,10,0,0,caught
530332,2012-02-24,2011-12,1,WPR,LIONS,"New Wanderers Stadium, Johannesburg",f4dfcbb4,S van Zyl,2,39,25,7,0,run out
530332,2012-02-24,2011-12,1,WPR,LIONS,"New Wanderers Stadium, Johannesburg",087210b1,DJ Vilas,3,23,21,0,2,caught
530332,2012-02-24,2011-12,1,WPR,LIONS,"New Wanderers Stadium, Johannesburg",7bf96684,OA Shah,4,48,33,0,5,bowled
530332,2012-02-24,2011-12,1,WPR,LIONS,"New Wanderers Stadium, Johannesburg",f3cb53a1,MV Boucher,5,36,26,3,1,not out
530332,2012-02-24,2011-12,1,WPR,LIONS,"New Wanderers Stadium, Johannesburg",cfe70281,VD Philander,6,0,1,0,0,caught
530332,2012-02-24,2011-12,1,WPR,LIONS,"New Wanderers Stadium, Johannesburg",7955eb15,RK Kleinveldt,7,0,2,0,0,bowled
530332,2012-02-24,2011-12,1,WPR,LIONS,"New Wanderers Stadium, Johannesburg",637b6fbd,AG Puttick,8,10,3,2,0,not out
530332,2012-02-24,2011-12,1,WPR,LIONS,"New Wanderers Stadium, Johannesburg",9c1ccdea,J Louw,9,0,0,0,0,
530332,2012-02-24,2011-12,1,WPR,LIONS,"New Wanderers Stadium, Johannesburg",9fa54c94,MY Vallie,10,0,0,0,0,
530332,2012-02-24,2011-12,1,WPR,LIONS,"New Wanderers Stadium, Johannesburg",537f5ab2,DL Piedt,11,0,0,0,0,
530332,2012-02-24,2011-12,2,LIONS,WPR,"New Wanderers Stadium, Johannesburg",a833f99c,JD Vandiar,1,8,7,1,0,bowled
530332,2012-02-24,2011-12,2,LIONS,WPR,"New Wanderers Stadium, Johannesburg",e01aafc1,AN Petersen,2,0,1,0,0,caught
530332,2012-02-24,2011-12,2,LIONS,WPR,"New Wanderers Stadium, Johannesburg",372455c4,Q de Kock,3,53,29,4,3,caught
530332,2012-02-24,2011-12,2,LIONS,WPR,"New Wanderers Stadium, Johannesburg",a830c083,ND McKenzie,4,29,24,4,0,lbw
530332,2012-02-24,2011-12,2,LIONS,WPR,"New Wanderers Stadium, Johannesburg",11614d87,D Pretorius,5,20,11,1,1,bowled
530332,2012-02-24,2011-12,2,LIONS,WPR,"New Wanderers Stadium, Johannesburg",3b94297b,TL Tsolekile,6,10,12,1,0,caught
530332,2012-02-24,2011-12,2,LIONS,WPR,"New Wanderers Stadium, Johannesburg",77841dcc,J Symes,7,35,20,4,1,not out
530332,2012-02-24,2011-12,2,LIONS,WPR,"New Wanderers Stadium, Johannesburg",d83df855,S Burger,8,15,12,0,1,caught
530332,2012-02-24,2011-12,2,LIONS,WPR,"New Wanderers Stadium, Johannesburg",fb66ce1f,CH Morris,9,2,2,0,0,not out
530332,2012-02-24,2011-12,2,LIONS,WPR,"New Wanderers Stadium, Johannesburg",7f8ecc51,AM Phangiso,10,0,0,0,0,
530332,2012-02-24,2011-12,2,LIONS,WPR,"New Wanderers Stadium, Johannesburg",3bf936e7,E O'Reilly,11,0,0,0,0,
530334,2012-02-26,2011-12,1,LIONS,KNG,"Chevrolet Park, Bloemfontein",a833f99c,JD Vandiar,1,2,6,0,0,run out
530334,2012-02-26,2011-12,1,LIONS,KNG,"Chevrolet Park, Bloemfontein",e01aafc1,AN Petersen,2,0,3,0,0,caught
530334,2012-02-26,2011-12,1,LIONS,KNG,"Chevrolet Park, Bloemfontein",372455c4,Q de Kock,3,48,36,6,1,caught
530334,2012-02-26,2011-12,1,LIONS,KNG,"Chevrolet Park, Bloemfontein",a830c083,ND McKenzie,4,45,44,1,0,not out
530334,2012-02-26,2011-12,1,LIONS,KNG,"Chevrolet Park, Bloemfontein",3b94297b,TL Tsolekile,5,2,5,0,0,bowled
530334,2012-02-26,2011-12,1,LIONS,KNG,"Chevrolet Park, Bloemfontein",77841dcc,J Symes,6,28,26,1,1,run out
530334,2012-02-26,2011-12,1,LIONS,KNG,"Chevrolet Park, Bloemfontein",11614d87,D Pretorius,7,0,0,0,0,
530334,2012-02-26,2011-12,1,LIONS,KNG,"Chevrolet Park, Bloemfontein",fb66ce1f,CH Morris,8,0,0,0,0,
530334,2012-02-26,2011-12,1,LIONS,KNG,"Chevrolet Park, Bloemfontein",d83df855,S Burger,9,0,0,0,0,
530334,2012-02-26,2011-12,1,LIONS,KNG,"Chevrolet Park, Bloemfontein",7f8ecc51,AM Phangiso,10,0,0,0,0,
530334,2012-02-26,2011-12,1,LIONS,KNG,"Chevrolet Park, Bloemfontein",3bf936e7,E O'Reilly,11,0,0,0,0,
530334,2012-02-26,2011-12,2,KNG,LIONS,"Chevrolet Park, Bloemfontein",710dd98c,MN van Wyk,1,70,44,6,3,not out
530334,2012-02-26,2011-12,2,KNG,LIONS,"Chevrolet Park, Bloemfontein",cad00a4d,RR Rossouw,2,39,31,7,0,caught
530334,2012-02-26,2011-12,2,KNG,LIONS,"Chevrolet Park, Bloemfontein",5f419ace,WL Coetsee,3,3,5,0,0,caught
530334,2012-02-26,2011-12,2,KNG,LIONS,"Chevrolet Park, Bloemfontein",b8cc58c9,RR Hendricks,4,17,13,3,0,not out
530334,2012-02-26,2011-12,2,KNG,LIONS,"Chevrolet Park, Bloemfontein",647a48da,AJ Pienaar,5,0,0,0,0,
530334,2012-02-26,2011-12,2,KNG,LIONS,"Chevrolet Park, Bloemfontein",c654af19,R McLaren,6,0,0,0,0,
530334,2012-02-26,2011-12,2,KNG,LIONS,"Chevrolet Park, Bloemfontein",93a751e8,RT Bailey,7,0,0,0,0,
530334,2012-02-26,2011-12,2,KNG,LIONS,"Chevrolet Park, Bloemfontein",6821ac10,JJ van der Wath,8,0,0,0,0,
530334,2012-02-26,2011-12,2,KNG,LIONS,"Chevrolet Park, Bloemfontein",d7a57f75,D du Preez,9,0,0,0,0,
530334,2012-02-26,2011-12,2,KNG,LIONS,"Chevrolet Park, Bloemfontein",cba5185d,AR Swanepoel,10,0,0,0,0,
530334,2012-02-26,2011-12,2,KNG,LIONS,"Chevrolet Park, Bloemfontein",9d50c7e1,MP Siboto,11,0,0,0,0,
530335,2012-02-26,2011-12,1,IMPI,TIT,"Willowmoore Park, Benoni",cca50cd6,LJ Wright,1,28,18,5,0,caught
530335,2012-02-26,2011-12,1,IMPI,TIT,"Willowmoore Park, Benoni",4ad7fc1b,AP McLaren,2,4,5,1,0,stumped
530335,2012-02-26,2011-12,1,IMPI,TIT,"Willowmoore Park, Benoni",4aad78d3,K Zondo,3,33,31,3,0,caught
530335,2012-02-26,2011-12,1,IMPI,TIT,"Willowmoore Park, Benoni",a386e91b,PD Collingwood,4,28,18,1,2,run out
530335,2012-02-26,2011-12,1,IMPI,TIT,"Willowmoore Park, Benoni",4ec07775,RN ten Doeschate,5,1,2,0,0,bowled
530335,2012-02-26,2011-12,1,IMPI,TIT,"Willowmoore Park, Benoni",59a7fc89,MQ Adams,6,9,13,1,0,caught
530335,2012-02-26,2011-12,1,IMPI,TIT,"Willowmoore Park, Benoni",f856b613,R Cameron,7,0,1,0,0,caught
530335,2012-02-26,2011-12,1,IMPI,TIT,"Willowmoore Park, Benoni",e6c67124,RCC Canning,8,17,21,0,0,caught
530335,2012-02-26,2011-12,1,IMPI,TIT,"Willowmoore Park, Benoni",d3cc2954,S Simetu,9,5,7,0,0,run out
530335,2012-02-26,2011-12,1,IMPI,TIT,"Willowmoore Park, Benoni",b0b320a0,BM Edmondson,10,0,2,0,0,bowled
530335,2012-02-26,2011-12,1,IMPI,TIT,"Willowmoore Park, Benoni",1b05424f,P Matshikwe,11,0,0,0,0,not out
530335,2012-02-26,2011-12,2,TIT,IMPI,"Willowmoore Park, Benoni",42537f07,JA Rudolph,1,47,39,3,2,not out
530335,2012-02-26,2011-12,2,TIT,IMPI,"Willowmoore Park, Benoni",9c9f8dbc,H Davids,2,55,35,7,2,caught
530335,2012-02-26,2011-12,2,TIT,IMPI,"Willowmoore Park, Benoni",05c2ca46,RE van der Merwe,3,30,20,3,1,not out
530335,2012-02-26,2011-12,2,TIT,IMPI,"Willowmoore Park, Benoni",f407e354,M van Jaarsveld,4,0,0,0,0,
530335,2012-02-26,2011-12,2,TIT,IMPI,"Willowmoore Park, Benoni",ede05b97,HG Kuhn,5,0,0,0,0,
530335,2012-02-26,2011-12,2,TIT,IMPI,"Willowmoore Park, Benoni",994d9d36,ER Links,6,0,0,0,0,
530335,2012-02-26,2011-12,2,TIT,IMPI,"Willowmoore Park, Benoni",aa8d28ae,D Wiese,7,0,0,0,0,
530335,2012-02-26,2011-12,2,TIT,IMPI,"Willowmoore Park, Benoni",fa9c0196,RR Richards,8,0,0,0,0,
530335,2012-02-26,2011-12,2,TIT,IMPI,"Willowmoore Park, Benoni",dce2019b,F Behardien,9,0,0,0,0,
530335,2012-02-26,2011-12,2,TIT,IMPI,"Willowmoore Park, Benoni",b552a935,AC Thomas,10,0,0,0,0,
530335,2012-02-26,2011-12,2,TIT,IMPI,"Willowmoore Park, Benoni",ad9d8382,CJD de Villiers,11,0,0,0,0,
530336,2012-02-29,2011-12,1,WAR,IMPI,"Willowmoore Park, Benoni",42172c3c,JT Smuts,1,23,30,2,0,caught
530336,2012-02-29,2011-12,1,WAR,IMPI,"Willowmoore Park, Benoni",035cb925,AG Prince,2,63,43,5,2,caught and bowled
530336,2012-02-29,2011-12,1,WAR,IMPI,"Willowmoore Park, Benoni",c995d726,CA Ingram,3,42,24,3,2,not out
530336,2012-02-29,2011-12,1,WAR,IMPI,"Willowmoore Park, Benoni",789fd884,CA Thyssen,4,49,24,4,3,not out
530336,2012-02-29,2011-12,1,WAR,IMPI,"Willowmoore Park, Benoni",23638956,SR Harmer,5,0,0,0,0,
530336,2012-02-29,2011-12,1,WAR,IMPI,"Willowmoore Park, Benoni",ab446fe9,KR Smuts,6,0,0,0,0,
530336,2012-02-29,2011-12,1,WAR,IMPI,"Willowmoore Park, Benoni",eb6d2ef1,AZM Dyili,7,0,0,0,0,
530336,2012-02-29,2011-12,1,WAR,IMPI,"Willowmoore Park, Benoni",9df3a2f4,ACR Birch,8,0,0,0,0,
530336,2012-02-29,2011-12,1,WAR,IMPI,"Willowmoore Park, Benoni",20a941bb,M Ntini,9,0,0,0,0,
530336,2012-02-29,2011-12,1,WAR,IMPI,"Willowmoore Park, Benoni",dec8e038,J Theron,10,0,0,0,0,
530336,2012-02-29,2011-12,1,WAR,IMPI,"Willowmoore Park, Benoni",6a0537aa,N Boje,11,0,0,0,0,
530336,2012-02-29,2011-12,2,IMPI,WAR,"Willowmoore Park, Benoni",cca50cd6,LJ Wright,1,24,14,2,1,caught
530336,2012-02-29,2011-12,2,IMPI,WAR,"Willowmoore Park, Benoni",4ad7fc1b,AP McLaren,2,11,8,1,1,bowled
530336,2012-02-29,2011-12,2,IMPI,WAR,"Willowmoore Park, Benoni",4aad78d3,K Zondo,3,3,6,0,0,bowled
530336,2012-02-29,2011-12,2,IMPI,WAR,"Willowmoore Park, Benoni",59a7fc89,MQ Adams,4,11,11,2,0,bowled
530336,2012-02-29,2011-12,2,IMPI,WAR,"Willowmoore Park, Benoni",4ec07775,RN ten Doeschate,5,23,19,2,1,stumped
530336,2012-02-29,2011-12,2,IMPI,WAR,"Willowmoore Park, Benoni",a386e91b,PD Collingwood,6,28,24,2,1,run out
530336,2012-02-29,2011-12,2,IMPI,WAR,"Willowmoore Park, Benoni",e6c67124,RCC Canning,7,36,25,1,3,not out
530336,2012-02-29,2011-12,2,IMPI,WAR,"Willowmoore Park, Benoni",ffa15667,Q Friend,8,3,4,0,0,bowled
530336,2012-02-29,2011-12,2,IMPI,WAR,"Willowmoore Park, Benoni",d3cc2954,S Simetu,9,3,2,0,0,run out
530336,2012-02-29,2011-12,2,IMPI,WAR,"Willowmoore Park, Benoni",b0b320a0,BM Edmondson,10,2,7,0,0,not out
530336,2012-02-29,2011-12,2,IMPI,WAR,"Willowmoore Park, Benoni",1b05424f,P Matshikwe,11,0,0,0,0,
530339,2012-03-02,2011-12,1,DOL,WAR,"Kingsmead, Durban",73e749e1,LE Bosman,1,13,23,0,0,stumped
530339,2012-03-02,2011-12,1,DOL,WAR,"Kingsmead, Durban",afa78c3a,CS Delport,2,11,11,2,0,caught
530339,2012-03-02,2011-12,1,DOL,WAR,"Kingsmead, Durban",719c5146,I Khan,3,2,6,0,0,bowled
530339,2012-03-02,2011-12,1,DOL,WAR,"Kingsmead, Durban",27ca3a11,C Chetty,4,12,12,1,0,caught
530339,2012-03-02,2011-12,1,DOL,WAR,"Kingsmead, Durban",890b877d,VB van Jaarsveld,5,22,25,1,1,caught
530339,2012-03-02,2011-12,1,DOL,WAR,"Kingsmead, Durban",d67d5f00,DA Miller,6,14,15,1,0,caught and bowled
530339,2012-03-02,2011-12,1,DOL,WAR,"Kingsmead, Durban",4bb02ef1,D Smit,7,7,12,0,0,caught
530339,2012-03-02,2011-12,1,DOL,WAR,"Kingsmead, Durban",8b248d88,R Frylinck,8,10,9,1,0,not out
530339,2012-03-02,2011-12,1,DOL,WAR,"Kingsmead, Durban",a9da7784,KJ Abbott,9,1,3,0,0,caught
530339,2012-03-02,2011-12,1,DOL,WAR,"Kingsmead, Durban",a7c226e1,FH Edwards,10,3,4,0,0,not out
530339,2012-03-02,2011-12,1,DOL,WAR,"Kingsmead, Durban",016e5101,M Shezi,11,0,0,0,0,
530339,2012-03-02,2011-12,2,WAR,DOL,"Kingsmead, Durban",42172c3c,JT Smuts,1,43,39,6,0,not out
530339,2012-03-02,2011-12,2,WAR,DOL,"Kingsmead, Durban",035cb925,AG Prince,2,52,48,6,0,not out
530339,2012-03-02,2011-12,2,WAR,DOL,"Kingsmead, Durban",c995d726,CA Ingram,3,0,0,0,0,
530339,2012-03-02,2011-12,2,WAR,DOL,"Kingsmead, Durban",ab446fe9,KR Smuts,4,0,0,0,0,
530339,2012-03-02,2011-12,2,WAR,DOL,"Kingsmead, Durban",789fd884,CA Thyssen,5,0,0,0,0,
530339,2012-03-02,2011-12,2,WAR,DOL,"Kingsmead, Durban",23638956,SR Harmer,6,0,0,0,0,
530339,2012-03-02,2011-12,2,WAR,DOL,"Kingsmead, Durban",6a0537aa,N Boje,7,0,0,0,0,
530339,2012-03-02,2011-12,2,WAR,DOL,"Kingsmead, Durban",eb6d2ef1,AZM Dyili,8,0,0,0,0,
530339,2012-03-02,2011-12,2,WAR,DOL,"Kingsmead, Durban",dec8e038,J Theron,9,0,0,0,0,
530339,2012-03-02,2011-12,2,WAR,DOL,"Kingsmead, Durban",9df3a2f4,ACR Birch,10,0,0,0,0,
530339,2012-03-02,2011-12,2,WAR,DOL,"Kingsmead, Durban",20a941bb,M Ntini,11,0,0,0,0,
530340,2012-03-02,2011-12,1,TIT,LIONS,"SuperSport Park, Centurion",9c9f8dbc,H Davids,1,1,11,0,0,bowled
530340,2012-03-02,2011-12,1,TIT,LIONS,"SuperSport Park, Centurion",f32d890a,PJ Malan,2,12,16,2,0,caught
530340,2012-03-02,2011-12,1,TIT,LIONS,"SuperSport Park, Centurion",ede05b97,HG Kuhn,3,6,8,0,0,bowled
530340,2012-03-02,2011-12,1,TIT,LIONS,"SuperSport Park, Centurion",f407e354,M van Jaarsveld,4,6,6,1,0,caught
530340,2012-03-02,2011-12,1,TIT,LIONS,"SuperSport Park, Centurion",dce2019b,F Behardien,5,22,23,1,0,caught
530340,2012-03-02,2011-12,1,TIT,LIONS,"SuperSport Park, Centurion",05c2ca46,RE van der Merwe,6,21,19,2,0,caught
530340,2012-03-02,2011-12,1,TIT,LIONS,"SuperSport Park, Centurion",aa8d28ae,D Wiese,7,17,12,0,2,caught
530340,2012-03-02,2011-12,1,TIT,LIONS,"SuperSport Park, Centurion",ad9d8382,CJD de Villiers,8,18,10,2,1,caught
530340,2012-03-02,2011-12,1,TIT,LIONS,"SuperSport Park, Centurion",b552a935,AC Thomas,9,10,8,2,0,bowled
530340,2012-03-02,2011-12,1,TIT,LIONS,"SuperSport Park, Centurion",994d9d36,ER Links,10,1,2,0,0,bowled
530340,2012-03-02,2011-12,1,TIT,LIONS,"SuperSport Park, Centurion",800b52dc,NE Mbhalati,11,0,0,0,0,not out
530340,2012-03-02,2011-12,2,LIONS,TIT,"SuperSport Park, Centurion",a833f99c,JD Vandiar,1,29,25,2,2,caught
530340,2012-03-02,2011-12,2,LIONS,TIT,"SuperSport Park, Centurion",f390904d,GH Bodi,2,1,2,0,0,caught
530340,2012-03-02,2011-12,2,LIONS,TIT,"SuperSport Park, Centurion",372455c4,Q de Kock,3,72,36,7,5,not out
530340,2012-03-02,2011-12,2,LIONS,TIT,"SuperSport Park, Centurion",11614d87,D Pretorius,4,0,1,0,0,caught
530340,2012-03-02,2011-12,2,LIONS,TIT,"SuperSport Park, Centurion",77841dcc,J Symes,5,13,12,0,0,not out
530340,2012-03-02,2011-12,2,LIONS,TIT,"SuperSport Park, Centurion",3b94297b,TL Tsolekile,6,0,0,0,0,
530340,2012-03-02,2011-12,2,LIONS,TIT,"SuperSport Park, Centurion",fb66ce1f,CH Morris,7,0,0,0,0,
530340,2012-03-02,2011-12,2,LIONS,TIT,"SuperSport Park, Centurion",a830c083,ND McKenzie,8,0,0,0,0,
530340,2012-03-02,2011-12,2,LIONS,TIT,"SuperSport Park, Centurion",3bf936e7,E O'Reilly,9,0,0,0,0,
530340,2012-03-02,2011-12,2,LIONS,TIT,"SuperSport Park, Centurion",7f8ecc51,AM Phangiso,10,0,0,0,0,
530340,2012-03-02,2011-12,2,LIONS,TIT,"SuperSport Park, Centurion",c404f58a,DP Nannes,11,0,0,0,0,
530341,2012-03-04,2011-12,1,WPR,TIT,"Newlands, Cape Town",637b6fbd,AG Puttick,1,1,2,0,0,caught
530341,2012-03-04,2011-12,1,WPR,TIT,"Newlands, Cape Town",f4dfcbb4,S van Zyl,2,22,16,5,0,caught
530341,2012-03-04,2011-12,1,WPR,TIT,"Newlands, Cape Town",e1d1b294,HH Gibbs,3,2,8,0,0,bowled
530341,2012-03-04,2011-12,1,WPR,TIT,"Newlands, Cape Town",7bf96684,OA Shah,4,37,41,5,0,caught
530341,2012-03-04,2011-12,1,WPR,TIT,"Newlands, Cape Town",087210b1,DJ Vilas,5,41,35,3,1,caught
530341,2012-03-04,2011-12,1,WPR,TIT,"Newlands, Cape Town",7955eb15,RK Kleinveldt,6,23,16,1,2,not out
530341,2012-03-04,2011-12,1,WPR,TIT,"Newlands, Cape Town",88867cac,AJA Gray,7,3,2,0,0,not out
530341,2012-03-04,2011-12,1,WPR,TIT,"Newlands, Cape Town",f708a0bc,GB Hogg,8,0,0,0,0,
530341,2012-03-04,2011-12,1,WPR,TIT,"Newlands, Cape Town",9fa54c94,MY Vallie,9,0,0,0,0,
530341,2012-03-04,2011-12,1,WPR,TIT,"Newlands, Cape Town",537f5ab2,DL Piedt,10,0,0,0,0,
530341,2012-03-04,2011-12,1,WPR,TIT,"Newlands, Cape Town",d1c94b25,CK Langeveldt,11,0,0,0,0,
530341,2012-03-04,2011-12,2,TIT,WPR,"Newlands, Cape Town",9c9f8dbc,H Davids,1,16,16,2,0,lbw
530341,2012-03-04,2011-12,2,TIT,WPR,"Newlands, Cape Town",f32d890a,PJ Malan,2,48,41,5,1,caught
530341,2012-03-04,2011-12,2,TIT,WPR,"Newlands, Cape Town",ede05b97,HG Kuhn,3,17,27,0,0,bowled
530341,2012-03-04,2011-12,2,TIT,WPR,"Newlands, Cape Town",f407e354,M van Jaarsveld,4,25,14,1,2,caught
530341,2012-03-04,2011-12,2,TIT,WPR,"Newlands, Cape Town",dce2019b,F Behardien,5,29,14,2,2,not out
530341,2012-03-04,2011-12,2,TIT,WPR,"Newlands, Cape Town",aa8d28ae,D Wiese,6,4,4,1,0,not out
530341,2012-03-04,2011-12,2,TIT,WPR,"Newlands, Cape Town",05c2ca46,RE van der Merwe,7,0,0,0,0,
530341,2012-03-04,2011-12,2,TIT,WPR,"Newlands, Cape Town",ad9d8382,CJD de Villiers,8,0,0,0,0,
530341,2012-03-04,2011-12,2,TIT,WPR,"Newlands, Cape Town",b552a935,AC Thomas,9,0,0,0,0,
530341,2012-03-04,2011-12,2,TIT,WPR,"Newlands, Cape Town",994d9d36,ER Links,10,0,0,0,0,
530341,2012-03-04,2011-12,2,TIT,WPR,"Newlands, Cape Town",800b52dc,NE Mbhalati,11,0,0,0,0,
530345,2012-03-07,2011-12,1,KNG,LIONS,"Senwes Park, Potchefstroom",710dd98c,MN van Wyk,1,38,28,4,3,bowled
530345,2012-03-07,2011-12,1,KNG,LIONS,"Senwes Park, Potchefstroom",cad00a4d,RR Rossouw,2,27,15,5,0,bowled
530345,2012-03-07,2011-12,1,KNG,LIONS,"Senwes Park, Potchefstroom",b8cc58c9,RR Hendricks,3,14,11,0,1,caught
530345,2012-03-07,2011-12,1,KNG,LIONS,"Senwes Park, Potchefstroom",c654af19,R McLaren,4,6,6,0,0,caught
530345,2012-03-07,2011-12,1,KNG,LIONS,"Senwes Park, Potchefstroom",93a751e8,RT Bailey,5,2,4,0,0,caught
530345,2012-03-07,2011-12,1,KNG,LIONS,"Senwes Park, Potchefstroom",647a48da,AJ Pienaar,6,1,2,0,0,bowled
530345,2012-03-07,2011-12,1,KNG,LIONS,"Senwes Park, Potchefstroom",5f419ace,WL Coetsee,7,28,25,1,1,not out
530345,2012-03-07,2011-12,1,KNG,LIONS,"Senwes Park, Potchefstroom",6821ac10,JJ van der Wath,8,2,5,0,0,caught
530345,2012-03-07,2011-12,1,KNG,LIONS,"Senwes Park, Potchefstroom",cba5185d,AR Swanepoel,9,6,10,0,0,run out
530345,2012-03-07,2011-12,1,KNG,LIONS,"Senwes Park, Potchefstroom",3ad06915,J Coetzee,10,0,1,0,0,bowled
530345,2012-03-07,2011-12,1,KNG,LIONS,"Senwes Park, Potchefstroom",9d50c7e1,MP Siboto,11,1,1,0,0,not out
530345,2012-03-07,2011-12,2,LIONS,KNG,"Senwes Park, Potchefstroom",a833f99c,JD Vandiar,1,19,19,2,1,caught
530345,2012-03-07,2011-12,2,LIONS,KNG,"Senwes Park, Potchefstroom",f390904d,GH Bodi,2,40,34,6,0,run out
530345,2012-03-07,2011-12,2,LIONS,KNG,"Senwes Park, Potchefstroom",372455c4,Q de Kock,3,3,4,0,0,bowled
530345,2012-03-07,2011-12,2,LIONS,KNG,"Senwes Park, Potchefstroom",a830c083,ND McKenzie,4,5,4,1,0,not out
530345,2012-03-07,2011-12,2,LIONS,KNG,"Senwes Park, Potchefstroom",fb66ce1f,CH Morris,5,21,7,1,2,not out
530345,2012-03-07,2011-12,2,LIONS,KNG,"Senwes Park, Potchefstroom",3b94297b,TL Tsolekile,6,0,0,0,0,
530345,2012-03-07,2011-12,2,LIONS,KNG,"Senwes Park, Potchefstroom",7f8ecc51,AM Phangiso,7,0,0,0,0,
530345,2012-03-07,2011-12,2,LIONS,KNG,"Senwes Park, Potchefstroom",c404f58a,DP Nannes,8,0,0,0,0,
530345,2012-03-07,2011-12,2,LIONS,KNG,"Senwes Park, Potchefstroom",77841dcc,J Symes,9,0,0,0,0,
530345,2012-03-07,2011-12,2,LIONS,KNG,"Senwes Park, Potchefstroom",64d43928,Sohail Tanvir,10,0,0,0,0,
530345,2012-03-07,2011-12,2,LIONS,KNG,"Senwes Park, Potchefstroom",3bf936e7,E O'Reilly,11,0,0,0,0,
530346,2012-03-09,2011-12,1,WPR,LIONS,"Newlands, Cape Town",18c78b11,RE Levi,1,11,13,2,0,caught
530346,2012-03-09,2011-12,1,WPR,LIONS,"Newlands, Cape Town",f4dfcbb4,S van Zyl,2,15,15,0,1,bowled
530346,2012-03-09,2011-12,1,WPR,LIONS,"Newlands, Cape Town",e1d1b294,HH Gibbs,3,10,19,0,0,caught
530346,2012-03-09,2011-12,1,WPR,LIONS,"Newlands, Cape Town",7bf96684,OA Shah,4,79,44,11,2,not out
530346,2012-03-09,2011-12,1,WPR,LIONS,"Newlands, Cape Town",087210b1,DJ Vilas,5,49,31,2,3,not out
530346,2012-03-09,2011-12,1,WPR,LIONS,"Newlands, Cape Town",6581d753,JM Kemp,6,0,0,0,0,
530346,2012-03-09,2011-12,1,WPR,LIONS,"Newlands, Cape Town",88867cac,AJA Gray,7,0,0,0,0,
530346,2012-03-09,2011-12,1,WPR,LIONS,"Newlands, Cape Town",f708a0bc,GB Hogg,8,0,0,0,0,
530346,2012-03-09,2011-12,1,WPR,LIONS,"Newlands, Cape Town",7955eb15,RK Kleinveldt,9,0,0,0,0,
530346,2012-03-09,2011-12,1,WPR,LIONS,"Newlands, Cape Town",537f5ab2,DL Piedt,10,0,0,0,0,
530346,2012-03-09,2011-12,1,WPR,LIONS,"Newlands, Cape Town",d1c94b25,CK Langeveldt,11,0,0,0,0,
530346,2012-03-09,2011-12,2,LIONS,WPR,"Newlands, Cape Town",a833f99c,JD Vandiar,1,59,38,4,3,run out
530346,2012-03-09,2011-12,2,LIONS,WPR,"Newlands, Cape Town",f390904d,GH Bodi,2,12,15,1,0,caught
530346,2012-03-09,2011-12,2,LIONS,WPR,"Newlands, Cape Town",372455c4,Q de Kock,3,34,24,4,1,caught
530346,2012-03-09,2011-12,2,LIONS,WPR,"Newlands, Cape Town",11614d87,D Pretorius,4,3,5,0,0,lbw
530346,2012-03-09,2011-12,2,LIONS,WPR,"Newlands, Cape Town",77841dcc,J Symes,5,10,10,1,0,caught
530346,2012-03-09,2011-12,2,LIONS,WPR,"Newlands, Cape Town",a830c083,ND McKenzie,6,1,2,0,0,lbw
530346,2012-03-09,2011-12,2,LIONS,WPR,"Newlands, Cape Town",3b94297b,TL Tsolekile,7,17,12,1,0,not out
530346,2012-03-09,2011-12,2,LIONS,WPR,"Newlands, Cape Town",fb66ce1f,CH Morris,8,32,15,5,0,not out
530346,2012-03-09,2011-12,2,LIONS,WPR,"Newlands, Cape Town",7f8ecc51,AM Phangiso,9,0,0,0,0,
530346,2012-03-09,2011-12,2,LIONS,WPR,"Newlands, Cape Town",c404f58a,DP Nannes,10,0,0,0,0,
530346,2012-03-09,2011-12,2,LIONS,WPR,"Newlands, Cape Town",64d43928,Sohail Tanvir,11,0,0,0,0,
530349,2012-03-11,2011-12,1,KNG,WPR,"Boland Park, Paarl",710dd98c,MN van Wyk,1,31,25,3,0,bowled
530349,2012-03-11,2011-12,1,KNG,WPR,"Boland Park, Paarl",cad00a4d,RR Rossouw,2,10,6,1,0,caught
530349,2012-03-11,2011-12,1,KNG,WPR,"Boland Park, Paarl",647a48da,AJ Pienaar,3,22,11,1,2,bowled
530349,2012-03-11,2011-12,1,KNG,WPR,"Boland Park, Paarl",b8cc58c9,RR Hendricks,4,31,29,1,1,caught
530349,2012-03-11,2011-12,1,KNG,WPR,"Boland Park, Paarl",93a751e8,RT Bailey,5,3,4,0,0,run out
530349,2012-03-11,2011-12,1,KNG,WPR,"Boland Park, Paarl",c654af19,R McLaren,6,21,25,0,1,caught
530349,2012-03-11,2011-12,1,KNG,WPR,"Boland Park, Paarl",5f419ace,WL Coetsee,7,23,13,2,1,not out
530349,2012-03-11,2011-12,1,KNG,WPR,"Boland Park, Paarl",d7a57f75,D du Preez,8,6,6,0,0,caught
530349,2012-03-11,2011-12,1,KNG,WPR,"Boland Park, Paarl",cba5185d,AR Swanepoel,9,3,2,0,0,not out
530349,2012-03-11,2011-12,1,KNG,WPR,"Boland Park, Paarl",3ad06915,J Coetzee,10,0,0,0,0,
530349,2012-03-11,2011-12,1,KNG,WPR,"Boland Park, Paarl",9d50c7e1,MP Siboto,11,0,0,0,0,
530349,2012-03-11,2011-12,2,WPR,KNG,"Boland Park, Paarl",18c78b11,RE Levi,1,61,32,5,4,caught
530349,2012-03-11,2011-12,2,WPR,KNG,"Boland Park, Paarl",f4dfcbb4,S van Zyl,2,28,18,3,1,caught
530349,2012-03-11,2011-12,2,WPR,KNG,"Boland Park, Paarl",e1d1b294,HH Gibbs,3,4,5,0,0,caught
530349,2012-03-11,2011-12,2,WPR,KNG,"Boland Park, Paarl",7bf96684,OA Shah,4,4,10,0,0,caught
530349,2012-03-11,2011-12,2,WPR,KNG,"Boland Park, Paarl",087210b1,DJ Vilas,5,34,27,1,2,not out
530349,2012-03-11,2011-12,2,WPR,KNG,"Boland Park, Paarl",6581d753,JM Kemp,6,22,21,1,1,not out
530349,2012-03-11,2011-12,2,WPR,KNG,"Boland Park, Paarl",88867cac,AJA Gray,7,0,0,0,0,
530349,2012-03-11,2011-12,2,WPR,KNG,"Boland Park, Paarl",f708a0bc,GB Hogg,8,0,0,0,0,
530349,2012-03-11,2011-12,2,WPR,KNG,"Boland Park, Paarl",7955eb15,RK Kleinveldt,9,0,0,0,0,
530349,2012-03-11,2011-12,2,WPR,KNG,"Boland Park, Paarl",537f5ab2,DL Piedt,10,0,0,0,0,
530349,2012-03-11,2011-12,2,WPR,KNG,"Boland Park, Paarl",d1c94b25,CK Langeveldt,11,0,0,0,0,
530351,2012-03-11,2011-12,1,LIONS,TIT,"New Wanderers Stadium, Johannesburg",a833f99c,JD Vandiar,1,17,12,2,1,caught
530351,2012-03-11,2011-12,1,LIONS,TIT,"New Wanderers Stadium, Johannesburg",f390904d,GH Bodi,2,4,12,0,0,run out
530351,2012-03-11,2011-12,1,LIONS,TIT,"New Wanderers Stadium, Johannesburg",372455c4,Q de Kock,3,40,23,0,4,caught
530351,2012-03-11,2011-12,1,LIONS,TIT,"New Wanderers Stadium, Johannesburg",a830c083,ND McKenzie,4,48,36,8,0,bowled
530351,2012-03-11,2011-12,1,LIONS,TIT,"New Wanderers Stadium, Johannesburg",11614d87,D Pretorius,5,4,2,1,0,bowled
530351,2012-03-11,2011-12,1,LIONS,TIT,"New Wanderers Stadium, Johannesburg",77841dcc,J Symes,6,32,22,2,2,not out
530351,2012-03-11,2011-12,1,LIONS,TIT,"New Wanderers Stadium, Johannesburg",fb66ce1f,CH Morris,7,8,5,0,1,bowled
530351,2012-03-11,2011-12,1,LIONS,TIT,"New Wanderers Stadium, Johannesburg",3b94297b,TL Tsolekile,8,4,5,0,0,bowled
530351,2012-03-11,2011-12,1,LIONS,TIT,"New Wanderers Stadium, Johannesburg",64d43928,Sohail Tanvir,9,2,3,0,0,not out
530351,2012-03-11,2011-12,1,LIONS,TIT,"New Wanderers Stadium, Johannesburg",c404f58a,DP Nannes,10,0,0,0,0,
530351,2012-03-11,2011-12,1,LIONS,TIT,"New Wanderers Stadium, Johannesburg",7f8ecc51,AM Phangiso,11,0,0,0,0,
530351,2012-03-11,2011-12,2,TIT,LIONS,"New Wanderers Stadium, Johannesburg",9c9f8dbc,H Davids,1,4,7,0,0,caught
530351,2012-03-11,2011-12,2,TIT,LIONS,"New Wanderers Stadium, Johannesburg",ede05b97,HG Kuhn,2,19,15,4,0,caught
530351,2012-03-11,2011-12,2,TIT,LIONS,"New Wanderers Stadium, Johannesburg",3355b542,F du Plessis,3,20,23,1,0,caught
530351,2012-03-11,2011-12,2,TIT,LIONS,"New Wanderers Stadium, Johannesburg",f407e354,M van Jaarsveld,4,18,15,2,0,caught and bowled
530351,2012-03-11,2011-12,2,TIT,LIONS,"New Wanderers Stadium, Johannesburg",c3d35165,JA Morkel,5,5,6,0,0,caught
530351,2012-03-11,2011-12,2,TIT,LIONS,"New Wanderers Stadium, Johannesburg",dce2019b,F Behardien,6,48,26,2,4,caught
530351,2012-03-11,2011-12,2,TIT,LIONS,"New Wanderers Stadium, Johannesburg",05c2ca46,RE van der Merwe,7,9,9,1,0,bowled
530351,2012-03-11,2011-12,2,TIT,LIONS,"New Wanderers Stadium, Johannesburg",aa8d28ae,D Wiese,8,4,4,1,0,bowled
530351,2012-03-11,2011-12,2,TIT,LIONS,"New Wanderers Stadium, Johannesburg",b552a935,AC Thomas,9,3,6,0,0,caught
530351,2012-03-11,2011-12,2,TIT,LIONS,"New Wanderers Stadium, Johannesburg",994d9d36,ER Links,10,3,3,0,0,not out
530351,2012-03-11,2011-12,2,TIT,LIONS,"New Wanderers Stadium, Johannesburg",800b52dc,NE Mbhalati,11,8,6,1,0,not out
530352,2012-03-14,2011-12,1,KNG,DOL,"Kingsmead, Durban",710dd98c,MN van Wyk,1,58,53,3,2,caught
530352,2012-03-14,2011-12,1,KNG,DOL,"Kingsmead, Durban",cad00a4d,RR Rossouw,2,17,13,4,0,caught
530352,2012-03-14,2011-12,1,KNG,DOL,"Kingsmead, Durban",b8cc58c9,RR Hendricks,3,11,11,0,1,caught
530352,2012-03-14,2011-12,1,KNG,DOL,"Kingsmead, Durban",93a751e8,RT Bailey,4,2,4,0,0,caught
530352,2012-03-14,2011-12,1,KNG,DOL,"Kingsmead, Durban",647a48da,AJ Pienaar,5,5,9,0,0,caught
530352,2012-03-14,2011-12,1,KNG,DOL,"Kingsmead, Durban",5f419ace,WL Coetsee,6,6,10,0,0,caught
530352,2012-03-14,2011-12,1,KNG,DOL,"Kingsmead, Durban",c654af19,R McLaren,7,8,10,0,0,bowled
530352,2012-03-14,2011-12,1,KNG,DOL,"Kingsmead, Durban",6821ac10,JJ van der Wath,8,6,5,1,0,run out
530352,2012-03-14,2011-12,1,KNG,DOL,"Kingsmead, Durban",cba5185d,AR Swanepoel,9,4,2,1,0,caught
530352,2012-03-14,2011-12,1,KNG,DOL,"Kingsmead, Durban",3ad06915,J Coetzee,10,1,1,0,0,not out
530352,2012-03-14,2011-12,1,KNG,DOL,"Kingsmead, Durban",9d50c7e1,MP Siboto,11,3,2,0,0,not out
530352,2012-03-14,2011-12,2,DOL,KNG,"Kingsmead, Durban",719c5146,I Khan,1,14,20,1,0,stumped
530352,2012-03-14,2011-12,2,DOL,KNG,"Kingsmead, Durban",73e749e1,LE Bosman,2,5,11,0,0,caught
530352,2012-03-14,2011-12,2,DOL,KNG,"Kingsmead, Durban",afa78c3a,CS Delport,3,36,32,3,2,bowled
530352,2012-03-14,2011-12,2,DOL,KNG,"Kingsmead, Durban",27ca3a11,C Chetty,4,5,11,0,0,bowled
530352,2012-03-14,2011-12,2,DOL,KNG,"Kingsmead, Durban",4bb02ef1,D Smit,5,9,8,1,0,not out
530352,2012-03-14,2011-12,2,DOL,KNG,"Kingsmead, Durban",890b877d,VB van Jaarsveld,6,1,1,0,0,not out
530352,2012-03-14,2011-12,2,DOL,KNG,"Kingsmead, Durban",d67d5f00,DA Miller,7,0,0,0,0,
530352,2012-03-14,2011-12,2,DOL,KNG,"Kingsmead, Durban",8b248d88,R Frylinck,8,0,0,0,0,
530352,2012-03-14,2011-12,2,DOL,KNG,"Kingsmead, Durban",a9da7784,KJ Abbott,9,0,0,0,0,
530352,2012-03-14,2011-12,2,DOL,KNG,"Kingsmead, Durban",a7c226e1,FH Edwards,10,0,0,0,0,
530352,2012-03-14,2011-12,2,DOL,KNG,"Kingsmead, Durban",7ec9711d,P Subrayen,11,0,0,0,0,
530353,2012-03-14,2011-12,1,LIONS,WAR,"New Wanderers Stadium, Johannesburg",a833f99c,JD Vandiar,1,1,6,0,0,caught
530353,2012-03-14,2011-12,1,LIONS,WAR,"New Wanderers Stadium, Johannesburg",f390904d,GH Bodi,2,90,51,7,5,caught
530353,2012-03-14,2011-12,1,LIONS,WAR,"New Wanderers Stadium, Johannesburg",372455c4,Q de Kock,3,46,26,6,2,lbw
530353,2012-03-14,2011-12,1,LIONS,WAR,"New Wanderers Stadium, Johannesburg",11614d87,D Pretorius,4,0,0,0,0,run out
530353,2012-03-14,2011-12,1,LIONS,WAR,"New Wanderers Stadium, Johannesburg",a830c083,ND McKenzie,5,37,29,3,1,bowled
530353,2012-03-14,2011-12,1,LIONS,WAR,"New Wanderers Stadium, Johannesburg",fb66ce1f,CH Morris,6,0,2,0,0,caught
530353,2012-03-14,2011-12,1,LIONS,WAR,"New Wanderers Stadium, Johannesburg",77841dcc,J Symes,7,8,4,1,0,not out
530353,2012-03-14,2011-12,1,LIONS,WAR,"New Wanderers Stadium, Johannesburg",3b94297b,TL Tsolekile,8,6,3,1,0,not out
530353,2012-03-14,2011-12,1,LIONS,WAR,"New Wanderers Stadium, Johannesburg",64d43928,Sohail Tanvir,9,0,0,0,0,
530353,2012-03-14,2011-12,1,LIONS,WAR,"New Wanderers Stadium, Johannesburg",7f8ecc51,AM Phangiso,10,0,0,0,0,
530353,2012-03-14,2011-12,1,LIONS,WAR,"New Wanderers Stadium, Johannesburg",c404f58a,DP Nannes,11,0,0,0,0,
530353,2012-03-14,2011-12,2,WAR,LIONS,"New Wanderers Stadium, Johannesburg",42172c3c,JT Smuts,1,1,5,0,0,bowled
530353,2012-03-14,2011-12,2,WAR,LIONS,"New Wanderers Stadium, Johannesburg",035cb925,AG Prince,2,4,10,0,0,bowled
530353,2012-03-14,2011-12,2,WAR,LIONS,"New Wanderers Stadium, Johannesburg",c995d726,CA Ingram,3,8,7,2,0,caught
530353,2012-03-14,2011-12,2,WAR,LIONS,"New Wanderers Stadium, Johannesburg",7c503806,J Botha,4,15,23,0,0,bowled
530353,2012-03-14,2011-12,2,WAR,LIONS,"New Wanderers Stadium, Johannesburg",ab446fe9,KR Smuts,5,5,5,1,0,bowled
530353,2012-03-14,2011-12,2,WAR,LIONS,"New Wanderers Stadium, Johannesburg",789fd884,CA Thyssen,6,2,6,0,0,bowled
530353,2012-03-14,2011-12,2,WAR,LIONS,"New Wanderers Stadium, Johannesburg",3a60e0b5,WD Parnell,7,9,4,2,0,caught and bowled
530353,2012-03-14,2011-12,2,WAR,LIONS,"New Wanderers Stadium, Johannesburg",6a0537aa,N Boje,8,10,7,0,1,bowled
530353,2012-03-14,2011-12,2,WAR,LIONS,"New Wanderers Stadium, Johannesburg",eb6d2ef1,AZM Dyili,9,15,12,2,0,not out
530353,2012-03-14,2011-12,2,WAR,LIONS,"New Wanderers Stadium, Johannesburg",dec8e038,J Theron,10,1,3,0,0,bowled
530353,2012-03-14,2011-12,2,WAR,LIONS,"New Wanderers Stadium, Johannesburg",20a941bb,M Ntini,11,1,4,0,0,caught
530354,2012-03-14,2011-12,1,IMPI,TIT,"SuperSport Park, Centurion",4aad78d3,K Zondo,1,9,17,1,0,caught
530354,2012-03-14,2011-12,1,IMPI,TIT,"SuperSport Park, Centurion",cca50cd6,LJ Wright,2,25,19,3,1,bowled
530354,2012-03-14,2011-12,1,IMPI,TIT,"SuperSport Park, Centurion",4ec07775,RN ten Doeschate,3,39,40,3,2,caught
530354,2012-03-14,2011-12,1,IMPI,TIT,"SuperSport Park, Centurion",a386e91b,PD Collingwood,4,29,22,1,2,bowled
530354,2012-03-14,2011-12,1,IMPI,TIT,"SuperSport Park, Centurion",4f421623,JP Kreusch,5,0,2,0,0,caught
530354,2012-03-14,2011-12,1,IMPI,TIT,"SuperSport Park, Centurion",8836fcac,M Mosehle,6,4,6,0,0,caught
530354,2012-03-14,2011-12,1,IMPI,TIT,"SuperSport Park, Centurion",e6c67124,RCC Canning,7,15,12,2,0,not out
530354,2012-03-14,2011-12,1,IMPI,TIT,"SuperSport Park, Centurion",26d9937d,CJ Alexander,8,2,2,0,0,not out
530354,2012-03-14,2011-12,1,IMPI,TIT,"SuperSport Park, Centurion",ffa15667,Q Friend,9,0,0,0,0,
530354,2012-03-14,2011-12,1,IMPI,TIT,"SuperSport Park, Centurion",d3cc2954,S Simetu,10,0,0,0,0,
530354,2012-03-14,2011-12,1,IMPI,TIT,"SuperSport Park, Centurion",b0b320a0,BM Edmondson,11,0,0,0,0,
530354,2012-03-14,2011-12,2,TIT,IMPI,"SuperSport Park, Centurion",9c9f8dbc,H Davids,1,39,44,1,2,bowled
530354,2012-03-14,2011-12,2,TIT,IMPI,"SuperSport Park, Centurion",ede05b97,HG Kuhn,2,22,11,3,1,caught and bowled
530354,2012-03-14,2011-12,2,TIT,IMPI,"SuperSport Park, Centurion",05c2ca46,RE van der Merwe,3,25,20,1,2,caught
530354,2012-03-14,2011-12,2,TIT,IMPI,"SuperSport Park, Centurion",f407e354,M van Jaarsveld,4,35,13,2,3,not out
530354,2012-03-14,2011-12,2,TIT,IMPI,"SuperSport Park, Centurion",aa8d28ae,D Wiese,5,1,2,0,0,caught
530354,2012-03-14,2011-12,2,TIT,IMPI,"SuperSport Park, Centurion",dce2019b,F Behardien,6,0,0,0,0,not out
530354,2012-03-14,2011-12,2,TIT,IMPI,"SuperSport Park, Centurion",3355b542,F du Plessis,7,0,0,0,0,
530354,2012-03-14,2011-12,2,TIT,IMPI,"SuperSport Park, Centurion",c3d35165,JA Morkel,8,0,0,0,0,
530354,2012-03-14,2011-12,2,TIT,IMPI,"SuperSport Park, Centurion",b552a935,AC Thomas,9,0,0,0,0,
530354,2012-03-14,2011-12,2,TIT,IMPI,"SuperSport Park, Centurion",994d9d36,ER Links,10,0,0,0,0,
530354,2012-03-14,2011-12,2,TIT,IMPI,"SuperSport Park, Centurion",800b52dc,NE Mbhalati,11,0,0,0,0,
530355,2012-03-16,2011-12,1,WAR,WPR,"Newlands, Cape Town",42172c3c,JT Smuts,1,35,30,3,0,bowled
530355,2012-03-16,2011-12,1,WAR,WPR,"Newlands, Cape Town",035cb925,AG Prince,2,18,20,1,0,bowled
530355,2012-03-16,2011-12,1,WAR,WPR,"Newlands, Cape Town",c995d726,CA Ingram,3,13,12,1,0,bowled
530355,2012-03-16,2011-12,1,WAR,WPR,"Newlands, Cape Town",7c503806,J Botha,4,38,26,3,1,not out
530355,2012-03-16,2011-12,1,WAR,WPR,"Newlands, Cape Town",ab446fe9,KR Smuts,5,19,20,1,0,lbw
530355,2012-03-16,2011-12,1,WAR,WPR,"Newlands, Cape Town",789fd884,CA Thyssen,6,0,2,0,0,bowled
530355,2012-03-16,2011-12,1,WAR,WPR,"Newlands, Cape Town",3a60e0b5,WD Parnell,7,23,12,0,2,stumped
530355,2012-03-16,2011-12,1,WAR,WPR,"Newlands, Cape Town",eb6d2ef1,AZM Dyili,8,0,0,0,0,
530355,2012-03-16,2011-12,1,WAR,WPR,"Newlands, Cape Town",9df3a2f4,ACR Birch,9,0,0,0,0,
530355,2012-03-16,2011-12,1,WAR,WPR,"Newlands, Cape Town",dec8e038,J Theron,10,0,0,0,0,
530355,2012-03-16,2011-12,1,WAR,WPR,"Newlands, Cape Town",20a941bb,M Ntini,11,0,0,0,0,
530355,2012-03-16,2011-12,2,WPR,WAR,"Newlands, Cape Town",18c78b11,RE Levi,1,15,11,1,1,caught
530355,2012-03-16,2011-12,2,WPR,WAR,"Newlands, Cape Town",f4dfcbb4,S van Zyl,2,15,15,3,0,bowled
530355,2012-03-16,2011-12,2,WPR,WAR,"Newlands, Cape Town",087210b1,DJ Vilas,3,12,12,0,1,lbw
530355,2012-03-16,2011-12,2,WPR,WAR,"Newlands, Cape Town",7bf96684,OA Shah,4,13,13,2,0,caught
530355,2012-03-16,2011-12,2,WPR,WAR,"Newlands, Cape Town",55f33b32,JL Ontong,5,23,23,0,1,caught
530355,2012-03-16,2011-12,2,WPR,WAR,"Newlands, Cape Town",6581d753,JM Kemp,6,3,10,0,0,caught
530355,2012-03-16,2011-12,2,WPR,WAR,"Newlands, Cape Town",88867cac,AJA Gray,7,12,16,1,0,caught
530355,2012-03-16,2011-12,2,WPR,WAR,"Newlands, Cape Town",f708a0bc,GB Hogg,8,1,5,0,0,caught
530355,2012-03-16,2011-12,2,WPR,WAR,"Newlands, Cape Town",537f5ab2,DL Piedt,9,4,5,0,0,not out
530355,2012-03-16,2011-12,2,WPR,WAR,"Newlands, Cape Town",f277f531,FD Adams,10,0,1,0,0,bowled
530355,2012-03-16,2011-12,2,WPR,WAR,"Newlands, Cape Town",b56dc5f7,BE Hendricks,11,1,4,0,0,stumped
530356,2012-03-16,2011-12,1,IMPI,KNG,"De Beers Diamond Oval, Kimberley",cca50cd6,LJ Wright,1,75,39,12,2,caught
530356,2012-03-16,2011-12,1,IMPI,KNG,"De Beers Diamond Oval, Kimberley",e6c67124,RCC Canning,2,36,24,3,1,caught
530356,2012-03-16,2011-12,1,IMPI,KNG,"De Beers Diamond Oval, Kimberley",4ec07775,RN ten Doeschate,3,1,4,0,0,caught
530356,2012-03-16,2011-12,1,IMPI,KNG,"De Beers Diamond Oval, Kimberley",a386e91b,PD Collingwood,4,18,13,0,1,caught
530356,2012-03-16,2011-12,1,IMPI,KNG,"De Beers Diamond Oval, Kimberley",4f421623,JP Kreusch,5,12,9,0,1,caught
530356,2012-03-16,2011-12,1,IMPI,KNG,"De Beers Diamond Oval, Kimberley",4025c262,PJ van Biljon,6,13,15,0,0,caught
530356,2012-03-16,2011-12,1,IMPI,KNG,"De Beers Diamond Oval, Kimberley",8836fcac,M Mosehle,7,9,6,1,0,caught
530356,2012-03-16,2011-12,1,IMPI,KNG,"De Beers Diamond Oval, Kimberley",4aad78d3,K Zondo,8,1,2,0,0,caught
530356,2012-03-16,2011-12,1,IMPI,KNG,"De Beers Diamond Oval, Kimberley",d3cc2954,S Simetu,9,4,6,0,0,caught
530356,2012-03-16,2011-12,1,IMPI,KNG,"De Beers Diamond Oval, Kimberley",b0b320a0,BM Edmondson,10,3,2,0,0,not out
530356,2012-03-16,2011-12,1,IMPI,KNG,"De Beers Diamond Oval, Kimberley",1b05424f,P Matshikwe,11,0,0,0,0,not out
530356,2012-03-16,2011-12,2,KNG,IMPI,"De Beers Diamond Oval, Kimberley",cad00a4d,RR Rossouw,1,42,25,6,1,caught
530356,2012-03-16,2011-12,2,KNG,IMPI,"De Beers Diamond Oval, Kimberley",710dd98c,MN van Wyk,2,34,33,2,1,caught
530356,2012-03-16,2011-12,2,KNG,IMPI,"De Beers Diamond Oval, Kimberley",b8cc58c9,RR Hendricks,3,12,5,0,1,bowled
530356,2012-03-16,2011-12,2,KNG,IMPI,"De Beers Diamond Oval, Kimberley",93a751e8,RT Bailey,4,31,24,1,1,caught
530356,2012-03-16,2011-12,2,KNG,IMPI,"De Beers Diamond Oval, Kimberley",6821ac10,JJ van der Wath,5,9,6,0,1,caught
530356,2012-03-16,2011-12,2,KNG,IMPI,"De Beers Diamond Oval, Kimberley",33085ffb,D Elgar,6,13,6,2,0,not out
530356,2012-03-16,2011-12,2,KNG,IMPI,"De Beers Diamond Oval, Kimberley",5f419ace,WL Coetsee,7,9,4,0,1,not out
530356,2012-03-16,2011-12,2,KNG,IMPI,"De Beers Diamond Oval, Kimberley",c654af19,R McLaren,8,0,0,0,0,
530356,2012-03-16,2011-12,2,KNG,IMPI,"De Beers Diamond Oval, Kimberley",cba5185d,AR Swanepoel,9,0,0,0,0,
530356,2012-03-16,2011-12,2,KNG,IMPI,"De Beers Diamond Oval, Kimberley",3ad06915,J Coetzee,10,0,0,0,0,
530356,2012-03-16,2011-12,2,KNG,IMPI,"De Beers Diamond Oval, Kimberley",9d50c7e1,MP Siboto,11,0,0,0,0,
530357,2012-03-16,2011-12,1,LIONS,DOL,"New Wanderers Stadium, Johannesburg",a833f99c,JD Vandiar,1,6,12,1,0,caught
530357,2012-03-16,2011-12,1,LIONS,DOL,"New Wanderers Stadium, Johannesburg",f390904d,GH Bodi,2,10,19,1,0,not out
530357,2012-03-16,2011-12,1,LIONS,DOL,"New Wanderers Stadium, Johannesburg",372455c4,Q de Kock,3,2,5,0,0,caught
530357,2012-03-16,2011-12,1,LIONS,DOL,"New Wanderers Stadium, Johannesburg",a830c083,ND McKenzie,4,0,0,0,0,not out
530357,2012-03-16,2011-12,1,LIONS,DOL,"New Wanderers Stadium, Johannesburg",77841dcc,J Symes,5,0,0,0,0,
530357,2012-03-16,2011-12,1,LIONS,DOL,"New Wanderers Stadium, Johannesburg",fb66ce1f,CH Morris,6,0,0,0,0,
530357,2012-03-16,2011-12,1,LIONS,DOL,"New Wanderers Stadium, Johannesburg",3b94297b,TL Tsolekile,7,0,0,0,0,
530357,2012-03-16,2011-12,1,LIONS,DOL,"New Wanderers Stadium, Johannesburg",11614d87,D Pretorius,8,0,0,0,0,
530357,2012-03-16,2011-12,1,LIONS,DOL,"New Wanderers Stadium, Johannesburg",7f8ecc51,AM Phangiso,9,0,0,0,0,
530357,2012-03-16,2011-12,1,LIONS,DOL,"New Wanderers Stadium, Johannesburg",c404f58a,DP Nannes,10,0,0,0,0,
530357,2012-03-16,2011-12,1,LIONS,DOL,"New Wanderers Stadium, Johannesburg",64d43928,Sohail Tanvir,11,0,0,0,0,
530358,2012-03-18,2011-12,1,WAR,KNG,"De Beers Diamond Oval, Kimberley",42172c3c,JT Smuts,1,15,15,2,0,caught
530358,2012-03-18,2011-12,1,WAR,KNG,"De Beers Diamond Oval, Kimberley",035cb925,AG Prince,2,10,11,0,1,caught
530358,2012-03-18,2011-12,1,WAR,KNG,"De Beers Diamond Oval, Kimberley",c995d726,CA Ingram,3,5,6,1,0,run out
530358,2012-03-18,2011-12,1,WAR,KNG,"De Beers Diamond Oval, Kimberley",a84468fe,DJ Jacobs,4,46,36,2,1,bowled
530358,2012-03-18,2011-12,1,WAR,KNG,"De Beers Diamond Oval, Kimberley",7c503806,J Botha,5,41,38,1,1,caught
530358,2012-03-18,2011-12,1,WAR,KNG,"De Beers Diamond Oval, Kimberley",3a60e0b5,WD Parnell,6,19,9,1,2,caught
530358,2012-03-18,2011-12,1,WAR,KNG,"De Beers Diamond Oval, Kimberley",789fd884,CA Thyssen,7,5,5,0,0,not out
530358,2012-03-18,2011-12,1,WAR,KNG,"De Beers Diamond Oval, Kimberley",eb6d2ef1,AZM Dyili,8,0,0,0,0,not out
530358,2012-03-18,2011-12,1,WAR,KNG,"De Beers Diamond Oval, Kimberley",dec8e038,J Theron,9,0,0,0,0,
530358,2012-03-18,2011-12,1,WAR,KNG,"De Beers Diamond Oval, Kimberley",9df3a2f4,ACR Birch,10,0,0,0,0,
530358,2012-03-18,2011-12,1,WAR,KNG,"De Beers Diamond Oval, Kimberley",20a941bb,M Ntini,11,0,0,0,0,
530358,2012-03-18,2011-12,2,KNG,WAR,"De Beers Diamond Oval, Kimberley",710dd98c,MN van Wyk,1,37,26,3,1,caught
530358,2012-03-18,2011-12,2,KNG,WAR,"De Beers Diamond Oval, Kimberley",cad00a4d,RR Rossouw,2,9,10,2,0,caught
530358,2012-03-18,2011-12,2,KNG,WAR,"De Beers Diamond Oval, Kimberley",b8cc58c9,RR Hendricks,3,48,43,4,1,caught
530358,2012-03-18,2011-12,2,KNG,WAR,"De Beers Diamond Oval, Kimberley",33085ffb,D Elgar,4,33,31,1,1,not out
530358,2012-03-18,2011-12,2,KNG,WAR,"De Beers Diamond Oval, Kimberley",93a751e8,RT Bailey,5,10,7,1,0,not out
530358,2012-03-18,2011-12,2,KNG,WAR,"De Beers Diamond Oval, Kimberley",6821ac10,JJ van der Wath,6,0,0,0,0,
530358,2012-03-18,2011-12,2,KNG,WAR,"De Beers Diamond Oval, Kimberley",5f419ace,WL Coetsee,7,0,0,0,0,
530358,2012-03-18,2011-12,2,KNG,WAR,"De Beers Diamond Oval, Kimberley",c654af19,R McLaren,8,0,0,0,0,
530358,2012-03-18,2011-12,2,KNG,WAR,"De Beers Diamond Oval, Kimberley",cba5185d,AR Swanepoel,9,0,0,0,0,
530358,2012-03-18,2011-12,2,KNG,WAR,"De Beers Diamond Oval, Kimberley",3ad06915,J Coetzee,10,0,0,0,0,
530358,2012-03-18,2011-12,2,KNG,WAR,"De Beers Diamond Oval, Kimberley",9d50c7e1,MP Siboto,11,0,0,0,0,
530359,2012-03-18,2011-12,1,WPR,TIT,"SuperSport Park, Centurion",18c78b11,RE Levi,1,25,13,2,2,caught
530359,2012-03-18,2011-12,1,WPR,TIT,"SuperSport Park, Centurion",f4dfcbb4,S van Zyl,2,33,39,2,0,bowled
530359,2012-03-18,2011-12,1,WPR,TIT,"SuperSport Park, Centurion",9fa54c94,MY Vallie,3,6,8,1,0,bowled
530359,2012-03-18,2011-12,1,WPR,TIT,"SuperSport Park, Centurion",7bf96684,OA Shah,4,12,12,0,1,caught
530359,2012-03-18,2011-12,1,WPR,TIT,"SuperSport Park, Centurion",087210b1,DJ Vilas,5,48,28,4,2,not out
530359,2012-03-18,2011-12,1,WPR,TIT,"SuperSport Park, Centurion",55f33b32,JL Ontong,6,0,2,0,0,caught
530359,2012-03-18,2011-12,1,WPR,TIT,"SuperSport Park, Centurion",6581d753,JM Kemp,7,24,18,0,2,caught and bowled
530359,2012-03-18,2011-12,1,WPR,TIT,"SuperSport Park, Centurion",88867cac,AJA Gray,8,2,1,0,0,not out
530359,2012-03-18,2011-12,1,WPR,TIT,"SuperSport Park, Centurion",537f5ab2,DL Piedt,9,0,0,0,0,
530359,2012-03-18,2011-12,1,WPR,TIT,"SuperSport Park, Centurion",b56dc5f7,BE Hendricks,10,0,0,0,0,
530359,2012-03-18,2011-12,1,WPR,TIT,"SuperSport Park, Centurion",f708a0bc,GB Hogg,11,0,0,0,0,
530359,2012-03-18,2011-12,2,TIT,WPR,"SuperSport Park, Centurion",9c9f8dbc,H Davids,1,24,18,1,2,bowled
530359,2012-03-18,2011-12,2,TIT,WPR,"SuperSport Park, Centurion",ede05b97,HG Kuhn,2,25,26,4,0,caught
530359,2012-03-18,2011-12,2,TIT,WPR,"SuperSport Park, Centurion",05c2ca46,RE van der Merwe,3,18,13,3,0,caught
530359,2012-03-18,2011-12,2,TIT,WPR,"SuperSport Park, Centurion",3355b542,F du Plessis,4,38,27,1,3,not out
530359,2012-03-18,2011-12,2,TIT,WPR,"SuperSport Park, Centurion",f407e354,M van Jaarsveld,5,24,18,4,0,stumped
530359,2012-03-18,2011-12,2,TIT,WPR,"SuperSport Park, Centurion",dce2019b,F Behardien,6,12,10,0,1,not out
530359,2012-03-18,2011-12,2,TIT,WPR,"SuperSport Park, Centurion",c3d35165,JA Morkel,7,0,0,0,0,
530359,2012-03-18,2011-12,2,TIT,WPR,"SuperSport Park, Centurion",aa8d28ae,D Wiese,8,0,0,0,0,
530359,2012-03-18,2011-12,2,TIT,WPR,"SuperSport Park, Centurion",b552a935,AC Thomas,9,0,0,0,0,
530359,2012-03-18,2011-12,2,TIT,WPR,"SuperSport Park, Centurion",994d9d36,ER Links,10,0,0,0,0,
530359,2012-03-18,2011-12,2,TIT,WPR,"SuperSport Park, Centurion",800b52dc,NE Mbhalati,11,0,0,0,0,
530361,2012-03-21,2011-12,1,IMPI,LIONS,"Willowmoore Park, Benoni",cca50cd6,LJ Wright,1,45,28,9,0,caught
530361,2012-03-21,2011-12,1,IMPI,LIONS,"Willowmoore Park, Benoni",e6c67124,RCC Canning,2,10,7,2,0,bowled
530361,2012-03-21,2011-12,1,IMPI,LIONS,"Willowmoore Park, Benoni",4ec07775,RN ten Doeschate,3,4,8,0,0,caught
530361,2012-03-21,2011-12,1,IMPI,LIONS,"Willowmoore Park, Benoni",a386e91b,PD Collingwood,4,16,12,0,1,not out
530361,2012-03-21,2011-12,1,IMPI,LIONS,"Willowmoore Park, Benoni",8836fcac,M Mosehle,5,3,8,0,0,caught
530361,2012-03-21,2011-12,1,IMPI,LIONS,"Willowmoore Park, Benoni",4025c262,PJ van Biljon,6,1,3,0,0,not out
530361,2012-03-21,2011-12,1,IMPI,LIONS,"Willowmoore Park, Benoni",eba6ea28,BJ Pelser,7,0,0,0,0,
530361,2012-03-21,2011-12,1,IMPI,LIONS,"Willowmoore Park, Benoni",4aad78d3,K Zondo,8,0,0,0,0,
530361,2012-03-21,2011-12,1,IMPI,LIONS,"Willowmoore Park, Benoni",d3cc2954,S Simetu,9,0,0,0,0,
530361,2012-03-21,2011-12,1,IMPI,LIONS,"Willowmoore Park, Benoni",b0b320a0,BM Edmondson,10,0,0,0,0,
530361,2012-03-21,2011-12,1,IMPI,LIONS,"Willowmoore Park, Benoni",1b05424f,P Matshikwe,11,0,0,0,0,
530362,2012-03-21,2011-12,1,WAR,TIT,"SuperSport Park, Centurion",035cb925,AG Prince,1,10,9,1,0,caught
530362,2012-03-21,2011-12,1,WAR,TIT,"SuperSport Park, Centurion",3a60e0b5,WD Parnell,2,23,16,4,1,caught
530362,2012-03-21,2011-12,1,WAR,TIT,"SuperSport Park, Centurion",c995d726,CA Ingram,3,5,6,0,0,lbw
530362,2012-03-21,2011-12,1,WAR,TIT,"SuperSport Park, Centurion",a84468fe,DJ Jacobs,4,0,2,0,0,caught
530362,2012-03-21,2011-12,1,WAR,TIT,"SuperSport Park, Centurion",7c503806,J Botha,5,7,17,1,0,bowled
530362,2012-03-21,2011-12,1,WAR,TIT,"SuperSport Park, Centurion",789fd884,CA Thyssen,6,3,7,0,0,caught
530362,2012-03-21,2011-12,1,WAR,TIT,"SuperSport Park, Centurion",23638956,SR Harmer,7,9,9,2,0,not out
530362,2012-03-21,2011-12,1,WAR,TIT,"SuperSport Park, Centurion",eb6d2ef1,AZM Dyili,8,3,13,0,0,not out
530362,2012-03-21,2011-12,1,WAR,TIT,"SuperSport Park, Centurion",dec8e038,J Theron,9,0,0,0,0,
530362,2012-03-21,2011-12,1,WAR,TIT,"SuperSport Park, Centurion",9df3a2f4,ACR Birch,10,0,0,0,0,
530362,2012-03-21,2011-12,1,WAR,TIT,"SuperSport Park, Centurion",20a941bb,M Ntini,11,0,0,0,0,
530362,2012-03-21,2011-12,2,TIT,WAR,"SuperSport Park, Centurion",9c9f8dbc,H Davids,1,1,2,0,0,lbw
530362,2012-03-21,2011-12,2,TIT,WAR,"SuperSport Park, Centurion",f407e354,M van Jaarsveld,2,23,18,2,1,bowled
530362,2012-03-21,2011-12,2,TIT,WAR,"SuperSport Park, Centurion",3355b542,F du Plessis,3,22,18,2,0,not out
530362,2012-03-21,2011-12,2,TIT,WAR,"SuperSport Park, Centurion",dce2019b,F Behardien,4,13,9,2,0,not out
530362,2012-03-21,2011-12,2,TIT,WAR,"SuperSport Park, Centurion",ede05b97,HG Kuhn,5,0,0,0,0,
530362,2012-03-21,2011-12,2,TIT,WAR,"SuperSport Park, Centurion",05c2ca46,RE van der Merwe,6,0,0,0,0,
530362,2012-03-21,2011-12,2,TIT,WAR,"SuperSport Park, Centurion",c3d35165,JA Morkel,7,0,0,0,0,
530362,2012-03-21,2011-12,2,TIT,WAR,"SuperSport Park, Centurion",aa8d28ae,D Wiese,8,0,0,0,0,
530362,2012-03-21,2011-12,2,TIT,WAR,"SuperSport Park, Centurion",b552a935,AC Thomas,9,0,0,0,0,
530362,2012-03-21,2011-12,2,TIT,WAR,"SuperSport Park, Centurion",994d9d36,ER Links,10,0,0,0,0,
530362,2012-03-21,2011-12,2,TIT,WAR,"SuperSport Park, Centurion",800b52dc,NE Mbhalati,11,0,0,0,0,
530364,2012-04-01,2011-12,1,TIT,LIONS,"New Wanderers Stadium, Johannesburg",9c9f8dbc,H Davids,1,27,12,5,1,bowled
530364,2012-04-01,2011-12,1,TIT,LIONS,"New Wanderers Stadium, Johannesburg",ede05b97,HG Kuhn,2,14,12,2,0,caught
530364,2012-04-01,2011-12,1,TIT,LIONS,"New Wanderers Stadium, Johannesburg",05c2ca46,RE van der Merwe,3,7,9,1,0,caught
530364,2012-04-01,2011-12,1,TIT,LIONS,"New Wanderers Stadium, Johannesburg",3355b542,F du Plessis,4,22,19,2,0,caught
530364,2012-04-01,2011-12,1,TIT,LIONS,"New Wanderers Stadium, Johannesburg",f407e354,M van Jaarsveld,5,32,21,2,2,caught
530364,2012-04-01,2011-12,1,TIT,LIONS,"New Wanderers Stadium, Johannesburg",dce2019b,F Behardien,6,42,26,2,2,not out
530364,2012-04-01,2011-12,1,TIT,LIONS,"New Wanderers Stadium, Johannesburg",c3d35165,JA Morkel,7,21,15,1,2,caught
530364,2012-04-01,2011-12,1,TIT,LIONS,"New Wanderers Stadium, Johannesburg",aa8d28ae,D Wiese,8,14,7,1,1,not out
530364,2012-04-01,2011-12,1,TIT,LIONS,"New Wanderers Stadium, Johannesburg",b552a935,AC Thomas,9,0,0,0,0,
530364,2012-04-01,2011-12,1,TIT,LIONS,"New Wanderers Stadium, Johannesburg",800b52dc,NE Mbhalati,10,0,0,0,0,
530364,2012-04-01,2011-12,1,TIT,LIONS,"New Wanderers Stadium, Johannesburg",994d9d36,ER Links,11,0,0,0,0,
530364,2012-04-01,2011-12,2,LIONS,TIT,"New Wanderers Stadium, Johannesburg",a833f99c,JD Vandiar,1,0,2,0,0,caught
530364,2012-04-01,2011-12,2,LIONS,TIT,"New Wanderers Stadium, Johannesburg",e01aafc1,AN Petersen,2,5,10,0,0,caught
530364,2012-04-01,2011-12,2,LIONS,TIT,"New Wanderers Stadium, Johannesburg",372455c4,Q de Kock,3,17,10,2,1,caught
530364,2012-04-01,2011-12,2,LIONS,TIT,"New Wanderers Stadium, Johannesburg",a830c083,ND McKenzie,4,24,19,3,0,bowled
530364,2012-04-01,2011-12,2,LIONS,TIT,"New Wanderers Stadium, Johannesburg",77841dcc,J Symes,5,25,20,2,1,bowled
530364,2012-04-01,2011-12,2,LIONS,TIT,"New Wanderers Stadium, Johannesburg",11614d87,D Pretorius,6,6,3,0,1,bowled
530364,2012-04-01,2011-12,2,LIONS,TIT,"New Wanderers Stadium, Johannesburg",3b94297b,TL Tsolekile,7,14,14,0,1,caught and bowled
530364,2012-04-01,2011-12,2,LIONS,TIT,"New Wanderers Stadium, Johannesburg",fb66ce1f,CH Morris,8,18,12,1,1,caught
530364,2012-04-01,2011-12,2,LIONS,TIT,"New Wanderers Stadium, Johannesburg",64d43928,Sohail Tanvir,9,1,2,0,0,run out
530364,2012-04-01,2011-12,2,LIONS,TIT,"New Wanderers Stadium, Johannesburg",7f8ecc51,AM Phangiso,10,19,14,1,1,not out
530364,2012-04-01,2011-12,2,LIONS,TIT,"New Wanderers Stadium, Johannesburg",3bf936e7,E O'Reilly,11,7,7,0,0,caught
575157,2013-02-17,2012-13,1,KNG,WAR,"De Beers Diamond Oval, Kimberley",73e749e1,LE Bosman,1,4,9,0,0,caught
575157,2013-02-17,2012-13,1,KNG,WAR,"De Beers Diamond Oval, Kimberley",cad00a4d,RR Rossouw,2,35,26,3,1,caught
575157,2013-02-17,2012-13,1,KNG,WAR,"De Beers Diamond Oval, Kimberley",3bf40832,GL Cloete,3,37,33,4,1,run out
575157,2013-02-17,2012-13,1,KNG,WAR,"De Beers Diamond Oval, Kimberley",93a751e8,RT Bailey,4,3,7,0,0,run out
575157,2013-02-17,2012-13,1,KNG,WAR,"De Beers Diamond Oval, Kimberley",647a48da,AJ Pienaar,5,24,19,4,0,caught
575157,2013-02-17,2012-13,1,KNG,WAR,"De Beers Diamond Oval, Kimberley",c654af19,R McLaren,6,10,6,2,0,bowled
575157,2013-02-17,2012-13,1,KNG,WAR,"De Beers Diamond Oval, Kimberley",5f419ace,WL Coetsee,7,2,5,0,0,caught
575157,2013-02-17,2012-13,1,KNG,WAR,"De Beers Diamond Oval, Kimberley",6821ac10,JJ van der Wath,8,9,9,1,0,not out
575157,2013-02-17,2012-13,1,KNG,WAR,"De Beers Diamond Oval, Kimberley",d7a57f75,D du Preez,9,5,6,0,0,not out
575157,2013-02-17,2012-13,1,KNG,WAR,"De Beers Diamond Oval, Kimberley",3ad06915,J Coetzee,10,0,0,0,0,
575157,2013-02-17,2012-13,1,KNG,WAR,"De Beers Diamond Oval, Kimberley",9d50c7e1,MP Siboto,11,0,0,0,0,
575157,2013-02-17,2012-13,2,WAR,KNG,"De Beers Diamond Oval, Kimberley",a81d6706,C Jonker,1,66,44,6,4,not out
575157,2013-02-17,2012-13,2,WAR,KNG,"De Beers Diamond Oval, Kimberley",035cb925,AG Prince,2,0,1,0,0,lbw
575157,2013-02-17,2012-13,2,WAR,KNG,"De Beers Diamond Oval, Kimberley",c995d726,CA Ingram,3,46,43,7,0,caught
575157,2013-02-17,2012-13,2,WAR,KNG,"De Beers Diamond Oval, Kimberley",a84468fe,DJ Jacobs,4,9,9,0,1,not out
575157,2013-02-17,2012-13,2,WAR,KNG,"De Beers Diamond Oval, Kimberley",4ad7fc1b,AP McLaren,5,0,0,0,0,
575157,2013-02-17,2012-13,2,WAR,KNG,"De Beers Diamond Oval, Kimberley",3a60e0b5,WD Parnell,6,0,0,0,0,
575157,2013-02-17,2012-13,2,WAR,KNG,"De Beers Diamond Oval, Kimberley",789fd884,CA Thyssen,7,0,0,0,0,
575157,2013-02-17,2012-13,2,WAR,KNG,"De Beers Diamond Oval, Kimberley",23638956,SR Harmer,8,0,0,0,0,
575157,2013-02-17,2012-13,2,WAR,KNG,"De Beers Diamond Oval, Kimberley",dec8e038,J Theron,9,0,0,0,0,
575157,2013-02-17,2012-13,2,WAR,KNG,"De Beers Diamond Oval, Kimberley",9df3a2f4,ACR Birch,10,0,0,0,0,
575157,2013-02-17,2012-13,2,WAR,KNG,"De Beers Diamond Oval, Kimberley",a83c44b8,A Gqamane,11,0,0,0,0,
575158,2013-02-17,2012-13,1,WPR,LIONS,"Senwes Park, Potchefstroom",18c78b11,RE Levi,1,40,25,7,0,lbw
575158,2013-02-17,2012-13,1,WPR,LIONS,"Senwes Park, Potchefstroom",f4dfcbb4,S van Zyl,2,9,11,2,0,bowled
575158,2013-02-17,2012-13,1,WPR,LIONS,"Senwes Park, Potchefstroom",087210b1,DJ Vilas,3,63,45,4,2,not out
575158,2013-02-17,2012-13,1,WPR,LIONS,"Senwes Park, Potchefstroom",7bf96684,OA Shah,4,0,1,0,0,lbw
575158,2013-02-17,2012-13,1,WPR,LIONS,"Senwes Park, Potchefstroom",55f33b32,JL Ontong,5,18,15,0,1,stumped
575158,2013-02-17,2012-13,1,WPR,LIONS,"Senwes Park, Potchefstroom",59a7fc89,MQ Adams,6,43,22,6,1,caught
575158,2013-02-17,2012-13,1,WPR,LIONS,"Senwes Park, Potchefstroom",7955eb15,RK Kleinveldt,7,0,1,0,0,not out
575158,2013-02-17,2012-13,1,WPR,LIONS,"Senwes Park, Potchefstroom",9c1ccdea,J Louw,8,0,0,0,0,
575158,2013-02-17,2012-13,1,WPR,LIONS,"Senwes Park, Potchefstroom",537f5ab2,DL Piedt,9,0,0,0,0,
575158,2013-02-17,2012-13,1,WPR,LIONS,"Senwes Park, Potchefstroom",d1c94b25,CK Langeveldt,10,0,0,0,0,
575158,2013-02-17,2012-13,1,WPR,LIONS,"Senwes Park, Potchefstroom",a1d95bd8,LB Williams,11,0,0,0,0,
575158,2013-02-17,2012-13,2,LIONS,WPR,"Senwes Park, Potchefstroom",372455c4,Q de Kock,1,126,69,13,6,not out
575158,2013-02-17,2012-13,2,LIONS,WPR,"Senwes Park, Potchefstroom",f390904d,GH Bodi,2,40,40,5,0,caught
575158,2013-02-17,2012-13,2,LIONS,WPR,"Senwes Park, Potchefstroom",11614d87,D Pretorius,3,9,6,0,1,not out
575158,2013-02-17,2012-13,2,LIONS,WPR,"Senwes Park, Potchefstroom",9ffd1ac1,T Bavuma,4,0,0,0,0,
575158,2013-02-17,2012-13,2,LIONS,WPR,"Senwes Park, Potchefstroom",77841dcc,J Symes,5,0,0,0,0,
575158,2013-02-17,2012-13,2,LIONS,WPR,"Senwes Park, Potchefstroom",a830c083,ND McKenzie,6,0,0,0,0,
575158,2013-02-17,2012-13,2,LIONS,WPR,"Senwes Park, Potchefstroom",fb66ce1f,CH Morris,7,0,0,0,0,
575158,2013-02-17,2012-13,2,LIONS,WPR,"Senwes Park, Potchefstroom",64d43928,Sohail Tanvir,8,0,0,0,0,
575158,2013-02-17,2012-13,2,LIONS,WPR,"Senwes Park, Potchefstroom",a316d663,GC Viljoen,9,0,0,0,0,
575158,2013-02-17,2012-13,2,LIONS,WPR,"Senwes Park, Potchefstroom",7f8ecc51,AM Phangiso,10,0,0,0,0,
575158,2013-02-17,2012-13,2,LIONS,WPR,"Senwes Park, Potchefstroom",acee4cc4,Imran Tahir,11,0,0,0,0,
575159,2013-02-20,2012-13,1,TIT,LIONS,"New Wanderers Stadium, Johannesburg",9c9f8dbc,H Davids,1,36,35,3,1,bowled
575159,2013-02-20,2012-13,1,TIT,LIONS,"New Wanderers Stadium, Johannesburg",42537f07,JA Rudolph,2,13,6,3,0,caught
575159,2013-02-20,2012-13,1,TIT,LIONS,"New Wanderers Stadium, Johannesburg",8836fcac,M Mosehle,3,0,3,0,0,lbw
575159,2013-02-20,2012-13,1,TIT,LIONS,"New Wanderers Stadium, Johannesburg",f407e354,M van Jaarsveld,4,13,11,3,0,caught
575159,2013-02-20,2012-13,1,TIT,LIONS,"New Wanderers Stadium, Johannesburg",dce2019b,F Behardien,5,36,28,3,1,caught
575159,2013-02-20,2012-13,1,TIT,LIONS,"New Wanderers Stadium, Johannesburg",c3d35165,JA Morkel,6,3,2,0,0,lbw
575159,2013-02-20,2012-13,1,TIT,LIONS,"New Wanderers Stadium, Johannesburg",aa8d28ae,D Wiese,7,28,24,1,2,not out
575159,2013-02-20,2012-13,1,TIT,LIONS,"New Wanderers Stadium, Johannesburg",05c2ca46,RE van der Merwe,8,9,9,1,0,bowled
575159,2013-02-20,2012-13,1,TIT,LIONS,"New Wanderers Stadium, Johannesburg",d4eef961,M de Lange,9,5,2,1,0,not out
575159,2013-02-20,2012-13,1,TIT,LIONS,"New Wanderers Stadium, Johannesburg",994d9d36,ER Links,10,0,0,0,0,
575159,2013-02-20,2012-13,1,TIT,LIONS,"New Wanderers Stadium, Johannesburg",800b52dc,NE Mbhalati,11,0,0,0,0,
575159,2013-02-20,2012-13,2,LIONS,TIT,"New Wanderers Stadium, Johannesburg",372455c4,Q de Kock,1,47,40,4,2,bowled
575159,2013-02-20,2012-13,2,LIONS,TIT,"New Wanderers Stadium, Johannesburg",f390904d,GH Bodi,2,17,18,4,0,bowled
575159,2013-02-20,2012-13,2,LIONS,TIT,"New Wanderers Stadium, Johannesburg",a830c083,ND McKenzie,3,32,34,1,1,not out
575159,2013-02-20,2012-13,2,LIONS,TIT,"New Wanderers Stadium, Johannesburg",11614d87,D Pretorius,4,42,20,3,4,caught
575159,2013-02-20,2012-13,2,LIONS,TIT,"New Wanderers Stadium, Johannesburg",77841dcc,J Symes,5,4,1,1,0,not out
575159,2013-02-20,2012-13,2,LIONS,TIT,"New Wanderers Stadium, Johannesburg",9ffd1ac1,T Bavuma,6,0,0,0,0,
575159,2013-02-20,2012-13,2,LIONS,TIT,"New Wanderers Stadium, Johannesburg",fb66ce1f,CH Morris,7,0,0,0,0,
575159,2013-02-20,2012-13,2,LIONS,TIT,"New Wanderers Stadium, Johannesburg",64d43928,Sohail Tanvir,8,0,0,0,0,
575159,2013-02-20,2012-13,2,LIONS,TIT,"New Wanderers Stadium, Johannesburg",7f8ecc51,AM Phangiso,9,0,0,0,0,
575159,2013-02-20,2012-13,2,LIONS,TIT,"New Wanderers Stadium, Johannesburg",a316d663,GC Viljoen,10,0,0,0,0,
575159,2013-02-20,2012-13,2,LIONS,TIT,"New Wanderers Stadium, Johannesburg",acee4cc4,Imran Tahir,11,0,0,0,0,
575160,2013-02-22,2012-13,1,WPR,KNG,"Boland Park, Paarl",18c78b11,RE Levi,1,38,33,5,1,bowled
575160,2013-02-22,2012-13,1,WPR,KNG,"Boland Park, Paarl",f4dfcbb4,S van Zyl,2,2,4,0,0,bowled
575160,2013-02-22,2012-13,1,WPR,KNG,"Boland Park, Paarl",087210b1,DJ Vilas,3,48,36,4,2,caught
575160,2013-02-22,2012-13,1,WPR,KNG,"Boland Park, Paarl",7bf96684,OA Shah,4,44,31,3,1,not out
575160,2013-02-22,2012-13,1,WPR,KNG,"Boland Park, Paarl",9a158001,Azhar Mahmood,5,13,11,1,0,bowled
575160,2013-02-22,2012-13,1,WPR,KNG,"Boland Park, Paarl",55f33b32,JL Ontong,6,20,6,2,1,not out
575160,2013-02-22,2012-13,1,WPR,KNG,"Boland Park, Paarl",59a7fc89,MQ Adams,7,0,0,0,0,
575160,2013-02-22,2012-13,1,WPR,KNG,"Boland Park, Paarl",b56dc5f7,BE Hendricks,8,0,0,0,0,
575160,2013-02-22,2012-13,1,WPR,KNG,"Boland Park, Paarl",9c1ccdea,J Louw,9,0,0,0,0,
575160,2013-02-22,2012-13,1,WPR,KNG,"Boland Park, Paarl",537f5ab2,DL Piedt,10,0,0,0,0,
575160,2013-02-22,2012-13,1,WPR,KNG,"Boland Park, Paarl",d1c94b25,CK Langeveldt,11,0,0,0,0,
575160,2013-02-22,2012-13,2,KNG,WPR,"Boland Park, Paarl",73e749e1,LE Bosman,1,5,21,0,0,caught
575160,2013-02-22,2012-13,2,KNG,WPR,"Boland Park, Paarl",cad00a4d,RR Rossouw,2,0,3,0,0,caught
575160,2013-02-22,2012-13,2,KNG,WPR,"Boland Park, Paarl",3bf40832,GL Cloete,3,5,11,0,0,caught
575160,2013-02-22,2012-13,2,KNG,WPR,"Boland Park, Paarl",647a48da,AJ Pienaar,4,11,10,1,0,bowled
575160,2013-02-22,2012-13,2,KNG,WPR,"Boland Park, Paarl",93a751e8,RT Bailey,5,0,1,0,0,caught
575160,2013-02-22,2012-13,2,KNG,WPR,"Boland Park, Paarl",c654af19,R McLaren,6,51,38,3,1,bowled
575160,2013-02-22,2012-13,2,KNG,WPR,"Boland Park, Paarl",5f419ace,WL Coetsee,7,6,7,0,0,lbw
575160,2013-02-22,2012-13,2,KNG,WPR,"Boland Park, Paarl",6821ac10,JJ van der Wath,8,46,22,2,3,caught
575160,2013-02-22,2012-13,2,KNG,WPR,"Boland Park, Paarl",6a0537aa,N Boje,9,10,6,2,0,not out
575160,2013-02-22,2012-13,2,KNG,WPR,"Boland Park, Paarl",3ad06915,J Coetzee,10,1,2,0,0,not out
575160,2013-02-22,2012-13,2,KNG,WPR,"Boland Park, Paarl",9d50c7e1,MP Siboto,11,0,0,0,0,
575161,2013-02-22,2012-13,1,WAR,TIT,"St George's Park, Port Elizabeth",a81d6706,C Jonker,1,10,14,2,0,caught
575161,2013-02-22,2012-13,1,WAR,TIT,"St George's Park, Port Elizabeth",035cb925,AG Prince,2,4,10,0,0,caught
575161,2013-02-22,2012-13,1,WAR,TIT,"St George's Park, Port Elizabeth",c995d726,CA Ingram,3,10,9,2,0,caught
575161,2013-02-22,2012-13,1,WAR,TIT,"St George's Park, Port Elizabeth",a84468fe,DJ Jacobs,4,5,9,1,0,bowled
575161,2013-02-22,2012-13,1,WAR,TIT,"St George's Park, Port Elizabeth",3a60e0b5,WD Parnell,5,2,5,0,0,bowled
575161,2013-02-22,2012-13,1,WAR,TIT,"St George's Park, Port Elizabeth",4ad7fc1b,AP McLaren,6,9,18,0,0,bowled
575161,2013-02-22,2012-13,1,WAR,TIT,"St George's Park, Port Elizabeth",789fd884,CA Thyssen,7,9,13,1,0,bowled
575161,2013-02-22,2012-13,1,WAR,TIT,"St George's Park, Port Elizabeth",23638956,SR Harmer,8,39,27,2,2,not out
575161,2013-02-22,2012-13,1,WAR,TIT,"St George's Park, Port Elizabeth",a83c44b8,A Gqamane,9,0,1,0,0,bowled
575161,2013-02-22,2012-13,1,WAR,TIT,"St George's Park, Port Elizabeth",9df3a2f4,ACR Birch,10,20,14,3,0,not out
575161,2013-02-22,2012-13,1,WAR,TIT,"St George's Park, Port Elizabeth",dec8e038,J Theron,11,0,0,0,0,
575161,2013-02-22,2012-13,2,TIT,WAR,"St George's Park, Port Elizabeth",9c9f8dbc,H Davids,1,1,2,0,0,caught
575161,2013-02-22,2012-13,2,TIT,WAR,"St George's Park, Port Elizabeth",42537f07,JA Rudolph,2,15,23,0,0,lbw
575161,2013-02-22,2012-13,2,TIT,WAR,"St George's Park, Port Elizabeth",05c2ca46,RE van der Merwe,3,0,1,0,0,bowled
575161,2013-02-22,2012-13,2,TIT,WAR,"St George's Park, Port Elizabeth",f407e354,M van Jaarsveld,4,25,34,2,0,caught
575161,2013-02-22,2012-13,2,TIT,WAR,"St George's Park, Port Elizabeth",8836fcac,M Mosehle,5,15,14,2,0,caught
575161,2013-02-22,2012-13,2,TIT,WAR,"St George's Park, Port Elizabeth",dce2019b,F Behardien,6,16,20,1,0,not out
575161,2013-02-22,2012-13,2,TIT,WAR,"St George's Park, Port Elizabeth",c3d35165,JA Morkel,7,46,17,5,3,not out
575161,2013-02-22,2012-13,2,TIT,WAR,"St George's Park, Port Elizabeth",b552a935,AC Thomas,8,0,0,0,0,
575161,2013-02-22,2012-13,2,TIT,WAR,"St George's Park, Port Elizabeth",994d9d36,ER Links,9,0,0,0,0,
575161,2013-02-22,2012-13,2,TIT,WAR,"St George's Park, Port Elizabeth",d4eef961,M de Lange,10,0,0,0,0,
575161,2013-02-22,2012-13,2,TIT,WAR,"St George's Park, Port Elizabeth",aa8d28ae,D Wiese,11,0,0,0,0,
575163,2013-02-24,2012-13,1,DOL,WPR,"Newlands, Cape Town",4aad78d3,K Zondo,1,9,9,1,0,caught
575163,2013-02-24,2012-13,1,DOL,WPR,"Newlands, Cape Town",a833f99c,JD Vandiar,2,1,2,0,0,lbw
575163,2013-02-24,2012-13,1,DOL,WPR,"Newlands, Cape Town",27ca3a11,C Chetty,3,8,17,0,0,caught
575163,2013-02-24,2012-13,1,DOL,WPR,"Newlands, Cape Town",890b877d,VB van Jaarsveld,4,36,42,3,0,caught
575163,2013-02-24,2012-13,1,DOL,WPR,"Newlands, Cape Town",7ca5e05d,RS Bopara,5,60,44,3,3,run out
575163,2013-02-24,2012-13,1,DOL,WPR,"Newlands, Cape Town",d67d5f00,DA Miller,6,3,3,0,0,bowled
575163,2013-02-24,2012-13,1,DOL,WPR,"Newlands, Cape Town",8b248d88,R Frylinck,7,11,5,0,1,not out
575163,2013-02-24,2012-13,1,DOL,WPR,"Newlands, Cape Town",4bb02ef1,D Smit,8,0,0,0,0,
575163,2013-02-24,2012-13,1,DOL,WPR,"Newlands, Cape Town",7ec9711d,P Subrayen,9,0,0,0,0,
575163,2013-02-24,2012-13,1,DOL,WPR,"Newlands, Cape Town",26d9937d,CJ Alexander,10,0,0,0,0,
575163,2013-02-24,2012-13,1,DOL,WPR,"Newlands, Cape Town",016e5101,M Shezi,11,0,0,0,0,
575163,2013-02-24,2012-13,2,WPR,DOL,"Newlands, Cape Town",18c78b11,RE Levi,1,80,53,7,3,not out
575163,2013-02-24,2012-13,2,WPR,DOL,"Newlands, Cape Town",f4dfcbb4,S van Zyl,2,5,10,0,0,caught
575163,2013-02-24,2012-13,2,WPR,DOL,"Newlands, Cape Town",087210b1,DJ Vilas,3,43,37,3,1,not out
575163,2013-02-24,2012-13,2,WPR,DOL,"Newlands, Cape Town",7bf96684,OA Shah,4,0,0,0,0,
575163,2013-02-24,2012-13,2,WPR,DOL,"Newlands, Cape Town",55f33b32,JL Ontong,5,0,0,0,0,
575163,2013-02-24,2012-13,2,WPR,DOL,"Newlands, Cape Town",59a7fc89,MQ Adams,6,0,0,0,0,
575163,2013-02-24,2012-13,2,WPR,DOL,"Newlands, Cape Town",9a158001,Azhar Mahmood,7,0,0,0,0,
575163,2013-02-24,2012-13,2,WPR,DOL,"Newlands, Cape Town",b56dc5f7,BE Hendricks,8,0,0,0,0,
575163,2013-02-24,2012-13,2,WPR,DOL,"Newlands, Cape Town",9c1ccdea,J Louw,9,0,0,0,0,
575163,2013-02-24,2012-13,2,WPR,DOL,"Newlands, Cape Town",537f5ab2,DL Piedt,10,0,0,0,0,
575163,2013-02-24,2012-13,2,WPR,DOL,"Newlands, Cape Town",d1c94b25,CK Langeveldt,11,0,0,0,0,
575164,2013-02-24,2012-13,1,LIONS,WAR,"Senwes Park, Potchefstroom",372455c4,Q de Kock,1,47,32,5,1,run out
575164,2013-02-24,2012-13,1,LIONS,WAR,"Senwes Park, Potchefstroom",f390904d,GH Bodi,2,27,24,5,0,caught
575164,2013-02-24,2012-13,1,LIONS,WAR,"Senwes Park, Potchefstroom",a830c083,ND McKenzie,3,6,5,1,0,caught
575164,2013-02-24,2012-13,1,LIONS,WAR,"Senwes Park, Potchefstroom",9ffd1ac1,T Bavuma,4,34,24,4,0,not out
575164,2013-02-24,2012-13,1,LIONS,WAR,"Senwes Park, Potchefstroom",64d43928,Sohail Tanvir,5,0,1,0,0,run out
575164,2013-02-24,2012-13,1,LIONS,WAR,"Senwes Park, Potchefstroom",77841dcc,J Symes,6,7,11,0,0,bowled
575164,2013-02-24,2012-13,1,LIONS,WAR,"Senwes Park, Potchefstroom",11614d87,D Pretorius,7,38,23,2,3,bowled
575164,2013-02-24,2012-13,1,LIONS,WAR,"Senwes Park, Potchefstroom",fb66ce1f,CH Morris,8,0,1,0,0,run out
575164,2013-02-24,2012-13,1,LIONS,WAR,"Senwes Park, Potchefstroom",7f8ecc51,AM Phangiso,9,0,0,0,0,
575164,2013-02-24,2012-13,1,LIONS,WAR,"Senwes Park, Potchefstroom",acee4cc4,Imran Tahir,10,0,0,0,0,
575164,2013-02-24,2012-13,1,LIONS,WAR,"Senwes Park, Potchefstroom",a316d663,GC Viljoen,11,0,0,0,0,
575164,2013-02-24,2012-13,2,WAR,LIONS,"Senwes Park, Potchefstroom",a81d6706,C Jonker,1,11,21,2,0,caught
575164,2013-02-24,2012-13,2,WAR,LIONS,"Senwes Park, Potchefstroom",42172c3c,JT Smuts,2,0,1,0,0,caught
575164,2013-02-24,2012-13,2,WAR,LIONS,"Senwes Park, Potchefstroom",c995d726,CA Ingram,3,21,13,4,0,caught
575164,2013-02-24,2012-13,2,WAR,LIONS,"Senwes Park, Potchefstroom",035cb925,AG Prince,4,25,17,2,1,bowled
575164,2013-02-24,2012-13,2,WAR,LIONS,"Senwes Park, Potchefstroom",3a60e0b5,WD Parnell,5,0,1,0,0,bowled
575164,2013-02-24,2012-13,2,WAR,LIONS,"Senwes Park, Potchefstroom",4ad7fc1b,AP McLaren,6,1,3,0,0,lbw
575164,2013-02-24,2012-13,2,WAR,LIONS,"Senwes Park, Potchefstroom",789fd884,CA Thyssen,7,3,9,0,0,caught
575164,2013-02-24,2012-13,2,WAR,LIONS,"Senwes Park, Potchefstroom",23638956,SR Harmer,8,33,23,1,2,run out
575164,2013-02-24,2012-13,2,WAR,LIONS,"Senwes Park, Potchefstroom",9df3a2f4,ACR Birch,9,8,14,1,0,caught
575164,2013-02-24,2012-13,2,WAR,LIONS,"Senwes Park, Potchefstroom",a83c44b8,A Gqamane,10,3,5,0,0,caught
575164,2013-02-24,2012-13,2,WAR,LIONS,"Senwes Park, Potchefstroom",dec8e038,J Theron,11,0,1,0,0,not out
575165,2013-02-27,2012-13,1,DOL,KNG,"Chevrolet Park, Bloemfontein",a833f99c,JD Vandiar,1,18,21,2,0,stumped
575165,2013-02-27,2012-13,1,DOL,KNG,"Chevrolet Park, Bloemfontein",4aad78d3,K Zondo,2,43,42,4,0,caught
575165,2013-02-27,2012-13,1,DOL,KNG,"Chevrolet Park, Bloemfontein",7ec9711d,P Subrayen,3,9,10,0,0,bowled
575165,2013-02-27,2012-13,1,DOL,KNG,"Chevrolet Park, Bloemfontein",890b877d,VB van Jaarsveld,4,39,29,3,0,not out
575165,2013-02-27,2012-13,1,DOL,KNG,"Chevrolet Park, Bloemfontein",7ca5e05d,RS Bopara,5,9,11,0,0,caught
575165,2013-02-27,2012-13,1,DOL,KNG,"Chevrolet Park, Bloemfontein",afa78c3a,CS Delport,6,8,5,1,0,lbw
575165,2013-02-27,2012-13,1,DOL,KNG,"Chevrolet Park, Bloemfontein",8b248d88,R Frylinck,7,1,2,0,0,not out
575165,2013-02-27,2012-13,1,DOL,KNG,"Chevrolet Park, Bloemfontein",719c5146,I Khan,8,0,0,0,0,
575165,2013-02-27,2012-13,1,DOL,KNG,"Chevrolet Park, Bloemfontein",4bb02ef1,D Smit,9,0,0,0,0,
575165,2013-02-27,2012-13,1,DOL,KNG,"Chevrolet Park, Bloemfontein",016e5101,M Shezi,10,0,0,0,0,
575165,2013-02-27,2012-13,1,DOL,KNG,"Chevrolet Park, Bloemfontein",26d9937d,CJ Alexander,11,0,0,0,0,
575165,2013-02-27,2012-13,2,KNG,DOL,"Chevrolet Park, Bloemfontein",73e749e1,LE Bosman,1,3,3,0,0,bowled
575165,2013-02-27,2012-13,2,KNG,DOL,"Chevrolet Park, Bloemfontein",cad00a4d,RR Rossouw,2,61,47,9,1,not out
575165,2013-02-27,2012-13,2,KNG,DOL,"Chevrolet Park, Bloemfontein",33085ffb,D Elgar,3,61,43,8,1,not out
575165,2013-02-27,2012-13,2,KNG,DOL,"Chevrolet Park, Bloemfontein",4025c262,PJ van Biljon,4,0,0,0,0,
575165,2013-02-27,2012-13,2,KNG,DOL,"Chevrolet Park, Bloemfontein",647a48da,AJ Pienaar,5,0,0,0,0,
575165,2013-02-27,2012-13,2,KNG,DOL,"Chevrolet Park, Bloemfontein",3bf40832,GL Cloete,6,0,0,0,0,
575165,2013-02-27,2012-13,2,KNG,DOL,"Chevrolet Park, Bloemfontein",6a0537aa,N Boje,7,0,0,0,0,
575165,2013-02-27,2012-13,2,KNG,DOL,"Chevrolet Park, Bloemfontein",6821ac10,JJ van der Wath,8,0,0,0,0,
575165,2013-02-27,2012-13,2,KNG,DOL,"Chevrolet Park, Bloemfontein",d7a57f75,D du Preez,9,0,0,0,0,
575165,2013-02-27,2012-13,2,KNG,DOL,"Chevrolet Park, Bloemfontein",97b0e4ff,SC van Schalkwyk,10,0,0,0,0,
575165,2013-02-27,2012-13,2,KNG,DOL,"Chevrolet Park, Bloemfontein",9d50c7e1,MP Siboto,11,0,0,0,0,
575166,2013-02-28,2012-13,1,WPR,TIT,"Willowmoore Park, Benoni",18c78b11,RE Levi,1,2,9,0,0,caught
575166,2013-02-28,2012-13,1,WPR,TIT,"Willowmoore Park, Benoni",f4dfcbb4,S van Zyl,2,2,10,0,0,caught
575166,2013-02-28,2012-13,1,WPR,TIT,"Willowmoore Park, Benoni",087210b1,DJ Vilas,3,59,44,6,2,not out
575166,2013-02-28,2012-13,1,WPR,TIT,"Willowmoore Park, Benoni",7bf96684,OA Shah,4,17,29,2,0,caught
575166,2013-02-28,2012-13,1,WPR,TIT,"Willowmoore Park, Benoni",9a158001,Azhar Mahmood,5,15,15,2,0,caught
575166,2013-02-28,2012-13,1,WPR,TIT,"Willowmoore Park, Benoni",59a7fc89,MQ Adams,6,15,13,1,0,not out
575166,2013-02-28,2012-13,1,WPR,TIT,"Willowmoore Park, Benoni",9fa54c94,MY Vallie,7,0,0,0,0,
575166,2013-02-28,2012-13,1,WPR,TIT,"Willowmoore Park, Benoni",9c1ccdea,J Louw,8,0,0,0,0,
575166,2013-02-28,2012-13,1,WPR,TIT,"Willowmoore Park, Benoni",537f5ab2,DL Piedt,9,0,0,0,0,
575166,2013-02-28,2012-13,1,WPR,TIT,"Willowmoore Park, Benoni",d1c94b25,CK Langeveldt,10,0,0,0,0,
575166,2013-02-28,2012-13,1,WPR,TIT,"Willowmoore Park, Benoni",b56dc5f7,BE Hendricks,11,0,0,0,0,
575166,2013-02-28,2012-13,2,TIT,WPR,"Willowmoore Park, Benoni",42537f07,JA Rudolph,1,49,56,6,0,bowled
575166,2013-02-28,2012-13,2,TIT,WPR,"Willowmoore Park, Benoni",ed982dfa,TM Bodibe,2,1,2,0,0,bowled
575166,2013-02-28,2012-13,2,TIT,WPR,"Willowmoore Park, Benoni",05c2ca46,RE van der Merwe,3,16,22,3,0,caught
575166,2013-02-28,2012-13,2,TIT,WPR,"Willowmoore Park, Benoni",f407e354,M van Jaarsveld,4,24,21,3,0,bowled
575166,2013-02-28,2012-13,2,TIT,WPR,"Willowmoore Park, Benoni",c3d35165,JA Morkel,5,9,6,0,1,not out
575166,2013-02-28,2012-13,2,TIT,WPR,"Willowmoore Park, Benoni",aa8d28ae,D Wiese,6,6,5,0,0,not out
575166,2013-02-28,2012-13,2,TIT,WPR,"Willowmoore Park, Benoni",8836fcac,M Mosehle,7,0,0,0,0,
575166,2013-02-28,2012-13,2,TIT,WPR,"Willowmoore Park, Benoni",b552a935,AC Thomas,8,0,0,0,0,
575166,2013-02-28,2012-13,2,TIT,WPR,"Willowmoore Park, Benoni",d4eef961,M de Lange,9,0,0,0,0,
575166,2013-02-28,2012-13,2,TIT,WPR,"Willowmoore Park, Benoni",994d9d36,ER Links,10,0,0,0,0,
575166,2013-02-28,2012-13,2,TIT,WPR,"Willowmoore Park, Benoni",800b52dc,NE Mbhalati,11,0,0,0,0,
575167,2013-03-02,2012-13,1,DOL,WAR,"Buffalo Park, East London",a833f99c,JD Vandiar,1,3,14,0,0,caught
575167,2013-03-02,2012-13,1,DOL,WAR,"Buffalo Park, East London",4aad78d3,K Zondo,2,1,3,0,0,bowled
575167,2013-03-02,2012-13,1,DOL,WAR,"Buffalo Park, East London",afa78c3a,CS Delport,3,23,14,3,1,caught
575167,2013-03-02,2012-13,1,DOL,WAR,"Buffalo Park, East London",719c5146,I Khan,4,8,4,0,1,bowled
575167,2013-03-02,2012-13,1,DOL,WAR,"Buffalo Park, East London",7ca5e05d,RS Bopara,5,42,44,2,0,not out
575167,2013-03-02,2012-13,1,DOL,WAR,"Buffalo Park, East London",890b877d,VB van Jaarsveld,6,58,41,1,4,not out
575167,2013-03-02,2012-13,1,DOL,WAR,"Buffalo Park, East London",7ec9711d,P Subrayen,7,0,0,0,0,
575167,2013-03-02,2012-13,1,DOL,WAR,"Buffalo Park, East London",8b248d88,R Frylinck,8,0,0,0,0,
575167,2013-03-02,2012-13,1,DOL,WAR,"Buffalo Park, East London",016e5101,M Shezi,9,0,0,0,0,
575167,2013-03-02,2012-13,1,DOL,WAR,"Buffalo Park, East London",26d9937d,CJ Alexander,10,0,0,0,0,
575167,2013-03-02,2012-13,1,DOL,WAR,"Buffalo Park, East London",4bb02ef1,D Smit,11,0,0,0,0,
575167,2013-03-02,2012-13,2,WAR,DOL,"Buffalo Park, East London",a81d6706,C Jonker,1,34,28,0,3,caught
575167,2013-03-02,2012-13,2,WAR,DOL,"Buffalo Park, East London",035cb925,AG Prince,2,70,55,4,2,not out
575167,2013-03-02,2012-13,2,WAR,DOL,"Buffalo Park, East London",c995d726,CA Ingram,3,26,22,3,0,not out
575167,2013-03-02,2012-13,2,WAR,DOL,"Buffalo Park, East London",18fac429,SR Patel,4,0,0,0,0,
575167,2013-03-02,2012-13,2,WAR,DOL,"Buffalo Park, East London",4ad7fc1b,AP McLaren,5,0,0,0,0,
575167,2013-03-02,2012-13,2,WAR,DOL,"Buffalo Park, East London",3a60e0b5,WD Parnell,6,0,0,0,0,
575167,2013-03-02,2012-13,2,WAR,DOL,"Buffalo Park, East London",789fd884,CA Thyssen,7,0,0,0,0,
575167,2013-03-02,2012-13,2,WAR,DOL,"Buffalo Park, East London",23638956,SR Harmer,8,0,0,0,0,
575167,2013-03-02,2012-13,2,WAR,DOL,"Buffalo Park, East London",a83c44b8,A Gqamane,9,0,0,0,0,
575167,2013-03-02,2012-13,2,WAR,DOL,"Buffalo Park, East London",9df3a2f4,ACR Birch,10,0,0,0,0,
575167,2013-03-02,2012-13,2,WAR,DOL,"Buffalo Park, East London",dec8e038,J Theron,11,0,0,0,0,
575170,2013-03-06,2012-13,1,KNG,TIT,"SuperSport Park, Centurion",cad00a4d,RR Rossouw,1,48,34,3,3,bowled
575170,2013-03-06,2012-13,1,KNG,TIT,"SuperSport Park, Centurion",73e749e1,LE Bosman,2,91,57,5,5,bowled
575170,2013-03-06,2012-13,1,KNG,TIT,"SuperSport Park, Centurion",33085ffb,D Elgar,3,16,12,2,0,caught
575170,2013-03-06,2012-13,1,KNG,TIT,"SuperSport Park, Centurion",4025c262,PJ van Biljon,4,32,16,3,1,not out
575170,2013-03-06,2012-13,1,KNG,TIT,"SuperSport Park, Centurion",c654af19,R McLaren,5,2,1,0,0,not out
575170,2013-03-06,2012-13,1,KNG,TIT,"SuperSport Park, Centurion",647a48da,AJ Pienaar,6,0,0,0,0,
575170,2013-03-06,2012-13,1,KNG,TIT,"SuperSport Park, Centurion",3bf40832,GL Cloete,7,0,0,0,0,
575170,2013-03-06,2012-13,1,KNG,TIT,"SuperSport Park, Centurion",6a0537aa,N Boje,8,0,0,0,0,
575170,2013-03-06,2012-13,1,KNG,TIT,"SuperSport Park, Centurion",6821ac10,JJ van der Wath,9,0,0,0,0,
575170,2013-03-06,2012-13,1,KNG,TIT,"SuperSport Park, Centurion",97b0e4ff,SC van Schalkwyk,10,0,0,0,0,
575170,2013-03-06,2012-13,1,KNG,TIT,"SuperSport Park, Centurion",9d50c7e1,MP Siboto,11,0,0,0,0,
575170,2013-03-06,2012-13,2,TIT,KNG,"SuperSport Park, Centurion",9c9f8dbc,H Davids,1,0,1,0,0,caught
575170,2013-03-06,2012-13,2,TIT,KNG,"SuperSport Park, Centurion",42537f07,JA Rudolph,2,17,9,2,1,caught
575170,2013-03-06,2012-13,2,TIT,KNG,"SuperSport Park, Centurion",05c2ca46,RE van der Merwe,3,66,45,8,2,run out
575170,2013-03-06,2012-13,2,TIT,KNG,"SuperSport Park, Centurion",f407e354,M van Jaarsveld,4,13,13,2,0,caught
575170,2013-03-06,2012-13,2,TIT,KNG,"SuperSport Park, Centurion",8836fcac,M Mosehle,5,0,2,0,0,bowled
575170,2013-03-06,2012-13,2,TIT,KNG,"SuperSport Park, Centurion",dce2019b,F Behardien,6,7,4,0,1,stumped
575170,2013-03-06,2012-13,2,TIT,KNG,"SuperSport Park, Centurion",c3d35165,JA Morkel,7,48,25,2,4,caught
575170,2013-03-06,2012-13,2,TIT,KNG,"SuperSport Park, Centurion",aa8d28ae,D Wiese,8,2,5,0,0,run out
575170,2013-03-06,2012-13,2,TIT,KNG,"SuperSport Park, Centurion",b552a935,AC Thomas,9,18,12,3,0,not out
575170,2013-03-06,2012-13,2,TIT,KNG,"SuperSport Park, Centurion",d4eef961,M de Lange,10,9,4,0,1,not out
575170,2013-03-06,2012-13,2,TIT,KNG,"SuperSport Park, Centurion",800b52dc,NE Mbhalati,11,0,0,0,0,
575171,2013-03-08,2012-13,1,WPR,LIONS,"Newlands, Cape Town",18c78b11,RE Levi,1,0,6,0,0,caught
575171,2013-03-08,2012-13,1,WPR,LIONS,"Newlands, Cape Town",087210b1,DJ Vilas,2,30,36,4,0,bowled
575171,2013-03-08,2012-13,1,WPR,LIONS,"Newlands, Cape Town",9a158001,Azhar Mahmood,3,12,10,2,0,caught
575171,2013-03-08,2012-13,1,WPR,LIONS,"Newlands, Cape Town",7bf96684,OA Shah,4,25,32,1,0,bowled
575171,2013-03-08,2012-13,1,WPR,LIONS,"Newlands, Cape Town",55f33b32,JL Ontong,5,21,21,2,0,not out
575171,2013-03-08,2012-13,1,WPR,LIONS,"Newlands, Cape Town",59a7fc89,MQ Adams,6,9,8,0,0,lbw
575171,2013-03-08,2012-13,1,WPR,LIONS,"Newlands, Cape Town",cfe70281,VD Philander,7,1,2,0,0,caught
575171,2013-03-08,2012-13,1,WPR,LIONS,"Newlands, Cape Town",9c1ccdea,J Louw,8,5,5,0,0,not out
575171,2013-03-08,2012-13,1,WPR,LIONS,"Newlands, Cape Town",537f5ab2,DL Piedt,9,0,0,0,0,
575171,2013-03-08,2012-13,1,WPR,LIONS,"Newlands, Cape Town",d1c94b25,CK Langeveldt,10,0,0,0,0,
575171,2013-03-08,2012-13,1,WPR,LIONS,"Newlands, Cape Town",b56dc5f7,BE Hendricks,11,0,0,0,0,
575171,2013-03-08,2012-13,2,LIONS,WPR,"Newlands, Cape Town",372455c4,Q de Kock,1,0,6,0,0,bowled
575171,2013-03-08,2012-13,2,LIONS,WPR,"Newlands, Cape Town",f390904d,GH Bodi,2,10,11,2,0,caught
575171,2013-03-08,2012-13,2,LIONS,WPR,"Newlands, Cape Town",e01aafc1,AN Petersen,3,46,36,7,0,caught
575171,2013-03-08,2012-13,2,LIONS,WPR,"Newlands, Cape Town",a830c083,ND McKenzie,4,3,12,0,0,caught
575171,2013-03-08,2012-13,2,LIONS,WPR,"Newlands, Cape Town",64d43928,Sohail Tanvir,5,28,24,1,3,caught
575171,2013-03-08,2012-13,2,LIONS,WPR,"Newlands, Cape Town",77841dcc,J Symes,6,12,9,2,0,not out
575171,2013-03-08,2012-13,2,LIONS,WPR,"Newlands, Cape Town",11614d87,D Pretorius,7,15,13,1,1,not out
575171,2013-03-08,2012-13,2,LIONS,WPR,"Newlands, Cape Town",fb66ce1f,CH Morris,8,0,0,0,0,
575171,2013-03-08,2012-13,2,LIONS,WPR,"Newlands, Cape Town",acee4cc4,Imran Tahir,9,0,0,0,0,
575171,2013-03-08,2012-13,2,LIONS,WPR,"Newlands, Cape Town",7f8ecc51,AM Phangiso,10,0,0,0,0,
575171,2013-03-08,2012-13,2,LIONS,WPR,"Newlands, Cape Town",a316d663,GC Viljoen,11,0,0,0,0,
575172,2013-03-08,2012-13,1,DOL,KNG,"Kingsmead, Durban",a2f71c9f,DJ van Wyk,1,5,9,0,0,caught
575172,2013-03-08,2012-13,1,DOL,KNG,"Kingsmead, Durban",afa78c3a,CS Delport,2,103,58,9,5,not out
575172,2013-03-08,2012-13,1,DOL,KNG,"Kingsmead, Durban",7ca5e05d,RS Bopara,3,30,30,3,0,caught
575172,2013-03-08,2012-13,1,DOL,KNG,"Kingsmead, Durban",d67d5f00,DA Miller,4,39,23,3,2,not out
575172,2013-03-08,2012-13,1,DOL,KNG,"Kingsmead, Durban",890b877d,VB van Jaarsveld,5,0,0,0,0,
575172,2013-03-08,2012-13,1,DOL,KNG,"Kingsmead, Durban",4bb02ef1,D Smit,6,0,0,0,0,
575172,2013-03-08,2012-13,1,DOL,KNG,"Kingsmead, Durban",7ec9711d,P Subrayen,7,0,0,0,0,
575172,2013-03-08,2012-13,1,DOL,KNG,"Kingsmead, Durban",a55e0360,CP Savage,8,0,0,0,0,
575172,2013-03-08,2012-13,1,DOL,KNG,"Kingsmead, Durban",0b60eb09,KA Maharaj,9,0,0,0,0,
575172,2013-03-08,2012-13,1,DOL,KNG,"Kingsmead, Durban",016e5101,M Shezi,10,0,0,0,0,
575172,2013-03-08,2012-13,1,DOL,KNG,"Kingsmead, Durban",4353bba5,YA Abdulla,11,0,0,0,0,
575172,2013-03-08,2012-13,2,KNG,DOL,"Kingsmead, Durban",73e749e1,LE Bosman,1,8,9,1,0,bowled
575172,2013-03-08,2012-13,2,KNG,DOL,"Kingsmead, Durban",cad00a4d,RR Rossouw,2,44,28,2,3,caught
575172,2013-03-08,2012-13,2,KNG,DOL,"Kingsmead, Durban",33085ffb,D Elgar,3,14,14,0,1,caught and bowled
575172,2013-03-08,2012-13,2,KNG,DOL,"Kingsmead, Durban",4025c262,PJ van Biljon,4,27,24,0,2,caught
575172,2013-03-08,2012-13,2,KNG,DOL,"Kingsmead, Durban",647a48da,AJ Pienaar,5,32,21,3,1,caught and bowled
575172,2013-03-08,2012-13,2,KNG,DOL,"Kingsmead, Durban",6821ac10,JJ van der Wath,6,14,9,0,1,caught
575172,2013-03-08,2012-13,2,KNG,DOL,"Kingsmead, Durban",6a0537aa,N Boje,7,9,6,0,0,not out
575172,2013-03-08,2012-13,2,KNG,DOL,"Kingsmead, Durban",d7a57f75,D du Preez,8,14,9,1,0,not out
575172,2013-03-08,2012-13,2,KNG,DOL,"Kingsmead, Durban",3bf40832,GL Cloete,9,0,0,0,0,
575172,2013-03-08,2012-13,2,KNG,DOL,"Kingsmead, Durban",97b0e4ff,SC van Schalkwyk,10,0,0,0,0,
575172,2013-03-08,2012-13,2,KNG,DOL,"Kingsmead, Durban",9d50c7e1,MP Siboto,11,0,0,0,0,
575174,2013-03-12,2012-13,1,TIT,WPR,"Boland Park, Paarl",42537f07,JA Rudolph,1,35,19,8,0,caught
575174,2013-03-12,2012-13,1,TIT,WPR,"Boland Park, Paarl",9c9f8dbc,H Davids,2,55,39,5,1,bowled
575174,2013-03-12,2012-13,1,TIT,WPR,"Boland Park, Paarl",05c2ca46,RE van der Merwe,3,6,10,1,0,caught
575174,2013-03-12,2012-13,1,TIT,WPR,"Boland Park, Paarl",57efa3be,SB Styris,4,6,9,0,0,bowled
575174,2013-03-12,2012-13,1,TIT,WPR,"Boland Park, Paarl",dce2019b,F Behardien,5,68,40,6,2,not out
575174,2013-03-12,2012-13,1,TIT,WPR,"Boland Park, Paarl",c3d35165,JA Morkel,6,3,4,0,0,not out
575174,2013-03-12,2012-13,1,TIT,WPR,"Boland Park, Paarl",8836fcac,M Mosehle,7,0,0,0,0,
575174,2013-03-12,2012-13,1,TIT,WPR,"Boland Park, Paarl",aa8d28ae,D Wiese,8,0,0,0,0,
575174,2013-03-12,2012-13,1,TIT,WPR,"Boland Park, Paarl",d4eef961,M de Lange,9,0,0,0,0,
575174,2013-03-12,2012-13,1,TIT,WPR,"Boland Park, Paarl",b552a935,AC Thomas,10,0,0,0,0,
575174,2013-03-12,2012-13,1,TIT,WPR,"Boland Park, Paarl",800b52dc,NE Mbhalati,11,0,0,0,0,
575174,2013-03-12,2012-13,2,WPR,TIT,"Boland Park, Paarl",087210b1,DJ Vilas,1,32,22,5,0,bowled
575174,2013-03-12,2012-13,2,WPR,TIT,"Boland Park, Paarl",18c78b11,RE Levi,2,13,11,2,0,bowled
575174,2013-03-12,2012-13,2,WPR,TIT,"Boland Park, Paarl",9a158001,Azhar Mahmood,3,27,25,2,0,run out
575174,2013-03-12,2012-13,2,WPR,TIT,"Boland Park, Paarl",7bf96684,OA Shah,4,61,38,3,4,not out
575174,2013-03-12,2012-13,2,WPR,TIT,"Boland Park, Paarl",59a7fc89,MQ Adams,5,3,6,0,0,bowled
575174,2013-03-12,2012-13,2,WPR,TIT,"Boland Park, Paarl",55f33b32,JL Ontong,6,31,18,3,0,not out
575174,2013-03-12,2012-13,2,WPR,TIT,"Boland Park, Paarl",6581d753,JM Kemp,7,0,0,0,0,
575174,2013-03-12,2012-13,2,WPR,TIT,"Boland Park, Paarl",9c1ccdea,J Louw,8,0,0,0,0,
575174,2013-03-12,2012-13,2,WPR,TIT,"Boland Park, Paarl",537f5ab2,DL Piedt,9,0,0,0,0,
575174,2013-03-12,2012-13,2,WPR,TIT,"Boland Park, Paarl",d1c94b25,CK Langeveldt,10,0,0,0,0,
575174,2013-03-12,2012-13,2,WPR,TIT,"Boland Park, Paarl",b56dc5f7,BE Hendricks,11,0,0,0,0,
575175,2013-03-12,2012-13,1,KNG,LIONS,"De Beers Diamond Oval, Kimberley",73e749e1,LE Bosman,1,5,9,0,0,caught
575175,2013-03-12,2012-13,1,KNG,LIONS,"De Beers Diamond Oval, Kimberley",cad00a4d,RR Rossouw,2,76,47,7,4,caught
575175,2013-03-12,2012-13,1,KNG,LIONS,"De Beers Diamond Oval, Kimberley",33085ffb,D Elgar,3,16,20,0,1,caught
575175,2013-03-12,2012-13,1,KNG,LIONS,"De Beers Diamond Oval, Kimberley",4025c262,PJ van Biljon,4,12,12,0,1,caught
575175,2013-03-12,2012-13,1,KNG,LIONS,"De Beers Diamond Oval, Kimberley",647a48da,AJ Pienaar,5,6,7,0,0,bowled
575175,2013-03-12,2012-13,1,KNG,LIONS,"De Beers Diamond Oval, Kimberley",3bf40832,GL Cloete,6,2,4,0,0,stumped
575175,2013-03-12,2012-13,1,KNG,LIONS,"De Beers Diamond Oval, Kimberley",6a0537aa,N Boje,7,6,7,0,0,bowled
575175,2013-03-12,2012-13,1,KNG,LIONS,"De Beers Diamond Oval, Kimberley",6821ac10,JJ van der Wath,8,10,12,0,0,not out
575175,2013-03-12,2012-13,1,KNG,LIONS,"De Beers Diamond Oval, Kimberley",3ad06915,J Coetzee,9,0,2,0,0,run out
575175,2013-03-12,2012-13,1,KNG,LIONS,"De Beers Diamond Oval, Kimberley",97b0e4ff,SC van Schalkwyk,10,0,0,0,0,not out
575175,2013-03-12,2012-13,1,KNG,LIONS,"De Beers Diamond Oval, Kimberley",9d50c7e1,MP Siboto,11,0,0,0,0,
575175,2013-03-12,2012-13,2,LIONS,KNG,"De Beers Diamond Oval, Kimberley",372455c4,Q de Kock,1,42,33,4,1,bowled
575175,2013-03-12,2012-13,2,LIONS,KNG,"De Beers Diamond Oval, Kimberley",f390904d,GH Bodi,2,2,7,0,0,caught
575175,2013-03-12,2012-13,2,LIONS,KNG,"De Beers Diamond Oval, Kimberley",fb66ce1f,CH Morris,3,6,7,1,0,caught
575175,2013-03-12,2012-13,2,LIONS,KNG,"De Beers Diamond Oval, Kimberley",e01aafc1,AN Petersen,4,36,34,0,2,caught
575175,2013-03-12,2012-13,2,LIONS,KNG,"De Beers Diamond Oval, Kimberley",a830c083,ND McKenzie,5,1,2,0,0,caught
575175,2013-03-12,2012-13,2,LIONS,KNG,"De Beers Diamond Oval, Kimberley",64d43928,Sohail Tanvir,6,18,15,1,1,caught
575175,2013-03-12,2012-13,2,LIONS,KNG,"De Beers Diamond Oval, Kimberley",77841dcc,J Symes,7,31,17,0,4,not out
575175,2013-03-12,2012-13,2,LIONS,KNG,"De Beers Diamond Oval, Kimberley",11614d87,D Pretorius,8,0,0,0,0,not out
575175,2013-03-12,2012-13,2,LIONS,KNG,"De Beers Diamond Oval, Kimberley",acee4cc4,Imran Tahir,9,0,0,0,0,
575175,2013-03-12,2012-13,2,LIONS,KNG,"De Beers Diamond Oval, Kimberley",7f8ecc51,AM Phangiso,10,0,0,0,0,
575175,2013-03-12,2012-13,2,LIONS,KNG,"De Beers Diamond Oval, Kimberley",a316d663,GC Viljoen,11,0,0,0,0,
575176,2013-03-14,2012-13,1,KNG,WAR,"St George's Park, Port Elizabeth",73e749e1,LE Bosman,1,1,4,0,0,run out
575176,2013-03-14,2012-13,1,KNG,WAR,"St George's Park, Port Elizabeth",3bf40832,GL Cloete,2,2,4,0,0,run out
575176,2013-03-14,2012-13,1,KNG,WAR,"St George's Park, Port Elizabeth",647a48da,AJ Pienaar,3,22,30,2,0,caught
575176,2013-03-14,2012-13,1,KNG,WAR,"St George's Park, Port Elizabeth",33085ffb,D Elgar,4,61,60,2,4,not out
575176,2013-03-14,2012-13,1,KNG,WAR,"St George's Park, Port Elizabeth",4025c262,PJ van Biljon,5,17,20,0,1,caught
575176,2013-03-14,2012-13,1,KNG,WAR,"St George's Park, Port Elizabeth",6821ac10,JJ van der Wath,6,1,2,0,0,not out
575176,2013-03-14,2012-13,1,KNG,WAR,"St George's Park, Port Elizabeth",5f419ace,WL Coetsee,7,0,0,0,0,
575176,2013-03-14,2012-13,1,KNG,WAR,"St George's Park, Port Elizabeth",97b0e4ff,SC van Schalkwyk,8,0,0,0,0,
575176,2013-03-14,2012-13,1,KNG,WAR,"St George's Park, Port Elizabeth",9d50c7e1,MP Siboto,9,0,0,0,0,
575176,2013-03-14,2012-13,1,KNG,WAR,"St George's Park, Port Elizabeth",3ad06915,J Coetzee,10,0,0,0,0,
575176,2013-03-14,2012-13,1,KNG,WAR,"St George's Park, Port Elizabeth",6a0537aa,N Boje,11,0,0,0,0,
575176,2013-03-14,2012-13,2,WAR,KNG,"St George's Park, Port Elizabeth",a81d6706,C Jonker,1,6,6,0,0,bowled
575176,2013-03-14,2012-13,2,WAR,KNG,"St George's Park, Port Elizabeth",035cb925,AG Prince,2,37,47,3,0,lbw
575176,2013-03-14,2012-13,2,WAR,KNG,"St George's Park, Port Elizabeth",a84468fe,DJ Jacobs,3,30,32,3,0,caught
575176,2013-03-14,2012-13,2,WAR,KNG,"St George's Park, Port Elizabeth",18fac429,SR Patel,4,6,10,0,0,caught
575176,2013-03-14,2012-13,2,WAR,KNG,"St George's Park, Port Elizabeth",3a60e0b5,WD Parnell,5,2,6,0,0,caught
575176,2013-03-14,2012-13,2,WAR,KNG,"St George's Park, Port Elizabeth",ab446fe9,KR Smuts,6,11,8,0,0,caught
575176,2013-03-14,2012-13,2,WAR,KNG,"St George's Park, Port Elizabeth",4ad7fc1b,AP McLaren,7,0,1,0,0,caught
575176,2013-03-14,2012-13,2,WAR,KNG,"St George's Park, Port Elizabeth",789fd884,CA Thyssen,8,2,4,0,0,not out
575176,2013-03-14,2012-13,2,WAR,KNG,"St George's Park, Port Elizabeth",23638956,SR Harmer,9,11,6,1,0,not out
575176,2013-03-14,2012-13,2,WAR,KNG,"St George's Park, Port Elizabeth",dec8e038,J Theron,10,0,0,0,0,
575176,2013-03-14,2012-13,2,WAR,KNG,"St George's Park, Port Elizabeth",a83c44b8,A Gqamane,11,0,0,0,0,
575177,2013-03-14,2012-13,1,DOL,WPR,"Kingsmead, Durban",a2f71c9f,DJ van Wyk,1,35,26,5,0,caught and bowled
575177,2013-03-14,2012-13,1,DOL,WPR,"Kingsmead, Durban",afa78c3a,CS Delport,2,7,8,1,0,bowled
575177,2013-03-14,2012-13,1,DOL,WPR,"Kingsmead, Durban",27ca3a11,C Chetty,3,26,20,2,1,run out
575177,2013-03-14,2012-13,1,DOL,WPR,"Kingsmead, Durban",7ca5e05d,RS Bopara,4,15,21,1,0,caught
575177,2013-03-14,2012-13,1,DOL,WPR,"Kingsmead, Durban",d67d5f00,DA Miller,5,17,18,0,0,run out
575177,2013-03-14,2012-13,1,DOL,WPR,"Kingsmead, Durban",890b877d,VB van Jaarsveld,6,8,8,0,0,run out
575177,2013-03-14,2012-13,1,DOL,WPR,"Kingsmead, Durban",4bb02ef1,D Smit,7,33,17,3,2,not out
575177,2013-03-14,2012-13,1,DOL,WPR,"Kingsmead, Durban",a55e0360,CP Savage,8,5,3,1,0,caught
575177,2013-03-14,2012-13,1,DOL,WPR,"Kingsmead, Durban",0b60eb09,KA Maharaj,9,0,0,0,0,
575177,2013-03-14,2012-13,1,DOL,WPR,"Kingsmead, Durban",4353bba5,YA Abdulla,10,0,0,0,0,
575177,2013-03-14,2012-13,1,DOL,WPR,"Kingsmead, Durban",016e5101,M Shezi,11,0,0,0,0,
575177,2013-03-14,2012-13,2,WPR,DOL,"Kingsmead, Durban",18c78b11,RE Levi,1,19,16,2,1,caught
575177,2013-03-14,2012-13,2,WPR,DOL,"Kingsmead, Durban",9fa54c94,MY Vallie,2,0,2,0,0,bowled
575177,2013-03-14,2012-13,2,WPR,DOL,"Kingsmead, Durban",087210b1,DJ Vilas,3,47,40,2,2,caught
575177,2013-03-14,2012-13,2,WPR,DOL,"Kingsmead, Durban",7bf96684,OA Shah,4,1,13,0,0,caught
575177,2013-03-14,2012-13,2,WPR,DOL,"Kingsmead, Durban",55f33b32,JL Ontong,5,11,16,0,0,bowled
575177,2013-03-14,2012-13,2,WPR,DOL,"Kingsmead, Durban",9a158001,Azhar Mahmood,6,11,8,2,0,caught
575177,2013-03-14,2012-13,2,WPR,DOL,"Kingsmead, Durban",6581d753,JM Kemp,7,16,12,1,1,not out
575177,2013-03-14,2012-13,2,WPR,DOL,"Kingsmead, Durban",cfe70281,VD Philander,8,19,13,0,2,caught
575177,2013-03-14,2012-13,2,WPR,DOL,"Kingsmead, Durban",b56dc5f7,BE Hendricks,9,0,0,0,0,
575177,2013-03-14,2012-13,2,WPR,DOL,"Kingsmead, Durban",537f5ab2,DL Piedt,10,0,0,0,0,
575177,2013-03-14,2012-13,2,WPR,DOL,"Kingsmead, Durban",d1c94b25,CK Langeveldt,11,0,0,0,0,
575179,2013-03-22,2012-13,1,WAR,LIONS,"Buffalo Park, East London",a81d6706,C Jonker,1,42,38,2,2,caught
575179,2013-03-22,2012-13,1,WAR,LIONS,"Buffalo Park, East London",035cb925,AG Prince,2,39,33,4,1,lbw
575179,2013-03-22,2012-13,1,WAR,LIONS,"Buffalo Park, East London",c995d726,CA Ingram,3,21,16,1,1,caught
575179,2013-03-22,2012-13,1,WAR,LIONS,"Buffalo Park, East London",a84468fe,DJ Jacobs,4,0,1,0,0,bowled
575179,2013-03-22,2012-13,1,WAR,LIONS,"Buffalo Park, East London",18fac429,SR Patel,5,11,11,1,0,caught
575179,2013-03-22,2012-13,1,WAR,LIONS,"Buffalo Park, East London",4ad7fc1b,AP McLaren,6,7,8,0,0,bowled
575179,2013-03-22,2012-13,1,WAR,LIONS,"Buffalo Park, East London",3a60e0b5,WD Parnell,7,12,7,2,0,not out
575179,2013-03-22,2012-13,1,WAR,LIONS,"Buffalo Park, East London",23638956,SR Harmer,8,2,3,0,0,caught
575179,2013-03-22,2012-13,1,WAR,LIONS,"Buffalo Park, East London",a83c44b8,A Gqamane,9,4,4,0,0,not out
575179,2013-03-22,2012-13,1,WAR,LIONS,"Buffalo Park, East London",dec8e038,J Theron,10,0,0,0,0,
575179,2013-03-22,2012-13,1,WAR,LIONS,"Buffalo Park, East London",ca322fd6,L Mbane,11,0,0,0,0,
575179,2013-03-22,2012-13,2,LIONS,WAR,"Buffalo Park, East London",372455c4,Q de Kock,1,20,22,1,1,caught
575179,2013-03-22,2012-13,2,LIONS,WAR,"Buffalo Park, East London",f390904d,GH Bodi,2,9,8,2,0,caught
575179,2013-03-22,2012-13,2,LIONS,WAR,"Buffalo Park, East London",e01aafc1,AN Petersen,3,6,6,1,0,caught
575179,2013-03-22,2012-13,2,LIONS,WAR,"Buffalo Park, East London",a830c083,ND McKenzie,4,55,41,7,0,not out
575179,2013-03-22,2012-13,2,LIONS,WAR,"Buffalo Park, East London",77841dcc,J Symes,5,11,13,0,0,caught and bowled
575179,2013-03-22,2012-13,2,LIONS,WAR,"Buffalo Park, East London",64d43928,Sohail Tanvir,6,14,11,2,0,caught
575179,2013-03-22,2012-13,2,LIONS,WAR,"Buffalo Park, East London",11614d87,D Pretorius,7,2,5,0,0,lbw
575179,2013-03-22,2012-13,2,LIONS,WAR,"Buffalo Park, East London",fb66ce1f,CH Morris,8,18,15,2,0,not out
575179,2013-03-22,2012-13,2,LIONS,WAR,"Buffalo Park, East London",a316d663,GC Viljoen,9,0,0,0,0,
575179,2013-03-22,2012-13,2,LIONS,WAR,"Buffalo Park, East London",7f8ecc51,AM Phangiso,10,0,0,0,0,
575179,2013-03-22,2012-13,2,LIONS,WAR,"Buffalo Park, East London",acee4cc4,Imran Tahir,11,0,0,0,0,
575180,2013-03-22,2012-13,1,WPR,KNG,"Chevrolet Park, Bloemfontein",18c78b11,RE Levi,1,29,25,5,0,caught
575180,2013-03-22,2012-13,1,WPR,KNG,"Chevrolet Park, Bloemfontein",f4dfcbb4,S van Zyl,2,1,4,0,0,caught
575180,2013-03-22,2012-13,1,WPR,KNG,"Chevrolet Park, Bloemfontein",087210b1,DJ Vilas,3,17,15,2,0,caught
575180,2013-03-22,2012-13,1,WPR,KNG,"Chevrolet Park, Bloemfontein",7bf96684,OA Shah,4,9,7,2,0,caught
575180,2013-03-22,2012-13,1,WPR,KNG,"Chevrolet Park, Bloemfontein",55f33b32,JL Ontong,5,51,39,1,1,not out
575180,2013-03-22,2012-13,1,WPR,KNG,"Chevrolet Park, Bloemfontein",6581d753,JM Kemp,6,8,10,1,0,caught
575180,2013-03-22,2012-13,1,WPR,KNG,"Chevrolet Park, Bloemfontein",cfe70281,VD Philander,7,4,10,0,0,caught
575180,2013-03-22,2012-13,1,WPR,KNG,"Chevrolet Park, Bloemfontein",88867cac,AJA Gray,8,7,7,0,0,run out
575180,2013-03-22,2012-13,1,WPR,KNG,"Chevrolet Park, Bloemfontein",537f5ab2,DL Piedt,9,7,5,1,0,not out
575180,2013-03-22,2012-13,1,WPR,KNG,"Chevrolet Park, Bloemfontein",b56dc5f7,BE Hendricks,10,0,0,0,0,
575180,2013-03-22,2012-13,1,WPR,KNG,"Chevrolet Park, Bloemfontein",625e4e56,FC Plaatjies,11,0,0,0,0,
575180,2013-03-22,2012-13,2,KNG,WPR,"Chevrolet Park, Bloemfontein",73e749e1,LE Bosman,1,10,14,0,0,caught
575180,2013-03-22,2012-13,2,KNG,WPR,"Chevrolet Park, Bloemfontein",cad00a4d,RR Rossouw,2,4,4,1,0,caught
575180,2013-03-22,2012-13,2,KNG,WPR,"Chevrolet Park, Bloemfontein",33085ffb,D Elgar,3,56,50,4,1,not out
575180,2013-03-22,2012-13,2,KNG,WPR,"Chevrolet Park, Bloemfontein",4025c262,PJ van Biljon,4,26,23,1,1,run out
575180,2013-03-22,2012-13,2,KNG,WPR,"Chevrolet Park, Bloemfontein",647a48da,AJ Pienaar,5,38,27,3,1,not out
575180,2013-03-22,2012-13,2,KNG,WPR,"Chevrolet Park, Bloemfontein",3bf40832,GL Cloete,6,0,0,0,0,
575180,2013-03-22,2012-13,2,KNG,WPR,"Chevrolet Park, Bloemfontein",6a0537aa,N Boje,7,0,0,0,0,
575180,2013-03-22,2012-13,2,KNG,WPR,"Chevrolet Park, Bloemfontein",6821ac10,JJ van der Wath,8,0,0,0,0,
575180,2013-03-22,2012-13,2,KNG,WPR,"Chevrolet Park, Bloemfontein",d7a57f75,D du Preez,9,0,0,0,0,
575180,2013-03-22,2012-13,2,KNG,WPR,"Chevrolet Park, Bloemfontein",97b0e4ff,SC van Schalkwyk,10,0,0,0,0,
575180,2013-03-22,2012-13,2,KNG,WPR,"Chevrolet Park, Bloemfontein",9d50c7e1,MP Siboto,11,0,0,0,0,
575181,2013-03-22,2012-13,1,DOL,TIT,"SuperSport Park, Centurion",afa78c3a,CS Delport,1,20,22,3,0,lbw
575181,2013-03-22,2012-13,1,DOL,TIT,"SuperSport Park, Centurion",a2f71c9f,DJ van Wyk,2,13,15,0,1,caught
575181,2013-03-22,2012-13,1,DOL,TIT,"SuperSport Park, Centurion",27ca3a11,C Chetty,3,44,28,6,1,caught
575181,2013-03-22,2012-13,1,DOL,TIT,"SuperSport Park, Centurion",7ca5e05d,RS Bopara,4,25,20,3,0,bowled
575181,2013-03-22,2012-13,1,DOL,TIT,"SuperSport Park, Centurion",d67d5f00,DA Miller,5,25,24,2,0,not out
575181,2013-03-22,2012-13,1,DOL,TIT,"SuperSport Park, Centurion",890b877d,VB van Jaarsveld,6,2,7,0,0,run out
575181,2013-03-22,2012-13,1,DOL,TIT,"SuperSport Park, Centurion",4bb02ef1,D Smit,7,6,5,0,0,not out
575181,2013-03-22,2012-13,1,DOL,TIT,"SuperSport Park, Centurion",016e5101,M Shezi,8,0,0,0,0,
575181,2013-03-22,2012-13,1,DOL,TIT,"SuperSport Park, Centurion",a9da7784,KJ Abbott,9,0,0,0,0,
575181,2013-03-22,2012-13,1,DOL,TIT,"SuperSport Park, Centurion",0b60eb09,KA Maharaj,10,0,0,0,0,
575181,2013-03-22,2012-13,1,DOL,TIT,"SuperSport Park, Centurion",4353bba5,YA Abdulla,11,0,0,0,0,
575181,2013-03-22,2012-13,2,TIT,DOL,"SuperSport Park, Centurion",9c9f8dbc,H Davids,1,26,14,1,3,bowled
575181,2013-03-22,2012-13,2,TIT,DOL,"SuperSport Park, Centurion",42537f07,JA Rudolph,2,6,10,1,0,caught
575181,2013-03-22,2012-13,2,TIT,DOL,"SuperSport Park, Centurion",05c2ca46,RE van der Merwe,3,15,14,1,1,stumped
575181,2013-03-22,2012-13,2,TIT,DOL,"SuperSport Park, Centurion",8836fcac,M Mosehle,4,0,1,0,0,bowled
575181,2013-03-22,2012-13,2,TIT,DOL,"SuperSport Park, Centurion",57efa3be,SB Styris,5,18,26,0,1,caught
575181,2013-03-22,2012-13,2,TIT,DOL,"SuperSport Park, Centurion",dce2019b,F Behardien,6,34,25,1,2,not out
575181,2013-03-22,2012-13,2,TIT,DOL,"SuperSport Park, Centurion",c3d35165,JA Morkel,7,15,15,0,1,caught
575181,2013-03-22,2012-13,2,TIT,DOL,"SuperSport Park, Centurion",aa8d28ae,D Wiese,8,27,8,1,3,not out
575181,2013-03-22,2012-13,2,TIT,DOL,"SuperSport Park, Centurion",b552a935,AC Thomas,9,0,0,0,0,
575181,2013-03-22,2012-13,2,TIT,DOL,"SuperSport Park, Centurion",994d9d36,ER Links,10,0,0,0,0,
575181,2013-03-22,2012-13,2,TIT,DOL,"SuperSport Park, Centurion",5bb5a915,M Morkel,11,0,0,0,0,
575183,2013-03-26,2012-13,1,KNG,TIT,"Chevrolet Park, Bloemfontein",704af8eb,MN Erlank,1,1,6,0,0,caught
575183,2013-03-26,2012-13,1,KNG,TIT,"Chevrolet Park, Bloemfontein",cad00a4d,RR Rossouw,2,6,7,1,0,caught
575183,2013-03-26,2012-13,1,KNG,TIT,"Chevrolet Park, Bloemfontein",33085ffb,D Elgar,3,23,33,1,0,caught and bowled
575183,2013-03-26,2012-13,1,KNG,TIT,"Chevrolet Park, Bloemfontein",4025c262,PJ van Biljon,4,26,29,2,0,caught
575183,2013-03-26,2012-13,1,KNG,TIT,"Chevrolet Park, Bloemfontein",647a48da,AJ Pienaar,5,31,16,2,1,run out
575183,2013-03-26,2012-13,1,KNG,TIT,"Chevrolet Park, Bloemfontein",c654af19,R McLaren,6,8,11,0,0,caught
575183,2013-03-26,2012-13,1,KNG,TIT,"Chevrolet Park, Bloemfontein",6821ac10,JJ van der Wath,7,19,12,2,0,not out
575183,2013-03-26,2012-13,1,KNG,TIT,"Chevrolet Park, Bloemfontein",3bf40832,GL Cloete,8,5,4,0,0,caught
575183,2013-03-26,2012-13,1,KNG,TIT,"Chevrolet Park, Bloemfontein",6a0537aa,N Boje,9,2,2,0,0,not out
575183,2013-03-26,2012-13,1,KNG,TIT,"Chevrolet Park, Bloemfontein",97b0e4ff,SC van Schalkwyk,10,0,0,0,0,
575183,2013-03-26,2012-13,1,KNG,TIT,"Chevrolet Park, Bloemfontein",9d50c7e1,MP Siboto,11,0,0,0,0,
575183,2013-03-26,2012-13,2,TIT,KNG,"Chevrolet Park, Bloemfontein",9c9f8dbc,H Davids,1,4,4,0,0,caught
575183,2013-03-26,2012-13,2,TIT,KNG,"Chevrolet Park, Bloemfontein",ede05b97,HG Kuhn,2,27,20,5,0,caught
575183,2013-03-26,2012-13,2,TIT,KNG,"Chevrolet Park, Bloemfontein",05c2ca46,RE van der Merwe,3,45,49,2,0,not out
575183,2013-03-26,2012-13,2,TIT,KNG,"Chevrolet Park, Bloemfontein",57efa3be,SB Styris,4,57,43,4,1,not out
575183,2013-03-26,2012-13,2,TIT,KNG,"Chevrolet Park, Bloemfontein",aa8d28ae,D Wiese,5,0,0,0,0,
575183,2013-03-26,2012-13,2,TIT,KNG,"Chevrolet Park, Bloemfontein",994d9d36,ER Links,6,0,0,0,0,
575183,2013-03-26,2012-13,2,TIT,KNG,"Chevrolet Park, Bloemfontein",8836fcac,M Mosehle,7,0,0,0,0,
575183,2013-03-26,2012-13,2,TIT,KNG,"Chevrolet Park, Bloemfontein",dce2019b,F Behardien,8,0,0,0,0,
575183,2013-03-26,2012-13,2,TIT,KNG,"Chevrolet Park, Bloemfontein",b552a935,AC Thomas,9,0,0,0,0,
575183,2013-03-26,2012-13,2,TIT,KNG,"Chevrolet Park, Bloemfontein",5bb5a915,M Morkel,10,0,0,0,0,
575183,2013-03-26,2012-13,2,TIT,KNG,"Chevrolet Park, Bloemfontein",c3d35165,JA Morkel,11,0,0,0,0,
575184,2013-03-28,2012-13,1,WPR,WAR,"Newlands, Cape Town",18c78b11,RE Levi,1,9,8,2,0,bowled
575184,2013-03-28,2012-13,1,WPR,WAR,"Newlands, Cape Town",637b6fbd,AG Puttick,2,28,29,3,0,caught
575184,2013-03-28,2012-13,1,WPR,WAR,"Newlands, Cape Town",087210b1,DJ Vilas,3,15,22,0,0,caught
575184,2013-03-28,2012-13,1,WPR,WAR,"Newlands, Cape Town",7bf96684,OA Shah,4,33,29,3,0,not out
575184,2013-03-28,2012-13,1,WPR,WAR,"Newlands, Cape Town",55f33b32,JL Ontong,5,23,18,1,1,caught
575184,2013-03-28,2012-13,1,WPR,WAR,"Newlands, Cape Town",6581d753,JM Kemp,6,14,8,1,1,caught
575184,2013-03-28,2012-13,1,WPR,WAR,"Newlands, Cape Town",9fa54c94,MY Vallie,7,0,0,0,0,
575184,2013-03-28,2012-13,1,WPR,WAR,"Newlands, Cape Town",9c1ccdea,J Louw,8,0,0,0,0,
575184,2013-03-28,2012-13,1,WPR,WAR,"Newlands, Cape Town",537f5ab2,DL Piedt,9,0,0,0,0,
575184,2013-03-28,2012-13,1,WPR,WAR,"Newlands, Cape Town",625e4e56,FC Plaatjies,10,0,0,0,0,
575184,2013-03-28,2012-13,1,WPR,WAR,"Newlands, Cape Town",b56dc5f7,BE Hendricks,11,0,0,0,0,
575184,2013-03-28,2012-13,2,WAR,WPR,"Newlands, Cape Town",a81d6706,C Jonker,1,64,39,4,5,not out
575184,2013-03-28,2012-13,2,WAR,WPR,"Newlands, Cape Town",035cb925,AG Prince,2,7,7,1,0,caught
575184,2013-03-28,2012-13,2,WAR,WPR,"Newlands, Cape Town",c995d726,CA Ingram,3,45,22,5,2,bowled
575184,2013-03-28,2012-13,2,WAR,WPR,"Newlands, Cape Town",a84468fe,DJ Jacobs,4,6,9,0,0,not out
575184,2013-03-28,2012-13,2,WAR,WPR,"Newlands, Cape Town",18fac429,SR Patel,5,0,0,0,0,
575184,2013-03-28,2012-13,2,WAR,WPR,"Newlands, Cape Town",4ad7fc1b,AP McLaren,6,0,0,0,0,
575184,2013-03-28,2012-13,2,WAR,WPR,"Newlands, Cape Town",3a60e0b5,WD Parnell,7,0,0,0,0,
575184,2013-03-28,2012-13,2,WAR,WPR,"Newlands, Cape Town",23638956,SR Harmer,8,0,0,0,0,
575184,2013-03-28,2012-13,2,WAR,WPR,"Newlands, Cape Town",ca322fd6,L Mbane,9,0,0,0,0,
575184,2013-03-28,2012-13,2,WAR,WPR,"Newlands, Cape Town",789fd884,CA Thyssen,10,0,0,0,0,
575184,2013-03-28,2012-13,2,WAR,WPR,"Newlands, Cape Town",dec8e038,J Theron,11,0,0,0,0,
575185,2013-03-28,2012-13,1,LIONS,DOL,"New Wanderers Stadium, Johannesburg",9948e262,HE van der Dussen,1,27,17,4,0,caught
575185,2013-03-28,2012-13,1,LIONS,DOL,"New Wanderers Stadium, Johannesburg",372455c4,Q de Kock,2,97,61,3,8,caught
575185,2013-03-28,2012-13,1,LIONS,DOL,"New Wanderers Stadium, Johannesburg",f390904d,GH Bodi,3,7,10,0,0,lbw
575185,2013-03-28,2012-13,1,LIONS,DOL,"New Wanderers Stadium, Johannesburg",e01aafc1,AN Petersen,4,55,29,4,2,not out
575185,2013-03-28,2012-13,1,LIONS,DOL,"New Wanderers Stadium, Johannesburg",77841dcc,J Symes,5,3,3,0,0,caught
575185,2013-03-28,2012-13,1,LIONS,DOL,"New Wanderers Stadium, Johannesburg",fb66ce1f,CH Morris,6,0,0,0,0,not out
575185,2013-03-28,2012-13,1,LIONS,DOL,"New Wanderers Stadium, Johannesburg",11614d87,D Pretorius,7,0,0,0,0,
575185,2013-03-28,2012-13,1,LIONS,DOL,"New Wanderers Stadium, Johannesburg",a830c083,ND McKenzie,8,0,0,0,0,
575185,2013-03-28,2012-13,1,LIONS,DOL,"New Wanderers Stadium, Johannesburg",a316d663,GC Viljoen,9,0,0,0,0,
575185,2013-03-28,2012-13,1,LIONS,DOL,"New Wanderers Stadium, Johannesburg",7f8ecc51,AM Phangiso,10,0,0,0,0,
575185,2013-03-28,2012-13,1,LIONS,DOL,"New Wanderers Stadium, Johannesburg",acee4cc4,Imran Tahir,11,0,0,0,0,
575185,2013-03-28,2012-13,2,DOL,LIONS,"New Wanderers Stadium, Johannesburg",a2f71c9f,DJ van Wyk,1,6,5,1,0,bowled
575185,2013-03-28,2012-13,2,DOL,LIONS,"New Wanderers Stadium, Johannesburg",afa78c3a,CS Delport,2,10,6,2,0,caught
575185,2013-03-28,2012-13,2,DOL,LIONS,"New Wanderers Stadium, Johannesburg",27ca3a11,C Chetty,3,28,25,4,0,stumped
575185,2013-03-28,2012-13,2,DOL,LIONS,"New Wanderers Stadium, Johannesburg",890b877d,VB van Jaarsveld,4,22,20,1,1,run out
575185,2013-03-28,2012-13,2,DOL,LIONS,"New Wanderers Stadium, Johannesburg",d67d5f00,DA Miller,5,6,6,1,0,caught
575185,2013-03-28,2012-13,2,DOL,LIONS,"New Wanderers Stadium, Johannesburg",7ca5e05d,RS Bopara,6,9,12,0,0,caught
575185,2013-03-28,2012-13,2,DOL,LIONS,"New Wanderers Stadium, Johannesburg",4bb02ef1,D Smit,7,41,25,3,3,caught
575185,2013-03-28,2012-13,2,DOL,LIONS,"New Wanderers Stadium, Johannesburg",a9da7784,KJ Abbott,8,2,8,0,0,run out
575185,2013-03-28,2012-13,2,DOL,LIONS,"New Wanderers Stadium, Johannesburg",0b60eb09,KA Maharaj,9,1,2,0,0,bowled
575185,2013-03-28,2012-13,2,DOL,LIONS,"New Wanderers Stadium, Johannesburg",016e5101,M Shezi,10,6,5,1,0,not out
575185,2013-03-28,2012-13,2,DOL,LIONS,"New Wanderers Stadium, Johannesburg",4353bba5,YA Abdulla,11,1,6,0,0,not out
575186,2013-04-03,2012-13,1,WAR,TIT,"Buffalo Park, East London",a84468fe,DJ Jacobs,1,51,43,2,2,caught
575186,2013-04-03,2012-13,1,WAR,TIT,"Buffalo Park, East London",a81d6706,C Jonker,2,1,3,0,0,caught
575186,2013-04-03,2012-13,1,WAR,TIT,"Buffalo Park, East London",c995d726,CA Ingram,3,7,11,1,0,caught
575186,2013-04-03,2012-13,1,WAR,TIT,"Buffalo Park, East London",18fac429,SR Patel,4,19,19,1,1,caught
575186,2013-04-03,2012-13,1,WAR,TIT,"Buffalo Park, East London",4ad7fc1b,AP McLaren,5,20,24,0,0,caught
575186,2013-04-03,2012-13,1,WAR,TIT,"Buffalo Park, East London",789fd884,CA Thyssen,6,12,9,0,1,caught
575186,2013-04-03,2012-13,1,WAR,TIT,"Buffalo Park, East London",3a60e0b5,WD Parnell,7,8,7,1,0,bowled
575186,2013-04-03,2012-13,1,WAR,TIT,"Buffalo Park, East London",23638956,SR Harmer,8,0,1,0,0,lbw
575186,2013-04-03,2012-13,1,WAR,TIT,"Buffalo Park, East London",a83c44b8,A Gqamane,9,5,2,1,0,not out
575186,2013-04-03,2012-13,1,WAR,TIT,"Buffalo Park, East London",dec8e038,J Theron,10,0,1,0,0,bowled
575186,2013-04-03,2012-13,1,WAR,TIT,"Buffalo Park, East London",ca322fd6,L Mbane,11,0,0,0,0,
575186,2013-04-03,2012-13,2,TIT,WAR,"Buffalo Park, East London",9c9f8dbc,H Davids,1,23,27,1,1,bowled
575186,2013-04-03,2012-13,2,TIT,WAR,"Buffalo Park, East London",ede05b97,HG Kuhn,2,5,11,0,0,bowled
575186,2013-04-03,2012-13,2,TIT,WAR,"Buffalo Park, East London",e1d1b294,HH Gibbs,3,0,3,0,0,bowled
575186,2013-04-03,2012-13,2,TIT,WAR,"Buffalo Park, East London",c4487b84,AB de Villiers,4,31,36,1,0,caught
575186,2013-04-03,2012-13,2,TIT,WAR,"Buffalo Park, East London",dce2019b,F Behardien,5,41,26,1,3,not out
575186,2013-04-03,2012-13,2,TIT,WAR,"Buffalo Park, East London",c3d35165,JA Morkel,6,9,8,1,0,bowled
575186,2013-04-03,2012-13,2,TIT,WAR,"Buffalo Park, East London",aa8d28ae,D Wiese,7,7,6,1,0,caught
575186,2013-04-03,2012-13,2,TIT,WAR,"Buffalo Park, East London",05c2ca46,RE van der Merwe,8,2,2,0,0,not out
575186,2013-04-03,2012-13,2,TIT,WAR,"Buffalo Park, East London",b552a935,AC Thomas,9,0,0,0,0,
575186,2013-04-03,2012-13,2,TIT,WAR,"Buffalo Park, East London",994d9d36,ER Links,10,0,0,0,0,
575186,2013-04-03,2012-13,2,TIT,WAR,"Buffalo Park, East London",5bb5a915,M Morkel,11,0,0,0,0,
575187,2013-04-07,2012-13,1,LIONS,TIT,"New Wanderers Stadium, Johannesburg",9948e262,HE van der Dussen,1,12,18,0,1,caught and bowled
575187,2013-04-07,2012-13,1,LIONS,TIT,"New Wanderers Stadium, Johannesburg",372455c4,Q de Kock,2,44,31,3,3,caught
575187,2013-04-07,2012-13,1,LIONS,TIT,"New Wanderers Stadium, Johannesburg",a830c083,ND McKenzie,3,39,32,5,0,lbw
575187,2013-04-07,2012-13,1,LIONS,TIT,"New Wanderers Stadium, Johannesburg",e01aafc1,AN Petersen,4,15,11,1,1,bowled
575187,2013-04-07,2012-13,1,LIONS,TIT,"New Wanderers Stadium, Johannesburg",64d43928,Sohail Tanvir,5,18,16,0,1,not out
575187,2013-04-07,2012-13,1,LIONS,TIT,"New Wanderers Stadium, Johannesburg",77841dcc,J Symes,6,10,10,1,0,bowled
575187,2013-04-07,2012-13,1,LIONS,TIT,"New Wanderers Stadium, Johannesburg",fb66ce1f,CH Morris,7,4,2,1,0,not out
575187,2013-04-07,2012-13,1,LIONS,TIT,"New Wanderers Stadium, Johannesburg",9ffd1ac1,T Bavuma,8,0,0,0,0,
575187,2013-04-07,2012-13,1,LIONS,TIT,"New Wanderers Stadium, Johannesburg",a316d663,GC Viljoen,9,0,0,0,0,
575187,2013-04-07,2012-13,1,LIONS,TIT,"New Wanderers Stadium, Johannesburg",acee4cc4,Imran Tahir,10,0,0,0,0,
575187,2013-04-07,2012-13,1,LIONS,TIT,"New Wanderers Stadium, Johannesburg",7f8ecc51,AM Phangiso,11,0,0,0,0,
575187,2013-04-07,2012-13,2,TIT,LIONS,"New Wanderers Stadium, Johannesburg",9c9f8dbc,H Davids,1,14,14,2,0,caught
575187,2013-04-07,2012-13,2,TIT,LIONS,"New Wanderers Stadium, Johannesburg",ede05b97,HG Kuhn,2,19,21,1,1,lbw
575187,2013-04-07,2012-13,2,TIT,LIONS,"New Wanderers Stadium, Johannesburg",e1d1b294,HH Gibbs,3,22,22,2,0,bowled
575187,2013-04-07,2012-13,2,TIT,LIONS,"New Wanderers Stadium, Johannesburg",c4487b84,AB de Villiers,4,4,4,0,0,lbw
575187,2013-04-07,2012-13,2,TIT,LIONS,"New Wanderers Stadium, Johannesburg",dce2019b,F Behardien,5,6,7,1,0,lbw
575187,2013-04-07,2012-13,2,TIT,LIONS,"New Wanderers Stadium, Johannesburg",05c2ca46,RE van der Merwe,6,7,10,1,0,caught
575187,2013-04-07,2012-13,2,TIT,LIONS,"New Wanderers Stadium, Johannesburg",aa8d28ae,D Wiese,7,21,13,2,1,caught
575187,2013-04-07,2012-13,2,TIT,LIONS,"New Wanderers Stadium, Johannesburg",c3d35165,JA Morkel,8,16,13,1,1,caught
575187,2013-04-07,2012-13,2,TIT,LIONS,"New Wanderers Stadium, Johannesburg",994d9d36,ER Links,9,0,2,0,0,caught
575187,2013-04-07,2012-13,2,TIT,LIONS,"New Wanderers Stadium, Johannesburg",5bb5a915,M Morkel,10,0,1,0,0,caught
575187,2013-04-07,2012-13,2,TIT,LIONS,"New Wanderers Stadium, Johannesburg",d4eef961,M de Lange,11,0,2,0,0,not out
652257,2014-01-08,2013-14,1,KNG,WAR,"Buffalo Park, East London",b8cc58c9,RR Hendricks,1,17,14,2,0,bowled
652257,2014-01-08,2013-14,1,KNG,WAR,"Buffalo Park, East London",cad00a4d,RR Rossouw,2,0,1,0,0,caught
652257,2014-01-08,2013-14,1,KNG,WAR,"Buffalo Park, East London",4025c262,PJ van Biljon,3,18,14,3,0,caught
652257,2014-01-08,2013-14,1,KNG,WAR,"Buffalo Park, East London",33085ffb,D Elgar,4,38,42,1,1,bowled
652257,2014-01-08,2013-14,1,KNG,WAR,"Buffalo Park, East London",647a48da,AJ Pienaar,5,7,13,0,0,caught and bowled
652257,2014-01-08,2013-14,1,KNG,WAR,"Buffalo Park, East London",f8e6dbdd,DS Rosier,6,11,13,1,0,caught and bowled
652257,2014-01-08,2013-14,1,KNG,WAR,"Buffalo Park, East London",c654af19,R McLaren,7,13,16,1,0,not out
652257,2014-01-08,2013-14,1,KNG,WAR,"Buffalo Park, East London",6821ac10,JJ van der Wath,8,5,8,0,0,not out
652257,2014-01-08,2013-14,1,KNG,WAR,"Buffalo Park, East London",4c9c19e3,LN Mosena,9,0,0,0,0,
652257,2014-01-08,2013-14,1,KNG,WAR,"Buffalo Park, East London",6a0537aa,N Boje,10,0,0,0,0,
652257,2014-01-08,2013-14,1,KNG,WAR,"Buffalo Park, East London",9d50c7e1,MP Siboto,11,0,0,0,0,
652257,2014-01-08,2013-14,2,WAR,KNG,"Buffalo Park, East London",a81d6706,C Jonker,1,21,19,3,1,caught
652257,2014-01-08,2013-14,2,WAR,KNG,"Buffalo Park, East London",6ca6d885,EM Moore,2,14,18,2,0,caught
652257,2014-01-08,2013-14,2,WAR,KNG,"Buffalo Park, East London",035cb925,AG Prince,3,20,21,1,0,bowled
652257,2014-01-08,2013-14,2,WAR,KNG,"Buffalo Park, East London",42172c3c,JT Smuts,4,29,29,2,0,caught
652257,2014-01-08,2013-14,2,WAR,KNG,"Buffalo Park, East London",93a751e8,RT Bailey,5,22,25,2,0,lbw
652257,2014-01-08,2013-14,2,WAR,KNG,"Buffalo Park, East London",a84468fe,DJ Jacobs,6,7,4,1,0,not out
652257,2014-01-08,2013-14,2,WAR,KNG,"Buffalo Park, East London",3a60e0b5,WD Parnell,7,1,1,0,0,not out
652257,2014-01-08,2013-14,2,WAR,KNG,"Buffalo Park, East London",23638956,SR Harmer,8,0,0,0,0,
652257,2014-01-08,2013-14,2,WAR,KNG,"Buffalo Park, East London",9df3a2f4,ACR Birch,9,0,0,0,0,
652257,2014-01-08,2013-14,2,WAR,KNG,"Buffalo Park, East London",dec8e038,J Theron,10,0,0,0,0,
652257,2014-01-08,2013-14,2,WAR,KNG,"Buffalo Park, East London",ca322fd6,L Mbane,11,0,0,0,0,
652259,2014-01-10,2013-14,1,KNG,DOL,"Diamond Oval, Kimberley",b8cc58c9,RR Hendricks,1,60,46,5,2,caught
652259,2014-01-10,2013-14,1,KNG,DOL,"Diamond Oval, Kimberley",cad00a4d,RR Rossouw,2,51,33,8,1,caught
652259,2014-01-10,2013-14,1,KNG,DOL,"Diamond Oval, Kimberley",33085ffb,D Elgar,3,52,33,4,2,not out
652259,2014-01-10,2013-14,1,KNG,DOL,"Diamond Oval, Kimberley",4025c262,PJ van Biljon,4,0,2,0,0,caught
652259,2014-01-10,2013-14,1,KNG,DOL,"Diamond Oval, Kimberley",647a48da,AJ Pienaar,5,1,2,0,0,caught
652259,2014-01-10,2013-14,1,KNG,DOL,"Diamond Oval, Kimberley",6821ac10,JJ van der Wath,6,7,4,1,0,not out
652259,2014-01-10,2013-14,1,KNG,DOL,"Diamond Oval, Kimberley",c654af19,R McLaren,7,0,0,0,0,
652259,2014-01-10,2013-14,1,KNG,DOL,"Diamond Oval, Kimberley",4c9c19e3,LN Mosena,8,0,0,0,0,
652259,2014-01-10,2013-14,1,KNG,DOL,"Diamond Oval, Kimberley",f8e6dbdd,DS Rosier,9,0,0,0,0,
652259,2014-01-10,2013-14,1,KNG,DOL,"Diamond Oval, Kimberley",6a0537aa,N Boje,10,0,0,0,0,
652259,2014-01-10,2013-14,1,KNG,DOL,"Diamond Oval, Kimberley",9d50c7e1,MP Siboto,11,0,0,0,0,
652259,2014-01-10,2013-14,2,DOL,KNG,"Diamond Oval, Kimberley",710dd98c,MN van Wyk,1,1,3,0,0,caught
652259,2014-01-10,2013-14,2,DOL,KNG,"Diamond Oval, Kimberley",afa78c3a,CS Delport,2,36,26,6,0,caught
652259,2014-01-10,2013-14,2,DOL,KNG,"Diamond Oval, Kimberley",27ca3a11,C Chetty,3,46,29,2,3,caught
652259,2014-01-10,2013-14,2,DOL,KNG,"Diamond Oval, Kimberley",890b877d,VB van Jaarsveld,4,11,11,0,0,caught
652259,2014-01-10,2013-14,2,DOL,KNG,"Diamond Oval, Kimberley",d67d5f00,DA Miller,5,56,31,4,3,not out
652259,2014-01-10,2013-14,2,DOL,KNG,"Diamond Oval, Kimberley",4aad78d3,K Zondo,6,13,10,0,1,caught
652259,2014-01-10,2013-14,2,DOL,KNG,"Diamond Oval, Kimberley",8b248d88,R Frylinck,7,1,2,0,0,caught
652259,2014-01-10,2013-14,2,DOL,KNG,"Diamond Oval, Kimberley",4bb02ef1,D Smit,8,6,2,1,0,not out
652259,2014-01-10,2013-14,2,DOL,KNG,"Diamond Oval, Kimberley",0b60eb09,KA Maharaj,9,0,0,0,0,
652259,2014-01-10,2013-14,2,DOL,KNG,"Diamond Oval, Kimberley",a9da7784,KJ Abbott,10,0,0,0,0,
652259,2014-01-10,2013-14,2,DOL,KNG,"Diamond Oval, Kimberley",26d9937d,CJ Alexander,11,0,0,0,0,
652261,2014-01-09,2013-14,1,WPR,TIT,"SuperSport Park, Centurion",e798611a,HM Amla,1,48,29,7,1,caught
652261,2014-01-09,2013-14,1,WPR,TIT,"SuperSport Park, Centurion",18c78b11,RE Levi,2,0,3,0,0,lbw
652261,2014-01-09,2013-14,1,WPR,TIT,"SuperSport Park, Centurion",72861603,GC Smith,3,23,23,2,0,caught
652261,2014-01-09,2013-14,1,WPR,TIT,"SuperSport Park, Centurion",2e8994e7,JP Duminy,4,0,1,0,0,lbw
652261,2014-01-09,2013-14,1,WPR,TIT,"SuperSport Park, Centurion",55f33b32,JL Ontong,5,12,16,0,0,not out
652261,2014-01-09,2013-14,1,WPR,TIT,"SuperSport Park, Centurion",087210b1,DJ Vilas,6,7,8,1,0,not out
652261,2014-01-09,2013-14,1,WPR,TIT,"SuperSport Park, Centurion",6581d753,JM Kemp,7,0,0,0,0,
652261,2014-01-09,2013-14,1,WPR,TIT,"SuperSport Park, Centurion",26ff4c29,RJ Peterson,8,0,0,0,0,
652261,2014-01-09,2013-14,1,WPR,TIT,"SuperSport Park, Centurion",7955eb15,RK Kleinveldt,9,0,0,0,0,
652261,2014-01-09,2013-14,1,WPR,TIT,"SuperSport Park, Centurion",b56dc5f7,BE Hendricks,10,0,0,0,0,
652261,2014-01-09,2013-14,1,WPR,TIT,"SuperSport Park, Centurion",955e8e86,A Mgijima,11,0,0,0,0,
652261,2014-01-09,2013-14,2,TIT,WPR,"SuperSport Park, Centurion",9c9f8dbc,H Davids,1,8,8,1,0,caught
652261,2014-01-09,2013-14,2,TIT,WPR,"SuperSport Park, Centurion",3355b542,F du Plessis,2,0,1,0,0,caught
652261,2014-01-09,2013-14,2,TIT,WPR,"SuperSport Park, Centurion",8836fcac,M Mosehle,3,0,2,0,0,caught
652261,2014-01-09,2013-14,2,TIT,WPR,"SuperSport Park, Centurion",dce2019b,F Behardien,4,41,23,2,3,caught
652261,2014-01-09,2013-14,2,TIT,WPR,"SuperSport Park, Centurion",c3d35165,JA Morkel,5,22,21,1,1,not out
652261,2014-01-09,2013-14,2,TIT,WPR,"SuperSport Park, Centurion",aa8d28ae,D Wiese,6,5,4,0,0,not out
652261,2014-01-09,2013-14,2,TIT,WPR,"SuperSport Park, Centurion",42537f07,JA Rudolph,7,0,0,0,0,
652261,2014-01-09,2013-14,2,TIT,WPR,"SuperSport Park, Centurion",05c2ca46,RE van der Merwe,8,0,0,0,0,
652261,2014-01-09,2013-14,2,TIT,WPR,"SuperSport Park, Centurion",ede05b97,HG Kuhn,9,0,0,0,0,
652261,2014-01-09,2013-14,2,TIT,WPR,"SuperSport Park, Centurion",800b52dc,NE Mbhalati,10,0,0,0,0,
652261,2014-01-09,2013-14,2,TIT,WPR,"SuperSport Park, Centurion",fa9c0196,RR Richards,11,0,0,0,0,
652263,2014-01-11,2013-14,1,WPR,WAR,"St George's Park, Port Elizabeth",f4dfcbb4,S van Zyl,1,26,14,6,0,bowled
652263,2014-01-11,2013-14,1,WPR,WAR,"St George's Park, Port Elizabeth",e798611a,HM Amla,2,1,4,0,0,bowled
652263,2014-01-11,2013-14,1,WPR,WAR,"St George's Park, Port Elizabeth",2e8994e7,JP Duminy,3,45,45,3,0,caught
652263,2014-01-11,2013-14,1,WPR,WAR,"St George's Park, Port Elizabeth",55f33b32,JL Ontong,4,37,29,3,1,bowled
652263,2014-01-11,2013-14,1,WPR,WAR,"St George's Park, Port Elizabeth",087210b1,DJ Vilas,5,22,14,3,1,caught
652263,2014-01-11,2013-14,1,WPR,WAR,"St George's Park, Port Elizabeth",6581d753,JM Kemp,6,10,8,1,0,not out
652263,2014-01-11,2013-14,1,WPR,WAR,"St George's Park, Port Elizabeth",26ff4c29,RJ Peterson,7,11,6,2,0,caught
652263,2014-01-11,2013-14,1,WPR,WAR,"St George's Park, Port Elizabeth",81a0e294,SA Engelbrecht,8,0,0,0,0,not out
652263,2014-01-11,2013-14,1,WPR,WAR,"St George's Park, Port Elizabeth",7955eb15,RK Kleinveldt,9,0,0,0,0,
652263,2014-01-11,2013-14,1,WPR,WAR,"St George's Park, Port Elizabeth",955e8e86,A Mgijima,10,0,0,0,0,
652263,2014-01-11,2013-14,1,WPR,WAR,"St George's Park, Port Elizabeth",b56dc5f7,BE Hendricks,11,0,0,0,0,
652263,2014-01-11,2013-14,2,WAR,WPR,"St George's Park, Port Elizabeth",a81d6706,C Jonker,1,10,15,2,0,caught
652263,2014-01-11,2013-14,2,WAR,WPR,"St George's Park, Port Elizabeth",6ca6d885,EM Moore,2,12,21,1,0,lbw
652263,2014-01-11,2013-14,2,WAR,WPR,"St George's Park, Port Elizabeth",035cb925,AG Prince,3,10,7,2,0,lbw
652263,2014-01-11,2013-14,2,WAR,WPR,"St George's Park, Port Elizabeth",42172c3c,JT Smuts,4,17,21,2,0,caught
652263,2014-01-11,2013-14,2,WAR,WPR,"St George's Park, Port Elizabeth",93a751e8,RT Bailey,5,9,4,0,1,bowled
652263,2014-01-11,2013-14,2,WAR,WPR,"St George's Park, Port Elizabeth",a84468fe,DJ Jacobs,6,62,31,2,6,not out
652263,2014-01-11,2013-14,2,WAR,WPR,"St George's Park, Port Elizabeth",3a60e0b5,WD Parnell,7,0,3,0,0,bowled
652263,2014-01-11,2013-14,2,WAR,WPR,"St George's Park, Port Elizabeth",23638956,SR Harmer,8,0,2,0,0,lbw
652263,2014-01-11,2013-14,2,WAR,WPR,"St George's Park, Port Elizabeth",9df3a2f4,ACR Birch,9,2,4,0,0,run out
652263,2014-01-11,2013-14,2,WAR,WPR,"St George's Park, Port Elizabeth",dec8e038,J Theron,10,1,5,0,0,bowled
652263,2014-01-11,2013-14,2,WAR,WPR,"St George's Park, Port Elizabeth",ca322fd6,L Mbane,11,7,7,1,0,not out
652265,2014-01-05,2013-14,1,DOL,TIT,"Newlands, Cape Town",afa78c3a,CS Delport,1,7,7,1,0,caught
652265,2014-01-05,2013-14,1,DOL,TIT,"Newlands, Cape Town",710dd98c,MN van Wyk,2,4,2,1,0,run out
652265,2014-01-05,2013-14,1,DOL,TIT,"Newlands, Cape Town",27ca3a11,C Chetty,3,9,19,1,0,run out
652265,2014-01-05,2013-14,1,DOL,TIT,"Newlands, Cape Town",890b877d,VB van Jaarsveld,4,82,56,2,7,not out
652265,2014-01-05,2013-14,1,DOL,TIT,"Newlands, Cape Town",d67d5f00,DA Miller,5,1,4,0,0,caught
652265,2014-01-05,2013-14,1,DOL,TIT,"Newlands, Cape Town",4aad78d3,K Zondo,6,41,33,4,1,not out
652265,2014-01-05,2013-14,1,DOL,TIT,"Newlands, Cape Town",4bb02ef1,D Smit,7,0,0,0,0,
652265,2014-01-05,2013-14,1,DOL,TIT,"Newlands, Cape Town",8b248d88,R Frylinck,8,0,0,0,0,
652265,2014-01-05,2013-14,1,DOL,TIT,"Newlands, Cape Town",0b60eb09,KA Maharaj,9,0,0,0,0,
652265,2014-01-05,2013-14,1,DOL,TIT,"Newlands, Cape Town",a9da7784,KJ Abbott,10,0,0,0,0,
652265,2014-01-05,2013-14,1,DOL,TIT,"Newlands, Cape Town",26d9937d,CJ Alexander,11,0,0,0,0,
652265,2014-01-05,2013-14,2,TIT,DOL,"Newlands, Cape Town",42537f07,JA Rudolph,1,12,13,1,0,caught
652265,2014-01-05,2013-14,2,TIT,DOL,"Newlands, Cape Town",9c9f8dbc,H Davids,2,0,3,0,0,caught
652265,2014-01-05,2013-14,2,TIT,DOL,"Newlands, Cape Town",ede05b97,HG Kuhn,3,5,9,1,0,caught
652265,2014-01-05,2013-14,2,TIT,DOL,"Newlands, Cape Town",3355b542,F du Plessis,4,24,21,1,0,caught
652265,2014-01-05,2013-14,2,TIT,DOL,"Newlands, Cape Town",dce2019b,F Behardien,5,19,20,0,1,bowled
652265,2014-01-05,2013-14,2,TIT,DOL,"Newlands, Cape Town",c3d35165,JA Morkel,6,3,7,0,0,caught
652265,2014-01-05,2013-14,2,TIT,DOL,"Newlands, Cape Town",aa8d28ae,D Wiese,7,42,24,4,2,run out
652265,2014-01-05,2013-14,2,TIT,DOL,"Newlands, Cape Town",05c2ca46,RE van der Merwe,8,18,18,2,0,not out
652265,2014-01-05,2013-14,2,TIT,DOL,"Newlands, Cape Town",8836fcac,M Mosehle,9,14,5,3,0,not out
652265,2014-01-05,2013-14,2,TIT,DOL,"Newlands, Cape Town",800b52dc,NE Mbhalati,10,0,0,0,0,
652265,2014-01-05,2013-14,2,TIT,DOL,"Newlands, Cape Town",fa9c0196,RR Richards,11,0,0,0,0,
652267,2014-01-12,2013-14,1,LIONS,KNG,"Chevrolet Park, Bloemfontein",372455c4,Q de Kock,1,71,54,6,2,bowled
652267,2014-01-12,2013-14,1,LIONS,KNG,"Chevrolet Park, Bloemfontein",e01aafc1,AN Petersen,2,0,1,0,0,lbw
652267,2014-01-12,2013-14,1,LIONS,KNG,"Chevrolet Park, Bloemfontein",f390904d,GH Bodi,3,21,19,0,2,caught and bowled
652267,2014-01-12,2013-14,1,LIONS,KNG,"Chevrolet Park, Bloemfontein",a830c083,ND McKenzie,4,24,25,2,0,run out
652267,2014-01-12,2013-14,1,LIONS,KNG,"Chevrolet Park, Bloemfontein",9a158001,Azhar Mahmood,5,27,21,3,0,not out
652267,2014-01-12,2013-14,1,LIONS,KNG,"Chevrolet Park, Bloemfontein",11614d87,D Pretorius,6,0,0,0,0,
652267,2014-01-12,2013-14,1,LIONS,KNG,"Chevrolet Park, Bloemfontein",fb66ce1f,CH Morris,7,0,0,0,0,
652267,2014-01-12,2013-14,1,LIONS,KNG,"Chevrolet Park, Bloemfontein",3b94297b,TL Tsolekile,8,0,0,0,0,
652267,2014-01-12,2013-14,1,LIONS,KNG,"Chevrolet Park, Bloemfontein",64d43928,Sohail Tanvir,9,0,0,0,0,
652267,2014-01-12,2013-14,1,LIONS,KNG,"Chevrolet Park, Bloemfontein",acee4cc4,Imran Tahir,10,0,0,0,0,
652267,2014-01-12,2013-14,1,LIONS,KNG,"Chevrolet Park, Bloemfontein",7f8ecc51,AM Phangiso,11,0,0,0,0,
652267,2014-01-12,2013-14,2,KNG,LIONS,"Chevrolet Park, Bloemfontein",b8cc58c9,RR Hendricks,1,69,53,7,0,not out
652267,2014-01-12,2013-14,2,KNG,LIONS,"Chevrolet Park, Bloemfontein",cad00a4d,RR Rossouw,2,72,53,9,2,caught
652267,2014-01-12,2013-14,2,KNG,LIONS,"Chevrolet Park, Bloemfontein",33085ffb,D Elgar,3,7,7,1,0,not out
652267,2014-01-12,2013-14,2,KNG,LIONS,"Chevrolet Park, Bloemfontein",4025c262,PJ van Biljon,4,0,0,0,0,
652267,2014-01-12,2013-14,2,KNG,LIONS,"Chevrolet Park, Bloemfontein",c654af19,R McLaren,5,0,0,0,0,
652267,2014-01-12,2013-14,2,KNG,LIONS,"Chevrolet Park, Bloemfontein",4c9c19e3,LN Mosena,6,0,0,0,0,
652267,2014-01-12,2013-14,2,KNG,LIONS,"Chevrolet Park, Bloemfontein",807b63ae,RK Terblanche,7,0,0,0,0,
652267,2014-01-12,2013-14,2,KNG,LIONS,"Chevrolet Park, Bloemfontein",6821ac10,JJ van der Wath,8,0,0,0,0,
652267,2014-01-12,2013-14,2,KNG,LIONS,"Chevrolet Park, Bloemfontein",d7a57f75,D du Preez,9,0,0,0,0,
652267,2014-01-12,2013-14,2,KNG,LIONS,"Chevrolet Park, Bloemfontein",6a0537aa,N Boje,10,0,0,0,0,
652267,2014-01-12,2013-14,2,KNG,LIONS,"Chevrolet Park, Bloemfontein",9d50c7e1,MP Siboto,11,0,0,0,0,
652269,2014-01-15,2013-14,1,WPR,LIONS,"Boland Park, Paarl",72861603,GC Smith,1,10,7,1,0,caught
652269,2014-01-15,2013-14,1,WPR,LIONS,"Boland Park, Paarl",e798611a,HM Amla,2,84,51,9,3,caught and bowled
652269,2014-01-15,2013-14,1,WPR,LIONS,"Boland Park, Paarl",f4dfcbb4,S van Zyl,3,77,56,6,2,not out
652269,2014-01-15,2013-14,1,WPR,LIONS,"Boland Park, Paarl",2e8994e7,JP Duminy,4,9,6,1,0,not out
652269,2014-01-15,2013-14,1,WPR,LIONS,"Boland Park, Paarl",55f33b32,JL Ontong,5,0,0,0,0,
652269,2014-01-15,2013-14,1,WPR,LIONS,"Boland Park, Paarl",087210b1,DJ Vilas,6,0,0,0,0,
652269,2014-01-15,2013-14,1,WPR,LIONS,"Boland Park, Paarl",cfe70281,VD Philander,7,0,0,0,0,
652269,2014-01-15,2013-14,1,WPR,LIONS,"Boland Park, Paarl",26ff4c29,RJ Peterson,8,0,0,0,0,
652269,2014-01-15,2013-14,1,WPR,LIONS,"Boland Park, Paarl",7955eb15,RK Kleinveldt,9,0,0,0,0,
652269,2014-01-15,2013-14,1,WPR,LIONS,"Boland Park, Paarl",955e8e86,A Mgijima,10,0,0,0,0,
652269,2014-01-15,2013-14,1,WPR,LIONS,"Boland Park, Paarl",b56dc5f7,BE Hendricks,11,0,0,0,0,
652269,2014-01-15,2013-14,2,LIONS,WPR,"Boland Park, Paarl",372455c4,Q de Kock,1,24,16,4,1,caught
652269,2014-01-15,2013-14,2,LIONS,WPR,"Boland Park, Paarl",f390904d,GH Bodi,2,9,18,0,0,run out
652269,2014-01-15,2013-14,2,LIONS,WPR,"Boland Park, Paarl",e01aafc1,AN Petersen,3,35,24,3,1,bowled
652269,2014-01-15,2013-14,2,LIONS,WPR,"Boland Park, Paarl",a830c083,ND McKenzie,4,35,28,3,1,caught
652269,2014-01-15,2013-14,2,LIONS,WPR,"Boland Park, Paarl",9a158001,Azhar Mahmood,5,7,6,1,0,caught
652269,2014-01-15,2013-14,2,LIONS,WPR,"Boland Park, Paarl",64d43928,Sohail Tanvir,6,0,1,0,0,caught
652269,2014-01-15,2013-14,2,LIONS,WPR,"Boland Park, Paarl",3b94297b,TL Tsolekile,7,19,10,4,0,caught
652269,2014-01-15,2013-14,2,LIONS,WPR,"Boland Park, Paarl",fb66ce1f,CH Morris,8,26,13,1,2,not out
652269,2014-01-15,2013-14,2,LIONS,WPR,"Boland Park, Paarl",a316d663,GC Viljoen,9,2,4,0,0,caught
652269,2014-01-15,2013-14,2,LIONS,WPR,"Boland Park, Paarl",7f8ecc51,AM Phangiso,10,0,0,0,0,not out
652269,2014-01-15,2013-14,2,LIONS,WPR,"Boland Park, Paarl",acee4cc4,Imran Tahir,11,0,0,0,0,
652273,2014-01-17,2013-14,1,WPR,KNG,"Chevrolet Park, Bloemfontein",18c78b11,RE Levi,1,113,61,9,8,bowled
652273,2014-01-17,2013-14,1,WPR,KNG,"Chevrolet Park, Bloemfontein",e798611a,HM Amla,2,65,42,9,0,caught
652273,2014-01-17,2013-14,1,WPR,KNG,"Chevrolet Park, Bloemfontein",f4dfcbb4,S van Zyl,3,6,11,0,0,caught
652273,2014-01-17,2013-14,1,WPR,KNG,"Chevrolet Park, Bloemfontein",2e8994e7,JP Duminy,4,11,6,1,0,not out
652273,2014-01-17,2013-14,1,WPR,KNG,"Chevrolet Park, Bloemfontein",55f33b32,JL Ontong,5,1,2,0,0,not out
652273,2014-01-17,2013-14,1,WPR,KNG,"Chevrolet Park, Bloemfontein",087210b1,DJ Vilas,6,0,0,0,0,
652273,2014-01-17,2013-14,1,WPR,KNG,"Chevrolet Park, Bloemfontein",cfe70281,VD Philander,7,0,0,0,0,
652273,2014-01-17,2013-14,1,WPR,KNG,"Chevrolet Park, Bloemfontein",26ff4c29,RJ Peterson,8,0,0,0,0,
652273,2014-01-17,2013-14,1,WPR,KNG,"Chevrolet Park, Bloemfontein",9d430b40,SP Narine,9,0,0,0,0,
652273,2014-01-17,2013-14,1,WPR,KNG,"Chevrolet Park, Bloemfontein",955e8e86,A Mgijima,10,0,0,0,0,
652273,2014-01-17,2013-14,1,WPR,KNG,"Chevrolet Park, Bloemfontein",b56dc5f7,BE Hendricks,11,0,0,0,0,
652273,2014-01-17,2013-14,2,KNG,WPR,"Chevrolet Park, Bloemfontein",cad00a4d,RR Rossouw,1,14,6,2,0,caught
652273,2014-01-17,2013-14,2,KNG,WPR,"Chevrolet Park, Bloemfontein",b8cc58c9,RR Hendricks,2,64,50,4,1,not out
652273,2014-01-17,2013-14,2,KNG,WPR,"Chevrolet Park, Bloemfontein",4025c262,PJ van Biljon,3,5,7,1,0,caught
652273,2014-01-17,2013-14,2,KNG,WPR,"Chevrolet Park, Bloemfontein",33085ffb,D Elgar,4,7,9,0,0,caught
652273,2014-01-17,2013-14,2,KNG,WPR,"Chevrolet Park, Bloemfontein",c654af19,R McLaren,5,1,5,0,0,lbw
652273,2014-01-17,2013-14,2,KNG,WPR,"Chevrolet Park, Bloemfontein",f8e6dbdd,DS Rosier,6,1,5,0,0,bowled
652273,2014-01-17,2013-14,2,KNG,WPR,"Chevrolet Park, Bloemfontein",6a0537aa,N Boje,7,0,3,0,0,lbw
652273,2014-01-17,2013-14,2,KNG,WPR,"Chevrolet Park, Bloemfontein",4c9c19e3,LN Mosena,8,12,16,0,0,caught
652273,2014-01-17,2013-14,2,KNG,WPR,"Chevrolet Park, Bloemfontein",6821ac10,JJ van der Wath,9,3,6,0,0,caught
652273,2014-01-17,2013-14,2,KNG,WPR,"Chevrolet Park, Bloemfontein",d7a57f75,D du Preez,10,18,13,2,0,not out
652273,2014-01-17,2013-14,2,KNG,WPR,"Chevrolet Park, Bloemfontein",9d50c7e1,MP Siboto,11,0,0,0,0,
652275,2014-01-17,2013-14,1,WAR,DOL,"St George's Park, Port Elizabeth",035cb925,AG Prince,1,40,30,3,3,bowled
652275,2014-01-17,2013-14,1,WAR,DOL,"St George's Park, Port Elizabeth",42172c3c,JT Smuts,2,10,5,2,0,bowled
652275,2014-01-17,2013-14,1,WAR,DOL,"St George's Park, Port Elizabeth",c995d726,CA Ingram,3,23,15,4,0,caught and bowled
652275,2014-01-17,2013-14,1,WAR,DOL,"St George's Park, Port Elizabeth",a81d6706,C Jonker,4,17,19,0,1,caught
652275,2014-01-17,2013-14,1,WAR,DOL,"St George's Park, Port Elizabeth",93a751e8,RT Bailey,5,23,21,1,1,caught
652275,2014-01-17,2013-14,1,WAR,DOL,"St George's Park, Port Elizabeth",a84468fe,DJ Jacobs,6,9,11,0,0,caught
652275,2014-01-17,2013-14,1,WAR,DOL,"St George's Park, Port Elizabeth",3a60e0b5,WD Parnell,7,22,14,2,1,not out
652275,2014-01-17,2013-14,1,WAR,DOL,"St George's Park, Port Elizabeth",23638956,SR Harmer,8,3,4,0,0,caught
652275,2014-01-17,2013-14,1,WAR,DOL,"St George's Park, Port Elizabeth",9df3a2f4,ACR Birch,9,1,1,0,0,not out
652275,2014-01-17,2013-14,1,WAR,DOL,"St George's Park, Port Elizabeth",dec8e038,J Theron,10,0,0,0,0,
652275,2014-01-17,2013-14,1,WAR,DOL,"St George's Park, Port Elizabeth",ca322fd6,L Mbane,11,0,0,0,0,
652275,2014-01-17,2013-14,2,DOL,WAR,"St George's Park, Port Elizabeth",710dd98c,MN van Wyk,1,45,27,4,3,bowled
652275,2014-01-17,2013-14,2,DOL,WAR,"St George's Park, Port Elizabeth",afa78c3a,CS Delport,2,11,6,2,0,caught
652275,2014-01-17,2013-14,2,DOL,WAR,"St George's Park, Port Elizabeth",27ca3a11,C Chetty,3,39,26,2,2,bowled
652275,2014-01-17,2013-14,2,DOL,WAR,"St George's Park, Port Elizabeth",890b877d,VB van Jaarsveld,4,28,34,1,0,caught
652275,2014-01-17,2013-14,2,DOL,WAR,"St George's Park, Port Elizabeth",d67d5f00,DA Miller,5,17,19,1,0,caught
652275,2014-01-17,2013-14,2,DOL,WAR,"St George's Park, Port Elizabeth",4aad78d3,K Zondo,6,0,1,0,0,lbw
652275,2014-01-17,2013-14,2,DOL,WAR,"St George's Park, Port Elizabeth",4bb02ef1,D Smit,7,5,3,1,0,bowled
652275,2014-01-17,2013-14,2,DOL,WAR,"St George's Park, Port Elizabeth",8b248d88,R Frylinck,8,0,0,0,0,run out
652275,2014-01-17,2013-14,2,DOL,WAR,"St George's Park, Port Elizabeth",a9da7784,KJ Abbott,9,5,3,1,0,not out
652275,2014-01-17,2013-14,2,DOL,WAR,"St George's Park, Port Elizabeth",0b60eb09,KA Maharaj,10,0,1,0,0,caught
652275,2014-01-17,2013-14,2,DOL,WAR,"St George's Park, Port Elizabeth",26d9937d,CJ Alexander,11,0,0,0,0,
652277,2014-01-17,2013-14,1,TIT,LIONS,"Senwes Park, Potchefstroom",9c9f8dbc,H Davids,1,36,26,2,2,bowled
652277,2014-01-17,2013-14,1,TIT,LIONS,"Senwes Park, Potchefstroom",42537f07,JA Rudolph,2,4,8,0,0,run out
652277,2014-01-17,2013-14,1,TIT,LIONS,"Senwes Park, Potchefstroom",59a7fc89,MQ Adams,3,6,7,1,0,caught
652277,2014-01-17,2013-14,1,TIT,LIONS,"Senwes Park, Potchefstroom",ba377b40,GL van Buuren,4,55,30,6,3,caught
652277,2014-01-17,2013-14,1,TIT,LIONS,"Senwes Park, Potchefstroom",dce2019b,F Behardien,5,34,26,2,1,lbw
652277,2014-01-17,2013-14,1,TIT,LIONS,"Senwes Park, Potchefstroom",c3d35165,JA Morkel,6,8,9,1,0,bowled
652277,2014-01-17,2013-14,1,TIT,LIONS,"Senwes Park, Potchefstroom",aa8d28ae,D Wiese,7,0,1,0,0,caught
652277,2014-01-17,2013-14,1,TIT,LIONS,"Senwes Park, Potchefstroom",8836fcac,M Mosehle,8,7,7,1,0,bowled
652277,2014-01-17,2013-14,1,TIT,LIONS,"Senwes Park, Potchefstroom",05c2ca46,RE van der Merwe,9,2,3,0,0,not out
652277,2014-01-17,2013-14,1,TIT,LIONS,"Senwes Park, Potchefstroom",5bb5a915,M Morkel,10,3,3,0,0,bowled
652277,2014-01-17,2013-14,1,TIT,LIONS,"Senwes Park, Potchefstroom",800b52dc,NE Mbhalati,11,0,0,0,0,
652277,2014-01-17,2013-14,2,LIONS,TIT,"Senwes Park, Potchefstroom",372455c4,Q de Kock,1,52,39,6,1,caught
652277,2014-01-17,2013-14,2,LIONS,TIT,"Senwes Park, Potchefstroom",f390904d,GH Bodi,2,36,29,4,1,bowled
652277,2014-01-17,2013-14,2,LIONS,TIT,"Senwes Park, Potchefstroom",e01aafc1,AN Petersen,3,26,25,2,0,not out
652277,2014-01-17,2013-14,2,LIONS,TIT,"Senwes Park, Potchefstroom",11614d87,D Pretorius,4,14,15,0,1,bowled
652277,2014-01-17,2013-14,2,LIONS,TIT,"Senwes Park, Potchefstroom",9a158001,Azhar Mahmood,5,15,12,0,0,not out
652277,2014-01-17,2013-14,2,LIONS,TIT,"Senwes Park, Potchefstroom",3b94297b,TL Tsolekile,6,0,0,0,0,
652277,2014-01-17,2013-14,2,LIONS,TIT,"Senwes Park, Potchefstroom",fb66ce1f,CH Morris,7,0,0,0,0,
652277,2014-01-17,2013-14,2,LIONS,TIT,"Senwes Park, Potchefstroom",a316d663,GC Viljoen,8,0,0,0,0,
652277,2014-01-17,2013-14,2,LIONS,TIT,"Senwes Park, Potchefstroom",7f8ecc51,AM Phangiso,9,0,0,0,0,
652277,2014-01-17,2013-14,2,LIONS,TIT,"Senwes Park, Potchefstroom",a830c083,ND McKenzie,10,0,0,0,0,
652277,2014-01-17,2013-14,2,LIONS,TIT,"Senwes Park, Potchefstroom",acee4cc4,Imran Tahir,11,0,0,0,0,
652279,2014-01-19,2013-14,1,WAR,LIONS,"Buffalo Park, East London",035cb925,AG Prince,1,13,9,2,0,caught
652279,2014-01-19,2013-14,1,WAR,LIONS,"Buffalo Park, East London",42172c3c,JT Smuts,2,73,54,6,1,caught
652279,2014-01-19,2013-14,1,WAR,LIONS,"Buffalo Park, East London",c995d726,CA Ingram,3,38,31,3,2,caught
652279,2014-01-19,2013-14,1,WAR,LIONS,"Buffalo Park, East London",a81d6706,C Jonker,4,4,4,0,0,caught
652279,2014-01-19,2013-14,1,WAR,LIONS,"Buffalo Park, East London",a84468fe,DJ Jacobs,5,18,17,1,0,bowled
652279,2014-01-19,2013-14,1,WAR,LIONS,"Buffalo Park, East London",93a751e8,RT Bailey,6,1,3,0,0,not out
652279,2014-01-19,2013-14,1,WAR,LIONS,"Buffalo Park, East London",3a60e0b5,WD Parnell,7,1,3,0,0,not out
652279,2014-01-19,2013-14,1,WAR,LIONS,"Buffalo Park, East London",23638956,SR Harmer,8,0,0,0,0,
652279,2014-01-19,2013-14,1,WAR,LIONS,"Buffalo Park, East London",9df3a2f4,ACR Birch,9,0,0,0,0,
652279,2014-01-19,2013-14,1,WAR,LIONS,"Buffalo Park, East London",dec8e038,J Theron,10,0,0,0,0,
652279,2014-01-19,2013-14,1,WAR,LIONS,"Buffalo Park, East London",ca322fd6,L Mbane,11,0,0,0,0,
652279,2014-01-19,2013-14,2,LIONS,WAR,"Buffalo Park, East London",372455c4,Q de Kock,1,22,17,4,0,caught
652279,2014-01-19,2013-14,2,LIONS,WAR,"Buffalo Park, East London",f390904d,GH Bodi,2,78,57,9,1,caught
652279,2014-01-19,2013-14,2,LIONS,WAR,"Buffalo Park, East London",e01aafc1,AN Petersen,3,6,5,1,0,caught
652279,2014-01-19,2013-14,2,LIONS,WAR,"Buffalo Park, East London",a830c083,ND McKenzie,4,16,17,0,0,caught
652279,2014-01-19,2013-14,2,LIONS,WAR,"Buffalo Park, East London",9a158001,Azhar Mahmood,5,3,3,0,0,caught
652279,2014-01-19,2013-14,2,LIONS,WAR,"Buffalo Park, East London",3b94297b,TL Tsolekile,6,5,4,1,0,caught
652279,2014-01-19,2013-14,2,LIONS,WAR,"Buffalo Park, East London",fb66ce1f,CH Morris,7,4,5,0,0,caught
652279,2014-01-19,2013-14,2,LIONS,WAR,"Buffalo Park, East London",64d43928,Sohail Tanvir,8,16,9,1,1,run out
652279,2014-01-19,2013-14,2,LIONS,WAR,"Buffalo Park, East London",a316d663,GC Viljoen,9,2,3,0,0,not out
652279,2014-01-19,2013-14,2,LIONS,WAR,"Buffalo Park, East London",7f8ecc51,AM Phangiso,10,0,0,0,0,
652279,2014-01-19,2013-14,2,LIONS,WAR,"Buffalo Park, East London",acee4cc4,Imran Tahir,11,0,0,0,0,
652281,2014-01-19,2013-14,1,WPR,DOL,"Kingsmead, Durban",18c78b11,RE Levi,1,22,18,2,2,caught
652281,2014-01-19,2013-14,1,WPR,DOL,"Kingsmead, Durban",e798611a,HM Amla,2,1,2,0,0,bowled
652281,2014-01-19,2013-14,1,WPR,DOL,"Kingsmead, Durban",f4dfcbb4,S van Zyl,3,14,23,1,0,bowled
652281,2014-01-19,2013-14,1,WPR,DOL,"Kingsmead, Durban",2e8994e7,JP Duminy,4,56,41,2,2,run out
652281,2014-01-19,2013-14,1,WPR,DOL,"Kingsmead, Durban",55f33b32,JL Ontong,5,37,25,1,2,caught
652281,2014-01-19,2013-14,1,WPR,DOL,"Kingsmead, Durban",087210b1,DJ Vilas,6,1,3,0,0,caught
652281,2014-01-19,2013-14,1,WPR,DOL,"Kingsmead, Durban",cfe70281,VD Philander,7,16,6,2,1,not out
652281,2014-01-19,2013-14,1,WPR,DOL,"Kingsmead, Durban",26ff4c29,RJ Peterson,8,5,3,1,0,caught
652281,2014-01-19,2013-14,1,WPR,DOL,"Kingsmead, Durban",9d430b40,SP Narine,9,2,1,0,0,not out
652281,2014-01-19,2013-14,1,WPR,DOL,"Kingsmead, Durban",955e8e86,A Mgijima,10,0,0,0,0,
652281,2014-01-19,2013-14,1,WPR,DOL,"Kingsmead, Durban",b56dc5f7,BE Hendricks,11,0,0,0,0,
652281,2014-01-19,2013-14,2,DOL,WPR,"Kingsmead, Durban",710dd98c,MN van Wyk,1,0,1,0,0,caught
652281,2014-01-19,2013-14,2,DOL,WPR,"Kingsmead, Durban",afa78c3a,CS Delport,2,0,1,0,0,caught
652281,2014-01-19,2013-14,2,DOL,WPR,"Kingsmead, Durban",27ca3a11,C Chetty,3,2,7,0,0,caught
652281,2014-01-19,2013-14,2,DOL,WPR,"Kingsmead, Durban",890b877d,VB van Jaarsveld,4,17,20,2,0,caught
652281,2014-01-19,2013-14,2,DOL,WPR,"Kingsmead, Durban",d67d5f00,DA Miller,5,13,18,1,0,caught
652281,2014-01-19,2013-14,2,DOL,WPR,"Kingsmead, Durban",4bb02ef1,D Smit,6,48,36,4,2,caught
652281,2014-01-19,2013-14,2,DOL,WPR,"Kingsmead, Durban",4aad78d3,K Zondo,7,34,25,2,2,caught
652281,2014-01-19,2013-14,2,DOL,WPR,"Kingsmead, Durban",8b248d88,R Frylinck,8,0,1,0,0,bowled
652281,2014-01-19,2013-14,2,DOL,WPR,"Kingsmead, Durban",a9da7784,KJ Abbott,9,3,5,0,0,not out
652281,2014-01-19,2013-14,2,DOL,WPR,"Kingsmead, Durban",0b60eb09,KA Maharaj,10,8,6,1,0,not out
652281,2014-01-19,2013-14,2,DOL,WPR,"Kingsmead, Durban",26d9937d,CJ Alexander,11,0,0,0,0,
652283,2014-01-19,2013-14,1,TIT,KNG,"SuperSport Park, Centurion",9c9f8dbc,H Davids,1,26,21,3,1,caught
652283,2014-01-19,2013-14,1,TIT,KNG,"SuperSport Park, Centurion",42537f07,JA Rudolph,2,12,16,0,0,bowled
652283,2014-01-19,2013-14,1,TIT,KNG,"SuperSport Park, Centurion",3355b542,F du Plessis,3,0,2,0,0,caught
652283,2014-01-19,2013-14,1,TIT,KNG,"SuperSport Park, Centurion",dce2019b,F Behardien,4,21,24,2,0,bowled
652283,2014-01-19,2013-14,1,TIT,KNG,"SuperSport Park, Centurion",ba377b40,GL van Buuren,5,2,4,0,0,stumped
652283,2014-01-19,2013-14,1,TIT,KNG,"SuperSport Park, Centurion",c3d35165,JA Morkel,6,66,32,4,7,caught and bowled
652283,2014-01-19,2013-14,1,TIT,KNG,"SuperSport Park, Centurion",aa8d28ae,D Wiese,7,0,2,0,0,caught and bowled
652283,2014-01-19,2013-14,1,TIT,KNG,"SuperSport Park, Centurion",8836fcac,M Mosehle,8,2,6,0,0,caught
652283,2014-01-19,2013-14,1,TIT,KNG,"SuperSport Park, Centurion",05c2ca46,RE van der Merwe,9,1,3,0,0,caught
652283,2014-01-19,2013-14,1,TIT,KNG,"SuperSport Park, Centurion",5bb5a915,M Morkel,10,3,7,0,0,run out
652283,2014-01-19,2013-14,1,TIT,KNG,"SuperSport Park, Centurion",800b52dc,NE Mbhalati,11,0,3,0,0,not out
652283,2014-01-19,2013-14,2,KNG,TIT,"SuperSport Park, Centurion",b8cc58c9,RR Hendricks,1,0,2,0,0,caught
652283,2014-01-19,2013-14,2,KNG,TIT,"SuperSport Park, Centurion",cad00a4d,RR Rossouw,2,10,16,1,0,caught
652283,2014-01-19,2013-14,2,KNG,TIT,"SuperSport Park, Centurion",33085ffb,D Elgar,3,66,52,4,2,caught
652283,2014-01-19,2013-14,2,KNG,TIT,"SuperSport Park, Centurion",4025c262,PJ van Biljon,4,61,41,5,3,not out
652283,2014-01-19,2013-14,2,KNG,TIT,"SuperSport Park, Centurion",647a48da,AJ Pienaar,5,3,3,0,0,not out
652283,2014-01-19,2013-14,2,KNG,TIT,"SuperSport Park, Centurion",4c9c19e3,LN Mosena,6,0,0,0,0,
652283,2014-01-19,2013-14,2,KNG,TIT,"SuperSport Park, Centurion",c654af19,R McLaren,7,0,0,0,0,
652283,2014-01-19,2013-14,2,KNG,TIT,"SuperSport Park, Centurion",807b63ae,RK Terblanche,8,0,0,0,0,
652283,2014-01-19,2013-14,2,KNG,TIT,"SuperSport Park, Centurion",6821ac10,JJ van der Wath,9,0,0,0,0,
652283,2014-01-19,2013-14,2,KNG,TIT,"SuperSport Park, Centurion",6a0537aa,N Boje,10,0,0,0,0,
652283,2014-01-19,2013-14,2,KNG,TIT,"SuperSport Park, Centurion",9d50c7e1,MP Siboto,11,0,0,0,0,
652285,2014-01-22,2013-14,1,WPR,TIT,"Newlands, Cape Town",e798611a,HM Amla,1,33,24,3,1,caught
652285,2014-01-22,2013-14,1,WPR,TIT,"Newlands, Cape Town",18c78b11,RE Levi,2,1,8,0,0,caught
652285,2014-01-22,2013-14,1,WPR,TIT,"Newlands, Cape Town",f4dfcbb4,S van Zyl,3,11,10,0,1,caught
652285,2014-01-22,2013-14,1,WPR,TIT,"Newlands, Cape Town",2e8994e7,JP Duminy,4,29,28,5,0,caught
652285,2014-01-22,2013-14,1,WPR,TIT,"Newlands, Cape Town",55f33b32,JL Ontong,5,19,17,1,0,bowled
652285,2014-01-22,2013-14,1,WPR,TIT,"Newlands, Cape Town",087210b1,DJ Vilas,6,16,14,2,0,run out
652285,2014-01-22,2013-14,1,WPR,TIT,"Newlands, Cape Town",26ff4c29,RJ Peterson,7,1,4,0,0,caught
652285,2014-01-22,2013-14,1,WPR,TIT,"Newlands, Cape Town",7955eb15,RK Kleinveldt,8,10,8,0,1,not out
652285,2014-01-22,2013-14,1,WPR,TIT,"Newlands, Cape Town",9d430b40,SP Narine,9,0,1,0,0,caught
652285,2014-01-22,2013-14,1,WPR,TIT,"Newlands, Cape Town",955e8e86,A Mgijima,10,4,5,0,0,bowled
652285,2014-01-22,2013-14,1,WPR,TIT,"Newlands, Cape Town",b56dc5f7,BE Hendricks,11,0,1,0,0,not out
652285,2014-01-22,2013-14,2,TIT,WPR,"Newlands, Cape Town",9c9f8dbc,H Davids,1,9,10,1,0,caught
652285,2014-01-22,2013-14,2,TIT,WPR,"Newlands, Cape Town",ede05b97,HG Kuhn,2,53,45,6,1,bowled
652285,2014-01-22,2013-14,2,TIT,WPR,"Newlands, Cape Town",3355b542,F du Plessis,3,14,23,0,0,lbw
652285,2014-01-22,2013-14,2,TIT,WPR,"Newlands, Cape Town",dce2019b,F Behardien,4,17,17,1,0,stumped
652285,2014-01-22,2013-14,2,TIT,WPR,"Newlands, Cape Town",c3d35165,JA Morkel,5,1,8,0,0,stumped
652285,2014-01-22,2013-14,2,TIT,WPR,"Newlands, Cape Town",05c2ca46,RE van der Merwe,6,6,9,1,0,caught
652285,2014-01-22,2013-14,2,TIT,WPR,"Newlands, Cape Town",aa8d28ae,D Wiese,7,9,8,1,0,not out
652285,2014-01-22,2013-14,2,TIT,WPR,"Newlands, Cape Town",8836fcac,M Mosehle,8,1,1,0,0,not out
652285,2014-01-22,2013-14,2,TIT,WPR,"Newlands, Cape Town",5bb5a915,M Morkel,9,0,0,0,0,
652285,2014-01-22,2013-14,2,TIT,WPR,"Newlands, Cape Town",05d74535,Saeed Ajmal,10,0,0,0,0,
652285,2014-01-22,2013-14,2,TIT,WPR,"Newlands, Cape Town",800b52dc,NE Mbhalati,11,0,0,0,0,
652289,2014-01-22,2013-14,1,KNG,WAR,"Diamond Oval, Kimberley",b8cc58c9,RR Hendricks,1,8,7,1,0,caught
652289,2014-01-22,2013-14,1,KNG,WAR,"Diamond Oval, Kimberley",cad00a4d,RR Rossouw,2,64,64,7,0,not out
652289,2014-01-22,2013-14,1,KNG,WAR,"Diamond Oval, Kimberley",33085ffb,D Elgar,3,0,1,0,0,caught
652289,2014-01-22,2013-14,1,KNG,WAR,"Diamond Oval, Kimberley",647a48da,AJ Pienaar,4,17,18,2,0,caught
652289,2014-01-22,2013-14,1,KNG,WAR,"Diamond Oval, Kimberley",5f419ace,WL Coetsee,5,2,4,0,0,run out
652289,2014-01-22,2013-14,1,KNG,WAR,"Diamond Oval, Kimberley",c654af19,R McLaren,6,2,4,0,0,caught
652289,2014-01-22,2013-14,1,KNG,WAR,"Diamond Oval, Kimberley",6821ac10,JJ van der Wath,7,19,15,1,1,bowled
652289,2014-01-22,2013-14,1,KNG,WAR,"Diamond Oval, Kimberley",d7a57f75,D du Preez,8,24,7,2,2,not out
652289,2014-01-22,2013-14,1,KNG,WAR,"Diamond Oval, Kimberley",4c9c19e3,LN Mosena,9,0,0,0,0,
652289,2014-01-22,2013-14,1,KNG,WAR,"Diamond Oval, Kimberley",807b63ae,RK Terblanche,10,0,0,0,0,
652289,2014-01-22,2013-14,1,KNG,WAR,"Diamond Oval, Kimberley",9d50c7e1,MP Siboto,11,0,0,0,0,
652289,2014-01-22,2013-14,2,WAR,KNG,"Diamond Oval, Kimberley",035cb925,AG Prince,1,0,5,0,0,caught
652289,2014-01-22,2013-14,2,WAR,KNG,"Diamond Oval, Kimberley",42172c3c,JT Smuts,2,44,27,7,1,caught
652289,2014-01-22,2013-14,2,WAR,KNG,"Diamond Oval, Kimberley",c995d726,CA Ingram,3,19,17,4,0,bowled
652289,2014-01-22,2013-14,2,WAR,KNG,"Diamond Oval, Kimberley",93a751e8,RT Bailey,4,12,22,0,0,bowled
652289,2014-01-22,2013-14,2,WAR,KNG,"Diamond Oval, Kimberley",a81d6706,C Jonker,5,26,24,1,1,not out
652289,2014-01-22,2013-14,2,WAR,KNG,"Diamond Oval, Kimberley",a84468fe,DJ Jacobs,6,17,15,1,0,caught
652289,2014-01-22,2013-14,2,WAR,KNG,"Diamond Oval, Kimberley",3a60e0b5,WD Parnell,7,1,3,0,0,caught
652289,2014-01-22,2013-14,2,WAR,KNG,"Diamond Oval, Kimberley",23638956,SR Harmer,8,12,7,0,1,not out
652289,2014-01-22,2013-14,2,WAR,KNG,"Diamond Oval, Kimberley",9df3a2f4,ACR Birch,9,0,0,0,0,
652289,2014-01-22,2013-14,2,WAR,KNG,"Diamond Oval, Kimberley",dec8e038,J Theron,10,0,0,0,0,
652289,2014-01-22,2013-14,2,WAR,KNG,"Diamond Oval, Kimberley",ca322fd6,L Mbane,11,0,0,0,0,
652291,2014-01-24,2013-14,1,DOL,WPR,"Boland Park, Paarl",710dd98c,MN van Wyk,1,11,10,2,0,bowled
652291,2014-01-24,2013-14,1,DOL,WPR,"Boland Park, Paarl",afa78c3a,CS Delport,2,49,37,6,1,bowled
652291,2014-01-24,2013-14,1,DOL,WPR,"Boland Park, Paarl",27ca3a11,C Chetty,3,20,15,2,0,caught
652291,2014-01-24,2013-14,1,DOL,WPR,"Boland Park, Paarl",d67d5f00,DA Miller,4,18,13,1,1,bowled
652291,2014-01-24,2013-14,1,DOL,WPR,"Boland Park, Paarl",4bb02ef1,D Smit,5,26,23,2,1,caught
652291,2014-01-24,2013-14,1,DOL,WPR,"Boland Park, Paarl",4aad78d3,K Zondo,6,1,3,0,0,caught
652291,2014-01-24,2013-14,1,DOL,WPR,"Boland Park, Paarl",9784fb60,K Nipper,7,2,5,0,0,bowled
652291,2014-01-24,2013-14,1,DOL,WPR,"Boland Park, Paarl",8b248d88,R Frylinck,8,7,7,1,0,caught
652291,2014-01-24,2013-14,1,DOL,WPR,"Boland Park, Paarl",a9da7784,KJ Abbott,9,7,5,0,0,not out
652291,2014-01-24,2013-14,1,DOL,WPR,"Boland Park, Paarl",0b60eb09,KA Maharaj,10,1,2,0,0,not out
652291,2014-01-24,2013-14,1,DOL,WPR,"Boland Park, Paarl",26d9937d,CJ Alexander,11,0,0,0,0,
652291,2014-01-24,2013-14,2,WPR,DOL,"Boland Park, Paarl",18c78b11,RE Levi,1,1,5,0,0,lbw
652291,2014-01-24,2013-14,2,WPR,DOL,"Boland Park, Paarl",e798611a,HM Amla,2,26,26,2,0,caught
652291,2014-01-24,2013-14,2,WPR,DOL,"Boland Park, Paarl",f4dfcbb4,S van Zyl,3,4,8,1,0,caught
652291,2014-01-24,2013-14,2,WPR,DOL,"Boland Park, Paarl",55f33b32,JL Ontong,4,3,10,0,0,caught
652291,2014-01-24,2013-14,2,WPR,DOL,"Boland Park, Paarl",087210b1,DJ Vilas,5,6,11,0,0,caught
652291,2014-01-24,2013-14,2,WPR,DOL,"Boland Park, Paarl",26ff4c29,RJ Peterson,6,4,6,0,0,caught
652291,2014-01-24,2013-14,2,WPR,DOL,"Boland Park, Paarl",6581d753,JM Kemp,7,56,33,6,2,not out
652291,2014-01-24,2013-14,2,WPR,DOL,"Boland Park, Paarl",9d430b40,SP Narine,8,8,6,1,0,caught
652291,2014-01-24,2013-14,2,WPR,DOL,"Boland Park, Paarl",cfe70281,VD Philander,9,19,14,2,0,caught
652291,2014-01-24,2013-14,2,WPR,DOL,"Boland Park, Paarl",955e8e86,A Mgijima,10,1,3,0,0,not out
652291,2014-01-24,2013-14,2,WPR,DOL,"Boland Park, Paarl",b56dc5f7,BE Hendricks,11,0,0,0,0,
652293,2014-01-24,2013-14,1,WAR,TIT,"Buffalo Park, East London",42172c3c,JT Smuts,1,6,9,1,0,caught
652293,2014-01-24,2013-14,1,WAR,TIT,"Buffalo Park, East London",035cb925,AG Prince,2,20,22,0,0,bowled
652293,2014-01-24,2013-14,1,WAR,TIT,"Buffalo Park, East London",c995d726,CA Ingram,3,0,3,0,0,caught
652293,2014-01-24,2013-14,1,WAR,TIT,"Buffalo Park, East London",a84468fe,DJ Jacobs,4,11,10,0,0,stumped
652293,2014-01-24,2013-14,1,WAR,TIT,"Buffalo Park, East London",a81d6706,C Jonker,5,1,5,0,0,caught
652293,2014-01-24,2013-14,1,WAR,TIT,"Buffalo Park, East London",93a751e8,RT Bailey,6,3,5,0,0,caught
652293,2014-01-24,2013-14,1,WAR,TIT,"Buffalo Park, East London",3a60e0b5,WD Parnell,7,6,5,1,0,caught
652293,2014-01-24,2013-14,1,WAR,TIT,"Buffalo Park, East London",23638956,SR Harmer,8,5,6,0,0,not out
652293,2014-01-24,2013-14,1,WAR,TIT,"Buffalo Park, East London",9df3a2f4,ACR Birch,9,0,2,0,0,bowled
652293,2014-01-24,2013-14,1,WAR,TIT,"Buffalo Park, East London",dec8e038,J Theron,10,6,3,1,0,stumped
652293,2014-01-24,2013-14,1,WAR,TIT,"Buffalo Park, East London",ca322fd6,L Mbane,11,0,0,0,0,
652297,2014-01-26,2013-14,1,WAR,DOL,"Kingsmead, Durban",035cb925,AG Prince,1,0,5,0,0,caught
652297,2014-01-26,2013-14,1,WAR,DOL,"Kingsmead, Durban",42172c3c,JT Smuts,2,36,27,3,2,caught
652297,2014-01-26,2013-14,1,WAR,DOL,"Kingsmead, Durban",c995d726,CA Ingram,3,8,9,1,0,caught
652297,2014-01-26,2013-14,1,WAR,DOL,"Kingsmead, Durban",93a751e8,RT Bailey,4,49,35,4,2,bowled
652297,2014-01-26,2013-14,1,WAR,DOL,"Kingsmead, Durban",a84468fe,DJ Jacobs,5,14,16,1,0,run out
652297,2014-01-26,2013-14,1,WAR,DOL,"Kingsmead, Durban",a81d6706,C Jonker,6,16,20,0,1,not out
652297,2014-01-26,2013-14,1,WAR,DOL,"Kingsmead, Durban",23638956,SR Harmer,7,10,8,2,0,caught
652297,2014-01-26,2013-14,1,WAR,DOL,"Kingsmead, Durban",3a60e0b5,WD Parnell,8,0,0,0,0,not out
652297,2014-01-26,2013-14,1,WAR,DOL,"Kingsmead, Durban",9df3a2f4,ACR Birch,9,0,0,0,0,
652297,2014-01-26,2013-14,1,WAR,DOL,"Kingsmead, Durban",dec8e038,J Theron,10,0,0,0,0,
652297,2014-01-26,2013-14,1,WAR,DOL,"Kingsmead, Durban",ca322fd6,L Mbane,11,0,0,0,0,
652297,2014-01-26,2013-14,2,DOL,WAR,"Kingsmead, Durban",710dd98c,MN van Wyk,1,0,4,0,0,caught and bowled
652297,2014-01-26,2013-14,2,DOL,WAR,"Kingsmead, Durban",afa78c3a,CS Delport,2,8,9,0,1,caught
652297,2014-01-26,2013-14,2,DOL,WAR,"Kingsmead, Durban",27ca3a11,C Chetty,3,5,5,1,0,caught
652297,2014-01-26,2013-14,2,DOL,WAR,"Kingsmead, Durban",d67d5f00,DA Miller,4,60,40,7,1,caught
652297,2014-01-26,2013-14,2,DOL,WAR,"Kingsmead, Durban",4aad78d3,K Zondo,5,56,49,3,1,bowled
652297,2014-01-26,2013-14,2,DOL,WAR,"Kingsmead, Durban",4bb02ef1,D Smit,6,1,3,0,0,run out
652297,2014-01-26,2013-14,2,DOL,WAR,"Kingsmead, Durban",8b248d88,R Frylinck,7,5,7,0,0,caught
652297,2014-01-26,2013-14,2,DOL,WAR,"Kingsmead, Durban",9784fb60,K Nipper,8,0,2,0,0,bowled
652297,2014-01-26,2013-14,2,DOL,WAR,"Kingsmead, Durban",a9da7784,KJ Abbott,9,1,1,0,0,not out
652297,2014-01-26,2013-14,2,DOL,WAR,"Kingsmead, Durban",7ec9711d,P Subrayen,10,0,0,0,0,
652297,2014-01-26,2013-14,2,DOL,WAR,"Kingsmead, Durban",26d9937d,CJ Alexander,11,0,0,0,0,
652303,2014-01-05,2013-14,1,WAR,LIONS,"Newlands, Cape Town",a81d6706,C Jonker,1,0,8,0,0,bowled
652303,2014-01-05,2013-14,1,WAR,LIONS,"Newlands, Cape Town",6ca6d885,EM Moore,2,27,23,4,0,lbw
652303,2014-01-05,2013-14,1,WAR,LIONS,"Newlands, Cape Town",035cb925,AG Prince,3,0,2,0,0,bowled
652303,2014-01-05,2013-14,1,WAR,LIONS,"Newlands, Cape Town",a84468fe,DJ Jacobs,4,4,5,1,0,caught
652303,2014-01-05,2013-14,1,WAR,LIONS,"Newlands, Cape Town",93a751e8,RT Bailey,5,61,54,5,2,bowled
652303,2014-01-05,2013-14,1,WAR,LIONS,"Newlands, Cape Town",42172c3c,JT Smuts,6,0,1,0,0,bowled
652303,2014-01-05,2013-14,1,WAR,LIONS,"Newlands, Cape Town",3a60e0b5,WD Parnell,7,0,2,0,0,caught
652303,2014-01-05,2013-14,1,WAR,LIONS,"Newlands, Cape Town",23638956,SR Harmer,8,38,26,0,2,not out
652303,2014-01-05,2013-14,1,WAR,LIONS,"Newlands, Cape Town",dec8e038,J Theron,9,0,0,0,0,
652303,2014-01-05,2013-14,1,WAR,LIONS,"Newlands, Cape Town",ca322fd6,L Mbane,10,0,0,0,0,
652303,2014-01-05,2013-14,1,WAR,LIONS,"Newlands, Cape Town",9df3a2f4,ACR Birch,11,0,0,0,0,
652303,2014-01-05,2013-14,2,LIONS,WAR,"Newlands, Cape Town",372455c4,Q de Kock,1,26,22,3,0,caught
652303,2014-01-05,2013-14,2,LIONS,WAR,"Newlands, Cape Town",9948e262,HE van der Dussen,2,14,24,1,0,stumped
652303,2014-01-05,2013-14,2,LIONS,WAR,"Newlands, Cape Town",9a158001,Azhar Mahmood,3,13,16,1,0,caught
652303,2014-01-05,2013-14,2,LIONS,WAR,"Newlands, Cape Town",a830c083,ND McKenzie,4,7,8,0,0,caught
652303,2014-01-05,2013-14,2,LIONS,WAR,"Newlands, Cape Town",e01aafc1,AN Petersen,5,9,6,1,0,run out
652303,2014-01-05,2013-14,2,LIONS,WAR,"Newlands, Cape Town",f390904d,GH Bodi,6,5,10,0,0,caught
652303,2014-01-05,2013-14,2,LIONS,WAR,"Newlands, Cape Town",11614d87,D Pretorius,7,0,1,0,0,lbw
652303,2014-01-05,2013-14,2,LIONS,WAR,"Newlands, Cape Town",fb66ce1f,CH Morris,8,16,11,2,1,caught
652303,2014-01-05,2013-14,2,LIONS,WAR,"Newlands, Cape Town",a316d663,GC Viljoen,9,11,9,1,1,caught
652303,2014-01-05,2013-14,2,LIONS,WAR,"Newlands, Cape Town",7f8ecc51,AM Phangiso,10,6,8,1,0,lbw
652303,2014-01-05,2013-14,2,LIONS,WAR,"Newlands, Cape Town",acee4cc4,Imran Tahir,11,3,4,0,0,not out
652305,2014-01-29,2013-14,1,TIT,DOL,"SuperSport Park, Centurion",9c9f8dbc,H Davids,1,1,3,0,0,bowled
652305,2014-01-29,2013-14,1,TIT,DOL,"SuperSport Park, Centurion",ede05b97,HG Kuhn,2,13,10,2,0,caught and bowled
652305,2014-01-29,2013-14,1,TIT,DOL,"SuperSport Park, Centurion",3355b542,F du Plessis,3,2,6,0,0,caught
652305,2014-01-29,2013-14,1,TIT,DOL,"SuperSport Park, Centurion",dce2019b,F Behardien,4,31,27,5,0,bowled
652305,2014-01-29,2013-14,1,TIT,DOL,"SuperSport Park, Centurion",05c2ca46,RE van der Merwe,5,17,19,2,0,bowled
652305,2014-01-29,2013-14,1,TIT,DOL,"SuperSport Park, Centurion",c3d35165,JA Morkel,6,34,38,3,0,not out
652305,2014-01-29,2013-14,1,TIT,DOL,"SuperSport Park, Centurion",aa8d28ae,D Wiese,7,6,10,0,0,bowled
652305,2014-01-29,2013-14,1,TIT,DOL,"SuperSport Park, Centurion",8836fcac,M Mosehle,8,3,5,0,0,caught
652305,2014-01-29,2013-14,1,TIT,DOL,"SuperSport Park, Centurion",5bb5a915,M Morkel,9,2,2,0,0,not out
652305,2014-01-29,2013-14,1,TIT,DOL,"SuperSport Park, Centurion",05d74535,Saeed Ajmal,10,0,0,0,0,
652305,2014-01-29,2013-14,1,TIT,DOL,"SuperSport Park, Centurion",800b52dc,NE Mbhalati,11,0,0,0,0,
652305,2014-01-29,2013-14,2,DOL,TIT,"SuperSport Park, Centurion",710dd98c,MN van Wyk,1,50,47,5,1,not out
652305,2014-01-29,2013-14,2,DOL,TIT,"SuperSport Park, Centurion",afa78c3a,CS Delport,2,17,13,3,0,caught
652305,2014-01-29,2013-14,2,DOL,TIT,"SuperSport Park, Centurion",27ca3a11,C Chetty,3,50,41,4,1,caught
652305,2014-01-29,2013-14,2,DOL,TIT,"SuperSport Park, Centurion",d67d5f00,DA Miller,4,1,1,0,0,not out
652305,2014-01-29,2013-14,2,DOL,TIT,"SuperSport Park, Centurion",890b877d,VB van Jaarsveld,5,0,0,0,0,
652305,2014-01-29,2013-14,2,DOL,TIT,"SuperSport Park, Centurion",4aad78d3,K Zondo,6,0,0,0,0,
652305,2014-01-29,2013-14,2,DOL,TIT,"SuperSport Park, Centurion",4bb02ef1,D Smit,7,0,0,0,0,
652305,2014-01-29,2013-14,2,DOL,TIT,"SuperSport Park, Centurion",8b248d88,R Frylinck,8,0,0,0,0,
652305,2014-01-29,2013-14,2,DOL,TIT,"SuperSport Park, Centurion",a9da7784,KJ Abbott,9,0,0,0,0,
652305,2014-01-29,2013-14,2,DOL,TIT,"SuperSport Park, Centurion",0b60eb09,KA Maharaj,10,0,0,0,0,
652305,2014-01-29,2013-14,2,DOL,TIT,"SuperSport Park, Centurion",016e5101,M Shezi,11,0,0,0,0,
652307,2014-01-31,2013-14,1,DOL,KNG,"Kingsmead, Durban",710dd98c,MN van Wyk,1,22,17,2,2,caught
652307,2014-01-31,2013-14,1,DOL,KNG,"Kingsmead, Durban",afa78c3a,CS Delport,2,56,36,3,3,caught
652307,2014-01-31,2013-14,1,DOL,KNG,"Kingsmead, Durban",27ca3a11,C Chetty,3,19,17,3,0,bowled
652307,2014-01-31,2013-14,1,DOL,KNG,"Kingsmead, Durban",d67d5f00,DA Miller,4,39,27,4,1,caught
652307,2014-01-31,2013-14,1,DOL,KNG,"Kingsmead, Durban",890b877d,VB van Jaarsveld,5,17,18,1,0,not out
652307,2014-01-31,2013-14,1,DOL,KNG,"Kingsmead, Durban",8b248d88,R Frylinck,6,9,6,0,1,not out
652307,2014-01-31,2013-14,1,DOL,KNG,"Kingsmead, Durban",4bb02ef1,D Smit,7,0,0,0,0,
652307,2014-01-31,2013-14,1,DOL,KNG,"Kingsmead, Durban",4aad78d3,K Zondo,8,0,0,0,0,
652307,2014-01-31,2013-14,1,DOL,KNG,"Kingsmead, Durban",0b60eb09,KA Maharaj,9,0,0,0,0,
652307,2014-01-31,2013-14,1,DOL,KNG,"Kingsmead, Durban",a9da7784,KJ Abbott,10,0,0,0,0,
652307,2014-01-31,2013-14,1,DOL,KNG,"Kingsmead, Durban",016e5101,M Shezi,11,0,0,0,0,
652307,2014-01-31,2013-14,2,KNG,DOL,"Kingsmead, Durban",b8cc58c9,RR Hendricks,1,3,8,0,0,caught
652307,2014-01-31,2013-14,2,KNG,DOL,"Kingsmead, Durban",cad00a4d,RR Rossouw,2,7,5,1,0,caught
652307,2014-01-31,2013-14,2,KNG,DOL,"Kingsmead, Durban",33085ffb,D Elgar,3,7,6,0,1,caught
652307,2014-01-31,2013-14,2,KNG,DOL,"Kingsmead, Durban",647a48da,AJ Pienaar,4,18,21,3,0,caught
652307,2014-01-31,2013-14,2,KNG,DOL,"Kingsmead, Durban",5f419ace,WL Coetsee,5,16,11,0,2,caught
652307,2014-01-31,2013-14,2,KNG,DOL,"Kingsmead, Durban",6821ac10,JJ van der Wath,6,2,3,0,0,bowled
652307,2014-01-31,2013-14,2,KNG,DOL,"Kingsmead, Durban",c654af19,R McLaren,7,4,6,0,0,caught
652307,2014-01-31,2013-14,2,KNG,DOL,"Kingsmead, Durban",807b63ae,RK Terblanche,8,0,3,0,0,caught and bowled
652307,2014-01-31,2013-14,2,KNG,DOL,"Kingsmead, Durban",4c9c19e3,LN Mosena,9,0,2,0,0,lbw
652307,2014-01-31,2013-14,2,KNG,DOL,"Kingsmead, Durban",ffa15667,Q Friend,10,23,14,1,2,caught
652307,2014-01-31,2013-14,2,KNG,DOL,"Kingsmead, Durban",9d50c7e1,MP Siboto,11,1,1,0,0,not out
652309,2014-01-31,2013-14,1,LIONS,WPR,"New Wanderers Stadium, Johannesburg",13bee186,SC Cook,1,6,9,1,0,caught
652309,2014-01-31,2013-14,1,LIONS,WPR,"New Wanderers Stadium, Johannesburg",372455c4,Q de Kock,2,46,42,5,1,stumped
652309,2014-01-31,2013-14,1,LIONS,WPR,"New Wanderers Stadium, Johannesburg",9948e262,HE van der Dussen,3,0,1,0,0,caught
652309,2014-01-31,2013-14,1,LIONS,WPR,"New Wanderers Stadium, Johannesburg",a830c083,ND McKenzie,4,0,1,0,0,lbw
652309,2014-01-31,2013-14,1,LIONS,WPR,"New Wanderers Stadium, Johannesburg",9ffd1ac1,T Bavuma,5,0,2,0,0,lbw
652309,2014-01-31,2013-14,1,LIONS,WPR,"New Wanderers Stadium, Johannesburg",11614d87,D Pretorius,6,2,3,0,0,lbw
652309,2014-01-31,2013-14,1,LIONS,WPR,"New Wanderers Stadium, Johannesburg",fb66ce1f,CH Morris,7,41,31,2,3,bowled
652309,2014-01-31,2013-14,1,LIONS,WPR,"New Wanderers Stadium, Johannesburg",7f8ecc51,AM Phangiso,8,0,7,0,0,lbw
652309,2014-01-31,2013-14,1,LIONS,WPR,"New Wanderers Stadium, Johannesburg",a316d663,GC Viljoen,9,0,3,0,0,lbw
652309,2014-01-31,2013-14,1,LIONS,WPR,"New Wanderers Stadium, Johannesburg",1b05424f,P Matshikwe,10,0,0,0,0,run out
652309,2014-01-31,2013-14,1,LIONS,WPR,"New Wanderers Stadium, Johannesburg",a7bc76a0,E Leie,11,1,4,0,0,not out
652309,2014-01-31,2013-14,2,WPR,LIONS,"New Wanderers Stadium, Johannesburg",18c78b11,RE Levi,1,24,19,2,2,bowled
652309,2014-01-31,2013-14,2,WPR,LIONS,"New Wanderers Stadium, Johannesburg",087210b1,DJ Vilas,2,26,32,1,1,stumped
652309,2014-01-31,2013-14,2,WPR,LIONS,"New Wanderers Stadium, Johannesburg",f4dfcbb4,S van Zyl,3,24,26,3,0,caught
652309,2014-01-31,2013-14,2,WPR,LIONS,"New Wanderers Stadium, Johannesburg",55f33b32,JL Ontong,4,13,9,1,0,not out
652309,2014-01-31,2013-14,2,WPR,LIONS,"New Wanderers Stadium, Johannesburg",2e8994e7,JP Duminy,5,10,7,0,1,not out
652309,2014-01-31,2013-14,2,WPR,LIONS,"New Wanderers Stadium, Johannesburg",26ff4c29,RJ Peterson,6,0,0,0,0,
652309,2014-01-31,2013-14,2,WPR,LIONS,"New Wanderers Stadium, Johannesburg",cfe70281,VD Philander,7,0,0,0,0,
652309,2014-01-31,2013-14,2,WPR,LIONS,"New Wanderers Stadium, Johannesburg",7955eb15,RK Kleinveldt,8,0,0,0,0,
652309,2014-01-31,2013-14,2,WPR,LIONS,"New Wanderers Stadium, Johannesburg",9d430b40,SP Narine,9,0,0,0,0,
652309,2014-01-31,2013-14,2,WPR,LIONS,"New Wanderers Stadium, Johannesburg",955e8e86,A Mgijima,10,0,0,0,0,
652309,2014-01-31,2013-14,2,WPR,LIONS,"New Wanderers Stadium, Johannesburg",b56dc5f7,BE Hendricks,11,0,0,0,0,
652311,2014-02-02,2013-14,1,WAR,WPR,"Newlands, Cape Town",42172c3c,JT Smuts,1,0,5,0,0,lbw
652311,2014-02-02,2013-14,1,WAR,WPR,"Newlands, Cape Town",a84468fe,DJ Jacobs,2,33,15,5,1,lbw
652311,2014-02-02,2013-14,1,WAR,WPR,"Newlands, Cape Town",035cb925,AG Prince,3,17,20,1,0,bowled
652311,2014-02-02,2013-14,1,WAR,WPR,"Newlands, Cape Town",c995d726,CA Ingram,4,11,14,1,0,caught and bowled
652311,2014-02-02,2013-14,1,WAR,WPR,"Newlands, Cape Town",a81d6706,C Jonker,5,22,24,0,2,caught
652311,2014-02-02,2013-14,1,WAR,WPR,"Newlands, Cape Town",93a751e8,RT Bailey,6,0,0,0,0,run out
652311,2014-02-02,2013-14,1,WAR,WPR,"Newlands, Cape Town",3a60e0b5,WD Parnell,7,27,20,3,1,bowled
652311,2014-02-02,2013-14,1,WAR,WPR,"Newlands, Cape Town",23638956,SR Harmer,8,8,7,1,0,not out
652311,2014-02-02,2013-14,1,WAR,WPR,"Newlands, Cape Town",9df3a2f4,ACR Birch,9,22,15,2,1,caught
652311,2014-02-02,2013-14,1,WAR,WPR,"Newlands, Cape Town",dec8e038,J Theron,10,0,0,0,0,not out
652311,2014-02-02,2013-14,1,WAR,WPR,"Newlands, Cape Town",ca322fd6,L Mbane,11,0,0,0,0,
652311,2014-02-02,2013-14,2,WPR,WAR,"Newlands, Cape Town",18c78b11,RE Levi,1,15,11,3,0,caught
652311,2014-02-02,2013-14,2,WPR,WAR,"Newlands, Cape Town",087210b1,DJ Vilas,2,0,1,0,0,lbw
652311,2014-02-02,2013-14,2,WPR,WAR,"Newlands, Cape Town",f4dfcbb4,S van Zyl,3,23,29,2,0,run out
652311,2014-02-02,2013-14,2,WPR,WAR,"Newlands, Cape Town",2e8994e7,JP Duminy,4,64,39,7,1,not out
652311,2014-02-02,2013-14,2,WPR,WAR,"Newlands, Cape Town",55f33b32,JL Ontong,5,13,15,1,0,caught
652311,2014-02-02,2013-14,2,WPR,WAR,"Newlands, Cape Town",6581d753,JM Kemp,6,26,19,1,1,not out
652311,2014-02-02,2013-14,2,WPR,WAR,"Newlands, Cape Town",26ff4c29,RJ Peterson,7,0,0,0,0,
652311,2014-02-02,2013-14,2,WPR,WAR,"Newlands, Cape Town",cfe70281,VD Philander,8,0,0,0,0,
652311,2014-02-02,2013-14,2,WPR,WAR,"Newlands, Cape Town",9d430b40,SP Narine,9,0,0,0,0,
652311,2014-02-02,2013-14,2,WPR,WAR,"Newlands, Cape Town",955e8e86,A Mgijima,10,0,0,0,0,
652311,2014-02-02,2013-14,2,WPR,WAR,"Newlands, Cape Town",b56dc5f7,BE Hendricks,11,0,0,0,0,
652313,2014-02-02,2013-14,1,KNG,TIT,"Diamond Oval, Kimberley",b8cc58c9,RR Hendricks,1,36,39,4,0,caught
652313,2014-02-02,2013-14,1,KNG,TIT,"Diamond Oval, Kimberley",cad00a4d,RR Rossouw,2,43,39,5,0,caught
652313,2014-02-02,2013-14,1,KNG,TIT,"Diamond Oval, Kimberley",33085ffb,D Elgar,3,32,26,1,1,not out
652313,2014-02-02,2013-14,1,KNG,TIT,"Diamond Oval, Kimberley",647a48da,AJ Pienaar,4,7,5,1,0,bowled
652313,2014-02-02,2013-14,1,KNG,TIT,"Diamond Oval, Kimberley",13d0b3d6,RS Second,5,1,3,0,0,caught
652313,2014-02-02,2013-14,1,KNG,TIT,"Diamond Oval, Kimberley",5f419ace,WL Coetsee,6,11,7,1,0,bowled
652313,2014-02-02,2013-14,1,KNG,TIT,"Diamond Oval, Kimberley",6821ac10,JJ van der Wath,7,0,2,0,0,run out
652313,2014-02-02,2013-14,1,KNG,TIT,"Diamond Oval, Kimberley",ffa15667,Q Friend,8,0,0,0,0,run out
652313,2014-02-02,2013-14,1,KNG,TIT,"Diamond Oval, Kimberley",807b63ae,RK Terblanche,9,0,0,0,0,not out
652313,2014-02-02,2013-14,1,KNG,TIT,"Diamond Oval, Kimberley",9d50c7e1,MP Siboto,10,0,0,0,0,
652313,2014-02-02,2013-14,1,KNG,TIT,"Diamond Oval, Kimberley",fa047d77,LMG Masekela,11,0,0,0,0,
652313,2014-02-02,2013-14,2,TIT,KNG,"Diamond Oval, Kimberley",9c9f8dbc,H Davids,1,42,36,2,1,bowled
652313,2014-02-02,2013-14,2,TIT,KNG,"Diamond Oval, Kimberley",ede05b97,HG Kuhn,2,30,21,5,0,caught
652313,2014-02-02,2013-14,2,TIT,KNG,"Diamond Oval, Kimberley",90d6cdea,TB de Bruyn,3,53,37,2,3,not out
652313,2014-02-02,2013-14,2,TIT,KNG,"Diamond Oval, Kimberley",ba377b40,GL van Buuren,4,13,11,2,0,not out
652313,2014-02-02,2013-14,2,TIT,KNG,"Diamond Oval, Kimberley",8836fcac,M Mosehle,5,0,0,0,0,
652313,2014-02-02,2013-14,2,TIT,KNG,"Diamond Oval, Kimberley",aa8d28ae,D Wiese,6,0,0,0,0,
652313,2014-02-02,2013-14,2,TIT,KNG,"Diamond Oval, Kimberley",05c2ca46,RE van der Merwe,7,0,0,0,0,
652313,2014-02-02,2013-14,2,TIT,KNG,"Diamond Oval, Kimberley",dce2019b,F Behardien,8,0,0,0,0,
652313,2014-02-02,2013-14,2,TIT,KNG,"Diamond Oval, Kimberley",800b52dc,NE Mbhalati,9,0,0,0,0,
652313,2014-02-02,2013-14,2,TIT,KNG,"Diamond Oval, Kimberley",5bb5a915,M Morkel,10,0,0,0,0,
652313,2014-02-02,2013-14,2,TIT,KNG,"Diamond Oval, Kimberley",05d74535,Saeed Ajmal,11,0,0,0,0,
652315,2014-02-02,2013-14,1,LIONS,DOL,"New Wanderers Stadium, Johannesburg",13bee186,SC Cook,1,22,23,1,0,bowled
652315,2014-02-02,2013-14,1,LIONS,DOL,"New Wanderers Stadium, Johannesburg",372455c4,Q de Kock,2,37,28,5,0,bowled
652315,2014-02-02,2013-14,1,LIONS,DOL,"New Wanderers Stadium, Johannesburg",9948e262,HE van der Dussen,3,14,17,1,0,caught
652315,2014-02-02,2013-14,1,LIONS,DOL,"New Wanderers Stadium, Johannesburg",a830c083,ND McKenzie,4,40,29,2,1,not out
652315,2014-02-02,2013-14,1,LIONS,DOL,"New Wanderers Stadium, Johannesburg",9ffd1ac1,T Bavuma,5,41,24,5,0,not out
652315,2014-02-02,2013-14,1,LIONS,DOL,"New Wanderers Stadium, Johannesburg",df5a6881,DP Conway,6,0,0,0,0,
652315,2014-02-02,2013-14,1,LIONS,DOL,"New Wanderers Stadium, Johannesburg",fb66ce1f,CH Morris,7,0,0,0,0,
652315,2014-02-02,2013-14,1,LIONS,DOL,"New Wanderers Stadium, Johannesburg",a316d663,GC Viljoen,8,0,0,0,0,
652315,2014-02-02,2013-14,1,LIONS,DOL,"New Wanderers Stadium, Johannesburg",7f8ecc51,AM Phangiso,9,0,0,0,0,
652315,2014-02-02,2013-14,1,LIONS,DOL,"New Wanderers Stadium, Johannesburg",a7bc76a0,E Leie,10,0,0,0,0,
652315,2014-02-02,2013-14,1,LIONS,DOL,"New Wanderers Stadium, Johannesburg",1b05424f,P Matshikwe,11,0,0,0,0,
652315,2014-02-02,2013-14,2,DOL,LIONS,"New Wanderers Stadium, Johannesburg",710dd98c,MN van Wyk,1,35,29,5,1,bowled
652315,2014-02-02,2013-14,2,DOL,LIONS,"New Wanderers Stadium, Johannesburg",afa78c3a,CS Delport,2,0,1,0,0,caught
652315,2014-02-02,2013-14,2,DOL,LIONS,"New Wanderers Stadium, Johannesburg",27ca3a11,C Chetty,3,43,35,1,3,bowled
652315,2014-02-02,2013-14,2,DOL,LIONS,"New Wanderers Stadium, Johannesburg",d67d5f00,DA Miller,4,0,1,0,0,caught
652315,2014-02-02,2013-14,2,DOL,LIONS,"New Wanderers Stadium, Johannesburg",890b877d,VB van Jaarsveld,5,8,7,0,1,caught
652315,2014-02-02,2013-14,2,DOL,LIONS,"New Wanderers Stadium, Johannesburg",4aad78d3,K Zondo,6,4,7,0,0,bowled
652315,2014-02-02,2013-14,2,DOL,LIONS,"New Wanderers Stadium, Johannesburg",4bb02ef1,D Smit,7,23,20,2,1,lbw
652315,2014-02-02,2013-14,2,DOL,LIONS,"New Wanderers Stadium, Johannesburg",8b248d88,R Frylinck,8,14,11,1,1,caught
652315,2014-02-02,2013-14,2,DOL,LIONS,"New Wanderers Stadium, Johannesburg",a9da7784,KJ Abbott,9,15,7,1,1,not out
652315,2014-02-02,2013-14,2,DOL,LIONS,"New Wanderers Stadium, Johannesburg",7ec9711d,P Subrayen,10,7,3,0,1,not out
652315,2014-02-02,2013-14,2,DOL,LIONS,"New Wanderers Stadium, Johannesburg",26d9937d,CJ Alexander,11,0,0,0,0,
652319,2014-02-09,2013-14,1,DOL,WPR,"Newlands, Cape Town",710dd98c,MN van Wyk,1,47,45,5,2,caught
652319,2014-02-09,2013-14,1,DOL,WPR,"Newlands, Cape Town",afa78c3a,CS Delport,2,4,5,0,0,caught
652319,2014-02-09,2013-14,1,DOL,WPR,"Newlands, Cape Town",27ca3a11,C Chetty,3,17,13,3,0,caught
652319,2014-02-09,2013-14,1,DOL,WPR,"Newlands, Cape Town",4bb02ef1,D Smit,4,14,13,2,0,caught
652319,2014-02-09,2013-14,1,DOL,WPR,"Newlands, Cape Town",d67d5f00,DA Miller,5,25,19,1,1,caught
652319,2014-02-09,2013-14,1,DOL,WPR,"Newlands, Cape Town",4aad78d3,K Zondo,6,16,13,1,1,caught
652319,2014-02-09,2013-14,1,DOL,WPR,"Newlands, Cape Town",890b877d,VB van Jaarsveld,7,0,1,0,0,caught
652319,2014-02-09,2013-14,1,DOL,WPR,"Newlands, Cape Town",8b248d88,R Frylinck,8,6,8,1,0,caught
652319,2014-02-09,2013-14,1,DOL,WPR,"Newlands, Cape Town",a9da7784,KJ Abbott,9,1,1,0,0,not out
652319,2014-02-09,2013-14,1,DOL,WPR,"Newlands, Cape Town",0b60eb09,KA Maharaj,10,6,2,0,1,not out
652319,2014-02-09,2013-14,1,DOL,WPR,"Newlands, Cape Town",016e5101,M Shezi,11,0,0,0,0,
652319,2014-02-09,2013-14,2,WPR,DOL,"Newlands, Cape Town",18c78b11,RE Levi,1,1,4,0,0,caught
652319,2014-02-09,2013-14,2,WPR,DOL,"Newlands, Cape Town",86dc8f2e,JH Kallis,2,5,8,1,0,bowled
652319,2014-02-09,2013-14,2,WPR,DOL,"Newlands, Cape Town",f4dfcbb4,S van Zyl,3,46,41,3,0,run out
652319,2014-02-09,2013-14,2,WPR,DOL,"Newlands, Cape Town",087210b1,DJ Vilas,4,1,7,0,0,lbw
652319,2014-02-09,2013-14,2,WPR,DOL,"Newlands, Cape Town",55f33b32,JL Ontong,5,0,3,0,0,caught
652319,2014-02-09,2013-14,2,WPR,DOL,"Newlands, Cape Town",81a0e294,SA Engelbrecht,6,56,39,4,2,caught
652319,2014-02-09,2013-14,2,WPR,DOL,"Newlands, Cape Town",6581d753,JM Kemp,7,21,12,2,1,not out
652319,2014-02-09,2013-14,2,WPR,DOL,"Newlands, Cape Town",537f5ab2,DL Piedt,8,5,5,1,0,run out
652319,2014-02-09,2013-14,2,WPR,DOL,"Newlands, Cape Town",955e8e86,A Mgijima,9,1,1,0,0,not out
652319,2014-02-09,2013-14,2,WPR,DOL,"Newlands, Cape Town",a1d95bd8,LB Williams,10,0,0,0,0,
652319,2014-02-09,2013-14,2,WPR,DOL,"Newlands, Cape Town",b56dc5f7,BE Hendricks,11,0,0,0,0,
716623,2014-02-06,2013-14,1,DOL,TIT,"Kingsmead, Durban",afa78c3a,CS Delport,1,34,33,5,0,caught
716623,2014-02-06,2013-14,1,DOL,TIT,"Kingsmead, Durban",710dd98c,MN van Wyk,2,21,20,3,0,caught
716623,2014-02-06,2013-14,1,DOL,TIT,"Kingsmead, Durban",27ca3a11,C Chetty,3,13,13,0,0,bowled
716623,2014-02-06,2013-14,1,DOL,TIT,"Kingsmead, Durban",d67d5f00,DA Miller,4,93,37,6,9,not out
716623,2014-02-06,2013-14,1,DOL,TIT,"Kingsmead, Durban",4bb02ef1,D Smit,5,1,3,0,0,caught
716623,2014-02-06,2013-14,1,DOL,TIT,"Kingsmead, Durban",890b877d,VB van Jaarsveld,6,22,15,2,1,not out
716623,2014-02-06,2013-14,1,DOL,TIT,"Kingsmead, Durban",4aad78d3,K Zondo,7,0,0,0,0,
716623,2014-02-06,2013-14,1,DOL,TIT,"Kingsmead, Durban",8b248d88,R Frylinck,8,0,0,0,0,
716623,2014-02-06,2013-14,1,DOL,TIT,"Kingsmead, Durban",a9da7784,KJ Abbott,9,0,0,0,0,
716623,2014-02-06,2013-14,1,DOL,TIT,"Kingsmead, Durban",7ec9711d,P Subrayen,10,0,0,0,0,
716623,2014-02-06,2013-14,1,DOL,TIT,"Kingsmead, Durban",016e5101,M Shezi,11,0,0,0,0,
716623,2014-02-06,2013-14,2,TIT,DOL,"Kingsmead, Durban",9c9f8dbc,H Davids,1,4,9,0,0,caught
716623,2014-02-06,2013-14,2,TIT,DOL,"Kingsmead, Durban",ede05b97,HG Kuhn,2,76,39,4,6,caught
716623,2014-02-06,2013-14,2,TIT,DOL,"Kingsmead, Durban",90d6cdea,TB de Bruyn,3,23,23,3,0,caught
716623,2014-02-06,2013-14,2,TIT,DOL,"Kingsmead, Durban",dce2019b,F Behardien,4,22,17,1,0,caught
716623,2014-02-06,2013-14,2,TIT,DOL,"Kingsmead, Durban",c3d35165,JA Morkel,5,1,2,0,0,bowled
716623,2014-02-06,2013-14,2,TIT,DOL,"Kingsmead, Durban",aa8d28ae,D Wiese,6,1,4,0,0,caught
716623,2014-02-06,2013-14,2,TIT,DOL,"Kingsmead, Durban",ba377b40,GL van Buuren,7,1,3,0,0,caught
716623,2014-02-06,2013-14,2,TIT,DOL,"Kingsmead, Durban",05c2ca46,RE van der Merwe,8,4,2,1,0,caught
716623,2014-02-06,2013-14,2,TIT,DOL,"Kingsmead, Durban",8836fcac,M Mosehle,9,31,14,2,2,caught
716623,2014-02-06,2013-14,2,TIT,DOL,"Kingsmead, Durban",05d74535,Saeed Ajmal,10,1,3,0,0,bowled
716623,2014-02-06,2013-14,2,TIT,DOL,"Kingsmead, Durban",800b52dc,NE Mbhalati,11,0,0,0,0,not out
736255,2014-11-02,2014-15,1,KNG,WAR,"New Wanderers Stadium, Johannesburg",13d0b3d6,RS Second,1,32,27,2,2,caught
736255,2014-11-02,2014-15,1,KNG,WAR,"New Wanderers Stadium, Johannesburg",231a7404,GJ Abrahams,2,48,31,4,1,run out
736255,2014-11-02,2014-15,1,KNG,WAR,"New Wanderers Stadium, Johannesburg",ed982dfa,TM Bodibe,3,0,1,0,0,bowled
736255,2014-11-02,2014-15,1,KNG,WAR,"New Wanderers Stadium, Johannesburg",4025c262,PJ van Biljon,4,22,18,3,0,caught
736255,2014-11-02,2014-15,1,KNG,WAR,"New Wanderers Stadium, Johannesburg",f8e6dbdd,DS Rosier,5,55,27,6,2,not out
736255,2014-11-02,2014-15,1,KNG,WAR,"New Wanderers Stadium, Johannesburg",bbd41817,AD Russell,6,10,6,0,1,caught
736255,2014-11-02,2014-15,1,KNG,WAR,"New Wanderers Stadium, Johannesburg",647a48da,AJ Pienaar,7,35,10,3,3,not out
736255,2014-11-02,2014-15,1,KNG,WAR,"New Wanderers Stadium, Johannesburg",5f419ace,WL Coetsee,8,0,0,0,0,
736255,2014-11-02,2014-15,1,KNG,WAR,"New Wanderers Stadium, Johannesburg",d7a57f75,D du Preez,9,0,0,0,0,
736255,2014-11-02,2014-15,1,KNG,WAR,"New Wanderers Stadium, Johannesburg",97b0e4ff,SC van Schalkwyk,10,0,0,0,0,
736255,2014-11-02,2014-15,1,KNG,WAR,"New Wanderers Stadium, Johannesburg",9d50c7e1,MP Siboto,11,0,0,0,0,
736255,2014-11-02,2014-15,2,WAR,KNG,"New Wanderers Stadium, Johannesburg",42172c3c,JT Smuts,1,4,2,1,0,bowled
736255,2014-11-02,2014-15,2,WAR,KNG,"New Wanderers Stadium, Johannesburg",1e960f2a,C Kieswetter,2,51,38,5,3,caught
736255,2014-11-02,2014-15,2,WAR,KNG,"New Wanderers Stadium, Johannesburg",c995d726,CA Ingram,3,3,4,0,0,caught
736255,2014-11-02,2014-15,2,WAR,KNG,"New Wanderers Stadium, Johannesburg",93a751e8,RT Bailey,4,8,13,1,0,caught
736255,2014-11-02,2014-15,2,WAR,KNG,"New Wanderers Stadium, Johannesburg",e734d090,CN Ackermann,5,12,15,2,0,bowled
736255,2014-11-02,2014-15,2,WAR,KNG,"New Wanderers Stadium, Johannesburg",23638956,SR Harmer,6,19,11,3,0,caught
736255,2014-11-02,2014-15,2,WAR,KNG,"New Wanderers Stadium, Johannesburg",2f873ad6,S Seyibokwe,7,12,9,3,0,bowled
736255,2014-11-02,2014-15,2,WAR,KNG,"New Wanderers Stadium, Johannesburg",9df3a2f4,ACR Birch,8,1,3,0,0,caught
736255,2014-11-02,2014-15,2,WAR,KNG,"New Wanderers Stadium, Johannesburg",8361e524,SSB Magala,9,6,8,1,0,caught
736255,2014-11-02,2014-15,2,WAR,KNG,"New Wanderers Stadium, Johannesburg",a83c44b8,A Gqamane,10,8,6,0,0,run out
736255,2014-11-02,2014-15,2,WAR,KNG,"New Wanderers Stadium, Johannesburg",ca322fd6,L Mbane,11,3,4,0,0,not out
736257,2014-11-02,2014-15,1,WPR,TIT,"New Wanderers Stadium, Johannesburg",18c78b11,RE Levi,1,81,34,7,7,caught and bowled
736257,2014-11-02,2014-15,1,WPR,TIT,"New Wanderers Stadium, Johannesburg",637b6fbd,AG Puttick,2,1,5,0,0,caught
736257,2014-11-02,2014-15,1,WPR,TIT,"New Wanderers Stadium, Johannesburg",04a5b56e,OA Ramela,3,12,14,1,0,caught
736257,2014-11-02,2014-15,1,WPR,TIT,"New Wanderers Stadium, Johannesburg",087210b1,DJ Vilas,4,19,23,1,0,caught
736257,2014-11-02,2014-15,1,WPR,TIT,"New Wanderers Stadium, Johannesburg",55f33b32,JL Ontong,5,0,1,0,0,bowled
736257,2014-11-02,2014-15,1,WPR,TIT,"New Wanderers Stadium, Johannesburg",a757b0d8,KA Pollard,6,72,36,6,4,not out
736257,2014-11-02,2014-15,1,WPR,TIT,"New Wanderers Stadium, Johannesburg",81a0e294,SA Engelbrecht,7,9,8,1,0,not out
736257,2014-11-02,2014-15,1,WPR,TIT,"New Wanderers Stadium, Johannesburg",e5437608,GF Linde,8,0,0,0,0,
736257,2014-11-02,2014-15,1,WPR,TIT,"New Wanderers Stadium, Johannesburg",a1d95bd8,LB Williams,9,0,0,0,0,
736257,2014-11-02,2014-15,1,WPR,TIT,"New Wanderers Stadium, Johannesburg",462d7c62,D Paterson,10,0,0,0,0,
736257,2014-11-02,2014-15,1,WPR,TIT,"New Wanderers Stadium, Johannesburg",016e5101,M Shezi,11,0,0,0,0,
736257,2014-11-02,2014-15,2,TIT,WPR,"New Wanderers Stadium, Johannesburg",9c9f8dbc,H Davids,1,72,48,8,2,caught
736257,2014-11-02,2014-15,2,TIT,WPR,"New Wanderers Stadium, Johannesburg",33085ffb,D Elgar,2,72,48,2,5,caught
736257,2014-11-02,2014-15,2,TIT,WPR,"New Wanderers Stadium, Johannesburg",90d6cdea,TB de Bruyn,3,13,8,2,0,caught
736257,2014-11-02,2014-15,2,TIT,WPR,"New Wanderers Stadium, Johannesburg",c03c6200,DJG Sammy,4,1,2,0,0,caught
736257,2014-11-02,2014-15,2,TIT,WPR,"New Wanderers Stadium, Johannesburg",8836fcac,M Mosehle,5,14,10,0,1,not out
736257,2014-11-02,2014-15,2,TIT,WPR,"New Wanderers Stadium, Johannesburg",05c2ca46,RE van der Merwe,6,10,5,0,1,not out
736257,2014-11-02,2014-15,2,TIT,WPR,"New Wanderers Stadium, Johannesburg",59a7fc89,MQ Adams,7,0,0,0,0,
736257,2014-11-02,2014-15,2,TIT,WPR,"New Wanderers Stadium, Johannesburg",ba377b40,GL van Buuren,8,0,0,0,0,
736257,2014-11-02,2014-15,2,TIT,WPR,"New Wanderers Stadium, Johannesburg",356129f0,JP de Villiers,9,0,0,0,0,
736257,2014-11-02,2014-15,2,TIT,WPR,"New Wanderers Stadium, Johannesburg",fa9c0196,RR Richards,10,0,0,0,0,
736257,2014-11-02,2014-15,2,TIT,WPR,"New Wanderers Stadium, Johannesburg",800b52dc,NE Mbhalati,11,0,0,0,0,
736259,2014-11-02,2014-15,1,DOL,LIONS,"New Wanderers Stadium, Johannesburg",710dd98c,MN van Wyk,1,5,5,0,0,lbw
736259,2014-11-02,2014-15,1,DOL,LIONS,"New Wanderers Stadium, Johannesburg",afa78c3a,CS Delport,2,0,1,0,0,caught
736259,2014-11-02,2014-15,1,DOL,LIONS,"New Wanderers Stadium, Johannesburg",27ca3a11,C Chetty,3,68,44,7,3,caught
736259,2014-11-02,2014-15,1,DOL,LIONS,"New Wanderers Stadium, Johannesburg",890b877d,VB van Jaarsveld,4,40,25,3,3,caught
736259,2014-11-02,2014-15,1,DOL,LIONS,"New Wanderers Stadium, Johannesburg",a833f99c,JD Vandiar,5,8,9,1,0,lbw
736259,2014-11-02,2014-15,1,DOL,LIONS,"New Wanderers Stadium, Johannesburg",4aad78d3,K Zondo,6,5,8,0,0,lbw
736259,2014-11-02,2014-15,1,DOL,LIONS,"New Wanderers Stadium, Johannesburg",1b42a100,BS Makhanya,7,9,9,1,0,not out
736259,2014-11-02,2014-15,1,DOL,LIONS,"New Wanderers Stadium, Johannesburg",7ec9711d,P Subrayen,8,26,13,2,2,caught
736259,2014-11-02,2014-15,1,DOL,LIONS,"New Wanderers Stadium, Johannesburg",8b248d88,R Frylinck,9,4,3,1,0,caught
736259,2014-11-02,2014-15,1,DOL,LIONS,"New Wanderers Stadium, Johannesburg",26d9937d,CJ Alexander,10,0,2,0,0,caught and bowled
736259,2014-11-02,2014-15,1,DOL,LIONS,"New Wanderers Stadium, Johannesburg",7cb2d9d2,DM Dupavillon,11,4,1,1,0,not out
736259,2014-11-02,2014-15,2,LIONS,DOL,"New Wanderers Stadium, Johannesburg",db584dad,CH Gayle,1,56,38,6,2,bowled
736259,2014-11-02,2014-15,2,LIONS,DOL,"New Wanderers Stadium, Johannesburg",e01aafc1,AN Petersen,2,12,6,3,0,caught
736259,2014-11-02,2014-15,2,LIONS,DOL,"New Wanderers Stadium, Johannesburg",a830c083,ND McKenzie,3,1,2,0,0,caught
736259,2014-11-02,2014-15,2,LIONS,DOL,"New Wanderers Stadium, Johannesburg",9ffd1ac1,T Bavuma,4,8,7,0,1,caught
736259,2014-11-02,2014-15,2,LIONS,DOL,"New Wanderers Stadium, Johannesburg",77841dcc,J Symes,5,58,50,4,2,not out
736259,2014-11-02,2014-15,2,LIONS,DOL,"New Wanderers Stadium, Johannesburg",3b94297b,TL Tsolekile,6,23,12,3,1,not out
736259,2014-11-02,2014-15,2,LIONS,DOL,"New Wanderers Stadium, Johannesburg",11614d87,D Pretorius,7,0,0,0,0,
736259,2014-11-02,2014-15,2,LIONS,DOL,"New Wanderers Stadium, Johannesburg",fb66ce1f,CH Morris,8,0,0,0,0,
736259,2014-11-02,2014-15,2,LIONS,DOL,"New Wanderers Stadium, Johannesburg",a316d663,GC Viljoen,9,0,0,0,0,
736259,2014-11-02,2014-15,2,LIONS,DOL,"New Wanderers Stadium, Johannesburg",a7bc76a0,E Leie,10,0,0,0,0,
736259,2014-11-02,2014-15,2,LIONS,DOL,"New Wanderers Stadium, Johannesburg",12bffe91,LL Tsotsobe,11,0,0,0,0,
736261,2014-11-05,2014-15,1,DOL,WAR,"Kingsmead, Durban",710dd98c,MN van Wyk,1,17,11,3,0,caught
736261,2014-11-05,2014-15,1,DOL,WAR,"Kingsmead, Durban",afa78c3a,CS Delport,2,21,25,0,1,caught
736261,2014-11-05,2014-15,1,DOL,WAR,"Kingsmead, Durban",27ca3a11,C Chetty,3,22,19,1,1,caught
736261,2014-11-05,2014-15,1,DOL,WAR,"Kingsmead, Durban",890b877d,VB van Jaarsveld,4,51,33,3,2,not out
736261,2014-11-05,2014-15,1,DOL,WAR,"Kingsmead, Durban",87e562a9,DJ Bravo,5,43,25,2,3,lbw
736261,2014-11-05,2014-15,1,DOL,WAR,"Kingsmead, Durban",8b248d88,R Frylinck,6,17,8,2,1,not out
736261,2014-11-05,2014-15,1,DOL,WAR,"Kingsmead, Durban",1b42a100,BS Makhanya,7,0,0,0,0,
736261,2014-11-05,2014-15,1,DOL,WAR,"Kingsmead, Durban",4aad78d3,K Zondo,8,0,0,0,0,
736261,2014-11-05,2014-15,1,DOL,WAR,"Kingsmead, Durban",7ec9711d,P Subrayen,9,0,0,0,0,
736261,2014-11-05,2014-15,1,DOL,WAR,"Kingsmead, Durban",26d9937d,CJ Alexander,10,0,0,0,0,
736261,2014-11-05,2014-15,1,DOL,WAR,"Kingsmead, Durban",a467273e,RJ Engelbrecht,11,0,0,0,0,
736261,2014-11-05,2014-15,2,WAR,DOL,"Kingsmead, Durban",2f873ad6,S Seyibokwe,1,39,33,3,2,caught
736261,2014-11-05,2014-15,2,WAR,DOL,"Kingsmead, Durban",1e960f2a,C Kieswetter,2,10,8,1,1,caught
736261,2014-11-05,2014-15,2,WAR,DOL,"Kingsmead, Durban",42172c3c,JT Smuts,3,4,4,1,0,bowled
736261,2014-11-05,2014-15,2,WAR,DOL,"Kingsmead, Durban",c995d726,CA Ingram,4,0,1,0,0,caught
736261,2014-11-05,2014-15,2,WAR,DOL,"Kingsmead, Durban",93a751e8,RT Bailey,5,4,6,1,0,caught
736261,2014-11-05,2014-15,2,WAR,DOL,"Kingsmead, Durban",a81d6706,C Jonker,6,3,10,0,0,caught
736261,2014-11-05,2014-15,2,WAR,DOL,"Kingsmead, Durban",23638956,SR Harmer,7,23,24,1,0,caught
736261,2014-11-05,2014-15,2,WAR,DOL,"Kingsmead, Durban",dec8e038,J Theron,8,18,16,1,0,not out
736261,2014-11-05,2014-15,2,WAR,DOL,"Kingsmead, Durban",a83c44b8,A Gqamane,9,17,13,0,1,bowled
736261,2014-11-05,2014-15,2,WAR,DOL,"Kingsmead, Durban",8361e524,SSB Magala,10,2,5,0,0,not out
736261,2014-11-05,2014-15,2,WAR,DOL,"Kingsmead, Durban",1e182ae2,BD Walters,11,0,0,0,0,
736263,2014-11-07,2014-15,1,DOL,WPR,"Newlands, Cape Town",710dd98c,MN van Wyk,1,6,9,0,0,bowled
736263,2014-11-07,2014-15,1,DOL,WPR,"Newlands, Cape Town",afa78c3a,CS Delport,2,46,34,5,1,bowled
736263,2014-11-07,2014-15,1,DOL,WPR,"Newlands, Cape Town",a2f71c9f,DJ van Wyk,3,18,20,1,0,caught
736263,2014-11-07,2014-15,1,DOL,WPR,"Newlands, Cape Town",87e562a9,DJ Bravo,4,4,7,0,0,caught
736263,2014-11-07,2014-15,1,DOL,WPR,"Newlands, Cape Town",890b877d,VB van Jaarsveld,5,28,21,1,1,bowled
736263,2014-11-07,2014-15,1,DOL,WPR,"Newlands, Cape Town",4aad78d3,K Zondo,6,0,4,0,0,bowled
736263,2014-11-07,2014-15,1,DOL,WPR,"Newlands, Cape Town",8b248d88,R Frylinck,7,7,9,0,0,caught
736263,2014-11-07,2014-15,1,DOL,WPR,"Newlands, Cape Town",1b42a100,BS Makhanya,8,3,4,0,0,caught
736263,2014-11-07,2014-15,1,DOL,WPR,"Newlands, Cape Town",7ec9711d,P Subrayen,9,1,3,0,0,bowled
736263,2014-11-07,2014-15,1,DOL,WPR,"Newlands, Cape Town",26d9937d,CJ Alexander,10,4,5,0,0,not out
736263,2014-11-07,2014-15,1,DOL,WPR,"Newlands, Cape Town",a467273e,RJ Engelbrecht,11,3,5,0,0,not out
736263,2014-11-07,2014-15,2,WPR,DOL,"Newlands, Cape Town",18c78b11,RE Levi,1,44,26,6,2,caught
736263,2014-11-07,2014-15,2,WPR,DOL,"Newlands, Cape Town",637b6fbd,AG Puttick,2,48,39,6,0,not out
736263,2014-11-07,2014-15,2,WPR,DOL,"Newlands, Cape Town",04a5b56e,OA Ramela,3,28,31,1,1,caught
736263,2014-11-07,2014-15,2,WPR,DOL,"Newlands, Cape Town",a757b0d8,KA Pollard,4,1,1,0,0,not out
736263,2014-11-07,2014-15,2,WPR,DOL,"Newlands, Cape Town",55f33b32,JL Ontong,5,0,0,0,0,
736263,2014-11-07,2014-15,2,WPR,DOL,"Newlands, Cape Town",087210b1,DJ Vilas,6,0,0,0,0,
736263,2014-11-07,2014-15,2,WPR,DOL,"Newlands, Cape Town",81a0e294,SA Engelbrecht,7,0,0,0,0,
736263,2014-11-07,2014-15,2,WPR,DOL,"Newlands, Cape Town",e5437608,GF Linde,8,0,0,0,0,
736263,2014-11-07,2014-15,2,WPR,DOL,"Newlands, Cape Town",f277f531,FD Adams,9,0,0,0,0,
736263,2014-11-07,2014-15,2,WPR,DOL,"Newlands, Cape Town",462d7c62,D Paterson,10,0,0,0,0,
736263,2014-11-07,2014-15,2,WPR,DOL,"Newlands, Cape Town",016e5101,M Shezi,11,0,0,0,0,
736265,2014-11-07,2014-15,1,WAR,LIONS,"Buffalo Park, East London",2f873ad6,S Seyibokwe,1,1,6,0,0,run out
736265,2014-11-07,2014-15,1,WAR,LIONS,"Buffalo Park, East London",1e960f2a,C Kieswetter,2,82,64,8,3,not out
736265,2014-11-07,2014-15,1,WAR,LIONS,"Buffalo Park, East London",42172c3c,JT Smuts,3,16,21,1,0,caught
736265,2014-11-07,2014-15,1,WAR,LIONS,"Buffalo Park, East London",c995d726,CA Ingram,4,0,1,0,0,stumped
736265,2014-11-07,2014-15,1,WAR,LIONS,"Buffalo Park, East London",a81d6706,C Jonker,5,0,1,0,0,lbw
736265,2014-11-07,2014-15,1,WAR,LIONS,"Buffalo Park, East London",93a751e8,RT Bailey,6,6,9,1,0,bowled
736265,2014-11-07,2014-15,1,WAR,LIONS,"Buffalo Park, East London",23638956,SR Harmer,7,17,14,2,0,caught
736265,2014-11-07,2014-15,1,WAR,LIONS,"Buffalo Park, East London",dec8e038,J Theron,8,3,4,0,0,not out
736265,2014-11-07,2014-15,1,WAR,LIONS,"Buffalo Park, East London",a83c44b8,A Gqamane,9,0,0,0,0,
736265,2014-11-07,2014-15,1,WAR,LIONS,"Buffalo Park, East London",1e182ae2,BD Walters,10,0,0,0,0,
736265,2014-11-07,2014-15,1,WAR,LIONS,"Buffalo Park, East London",ca322fd6,L Mbane,11,0,0,0,0,
736265,2014-11-07,2014-15,2,LIONS,WAR,"Buffalo Park, East London",e01aafc1,AN Petersen,1,29,35,1,0,not out
736265,2014-11-07,2014-15,2,LIONS,WAR,"Buffalo Park, East London",db584dad,CH Gayle,2,108,55,10,7,not out
736265,2014-11-07,2014-15,2,LIONS,WAR,"Buffalo Park, East London",a830c083,ND McKenzie,3,0,0,0,0,
736265,2014-11-07,2014-15,2,LIONS,WAR,"Buffalo Park, East London",9ffd1ac1,T Bavuma,4,0,0,0,0,
736265,2014-11-07,2014-15,2,LIONS,WAR,"Buffalo Park, East London",77841dcc,J Symes,5,0,0,0,0,
736265,2014-11-07,2014-15,2,LIONS,WAR,"Buffalo Park, East London",3b94297b,TL Tsolekile,6,0,0,0,0,
736265,2014-11-07,2014-15,2,LIONS,WAR,"Buffalo Park, East London",11614d87,D Pretorius,7,0,0,0,0,
736265,2014-11-07,2014-15,2,LIONS,WAR,"Buffalo Park, East London",fb66ce1f,CH Morris,8,0,0,0,0,
736265,2014-11-07,2014-15,2,LIONS,WAR,"Buffalo Park, East London",a316d663,GC Viljoen,9,0,0,0,0,
736265,2014-11-07,2014-15,2,LIONS,WAR,"Buffalo Park, East London",12bffe91,LL Tsotsobe,10,0,0,0,0,
736265,2014-11-07,2014-15,2,LIONS,WAR,"Buffalo Park, East London",a7bc76a0,E Leie,11,0,0,0,0,
736267,2014-11-07,2014-15,1,KNG,TIT,"SuperSport Park, Centurion",13d0b3d6,RS Second,1,44,26,7,1,caught
736267,2014-11-07,2014-15,1,KNG,TIT,"SuperSport Park, Centurion",231a7404,GJ Abrahams,2,41,40,4,0,caught
736267,2014-11-07,2014-15,1,KNG,TIT,"SuperSport Park, Centurion",ed982dfa,TM Bodibe,3,26,20,2,1,lbw
736267,2014-11-07,2014-15,1,KNG,TIT,"SuperSport Park, Centurion",bbd41817,AD Russell,4,48,21,8,2,lbw
736267,2014-11-07,2014-15,1,KNG,TIT,"SuperSport Park, Centurion",647a48da,AJ Pienaar,5,8,7,0,0,not out
736267,2014-11-07,2014-15,1,KNG,TIT,"SuperSport Park, Centurion",4025c262,PJ van Biljon,6,0,1,0,0,caught
736267,2014-11-07,2014-15,1,KNG,TIT,"SuperSport Park, Centurion",f8e6dbdd,DS Rosier,7,3,4,0,0,bowled
736267,2014-11-07,2014-15,1,KNG,TIT,"SuperSport Park, Centurion",5f419ace,WL Coetsee,8,0,0,0,0,run out
736267,2014-11-07,2014-15,1,KNG,TIT,"SuperSport Park, Centurion",d7a57f75,D du Preez,9,1,1,0,0,not out
736267,2014-11-07,2014-15,1,KNG,TIT,"SuperSport Park, Centurion",97b0e4ff,SC van Schalkwyk,10,0,0,0,0,
736267,2014-11-07,2014-15,1,KNG,TIT,"SuperSport Park, Centurion",9d50c7e1,MP Siboto,11,0,0,0,0,
736267,2014-11-07,2014-15,2,TIT,KNG,"SuperSport Park, Centurion",9c9f8dbc,H Davids,1,29,18,3,2,bowled
736267,2014-11-07,2014-15,2,TIT,KNG,"SuperSport Park, Centurion",33085ffb,D Elgar,2,65,64,1,2,not out
736267,2014-11-07,2014-15,2,TIT,KNG,"SuperSport Park, Centurion",05c2ca46,RE van der Merwe,3,1,2,0,0,caught
736267,2014-11-07,2014-15,2,TIT,KNG,"SuperSport Park, Centurion",90d6cdea,TB de Bruyn,4,18,13,0,1,caught
736267,2014-11-07,2014-15,2,TIT,KNG,"SuperSport Park, Centurion",c03c6200,DJG Sammy,5,23,17,1,1,caught
736267,2014-11-07,2014-15,2,TIT,KNG,"SuperSport Park, Centurion",8836fcac,M Mosehle,6,2,4,0,0,run out
736267,2014-11-07,2014-15,2,TIT,KNG,"SuperSport Park, Centurion",59a7fc89,MQ Adams,7,1,2,0,0,not out
736267,2014-11-07,2014-15,2,TIT,KNG,"SuperSport Park, Centurion",1186f196,JJ Pienaar,8,0,0,0,0,
736267,2014-11-07,2014-15,2,TIT,KNG,"SuperSport Park, Centurion",172dff15,C Bosch,9,0,0,0,0,
736267,2014-11-07,2014-15,2,TIT,KNG,"SuperSport Park, Centurion",a03bba42,T Shamsi,10,0,0,0,0,
736267,2014-11-07,2014-15,2,TIT,KNG,"SuperSport Park, Centurion",800b52dc,NE Mbhalati,11,0,0,0,0,
736269,2014-11-09,2014-15,1,DOL,TIT,"Kingsmead, Durban",710dd98c,MN van Wyk,1,37,14,5,2,caught
736269,2014-11-09,2014-15,1,DOL,TIT,"Kingsmead, Durban",afa78c3a,CS Delport,2,45,29,4,3,caught
736269,2014-11-09,2014-15,1,DOL,TIT,"Kingsmead, Durban",27ca3a11,C Chetty,3,44,29,2,2,caught and bowled
736269,2014-11-09,2014-15,1,DOL,TIT,"Kingsmead, Durban",890b877d,VB van Jaarsveld,4,38,29,1,2,caught
736269,2014-11-09,2014-15,1,DOL,TIT,"Kingsmead, Durban",87e562a9,DJ Bravo,5,13,11,1,0,caught
736269,2014-11-09,2014-15,1,DOL,TIT,"Kingsmead, Durban",8b248d88,R Frylinck,6,3,7,0,0,not out
736269,2014-11-09,2014-15,1,DOL,TIT,"Kingsmead, Durban",4aad78d3,K Zondo,7,1,1,0,0,not out
736269,2014-11-09,2014-15,1,DOL,TIT,"Kingsmead, Durban",1b42a100,BS Makhanya,8,0,0,0,0,
736269,2014-11-09,2014-15,1,DOL,TIT,"Kingsmead, Durban",7ec9711d,P Subrayen,9,0,0,0,0,
736269,2014-11-09,2014-15,1,DOL,TIT,"Kingsmead, Durban",26d9937d,CJ Alexander,10,0,0,0,0,
736269,2014-11-09,2014-15,1,DOL,TIT,"Kingsmead, Durban",0b60eb09,KA Maharaj,11,0,0,0,0,
736269,2014-11-09,2014-15,2,TIT,DOL,"Kingsmead, Durban",9c9f8dbc,H Davids,1,9,8,0,1,caught
736269,2014-11-09,2014-15,2,TIT,DOL,"Kingsmead, Durban",33085ffb,D Elgar,2,26,27,2,0,caught
736269,2014-11-09,2014-15,2,TIT,DOL,"Kingsmead, Durban",05c2ca46,RE van der Merwe,3,10,5,2,0,caught
736269,2014-11-09,2014-15,2,TIT,DOL,"Kingsmead, Durban",90d6cdea,TB de Bruyn,4,14,13,1,0,caught
736269,2014-11-09,2014-15,2,TIT,DOL,"Kingsmead, Durban",1186f196,JJ Pienaar,5,8,7,1,0,caught
736269,2014-11-09,2014-15,2,TIT,DOL,"Kingsmead, Durban",59a7fc89,MQ Adams,6,14,12,1,1,caught
736269,2014-11-09,2014-15,2,TIT,DOL,"Kingsmead, Durban",c03c6200,DJG Sammy,7,1,2,0,0,lbw
736269,2014-11-09,2014-15,2,TIT,DOL,"Kingsmead, Durban",8836fcac,M Mosehle,8,10,11,0,1,caught
736269,2014-11-09,2014-15,2,TIT,DOL,"Kingsmead, Durban",172dff15,C Bosch,9,30,26,4,0,not out
736269,2014-11-09,2014-15,2,TIT,DOL,"Kingsmead, Durban",a03bba42,T Shamsi,10,0,5,0,0,caught
736269,2014-11-09,2014-15,2,TIT,DOL,"Kingsmead, Durban",800b52dc,NE Mbhalati,11,1,4,0,0,not out
736275,2014-11-14,2014-15,1,DOL,WAR,"St George's Park, Port Elizabeth",710dd98c,MN van Wyk,1,8,12,1,0,caught
736275,2014-11-14,2014-15,1,DOL,WAR,"St George's Park, Port Elizabeth",afa78c3a,CS Delport,2,34,21,2,3,lbw
736275,2014-11-14,2014-15,1,DOL,WAR,"St George's Park, Port Elizabeth",27ca3a11,C Chetty,3,19,10,3,1,caught
736275,2014-11-14,2014-15,1,DOL,WAR,"St George's Park, Port Elizabeth",4aad78d3,K Zondo,4,20,24,1,0,bowled
736275,2014-11-14,2014-15,1,DOL,WAR,"St George's Park, Port Elizabeth",890b877d,VB van Jaarsveld,5,4,8,0,0,caught and bowled
736275,2014-11-14,2014-15,1,DOL,WAR,"St George's Park, Port Elizabeth",87e562a9,DJ Bravo,6,21,25,1,0,bowled
736275,2014-11-14,2014-15,1,DOL,WAR,"St George's Park, Port Elizabeth",8b248d88,R Frylinck,7,21,12,0,2,not out
736275,2014-11-14,2014-15,1,DOL,WAR,"St George's Park, Port Elizabeth",0b60eb09,KA Maharaj,8,10,9,1,0,not out
736275,2014-11-14,2014-15,1,DOL,WAR,"St George's Park, Port Elizabeth",26d9937d,CJ Alexander,9,0,0,0,0,
736275,2014-11-14,2014-15,1,DOL,WAR,"St George's Park, Port Elizabeth",7ec9711d,P Subrayen,10,0,0,0,0,
736275,2014-11-14,2014-15,1,DOL,WAR,"St George's Park, Port Elizabeth",1b42a100,BS Makhanya,11,0,0,0,0,
736275,2014-11-14,2014-15,2,WAR,DOL,"St George's Park, Port Elizabeth",42172c3c,JT Smuts,1,54,48,3,2,run out
736275,2014-11-14,2014-15,2,WAR,DOL,"St George's Park, Port Elizabeth",1e960f2a,C Kieswetter,2,16,13,2,1,bowled
736275,2014-11-14,2014-15,2,WAR,DOL,"St George's Park, Port Elizabeth",c995d726,CA Ingram,3,64,54,3,3,not out
736275,2014-11-14,2014-15,2,WAR,DOL,"St George's Park, Port Elizabeth",a81d6706,C Jonker,4,0,2,0,0,caught
736275,2014-11-14,2014-15,2,WAR,DOL,"St George's Park, Port Elizabeth",9fa54c94,MY Vallie,5,4,3,0,0,not out
736275,2014-11-14,2014-15,2,WAR,DOL,"St George's Park, Port Elizabeth",2f873ad6,S Seyibokwe,6,0,0,0,0,
736275,2014-11-14,2014-15,2,WAR,DOL,"St George's Park, Port Elizabeth",23638956,SR Harmer,7,0,0,0,0,
736275,2014-11-14,2014-15,2,WAR,DOL,"St George's Park, Port Elizabeth",dec8e038,J Theron,8,0,0,0,0,
736275,2014-11-14,2014-15,2,WAR,DOL,"St George's Park, Port Elizabeth",a83c44b8,A Gqamane,9,0,0,0,0,
736275,2014-11-14,2014-15,2,WAR,DOL,"St George's Park, Port Elizabeth",1e182ae2,BD Walters,10,0,0,0,0,
736275,2014-11-14,2014-15,2,WAR,DOL,"St George's Park, Port Elizabeth",ca322fd6,L Mbane,11,0,0,0,0,
736277,2014-11-14,2014-15,1,TIT,KNG,"Chevrolet Park, Bloemfontein",9c9f8dbc,H Davids,1,45,42,2,2,run out
736277,2014-11-14,2014-15,1,TIT,KNG,"Chevrolet Park, Bloemfontein",90d6cdea,TB de Bruyn,2,38,30,6,0,bowled
736277,2014-11-14,2014-15,1,TIT,KNG,"Chevrolet Park, Bloemfontein",33085ffb,D Elgar,3,23,20,0,1,run out
736277,2014-11-14,2014-15,1,TIT,KNG,"Chevrolet Park, Bloemfontein",c03c6200,DJG Sammy,4,2,3,0,0,caught
736277,2014-11-14,2014-15,1,TIT,KNG,"Chevrolet Park, Bloemfontein",aa8d28ae,D Wiese,5,19,20,0,0,not out
736277,2014-11-14,2014-15,1,TIT,KNG,"Chevrolet Park, Bloemfontein",8836fcac,M Mosehle,6,0,1,0,0,caught
736277,2014-11-14,2014-15,1,TIT,KNG,"Chevrolet Park, Bloemfontein",59a7fc89,MQ Adams,7,4,4,0,0,run out
736277,2014-11-14,2014-15,1,TIT,KNG,"Chevrolet Park, Bloemfontein",05c2ca46,RE van der Merwe,8,0,0,0,0,
736277,2014-11-14,2014-15,1,TIT,KNG,"Chevrolet Park, Bloemfontein",172dff15,C Bosch,9,0,0,0,0,
736277,2014-11-14,2014-15,1,TIT,KNG,"Chevrolet Park, Bloemfontein",a03bba42,T Shamsi,10,0,0,0,0,
736277,2014-11-14,2014-15,1,TIT,KNG,"Chevrolet Park, Bloemfontein",800b52dc,NE Mbhalati,11,0,0,0,0,
736277,2014-11-14,2014-15,2,KNG,TIT,"Chevrolet Park, Bloemfontein",231a7404,GJ Abrahams,1,12,13,2,0,caught
736277,2014-11-14,2014-15,2,KNG,TIT,"Chevrolet Park, Bloemfontein",b8cc58c9,RR Hendricks,2,76,48,8,1,not out
736277,2014-11-14,2014-15,2,KNG,TIT,"Chevrolet Park, Bloemfontein",13d0b3d6,RS Second,3,38,34,2,1,bowled
736277,2014-11-14,2014-15,2,KNG,TIT,"Chevrolet Park, Bloemfontein",bbd41817,AD Russell,4,7,4,0,1,not out
736277,2014-11-14,2014-15,2,KNG,TIT,"Chevrolet Park, Bloemfontein",f8e6dbdd,DS Rosier,5,0,0,0,0,
736277,2014-11-14,2014-15,2,KNG,TIT,"Chevrolet Park, Bloemfontein",ed982dfa,TM Bodibe,6,0,0,0,0,
736277,2014-11-14,2014-15,2,KNG,TIT,"Chevrolet Park, Bloemfontein",647a48da,AJ Pienaar,7,0,0,0,0,
736277,2014-11-14,2014-15,2,KNG,TIT,"Chevrolet Park, Bloemfontein",5f419ace,WL Coetsee,8,0,0,0,0,
736277,2014-11-14,2014-15,2,KNG,TIT,"Chevrolet Park, Bloemfontein",9d50c7e1,MP Siboto,9,0,0,0,0,
736277,2014-11-14,2014-15,2,KNG,TIT,"Chevrolet Park, Bloemfontein",ffa15667,Q Friend,10,0,0,0,0,
736277,2014-11-14,2014-15,2,KNG,TIT,"Chevrolet Park, Bloemfontein",97b0e4ff,SC van Schalkwyk,11,0,0,0,0,
736279,2014-11-14,2014-15,1,LIONS,WPR,"New Wanderers Stadium, Johannesburg",9948e262,HE van der Dussen,1,52,40,3,2,bowled
736279,2014-11-14,2014-15,1,LIONS,WPR,"New Wanderers Stadium, Johannesburg",e01aafc1,AN Petersen,2,18,18,3,0,stumped
736279,2014-11-14,2014-15,1,LIONS,WPR,"New Wanderers Stadium, Johannesburg",a830c083,ND McKenzie,3,22,26,1,1,caught
736279,2014-11-14,2014-15,1,LIONS,WPR,"New Wanderers Stadium, Johannesburg",9ffd1ac1,T Bavuma,4,14,14,0,1,caught
736279,2014-11-14,2014-15,1,LIONS,WPR,"New Wanderers Stadium, Johannesburg",77841dcc,J Symes,5,11,13,1,0,caught
736279,2014-11-14,2014-15,1,LIONS,WPR,"New Wanderers Stadium, Johannesburg",11614d87,D Pretorius,6,9,4,0,1,caught
736279,2014-11-14,2014-15,1,LIONS,WPR,"New Wanderers Stadium, Johannesburg",fb66ce1f,CH Morris,7,0,1,0,0,caught
736279,2014-11-14,2014-15,1,LIONS,WPR,"New Wanderers Stadium, Johannesburg",3b94297b,TL Tsolekile,8,2,2,0,0,not out
736279,2014-11-14,2014-15,1,LIONS,WPR,"New Wanderers Stadium, Johannesburg",a316d663,GC Viljoen,9,5,2,1,0,not out
736279,2014-11-14,2014-15,1,LIONS,WPR,"New Wanderers Stadium, Johannesburg",a7bc76a0,E Leie,10,0,0,0,0,
736279,2014-11-14,2014-15,1,LIONS,WPR,"New Wanderers Stadium, Johannesburg",12bffe91,LL Tsotsobe,11,0,0,0,0,
736279,2014-11-14,2014-15,2,WPR,LIONS,"New Wanderers Stadium, Johannesburg",18c78b11,RE Levi,1,20,17,3,1,caught and bowled
736279,2014-11-14,2014-15,2,WPR,LIONS,"New Wanderers Stadium, Johannesburg",637b6fbd,AG Puttick,2,4,13,0,0,caught
736279,2014-11-14,2014-15,2,WPR,LIONS,"New Wanderers Stadium, Johannesburg",04a5b56e,OA Ramela,3,30,34,3,0,caught
736279,2014-11-14,2014-15,2,WPR,LIONS,"New Wanderers Stadium, Johannesburg",087210b1,DJ Vilas,4,1,3,0,0,caught
736279,2014-11-14,2014-15,2,WPR,LIONS,"New Wanderers Stadium, Johannesburg",55f33b32,JL Ontong,5,2,4,0,0,caught
736279,2014-11-14,2014-15,2,WPR,LIONS,"New Wanderers Stadium, Johannesburg",a757b0d8,KA Pollard,6,13,16,0,1,bowled
736279,2014-11-14,2014-15,2,WPR,LIONS,"New Wanderers Stadium, Johannesburg",81a0e294,SA Engelbrecht,7,10,14,1,0,caught
736279,2014-11-14,2014-15,2,WPR,LIONS,"New Wanderers Stadium, Johannesburg",e5437608,GF Linde,8,6,11,0,0,bowled
736279,2014-11-14,2014-15,2,WPR,LIONS,"New Wanderers Stadium, Johannesburg",f277f531,FD Adams,9,1,5,0,0,not out
736279,2014-11-14,2014-15,2,WPR,LIONS,"New Wanderers Stadium, Johannesburg",016e5101,M Shezi,10,0,3,0,0,run out
736279,2014-11-14,2014-15,2,WPR,LIONS,"New Wanderers Stadium, Johannesburg",462d7c62,D Paterson,11,0,0,0,0,not out
736283,2014-11-16,2014-15,1,WAR,LIONS,"Kingsmead, Durban",42172c3c,JT Smuts,1,8,7,2,0,caught
736283,2014-11-16,2014-15,1,WAR,LIONS,"Kingsmead, Durban",1e960f2a,C Kieswetter,2,8,18,0,0,caught
736283,2014-11-16,2014-15,1,WAR,LIONS,"Kingsmead, Durban",c995d726,CA Ingram,3,5,6,1,0,caught
736283,2014-11-16,2014-15,1,WAR,LIONS,"Kingsmead, Durban",9fa54c94,MY Vallie,4,25,25,2,0,caught
736283,2014-11-16,2014-15,1,WAR,LIONS,"Kingsmead, Durban",2f873ad6,S Seyibokwe,5,7,14,0,0,caught
736283,2014-11-16,2014-15,1,WAR,LIONS,"Kingsmead, Durban",a81d6706,C Jonker,6,25,20,1,1,caught
736283,2014-11-16,2014-15,1,WAR,LIONS,"Kingsmead, Durban",23638956,SR Harmer,7,38,26,3,2,not out
736283,2014-11-16,2014-15,1,WAR,LIONS,"Kingsmead, Durban",dec8e038,J Theron,8,0,1,0,0,bowled
736283,2014-11-16,2014-15,1,WAR,LIONS,"Kingsmead, Durban",a83c44b8,A Gqamane,9,7,3,1,0,not out
736283,2014-11-16,2014-15,1,WAR,LIONS,"Kingsmead, Durban",1e182ae2,BD Walters,10,0,0,0,0,
736283,2014-11-16,2014-15,1,WAR,LIONS,"Kingsmead, Durban",ca322fd6,L Mbane,11,0,0,0,0,
736283,2014-11-16,2014-15,2,LIONS,WAR,"Kingsmead, Durban",9948e262,HE van der Dussen,1,10,11,0,1,caught
736283,2014-11-16,2014-15,2,LIONS,WAR,"Kingsmead, Durban",e01aafc1,AN Petersen,2,30,42,1,1,bowled
736283,2014-11-16,2014-15,2,LIONS,WAR,"Kingsmead, Durban",a830c083,ND McKenzie,3,46,38,3,0,not out
736283,2014-11-16,2014-15,2,LIONS,WAR,"Kingsmead, Durban",11614d87,D Pretorius,4,1,4,0,0,caught
736283,2014-11-16,2014-15,2,LIONS,WAR,"Kingsmead, Durban",77841dcc,J Symes,5,0,1,0,0,caught
736283,2014-11-16,2014-15,2,LIONS,WAR,"Kingsmead, Durban",9ffd1ac1,T Bavuma,6,37,21,3,2,not out
736283,2014-11-16,2014-15,2,LIONS,WAR,"Kingsmead, Durban",3b94297b,TL Tsolekile,7,0,0,0,0,
736283,2014-11-16,2014-15,2,LIONS,WAR,"Kingsmead, Durban",fb66ce1f,CH Morris,8,0,0,0,0,
736283,2014-11-16,2014-15,2,LIONS,WAR,"Kingsmead, Durban",a316d663,GC Viljoen,9,0,0,0,0,
736283,2014-11-16,2014-15,2,LIONS,WAR,"Kingsmead, Durban",a7bc76a0,E Leie,10,0,0,0,0,
736283,2014-11-16,2014-15,2,LIONS,WAR,"Kingsmead, Durban",12bffe91,LL Tsotsobe,11,0,0,0,0,
736285,2014-11-16,2014-15,1,DOL,KNG,"Kingsmead, Durban",710dd98c,MN van Wyk,1,6,5,1,0,bowled
736285,2014-11-16,2014-15,1,DOL,KNG,"Kingsmead, Durban",afa78c3a,CS Delport,2,1,5,0,0,caught
736285,2014-11-16,2014-15,1,DOL,KNG,"Kingsmead, Durban",a2f71c9f,DJ van Wyk,3,0,3,0,0,caught
736285,2014-11-16,2014-15,1,DOL,KNG,"Kingsmead, Durban",890b877d,VB van Jaarsveld,4,2,4,0,0,caught
736285,2014-11-16,2014-15,1,DOL,KNG,"Kingsmead, Durban",4aad78d3,K Zondo,5,33,49,3,0,caught
736285,2014-11-16,2014-15,1,DOL,KNG,"Kingsmead, Durban",1b42a100,BS Makhanya,6,2,9,0,0,bowled
736285,2014-11-16,2014-15,1,DOL,KNG,"Kingsmead, Durban",8b248d88,R Frylinck,7,8,7,2,0,caught
736285,2014-11-16,2014-15,1,DOL,KNG,"Kingsmead, Durban",0b60eb09,KA Maharaj,8,19,24,1,1,caught
736285,2014-11-16,2014-15,1,DOL,KNG,"Kingsmead, Durban",7ec9711d,P Subrayen,9,6,7,1,0,caught
736285,2014-11-16,2014-15,1,DOL,KNG,"Kingsmead, Durban",26d9937d,CJ Alexander,10,0,1,0,0,caught
736285,2014-11-16,2014-15,1,DOL,KNG,"Kingsmead, Durban",a467273e,RJ Engelbrecht,11,0,0,0,0,not out
736287,2014-11-21,2014-15,1,KNG,WAR,"Buffalo Park, East London",231a7404,GJ Abrahams,1,11,6,2,0,bowled
736287,2014-11-21,2014-15,1,KNG,WAR,"Buffalo Park, East London",b8cc58c9,RR Hendricks,2,0,3,0,0,lbw
736287,2014-11-21,2014-15,1,KNG,WAR,"Buffalo Park, East London",13d0b3d6,RS Second,3,48,53,2,0,not out
736287,2014-11-21,2014-15,1,KNG,WAR,"Buffalo Park, East London",ed982dfa,TM Bodibe,4,2,4,0,0,bowled
736287,2014-11-21,2014-15,1,KNG,WAR,"Buffalo Park, East London",f8e6dbdd,DS Rosier,5,25,23,1,1,caught
736287,2014-11-21,2014-15,1,KNG,WAR,"Buffalo Park, East London",bbd41817,AD Russell,6,57,31,4,4,not out
736287,2014-11-21,2014-15,1,KNG,WAR,"Buffalo Park, East London",647a48da,AJ Pienaar,7,0,0,0,0,
736287,2014-11-21,2014-15,1,KNG,WAR,"Buffalo Park, East London",5f419ace,WL Coetsee,8,0,0,0,0,
736287,2014-11-21,2014-15,1,KNG,WAR,"Buffalo Park, East London",ffa15667,Q Friend,9,0,0,0,0,
736287,2014-11-21,2014-15,1,KNG,WAR,"Buffalo Park, East London",97b0e4ff,SC van Schalkwyk,10,0,0,0,0,
736287,2014-11-21,2014-15,1,KNG,WAR,"Buffalo Park, East London",9d50c7e1,MP Siboto,11,0,0,0,0,
736287,2014-11-21,2014-15,2,WAR,KNG,"Buffalo Park, East London",42172c3c,JT Smuts,1,73,56,5,3,not out
736287,2014-11-21,2014-15,2,WAR,KNG,"Buffalo Park, East London",1e960f2a,C Kieswetter,2,11,10,2,0,bowled
736287,2014-11-21,2014-15,2,WAR,KNG,"Buffalo Park, East London",c995d726,CA Ingram,3,40,36,4,1,caught
736287,2014-11-21,2014-15,2,WAR,KNG,"Buffalo Park, East London",a81d6706,C Jonker,4,22,15,1,2,not out
736287,2014-11-21,2014-15,2,WAR,KNG,"Buffalo Park, East London",9fa54c94,MY Vallie,5,0,0,0,0,
736287,2014-11-21,2014-15,2,WAR,KNG,"Buffalo Park, East London",2f873ad6,S Seyibokwe,6,0,0,0,0,
736287,2014-11-21,2014-15,2,WAR,KNG,"Buffalo Park, East London",23638956,SR Harmer,7,0,0,0,0,
736287,2014-11-21,2014-15,2,WAR,KNG,"Buffalo Park, East London",dec8e038,J Theron,8,0,0,0,0,
736287,2014-11-21,2014-15,2,WAR,KNG,"Buffalo Park, East London",a83c44b8,A Gqamane,9,0,0,0,0,
736287,2014-11-21,2014-15,2,WAR,KNG,"Buffalo Park, East London",1e182ae2,BD Walters,10,0,0,0,0,
736287,2014-11-21,2014-15,2,WAR,KNG,"Buffalo Park, East London",ca322fd6,L Mbane,11,0,0,0,0,
736289,2014-11-21,2014-15,1,DOL,WPR,"Kingsmead, Durban",710dd98c,MN van Wyk,1,0,2,0,0,caught
736289,2014-11-21,2014-15,1,DOL,WPR,"Kingsmead, Durban",afa78c3a,CS Delport,2,0,1,0,0,caught
736289,2014-11-21,2014-15,1,DOL,WPR,"Kingsmead, Durban",a833f99c,JD Vandiar,3,33,18,6,0,caught
736289,2014-11-21,2014-15,1,DOL,WPR,"Kingsmead, Durban",890b877d,VB van Jaarsveld,4,29,22,0,2,caught
736289,2014-11-21,2014-15,1,DOL,WPR,"Kingsmead, Durban",87e562a9,DJ Bravo,5,3,6,0,0,stumped
736289,2014-11-21,2014-15,1,DOL,WPR,"Kingsmead, Durban",4aad78d3,K Zondo,6,1,2,0,0,not out
736289,2014-11-21,2014-15,1,DOL,WPR,"Kingsmead, Durban",8b248d88,R Frylinck,7,7,3,0,1,caught
736289,2014-11-21,2014-15,1,DOL,WPR,"Kingsmead, Durban",ab6b1c45,AL Phehlukwayo,8,0,1,0,0,bowled
736289,2014-11-21,2014-15,1,DOL,WPR,"Kingsmead, Durban",7ec9711d,P Subrayen,9,8,5,0,0,bowled
736289,2014-11-21,2014-15,1,DOL,WPR,"Kingsmead, Durban",26d9937d,CJ Alexander,10,0,0,0,0,
736289,2014-11-21,2014-15,1,DOL,WPR,"Kingsmead, Durban",a467273e,RJ Engelbrecht,11,0,0,0,0,
736289,2014-11-21,2014-15,2,WPR,DOL,"Kingsmead, Durban",18c78b11,RE Levi,1,54,27,7,2,caught
736289,2014-11-21,2014-15,2,WPR,DOL,"Kingsmead, Durban",637b6fbd,AG Puttick,2,9,9,2,0,bowled
736289,2014-11-21,2014-15,2,WPR,DOL,"Kingsmead, Durban",04a5b56e,OA Ramela,3,11,10,1,0,caught
736289,2014-11-21,2014-15,2,WPR,DOL,"Kingsmead, Durban",087210b1,DJ Vilas,4,3,5,0,0,not out
736289,2014-11-21,2014-15,2,WPR,DOL,"Kingsmead, Durban",a757b0d8,KA Pollard,5,11,5,1,1,not out
736289,2014-11-21,2014-15,2,WPR,DOL,"Kingsmead, Durban",55f33b32,JL Ontong,6,0,0,0,0,
736289,2014-11-21,2014-15,2,WPR,DOL,"Kingsmead, Durban",81a0e294,SA Engelbrecht,7,0,0,0,0,
736289,2014-11-21,2014-15,2,WPR,DOL,"Kingsmead, Durban",e5437608,GF Linde,8,0,0,0,0,
736289,2014-11-21,2014-15,2,WPR,DOL,"Kingsmead, Durban",f277f531,FD Adams,9,0,0,0,0,
736289,2014-11-21,2014-15,2,WPR,DOL,"Kingsmead, Durban",462d7c62,D Paterson,10,0,0,0,0,
736289,2014-11-21,2014-15,2,WPR,DOL,"Kingsmead, Durban",016e5101,M Shezi,11,0,0,0,0,
736291,2014-11-21,2014-15,1,TIT,LIONS,"Willowmoore Park, Benoni",9c9f8dbc,H Davids,1,75,42,7,4,caught
736291,2014-11-21,2014-15,1,TIT,LIONS,"Willowmoore Park, Benoni",90d6cdea,TB de Bruyn,2,30,26,3,1,caught
736291,2014-11-21,2014-15,1,TIT,LIONS,"Willowmoore Park, Benoni",33085ffb,D Elgar,3,3,8,0,0,caught
736291,2014-11-21,2014-15,1,TIT,LIONS,"Willowmoore Park, Benoni",59a7fc89,MQ Adams,4,15,8,3,0,caught
736291,2014-11-21,2014-15,1,TIT,LIONS,"Willowmoore Park, Benoni",c03c6200,DJG Sammy,5,0,3,0,0,caught
736291,2014-11-21,2014-15,1,TIT,LIONS,"Willowmoore Park, Benoni",235c2bb6,H Klaasen,6,15,6,0,2,caught
736291,2014-11-21,2014-15,1,TIT,LIONS,"Willowmoore Park, Benoni",aa8d28ae,D Wiese,7,10,5,1,0,not out
736291,2014-11-21,2014-15,1,TIT,LIONS,"Willowmoore Park, Benoni",05c2ca46,RE van der Merwe,8,1,1,0,0,not out
736291,2014-11-21,2014-15,1,TIT,LIONS,"Willowmoore Park, Benoni",a03bba42,T Shamsi,9,0,0,0,0,
736291,2014-11-21,2014-15,1,TIT,LIONS,"Willowmoore Park, Benoni",1cb14aa4,CJ Dala,10,0,0,0,0,
736291,2014-11-21,2014-15,1,TIT,LIONS,"Willowmoore Park, Benoni",800b52dc,NE Mbhalati,11,0,0,0,0,
736291,2014-11-21,2014-15,2,LIONS,TIT,"Willowmoore Park, Benoni",e01aafc1,AN Petersen,1,1,3,0,0,bowled
736291,2014-11-21,2014-15,2,LIONS,TIT,"Willowmoore Park, Benoni",db584dad,CH Gayle,2,11,11,1,1,caught
736291,2014-11-21,2014-15,2,LIONS,TIT,"Willowmoore Park, Benoni",a830c083,ND McKenzie,3,14,20,0,1,caught
736291,2014-11-21,2014-15,2,LIONS,TIT,"Willowmoore Park, Benoni",9ffd1ac1,T Bavuma,4,14,10,3,0,caught
736291,2014-11-21,2014-15,2,LIONS,TIT,"Willowmoore Park, Benoni",77841dcc,J Symes,5,57,32,7,2,not out
736291,2014-11-21,2014-15,2,LIONS,TIT,"Willowmoore Park, Benoni",11614d87,D Pretorius,6,27,14,2,2,caught
736291,2014-11-21,2014-15,2,LIONS,TIT,"Willowmoore Park, Benoni",fb66ce1f,CH Morris,7,10,6,2,0,not out
736291,2014-11-21,2014-15,2,LIONS,TIT,"Willowmoore Park, Benoni",3b94297b,TL Tsolekile,8,0,0,0,0,
736291,2014-11-21,2014-15,2,LIONS,TIT,"Willowmoore Park, Benoni",a316d663,GC Viljoen,9,0,0,0,0,
736291,2014-11-21,2014-15,2,LIONS,TIT,"Willowmoore Park, Benoni",12bffe91,LL Tsotsobe,10,0,0,0,0,
736291,2014-11-21,2014-15,2,LIONS,TIT,"Willowmoore Park, Benoni",a7bc76a0,E Leie,11,0,0,0,0,
736293,2014-11-23,2014-15,1,WPR,LIONS,"Newlands, Cape Town",18c78b11,RE Levi,1,25,27,4,0,caught
736293,2014-11-23,2014-15,1,WPR,LIONS,"Newlands, Cape Town",637b6fbd,AG Puttick,2,3,9,0,0,run out
736293,2014-11-23,2014-15,1,WPR,LIONS,"Newlands, Cape Town",04a5b56e,OA Ramela,3,46,38,4,0,caught
736293,2014-11-23,2014-15,1,WPR,LIONS,"Newlands, Cape Town",087210b1,DJ Vilas,4,51,29,3,3,caught
736293,2014-11-23,2014-15,1,WPR,LIONS,"Newlands, Cape Town",a757b0d8,KA Pollard,5,6,10,0,0,caught
736293,2014-11-23,2014-15,1,WPR,LIONS,"Newlands, Cape Town",55f33b32,JL Ontong,6,3,3,0,0,caught
736293,2014-11-23,2014-15,1,WPR,LIONS,"Newlands, Cape Town",81a0e294,SA Engelbrecht,7,1,3,0,0,caught and bowled
736293,2014-11-23,2014-15,1,WPR,LIONS,"Newlands, Cape Town",e5437608,GF Linde,8,5,2,1,0,not out
736293,2014-11-23,2014-15,1,WPR,LIONS,"Newlands, Cape Town",f277f531,FD Adams,9,0,0,0,0,not out
736293,2014-11-23,2014-15,1,WPR,LIONS,"Newlands, Cape Town",462d7c62,D Paterson,10,0,0,0,0,
736293,2014-11-23,2014-15,1,WPR,LIONS,"Newlands, Cape Town",016e5101,M Shezi,11,0,0,0,0,
736293,2014-11-23,2014-15,2,LIONS,WPR,"Newlands, Cape Town",db584dad,CH Gayle,1,3,8,0,0,bowled
736293,2014-11-23,2014-15,2,LIONS,WPR,"Newlands, Cape Town",e01aafc1,AN Petersen,2,5,7,0,0,caught
736293,2014-11-23,2014-15,2,LIONS,WPR,"Newlands, Cape Town",a830c083,ND McKenzie,3,31,31,5,0,caught
736293,2014-11-23,2014-15,2,LIONS,WPR,"Newlands, Cape Town",9ffd1ac1,T Bavuma,4,20,20,1,0,caught
736293,2014-11-23,2014-15,2,LIONS,WPR,"Newlands, Cape Town",77841dcc,J Symes,5,2,3,0,0,caught
736293,2014-11-23,2014-15,2,LIONS,WPR,"Newlands, Cape Town",3b94297b,TL Tsolekile,6,5,7,1,0,bowled
736293,2014-11-23,2014-15,2,LIONS,WPR,"Newlands, Cape Town",11614d87,D Pretorius,7,2,3,0,0,bowled
736293,2014-11-23,2014-15,2,LIONS,WPR,"Newlands, Cape Town",fb66ce1f,CH Morris,8,5,7,0,0,caught
736293,2014-11-23,2014-15,2,LIONS,WPR,"Newlands, Cape Town",a316d663,GC Viljoen,9,1,2,0,0,caught
736293,2014-11-23,2014-15,2,LIONS,WPR,"Newlands, Cape Town",a7bc76a0,E Leie,10,1,5,0,0,caught
736293,2014-11-23,2014-15,2,LIONS,WPR,"Newlands, Cape Town",12bffe91,LL Tsotsobe,11,0,0,0,0,not out
736295,2014-11-23,2014-15,1,TIT,WAR,"SuperSport Park, Centurion",9c9f8dbc,H Davids,1,23,11,4,1,caught
736295,2014-11-23,2014-15,1,TIT,WAR,"SuperSport Park, Centurion",90d6cdea,TB de Bruyn,2,16,8,2,1,caught
736295,2014-11-23,2014-15,1,TIT,WAR,"SuperSport Park, Centurion",59a7fc89,MQ Adams,3,6,5,1,0,caught
736295,2014-11-23,2014-15,1,TIT,WAR,"SuperSport Park, Centurion",aa8d28ae,D Wiese,4,1,2,0,0,caught
736295,2014-11-23,2014-15,1,TIT,WAR,"SuperSport Park, Centurion",235c2bb6,H Klaasen,5,7,9,0,0,not out
736295,2014-11-23,2014-15,1,TIT,WAR,"SuperSport Park, Centurion",c03c6200,DJG Sammy,6,16,12,2,0,lbw
736295,2014-11-23,2014-15,1,TIT,WAR,"SuperSport Park, Centurion",ba377b40,GL van Buuren,7,1,1,0,0,not out
736295,2014-11-23,2014-15,1,TIT,WAR,"SuperSport Park, Centurion",ffd3fc37,S von Berg,8,0,0,0,0,
736295,2014-11-23,2014-15,1,TIT,WAR,"SuperSport Park, Centurion",994d9d36,ER Links,9,0,0,0,0,
736295,2014-11-23,2014-15,1,TIT,WAR,"SuperSport Park, Centurion",1cb14aa4,CJ Dala,10,0,0,0,0,
736295,2014-11-23,2014-15,1,TIT,WAR,"SuperSport Park, Centurion",800b52dc,NE Mbhalati,11,0,0,0,0,
736295,2014-11-23,2014-15,2,WAR,TIT,"SuperSport Park, Centurion",42172c3c,JT Smuts,1,37,22,3,2,run out
736295,2014-11-23,2014-15,2,WAR,TIT,"SuperSport Park, Centurion",1e960f2a,C Kieswetter,2,0,1,0,0,caught
736295,2014-11-23,2014-15,2,WAR,TIT,"SuperSport Park, Centurion",c995d726,CA Ingram,3,4,3,1,0,caught
736295,2014-11-23,2014-15,2,WAR,TIT,"SuperSport Park, Centurion",a81d6706,C Jonker,4,4,4,1,0,caught
736295,2014-11-23,2014-15,2,WAR,TIT,"SuperSport Park, Centurion",23638956,SR Harmer,5,24,13,2,1,caught
736295,2014-11-23,2014-15,2,WAR,TIT,"SuperSport Park, Centurion",9fa54c94,MY Vallie,6,3,3,0,0,not out
736295,2014-11-23,2014-15,2,WAR,TIT,"SuperSport Park, Centurion",dec8e038,J Theron,7,1,2,0,0,not out
736295,2014-11-23,2014-15,2,WAR,TIT,"SuperSport Park, Centurion",a83c44b8,A Gqamane,8,0,0,0,0,
736295,2014-11-23,2014-15,2,WAR,TIT,"SuperSport Park, Centurion",8361e524,SSB Magala,9,0,0,0,0,
736295,2014-11-23,2014-15,2,WAR,TIT,"SuperSport Park, Centurion",1e182ae2,BD Walters,10,0,0,0,0,
736295,2014-11-23,2014-15,2,WAR,TIT,"SuperSport Park, Centurion",ca322fd6,L Mbane,11,0,0,0,0,
736297,2014-11-26,2014-15,1,TIT,DOL,"Willowmoore Park, Benoni",9c9f8dbc,H Davids,1,32,31,3,1,caught
736297,2014-11-26,2014-15,1,TIT,DOL,"Willowmoore Park, Benoni",90d6cdea,TB de Bruyn,2,1,4,0,0,caught
736297,2014-11-26,2014-15,1,TIT,DOL,"Willowmoore Park, Benoni",ba377b40,GL van Buuren,3,1,3,0,0,bowled
736297,2014-11-26,2014-15,1,TIT,DOL,"Willowmoore Park, Benoni",59a7fc89,MQ Adams,4,76,53,9,2,caught
736297,2014-11-26,2014-15,1,TIT,DOL,"Willowmoore Park, Benoni",235c2bb6,H Klaasen,5,19,12,3,0,caught
736297,2014-11-26,2014-15,1,TIT,DOL,"Willowmoore Park, Benoni",aa8d28ae,D Wiese,6,17,12,2,0,caught
736297,2014-11-26,2014-15,1,TIT,DOL,"Willowmoore Park, Benoni",c03c6200,DJG Sammy,7,15,5,0,2,not out
736297,2014-11-26,2014-15,1,TIT,DOL,"Willowmoore Park, Benoni",ffd3fc37,S von Berg,8,1,1,0,0,run out
736297,2014-11-26,2014-15,1,TIT,DOL,"Willowmoore Park, Benoni",994d9d36,ER Links,9,0,0,0,0,
736297,2014-11-26,2014-15,1,TIT,DOL,"Willowmoore Park, Benoni",1cb14aa4,CJ Dala,10,0,0,0,0,
736297,2014-11-26,2014-15,1,TIT,DOL,"Willowmoore Park, Benoni",21fdde93,SF Mofokeng,11,0,0,0,0,
736297,2014-11-26,2014-15,2,DOL,TIT,"Willowmoore Park, Benoni",a833f99c,JD Vandiar,1,3,6,0,0,caught
736297,2014-11-26,2014-15,2,DOL,TIT,"Willowmoore Park, Benoni",710dd98c,MN van Wyk,2,7,6,1,0,caught
736297,2014-11-26,2014-15,2,DOL,TIT,"Willowmoore Park, Benoni",27ca3a11,C Chetty,3,28,23,2,0,caught
736297,2014-11-26,2014-15,2,DOL,TIT,"Willowmoore Park, Benoni",890b877d,VB van Jaarsveld,4,32,32,1,2,caught
736297,2014-11-26,2014-15,2,DOL,TIT,"Willowmoore Park, Benoni",ab6b1c45,AL Phehlukwayo,5,1,3,0,0,bowled
736297,2014-11-26,2014-15,2,DOL,TIT,"Willowmoore Park, Benoni",87e562a9,DJ Bravo,6,34,18,0,3,caught
736297,2014-11-26,2014-15,2,DOL,TIT,"Willowmoore Park, Benoni",4aad78d3,K Zondo,7,25,17,1,1,caught
736297,2014-11-26,2014-15,2,DOL,TIT,"Willowmoore Park, Benoni",8b248d88,R Frylinck,8,4,3,1,0,caught
736297,2014-11-26,2014-15,2,DOL,TIT,"Willowmoore Park, Benoni",0b60eb09,KA Maharaj,9,8,5,0,1,not out
736297,2014-11-26,2014-15,2,DOL,TIT,"Willowmoore Park, Benoni",7ec9711d,P Subrayen,10,9,7,0,1,not out
736297,2014-11-26,2014-15,2,DOL,TIT,"Willowmoore Park, Benoni",26d9937d,CJ Alexander,11,0,0,0,0,
736299,2014-11-28,2014-15,1,WPR,WAR,"St George's Park, Port Elizabeth",18c78b11,RE Levi,1,76,53,5,6,caught
736299,2014-11-28,2014-15,1,WPR,WAR,"St George's Park, Port Elizabeth",637b6fbd,AG Puttick,2,65,50,4,2,bowled
736299,2014-11-28,2014-15,1,WPR,WAR,"St George's Park, Port Elizabeth",a757b0d8,KA Pollard,3,32,15,2,3,not out
736299,2014-11-28,2014-15,1,WPR,WAR,"St George's Park, Port Elizabeth",087210b1,DJ Vilas,4,0,1,0,0,lbw
736299,2014-11-28,2014-15,1,WPR,WAR,"St George's Park, Port Elizabeth",55f33b32,JL Ontong,5,1,1,0,0,not out
736299,2014-11-28,2014-15,1,WPR,WAR,"St George's Park, Port Elizabeth",04a5b56e,OA Ramela,6,0,0,0,0,
736299,2014-11-28,2014-15,1,WPR,WAR,"St George's Park, Port Elizabeth",81a0e294,SA Engelbrecht,7,0,0,0,0,
736299,2014-11-28,2014-15,1,WPR,WAR,"St George's Park, Port Elizabeth",e5437608,GF Linde,8,0,0,0,0,
736299,2014-11-28,2014-15,1,WPR,WAR,"St George's Park, Port Elizabeth",f277f531,FD Adams,9,0,0,0,0,
736299,2014-11-28,2014-15,1,WPR,WAR,"St George's Park, Port Elizabeth",462d7c62,D Paterson,10,0,0,0,0,
736299,2014-11-28,2014-15,1,WPR,WAR,"St George's Park, Port Elizabeth",016e5101,M Shezi,11,0,0,0,0,
736299,2014-11-28,2014-15,2,WAR,WPR,"St George's Park, Port Elizabeth",42172c3c,JT Smuts,1,0,3,0,0,bowled
736299,2014-11-28,2014-15,2,WAR,WPR,"St George's Park, Port Elizabeth",1e960f2a,C Kieswetter,2,1,8,0,0,bowled
736299,2014-11-28,2014-15,2,WAR,WPR,"St George's Park, Port Elizabeth",c995d726,CA Ingram,3,4,4,1,0,caught
736299,2014-11-28,2014-15,2,WAR,WPR,"St George's Park, Port Elizabeth",93a751e8,RT Bailey,4,35,30,5,0,stumped
736299,2014-11-28,2014-15,2,WAR,WPR,"St George's Park, Port Elizabeth",a81d6706,C Jonker,5,16,15,3,0,bowled
736299,2014-11-28,2014-15,2,WAR,WPR,"St George's Park, Port Elizabeth",23638956,SR Harmer,6,19,20,1,1,bowled
736299,2014-11-28,2014-15,2,WAR,WPR,"St George's Park, Port Elizabeth",2f873ad6,S Seyibokwe,7,2,3,0,0,caught
736299,2014-11-28,2014-15,2,WAR,WPR,"St George's Park, Port Elizabeth",dec8e038,J Theron,8,1,4,0,0,bowled
736299,2014-11-28,2014-15,2,WAR,WPR,"St George's Park, Port Elizabeth",a83c44b8,A Gqamane,9,10,15,1,0,lbw
736299,2014-11-28,2014-15,2,WAR,WPR,"St George's Park, Port Elizabeth",1e182ae2,BD Walters,10,15,6,2,1,caught
736299,2014-11-28,2014-15,2,WAR,WPR,"St George's Park, Port Elizabeth",ca322fd6,L Mbane,11,1,1,0,0,not out
736301,2014-11-28,2014-15,1,KNG,DOL,"Diamond Oval, Kimberley",231a7404,GJ Abrahams,1,8,10,1,0,caught
736301,2014-11-28,2014-15,1,KNG,DOL,"Diamond Oval, Kimberley",b8cc58c9,RR Hendricks,2,69,50,5,2,bowled
736301,2014-11-28,2014-15,1,KNG,DOL,"Diamond Oval, Kimberley",13d0b3d6,RS Second,3,9,15,2,0,bowled
736301,2014-11-28,2014-15,1,KNG,DOL,"Diamond Oval, Kimberley",ed982dfa,TM Bodibe,4,23,24,0,1,lbw
736301,2014-11-28,2014-15,1,KNG,DOL,"Diamond Oval, Kimberley",bbd41817,AD Russell,5,50,19,0,6,run out
736301,2014-11-28,2014-15,1,KNG,DOL,"Diamond Oval, Kimberley",647a48da,AJ Pienaar,6,1,2,0,0,not out
736301,2014-11-28,2014-15,1,KNG,DOL,"Diamond Oval, Kimberley",f8e6dbdd,DS Rosier,7,0,0,0,0,
736301,2014-11-28,2014-15,1,KNG,DOL,"Diamond Oval, Kimberley",ffa15667,Q Friend,8,0,0,0,0,
736301,2014-11-28,2014-15,1,KNG,DOL,"Diamond Oval, Kimberley",97b0e4ff,SC van Schalkwyk,9,0,0,0,0,
736301,2014-11-28,2014-15,1,KNG,DOL,"Diamond Oval, Kimberley",5f419ace,WL Coetsee,10,0,0,0,0,
736301,2014-11-28,2014-15,1,KNG,DOL,"Diamond Oval, Kimberley",9d50c7e1,MP Siboto,11,0,0,0,0,
736301,2014-11-28,2014-15,2,DOL,KNG,"Diamond Oval, Kimberley",a833f99c,JD Vandiar,1,2,4,0,0,lbw
736301,2014-11-28,2014-15,2,DOL,KNG,"Diamond Oval, Kimberley",710dd98c,MN van Wyk,2,39,37,5,0,caught
736301,2014-11-28,2014-15,2,DOL,KNG,"Diamond Oval, Kimberley",27ca3a11,C Chetty,3,0,3,0,0,caught
736301,2014-11-28,2014-15,2,DOL,KNG,"Diamond Oval, Kimberley",890b877d,VB van Jaarsveld,4,15,20,2,0,caught
736301,2014-11-28,2014-15,2,DOL,KNG,"Diamond Oval, Kimberley",7ec9711d,P Subrayen,5,1,3,0,0,caught
736301,2014-11-28,2014-15,2,DOL,KNG,"Diamond Oval, Kimberley",87e562a9,DJ Bravo,6,35,18,3,2,bowled
736301,2014-11-28,2014-15,2,DOL,KNG,"Diamond Oval, Kimberley",4aad78d3,K Zondo,7,18,16,2,0,caught
736301,2014-11-28,2014-15,2,DOL,KNG,"Diamond Oval, Kimberley",8b248d88,R Frylinck,8,0,1,0,0,caught
736301,2014-11-28,2014-15,2,DOL,KNG,"Diamond Oval, Kimberley",ab6b1c45,AL Phehlukwayo,9,8,4,2,0,caught
736301,2014-11-28,2014-15,2,DOL,KNG,"Diamond Oval, Kimberley",0b60eb09,KA Maharaj,10,2,3,0,0,caught
736301,2014-11-28,2014-15,2,DOL,KNG,"Diamond Oval, Kimberley",26d9937d,CJ Alexander,11,0,4,0,0,not out
736303,2014-11-28,2014-15,1,LIONS,TIT,"Senwes Park, Potchefstroom",db584dad,CH Gayle,1,8,8,1,0,caught
736303,2014-11-28,2014-15,1,LIONS,TIT,"Senwes Park, Potchefstroom",9948e262,HE van der Dussen,2,101,61,2,8,not out
736303,2014-11-28,2014-15,1,LIONS,TIT,"Senwes Park, Potchefstroom",9ffd1ac1,T Bavuma,3,1,4,0,0,run out
736303,2014-11-28,2014-15,1,LIONS,TIT,"Senwes Park, Potchefstroom",a830c083,ND McKenzie,4,47,40,4,0,bowled
736303,2014-11-28,2014-15,1,LIONS,TIT,"Senwes Park, Potchefstroom",fb66ce1f,CH Morris,5,18,9,1,1,not out
736303,2014-11-28,2014-15,1,LIONS,TIT,"Senwes Park, Potchefstroom",3b94297b,TL Tsolekile,6,0,0,0,0,
736303,2014-11-28,2014-15,1,LIONS,TIT,"Senwes Park, Potchefstroom",11614d87,D Pretorius,7,0,0,0,0,
736303,2014-11-28,2014-15,1,LIONS,TIT,"Senwes Park, Potchefstroom",a7bc76a0,E Leie,8,0,0,0,0,
736303,2014-11-28,2014-15,1,LIONS,TIT,"Senwes Park, Potchefstroom",12bffe91,LL Tsotsobe,9,0,0,0,0,
736303,2014-11-28,2014-15,1,LIONS,TIT,"Senwes Park, Potchefstroom",77841dcc,J Symes,10,0,0,0,0,
736303,2014-11-28,2014-15,1,LIONS,TIT,"Senwes Park, Potchefstroom",e62dd25d,K Rabada,11,0,0,0,0,
736303,2014-11-28,2014-15,2,TIT,LIONS,"Senwes Park, Potchefstroom",9c9f8dbc,H Davids,1,25,19,2,1,stumped
736303,2014-11-28,2014-15,2,TIT,LIONS,"Senwes Park, Potchefstroom",ede05b97,HG Kuhn,2,69,57,6,0,not out
736303,2014-11-28,2014-15,2,TIT,LIONS,"Senwes Park, Potchefstroom",ba377b40,GL van Buuren,3,1,8,0,0,caught
736303,2014-11-28,2014-15,2,TIT,LIONS,"Senwes Park, Potchefstroom",59a7fc89,MQ Adams,4,0,0,0,0,run out
736303,2014-11-28,2014-15,2,TIT,LIONS,"Senwes Park, Potchefstroom",235c2bb6,H Klaasen,5,44,24,2,2,run out
736303,2014-11-28,2014-15,2,TIT,LIONS,"Senwes Park, Potchefstroom",aa8d28ae,D Wiese,6,25,12,1,2,caught
736303,2014-11-28,2014-15,2,TIT,LIONS,"Senwes Park, Potchefstroom",c03c6200,DJG Sammy,7,6,2,0,1,caught
736303,2014-11-28,2014-15,2,TIT,LIONS,"Senwes Park, Potchefstroom",ffd3fc37,S von Berg,8,0,0,0,0,
736303,2014-11-28,2014-15,2,TIT,LIONS,"Senwes Park, Potchefstroom",994d9d36,ER Links,9,0,0,0,0,
736303,2014-11-28,2014-15,2,TIT,LIONS,"Senwes Park, Potchefstroom",800b52dc,NE Mbhalati,10,0,0,0,0,
736303,2014-11-28,2014-15,2,TIT,LIONS,"Senwes Park, Potchefstroom",1cb14aa4,CJ Dala,11,0,0,0,0,
736305,2014-11-30,2014-15,1,LIONS,DOL,"Chevrolet Park, Bloemfontein",db584dad,CH Gayle,1,6,9,1,0,bowled
736305,2014-11-30,2014-15,1,LIONS,DOL,"Chevrolet Park, Bloemfontein",372455c4,Q de Kock,2,9,13,2,0,caught
736305,2014-11-30,2014-15,1,LIONS,DOL,"Chevrolet Park, Bloemfontein",9948e262,HE van der Dussen,3,20,28,0,0,caught
736305,2014-11-30,2014-15,1,LIONS,DOL,"Chevrolet Park, Bloemfontein",a830c083,ND McKenzie,4,0,1,0,0,caught
736305,2014-11-30,2014-15,1,LIONS,DOL,"Chevrolet Park, Bloemfontein",9ffd1ac1,T Bavuma,5,17,20,1,0,caught
736305,2014-11-30,2014-15,1,LIONS,DOL,"Chevrolet Park, Bloemfontein",77841dcc,J Symes,6,14,21,0,0,caught
736305,2014-11-30,2014-15,1,LIONS,DOL,"Chevrolet Park, Bloemfontein",fb66ce1f,CH Morris,7,37,22,1,3,caught
736305,2014-11-30,2014-15,1,LIONS,DOL,"Chevrolet Park, Bloemfontein",e62dd25d,K Rabada,8,8,6,1,0,not out
736305,2014-11-30,2014-15,1,LIONS,DOL,"Chevrolet Park, Bloemfontein",a7bc76a0,E Leie,9,0,0,0,0,not out
736305,2014-11-30,2014-15,1,LIONS,DOL,"Chevrolet Park, Bloemfontein",12bffe91,LL Tsotsobe,10,0,0,0,0,
736305,2014-11-30,2014-15,1,LIONS,DOL,"Chevrolet Park, Bloemfontein",1b05424f,P Matshikwe,11,0,0,0,0,
736305,2014-11-30,2014-15,2,DOL,LIONS,"Chevrolet Park, Bloemfontein",a833f99c,JD Vandiar,1,4,9,0,0,caught
736305,2014-11-30,2014-15,2,DOL,LIONS,"Chevrolet Park, Bloemfontein",710dd98c,MN van Wyk,2,13,13,2,0,lbw
736305,2014-11-30,2014-15,2,DOL,LIONS,"Chevrolet Park, Bloemfontein",4aad78d3,K Zondo,3,28,27,2,1,caught
736305,2014-11-30,2014-15,2,DOL,LIONS,"Chevrolet Park, Bloemfontein",d67d5f00,DA Miller,4,42,37,3,0,not out
736305,2014-11-30,2014-15,2,DOL,LIONS,"Chevrolet Park, Bloemfontein",890b877d,VB van Jaarsveld,5,0,3,0,0,bowled
736305,2014-11-30,2014-15,2,DOL,LIONS,"Chevrolet Park, Bloemfontein",87e562a9,DJ Bravo,6,19,14,2,0,caught
736305,2014-11-30,2014-15,2,DOL,LIONS,"Chevrolet Park, Bloemfontein",c654af19,R McLaren,7,2,12,0,0,not out
736305,2014-11-30,2014-15,2,DOL,LIONS,"Chevrolet Park, Bloemfontein",7ec9711d,P Subrayen,8,0,0,0,0,
736305,2014-11-30,2014-15,2,DOL,LIONS,"Chevrolet Park, Bloemfontein",ab6b1c45,AL Phehlukwayo,9,0,0,0,0,
736305,2014-11-30,2014-15,2,DOL,LIONS,"Chevrolet Park, Bloemfontein",26d9937d,CJ Alexander,10,0,0,0,0,
736305,2014-11-30,2014-15,2,DOL,LIONS,"Chevrolet Park, Bloemfontein",8b248d88,R Frylinck,11,0,0,0,0,
736307,2014-11-30,2014-15,1,WAR,TIT,"Chevrolet Park, Bloemfontein",42172c3c,JT Smuts,1,19,13,2,1,caught
736307,2014-11-30,2014-15,1,WAR,TIT,"Chevrolet Park, Bloemfontein",1e960f2a,C Kieswetter,2,5,10,1,0,caught
736307,2014-11-30,2014-15,1,WAR,TIT,"Chevrolet Park, Bloemfontein",c995d726,CA Ingram,3,40,44,4,0,bowled
736307,2014-11-30,2014-15,1,WAR,TIT,"Chevrolet Park, Bloemfontein",9fa54c94,MY Vallie,4,0,1,0,0,caught
736307,2014-11-30,2014-15,1,WAR,TIT,"Chevrolet Park, Bloemfontein",93a751e8,RT Bailey,5,13,16,1,0,caught
736307,2014-11-30,2014-15,1,WAR,TIT,"Chevrolet Park, Bloemfontein",a81d6706,C Jonker,6,49,29,2,3,bowled
736307,2014-11-30,2014-15,1,WAR,TIT,"Chevrolet Park, Bloemfontein",23638956,SR Harmer,7,3,4,0,0,not out
736307,2014-11-30,2014-15,1,WAR,TIT,"Chevrolet Park, Bloemfontein",dec8e038,J Theron,8,6,2,0,1,caught and bowled
736307,2014-11-30,2014-15,1,WAR,TIT,"Chevrolet Park, Bloemfontein",a83c44b8,A Gqamane,9,4,1,1,0,not out
736307,2014-11-30,2014-15,1,WAR,TIT,"Chevrolet Park, Bloemfontein",8361e524,SSB Magala,10,0,0,0,0,
736307,2014-11-30,2014-15,1,WAR,TIT,"Chevrolet Park, Bloemfontein",1e182ae2,BD Walters,11,0,0,0,0,
736307,2014-11-30,2014-15,2,TIT,WAR,"Chevrolet Park, Bloemfontein",9c9f8dbc,H Davids,1,48,45,4,1,caught
736307,2014-11-30,2014-15,2,TIT,WAR,"Chevrolet Park, Bloemfontein",ede05b97,HG Kuhn,2,31,32,3,0,lbw
736307,2014-11-30,2014-15,2,TIT,WAR,"Chevrolet Park, Bloemfontein",dce2019b,F Behardien,3,3,5,0,0,caught
736307,2014-11-30,2014-15,2,TIT,WAR,"Chevrolet Park, Bloemfontein",59a7fc89,MQ Adams,4,2,6,0,0,bowled
736307,2014-11-30,2014-15,2,TIT,WAR,"Chevrolet Park, Bloemfontein",235c2bb6,H Klaasen,5,13,14,0,0,caught
736307,2014-11-30,2014-15,2,TIT,WAR,"Chevrolet Park, Bloemfontein",c03c6200,DJG Sammy,6,8,16,0,0,bowled
736307,2014-11-30,2014-15,2,TIT,WAR,"Chevrolet Park, Bloemfontein",aa8d28ae,D Wiese,7,4,3,0,0,bowled
736307,2014-11-30,2014-15,2,TIT,WAR,"Chevrolet Park, Bloemfontein",ffd3fc37,S von Berg,8,1,1,0,0,not out
736307,2014-11-30,2014-15,2,TIT,WAR,"Chevrolet Park, Bloemfontein",1cb14aa4,CJ Dala,9,0,0,0,0,
736307,2014-11-30,2014-15,2,TIT,WAR,"Chevrolet Park, Bloemfontein",d4eef961,M de Lange,10,0,0,0,0,
736307,2014-11-30,2014-15,2,TIT,WAR,"Chevrolet Park, Bloemfontein",21fdde93,SF Mofokeng,11,0,0,0,0,
736309,2014-11-30,2014-15,1,WPR,KNG,"Chevrolet Park, Bloemfontein",18c78b11,RE Levi,1,64,61,2,2,run out
736309,2014-11-30,2014-15,1,WPR,KNG,"Chevrolet Park, Bloemfontein",637b6fbd,AG Puttick,2,19,20,1,0,caught
736309,2014-11-30,2014-15,1,WPR,KNG,"Chevrolet Park, Bloemfontein",04a5b56e,OA Ramela,3,34,24,2,1,caught
736309,2014-11-30,2014-15,1,WPR,KNG,"Chevrolet Park, Bloemfontein",a757b0d8,KA Pollard,4,9,7,1,0,caught
736309,2014-11-30,2014-15,1,WPR,KNG,"Chevrolet Park, Bloemfontein",087210b1,DJ Vilas,5,4,3,0,0,not out
736309,2014-11-30,2014-15,1,WPR,KNG,"Chevrolet Park, Bloemfontein",55f33b32,JL Ontong,6,11,5,1,0,not out
736309,2014-11-30,2014-15,1,WPR,KNG,"Chevrolet Park, Bloemfontein",26ff4c29,RJ Peterson,7,0,0,0,0,
736309,2014-11-30,2014-15,1,WPR,KNG,"Chevrolet Park, Bloemfontein",e5437608,GF Linde,8,0,0,0,0,
736309,2014-11-30,2014-15,1,WPR,KNG,"Chevrolet Park, Bloemfontein",f277f531,FD Adams,9,0,0,0,0,
736309,2014-11-30,2014-15,1,WPR,KNG,"Chevrolet Park, Bloemfontein",016e5101,M Shezi,10,0,0,0,0,
736309,2014-11-30,2014-15,1,WPR,KNG,"Chevrolet Park, Bloemfontein",462d7c62,D Paterson,11,0,0,0,0,
736309,2014-11-30,2014-15,2,KNG,WPR,"Chevrolet Park, Bloemfontein",231a7404,GJ Abrahams,1,19,23,3,0,caught
736309,2014-11-30,2014-15,2,KNG,WPR,"Chevrolet Park, Bloemfontein",b8cc58c9,RR Hendricks,2,17,23,0,1,bowled
736309,2014-11-30,2014-15,2,KNG,WPR,"Chevrolet Park, Bloemfontein",cad00a4d,RR Rossouw,3,9,8,1,0,bowled
736309,2014-11-30,2014-15,2,KNG,WPR,"Chevrolet Park, Bloemfontein",13d0b3d6,RS Second,4,50,33,3,2,not out
736309,2014-11-30,2014-15,2,KNG,WPR,"Chevrolet Park, Bloemfontein",647a48da,AJ Pienaar,5,0,4,0,0,bowled
736309,2014-11-30,2014-15,2,KNG,WPR,"Chevrolet Park, Bloemfontein",ed982dfa,TM Bodibe,6,30,29,1,1,not out
736309,2014-11-30,2014-15,2,KNG,WPR,"Chevrolet Park, Bloemfontein",bbd41817,AD Russell,7,0,0,0,0,
736309,2014-11-30,2014-15,2,KNG,WPR,"Chevrolet Park, Bloemfontein",5f419ace,WL Coetsee,8,0,0,0,0,
736309,2014-11-30,2014-15,2,KNG,WPR,"Chevrolet Park, Bloemfontein",97b0e4ff,SC van Schalkwyk,9,0,0,0,0,
736309,2014-11-30,2014-15,2,KNG,WPR,"Chevrolet Park, Bloemfontein",ffa15667,Q Friend,10,0,0,0,0,
736309,2014-11-30,2014-15,2,KNG,WPR,"Chevrolet Park, Bloemfontein",9d50c7e1,MP Siboto,11,0,0,0,0,
736311,2014-12-03,2014-15,1,WAR,WPR,"Boland Park, Paarl",42172c3c,JT Smuts,1,10,15,2,0,bowled
736311,2014-12-03,2014-15,1,WAR,WPR,"Boland Park, Paarl",1e960f2a,C Kieswetter,2,15,18,2,0,bowled
736311,2014-12-03,2014-15,1,WAR,WPR,"Boland Park, Paarl",c995d726,CA Ingram,3,2,3,0,0,caught
736311,2014-12-03,2014-15,1,WAR,WPR,"Boland Park, Paarl",9fa54c94,MY Vallie,4,39,38,2,0,caught
736311,2014-12-03,2014-15,1,WAR,WPR,"Boland Park, Paarl",93a751e8,RT Bailey,5,62,41,5,1,bowled
736311,2014-12-03,2014-15,1,WAR,WPR,"Boland Park, Paarl",a81d6706,C Jonker,6,2,4,0,0,not out
736311,2014-12-03,2014-15,1,WAR,WPR,"Boland Park, Paarl",23638956,SR Harmer,7,1,1,0,0,not out
736311,2014-12-03,2014-15,1,WAR,WPR,"Boland Park, Paarl",dec8e038,J Theron,8,0,0,0,0,
736311,2014-12-03,2014-15,1,WAR,WPR,"Boland Park, Paarl",a83c44b8,A Gqamane,9,0,0,0,0,
736311,2014-12-03,2014-15,1,WAR,WPR,"Boland Park, Paarl",8361e524,SSB Magala,10,0,0,0,0,
736311,2014-12-03,2014-15,1,WAR,WPR,"Boland Park, Paarl",1e182ae2,BD Walters,11,0,0,0,0,
736311,2014-12-03,2014-15,2,WPR,WAR,"Boland Park, Paarl",18c78b11,RE Levi,1,22,21,3,0,caught
736311,2014-12-03,2014-15,2,WPR,WAR,"Boland Park, Paarl",e798611a,HM Amla,2,56,51,5,0,not out
736311,2014-12-03,2014-15,2,WPR,WAR,"Boland Park, Paarl",087210b1,DJ Vilas,3,43,38,4,0,not out
736311,2014-12-03,2014-15,2,WPR,WAR,"Boland Park, Paarl",55f33b32,JL Ontong,4,0,0,0,0,
736311,2014-12-03,2014-15,2,WPR,WAR,"Boland Park, Paarl",a757b0d8,KA Pollard,5,0,0,0,0,
736311,2014-12-03,2014-15,2,WPR,WAR,"Boland Park, Paarl",04a5b56e,OA Ramela,6,0,0,0,0,
736311,2014-12-03,2014-15,2,WPR,WAR,"Boland Park, Paarl",26ff4c29,RJ Peterson,7,0,0,0,0,
736311,2014-12-03,2014-15,2,WPR,WAR,"Boland Park, Paarl",e5437608,GF Linde,8,0,0,0,0,
736311,2014-12-03,2014-15,2,WPR,WAR,"Boland Park, Paarl",8fd1a8f5,DW Steyn,9,0,0,0,0,
736311,2014-12-03,2014-15,2,WPR,WAR,"Boland Park, Paarl",462d7c62,D Paterson,10,0,0,0,0,
736311,2014-12-03,2014-15,2,WPR,WAR,"Boland Park, Paarl",016e5101,M Shezi,11,0,0,0,0,
736313,2014-12-03,2014-15,1,KNG,LIONS,"Diamond Oval, Kimberley",231a7404,GJ Abrahams,1,21,17,4,0,caught
736313,2014-12-03,2014-15,1,KNG,LIONS,"Diamond Oval, Kimberley",b8cc58c9,RR Hendricks,2,18,13,2,1,caught
736313,2014-12-03,2014-15,1,KNG,LIONS,"Diamond Oval, Kimberley",cad00a4d,RR Rossouw,3,64,34,10,1,bowled
736313,2014-12-03,2014-15,1,KNG,LIONS,"Diamond Oval, Kimberley",13d0b3d6,RS Second,4,31,28,4,0,caught
736313,2014-12-03,2014-15,1,KNG,LIONS,"Diamond Oval, Kimberley",bbd41817,AD Russell,5,5,3,1,0,stumped
736313,2014-12-03,2014-15,1,KNG,LIONS,"Diamond Oval, Kimberley",647a48da,AJ Pienaar,6,2,7,0,0,caught
736313,2014-12-03,2014-15,1,KNG,LIONS,"Diamond Oval, Kimberley",ed982dfa,TM Bodibe,7,4,7,0,0,bowled
736313,2014-12-03,2014-15,1,KNG,LIONS,"Diamond Oval, Kimberley",5f419ace,WL Coetsee,8,10,5,0,1,not out
736313,2014-12-03,2014-15,1,KNG,LIONS,"Diamond Oval, Kimberley",d7a57f75,D du Preez,9,21,6,1,2,not out
736313,2014-12-03,2014-15,1,KNG,LIONS,"Diamond Oval, Kimberley",97b0e4ff,SC van Schalkwyk,10,0,0,0,0,
736313,2014-12-03,2014-15,1,KNG,LIONS,"Diamond Oval, Kimberley",9d50c7e1,MP Siboto,11,0,0,0,0,
736313,2014-12-03,2014-15,2,LIONS,KNG,"Diamond Oval, Kimberley",372455c4,Q de Kock,1,21,13,1,2,not out
736313,2014-12-03,2014-15,2,LIONS,KNG,"Diamond Oval, Kimberley",9948e262,HE van der Dussen,2,1,1,0,0,not out
736313,2014-12-03,2014-15,2,LIONS,KNG,"Diamond Oval, Kimberley",a830c083,ND McKenzie,3,0,0,0,0,
736313,2014-12-03,2014-15,2,LIONS,KNG,"Diamond Oval, Kimberley",9ffd1ac1,T Bavuma,4,0,0,0,0,
736313,2014-12-03,2014-15,2,LIONS,KNG,"Diamond Oval, Kimberley",77841dcc,J Symes,5,0,0,0,0,
736313,2014-12-03,2014-15,2,LIONS,KNG,"Diamond Oval, Kimberley",11614d87,D Pretorius,6,0,0,0,0,
736313,2014-12-03,2014-15,2,LIONS,KNG,"Diamond Oval, Kimberley",fb66ce1f,CH Morris,7,0,0,0,0,
736313,2014-12-03,2014-15,2,LIONS,KNG,"Diamond Oval, Kimberley",a7bc76a0,E Leie,8,0,0,0,0,
736313,2014-12-03,2014-15,2,LIONS,KNG,"Diamond Oval, Kimberley",e62dd25d,K Rabada,9,0,0,0,0,
736313,2014-12-03,2014-15,2,LIONS,KNG,"Diamond Oval, Kimberley",12bffe91,LL Tsotsobe,10,0,0,0,0,
736313,2014-12-03,2014-15,2,LIONS,KNG,"Diamond Oval, Kimberley",1b05424f,P Matshikwe,11,0,0,0,0,
736315,2014-12-07,2014-15,1,LIONS,KNG,"New Wanderers Stadium, Johannesburg",372455c4,Q de Kock,1,1,3,0,0,caught
736315,2014-12-07,2014-15,1,LIONS,KNG,"New Wanderers Stadium, Johannesburg",db584dad,CH Gayle,2,15,14,2,1,caught
736315,2014-12-07,2014-15,1,LIONS,KNG,"New Wanderers Stadium, Johannesburg",9948e262,HE van der Dussen,3,17,16,2,0,caught
736315,2014-12-07,2014-15,1,LIONS,KNG,"New Wanderers Stadium, Johannesburg",9ffd1ac1,T Bavuma,4,36,25,6,0,caught
736315,2014-12-07,2014-15,1,LIONS,KNG,"New Wanderers Stadium, Johannesburg",a830c083,ND McKenzie,5,33,30,4,0,caught
736315,2014-12-07,2014-15,1,LIONS,KNG,"New Wanderers Stadium, Johannesburg",77841dcc,J Symes,6,26,26,2,0,not out
736315,2014-12-07,2014-15,1,LIONS,KNG,"New Wanderers Stadium, Johannesburg",fb66ce1f,CH Morris,7,12,6,1,0,not out
736315,2014-12-07,2014-15,1,LIONS,KNG,"New Wanderers Stadium, Johannesburg",e62dd25d,K Rabada,8,0,0,0,0,
736315,2014-12-07,2014-15,1,LIONS,KNG,"New Wanderers Stadium, Johannesburg",a7bc76a0,E Leie,9,0,0,0,0,
736315,2014-12-07,2014-15,1,LIONS,KNG,"New Wanderers Stadium, Johannesburg",12bffe91,LL Tsotsobe,10,0,0,0,0,
736315,2014-12-07,2014-15,1,LIONS,KNG,"New Wanderers Stadium, Johannesburg",1b05424f,P Matshikwe,11,0,0,0,0,
736315,2014-12-07,2014-15,2,KNG,LIONS,"New Wanderers Stadium, Johannesburg",231a7404,GJ Abrahams,1,14,12,0,1,caught
736315,2014-12-07,2014-15,2,KNG,LIONS,"New Wanderers Stadium, Johannesburg",b8cc58c9,RR Hendricks,2,74,53,8,1,not out
736315,2014-12-07,2014-15,2,KNG,LIONS,"New Wanderers Stadium, Johannesburg",cad00a4d,RR Rossouw,3,58,42,5,1,caught
736315,2014-12-07,2014-15,2,KNG,LIONS,"New Wanderers Stadium, Johannesburg",bbd41817,AD Russell,4,0,0,0,0,not out
736315,2014-12-07,2014-15,2,KNG,LIONS,"New Wanderers Stadium, Johannesburg",ed982dfa,TM Bodibe,5,0,0,0,0,
736315,2014-12-07,2014-15,2,KNG,LIONS,"New Wanderers Stadium, Johannesburg",13d0b3d6,RS Second,6,0,0,0,0,
736315,2014-12-07,2014-15,2,KNG,LIONS,"New Wanderers Stadium, Johannesburg",647a48da,AJ Pienaar,7,0,0,0,0,
736315,2014-12-07,2014-15,2,KNG,LIONS,"New Wanderers Stadium, Johannesburg",5f419ace,WL Coetsee,8,0,0,0,0,
736315,2014-12-07,2014-15,2,KNG,LIONS,"New Wanderers Stadium, Johannesburg",d7a57f75,D du Preez,9,0,0,0,0,
736315,2014-12-07,2014-15,2,KNG,LIONS,"New Wanderers Stadium, Johannesburg",97b0e4ff,SC van Schalkwyk,10,0,0,0,0,
736315,2014-12-07,2014-15,2,KNG,LIONS,"New Wanderers Stadium, Johannesburg",9d50c7e1,MP Siboto,11,0,0,0,0,
736317,2014-12-12,2014-15,1,WPR,KNG,"Newlands, Cape Town",18c78b11,RE Levi,1,1,7,0,0,run out
736317,2014-12-12,2014-15,1,WPR,KNG,"Newlands, Cape Town",e798611a,HM Amla,2,26,27,2,0,bowled
736317,2014-12-12,2014-15,1,WPR,KNG,"Newlands, Cape Town",087210b1,DJ Vilas,3,29,29,2,1,caught
736317,2014-12-12,2014-15,1,WPR,KNG,"Newlands, Cape Town",04a5b56e,OA Ramela,4,54,34,5,2,bowled
736317,2014-12-12,2014-15,1,WPR,KNG,"Newlands, Cape Town",a757b0d8,KA Pollard,5,43,23,6,0,not out
736317,2014-12-12,2014-15,1,WPR,KNG,"Newlands, Cape Town",55f33b32,JL Ontong,6,0,0,0,0,not out
736317,2014-12-12,2014-15,1,WPR,KNG,"Newlands, Cape Town",26ff4c29,RJ Peterson,7,0,0,0,0,
736317,2014-12-12,2014-15,1,WPR,KNG,"Newlands, Cape Town",e5437608,GF Linde,8,0,0,0,0,
736317,2014-12-12,2014-15,1,WPR,KNG,"Newlands, Cape Town",8fd1a8f5,DW Steyn,9,0,0,0,0,
736317,2014-12-12,2014-15,1,WPR,KNG,"Newlands, Cape Town",462d7c62,D Paterson,10,0,0,0,0,
736317,2014-12-12,2014-15,1,WPR,KNG,"Newlands, Cape Town",016e5101,M Shezi,11,0,0,0,0,
736317,2014-12-12,2014-15,2,KNG,WPR,"Newlands, Cape Town",231a7404,GJ Abrahams,1,9,18,1,0,caught
736317,2014-12-12,2014-15,2,KNG,WPR,"Newlands, Cape Town",b8cc58c9,RR Hendricks,2,41,35,4,0,caught and bowled
736317,2014-12-12,2014-15,2,KNG,WPR,"Newlands, Cape Town",cad00a4d,RR Rossouw,3,33,23,2,1,caught
736317,2014-12-12,2014-15,2,KNG,WPR,"Newlands, Cape Town",13d0b3d6,RS Second,4,8,10,0,0,caught
736317,2014-12-12,2014-15,2,KNG,WPR,"Newlands, Cape Town",bbd41817,AD Russell,5,5,6,1,0,caught
736317,2014-12-12,2014-15,2,KNG,WPR,"Newlands, Cape Town",647a48da,AJ Pienaar,6,3,4,0,0,caught
736317,2014-12-12,2014-15,2,KNG,WPR,"Newlands, Cape Town",5f419ace,WL Coetsee,7,1,2,0,0,caught
736317,2014-12-12,2014-15,2,KNG,WPR,"Newlands, Cape Town",d7a57f75,D du Preez,8,2,4,0,0,caught
736317,2014-12-12,2014-15,2,KNG,WPR,"Newlands, Cape Town",97b0e4ff,SC van Schalkwyk,9,2,2,0,0,caught
736317,2014-12-12,2014-15,2,KNG,WPR,"Newlands, Cape Town",ed982dfa,TM Bodibe,10,13,11,0,1,not out
736317,2014-12-12,2014-15,2,KNG,WPR,"Newlands, Cape Town",9d50c7e1,MP Siboto,11,2,5,0,0,not out
851933,2015-11-01,2015-16,1,DOL,TIT,"SuperSport Park, Centurion",710dd98c,MN van Wyk,1,41,29,3,3,bowled
851933,2015-11-01,2015-16,1,DOL,TIT,"SuperSport Park, Centurion",afa78c3a,CS Delport,2,25,18,1,3,caught
851933,2015-11-01,2015-16,1,DOL,TIT,"SuperSport Park, Centurion",39f01cdb,KP Pietersen,3,22,21,2,0,caught
851933,2015-11-01,2015-16,1,DOL,TIT,"SuperSport Park, Centurion",d67d5f00,DA Miller,4,62,32,8,2,not out
851933,2015-11-01,2015-16,1,DOL,TIT,"SuperSport Park, Centurion",4aad78d3,K Zondo,5,2,7,0,0,caught
851933,2015-11-01,2015-16,1,DOL,TIT,"SuperSport Park, Centurion",27ca3a11,C Chetty,6,21,16,1,1,not out
851933,2015-11-01,2015-16,1,DOL,TIT,"SuperSport Park, Centurion",ab6b1c45,AL Phehlukwayo,7,0,0,0,0,
851933,2015-11-01,2015-16,1,DOL,TIT,"SuperSport Park, Centurion",0b60eb09,KA Maharaj,8,0,0,0,0,
851933,2015-11-01,2015-16,1,DOL,TIT,"SuperSport Park, Centurion",a9da7784,KJ Abbott,9,0,0,0,0,
851933,2015-11-01,2015-16,1,DOL,TIT,"SuperSport Park, Centurion",c50bfbc2,A Myoli,10,0,0,0,0,
851933,2015-11-01,2015-16,1,DOL,TIT,"SuperSport Park, Centurion",7ec9711d,P Subrayen,11,0,0,0,0,
851933,2015-11-01,2015-16,2,TIT,DOL,"SuperSport Park, Centurion",372455c4,Q de Kock,1,11,8,2,0,caught
851933,2015-11-01,2015-16,2,TIT,DOL,"SuperSport Park, Centurion",9c9f8dbc,H Davids,2,31,26,2,0,bowled
851933,2015-11-01,2015-16,2,TIT,DOL,"SuperSport Park, Centurion",0827b38d,TG Mokoena,3,6,10,0,0,caught
851933,2015-11-01,2015-16,2,TIT,DOL,"SuperSport Park, Centurion",ede05b97,HG Kuhn,4,5,8,1,0,bowled
851933,2015-11-01,2015-16,2,TIT,DOL,"SuperSport Park, Centurion",dce2019b,F Behardien,5,11,12,1,0,caught
851933,2015-11-01,2015-16,2,TIT,DOL,"SuperSport Park, Centurion",c3d35165,JA Morkel,6,67,34,3,7,run out
851933,2015-11-01,2015-16,2,TIT,DOL,"SuperSport Park, Centurion",fb66ce1f,CH Morris,7,14,7,1,1,caught and bowled
851933,2015-11-01,2015-16,2,TIT,DOL,"SuperSport Park, Centurion",8836fcac,M Mosehle,8,11,10,1,0,caught
851933,2015-11-01,2015-16,2,TIT,DOL,"SuperSport Park, Centurion",d4eef961,M de Lange,9,3,4,0,0,not out
851933,2015-11-01,2015-16,2,TIT,DOL,"SuperSport Park, Centurion",1cb14aa4,CJ Dala,10,4,1,1,0,not out
851933,2015-11-01,2015-16,2,TIT,DOL,"SuperSport Park, Centurion",a03bba42,T Shamsi,11,0,0,0,0,
851937,2015-11-06,2015-16,1,WPR,WAR,"Boland Park, Paarl",18c78b11,RE Levi,1,52,37,6,1,caught
851937,2015-11-06,2015-16,1,WPR,WAR,"Boland Park, Paarl",637b6fbd,AG Puttick,2,37,42,1,1,caught and bowled
851937,2015-11-06,2015-16,1,WPR,WAR,"Boland Park, Paarl",51355a30,LC Ngoepe,3,19,17,2,0,caught
851937,2015-11-06,2015-16,1,WPR,WAR,"Boland Park, Paarl",55f33b32,JL Ontong,4,16,14,2,0,caught
851937,2015-11-06,2015-16,1,WPR,WAR,"Boland Park, Paarl",3a60e0b5,WD Parnell,5,4,7,0,0,caught
851937,2015-11-06,2015-16,1,WPR,WAR,"Boland Park, Paarl",e5437608,GF Linde,6,3,4,0,0,caught
851937,2015-11-06,2015-16,1,WPR,WAR,"Boland Park, Paarl",81a0e294,SA Engelbrecht,7,0,0,0,0,not out
851937,2015-11-06,2015-16,1,WPR,WAR,"Boland Park, Paarl",04a5b56e,OA Ramela,8,0,0,0,0,
851937,2015-11-06,2015-16,1,WPR,WAR,"Boland Park, Paarl",f277f531,FD Adams,9,0,0,0,0,
851937,2015-11-06,2015-16,1,WPR,WAR,"Boland Park, Paarl",462d7c62,D Paterson,10,0,0,0,0,
851937,2015-11-06,2015-16,1,WPR,WAR,"Boland Park, Paarl",016e5101,M Shezi,11,0,0,0,0,
851937,2015-11-06,2015-16,2,WAR,WPR,"Boland Park, Paarl",42172c3c,JT Smuts,1,15,14,2,0,bowled
851937,2015-11-06,2015-16,2,WAR,WPR,"Boland Park, Paarl",e734d090,CN Ackermann,2,64,59,7,1,bowled
851937,2015-11-06,2015-16,2,WAR,WPR,"Boland Park, Paarl",c995d726,CA Ingram,3,33,33,3,0,caught
851937,2015-11-06,2015-16,2,WAR,WPR,"Boland Park, Paarl",9fa54c94,MY Vallie,4,9,9,0,0,lbw
851937,2015-11-06,2015-16,2,WAR,WPR,"Boland Park, Paarl",a81d6706,C Jonker,5,0,1,0,0,bowled
851937,2015-11-06,2015-16,2,WAR,WPR,"Boland Park, Paarl",f25cebec,C Fortuin,6,1,2,0,0,caught
851937,2015-11-06,2015-16,2,WAR,WPR,"Boland Park, Paarl",9df3a2f4,ACR Birch,7,0,0,0,0,run out
851937,2015-11-06,2015-16,2,WAR,WPR,"Boland Park, Paarl",af917dde,MJ Nqolo,8,4,3,0,0,not out
851937,2015-11-06,2015-16,2,WAR,WPR,"Boland Park, Paarl",8361e524,SSB Magala,9,0,0,0,0,not out
851937,2015-11-06,2015-16,2,WAR,WPR,"Boland Park, Paarl",a83c44b8,A Gqamane,10,0,0,0,0,
851937,2015-11-06,2015-16,2,WAR,WPR,"Boland Park, Paarl",1e182ae2,BD Walters,11,0,0,0,0,
851939,2015-11-06,2015-16,1,KNG,DOL,"Diamond Oval, Kimberley",b8cc58c9,RR Hendricks,1,42,42,2,1,stumped
851939,2015-11-06,2015-16,1,KNG,DOL,"Diamond Oval, Kimberley",ed982dfa,TM Bodibe,2,4,4,0,0,run out
851939,2015-11-06,2015-16,1,KNG,DOL,"Diamond Oval, Kimberley",90d6cdea,TB de Bruyn,3,100,55,7,6,bowled
851939,2015-11-06,2015-16,1,KNG,DOL,"Diamond Oval, Kimberley",c654af19,R McLaren,4,16,17,1,0,caught
851939,2015-11-06,2015-16,1,KNG,DOL,"Diamond Oval, Kimberley",5f419ace,WL Coetsee,5,1,1,0,0,not out
851939,2015-11-06,2015-16,1,KNG,DOL,"Diamond Oval, Kimberley",d7a57f75,D du Preez,6,1,1,0,0,not out
851939,2015-11-06,2015-16,1,KNG,DOL,"Diamond Oval, Kimberley",13d0b3d6,RS Second,7,0,0,0,0,
851939,2015-11-06,2015-16,1,KNG,DOL,"Diamond Oval, Kimberley",97b0e4ff,SC van Schalkwyk,8,0,0,0,0,
851939,2015-11-06,2015-16,1,KNG,DOL,"Diamond Oval, Kimberley",b365a225,K Mohale,9,0,0,0,0,
851939,2015-11-06,2015-16,1,KNG,DOL,"Diamond Oval, Kimberley",9d50c7e1,MP Siboto,10,0,0,0,0,
851939,2015-11-06,2015-16,1,KNG,DOL,"Diamond Oval, Kimberley",f8e6dbdd,DS Rosier,11,0,0,0,0,
851939,2015-11-06,2015-16,2,DOL,KNG,"Diamond Oval, Kimberley",710dd98c,MN van Wyk,1,34,41,4,0,not out
851939,2015-11-06,2015-16,2,DOL,KNG,"Diamond Oval, Kimberley",afa78c3a,CS Delport,2,34,14,5,2,caught
851939,2015-11-06,2015-16,2,DOL,KNG,"Diamond Oval, Kimberley",39f01cdb,KP Pietersen,3,100,45,9,7,not out
851939,2015-11-06,2015-16,2,DOL,KNG,"Diamond Oval, Kimberley",4aad78d3,K Zondo,4,0,0,0,0,
851939,2015-11-06,2015-16,2,DOL,KNG,"Diamond Oval, Kimberley",d67d5f00,DA Miller,5,0,0,0,0,
851939,2015-11-06,2015-16,2,DOL,KNG,"Diamond Oval, Kimberley",27ca3a11,C Chetty,6,0,0,0,0,
851939,2015-11-06,2015-16,2,DOL,KNG,"Diamond Oval, Kimberley",ab6b1c45,AL Phehlukwayo,7,0,0,0,0,
851939,2015-11-06,2015-16,2,DOL,KNG,"Diamond Oval, Kimberley",0b60eb09,KA Maharaj,8,0,0,0,0,
851939,2015-11-06,2015-16,2,DOL,KNG,"Diamond Oval, Kimberley",a9da7784,KJ Abbott,9,0,0,0,0,
851939,2015-11-06,2015-16,2,DOL,KNG,"Diamond Oval, Kimberley",7ec9711d,P Subrayen,10,0,0,0,0,
851939,2015-11-06,2015-16,2,DOL,KNG,"Diamond Oval, Kimberley",c50bfbc2,A Myoli,11,0,0,0,0,
851943,2015-11-08,2015-16,1,DOL,WAR,"Kingsmead, Durban",710dd98c,MN van Wyk,1,53,43,5,1,caught
851943,2015-11-08,2015-16,1,DOL,WAR,"Kingsmead, Durban",afa78c3a,CS Delport,2,1,3,0,0,caught
851943,2015-11-08,2015-16,1,DOL,WAR,"Kingsmead, Durban",39f01cdb,KP Pietersen,3,68,44,6,4,caught
851943,2015-11-08,2015-16,1,DOL,WAR,"Kingsmead, Durban",d67d5f00,DA Miller,4,46,25,2,3,not out
851943,2015-11-08,2015-16,1,DOL,WAR,"Kingsmead, Durban",4aad78d3,K Zondo,5,2,4,0,0,caught
851943,2015-11-08,2015-16,1,DOL,WAR,"Kingsmead, Durban",27ca3a11,C Chetty,6,1,2,0,0,not out
851943,2015-11-08,2015-16,1,DOL,WAR,"Kingsmead, Durban",ab6b1c45,AL Phehlukwayo,7,0,0,0,0,
851943,2015-11-08,2015-16,1,DOL,WAR,"Kingsmead, Durban",0b60eb09,KA Maharaj,8,0,0,0,0,
851943,2015-11-08,2015-16,1,DOL,WAR,"Kingsmead, Durban",a9da7784,KJ Abbott,9,0,0,0,0,
851943,2015-11-08,2015-16,1,DOL,WAR,"Kingsmead, Durban",7ec9711d,P Subrayen,10,0,0,0,0,
851943,2015-11-08,2015-16,1,DOL,WAR,"Kingsmead, Durban",c50bfbc2,A Myoli,11,0,0,0,0,
851943,2015-11-08,2015-16,2,WAR,DOL,"Kingsmead, Durban",42172c3c,JT Smuts,1,30,19,5,1,bowled
851943,2015-11-08,2015-16,2,WAR,DOL,"Kingsmead, Durban",e734d090,CN Ackermann,2,26,22,3,1,stumped
851943,2015-11-08,2015-16,2,WAR,DOL,"Kingsmead, Durban",c995d726,CA Ingram,3,5,7,1,0,lbw
851943,2015-11-08,2015-16,2,WAR,DOL,"Kingsmead, Durban",9fa54c94,MY Vallie,4,23,16,0,1,caught
851943,2015-11-08,2015-16,2,WAR,DOL,"Kingsmead, Durban",a81d6706,C Jonker,5,10,8,1,0,lbw
851943,2015-11-08,2015-16,2,WAR,DOL,"Kingsmead, Durban",f25cebec,C Fortuin,6,1,4,0,0,caught
851943,2015-11-08,2015-16,2,WAR,DOL,"Kingsmead, Durban",af917dde,MJ Nqolo,7,1,2,0,0,lbw
851943,2015-11-08,2015-16,2,WAR,DOL,"Kingsmead, Durban",9df3a2f4,ACR Birch,8,4,9,0,0,caught
851943,2015-11-08,2015-16,2,WAR,DOL,"Kingsmead, Durban",a83c44b8,A Gqamane,9,4,3,1,0,caught
851943,2015-11-08,2015-16,2,WAR,DOL,"Kingsmead, Durban",8361e524,SSB Magala,10,24,21,2,1,not out
851943,2015-11-08,2015-16,2,WAR,DOL,"Kingsmead, Durban",1e182ae2,BD Walters,11,8,7,1,0,caught
851945,2015-11-08,2015-16,1,TIT,WPR,"SuperSport Park, Centurion",9c9f8dbc,H Davids,1,4,3,1,0,lbw
851945,2015-11-08,2015-16,1,TIT,WPR,"SuperSport Park, Centurion",372455c4,Q de Kock,2,34,31,5,1,stumped
851945,2015-11-08,2015-16,1,TIT,WPR,"SuperSport Park, Centurion",0827b38d,TG Mokoena,3,5,7,1,0,lbw
851945,2015-11-08,2015-16,1,TIT,WPR,"SuperSport Park, Centurion",ba377b40,GL van Buuren,4,27,24,3,0,bowled
851945,2015-11-08,2015-16,1,TIT,WPR,"SuperSport Park, Centurion",dce2019b,F Behardien,5,61,31,5,3,not out
851945,2015-11-08,2015-16,1,TIT,WPR,"SuperSport Park, Centurion",59a7fc89,MQ Adams,6,27,19,0,2,caught
851945,2015-11-08,2015-16,1,TIT,WPR,"SuperSport Park, Centurion",c3d35165,JA Morkel,7,11,7,2,0,not out
851945,2015-11-08,2015-16,1,TIT,WPR,"SuperSport Park, Centurion",fb66ce1f,CH Morris,8,0,0,0,0,
851945,2015-11-08,2015-16,1,TIT,WPR,"SuperSport Park, Centurion",3da575b7,R Claassen,9,0,0,0,0,
851945,2015-11-08,2015-16,1,TIT,WPR,"SuperSport Park, Centurion",f834dcfc,L Ngidi,10,0,0,0,0,
851945,2015-11-08,2015-16,1,TIT,WPR,"SuperSport Park, Centurion",1cb14aa4,CJ Dala,11,0,0,0,0,
851945,2015-11-08,2015-16,2,WPR,TIT,"SuperSport Park, Centurion",18c78b11,RE Levi,1,11,8,1,1,caught
851945,2015-11-08,2015-16,2,WPR,TIT,"SuperSport Park, Centurion",637b6fbd,AG Puttick,2,27,23,3,1,lbw
851945,2015-11-08,2015-16,2,WPR,TIT,"SuperSport Park, Centurion",bf64dc29,KD Petersen,3,27,25,2,1,caught
851945,2015-11-08,2015-16,2,WPR,TIT,"SuperSport Park, Centurion",55f33b32,JL Ontong,4,4,6,0,0,bowled
851945,2015-11-08,2015-16,2,WPR,TIT,"SuperSport Park, Centurion",04a5b56e,OA Ramela,5,38,28,0,3,caught
851945,2015-11-08,2015-16,2,WPR,TIT,"SuperSport Park, Centurion",81a0e294,SA Engelbrecht,6,21,20,0,1,not out
851945,2015-11-08,2015-16,2,WPR,TIT,"SuperSport Park, Centurion",7955eb15,RK Kleinveldt,7,0,1,0,0,caught
851945,2015-11-08,2015-16,2,WPR,TIT,"SuperSport Park, Centurion",51355a30,LC Ngoepe,8,10,9,1,0,not out
851945,2015-11-08,2015-16,2,WPR,TIT,"SuperSport Park, Centurion",e5437608,GF Linde,9,0,0,0,0,
851945,2015-11-08,2015-16,2,WPR,TIT,"SuperSport Park, Centurion",462d7c62,D Paterson,10,0,0,0,0,
851945,2015-11-08,2015-16,2,WPR,TIT,"SuperSport Park, Centurion",016e5101,M Shezi,11,0,0,0,0,
851947,2015-11-11,2015-16,1,KNG,WPR,"Diamond Oval, Kimberley",b8cc58c9,RR Hendricks,1,98,66,13,1,not out
851947,2015-11-11,2015-16,1,KNG,WPR,"Diamond Oval, Kimberley",13d0b3d6,RS Second,2,35,25,5,0,caught
851947,2015-11-11,2015-16,1,KNG,WPR,"Diamond Oval, Kimberley",90d6cdea,TB de Bruyn,3,2,3,0,0,stumped
851947,2015-11-11,2015-16,1,KNG,WPR,"Diamond Oval, Kimberley",f8e6dbdd,DS Rosier,4,0,2,0,0,caught
851947,2015-11-11,2015-16,1,KNG,WPR,"Diamond Oval, Kimberley",5f419ace,WL Coetsee,5,9,11,0,0,stumped
851947,2015-11-11,2015-16,1,KNG,WPR,"Diamond Oval, Kimberley",c654af19,R McLaren,6,19,11,1,2,bowled
851947,2015-11-11,2015-16,1,KNG,WPR,"Diamond Oval, Kimberley",d7a57f75,D du Preez,7,3,2,0,0,not out
851947,2015-11-11,2015-16,1,KNG,WPR,"Diamond Oval, Kimberley",b365a225,K Mohale,8,0,0,0,0,
851947,2015-11-11,2015-16,1,KNG,WPR,"Diamond Oval, Kimberley",9d50c7e1,MP Siboto,9,0,0,0,0,
851947,2015-11-11,2015-16,1,KNG,WPR,"Diamond Oval, Kimberley",cba5185d,AR Swanepoel,10,0,0,0,0,
851947,2015-11-11,2015-16,1,KNG,WPR,"Diamond Oval, Kimberley",8e6827f7,T Ntuli,11,0,0,0,0,
851947,2015-11-11,2015-16,2,WPR,KNG,"Diamond Oval, Kimberley",18c78b11,RE Levi,1,12,6,3,0,lbw
851947,2015-11-11,2015-16,2,WPR,KNG,"Diamond Oval, Kimberley",637b6fbd,AG Puttick,2,37,36,2,1,caught
851947,2015-11-11,2015-16,2,WPR,KNG,"Diamond Oval, Kimberley",04a5b56e,OA Ramela,3,7,8,1,0,bowled
851947,2015-11-11,2015-16,2,WPR,KNG,"Diamond Oval, Kimberley",55f33b32,JL Ontong,4,31,27,3,0,caught
851947,2015-11-11,2015-16,2,WPR,KNG,"Diamond Oval, Kimberley",7955eb15,RK Kleinveldt,5,36,14,0,4,caught
851947,2015-11-11,2015-16,2,WPR,KNG,"Diamond Oval, Kimberley",81a0e294,SA Engelbrecht,6,33,15,3,2,caught
851947,2015-11-11,2015-16,2,WPR,KNG,"Diamond Oval, Kimberley",51355a30,LC Ngoepe,7,16,8,0,2,not out
851947,2015-11-11,2015-16,2,WPR,KNG,"Diamond Oval, Kimberley",e5437608,GF Linde,8,0,0,0,0,not out
851947,2015-11-11,2015-16,2,WPR,KNG,"Diamond Oval, Kimberley",3a60e0b5,WD Parnell,9,0,0,0,0,
851947,2015-11-11,2015-16,2,WPR,KNG,"Diamond Oval, Kimberley",462d7c62,D Paterson,10,0,0,0,0,
851947,2015-11-11,2015-16,2,WPR,KNG,"Diamond Oval, Kimberley",016e5101,M Shezi,11,0,0,0,0,
851949,2015-11-13,2015-16,1,WAR,LIONS,"St George's Park, Port Elizabeth",42172c3c,JT Smuts,1,0,1,0,0,caught
851949,2015-11-13,2015-16,1,WAR,LIONS,"St George's Park, Port Elizabeth",e734d090,CN Ackermann,2,79,59,8,1,not out
851949,2015-11-13,2015-16,1,WAR,LIONS,"St George's Park, Port Elizabeth",c995d726,CA Ingram,3,52,36,4,2,caught
851949,2015-11-13,2015-16,1,WAR,LIONS,"St George's Park, Port Elizabeth",9fa54c94,MY Vallie,4,1,3,0,0,bowled
851949,2015-11-13,2015-16,1,WAR,LIONS,"St George's Park, Port Elizabeth",a81d6706,C Jonker,5,0,5,0,0,stumped
851949,2015-11-13,2015-16,1,WAR,LIONS,"St George's Park, Port Elizabeth",f25cebec,C Fortuin,6,18,16,1,0,not out
851949,2015-11-13,2015-16,1,WAR,LIONS,"St George's Park, Port Elizabeth",af917dde,MJ Nqolo,7,0,0,0,0,
851949,2015-11-13,2015-16,1,WAR,LIONS,"St George's Park, Port Elizabeth",ca322fd6,L Mbane,8,0,0,0,0,
851949,2015-11-13,2015-16,1,WAR,LIONS,"St George's Park, Port Elizabeth",9df3a2f4,ACR Birch,9,0,0,0,0,
851949,2015-11-13,2015-16,1,WAR,LIONS,"St George's Park, Port Elizabeth",8361e524,SSB Magala,10,0,0,0,0,
851949,2015-11-13,2015-16,1,WAR,LIONS,"St George's Park, Port Elizabeth",1e182ae2,BD Walters,11,0,0,0,0,
851949,2015-11-13,2015-16,2,LIONS,WAR,"St George's Park, Port Elizabeth",9948e262,HE van der Dussen,1,56,44,3,2,caught
851949,2015-11-13,2015-16,2,LIONS,WAR,"St George's Park, Port Elizabeth",df5a6881,DP Conway,2,23,18,2,1,bowled
851949,2015-11-13,2015-16,2,LIONS,WAR,"St George's Park, Port Elizabeth",a316d663,GC Viljoen,3,0,2,0,0,caught
851949,2015-11-13,2015-16,2,LIONS,WAR,"St George's Park, Port Elizabeth",e01aafc1,AN Petersen,4,0,1,0,0,bowled
851949,2015-11-13,2015-16,2,LIONS,WAR,"St George's Park, Port Elizabeth",6a315fb5,AJ Malan,5,1,5,0,0,caught
851949,2015-11-13,2015-16,2,LIONS,WAR,"St George's Park, Port Elizabeth",3b94297b,TL Tsolekile,6,30,28,2,0,bowled
851949,2015-11-13,2015-16,2,LIONS,WAR,"St George's Park, Port Elizabeth",09497f5a,S Pillay,7,2,5,0,0,bowled
851949,2015-11-13,2015-16,2,LIONS,WAR,"St George's Park, Port Elizabeth",11614d87,D Pretorius,8,7,8,1,0,caught
851949,2015-11-13,2015-16,2,LIONS,WAR,"St George's Park, Port Elizabeth",7f8ecc51,AM Phangiso,9,2,6,0,0,run out
851949,2015-11-13,2015-16,2,LIONS,WAR,"St George's Park, Port Elizabeth",9a2fc964,BC Fortuin,10,2,2,0,0,not out
851949,2015-11-13,2015-16,2,LIONS,WAR,"St George's Park, Port Elizabeth",a7bc76a0,E Leie,11,0,1,0,0,not out
851953,2015-11-15,2015-16,1,DOL,WPR,"SuperSport Park, Centurion",710dd98c,MN van Wyk,1,1,5,0,0,caught
851953,2015-11-15,2015-16,1,DOL,WPR,"SuperSport Park, Centurion",ab6b1c45,AL Phehlukwayo,2,0,4,0,0,run out
851953,2015-11-15,2015-16,1,DOL,WPR,"SuperSport Park, Centurion",39f01cdb,KP Pietersen,3,59,35,6,3,caught
851953,2015-11-15,2015-16,1,DOL,WPR,"SuperSport Park, Centurion",4aad78d3,K Zondo,4,7,15,0,0,bowled
851953,2015-11-15,2015-16,1,DOL,WPR,"SuperSport Park, Centurion",d67d5f00,DA Miller,5,35,29,3,1,caught
851953,2015-11-15,2015-16,1,DOL,WPR,"SuperSport Park, Centurion",87e562a9,DJ Bravo,6,0,1,0,0,caught
851953,2015-11-15,2015-16,1,DOL,WPR,"SuperSport Park, Centurion",27ca3a11,C Chetty,7,9,9,1,0,caught
851953,2015-11-15,2015-16,1,DOL,WPR,"SuperSport Park, Centurion",c654af19,R McLaren,8,26,17,4,0,not out
851953,2015-11-15,2015-16,1,DOL,WPR,"SuperSport Park, Centurion",0b60eb09,KA Maharaj,9,3,2,0,0,run out
851953,2015-11-15,2015-16,1,DOL,WPR,"SuperSport Park, Centurion",26d9937d,CJ Alexander,10,0,2,0,0,bowled
851953,2015-11-15,2015-16,1,DOL,WPR,"SuperSport Park, Centurion",c50bfbc2,A Myoli,11,1,1,0,0,not out
851953,2015-11-15,2015-16,2,WPR,DOL,"SuperSport Park, Centurion",18c78b11,RE Levi,1,61,28,5,5,caught
851953,2015-11-15,2015-16,2,WPR,DOL,"SuperSport Park, Centurion",637b6fbd,AG Puttick,2,33,30,2,1,bowled
851953,2015-11-15,2015-16,2,WPR,DOL,"SuperSport Park, Centurion",04a5b56e,OA Ramela,3,0,5,0,0,caught
851953,2015-11-15,2015-16,2,WPR,DOL,"SuperSport Park, Centurion",55f33b32,JL Ontong,4,16,12,1,0,bowled
851953,2015-11-15,2015-16,2,WPR,DOL,"SuperSport Park, Centurion",a757b0d8,KA Pollard,5,7,12,1,0,stumped
851953,2015-11-15,2015-16,2,WPR,DOL,"SuperSport Park, Centurion",81a0e294,SA Engelbrecht,6,21,21,2,0,not out
851953,2015-11-15,2015-16,2,WPR,DOL,"SuperSport Park, Centurion",51355a30,LC Ngoepe,7,8,11,1,0,not out
851953,2015-11-15,2015-16,2,WPR,DOL,"SuperSport Park, Centurion",3a60e0b5,WD Parnell,8,0,0,0,0,
851953,2015-11-15,2015-16,2,WPR,DOL,"SuperSport Park, Centurion",462d7c62,D Paterson,9,0,0,0,0,
851953,2015-11-15,2015-16,2,WPR,DOL,"SuperSport Park, Centurion",016e5101,M Shezi,10,0,0,0,0,
851953,2015-11-15,2015-16,2,WPR,DOL,"SuperSport Park, Centurion",e5437608,GF Linde,11,0,0,0,0,
851955,2015-11-15,2015-16,1,WAR,TIT,"SuperSport Park, Centurion",42172c3c,JT Smuts,1,2,3,0,0,caught
851955,2015-11-15,2015-16,1,WAR,TIT,"SuperSport Park, Centurion",e734d090,CN Ackermann,2,40,49,2,2,caught
851955,2015-11-15,2015-16,1,WAR,TIT,"SuperSport Park, Centurion",c995d726,CA Ingram,3,28,15,3,2,stumped
851955,2015-11-15,2015-16,1,WAR,TIT,"SuperSport Park, Centurion",9fa54c94,MY Vallie,4,3,6,0,0,bowled
851955,2015-11-15,2015-16,1,WAR,TIT,"SuperSport Park, Centurion",a81d6706,C Jonker,5,31,21,3,1,caught
851955,2015-11-15,2015-16,1,WAR,TIT,"SuperSport Park, Centurion",f25cebec,C Fortuin,6,14,12,1,0,caught
851955,2015-11-15,2015-16,1,WAR,TIT,"SuperSport Park, Centurion",af917dde,MJ Nqolo,7,11,10,1,0,caught
851955,2015-11-15,2015-16,1,WAR,TIT,"SuperSport Park, Centurion",9df3a2f4,ACR Birch,8,2,3,0,0,not out
851955,2015-11-15,2015-16,1,WAR,TIT,"SuperSport Park, Centurion",8361e524,SSB Magala,9,6,1,0,1,not out
851955,2015-11-15,2015-16,1,WAR,TIT,"SuperSport Park, Centurion",1e182ae2,BD Walters,10,0,0,0,0,
851955,2015-11-15,2015-16,1,WAR,TIT,"SuperSport Park, Centurion",ca322fd6,L Mbane,11,0,0,0,0,
851955,2015-11-15,2015-16,2,TIT,WAR,"SuperSport Park, Centurion",372455c4,Q de Kock,1,60,34,6,3,caught
851955,2015-11-15,2015-16,2,TIT,WAR,"SuperSport Park, Centurion",9c9f8dbc,H Davids,2,43,35,4,2,caught
851955,2015-11-15,2015-16,2,TIT,WAR,"SuperSport Park, Centurion",8836fcac,M Mosehle,3,13,15,1,0,caught
851955,2015-11-15,2015-16,2,TIT,WAR,"SuperSport Park, Centurion",c3d35165,JA Morkel,4,6,3,0,1,caught and bowled
851955,2015-11-15,2015-16,2,TIT,WAR,"SuperSport Park, Centurion",dce2019b,F Behardien,5,14,8,2,0,not out
851955,2015-11-15,2015-16,2,TIT,WAR,"SuperSport Park, Centurion",aa8d28ae,D Wiese,6,6,3,1,0,caught
851955,2015-11-15,2015-16,2,TIT,WAR,"SuperSport Park, Centurion",ba377b40,GL van Buuren,7,6,5,1,0,not out
851955,2015-11-15,2015-16,2,TIT,WAR,"SuperSport Park, Centurion",a03bba42,T Shamsi,8,0,0,0,0,
851955,2015-11-15,2015-16,2,TIT,WAR,"SuperSport Park, Centurion",fb66ce1f,CH Morris,9,0,0,0,0,
851955,2015-11-15,2015-16,2,TIT,WAR,"SuperSport Park, Centurion",f834dcfc,L Ngidi,10,0,0,0,0,
851955,2015-11-15,2015-16,2,TIT,WAR,"SuperSport Park, Centurion",1cb14aa4,CJ Dala,11,0,0,0,0,
851957,2015-11-15,2015-16,1,LIONS,KNG,"Mangaung Oval, Bloemfontein",9948e262,HE van der Dussen,1,3,11,0,0,caught
851957,2015-11-15,2015-16,1,LIONS,KNG,"Mangaung Oval, Bloemfontein",df5a6881,DP Conway,2,17,24,1,0,run out
851957,2015-11-15,2015-16,1,LIONS,KNG,"Mangaung Oval, Bloemfontein",e01aafc1,AN Petersen,3,22,28,0,1,lbw
851957,2015-11-15,2015-16,1,LIONS,KNG,"Mangaung Oval, Bloemfontein",6a315fb5,AJ Malan,4,3,8,0,0,caught
851957,2015-11-15,2015-16,1,LIONS,KNG,"Mangaung Oval, Bloemfontein",11614d87,D Pretorius,5,35,28,4,0,caught and bowled
851957,2015-11-15,2015-16,1,LIONS,KNG,"Mangaung Oval, Bloemfontein",3b94297b,TL Tsolekile,6,10,8,0,1,bowled
851957,2015-11-15,2015-16,1,LIONS,KNG,"Mangaung Oval, Bloemfontein",055e8d7b,NJ van den Bergh,7,6,7,0,0,caught and bowled
851957,2015-11-15,2015-16,1,LIONS,KNG,"Mangaung Oval, Bloemfontein",9a2fc964,BC Fortuin,8,3,2,0,0,not out
851957,2015-11-15,2015-16,1,LIONS,KNG,"Mangaung Oval, Bloemfontein",7f8ecc51,AM Phangiso,9,4,4,1,0,not out
851957,2015-11-15,2015-16,1,LIONS,KNG,"Mangaung Oval, Bloemfontein",a7bc76a0,E Leie,10,0,0,0,0,
851957,2015-11-15,2015-16,1,LIONS,KNG,"Mangaung Oval, Bloemfontein",12bffe91,LL Tsotsobe,11,0,0,0,0,
851957,2015-11-15,2015-16,2,KNG,LIONS,"Mangaung Oval, Bloemfontein",cad00a4d,RR Rossouw,1,11,10,2,0,caught and bowled
851957,2015-11-15,2015-16,2,KNG,LIONS,"Mangaung Oval, Bloemfontein",b8cc58c9,RR Hendricks,2,32,35,4,0,bowled
851957,2015-11-15,2015-16,2,KNG,LIONS,"Mangaung Oval, Bloemfontein",90d6cdea,TB de Bruyn,3,0,4,0,0,bowled
851957,2015-11-15,2015-16,2,KNG,LIONS,"Mangaung Oval, Bloemfontein",ed982dfa,TM Bodibe,4,4,7,1,0,caught
851957,2015-11-15,2015-16,2,KNG,LIONS,"Mangaung Oval, Bloemfontein",5f419ace,WL Coetsee,5,7,16,1,0,caught
851957,2015-11-15,2015-16,2,KNG,LIONS,"Mangaung Oval, Bloemfontein",bbd41817,AD Russell,6,13,14,0,2,caught
851957,2015-11-15,2015-16,2,KNG,LIONS,"Mangaung Oval, Bloemfontein",f8e6dbdd,DS Rosier,7,0,1,0,0,lbw
851957,2015-11-15,2015-16,2,KNG,LIONS,"Mangaung Oval, Bloemfontein",d7a57f75,D du Preez,8,2,7,0,0,caught
851957,2015-11-15,2015-16,2,KNG,LIONS,"Mangaung Oval, Bloemfontein",97b0e4ff,SC van Schalkwyk,9,13,11,0,0,not out
851957,2015-11-15,2015-16,2,KNG,LIONS,"Mangaung Oval, Bloemfontein",9d50c7e1,MP Siboto,10,5,7,0,0,caught
851957,2015-11-15,2015-16,2,KNG,LIONS,"Mangaung Oval, Bloemfontein",8e6827f7,T Ntuli,11,0,2,0,0,caught
851959,2015-11-18,2015-16,1,TIT,DOL,"Kingsmead, Durban",372455c4,Q de Kock,1,38,31,6,0,caught
851959,2015-11-18,2015-16,1,TIT,DOL,"Kingsmead, Durban",9c9f8dbc,H Davids,2,10,7,0,1,caught
851959,2015-11-18,2015-16,1,TIT,DOL,"Kingsmead, Durban",8836fcac,M Mosehle,3,25,27,1,0,caught
851959,2015-11-18,2015-16,1,TIT,DOL,"Kingsmead, Durban",dce2019b,F Behardien,4,17,18,0,0,caught
851959,2015-11-18,2015-16,1,TIT,DOL,"Kingsmead, Durban",c3d35165,JA Morkel,5,18,16,1,1,caught
851959,2015-11-18,2015-16,1,TIT,DOL,"Kingsmead, Durban",aa8d28ae,D Wiese,6,4,7,0,0,bowled
851959,2015-11-18,2015-16,1,TIT,DOL,"Kingsmead, Durban",fb66ce1f,CH Morris,7,14,6,1,1,caught
851959,2015-11-18,2015-16,1,TIT,DOL,"Kingsmead, Durban",ba377b40,GL van Buuren,8,0,2,0,0,caught
851959,2015-11-18,2015-16,1,TIT,DOL,"Kingsmead, Durban",21fdde93,SF Mofokeng,9,4,5,0,0,not out
851959,2015-11-18,2015-16,1,TIT,DOL,"Kingsmead, Durban",1cb14aa4,CJ Dala,10,0,1,0,0,caught
851959,2015-11-18,2015-16,1,TIT,DOL,"Kingsmead, Durban",a03bba42,T Shamsi,11,0,0,0,0,not out
851959,2015-11-18,2015-16,2,DOL,TIT,"Kingsmead, Durban",890b877d,VB van Jaarsveld,1,6,4,1,0,caught
851959,2015-11-18,2015-16,2,DOL,TIT,"Kingsmead, Durban",710dd98c,MN van Wyk,2,7,8,0,1,caught
851959,2015-11-18,2015-16,2,DOL,TIT,"Kingsmead, Durban",4aad78d3,K Zondo,3,0,5,0,0,caught
851959,2015-11-18,2015-16,2,DOL,TIT,"Kingsmead, Durban",27ca3a11,C Chetty,4,2,5,0,0,caught
851959,2015-11-18,2015-16,2,DOL,TIT,"Kingsmead, Durban",d67d5f00,DA Miller,5,12,16,0,0,bowled
851959,2015-11-18,2015-16,2,DOL,TIT,"Kingsmead, Durban",87e562a9,DJ Bravo,6,27,31,3,0,caught
851959,2015-11-18,2015-16,2,DOL,TIT,"Kingsmead, Durban",c654af19,R McLaren,7,1,3,0,0,run out
851959,2015-11-18,2015-16,2,DOL,TIT,"Kingsmead, Durban",ab6b1c45,AL Phehlukwayo,8,7,9,0,1,caught
851959,2015-11-18,2015-16,2,DOL,TIT,"Kingsmead, Durban",0b60eb09,KA Maharaj,9,4,9,0,0,caught
851959,2015-11-18,2015-16,2,DOL,TIT,"Kingsmead, Durban",26d9937d,CJ Alexander,10,0,2,0,0,bowled
851959,2015-11-18,2015-16,2,DOL,TIT,"Kingsmead, Durban",c50bfbc2,A Myoli,11,1,2,0,0,not out
851963,2015-11-20,2015-16,1,DOL,WAR,"Buffalo Park, East London",710dd98c,MN van Wyk,1,15,20,3,0,not out
851963,2015-11-20,2015-16,1,DOL,WAR,"Buffalo Park, East London",890b877d,VB van Jaarsveld,2,16,11,2,0,not out
851963,2015-11-20,2015-16,1,DOL,WAR,"Buffalo Park, East London",27ca3a11,C Chetty,3,0,0,0,0,
851963,2015-11-20,2015-16,1,DOL,WAR,"Buffalo Park, East London",4aad78d3,K Zondo,4,0,0,0,0,
851963,2015-11-20,2015-16,1,DOL,WAR,"Buffalo Park, East London",d67d5f00,DA Miller,5,0,0,0,0,
851963,2015-11-20,2015-16,1,DOL,WAR,"Buffalo Park, East London",87e562a9,DJ Bravo,6,0,0,0,0,
851963,2015-11-20,2015-16,1,DOL,WAR,"Buffalo Park, East London",c654af19,R McLaren,7,0,0,0,0,
851963,2015-11-20,2015-16,1,DOL,WAR,"Buffalo Park, East London",ab6b1c45,AL Phehlukwayo,8,0,0,0,0,
851963,2015-11-20,2015-16,1,DOL,WAR,"Buffalo Park, East London",26d9937d,CJ Alexander,9,0,0,0,0,
851963,2015-11-20,2015-16,1,DOL,WAR,"Buffalo Park, East London",0b60eb09,KA Maharaj,10,0,0,0,0,
851963,2015-11-20,2015-16,1,DOL,WAR,"Buffalo Park, East London",c50bfbc2,A Myoli,11,0,0,0,0,
851965,2015-11-22,2015-16,1,KNG,WPR,"Boland Park, Paarl",b8cc58c9,RR Hendricks,1,1,4,0,0,run out
851965,2015-11-22,2015-16,1,KNG,WPR,"Boland Park, Paarl",cad00a4d,RR Rossouw,2,10,12,2,0,caught
851965,2015-11-22,2015-16,1,KNG,WPR,"Boland Park, Paarl",90d6cdea,TB de Bruyn,3,45,44,3,0,run out
851965,2015-11-22,2015-16,1,KNG,WPR,"Boland Park, Paarl",cba5185d,AR Swanepoel,4,10,15,1,0,bowled
851965,2015-11-22,2015-16,1,KNG,WPR,"Boland Park, Paarl",bbd41817,AD Russell,5,27,20,1,2,bowled
851965,2015-11-22,2015-16,1,KNG,WPR,"Boland Park, Paarl",d7a57f75,D du Preez,6,11,6,2,0,caught
851965,2015-11-22,2015-16,1,KNG,WPR,"Boland Park, Paarl",ed982dfa,TM Bodibe,7,14,11,1,0,not out
851965,2015-11-22,2015-16,1,KNG,WPR,"Boland Park, Paarl",5f419ace,WL Coetsee,8,11,7,1,0,bowled
851965,2015-11-22,2015-16,1,KNG,WPR,"Boland Park, Paarl",97b0e4ff,SC van Schalkwyk,9,3,2,0,0,not out
851965,2015-11-22,2015-16,1,KNG,WPR,"Boland Park, Paarl",9d50c7e1,MP Siboto,10,0,0,0,0,
851965,2015-11-22,2015-16,1,KNG,WPR,"Boland Park, Paarl",8e6827f7,T Ntuli,11,0,0,0,0,
851965,2015-11-22,2015-16,2,WPR,KNG,"Boland Park, Paarl",18c78b11,RE Levi,1,36,23,5,1,caught
851965,2015-11-22,2015-16,2,WPR,KNG,"Boland Park, Paarl",637b6fbd,AG Puttick,2,9,7,1,0,caught
851965,2015-11-22,2015-16,2,WPR,KNG,"Boland Park, Paarl",55f33b32,JL Ontong,3,40,42,2,0,caught
851965,2015-11-22,2015-16,2,WPR,KNG,"Boland Park, Paarl",81a0e294,SA Engelbrecht,4,1,2,0,0,lbw
851965,2015-11-22,2015-16,2,WPR,KNG,"Boland Park, Paarl",51355a30,LC Ngoepe,5,19,19,1,0,caught
851965,2015-11-22,2015-16,2,WPR,KNG,"Boland Park, Paarl",7955eb15,RK Kleinveldt,6,8,8,0,1,caught
851965,2015-11-22,2015-16,2,WPR,KNG,"Boland Park, Paarl",a757b0d8,KA Pollard,7,23,12,3,1,not out
851965,2015-11-22,2015-16,2,WPR,KNG,"Boland Park, Paarl",3a60e0b5,WD Parnell,8,2,4,0,0,not out
851965,2015-11-22,2015-16,2,WPR,KNG,"Boland Park, Paarl",462d7c62,D Paterson,9,0,0,0,0,
851965,2015-11-22,2015-16,2,WPR,KNG,"Boland Park, Paarl",016e5101,M Shezi,10,0,0,0,0,
851965,2015-11-22,2015-16,2,WPR,KNG,"Boland Park, Paarl",d3cc2954,S Simetu,11,0,0,0,0,
851969,2015-11-25,2015-16,1,KNG,LIONS,"Senwes Park, Potchefstroom",b8cc58c9,RR Hendricks,1,72,56,7,0,not out
851969,2015-11-25,2015-16,1,KNG,LIONS,"Senwes Park, Potchefstroom",cad00a4d,RR Rossouw,2,46,29,5,2,caught
851969,2015-11-25,2015-16,1,KNG,LIONS,"Senwes Park, Potchefstroom",90d6cdea,TB de Bruyn,3,2,5,0,0,caught
851969,2015-11-25,2015-16,1,KNG,LIONS,"Senwes Park, Potchefstroom",bbd41817,AD Russell,4,11,8,2,0,caught
851969,2015-11-25,2015-16,1,KNG,LIONS,"Senwes Park, Potchefstroom",cba5185d,AR Swanepoel,5,17,12,3,0,caught
851969,2015-11-25,2015-16,1,KNG,LIONS,"Senwes Park, Potchefstroom",d7a57f75,D du Preez,6,0,1,0,0,caught
851969,2015-11-25,2015-16,1,KNG,LIONS,"Senwes Park, Potchefstroom",ed982dfa,TM Bodibe,7,22,9,1,2,not out
851969,2015-11-25,2015-16,1,KNG,LIONS,"Senwes Park, Potchefstroom",5f419ace,WL Coetsee,8,0,0,0,0,
851969,2015-11-25,2015-16,1,KNG,LIONS,"Senwes Park, Potchefstroom",9d50c7e1,MP Siboto,9,0,0,0,0,
851969,2015-11-25,2015-16,1,KNG,LIONS,"Senwes Park, Potchefstroom",97b0e4ff,SC van Schalkwyk,10,0,0,0,0,
851969,2015-11-25,2015-16,1,KNG,LIONS,"Senwes Park, Potchefstroom",8e6827f7,T Ntuli,11,0,0,0,0,
851969,2015-11-25,2015-16,2,LIONS,KNG,"Senwes Park, Potchefstroom",9948e262,HE van der Dussen,1,40,26,4,2,caught
851969,2015-11-25,2015-16,2,LIONS,KNG,"Senwes Park, Potchefstroom",df5a6881,DP Conway,2,36,34,5,1,caught
851969,2015-11-25,2015-16,2,LIONS,KNG,"Senwes Park, Potchefstroom",e01aafc1,AN Petersen,3,1,2,0,0,caught
851969,2015-11-25,2015-16,2,LIONS,KNG,"Senwes Park, Potchefstroom",6a315fb5,AJ Malan,4,25,23,3,0,caught
851969,2015-11-25,2015-16,2,LIONS,KNG,"Senwes Park, Potchefstroom",3b94297b,TL Tsolekile,5,20,15,3,0,bowled
851969,2015-11-25,2015-16,2,LIONS,KNG,"Senwes Park, Potchefstroom",11614d87,D Pretorius,6,2,2,0,0,caught
851969,2015-11-25,2015-16,2,LIONS,KNG,"Senwes Park, Potchefstroom",09497f5a,S Pillay,7,1,2,0,0,caught
851969,2015-11-25,2015-16,2,LIONS,KNG,"Senwes Park, Potchefstroom",a316d663,GC Viljoen,8,3,6,0,0,not out
851969,2015-11-25,2015-16,2,LIONS,KNG,"Senwes Park, Potchefstroom",7f8ecc51,AM Phangiso,9,6,6,1,0,run out
851969,2015-11-25,2015-16,2,LIONS,KNG,"Senwes Park, Potchefstroom",a7bc76a0,E Leie,10,5,4,1,0,caught
851969,2015-11-25,2015-16,2,LIONS,KNG,"Senwes Park, Potchefstroom",12bffe91,LL Tsotsobe,11,0,0,0,0,not out
851971,2015-11-28,2015-16,1,DOL,KNG,"St George's Park, Port Elizabeth",890b877d,VB van Jaarsveld,1,1,5,0,0,caught
851971,2015-11-28,2015-16,1,DOL,KNG,"St George's Park, Port Elizabeth",710dd98c,MN van Wyk,2,9,9,2,0,bowled
851971,2015-11-28,2015-16,1,DOL,KNG,"St George's Park, Port Elizabeth",4aad78d3,K Zondo,3,0,6,0,0,run out
851971,2015-11-28,2015-16,1,DOL,KNG,"St George's Park, Port Elizabeth",a833f99c,JD Vandiar,4,10,11,1,0,run out
851971,2015-11-28,2015-16,1,DOL,KNG,"St George's Park, Port Elizabeth",9784fb60,K Nipper,5,13,34,1,0,caught
851971,2015-11-28,2015-16,1,DOL,KNG,"St George's Park, Port Elizabeth",d67d5f00,DA Miller,6,2,4,0,0,lbw
851971,2015-11-28,2015-16,1,DOL,KNG,"St George's Park, Port Elizabeth",87e562a9,DJ Bravo,7,23,24,2,0,bowled
851971,2015-11-28,2015-16,1,DOL,KNG,"St George's Park, Port Elizabeth",ab6b1c45,AL Phehlukwayo,8,4,7,0,0,bowled
851971,2015-11-28,2015-16,1,DOL,KNG,"St George's Park, Port Elizabeth",0b60eb09,KA Maharaj,9,5,9,1,0,caught
851971,2015-11-28,2015-16,1,DOL,KNG,"St George's Park, Port Elizabeth",a467273e,RJ Engelbrecht,10,7,8,0,1,not out
851971,2015-11-28,2015-16,1,DOL,KNG,"St George's Park, Port Elizabeth",c50bfbc2,A Myoli,11,3,4,0,0,not out
851971,2015-11-28,2015-16,2,KNG,DOL,"St George's Park, Port Elizabeth",cad00a4d,RR Rossouw,1,9,8,2,0,caught
851971,2015-11-28,2015-16,2,KNG,DOL,"St George's Park, Port Elizabeth",b8cc58c9,RR Hendricks,2,0,5,0,0,bowled
851971,2015-11-28,2015-16,2,KNG,DOL,"St George's Park, Port Elizabeth",90d6cdea,TB de Bruyn,3,42,38,3,3,not out
851971,2015-11-28,2015-16,2,KNG,DOL,"St George's Park, Port Elizabeth",cba5185d,AR Swanepoel,4,30,27,4,1,not out
851971,2015-11-28,2015-16,2,KNG,DOL,"St George's Park, Port Elizabeth",bbd41817,AD Russell,5,0,0,0,0,
851971,2015-11-28,2015-16,2,KNG,DOL,"St George's Park, Port Elizabeth",ed982dfa,TM Bodibe,6,0,0,0,0,
851971,2015-11-28,2015-16,2,KNG,DOL,"St George's Park, Port Elizabeth",5f419ace,WL Coetsee,7,0,0,0,0,
851971,2015-11-28,2015-16,2,KNG,DOL,"St George's Park, Port Elizabeth",97b0e4ff,SC van Schalkwyk,8,0,0,0,0,
851971,2015-11-28,2015-16,2,KNG,DOL,"St George's Park, Port Elizabeth",9d50c7e1,MP Siboto,9,0,0,0,0,
851971,2015-11-28,2015-16,2,KNG,DOL,"St George's Park, Port Elizabeth",a8e56914,D Olivier,10,0,0,0,0,
851971,2015-11-28,2015-16,2,KNG,DOL,"St George's Park, Port Elizabeth",8e6827f7,T Ntuli,11,0,0,0,0,
851973,2015-11-28,2015-16,1,TIT,WAR,"St George's Park, Port Elizabeth",372455c4,Q de Kock,1,34,31,5,0,caught
851973,2015-11-28,2015-16,1,TIT,WAR,"St George's Park, Port Elizabeth",9c9f8dbc,H Davids,2,41,30,5,1,run out
851973,2015-11-28,2015-16,1,TIT,WAR,"St George's Park, Port Elizabeth",8836fcac,M Mosehle,3,65,36,7,2,not out
851973,2015-11-28,2015-16,1,TIT,WAR,"St George's Park, Port Elizabeth",dce2019b,F Behardien,4,17,17,1,0,caught
851973,2015-11-28,2015-16,1,TIT,WAR,"St George's Park, Port Elizabeth",c3d35165,JA Morkel,5,8,6,1,0,not out
851973,2015-11-28,2015-16,1,TIT,WAR,"St George's Park, Port Elizabeth",21fdde93,SF Mofokeng,6,0,0,0,0,
851973,2015-11-28,2015-16,1,TIT,WAR,"St George's Park, Port Elizabeth",fb66ce1f,CH Morris,7,0,0,0,0,
851973,2015-11-28,2015-16,1,TIT,WAR,"St George's Park, Port Elizabeth",1cb14aa4,CJ Dala,8,0,0,0,0,
851973,2015-11-28,2015-16,1,TIT,WAR,"St George's Park, Port Elizabeth",a03bba42,T Shamsi,9,0,0,0,0,
851973,2015-11-28,2015-16,1,TIT,WAR,"St George's Park, Port Elizabeth",ba377b40,GL van Buuren,10,0,0,0,0,
851973,2015-11-28,2015-16,1,TIT,WAR,"St George's Park, Port Elizabeth",aa8d28ae,D Wiese,11,0,0,0,0,
851973,2015-11-28,2015-16,2,WAR,TIT,"St George's Park, Port Elizabeth",42172c3c,JT Smuts,1,1,6,0,0,bowled
851973,2015-11-28,2015-16,2,WAR,TIT,"St George's Park, Port Elizabeth",d9092a19,DJ White,2,3,9,0,0,caught
851973,2015-11-28,2015-16,2,WAR,TIT,"St George's Park, Port Elizabeth",c995d726,CA Ingram,3,25,22,1,2,caught
851973,2015-11-28,2015-16,2,WAR,TIT,"St George's Park, Port Elizabeth",9fa54c94,MY Vallie,4,3,8,0,0,bowled
851973,2015-11-28,2015-16,2,WAR,TIT,"St George's Park, Port Elizabeth",8361e524,SSB Magala,5,14,11,1,1,caught
851973,2015-11-28,2015-16,2,WAR,TIT,"St George's Park, Port Elizabeth",a81d6706,C Jonker,6,25,22,4,0,caught
851973,2015-11-28,2015-16,2,WAR,TIT,"St George's Park, Port Elizabeth",f25cebec,C Fortuin,7,21,17,3,0,bowled
851973,2015-11-28,2015-16,2,WAR,TIT,"St George's Park, Port Elizabeth",9df3a2f4,ACR Birch,8,6,4,1,0,run out
851973,2015-11-28,2015-16,2,WAR,TIT,"St George's Park, Port Elizabeth",a83c44b8,A Gqamane,9,14,9,0,1,bowled
851973,2015-11-28,2015-16,2,WAR,TIT,"St George's Park, Port Elizabeth",af917dde,MJ Nqolo,10,0,1,0,0,caught
851973,2015-11-28,2015-16,2,WAR,TIT,"St George's Park, Port Elizabeth",1e182ae2,BD Walters,11,3,3,0,0,not out
851975,2015-11-29,2015-16,1,LIONS,WPR,"New Wanderers Stadium, Johannesburg",df5a6881,DP Conway,1,37,36,5,0,caught
851975,2015-11-29,2015-16,1,LIONS,WPR,"New Wanderers Stadium, Johannesburg",9948e262,HE van der Dussen,2,9,7,2,0,caught
851975,2015-11-29,2015-16,1,LIONS,WPR,"New Wanderers Stadium, Johannesburg",6a315fb5,AJ Malan,3,9,14,0,0,caught
851975,2015-11-29,2015-16,1,LIONS,WPR,"New Wanderers Stadium, Johannesburg",e01aafc1,AN Petersen,4,20,19,1,0,run out
851975,2015-11-29,2015-16,1,LIONS,WPR,"New Wanderers Stadium, Johannesburg",09497f5a,S Pillay,5,12,12,1,0,lbw
851975,2015-11-29,2015-16,1,LIONS,WPR,"New Wanderers Stadium, Johannesburg",11614d87,D Pretorius,6,33,18,1,2,not out
851975,2015-11-29,2015-16,1,LIONS,WPR,"New Wanderers Stadium, Johannesburg",3b94297b,TL Tsolekile,7,25,14,1,1,not out
851975,2015-11-29,2015-16,1,LIONS,WPR,"New Wanderers Stadium, Johannesburg",a316d663,GC Viljoen,8,0,0,0,0,
851975,2015-11-29,2015-16,1,LIONS,WPR,"New Wanderers Stadium, Johannesburg",7f8ecc51,AM Phangiso,9,0,0,0,0,
851975,2015-11-29,2015-16,1,LIONS,WPR,"New Wanderers Stadium, Johannesburg",9a2fc964,BC Fortuin,10,0,0,0,0,
851975,2015-11-29,2015-16,1,LIONS,WPR,"New Wanderers Stadium, Johannesburg",a7bc76a0,E Leie,11,0,0,0,0,
851975,2015-11-29,2015-16,2,WPR,LIONS,"New Wanderers Stadium, Johannesburg",637b6fbd,AG Puttick,1,19,28,2,0,caught
851975,2015-11-29,2015-16,2,WPR,LIONS,"New Wanderers Stadium, Johannesburg",3a60e0b5,WD Parnell,2,99,57,9,5,caught
851975,2015-11-29,2015-16,2,WPR,LIONS,"New Wanderers Stadium, Johannesburg",55f33b32,JL Ontong,3,9,13,0,0,caught
851975,2015-11-29,2015-16,2,WPR,LIONS,"New Wanderers Stadium, Johannesburg",81a0e294,SA Engelbrecht,4,6,12,0,0,caught
851975,2015-11-29,2015-16,2,WPR,LIONS,"New Wanderers Stadium, Johannesburg",51355a30,LC Ngoepe,5,2,3,0,0,not out
851975,2015-11-29,2015-16,2,WPR,LIONS,"New Wanderers Stadium, Johannesburg",7955eb15,RK Kleinveldt,6,7,3,0,1,not out
851975,2015-11-29,2015-16,2,WPR,LIONS,"New Wanderers Stadium, Johannesburg",6581d753,JM Kemp,7,0,0,0,0,
851975,2015-11-29,2015-16,2,WPR,LIONS,"New Wanderers Stadium, Johannesburg",18c78b11,RE Levi,8,0,0,0,0,
851975,2015-11-29,2015-16,2,WPR,LIONS,"New Wanderers Stadium, Johannesburg",26ff4c29,RJ Peterson,9,0,0,0,0,
851975,2015-11-29,2015-16,2,WPR,LIONS,"New Wanderers Stadium, Johannesburg",016e5101,M Shezi,10,0,0,0,0,
851975,2015-11-29,2015-16,2,WPR,LIONS,"New Wanderers Stadium, Johannesburg",d3cc2954,S Simetu,11,0,0,0,0,
851977,2015-12-02,2015-16,1,WAR,WPR,"Buffalo Park, East London",3bf40832,GL Cloete,1,0,2,0,0,bowled
851977,2015-12-02,2015-16,1,WAR,WPR,"Buffalo Park, East London",e734d090,CN Ackermann,2,34,29,2,2,caught
851977,2015-12-02,2015-16,1,WAR,WPR,"Buffalo Park, East London",c995d726,CA Ingram,3,18,14,1,2,caught
851977,2015-12-02,2015-16,1,WAR,WPR,"Buffalo Park, East London",2f873ad6,S Seyibokwe,4,1,2,0,0,lbw
851977,2015-12-02,2015-16,1,WAR,WPR,"Buffalo Park, East London",42172c3c,JT Smuts,5,61,40,5,3,not out
851977,2015-12-02,2015-16,1,WAR,WPR,"Buffalo Park, East London",d9092a19,DJ White,6,30,28,3,0,caught
851977,2015-12-02,2015-16,1,WAR,WPR,"Buffalo Park, East London",8361e524,SSB Magala,7,0,1,0,0,bowled
851977,2015-12-02,2015-16,1,WAR,WPR,"Buffalo Park, East London",9df3a2f4,ACR Birch,8,2,3,0,0,bowled
851977,2015-12-02,2015-16,1,WAR,WPR,"Buffalo Park, East London",f25cebec,C Fortuin,9,0,1,0,0,bowled
851977,2015-12-02,2015-16,1,WAR,WPR,"Buffalo Park, East London",ca322fd6,L Mbane,10,1,1,0,0,not out
851977,2015-12-02,2015-16,1,WAR,WPR,"Buffalo Park, East London",5297e04a,BM Dolley,11,0,0,0,0,
851977,2015-12-02,2015-16,2,WPR,WAR,"Buffalo Park, East London",3a60e0b5,WD Parnell,1,74,60,7,1,not out
851977,2015-12-02,2015-16,2,WPR,WAR,"Buffalo Park, East London",637b6fbd,AG Puttick,2,5,7,0,0,bowled
851977,2015-12-02,2015-16,2,WPR,WAR,"Buffalo Park, East London",55f33b32,JL Ontong,3,6,7,1,0,caught
851977,2015-12-02,2015-16,2,WPR,WAR,"Buffalo Park, East London",bf64dc29,KD Petersen,4,11,14,1,0,bowled
851977,2015-12-02,2015-16,2,WPR,WAR,"Buffalo Park, East London",6581d753,JM Kemp,5,20,15,1,1,bowled
851977,2015-12-02,2015-16,2,WPR,WAR,"Buffalo Park, East London",7955eb15,RK Kleinveldt,6,4,5,0,0,caught
851977,2015-12-02,2015-16,2,WPR,WAR,"Buffalo Park, East London",51355a30,LC Ngoepe,7,1,2,0,0,bowled
851977,2015-12-02,2015-16,2,WPR,WAR,"Buffalo Park, East London",81a0e294,SA Engelbrecht,8,14,11,1,0,bowled
851977,2015-12-02,2015-16,2,WPR,WAR,"Buffalo Park, East London",26ff4c29,RJ Peterson,9,1,1,0,0,not out
851977,2015-12-02,2015-16,2,WPR,WAR,"Buffalo Park, East London",016e5101,M Shezi,10,0,0,0,0,
851977,2015-12-02,2015-16,2,WPR,WAR,"Buffalo Park, East London",d3cc2954,S Simetu,11,0,0,0,0,
851979,2015-12-04,2015-16,1,WPR,DOL,"Kingsmead, Durban",18c78b11,RE Levi,1,4,5,1,0,bowled
851979,2015-12-04,2015-16,1,WPR,DOL,"Kingsmead, Durban",3a60e0b5,WD Parnell,2,27,25,3,0,caught
851979,2015-12-04,2015-16,1,WPR,DOL,"Kingsmead, Durban",637b6fbd,AG Puttick,3,1,2,0,0,caught
851979,2015-12-04,2015-16,1,WPR,DOL,"Kingsmead, Durban",51355a30,LC Ngoepe,4,11,8,2,0,caught
851979,2015-12-04,2015-16,1,WPR,DOL,"Kingsmead, Durban",55f33b32,JL Ontong,5,34,46,1,0,caught
851979,2015-12-04,2015-16,1,WPR,DOL,"Kingsmead, Durban",bf64dc29,KD Petersen,6,2,4,0,0,caught
851979,2015-12-04,2015-16,1,WPR,DOL,"Kingsmead, Durban",26ff4c29,RJ Peterson,7,35,22,2,2,not out
851979,2015-12-04,2015-16,1,WPR,DOL,"Kingsmead, Durban",7955eb15,RK Kleinveldt,8,17,8,0,2,caught
851979,2015-12-04,2015-16,1,WPR,DOL,"Kingsmead, Durban",462d7c62,D Paterson,9,0,0,0,0,
851979,2015-12-04,2015-16,1,WPR,DOL,"Kingsmead, Durban",d3cc2954,S Simetu,10,0,0,0,0,
851979,2015-12-04,2015-16,1,WPR,DOL,"Kingsmead, Durban",016e5101,M Shezi,11,0,0,0,0,
851979,2015-12-04,2015-16,2,DOL,WPR,"Kingsmead, Durban",afa78c3a,CS Delport,1,39,36,5,1,caught
851979,2015-12-04,2015-16,2,DOL,WPR,"Kingsmead, Durban",710dd98c,MN van Wyk,2,60,52,7,1,not out
851979,2015-12-04,2015-16,2,DOL,WPR,"Kingsmead, Durban",d67d5f00,DA Miller,3,10,12,0,0,caught
851979,2015-12-04,2015-16,2,DOL,WPR,"Kingsmead, Durban",a833f99c,JD Vandiar,4,34,12,5,2,not out
851979,2015-12-04,2015-16,2,DOL,WPR,"Kingsmead, Durban",4aad78d3,K Zondo,5,0,0,0,0,
851979,2015-12-04,2015-16,2,DOL,WPR,"Kingsmead, Durban",87e562a9,DJ Bravo,6,0,0,0,0,
851979,2015-12-04,2015-16,2,DOL,WPR,"Kingsmead, Durban",ab6b1c45,AL Phehlukwayo,7,0,0,0,0,
851979,2015-12-04,2015-16,2,DOL,WPR,"Kingsmead, Durban",9784fb60,K Nipper,8,0,0,0,0,
851979,2015-12-04,2015-16,2,DOL,WPR,"Kingsmead, Durban",0b60eb09,KA Maharaj,9,0,0,0,0,
851979,2015-12-04,2015-16,2,DOL,WPR,"Kingsmead, Durban",a467273e,RJ Engelbrecht,10,0,0,0,0,
851979,2015-12-04,2015-16,2,DOL,WPR,"Kingsmead, Durban",c50bfbc2,A Myoli,11,0,0,0,0,
851981,2015-12-04,2015-16,1,KNG,WAR,"Mangaung Oval, Bloemfontein",b8cc58c9,RR Hendricks,1,14,11,2,0,lbw
851981,2015-12-04,2015-16,1,KNG,WAR,"Mangaung Oval, Bloemfontein",cad00a4d,RR Rossouw,2,43,37,5,1,caught
851981,2015-12-04,2015-16,1,KNG,WAR,"Mangaung Oval, Bloemfontein",90d6cdea,TB de Bruyn,3,36,29,3,0,bowled
851981,2015-12-04,2015-16,1,KNG,WAR,"Mangaung Oval, Bloemfontein",bbd41817,AD Russell,4,52,24,2,5,caught
851981,2015-12-04,2015-16,1,KNG,WAR,"Mangaung Oval, Bloemfontein",cba5185d,AR Swanepoel,5,5,3,1,0,caught
851981,2015-12-04,2015-16,1,KNG,WAR,"Mangaung Oval, Bloemfontein",ed982dfa,TM Bodibe,6,5,10,0,0,not out
851981,2015-12-04,2015-16,1,KNG,WAR,"Mangaung Oval, Bloemfontein",5f419ace,WL Coetsee,7,8,6,1,0,not out
851981,2015-12-04,2015-16,1,KNG,WAR,"Mangaung Oval, Bloemfontein",9d50c7e1,MP Siboto,8,0,0,0,0,
851981,2015-12-04,2015-16,1,KNG,WAR,"Mangaung Oval, Bloemfontein",97b0e4ff,SC van Schalkwyk,9,0,0,0,0,
851981,2015-12-04,2015-16,1,KNG,WAR,"Mangaung Oval, Bloemfontein",a8e56914,D Olivier,10,0,0,0,0,
851981,2015-12-04,2015-16,1,KNG,WAR,"Mangaung Oval, Bloemfontein",8e6827f7,T Ntuli,11,0,0,0,0,
851981,2015-12-04,2015-16,2,WAR,KNG,"Mangaung Oval, Bloemfontein",e734d090,CN Ackermann,1,27,27,3,0,caught
851981,2015-12-04,2015-16,2,WAR,KNG,"Mangaung Oval, Bloemfontein",3bf40832,GL Cloete,2,0,2,0,0,bowled
851981,2015-12-04,2015-16,2,WAR,KNG,"Mangaung Oval, Bloemfontein",c995d726,CA Ingram,3,9,8,1,0,caught and bowled
851981,2015-12-04,2015-16,2,WAR,KNG,"Mangaung Oval, Bloemfontein",2f873ad6,S Seyibokwe,4,73,57,4,4,caught
851981,2015-12-04,2015-16,2,WAR,KNG,"Mangaung Oval, Bloemfontein",42172c3c,JT Smuts,5,43,27,1,2,not out
851981,2015-12-04,2015-16,2,WAR,KNG,"Mangaung Oval, Bloemfontein",a81d6706,C Jonker,6,7,3,1,0,not out
851981,2015-12-04,2015-16,2,WAR,KNG,"Mangaung Oval, Bloemfontein",f25cebec,C Fortuin,7,0,0,0,0,
851981,2015-12-04,2015-16,2,WAR,KNG,"Mangaung Oval, Bloemfontein",8361e524,SSB Magala,8,0,0,0,0,
851981,2015-12-04,2015-16,2,WAR,KNG,"Mangaung Oval, Bloemfontein",ca322fd6,L Mbane,9,0,0,0,0,
851981,2015-12-04,2015-16,2,WAR,KNG,"Mangaung Oval, Bloemfontein",1e182ae2,BD Walters,10,0,0,0,0,
851981,2015-12-04,2015-16,2,WAR,KNG,"Mangaung Oval, Bloemfontein",9df3a2f4,ACR Birch,11,0,0,0,0,
851983,2015-12-04,2015-16,1,TIT,LIONS,"Willowmoore Park, Benoni",372455c4,Q de Kock,1,88,43,6,7,bowled
851983,2015-12-04,2015-16,1,TIT,LIONS,"Willowmoore Park, Benoni",9c9f8dbc,H Davids,2,47,31,4,2,caught
851983,2015-12-04,2015-16,1,TIT,LIONS,"Willowmoore Park, Benoni",c3d35165,JA Morkel,3,20,15,0,2,not out
851983,2015-12-04,2015-16,1,TIT,LIONS,"Willowmoore Park, Benoni",dce2019b,F Behardien,4,1,1,0,0,not out
851983,2015-12-04,2015-16,1,TIT,LIONS,"Willowmoore Park, Benoni",8836fcac,M Mosehle,5,0,0,0,0,
851983,2015-12-04,2015-16,1,TIT,LIONS,"Willowmoore Park, Benoni",aa8d28ae,D Wiese,6,0,0,0,0,
851983,2015-12-04,2015-16,1,TIT,LIONS,"Willowmoore Park, Benoni",fb66ce1f,CH Morris,7,0,0,0,0,
851983,2015-12-04,2015-16,1,TIT,LIONS,"Willowmoore Park, Benoni",a03bba42,T Shamsi,8,0,0,0,0,
851983,2015-12-04,2015-16,1,TIT,LIONS,"Willowmoore Park, Benoni",1cb14aa4,CJ Dala,9,0,0,0,0,
851983,2015-12-04,2015-16,1,TIT,LIONS,"Willowmoore Park, Benoni",21fdde93,SF Mofokeng,10,0,0,0,0,
851983,2015-12-04,2015-16,1,TIT,LIONS,"Willowmoore Park, Benoni",59a7fc89,MQ Adams,11,0,0,0,0,
851983,2015-12-04,2015-16,2,LIONS,TIT,"Willowmoore Park, Benoni",9948e262,HE van der Dussen,1,6,6,1,0,caught
851983,2015-12-04,2015-16,2,LIONS,TIT,"Willowmoore Park, Benoni",df5a6881,DP Conway,2,0,5,0,0,caught
851983,2015-12-04,2015-16,2,LIONS,TIT,"Willowmoore Park, Benoni",f66f5343,DA Hendricks,3,43,37,4,0,not out
851983,2015-12-04,2015-16,2,LIONS,TIT,"Willowmoore Park, Benoni",e01aafc1,AN Petersen,4,1,3,0,0,caught
851983,2015-12-04,2015-16,2,LIONS,TIT,"Willowmoore Park, Benoni",055e8d7b,NJ van den Bergh,5,3,6,0,0,caught
851983,2015-12-04,2015-16,2,LIONS,TIT,"Willowmoore Park, Benoni",11614d87,D Pretorius,6,0,2,0,0,lbw
851983,2015-12-04,2015-16,2,LIONS,TIT,"Willowmoore Park, Benoni",3b94297b,TL Tsolekile,7,15,8,0,2,lbw
851983,2015-12-04,2015-16,2,LIONS,TIT,"Willowmoore Park, Benoni",a316d663,GC Viljoen,8,6,6,1,0,bowled
851983,2015-12-04,2015-16,2,LIONS,TIT,"Willowmoore Park, Benoni",7f8ecc51,AM Phangiso,9,9,14,0,0,lbw
851983,2015-12-04,2015-16,2,LIONS,TIT,"Willowmoore Park, Benoni",a7bc76a0,E Leie,10,5,3,1,0,not out
851983,2015-12-04,2015-16,2,LIONS,TIT,"Willowmoore Park, Benoni",12bffe91,LL Tsotsobe,11,0,0,0,0,
851985,2015-12-06,2015-16,1,TIT,KNG,"Willowmoore Park, Benoni",372455c4,Q de Kock,1,28,24,3,1,caught
851985,2015-12-06,2015-16,1,TIT,KNG,"Willowmoore Park, Benoni",9c9f8dbc,H Davids,2,0,3,0,0,caught
851985,2015-12-06,2015-16,1,TIT,KNG,"Willowmoore Park, Benoni",8836fcac,M Mosehle,3,0,8,0,0,caught and bowled
851985,2015-12-06,2015-16,1,TIT,KNG,"Willowmoore Park, Benoni",ba377b40,GL van Buuren,4,57,41,6,3,caught
851985,2015-12-06,2015-16,1,TIT,KNG,"Willowmoore Park, Benoni",dce2019b,F Behardien,5,6,9,0,0,caught
851985,2015-12-06,2015-16,1,TIT,KNG,"Willowmoore Park, Benoni",aa8d28ae,D Wiese,6,8,7,0,1,caught and bowled
851985,2015-12-06,2015-16,1,TIT,KNG,"Willowmoore Park, Benoni",c3d35165,JA Morkel,7,4,7,0,0,caught
851985,2015-12-06,2015-16,1,TIT,KNG,"Willowmoore Park, Benoni",fb66ce1f,CH Morris,8,21,11,1,2,caught
851985,2015-12-06,2015-16,1,TIT,KNG,"Willowmoore Park, Benoni",21fdde93,SF Mofokeng,9,0,3,0,0,caught and bowled
851985,2015-12-06,2015-16,1,TIT,KNG,"Willowmoore Park, Benoni",a03bba42,T Shamsi,10,5,6,1,0,not out
851985,2015-12-06,2015-16,1,TIT,KNG,"Willowmoore Park, Benoni",f834dcfc,L Ngidi,11,2,1,0,0,not out
851985,2015-12-06,2015-16,2,KNG,TIT,"Willowmoore Park, Benoni",b8cc58c9,RR Hendricks,1,18,20,1,1,lbw
851985,2015-12-06,2015-16,2,KNG,TIT,"Willowmoore Park, Benoni",cad00a4d,RR Rossouw,2,17,14,3,0,bowled
851985,2015-12-06,2015-16,2,KNG,TIT,"Willowmoore Park, Benoni",90d6cdea,TB de Bruyn,3,5,8,1,0,caught
851985,2015-12-06,2015-16,2,KNG,TIT,"Willowmoore Park, Benoni",cba5185d,AR Swanepoel,4,7,7,1,0,caught
851985,2015-12-06,2015-16,2,KNG,TIT,"Willowmoore Park, Benoni",ed982dfa,TM Bodibe,5,7,7,1,0,caught
851985,2015-12-06,2015-16,2,KNG,TIT,"Willowmoore Park, Benoni",bbd41817,AD Russell,6,66,23,4,7,not out
851985,2015-12-06,2015-16,2,KNG,TIT,"Willowmoore Park, Benoni",5f419ace,WL Coetsee,7,8,12,1,0,caught
851985,2015-12-06,2015-16,2,KNG,TIT,"Willowmoore Park, Benoni",97b0e4ff,SC van Schalkwyk,8,1,5,0,0,not out
851985,2015-12-06,2015-16,2,KNG,TIT,"Willowmoore Park, Benoni",9d50c7e1,MP Siboto,9,0,0,0,0,
851985,2015-12-06,2015-16,2,KNG,TIT,"Willowmoore Park, Benoni",a8e56914,D Olivier,10,0,0,0,0,
851985,2015-12-06,2015-16,2,KNG,TIT,"Willowmoore Park, Benoni",8e6827f7,T Ntuli,11,0,0,0,0,
851989,2015-12-09,2015-16,1,DOL,WPR,"Kingsmead, Durban",afa78c3a,CS Delport,1,55,37,4,4,caught
851989,2015-12-09,2015-16,1,DOL,WPR,"Kingsmead, Durban",710dd98c,MN van Wyk,2,57,49,6,1,caught
851989,2015-12-09,2015-16,1,DOL,WPR,"Kingsmead, Durban",d67d5f00,DA Miller,3,33,24,1,2,not out
851989,2015-12-09,2015-16,1,DOL,WPR,"Kingsmead, Durban",39f01cdb,KP Pietersen,4,27,10,2,2,caught
851989,2015-12-09,2015-16,1,DOL,WPR,"Kingsmead, Durban",87e562a9,DJ Bravo,5,0,2,0,0,not out
851989,2015-12-09,2015-16,1,DOL,WPR,"Kingsmead, Durban",4aad78d3,K Zondo,6,0,0,0,0,
851989,2015-12-09,2015-16,1,DOL,WPR,"Kingsmead, Durban",a833f99c,JD Vandiar,7,0,0,0,0,
851989,2015-12-09,2015-16,1,DOL,WPR,"Kingsmead, Durban",ab6b1c45,AL Phehlukwayo,8,0,0,0,0,
851989,2015-12-09,2015-16,1,DOL,WPR,"Kingsmead, Durban",0b60eb09,KA Maharaj,9,0,0,0,0,
851989,2015-12-09,2015-16,1,DOL,WPR,"Kingsmead, Durban",a467273e,RJ Engelbrecht,10,0,0,0,0,
851989,2015-12-09,2015-16,1,DOL,WPR,"Kingsmead, Durban",c50bfbc2,A Myoli,11,0,0,0,0,
851989,2015-12-09,2015-16,2,WPR,DOL,"Kingsmead, Durban",18c78b11,RE Levi,1,85,43,6,7,caught
851989,2015-12-09,2015-16,2,WPR,DOL,"Kingsmead, Durban",3a60e0b5,WD Parnell,2,27,22,4,0,caught
851989,2015-12-09,2015-16,2,WPR,DOL,"Kingsmead, Durban",637b6fbd,AG Puttick,3,3,4,0,0,bowled
851989,2015-12-09,2015-16,2,WPR,DOL,"Kingsmead, Durban",51355a30,LC Ngoepe,4,32,26,1,1,caught
851989,2015-12-09,2015-16,2,WPR,DOL,"Kingsmead, Durban",7955eb15,RK Kleinveldt,5,4,5,0,0,caught
851989,2015-12-09,2015-16,2,WPR,DOL,"Kingsmead, Durban",55f33b32,JL Ontong,6,9,12,0,0,run out
851989,2015-12-09,2015-16,2,WPR,DOL,"Kingsmead, Durban",26ff4c29,RJ Peterson,7,3,4,0,0,caught
851989,2015-12-09,2015-16,2,WPR,DOL,"Kingsmead, Durban",81a0e294,SA Engelbrecht,8,1,3,0,0,not out
851989,2015-12-09,2015-16,2,WPR,DOL,"Kingsmead, Durban",462d7c62,D Paterson,9,0,1,0,0,caught
851989,2015-12-09,2015-16,2,WPR,DOL,"Kingsmead, Durban",04a5b56e,OA Ramela,10,0,0,0,0,not out
851989,2015-12-09,2015-16,2,WPR,DOL,"Kingsmead, Durban",016e5101,M Shezi,11,0,0,0,0,
851991,2015-12-12,2015-16,1,DOL,TIT,"SuperSport Park, Centurion",a833f99c,JD Vandiar,1,26,30,4,0,caught
851991,2015-12-12,2015-16,1,DOL,TIT,"SuperSport Park, Centurion",710dd98c,MN van Wyk,2,29,24,2,2,caught
851991,2015-12-12,2015-16,1,DOL,TIT,"SuperSport Park, Centurion",39f01cdb,KP Pietersen,3,10,11,1,0,caught
851991,2015-12-12,2015-16,1,DOL,TIT,"SuperSport Park, Centurion",d67d5f00,DA Miller,4,33,25,4,1,caught
851991,2015-12-12,2015-16,1,DOL,TIT,"SuperSport Park, Centurion",87e562a9,DJ Bravo,5,53,30,5,3,caught
851991,2015-12-12,2015-16,1,DOL,TIT,"SuperSport Park, Centurion",4aad78d3,K Zondo,6,0,0,0,0,not out
851991,2015-12-12,2015-16,1,DOL,TIT,"SuperSport Park, Centurion",ab6b1c45,AL Phehlukwayo,7,0,0,0,0,
851991,2015-12-12,2015-16,1,DOL,TIT,"SuperSport Park, Centurion",1b42a100,BS Makhanya,8,0,0,0,0,
851991,2015-12-12,2015-16,1,DOL,TIT,"SuperSport Park, Centurion",a9da7784,KJ Abbott,9,0,0,0,0,
851991,2015-12-12,2015-16,1,DOL,TIT,"SuperSport Park, Centurion",0b60eb09,KA Maharaj,10,0,0,0,0,
851991,2015-12-12,2015-16,1,DOL,TIT,"SuperSport Park, Centurion",acee4cc4,Imran Tahir,11,0,0,0,0,
851991,2015-12-12,2015-16,2,TIT,DOL,"SuperSport Park, Centurion",372455c4,Q de Kock,1,12,10,2,0,caught
851991,2015-12-12,2015-16,2,TIT,DOL,"SuperSport Park, Centurion",9c9f8dbc,H Davids,2,35,38,4,0,caught
851991,2015-12-12,2015-16,2,TIT,DOL,"SuperSport Park, Centurion",8836fcac,M Mosehle,3,87,39,6,7,caught and bowled
851991,2015-12-12,2015-16,2,TIT,DOL,"SuperSport Park, Centurion",dce2019b,F Behardien,4,7,5,1,0,not out
851991,2015-12-12,2015-16,2,TIT,DOL,"SuperSport Park, Centurion",c3d35165,JA Morkel,5,5,9,1,0,not out
851991,2015-12-12,2015-16,2,TIT,DOL,"SuperSport Park, Centurion",aa8d28ae,D Wiese,6,0,0,0,0,
851991,2015-12-12,2015-16,2,TIT,DOL,"SuperSport Park, Centurion",ba377b40,GL van Buuren,7,0,0,0,0,
851991,2015-12-12,2015-16,2,TIT,DOL,"SuperSport Park, Centurion",fb66ce1f,CH Morris,8,0,0,0,0,
851991,2015-12-12,2015-16,2,TIT,DOL,"SuperSport Park, Centurion",1cb14aa4,CJ Dala,9,0,0,0,0,
851991,2015-12-12,2015-16,2,TIT,DOL,"SuperSport Park, Centurion",a03bba42,T Shamsi,10,0,0,0,0,
851991,2015-12-12,2015-16,2,TIT,DOL,"SuperSport Park, Centurion",f834dcfc,L Ngidi,11,0,0,0,0,
