cs_id,date,season,innings,team,opponent,phase,runs,wickets,balls
1003843,2016-11-12,2016-17,1,KNG,WPR,powerplay,47,0,36
1003843,2016-11-12,2016-17,1,KNG,WPR,middle,91,3,54
1003843,2016-11-12,2016-17,1,KNG,WPR,death,46,5,30
1003843,2016-11-12,2016-17,2,WPR,KNG,powerplay,39,3,36
1003843,2016-11-12,2016-17,2,WPR,KNG,middle,74,4,54
1003843,2016-11-12,2016-17,2,WPR,KNG,death,33,3,14
1003845,2016-11-12,2016-17,1,TIT,LIONS,powerplay,52,2,36
1003845,2016-11-12,2016-17,1,TIT,LIONS,middle,81,1,54
1003845,2016-11-12,2016-17,1,TIT,LIONS,death,61,1,30
1003845,2016-11-12,2016-17,2,LIONS,TIT,powerplay,49,1,36
1003845,2016-11-12,2016-17,2,LIONS,TIT,middle,51,6,54
1003845,2016-11-12,2016-17,2,LIONS,TIT,death,52,1,30
1003847,2016-11-13,2016-17,1,DOL,WAR,powerplay,22,3,36
1003847,2016-11-13,2016-17,1,DOL,WAR,middle,54,2,54
1003847,2016-11-13,2016-17,1,DOL,WAR,death,39,4,30
1003847,2016-11-13,2016-17,2,WAR,DOL,powerplay,42,2,36
1003847,2016-11-13,2016-17,2,WAR,DOL,middle,63,1,54
1003847,2016-11-13,2016-17,2,WAR,DOL,death,13,0,5
1003849,2016-11-16,2016-17,1,WPR,TIT,powerplay,33,1,36
1003849,2016-11-16,2016-17,1,WPR,TIT,middle,68,1,54
1003849,2016-11-16,2016-17,1,WPR,TIT,death,40,4,30
1003849,2016-11-16,2016-17,2,TIT,WPR,powerplay,33,2,36
1003849,2016-11-16,2016-17,2,TIT,WPR,middle,59,2,54
1003849,2016-11-16,2016-17,2,TIT,WPR,death,50,0,23
1003855,2016-11-18,2016-17,1,KNG,TIT,powerplay,48,2,36
1003855,2016-11-18,2016-17,1,KNG,TIT,middle,74,2,54
1003855,2016-11-18,2016-17,1,KNG,TIT,death,63,2,30
1003855,2016-11-18,2016-17,2,TIT,KNG,powerplay,46,1,36
1003855,2016-11-18,2016-17,2,TIT,KNG,middle,85,4,54
1003855,2016-11-18,2016-17,2,TIT,KNG,death,55,2,29
1003857,2016-11-20,2016-17,1,TIT,DOL,powerplay,42,0,36
1003857,2016-11-20,2016-17,1,TIT,DOL,middle,78,3,54
1003857,2016-11-20,2016-17,1,TIT,DOL,death,65,1,30
1003857,2016-11-20,2016-17,2,DOL,TIT,powerplay,34,1,36
1003857,2016-11-20,2016-17,2,DOL,TIT,middle,59,3,54
1003857,2016-11-20,2016-17,2,DOL,TIT,death,34,4,30
1003859,2016-11-20,2016-17,1,WAR,KNG,powerplay,47,1,36
1003859,2016-11-20,2016-17,1,WAR,KNG,middle,63,4,54
1003859,2016-11-20,2016-17,1,WAR,KNG,death,47,0,30
1003859,2016-11-20,2016-17,2,KNG,WAR,powerplay,33,3,36
1003859,2016-11-20,2016-17,2,KNG,WAR,middle,61,3,54
1003859,2016-11-20,2016-17,2,KNG,WAR,death,21,4,20
1003861,2016-11-20,2016-17,1,LIONS,WPR,powerplay,36,2,36
1003861,2016-11-20,2016-17,1,LIONS,WPR,middle,82,2,54
1003861,2016-11-20,2016-17,1,LIONS,WPR,death,47,1,25
1003861,2016-11-20,2016-17,2,WPR,LIONS,powerplay,66,3,36
1003861,2016-11-20,2016-17,2,WPR,LIONS,middle,0,0,0
1003861,2016-11-20,2016-17,2,WPR,LIONS,death,0,0,0
1003865,2016-11-25,2016-17,1,LIONS,WAR,powerplay,34,0,36
1003865,2016-11-25,2016-17,1,LIONS,WAR,middle,65,2,54
1003865,2016-11-25,2016-17,1,LIONS,WAR,death,53,3,30
1003865,2016-11-25,2016-17,2,WAR,LIONS,powerplay,42,0,36
1003865,2016-11-25,2016-17,2,WAR,LIONS,middle,56,4,54
1003865,2016-11-25,2016-17,2,WAR,LIONS,death,55,0,17
1003867,2016-11-25,2016-17,1,KNG,DOL,powerplay,43,0,36
1003867,2016-11-25,2016-17,1,KNG,DOL,middle,57,3,54
1003867,2016-11-25,2016-17,1,KNG,DOL,death,53,1,30
1003867,2016-11-25,2016-17,2,DOL,KNG,powerplay,59,1,36
1003867,2016-11-25,2016-17,2,DOL,KNG,middle,64,0,54
1003867,2016-11-25,2016-17,2,DOL,KNG,death,31,1,21
1003869,2016-11-25,2016-17,1,WPR,TIT,powerplay,62,1,36
1003869,2016-11-25,2016-17,1,WPR,TIT,middle,53,3,24
1003869,2016-11-25,2016-17,1,WPR,TIT,death,0,0,0
1003869,2016-11-25,2016-17,2,TIT,WPR,powerplay,7,0,6
1003869,2016-11-25,2016-17,2,TIT,WPR,middle,0,0,0
1003869,2016-11-25,2016-17,2,TIT,WPR,death,0,0,0
1003871,2016-11-27,2016-17,1,TIT,KNG,powerplay,42,2,36
1003871,2016-11-27,2016-17,1,TIT,KNG,middle,77,1,54
1003871,2016-11-27,2016-17,1,TIT,KNG,death,49,2,30
1003871,2016-11-27,2016-17,2,KNG,TIT,powerplay,43,1,36
1003871,2016-11-27,2016-17,2,KNG,TIT,middle,84,2,54
1003871,2016-11-27,2016-17,2,KNG,TIT,death,31,3,30
1003873,2016-11-27,2016-17,1,LIONS,DOL,powerplay,53,1,36
1003873,2016-11-27,2016-17,1,LIONS,DOL,middle,84,2,54
1003873,2016-11-27,2016-17,1,LIONS,DOL,death,38,2,30
1003873,2016-11-27,2016-17,2,DOL,LIONS,powerplay,53,3,36
1003873,2016-11-27,2016-17,2,DOL,LIONS,middle,56,3,54
1003873,2016-11-27,2016-17,2,DOL,LIONS,death,60,3,30
1003875,2016-11-30,2016-17,1,KNG,WAR,powerplay,33,1,36
1003875,2016-11-30,2016-17,1,KNG,WAR,middle,38,6,54
1003875,2016-11-30,2016-17,1,KNG,WAR,death,22,3,28
1003875,2016-11-30,2016-17,2,WAR,KNG,powerplay,58,1,36
1003875,2016-11-30,2016-17,2,WAR,KNG,middle,36,1,32
1003875,2016-11-30,2016-17,2,WAR,KNG,death,0,0,0
1003877,2016-11-30,2016-17,1,TIT,DOL,powerplay,35,3,36
1003877,2016-11-30,2016-17,1,TIT,DOL,middle,76,1,54
1003877,2016-11-30,2016-17,1,TIT,DOL,death,59,0,30
1003877,2016-11-30,2016-17,2,DOL,TIT,powerplay,65,1,36
1003877,2016-11-30,2016-17,2,DOL,TIT,middle,75,2,54
1003877,2016-11-30,2016-17,2,DOL,TIT,death,31,1,26
1003879,2016-12-02,2016-17,1,LIONS,KNG,powerplay,63,0,36
1003879,2016-12-02,2016-17,1,LIONS,KNG,middle,73,2,54
1003879,2016-12-02,2016-17,1,LIONS,KNG,death,46,3,30
1003879,2016-12-02,2016-17,2,KNG,LIONS,powerplay,46,2,36
1003879,2016-12-02,2016-17,2,KNG,LIONS,middle,68,2,54
1003879,2016-12-02,2016-17,2,KNG,LIONS,death,48,2,30
1003881,2016-12-02,2016-17,1,TIT,WAR,powerplay,46,2,36
1003881,2016-12-02,2016-17,1,TIT,WAR,middle,65,3,54
1003881,2016-12-02,2016-17,1,TIT,WAR,death,36,5,26
1003881,2016-12-02,2016-17,2,WAR,TIT,powerplay,53,1,36
1003881,2016-12-02,2016-17,2,WAR,TIT,middle,60,1,54
1003881,2016-12-02,2016-17,2,WAR,TIT,death,35,2,23
1003883,2016-12-04,2016-17,1,LIONS,WAR,powerplay,62,0,36
1003883,2016-12-04,2016-17,1,LIONS,WAR,middle,57,5,54
1003883,2016-12-04,2016-17,1,LIONS,WAR,death,38,5,29
1003883,2016-12-04,2016-17,2,WAR,LIONS,powerplay,35,3,36
1003883,2016-12-04,2016-17,2,WAR,LIONS,middle,68,3,54
1003883,2016-12-04,2016-17,2,WAR,LIONS,death,49,4,30
1003885,2016-12-04,2016-17,1,DOL,WPR,powerplay,51,1,36
1003885,2016-12-04,2016-17,1,DOL,WPR,middle,69,2,54
1003885,2016-12-04,2016-17,1,DOL,WPR,death,58,2,30
1003885,2016-12-04,2016-17,2,WPR,DOL,powerplay,54,1,36
1003885,2016-12-04,2016-17,2,WPR,DOL,middle,91,2,54
1003885,2016-12-04,2016-17,2,WPR,DOL,death,36,0,22
1003887,2016-12-07,2016-17,1,KNG,WPR,powerplay,42,1,36
1003887,2016-12-07,2016-17,1,KNG,WPR,middle,71,3,54
1003887,2016-12-07,2016-17,1,KNG,WPR,death,33,4,30
1003887,2016-12-07,2016-17,2,WPR,KNG,powerplay,55,0,36
1003887,2016-12-07,2016-17,2,WPR,KNG,middle,97,2,52
1003887,2016-12-07,2016-17,2,WPR,KNG,death,0,0,0
1003889,2016-12-07,2016-17,1,DOL,WAR,powerplay,66,1,36
1003889,2016-12-07,2016-17,1,DOL,WAR,middle,86,0,54
1003889,2016-12-07,2016-17,1,DOL,WAR,death,64,4,30
1003889,2016-12-07,2016-17,2,WAR,DOL,powerplay,72,1,36
1003889,2016-12-07,2016-17,2,WAR,DOL,middle,96,2,54
1003889,2016-12-07,2016-17,2,WAR,DOL,death,49,0,24
1003891,2016-12-07,2016-17,1,TIT,LIONS,powerplay,56,0,36
1003891,2016-12-07,2016-17,1,TIT,LIONS,middle,100,3,54
1003891,2016-12-07,2016-17,1,TIT,LIONS,death,74,2,30
1003891,2016-12-07,2016-17,2,LIONS,TIT,powerplay,63,1,36
1003891,2016-12-07,2016-17,2,LIONS,TIT,middle,90,4,54
1003891,2016-12-07,2016-17,2,LIONS,TIT,death,31,2,30
1003895,2016-12-09,2016-17,1,LIONS,KNG,powerplay,33,3,36
1003895,2016-12-09,2016-17,1,LIONS,KNG,middle,54,2,54
1003895,2016-12-09,2016-17,1,LIONS,KNG,death,38,3,30
1003895,2016-12-09,2016-17,2,KNG,LIONS,powerplay,43,1,36
1003895,2016-12-09,2016-17,2,KNG,LIONS,middle,50,0,54
1003895,2016-12-09,2016-17,2,KNG,LIONS,death,19,1,18
1003899,2016-12-11,2016-17,1,TIT,WAR,powerplay,80,2,30
1003899,2016-12-11,2016-17,1,TIT,WAR,middle,0,0,0
1003899,2016-12-11,2016-17,1,TIT,WAR,death,0,0,0
1003899,2016-12-11,2016-17,2,WAR,TIT,powerplay,74,2,30
1003899,2016-12-11,2016-17,2,WAR,TIT,middle,0,0,0
1003899,2016-12-11,2016-17,2,WAR,TIT,death,0,0,0
1003901,2016-12-11,2016-17,1,DOL,KNG,powerplay,35,3,36
1003901,2016-12-11,2016-17,1,DOL,KNG,middle,24,2,12
1003901,2016-12-11,2016-17,1,DOL,KNG,death,0,0,0
1003901,2016-12-11,2016-17,2,KNG,DOL,powerplay,63,1,36
1003901,2016-12-11,2016-17,2,KNG,DOL,middle,5,0,0
1003901,2016-12-11,2016-17,2,KNG,DOL,death,0,0,0
1003903,2016-12-13,2016-17,1,LIONS,WAR,powerplay,52,1,36
1003903,2016-12-13,2016-17,1,LIONS,WAR,middle,56,2,54
1003903,2016-12-13,2016-17,1,LIONS,WAR,death,28,4,30
1003903,2016-12-13,2016-17,2,WAR,LIONS,powerplay,48,2,36
1003903,2016-12-13,2016-17,2,WAR,LIONS,middle,54,1,54
1003903,2016-12-13,2016-17,2,WAR,LIONS,death,36,0,20
1003905,2016-12-16,2016-17,1,TIT,WAR,powerplay,47,1,36
1003905,2016-12-16,2016-17,1,TIT,WAR,middle,62,3,54
1003905,2016-12-16,2016-17,1,TIT,WAR,death,46,2,30
1003905,2016-12-16,2016-17,2,WAR,TIT,powerplay,44,3,36
1003905,2016-12-16,2016-17,2,WAR,TIT,middle,72,1,54
1003905,2016-12-16,2016-17,2,WAR,TIT,death,33,2,30
1124658,2017-11-10,2017-18,1,WAR,KNG,powerplay,46,2,36
1124658,2017-11-10,2017-18,1,WAR,KNG,middle,59,3,54
1124658,2017-11-10,2017-18,1,WAR,KNG,death,48,4,30
1124658,2017-11-10,2017-18,2,KNG,WAR,powerplay,27,2,36
1124658,2017-11-10,2017-18,2,KNG,WAR,middle,82,0,54
1124658,2017-11-10,2017-18,2,KNG,WAR,death,48,0,18
1124659,2017-11-12,2017-18,1,DOL,WPR,powerplay,63,1,36
1124659,2017-11-12,2017-18,1,DOL,WPR,middle,100,1,54
1124659,2017-11-12,2017-18,1,DOL,WPR,death,68,0,30
1124659,2017-11-12,2017-18,2,WPR,DOL,powerplay,52,3,36
1124659,2017-11-12,2017-18,2,WPR,DOL,middle,56,0,24
1124659,2017-11-12,2017-18,2,WPR,DOL,death,0,0,0
1124661,2017-11-15,2017-18,1,TIT,KNG,powerplay,53,1,36
1124661,2017-11-15,2017-18,1,TIT,KNG,middle,72,1,54
1124661,2017-11-15,2017-18,1,TIT,KNG,death,74,2,30
1124661,2017-11-15,2017-18,2,KNG,TIT,powerplay,46,1,36
1124661,2017-11-15,2017-18,2,KNG,TIT,middle,61,4,54
1124661,2017-11-15,2017-18,2,KNG,TIT,death,54,2,30
1124662,2017-11-17,2017-18,1,TIT,WAR,powerplay,26,2,36
1124662,2017-11-17,2017-18,1,TIT,WAR,middle,85,2,54
1124662,2017-11-17,2017-18,1,TIT,WAR,death,61,0,30
1124662,2017-11-17,2017-18,2,WAR,TIT,powerplay,50,2,36
1124662,2017-11-17,2017-18,2,WAR,TIT,middle,61,8,50
1124662,2017-11-17,2017-18,2,WAR,TIT,death,0,0,0
1124664,2017-11-17,2017-18,1,WPR,LIONS,powerplay,47,1,36
1124664,2017-11-17,2017-18,1,WPR,LIONS,middle,88,2,54
1124664,2017-11-17,2017-18,1,WPR,LIONS,death,34,3,30
1124664,2017-11-17,2017-18,2,LIONS,WPR,powerplay,45,1,36
1124664,2017-11-17,2017-18,2,LIONS,WPR,middle,92,2,54
1124664,2017-11-17,2017-18,2,LIONS,WPR,death,38,0,23
1124665,2017-11-19,2017-18,1,DOL,LIONS,powerplay,47,2,36
1124665,2017-11-19,2017-18,1,DOL,LIONS,middle,57,3,54
1124665,2017-11-19,2017-18,1,DOL,LIONS,death,64,1,30
1124665,2017-11-19,2017-18,2,LIONS,DOL,powerplay,53,0,36
1124665,2017-11-19,2017-18,2,LIONS,DOL,middle,75,0,54
1124665,2017-11-19,2017-18,2,LIONS,DOL,death,42,4,30
1124666,2017-11-19,2017-18,1,WPR,TIT,powerplay,46,2,36
1124666,2017-11-19,2017-18,1,WPR,TIT,middle,42,3,54
1124666,2017-11-19,2017-18,1,WPR,TIT,death,31,4,30
1124666,2017-11-19,2017-18,2,TIT,WPR,powerplay,47,2,36
1124666,2017-11-19,2017-18,2,TIT,WPR,middle,73,1,45
1124666,2017-11-19,2017-18,2,TIT,WPR,death,0,0,0
1124668,2017-11-24,2017-18,1,WPR,LIONS,powerplay,33,2,36
1124668,2017-11-24,2017-18,1,WPR,LIONS,middle,65,0,54
1124668,2017-11-24,2017-18,1,WPR,LIONS,death,47,5,30
1124668,2017-11-24,2017-18,2,LIONS,WPR,powerplay,43,0,36
1124668,2017-11-24,2017-18,2,LIONS,WPR,middle,53,3,54
1124668,2017-11-24,2017-18,2,LIONS,WPR,death,43,3,30
1124669,2017-11-24,2017-18,1,WAR,KNG,powerplay,38,2,36
1124669,2017-11-24,2017-18,1,WAR,KNG,middle,56,2,54
1124669,2017-11-24,2017-18,1,WAR,KNG,death,61,2,30
1124669,2017-11-24,2017-18,2,KNG,WAR,powerplay,39,2,36
1124669,2017-11-24,2017-18,2,KNG,WAR,middle,73,2,54
1124669,2017-11-24,2017-18,2,KNG,WAR,death,44,2,28
1124671,2017-11-26,2017-18,1,LIONS,WAR,powerplay,54,0,36
1124671,2017-11-26,2017-18,1,LIONS,WAR,middle,65,1,54
1124671,2017-11-26,2017-18,1,LIONS,WAR,death,63,2,30
1124671,2017-11-26,2017-18,2,WAR,LIONS,powerplay,45,2,36
1124671,2017-11-26,2017-18,2,WAR,LIONS,middle,91,1,54
1124671,2017-11-26,2017-18,2,WAR,LIONS,death,47,3,24
1124672,2017-11-26,2017-18,1,KNG,WPR,powerplay,53,1,36
1124672,2017-11-26,2017-18,1,KNG,WPR,middle,58,3,54
1124672,2017-11-26,2017-18,1,KNG,WPR,death,48,1,30
1124672,2017-11-26,2017-18,2,WPR,KNG,powerplay,37,2,36
1124672,2017-11-26,2017-18,2,WPR,KNG,middle,67,3,54
1124672,2017-11-26,2017-18,2,WPR,KNG,death,59,2,24
1124673,2017-11-29,2017-18,1,WPR,WAR,powerplay,39,0,36
1124673,2017-11-29,2017-18,1,WPR,WAR,middle,75,2,54
1124673,2017-11-29,2017-18,1,WPR,WAR,death,45,2,30
1124673,2017-11-29,2017-18,2,WAR,WPR,powerplay,26,2,36
1124673,2017-11-29,2017-18,2,WAR,WPR,middle,86,1,54
1124673,2017-11-29,2017-18,2,WAR,WPR,death,37,5,30
1124675,2017-12-01,2017-18,1,WPR,DOL,powerplay,38,1,36
1124675,2017-12-01,2017-18,1,WPR,DOL,middle,63,2,54
1124675,2017-12-01,2017-18,1,WPR,DOL,death,71,1,30
1124675,2017-12-01,2017-18,2,DOL,WPR,powerplay,8,1,13
1124675,2017-12-01,2017-18,2,DOL,WPR,middle,0,0,0
1124675,2017-12-01,2017-18,2,DOL,WPR,death,0,0,0
1124676,2017-12-01,2017-18,1,KNG,LIONS,powerplay,40,1,36
1124676,2017-12-01,2017-18,1,KNG,LIONS,middle,46,1,42
1124676,2017-12-01,2017-18,1,KNG,LIONS,death,0,0,0
1124677,2017-12-01,2017-18,1,TIT,WAR,powerplay,67,1,36
1124677,2017-12-01,2017-18,1,TIT,WAR,middle,105,2,42
1124677,2017-12-01,2017-18,1,TIT,WAR,death,0,0,0
1124677,2017-12-01,2017-18,2,WAR,TIT,powerplay,54,1,36
1124677,2017-12-01,2017-18,2,WAR,TIT,middle,62,8,42
1124677,2017-12-01,2017-18,2,WAR,TIT,death,0,0,0
1124678,2017-12-03,2017-18,1,KNG,TIT,powerplay,33,2,36
1124678,2017-12-03,2017-18,1,KNG,TIT,middle,56,2,54
1124678,2017-12-03,2017-18,1,KNG,TIT,death,44,3,30
1124678,2017-12-03,2017-18,2,TIT,KNG,powerplay,26,3,36
1124678,2017-12-03,2017-18,2,TIT,KNG,middle,58,1,54
1124678,2017-12-03,2017-18,2,TIT,KNG,death,55,1,29
1124679,2017-12-03,2017-18,1,WAR,DOL,powerplay,29,3,36
1124679,2017-12-03,2017-18,1,WAR,DOL,middle,86,1,54
1124679,2017-12-03,2017-18,1,WAR,DOL,death,38,4,30
1124679,2017-12-03,2017-18,2,DOL,WAR,powerplay,35,3,36
1124679,2017-12-03,2017-18,2,DOL,WAR,middle,70,3,54
1124679,2017-12-03,2017-18,2,DOL,WAR,death,47,1,30
1124681,2017-12-06,2017-18,1,WPR,KNG,powerplay,51,2,36
1124681,2017-12-06,2017-18,1,WPR,KNG,middle,70,2,54
1124681,2017-12-06,2017-18,1,WPR,KNG,death,35,5,30
1124681,2017-12-06,2017-18,2,KNG,WPR,powerplay,47,2,36
1124681,2017-12-06,2017-18,2,KNG,WPR,middle,73,3,54
1124681,2017-12-06,2017-18,2,KNG,WPR,death,31,4,30
1124683,2017-12-08,2017-18,1,KNG,DOL,powerplay,45,2,36
1124683,2017-12-08,2017-18,1,KNG,DOL,middle,98,2,54
1124683,2017-12-08,2017-18,1,KNG,DOL,death,25,0,12
1124683,2017-12-08,2017-18,2,DOL,KNG,powerplay,42,2,36
1124683,2017-12-08,2017-18,2,DOL,KNG,middle,115,2,54
1124683,2017-12-08,2017-18,2,DOL,KNG,death,12,0,9
1124684,2017-12-08,2017-18,1,WAR,LIONS,powerplay,41,1,36
1124684,2017-12-08,2017-18,1,WAR,LIONS,middle,67,2,54
1124684,2017-12-08,2017-18,1,WAR,LIONS,death,25,1,13
1124684,2017-12-08,2017-18,2,LIONS,WAR,powerplay,58,3,36
1124684,2017-12-08,2017-18,2,LIONS,WAR,middle,34,4,24
1124684,2017-12-08,2017-18,2,LIONS,WAR,death,0,0,0
1124685,2017-12-10,2017-18,1,WAR,WPR,powerplay,55,1,36
1124685,2017-12-10,2017-18,1,WAR,WPR,middle,70,2,54
1124685,2017-12-10,2017-18,1,WAR,WPR,death,43,2,30
1124685,2017-12-10,2017-18,2,WPR,WAR,powerplay,55,1,36
1124685,2017-12-10,2017-18,2,WPR,WAR,middle,61,3,54
1124685,2017-12-10,2017-18,2,WPR,WAR,death,34,2,30
1124686,2017-12-10,2017-18,1,DOL,TIT,powerplay,50,0,36
1124686,2017-12-10,2017-18,1,DOL,TIT,middle,87,2,54
1124686,2017-12-10,2017-18,1,DOL,TIT,death,31,5,30
1124686,2017-12-10,2017-18,2,TIT,DOL,powerplay,18,3,36
1124686,2017-12-10,2017-18,2,TIT,DOL,middle,39,6,54
1124686,2017-12-10,2017-18,2,TIT,DOL,death,22,1,28
1124687,2017-12-10,2017-18,1,LIONS,KNG,powerplay,3,0,6
1124687,2017-12-10,2017-18,1,LIONS,KNG,middle,0,0,0
1124687,2017-12-10,2017-18,1,LIONS,KNG,death,0,0,0
1124688,2017-12-13,2017-18,1,WAR,TIT,powerplay,56,2,36
1124688,2017-12-13,2017-18,1,WAR,TIT,middle,71,3,54
1124688,2017-12-13,2017-18,1,WAR,TIT,death,16,5,19
1124688,2017-12-13,2017-18,2,TIT,WAR,powerplay,58,2,36
1124688,2017-12-13,2017-18,2,TIT,WAR,middle,82,0,54
1124688,2017-12-13,2017-18,2,TIT,WAR,death,5,0,2
1124690,2017-12-16,2017-18,1,DOL,TIT,powerplay,28,3,36
1124690,2017-12-16,2017-18,1,DOL,TIT,middle,48,4,54
1124690,2017-12-16,2017-18,1,DOL,TIT,death,24,3,21
1124690,2017-12-16,2017-18,2,TIT,DOL,powerplay,59,1,36
1124690,2017-12-16,2017-18,2,TIT,DOL,middle,42,2,31
1124690,2017-12-16,2017-18,2,TIT,DOL,death,0,0,0
1157224,2019-04-05,2018-19,1,TIT,WAR,powerplay,52,2,36
1157224,2019-04-05,2018-19,1,TIT,WAR,middle,104,1,54
1157224,2019-04-05,2018-19,1,TIT,WAR,death,60,2,30
1157224,2019-04-05,2018-19,2,WAR,TIT,powerplay,60,0,36
1157224,2019-04-05,2018-19,2,WAR,TIT,middle,0,0,0
1157224,2019-04-05,2018-19,2,WAR,TIT,death,0,0,0
1157225,2019-04-06,2018-19,1,KNG,DOL,powerplay,57,2,36
1157225,2019-04-06,2018-19,1,KNG,DOL,middle,41,4,54
1157225,2019-04-06,2018-19,1,KNG,DOL,death,35,2,30
1157225,2019-04-06,2018-19,2,DOL,KNG,powerplay,43,1,36
1157225,2019-04-06,2018-19,2,DOL,KNG,middle,60,3,54
1157225,2019-04-06,2018-19,2,DOL,KNG,death,31,2,21
1157226,2019-04-07,2018-19,1,WPR,LIONS,powerplay,52,2,36
1157226,2019-04-07,2018-19,1,WPR,LIONS,middle,55,4,54
1157226,2019-04-07,2018-19,1,WPR,LIONS,death,62,2,30
1157226,2019-04-07,2018-19,2,LIONS,WPR,powerplay,40,2,36
1157226,2019-04-07,2018-19,2,LIONS,WPR,middle,74,1,54
1157226,2019-04-07,2018-19,2,LIONS,WPR,death,50,5,30
1157227,2019-04-10,2018-19,1,LIONS,DOL,powerplay,46,2,36
1157227,2019-04-10,2018-19,1,LIONS,DOL,middle,52,3,54
1157227,2019-04-10,2018-19,1,LIONS,DOL,death,61,0,30
1157227,2019-04-10,2018-19,2,DOL,LIONS,powerplay,53,3,36
1157227,2019-04-10,2018-19,2,DOL,LIONS,middle,38,4,54
1157227,2019-04-10,2018-19,2,DOL,LIONS,death,50,2,30
1157229,2019-04-10,2018-19,1,WPR,TIT,powerplay,38,2,36
1157229,2019-04-10,2018-19,1,WPR,TIT,middle,51,3,54
1157229,2019-04-10,2018-19,1,WPR,TIT,death,61,0,30
1157229,2019-04-10,2018-19,2,TIT,WPR,powerplay,61,1,36
1157229,2019-04-10,2018-19,2,TIT,WPR,middle,82,2,54
1157229,2019-04-10,2018-19,2,TIT,WPR,death,8,0,4
1157230,2019-04-12,2018-19,1,WAR,WPR,powerplay,43,2,36
1157230,2019-04-12,2018-19,1,WAR,WPR,middle,67,5,54
1157230,2019-04-12,2018-19,1,WAR,WPR,death,41,1,30
1157230,2019-04-12,2018-19,2,WPR,WAR,powerplay,60,0,36
1157230,2019-04-12,2018-19,2,WPR,WAR,middle,84,3,54
1157230,2019-04-12,2018-19,2,WPR,WAR,death,8,0,5
1157231,2019-04-12,2018-19,1,LIONS,KNG,powerplay,39,2,36
1157231,2019-04-12,2018-19,1,LIONS,KNG,middle,65,3,54
1157231,2019-04-12,2018-19,1,LIONS,KNG,death,46,2,30
1157231,2019-04-12,2018-19,2,KNG,LIONS,powerplay,43,1,36
1157231,2019-04-12,2018-19,2,KNG,LIONS,middle,51,3,54
1157231,2019-04-12,2018-19,2,KNG,LIONS,death,16,5,30
1157233,2019-04-14,2018-19,1,WPR,DOL,powerplay,44,2,36
1157233,2019-04-14,2018-19,1,WPR,DOL,middle,61,2,54
1157233,2019-04-14,2018-19,1,WPR,DOL,death,47,2,30
1157233,2019-04-14,2018-19,2,DOL,WPR,powerplay,16,3,36
1157233,2019-04-14,2018-19,2,DOL,WPR,middle,66,2,54
1157233,2019-04-14,2018-19,2,DOL,WPR,death,62,0,30
1157234,2019-04-14,2018-19,1,WAR,LIONS,powerplay,35,2,36
1157234,2019-04-14,2018-19,1,WAR,LIONS,middle,74,2,54
1157234,2019-04-14,2018-19,1,WAR,LIONS,death,46,1,22
1157236,2019-04-16,2018-19,1,WPR,KNG,powerplay,32,1,36
1157236,2019-04-16,2018-19,1,WPR,KNG,middle,64,3,54
1157236,2019-04-16,2018-19,1,WPR,KNG,death,54,1,30
1157236,2019-04-16,2018-19,2,KNG,WPR,powerplay,30,1,36
1157236,2019-04-16,2018-19,2,KNG,WPR,middle,85,2,54
1157236,2019-04-16,2018-19,2,KNG,WPR,death,30,4,30
1157238,2019-04-18,2018-19,1,LIONS,TIT,powerplay,37,1,36
1157238,2019-04-18,2018-19,1,LIONS,TIT,middle,84,0,54
1157238,2019-04-18,2018-19,1,LIONS,TIT,death,60,3,30
1157238,2019-04-18,2018-19,2,TIT,LIONS,powerplay,47,2,36
1157238,2019-04-18,2018-19,2,TIT,LIONS,middle,75,4,54
1157238,2019-04-18,2018-19,2,TIT,LIONS,death,40,3,30
1157240,2019-04-20,2018-19,1,DOL,TIT,powerplay,54,1,36
1157240,2019-04-20,2018-19,1,DOL,TIT,middle,71,1,54
1157240,2019-04-20,2018-19,1,DOL,TIT,death,60,2,30
1157240,2019-04-20,2018-19,2,TIT,DOL,powerplay,40,0,36
1157240,2019-04-20,2018-19,2,TIT,DOL,middle,88,2,54
1157240,2019-04-20,2018-19,2,TIT,DOL,death,63,0,23
1157245,2019-04-24,2018-19,1,TIT,WPR,powerplay,42,1,36
1157245,2019-04-24,2018-19,1,TIT,WPR,middle,84,1,54
1157245,2019-04-24,2018-19,1,TIT,WPR,death,56,1,30
1157245,2019-04-24,2018-19,2,WPR,TIT,powerplay,66,1,36
1157245,2019-04-24,2018-19,2,WPR,TIT,middle,76,3,54
1157245,2019-04-24,2018-19,2,WPR,TIT,death,41,3,23
1157247,2019-04-24,2018-19,1,LIONS,WAR,powerplay,20,2,36
1157247,2019-04-24,2018-19,1,LIONS,WAR,middle,60,3,54
1157247,2019-04-24,2018-19,1,LIONS,WAR,death,64,1,30
1157247,2019-04-24,2018-19,2,WAR,LIONS,powerplay,51,0,36
1157247,2019-04-24,2018-19,2,WAR,LIONS,middle,94,1,51
1157247,2019-04-24,2018-19,2,WAR,LIONS,death,0,0,0
1157248,2019-04-26,2018-19,1,WPR,LIONS,powerplay,39,2,36
1157248,2019-04-26,2018-19,1,WPR,LIONS,middle,59,5,54
1157248,2019-04-26,2018-19,1,WPR,LIONS,death,35,0,30
1157248,2019-04-26,2018-19,2,LIONS,WPR,powerplay,43,2,36
1157248,2019-04-26,2018-19,2,LIONS,WPR,middle,81,1,54
1157248,2019-04-26,2018-19,2,LIONS,WPR,death,10,1,5
1157249,2019-04-26,2018-19,1,WAR,DOL,powerplay,38,3,36
1157249,2019-04-26,2018-19,1,WAR,DOL,middle,71,3,54
1157249,2019-04-26,2018-19,1,WAR,DOL,death,44,1,30
1157249,2019-04-26,2018-19,2,DOL,WAR,powerplay,58,1,36
1157249,2019-04-26,2018-19,2,DOL,WAR,middle,69,1,54
1157249,2019-04-26,2018-19,2,DOL,WAR,death,27,1,20
1157250,2019-04-26,2018-19,1,KNG,TIT,powerplay,40,2,36
1157250,2019-04-26,2018-19,1,KNG,TIT,middle,77,3,54
1157250,2019-04-26,2018-19,1,KNG,TIT,death,31,3,30
1157250,2019-04-26,2018-19,2,TIT,KNG,powerplay,25,3,36
1157250,2019-04-26,2018-19,2,TIT,KNG,middle,88,1,54
1157250,2019-04-26,2018-19,2,TIT,KNG,death,37,0,26
1157252,2019-04-28,2018-19,1,WPR,DOL,powerplay,37,3,36
1157252,2019-04-28,2018-19,1,WPR,DOL,middle,34,3,54
1157252,2019-04-28,2018-19,1,WPR,DOL,death,50,1,30
1157252,2019-04-28,2018-19,2,DOL,WPR,powerplay,54,0,35
1157252,2019-04-28,2018-19,2,DOL,WPR,middle,66,5,54
1157252,2019-04-28,2018-19,2,DOL,WPR,death,4,0,1
1157253,2019-04-28,2018-19,1,TIT,LIONS,powerplay,40,2,36
1157253,2019-04-28,2018-19,1,TIT,LIONS,middle,61,2,54
1157253,2019-04-28,2018-19,1,TIT,LIONS,death,47,3,30
1157253,2019-04-28,2018-19,2,LIONS,TIT,powerplay,52,1,36
1157253,2019-04-28,2018-19,2,LIONS,TIT,middle,65,3,54
1157253,2019-04-28,2018-19,2,LIONS,TIT,death,32,2,24
1157254,2019-05-01,2018-19,1,DOL,LIONS,powerplay,50,0,36
1157254,2019-05-01,2018-19,1,DOL,LIONS,middle,63,6,54
1157254,2019-05-01,2018-19,1,DOL,LIONS,death,50,2,30
1157254,2019-05-01,2018-19,2,LIONS,DOL,powerplay,60,2,36
1157254,2019-05-01,2018-19,2,LIONS,DOL,middle,67,0,54
1157254,2019-05-01,2018-19,2,LIONS,DOL,death,37,0,22
1157255,2019-05-01,2018-19,1,WAR,WPR,powerplay,48,1,36
1157255,2019-05-01,2018-19,1,WAR,WPR,middle,75,4,54
1157255,2019-05-01,2018-19,1,WAR,WPR,death,49,2,30
1157255,2019-05-01,2018-19,2,WPR,WAR,powerplay,50,2,36
1157255,2019-05-01,2018-19,2,WPR,WAR,middle,78,3,54
1157255,2019-05-01,2018-19,2,WPR,WAR,death,29,3,30
1157256,2019-05-05,2018-19,1,LIONS,WAR,powerplay,47,2,36
1157256,2019-05-05,2018-19,1,LIONS,WAR,middle,84,0,54
1157256,2019-05-05,2018-19,1,LIONS,WAR,death,72,2,30
1157256,2019-05-05,2018-19,2,WAR,LIONS,powerplay,60,5,36
1157256,2019-05-05,2018-19,2,WAR,LIONS,middle,83,2,54
1157256,2019-05-05,2018-19,2,WAR,LIONS,death,49,3,26
1235373,2021-02-24,2020-21,1,WAR,TIT,powerplay,33,3,36
1235373,2021-02-24,2020-21,1,WAR,TIT,middle,71,2,54
1235373,2021-02-24,2020-21,1,WAR,TIT,death,53,4,30
1235373,2021-02-24,2020-21,2,TIT,WAR,powerplay,36,1,36
1235373,2021-02-24,2020-21,2,TIT,WAR,middle,49,4,54
1235373,2021-02-24,2020-21,2,TIT,WAR,death,29,4,30
1235374,2021-02-22,2020-21,1,WPR,KNG,powerplay,39,0,36
1235374,2021-02-22,2020-21,1,WPR,KNG,middle,77,2,54
1235374,2021-02-22,2020-21,1,WPR,KNG,death,51,3,30
1235374,2021-02-22,2020-21,2,KNG,WPR,powerplay,55,1,36
1235374,2021-02-22,2020-21,2,KNG,WPR,middle,68,2,54
1235374,2021-02-22,2020-21,2,KNG,WPR,death,46,4,30
1235375,2021-02-24,2020-21,1,DOL,LIONS,powerplay,32,1,36
1235375,2021-02-24,2020-21,1,DOL,LIONS,middle,59,3,54
1235375,2021-02-24,2020-21,1,DOL,LIONS,death,60,0,30
1235375,2021-02-24,2020-21,2,LIONS,DOL,powerplay,31,2,36
1235375,2021-02-24,2020-21,2,LIONS,DOL,middle,41,5,54
1235375,2021-02-24,2020-21,2,LIONS,DOL,death,38,3,27
1235376,2021-02-23,2020-21,1,WPR,WAR,powerplay,51,1,36
1235376,2021-02-23,2020-21,1,WPR,WAR,middle,72,2,54
1235376,2021-02-23,2020-21,1,WPR,WAR,death,58,2,30
1235376,2021-02-23,2020-21,2,WAR,WPR,powerplay,55,3,36
1235376,2021-02-23,2020-21,2,WAR,WPR,middle,61,4,54
1235376,2021-02-23,2020-21,2,WAR,WPR,death,41,3,26
1235377,2021-02-26,2020-21,1,DOL,TIT,powerplay,53,1,36
1235377,2021-02-26,2020-21,1,DOL,TIT,middle,54,3,54
1235377,2021-02-26,2020-21,1,DOL,TIT,death,44,2,30
1235377,2021-02-26,2020-21,2,TIT,DOL,powerplay,26,1,36
1235377,2021-02-26,2020-21,2,TIT,DOL,middle,68,2,54
1235377,2021-02-26,2020-21,2,TIT,DOL,death,50,3,30
1235378,2021-02-23,2020-21,1,KNG,LIONS,powerplay,17,3,36
1235378,2021-02-23,2020-21,1,KNG,LIONS,middle,45,2,54
1235378,2021-02-23,2020-21,1,KNG,LIONS,death,44,5,30
1235378,2021-02-23,2020-21,2,LIONS,KNG,powerplay,24,2,36
1235378,2021-02-23,2020-21,2,LIONS,KNG,middle,49,0,54
1235378,2021-02-23,2020-21,2,LIONS,KNG,death,37,1,19
1235379,2021-02-19,2020-21,1,DOL,WPR,powerplay,35,2,36
1235379,2021-02-19,2020-21,1,DOL,WPR,middle,71,3,54
1235379,2021-02-19,2020-21,1,DOL,WPR,death,49,3,30
1235379,2021-02-19,2020-21,2,WPR,DOL,powerplay,38,1,36
1235379,2021-02-19,2020-21,2,WPR,DOL,middle,48,5,54
1235379,2021-02-19,2020-21,2,WPR,DOL,death,55,1,30
1235380,2021-02-21,2020-21,1,TIT,WPR,powerplay,43,1,36
1235380,2021-02-21,2020-21,1,TIT,WPR,middle,55,3,54
1235380,2021-02-21,2020-21,1,TIT,WPR,death,50,2,30
1235380,2021-02-21,2020-21,2,WPR,TIT,powerplay,24,2,36
1235380,2021-02-21,2020-21,2,WPR,TIT,middle,59,2,54
1235380,2021-02-21,2020-21,2,WPR,TIT,death,49,6,30
1235381,2021-02-20,2020-21,1,KNG,DOL,powerplay,17,3,36
1235381,2021-02-20,2020-21,1,KNG,DOL,middle,59,2,54
1235381,2021-02-20,2020-21,1,KNG,DOL,death,68,0,30
1235381,2021-02-20,2020-21,2,DOL,KNG,powerplay,43,1,36
1235381,2021-02-20,2020-21,2,DOL,KNG,middle,66,4,54
1235381,2021-02-20,2020-21,2,DOL,KNG,death,36,1,19
1235383,2021-02-25,2020-21,1,WAR,KNG,powerplay,53,0,36
1235383,2021-02-25,2020-21,1,WAR,KNG,middle,47,5,54
1235383,2021-02-25,2020-21,1,WAR,KNG,death,57,3,30
1235383,2021-02-25,2020-21,2,KNG,WAR,powerplay,49,1,36
1235383,2021-02-25,2020-21,2,KNG,WAR,middle,63,6,54
1235383,2021-02-25,2020-21,2,KNG,WAR,death,31,3,30
1235384,2021-02-22,2020-21,1,LIONS,TIT,powerplay,32,1,36
1235384,2021-02-22,2020-21,1,LIONS,TIT,middle,71,3,54
1235384,2021-02-22,2020-21,1,LIONS,TIT,death,21,0,8
1235384,2021-02-22,2020-21,2,TIT,LIONS,powerplay,41,3,36
1235384,2021-02-22,2020-21,2,TIT,LIONS,middle,71,5,54
1235384,2021-02-22,2020-21,2,TIT,LIONS,death,0,0,0
1235385,2021-02-21,2020-21,1,WAR,DOL,powerplay,36,1,36
1235385,2021-02-21,2020-21,1,WAR,DOL,middle,59,2,54
1235385,2021-02-21,2020-21,1,WAR,DOL,death,48,2,30
1235385,2021-02-21,2020-21,2,DOL,WAR,powerplay,37,0,36
1235385,2021-02-21,2020-21,2,DOL,WAR,middle,74,2,54
1235385,2021-02-21,2020-21,2,DOL,WAR,death,17,0,18
1235386,2021-02-26,2020-21,1,WPR,LIONS,powerplay,34,3,36
1235386,2021-02-26,2020-21,1,WPR,LIONS,middle,59,1,54
1235386,2021-02-26,2020-21,1,WPR,LIONS,death,51,2,30
1235386,2021-02-26,2020-21,2,LIONS,WPR,powerplay,39,1,36
1235386,2021-02-26,2020-21,2,LIONS,WPR,middle,69,1,54
1235386,2021-02-26,2020-21,2,LIONS,WPR,death,39,1,27
1235387,2021-02-19,2020-21,1,KNG,TIT,powerplay,59,2,36
1235387,2021-02-19,2020-21,1,KNG,TIT,middle,50,6,54
1235387,2021-02-19,2020-21,1,KNG,TIT,death,7,2,8
1235387,2021-02-19,2020-21,2,TIT,KNG,powerplay,21,3,36
1235387,2021-02-19,2020-21,2,TIT,KNG,middle,63,1,54
1235387,2021-02-19,2020-21,2,TIT,KNG,death,36,0,13
1250546,2021-02-27,2020-21,1,WAR,LIONS,powerplay,50,0,36
1250546,2021-02-27,2020-21,1,WAR,LIONS,middle,45,3,54
1250546,2021-02-27,2020-21,1,WAR,LIONS,death,46,3,30
1250546,2021-02-27,2020-21,2,LIONS,WAR,powerplay,45,0,36
1250546,2021-02-27,2020-21,2,LIONS,WAR,middle,59,2,54
1250546,2021-02-27,2020-21,2,LIONS,WAR,death,38,1,25
1250547,2021-02-28,2020-21,1,DOL,LIONS,powerplay,20,3,36
1250547,2021-02-28,2020-21,1,DOL,LIONS,middle,54,2,54
1250547,2021-02-28,2020-21,1,DOL,LIONS,death,33,2,30
1250547,2021-02-28,2020-21,2,LIONS,DOL,powerplay,41,1,36
1250547,2021-02-28,2020-21,2,LIONS,DOL,middle,39,3,54
1250547,2021-02-28,2020-21,2,LIONS,DOL,death,28,2,24
1299602,2022-02-07,2021-22,1,BOL,WPR,powerplay,44,3,36
1299602,2022-02-07,2021-22,1,BOL,WPR,middle,56,1,54
1299602,2022-02-07,2021-22,1,BOL,WPR,death,42,2,30
1299602,2022-02-07,2021-22,2,WPR,BOL,powerplay,51,2,36
1299602,2022-02-07,2021-22,2,WPR,BOL,middle,70,2,54
1299602,2022-02-07,2021-22,2,WPR,BOL,death,22,0,12
1299603,2022-02-07,2021-22,1,WAR,TIT,powerplay,64,0,36
1299603,2022-02-07,2021-22,1,WAR,TIT,middle,48,3,54
1299603,2022-02-07,2021-22,1,WAR,TIT,death,51,5,30
1299603,2022-02-07,2021-22,2,TIT,WAR,powerplay,58,2,36
1299603,2022-02-07,2021-22,2,TIT,WAR,middle,57,3,54
1299603,2022-02-07,2021-22,2,TIT,WAR,death,40,3,30
1299604,2022-02-08,2021-22,1,NWEST,LIONS,powerplay,34,3,36
1299604,2022-02-08,2021-22,1,NWEST,LIONS,middle,51,3,54
1299604,2022-02-08,2021-22,1,NWEST,LIONS,death,51,0,30
1299604,2022-02-08,2021-22,2,LIONS,NWEST,powerplay,32,2,36
1299604,2022-02-08,2021-22,2,LIONS,NWEST,middle,60,1,54
1299604,2022-02-08,2021-22,2,LIONS,NWEST,death,33,2,30
1299605,2022-02-08,2021-22,1,KNG,DOL,powerplay,43,1,36
1299605,2022-02-08,2021-22,1,KNG,DOL,middle,43,2,54
1299605,2022-02-08,2021-22,1,KNG,DOL,death,42,2,30
1299605,2022-02-08,2021-22,2,DOL,KNG,powerplay,36,0,36
1299605,2022-02-08,2021-22,2,DOL,KNG,middle,67,2,54
1299605,2022-02-08,2021-22,2,DOL,KNG,death,27,0,18
1299606,2022-02-09,2021-22,1,TIT,BOL,powerplay,46,0,36
1299606,2022-02-09,2021-22,1,TIT,BOL,middle,69,1,54
1299606,2022-02-09,2021-22,1,TIT,BOL,death,43,1,30
1299606,2022-02-09,2021-22,2,BOL,TIT,powerplay,55,0,36
1299606,2022-02-09,2021-22,2,BOL,TIT,middle,54,4,54
1299606,2022-02-09,2021-22,2,BOL,TIT,death,46,4,30
1299607,2022-02-09,2021-22,1,WAR,WPR,powerplay,37,2,36
1299607,2022-02-09,2021-22,1,WAR,WPR,middle,82,2,54
1299607,2022-02-09,2021-22,1,WAR,WPR,death,44,1,30
1299607,2022-02-09,2021-22,2,WPR,WAR,powerplay,69,1,36
1299607,2022-02-09,2021-22,2,WPR,WAR,middle,75,2,54
1299607,2022-02-09,2021-22,2,WPR,WAR,death,20,0,13
1299608,2022-02-10,2021-22,1,KNG,NWEST,powerplay,30,3,36
1299608,2022-02-10,2021-22,1,KNG,NWEST,middle,28,3,54
1299608,2022-02-10,2021-22,1,KNG,NWEST,death,36,3,30
1299608,2022-02-10,2021-22,2,NWEST,KNG,powerplay,66,0,36
1299608,2022-02-10,2021-22,2,NWEST,KNG,middle,29,2,25
1299608,2022-02-10,2021-22,2,NWEST,KNG,death,0,0,0
1299609,2022-02-10,2021-22,1,LIONS,DOL,powerplay,47,3,36
1299609,2022-02-10,2021-22,1,LIONS,DOL,middle,70,3,54
1299609,2022-02-10,2021-22,1,LIONS,DOL,death,39,2,30
1299609,2022-02-10,2021-22,2,DOL,LIONS,powerplay,31,3,36
1299609,2022-02-10,2021-22,2,DOL,LIONS,middle,69,1,54
1299609,2022-02-10,2021-22,2,DOL,LIONS,death,48,4,30
1299610,2022-02-12,2021-22,1,DOL,WAR,powerplay,57,0,36
1299610,2022-02-12,2021-22,1,DOL,WAR,middle,80,4,54
1299610,2022-02-12,2021-22,1,DOL,WAR,death,74,1,30
1299610,2022-02-12,2021-22,2,WAR,DOL,powerplay,38,3,36
1299610,2022-02-12,2021-22,2,WAR,DOL,middle,89,2,54
1299610,2022-02-12,2021-22,2,WAR,DOL,death,64,1,30
1299611,2022-02-12,2021-22,1,TIT,KNG,powerplay,40,2,36
1299611,2022-02-12,2021-22,1,TIT,KNG,middle,62,4,54
1299611,2022-02-12,2021-22,1,TIT,KNG,death,49,0,30
1299611,2022-02-12,2021-22,2,KNG,TIT,powerplay,30,3,36
1299611,2022-02-12,2021-22,2,KNG,TIT,middle,73,2,54
1299611,2022-02-12,2021-22,2,KNG,TIT,death,21,5,24
1299612,2022-02-13,2021-22,1,LIONS,WPR,powerplay,41,2,36
1299612,2022-02-13,2021-22,1,LIONS,WPR,middle,60,3,54
1299612,2022-02-13,2021-22,1,LIONS,WPR,death,39,0,30
1299612,2022-02-13,2021-22,2,WPR,LIONS,powerplay,29,1,36
1299612,2022-02-13,2021-22,2,WPR,LIONS,middle,81,2,54
1299612,2022-02-13,2021-22,2,WPR,LIONS,death,31,2,25
1299613,2022-02-13,2021-22,1,BOL,NWEST,powerplay,52,1,36
1299613,2022-02-13,2021-22,1,BOL,NWEST,middle,70,3,54
1299613,2022-02-13,2021-22,1,BOL,NWEST,death,60,2,30
1299613,2022-02-13,2021-22,2,NWEST,BOL,powerplay,58,2,36
1299613,2022-02-13,2021-22,2,NWEST,BOL,middle,78,1,54
1299613,2022-02-13,2021-22,2,NWEST,BOL,death,46,0,30
1299614,2022-02-14,2021-22,1,DOL,TIT,powerplay,30,3,36
1299614,2022-02-14,2021-22,1,DOL,TIT,middle,62,0,54
1299614,2022-02-14,2021-22,1,DOL,TIT,death,42,1,24
1299614,2022-02-14,2021-22,2,TIT,DOL,powerplay,49,0,36
1299614,2022-02-14,2021-22,2,TIT,DOL,middle,68,3,54
1299614,2022-02-14,2021-22,2,TIT,DOL,death,20,0,9
1299615,2022-02-14,2021-22,1,WAR,KNG,powerplay,42,1,36
1299615,2022-02-14,2021-22,1,WAR,KNG,middle,69,3,54
1299615,2022-02-14,2021-22,1,WAR,KNG,death,59,1,30
1299615,2022-02-14,2021-22,2,KNG,WAR,powerplay,60,0,36
1299615,2022-02-14,2021-22,2,KNG,WAR,middle,83,0,54
1299615,2022-02-14,2021-22,2,KNG,WAR,death,30,1,22
1299616,2022-02-15,2021-22,1,BOL,LIONS,powerplay,43,1,36
1299616,2022-02-15,2021-22,1,BOL,LIONS,middle,70,2,54
1299616,2022-02-15,2021-22,1,BOL,LIONS,death,47,1,30
1299616,2022-02-15,2021-22,2,LIONS,BOL,powerplay,46,1,36
1299616,2022-02-15,2021-22,2,LIONS,BOL,middle,49,5,54
1299616,2022-02-15,2021-22,2,LIONS,BOL,death,21,4,14
1299617,2022-02-15,2021-22,1,WPR,NWEST,powerplay,42,1,36
1299617,2022-02-15,2021-22,1,WPR,NWEST,middle,79,3,54
1299617,2022-02-15,2021-22,1,WPR,NWEST,death,43,4,30
1299617,2022-02-15,2021-22,2,NWEST,WPR,powerplay,26,5,36
1299617,2022-02-15,2021-22,2,NWEST,WPR,middle,38,4,54
1299617,2022-02-15,2021-22,2,NWEST,WPR,death,16,1,16
1299618,2022-02-17,2021-22,1,LIONS,TIT,powerplay,43,0,36
1299618,2022-02-17,2021-22,1,LIONS,TIT,middle,58,5,54
1299618,2022-02-17,2021-22,1,LIONS,TIT,death,47,1,30
1299618,2022-02-17,2021-22,2,TIT,LIONS,powerplay,36,2,36
1299618,2022-02-17,2021-22,2,TIT,LIONS,middle,81,0,54
1299618,2022-02-17,2021-22,2,TIT,LIONS,death,35,1,19
1299619,2022-02-17,2021-22,1,WAR,BOL,powerplay,42,1,36
1299619,2022-02-17,2021-22,1,WAR,BOL,middle,56,3,54
1299619,2022-02-17,2021-22,1,WAR,BOL,death,58,2,30
1299619,2022-02-17,2021-22,2,BOL,WAR,powerplay,55,2,36
1299619,2022-02-17,2021-22,2,BOL,WAR,middle,54,2,54
1299619,2022-02-17,2021-22,2,BOL,WAR,death,51,3,28
1299620,2022-02-18,2021-22,1,KNG,WPR,powerplay,21,2,36
1299620,2022-02-18,2021-22,1,KNG,WPR,middle,72,2,54
1299620,2022-02-18,2021-22,1,KNG,WPR,death,33,4,30
1299620,2022-02-18,2021-22,2,WPR,KNG,powerplay,51,1,36
1299620,2022-02-18,2021-22,2,WPR,KNG,middle,70,3,54
1299620,2022-02-18,2021-22,2,WPR,KNG,death,9,0,5
1299621,2022-02-18,2021-22,1,NWEST,DOL,powerplay,27,2,36
1299621,2022-02-18,2021-22,1,NWEST,DOL,middle,72,0,54
1299621,2022-02-18,2021-22,1,NWEST,DOL,death,36,6,30
1299621,2022-02-18,2021-22,2,DOL,NWEST,powerplay,38,0,36
1299621,2022-02-18,2021-22,2,DOL,NWEST,middle,59,3,54
1299621,2022-02-18,2021-22,2,DOL,NWEST,death,39,0,22
1299622,2022-02-19,2021-22,1,WPR,TIT,powerplay,24,2,36
1299622,2022-02-19,2021-22,1,WPR,TIT,middle,80,1,54
1299622,2022-02-19,2021-22,1,WPR,TIT,death,36,2,30
1299622,2022-02-19,2021-22,2,TIT,WPR,powerplay,50,0,36
1299622,2022-02-19,2021-22,2,TIT,WPR,middle,66,2,54
1299622,2022-02-19,2021-22,2,TIT,WPR,death,28,1,27
1299623,2022-02-19,2021-22,1,LIONS,WAR,powerplay,39,1,36
1299623,2022-02-19,2021-22,1,LIONS,WAR,middle,56,3,54
1299623,2022-02-19,2021-22,1,LIONS,WAR,death,47,2,30
1299623,2022-02-19,2021-22,2,WAR,LIONS,powerplay,57,2,36
1299623,2022-02-19,2021-22,2,WAR,LIONS,middle,72,3,54
1299623,2022-02-19,2021-22,2,WAR,LIONS,death,15,0,5
1299624,2022-02-20,2021-22,1,BOL,DOL,powerplay,33,1,36
1299624,2022-02-20,2021-22,1,BOL,DOL,middle,51,3,54
1299624,2022-02-20,2021-22,1,BOL,DOL,death,35,5,30
1299624,2022-02-20,2021-22,2,DOL,BOL,powerplay,32,2,36
1299624,2022-02-20,2021-22,2,DOL,BOL,middle,48,4,54
1299624,2022-02-20,2021-22,2,DOL,BOL,death,31,3,30
1299625,2022-02-20,2021-22,1,KNG,LIONS,powerplay,50,1,36
1299625,2022-02-20,2021-22,1,KNG,LIONS,middle,47,5,54
1299625,2022-02-20,2021-22,1,KNG,LIONS,death,30,2,30
1299625,2022-02-20,2021-22,2,LIONS,KNG,powerplay,41,2,36
1299625,2022-02-20,2021-22,2,LIONS,KNG,middle,51,2,54
1299625,2022-02-20,2021-22,2,LIONS,KNG,death,38,1,25
1299626,2022-02-22,2021-22,1,TIT,NWEST,powerplay,62,2,36
1299626,2022-02-22,2021-22,1,TIT,NWEST,middle,47,2,54
1299626,2022-02-22,2021-22,1,TIT,NWEST,death,58,0,30
1299626,2022-02-22,2021-22,2,NWEST,TIT,powerplay,42,2,36
1299626,2022-02-22,2021-22,2,NWEST,TIT,middle,54,3,54
1299626,2022-02-22,2021-22,2,NWEST,TIT,death,38,2,30
1299627,2022-02-22,2021-22,1,KNG,BOL,powerplay,55,1,36
1299627,2022-02-22,2021-22,1,KNG,BOL,middle,66,1,54
1299627,2022-02-22,2021-22,1,KNG,BOL,death,43,4,30
1299627,2022-02-22,2021-22,2,BOL,KNG,powerplay,44,0,36
1299627,2022-02-22,2021-22,2,BOL,KNG,middle,74,1,54
1299627,2022-02-22,2021-22,2,BOL,KNG,death,43,1,30
1299628,2022-02-23,2021-22,1,DOL,WPR,powerplay,36,3,36
1299628,2022-02-23,2021-22,1,DOL,WPR,middle,56,1,54
1299628,2022-02-23,2021-22,1,DOL,WPR,death,56,1,30
1299628,2022-02-23,2021-22,2,WPR,DOL,powerplay,27,2,36
1299628,2022-02-23,2021-22,2,WPR,DOL,middle,54,7,54
1299628,2022-02-23,2021-22,2,WPR,DOL,death,2,1,4
1299629,2022-02-23,2021-22,1,NWEST,WAR,powerplay,40,0,36
1299629,2022-02-23,2021-22,1,NWEST,WAR,middle,76,2,54
1299629,2022-02-23,2021-22,1,NWEST,WAR,death,53,3,30
1299629,2022-02-23,2021-22,2,WAR,NWEST,powerplay,43,2,36
1299629,2022-02-23,2021-22,2,WAR,NWEST,middle,63,4,54
1299629,2022-02-23,2021-22,2,WAR,NWEST,death,53,3,30
1299630,2022-02-25,2021-22,1,DOL,TIT,powerplay,17,3,36
1299630,2022-02-25,2021-22,1,DOL,TIT,middle,43,3,54
1299630,2022-02-25,2021-22,1,DOL,TIT,death,33,2,30
1299630,2022-02-25,2021-22,2,TIT,DOL,powerplay,45,2,36
1299630,2022-02-25,2021-22,2,TIT,DOL,middle,49,2,49
1299630,2022-02-25,2021-22,2,TIT,DOL,death,0,0,0
1299631,2022-02-25,2021-22,1,WPR,BOL,powerplay,37,3,36
1299631,2022-02-25,2021-22,1,WPR,BOL,middle,54,2,54
1299631,2022-02-25,2021-22,1,WPR,BOL,death,27,5,29
1299631,2022-02-25,2021-22,2,BOL,WPR,powerplay,43,0,36
1299631,2022-02-25,2021-22,2,BOL,WPR,middle,57,1,54
1299631,2022-02-25,2021-22,2,BOL,WPR,death,21,2,19
1299632,2022-02-27,2021-22,1,BOL,TIT,powerplay,34,2,36
1299632,2022-02-27,2021-22,1,BOL,TIT,middle,52,2,54
1299632,2022-02-27,2021-22,1,BOL,TIT,death,52,2,30
1299632,2022-02-27,2021-22,2,TIT,BOL,powerplay,34,3,36
1299632,2022-02-27,2021-22,2,TIT,BOL,middle,65,3,54
1299632,2022-02-27,2021-22,2,TIT,BOL,death,24,3,30
1334891,2022-10-17,2022-23,1,TIT,DOL,powerplay,22,2,36
1334891,2022-10-17,2022-23,1,TIT,DOL,middle,91,2,54
1334891,2022-10-17,2022-23,1,TIT,DOL,death,55,2,30
1334891,2022-10-17,2022-23,2,DOL,TIT,powerplay,51,1,36
1334891,2022-10-17,2022-23,2,DOL,TIT,middle,66,5,54
1334891,2022-10-17,2022-23,2,DOL,TIT,death,17,4,22
1334892,2022-10-17,2022-23,1,LIONS,NWEST,powerplay,50,2,36
1334892,2022-10-17,2022-23,1,LIONS,NWEST,middle,67,2,54
1334892,2022-10-17,2022-23,1,LIONS,NWEST,death,57,2,30
1334892,2022-10-17,2022-23,2,NWEST,LIONS,powerplay,38,2,36
1334892,2022-10-17,2022-23,2,NWEST,LIONS,middle,79,3,54
1334892,2022-10-17,2022-23,2,NWEST,LIONS,death,58,1,25
1334893,2022-10-18,2022-23,1,WAR,KNG,powerplay,39,2,36
1334893,2022-10-18,2022-23,1,WAR,KNG,middle,60,4,54
1334893,2022-10-18,2022-23,1,WAR,KNG,death,35,3,30
1334893,2022-10-18,2022-23,2,KNG,WAR,powerplay,21,3,17
1334893,2022-10-18,2022-23,2,KNG,WAR,middle,0,0,0
1334893,2022-10-18,2022-23,2,KNG,WAR,death,0,0,0
1334894,2022-10-18,2022-23,1,WPR,BOL,powerplay,49,4,36
1334894,2022-10-18,2022-23,1,WPR,BOL,middle,61,2,54
1334894,2022-10-18,2022-23,1,WPR,BOL,death,45,1,30
1334894,2022-10-18,2022-23,2,BOL,WPR,powerplay,53,2,36
1334894,2022-10-18,2022-23,2,BOL,WPR,middle,91,1,54
1334894,2022-10-18,2022-23,2,BOL,WPR,death,15,2,7
1334895,2022-10-19,2022-23,1,TIT,LIONS,powerplay,56,0,36
1334895,2022-10-19,2022-23,1,TIT,LIONS,middle,79,4,54
1334895,2022-10-19,2022-23,1,TIT,LIONS,death,55,2,30
1334895,2022-10-19,2022-23,2,LIONS,TIT,powerplay,44,3,36
1334895,2022-10-19,2022-23,2,LIONS,TIT,middle,49,3,54
1334895,2022-10-19,2022-23,2,LIONS,TIT,death,26,4,30
1334896,2022-10-19,2022-23,1,DOL,NWEST,powerplay,53,1,36
1334896,2022-10-19,2022-23,1,DOL,NWEST,middle,51,3,54
1334896,2022-10-19,2022-23,1,DOL,NWEST,death,59,1,30
1334896,2022-10-19,2022-23,2,NWEST,DOL,powerplay,41,2,36
1334896,2022-10-19,2022-23,2,NWEST,DOL,middle,52,4,54
1334896,2022-10-19,2022-23,2,NWEST,DOL,death,40,3,30
1334897,2022-10-20,2022-23,1,WPR,KNG,powerplay,44,2,36
1334897,2022-10-20,2022-23,1,WPR,KNG,middle,53,4,54
1334897,2022-10-20,2022-23,1,WPR,KNG,death,19,4,23
1334897,2022-10-20,2022-23,2,KNG,WPR,powerplay,41,1,36
1334897,2022-10-20,2022-23,2,KNG,WPR,middle,78,0,47
1334897,2022-10-20,2022-23,2,KNG,WPR,death,0,0,0
1334898,2022-10-20,2022-23,1,WAR,BOL,powerplay,32,2,36
1334898,2022-10-20,2022-23,1,WAR,BOL,middle,69,1,54
1334898,2022-10-20,2022-23,1,WAR,BOL,death,64,1,30
1334898,2022-10-20,2022-23,2,BOL,WAR,powerplay,52,1,36
1334898,2022-10-20,2022-23,2,BOL,WAR,middle,63,4,54
1334898,2022-10-20,2022-23,2,BOL,WAR,death,47,1,30
1334899,2022-10-21,2022-23,1,TIT,WPR,powerplay,45,2,36
1334899,2022-10-21,2022-23,1,TIT,WPR,middle,63,5,42
1334899,2022-10-21,2022-23,1,TIT,WPR,death,0,0,0
1334899,2022-10-21,2022-23,2,WPR,TIT,powerplay,46,4,36
1334899,2022-10-21,2022-23,2,WPR,TIT,middle,49,4,42
1334899,2022-10-21,2022-23,2,WPR,TIT,death,0,0,0
1334900,2022-10-21,2022-23,1,WAR,LIONS,powerplay,40,0,36
1334900,2022-10-21,2022-23,1,WAR,LIONS,middle,57,3,54
1334900,2022-10-21,2022-23,1,WAR,LIONS,death,9,1,12
1334900,2022-10-21,2022-23,2,LIONS,WAR,powerplay,67,3,36
1334900,2022-10-21,2022-23,2,LIONS,WAR,middle,33,0,27
1334900,2022-10-21,2022-23,2,LIONS,WAR,death,0,0,0
1334901,2022-10-22,2022-23,1,DOL,BOL,powerplay,30,2,36
1334901,2022-10-22,2022-23,1,DOL,BOL,middle,73,1,54
1334901,2022-10-22,2022-23,1,DOL,BOL,death,33,4,30
1334901,2022-10-22,2022-23,2,BOL,DOL,powerplay,43,2,36
1334901,2022-10-22,2022-23,2,BOL,DOL,middle,44,1,32
1334901,2022-10-22,2022-23,2,BOL,DOL,death,0,0,0
1334902,2022-10-22,2022-23,1,NWEST,TIT,powerplay,41,1,36
1334902,2022-10-22,2022-23,1,NWEST,TIT,middle,51,4,54
1334902,2022-10-22,2022-23,1,NWEST,TIT,death,42,3,30
1334902,2022-10-22,2022-23,2,TIT,NWEST,powerplay,45,1,36
1334902,2022-10-22,2022-23,2,TIT,NWEST,middle,71,3,54
1334902,2022-10-22,2022-23,2,TIT,NWEST,death,19,1,15
1334903,2022-10-23,2022-23,1,KNG,LIONS,powerplay,36,2,36
1334903,2022-10-23,2022-23,1,KNG,LIONS,middle,68,3,54
1334903,2022-10-23,2022-23,1,KNG,LIONS,death,54,4,30
1334906,2022-10-25,2022-23,1,BOL,TIT,powerplay,29,3,36
1334906,2022-10-25,2022-23,1,BOL,TIT,middle,58,2,54
1334906,2022-10-25,2022-23,1,BOL,TIT,death,34,3,30
1334906,2022-10-25,2022-23,2,TIT,BOL,powerplay,40,1,36
1334906,2022-10-25,2022-23,2,TIT,BOL,middle,55,3,54
1334906,2022-10-25,2022-23,2,TIT,BOL,death,8,3,12
1334907,2022-10-26,2022-23,1,LIONS,DOL,powerplay,46,0,36
1334907,2022-10-26,2022-23,1,LIONS,DOL,middle,74,2,54
1334907,2022-10-26,2022-23,1,LIONS,DOL,death,43,4,30
1334907,2022-10-26,2022-23,2,DOL,LIONS,powerplay,50,0,36
1334907,2022-10-26,2022-23,2,DOL,LIONS,middle,76,1,54
1334907,2022-10-26,2022-23,2,DOL,LIONS,death,41,0,20
1334908,2022-10-26,2022-23,1,KNG,BOL,powerplay,39,1,36
1334908,2022-10-26,2022-23,1,KNG,BOL,middle,102,1,54
1334908,2022-10-26,2022-23,1,KNG,BOL,death,38,4,30
1334908,2022-10-26,2022-23,2,BOL,KNG,powerplay,54,3,36
1334908,2022-10-26,2022-23,2,BOL,KNG,middle,74,3,54
1334908,2022-10-26,2022-23,2,BOL,KNG,death,47,4,28
1334909,2022-10-27,2022-23,1,WPR,NWEST,powerplay,57,0,36
1334909,2022-10-27,2022-23,1,WPR,NWEST,middle,87,3,54
1334909,2022-10-27,2022-23,1,WPR,NWEST,death,20,2,18
1334909,2022-10-27,2022-23,2,NWEST,WPR,powerplay,41,3,36
1334909,2022-10-27,2022-23,2,NWEST,WPR,middle,71,3,54
1334909,2022-10-27,2022-23,2,NWEST,WPR,death,25,0,18
1334910,2022-10-28,2022-23,1,WAR,TIT,powerplay,39,1,36
1334910,2022-10-28,2022-23,1,WAR,TIT,middle,43,2,54
1334910,2022-10-28,2022-23,1,WAR,TIT,death,37,4,30
1334910,2022-10-28,2022-23,2,TIT,WAR,powerplay,39,3,36
1334910,2022-10-28,2022-23,2,TIT,WAR,middle,55,5,54
1334910,2022-10-28,2022-23,2,TIT,WAR,death,26,0,27
1334911,2022-10-28,2022-23,1,KNG,DOL,powerplay,47,1,36
1334911,2022-10-28,2022-23,1,KNG,DOL,middle,45,6,54
1334911,2022-10-28,2022-23,1,KNG,DOL,death,8,2,13
1334912,2022-10-29,2022-23,1,NWEST,BOL,powerplay,44,1,36
1334912,2022-10-29,2022-23,1,NWEST,BOL,middle,66,1,54
1334912,2022-10-29,2022-23,1,NWEST,BOL,death,40,3,30
1334912,2022-10-29,2022-23,2,BOL,NWEST,powerplay,66,1,36
1334912,2022-10-29,2022-23,2,BOL,NWEST,middle,64,4,54
1334912,2022-10-29,2022-23,2,BOL,NWEST,death,4,0,1
1334913,2022-10-29,2022-23,1,WPR,DOL,powerplay,22,3,36
1334913,2022-10-29,2022-23,1,WPR,DOL,middle,39,3,54
1334913,2022-10-29,2022-23,1,WPR,DOL,death,12,4,18
1334913,2022-10-29,2022-23,2,DOL,WPR,powerplay,40,2,36
1334913,2022-10-29,2022-23,2,DOL,WPR,middle,36,1,22
1334913,2022-10-29,2022-23,2,DOL,WPR,death,0,0,0
1334914,2022-10-30,2022-23,1,WAR,NWEST,powerplay,45,1,36
1334914,2022-10-30,2022-23,1,WAR,NWEST,middle,76,2,54
1334914,2022-10-30,2022-23,1,WAR,NWEST,death,45,1,30
1334914,2022-10-30,2022-23,2,NWEST,WAR,powerplay,63,1,36
1334914,2022-10-30,2022-23,2,NWEST,WAR,middle,69,1,54
1334914,2022-10-30,2022-23,2,NWEST,WAR,death,24,5,30
1334915,2022-10-31,2022-23,1,TIT,KNG,powerplay,63,0,36
1334915,2022-10-31,2022-23,1,TIT,KNG,middle,127,1,54
1334915,2022-10-31,2022-23,1,TIT,KNG,death,81,2,30
1334915,2022-10-31,2022-23,2,KNG,TIT,powerplay,66,0,36
1334915,2022-10-31,2022-23,2,KNG,TIT,middle,98,6,54
1334915,2022-10-31,2022-23,2,KNG,TIT,death,66,3,30
1334916,2022-10-31,2022-23,1,LIONS,WPR,powerplay,43,2,36
1334916,2022-10-31,2022-23,1,LIONS,WPR,middle,80,1,54
1334916,2022-10-31,2022-23,1,LIONS,WPR,death,37,5,30
1334916,2022-10-31,2022-23,2,WPR,LIONS,powerplay,35,1,36
1334916,2022-10-31,2022-23,2,WPR,LIONS,middle,68,3,54
1334916,2022-10-31,2022-23,2,WPR,LIONS,death,25,5,30
1334917,2022-11-01,2022-23,1,NWEST,KNG,powerplay,48,2,36
1334917,2022-11-01,2022-23,1,NWEST,KNG,middle,49,2,54
1334917,2022-11-01,2022-23,1,NWEST,KNG,death,57,2,30
1334917,2022-11-01,2022-23,2,KNG,NWEST,powerplay,48,3,36
1334917,2022-11-01,2022-23,2,KNG,NWEST,middle,56,6,54
1334917,2022-11-01,2022-23,2,KNG,NWEST,death,28,1,10
1334919,2022-11-02,2022-23,1,TIT,KNG,powerplay,51,1,36
1334919,2022-11-02,2022-23,1,TIT,KNG,middle,66,3,54
1334919,2022-11-02,2022-23,1,TIT,KNG,death,41,2,30
1334919,2022-11-02,2022-23,2,KNG,TIT,powerplay,48,0,36
1334919,2022-11-02,2022-23,2,KNG,TIT,middle,44,5,54
1334919,2022-11-02,2022-23,2,KNG,TIT,death,28,3,30
1334920,2022-11-02,2022-23,1,DOL,BOL,powerplay,47,1,36
1334920,2022-11-02,2022-23,1,DOL,BOL,middle,53,5,54
1334920,2022-11-02,2022-23,1,DOL,BOL,death,46,4,28
1334920,2022-11-02,2022-23,2,BOL,DOL,powerplay,40,1,36
1334920,2022-11-02,2022-23,2,BOL,DOL,middle,38,5,54
1334920,2022-11-02,2022-23,2,BOL,DOL,death,48,2,30
1334921,2022-11-05,2022-23,1,DOL,TIT,powerplay,47,1,36
1334921,2022-11-05,2022-23,1,DOL,TIT,middle,63,0,54
1334921,2022-11-05,2022-23,1,DOL,TIT,death,52,2,30
1334921,2022-11-05,2022-23,2,TIT,DOL,powerplay,46,2,36
1334921,2022-11-05,2022-23,2,TIT,DOL,middle,63,3,54
1334921,2022-11-05,2022-23,2,TIT,DOL,death,56,1,28
1394571,2024-03-08,2023-24,1,WAR,KZNIN,powerplay,49,1,36
1394571,2024-03-08,2023-24,1,WAR,KZNIN,middle,54,3,54
1394571,2024-03-08,2023-24,1,WAR,KZNIN,death,22,6,30
1394571,2024-03-08,2023-24,2,KZNIN,WAR,powerplay,35,3,36
1394571,2024-03-08,2023-24,2,KZNIN,WAR,middle,45,6,54
1394571,2024-03-08,2023-24,2,KZNIN,WAR,death,8,1,10
1394572,2024-03-08,2023-24,1,WPR,DOL,powerplay,47,2,36
1394572,2024-03-08,2023-24,1,WPR,DOL,middle,67,2,54
1394572,2024-03-08,2023-24,1,WPR,DOL,death,34,4,30
1394572,2024-03-08,2023-24,2,DOL,WPR,powerplay,37,3,36
1394572,2024-03-08,2023-24,2,DOL,WPR,middle,68,2,54
1394572,2024-03-08,2023-24,2,DOL,WPR,death,41,2,30
1394573,2024-03-08,2023-24,1,LIONS,BOL,powerplay,65,0,36
1394573,2024-03-08,2023-24,1,LIONS,BOL,middle,95,3,54
1394573,2024-03-08,2023-24,1,LIONS,BOL,death,63,2,30
1394573,2024-03-08,2023-24,2,BOL,LIONS,powerplay,39,3,36
1394573,2024-03-08,2023-24,2,BOL,LIONS,middle,84,2,54
1394573,2024-03-08,2023-24,2,BOL,LIONS,death,56,2,30
1394574,2024-03-08,2023-24,1,TIT,NWEST,powerplay,47,2,36
1394574,2024-03-08,2023-24,1,TIT,NWEST,middle,77,1,54
1394574,2024-03-08,2023-24,1,TIT,NWEST,death,45,4,30
1394574,2024-03-08,2023-24,2,NWEST,TIT,powerplay,61,1,36
1394574,2024-03-08,2023-24,2,NWEST,TIT,middle,61,3,54
1394574,2024-03-08,2023-24,2,NWEST,TIT,death,34,4,30
1444765,2024-09-27,2024-25,1,TIT,LIONS,powerplay,77,1,36
1444765,2024-09-27,2024-25,1,TIT,LIONS,middle,127,2,54
1444765,2024-09-27,2024-25,1,TIT,LIONS,death,54,3,30
1444765,2024-09-27,2024-25,2,LIONS,TIT,powerplay,22,5,36
1444765,2024-09-27,2024-25,2,LIONS,TIT,middle,74,2,54
1444765,2024-09-27,2024-25,2,LIONS,TIT,death,45,1,30
1444766,2024-09-28,2024-25,1,NWEST,KNG,powerplay,41,2,36
1444766,2024-09-28,2024-25,1,NWEST,KNG,middle,73,1,54
1444766,2024-09-28,2024-25,1,NWEST,KNG,death,30,1,18
1444766,2024-09-28,2024-25,2,KNG,NWEST,powerplay,52,2,36
1444766,2024-09-28,2024-25,2,KNG,NWEST,middle,79,1,54
1444766,2024-09-28,2024-25,2,KNG,NWEST,death,15,3,18
1444768,2024-09-29,2024-25,1,DOL,WAR,powerplay,49,2,36
1444768,2024-09-29,2024-25,1,DOL,WAR,middle,54,4,54
1444768,2024-09-29,2024-25,1,DOL,WAR,death,59,3,30
1444768,2024-09-29,2024-25,2,WAR,DOL,powerplay,29,2,36
1444768,2024-09-29,2024-25,2,WAR,DOL,middle,90,1,54
1444768,2024-09-29,2024-25,2,WAR,DOL,death,44,1,26
1444770,2024-10-04,2024-25,1,TIT,DOL,powerplay,43,0,36
1444770,2024-10-04,2024-25,1,TIT,DOL,middle,84,3,54
1444770,2024-10-04,2024-25,1,TIT,DOL,death,83,0,30
1444770,2024-10-04,2024-25,2,DOL,TIT,powerplay,54,3,36
1444770,2024-10-04,2024-25,2,DOL,TIT,middle,66,3,54
1444770,2024-10-04,2024-25,2,DOL,TIT,death,39,3,30
1444772,2024-10-04,2024-25,1,WPR,NWEST,powerplay,40,2,36
1444772,2024-10-04,2024-25,1,WPR,NWEST,middle,67,3,54
1444772,2024-10-04,2024-25,1,WPR,NWEST,death,35,4,30
1444772,2024-10-04,2024-25,2,NWEST,WPR,powerplay,53,1,36
1444772,2024-10-04,2024-25,2,NWEST,WPR,middle,56,3,54
1444772,2024-10-04,2024-25,2,NWEST,WPR,death,37,3,28
1444773,2024-10-06,2024-25,1,KNG,WAR,powerplay,61,1,36
1444773,2024-10-06,2024-25,1,KNG,WAR,middle,62,4,54
1444773,2024-10-06,2024-25,1,KNG,WAR,death,43,4,30
1444773,2024-10-06,2024-25,2,WAR,KNG,powerplay,48,0,36
1444773,2024-10-06,2024-25,2,WAR,KNG,middle,73,2,54
1444773,2024-10-06,2024-25,2,WAR,KNG,death,29,4,30
1444774,2024-10-06,2024-25,1,LIONS,DOL,powerplay,38,1,36
1444774,2024-10-06,2024-25,1,LIONS,DOL,middle,61,3,54
1444774,2024-10-06,2024-25,1,LIONS,DOL,death,57,1,30
1444774,2024-10-06,2024-25,2,DOL,LIONS,powerplay,42,1,36
1444774,2024-10-06,2024-25,2,DOL,LIONS,middle,55,6,54
1444774,2024-10-06,2024-25,2,DOL,LIONS,death,50,1,30
1444776,2024-10-06,2024-25,1,NWEST,BOL,powerplay,48,0,36
1444776,2024-10-06,2024-25,1,NWEST,BOL,middle,76,2,54
1444776,2024-10-06,2024-25,1,NWEST,BOL,death,52,3,30
1444776,2024-10-06,2024-25,2,BOL,NWEST,powerplay,46,1,36
1444776,2024-10-06,2024-25,2,BOL,NWEST,middle,85,3,54
1444776,2024-10-06,2024-25,2,BOL,NWEST,death,42,3,30
1444777,2024-10-09,2024-25,1,WPR,WAR,powerplay,33,2,36
1444777,2024-10-09,2024-25,1,WPR,WAR,middle,63,2,54
1444777,2024-10-09,2024-25,1,WPR,WAR,death,52,3,30
1444777,2024-10-09,2024-25,2,WAR,WPR,powerplay,46,2,36
1444777,2024-10-09,2024-25,2,WAR,WPR,middle,78,2,54
1444777,2024-10-09,2024-25,2,WAR,WPR,death,26,1,16
1444778,2024-10-09,2024-25,1,NWEST,DOL,powerplay,34,2,36
1444778,2024-10-09,2024-25,1,NWEST,DOL,middle,75,1,54
1444778,2024-10-09,2024-25,1,NWEST,DOL,death,27,4,30
1444778,2024-10-09,2024-25,2,DOL,NWEST,powerplay,23,4,36
1444778,2024-10-09,2024-25,2,DOL,NWEST,middle,62,5,54
1444778,2024-10-09,2024-25,2,DOL,NWEST,death,8,1,11
1444779,2024-10-09,2024-25,1,LIONS,KNG,powerplay,47,1,36
1444779,2024-10-09,2024-25,1,LIONS,KNG,middle,61,3,54
1444779,2024-10-09,2024-25,1,LIONS,KNG,death,34,3,30
1444779,2024-10-09,2024-25,2,KNG,LIONS,powerplay,24,5,36
1444779,2024-10-09,2024-25,2,KNG,LIONS,middle,57,2,54
1444779,2024-10-09,2024-25,2,KNG,LIONS,death,14,3,17
1444780,2024-10-09,2024-25,1,TIT,BOL,powerplay,52,3,36
1444780,2024-10-09,2024-25,1,TIT,BOL,middle,117,1,54
1444780,2024-10-09,2024-25,1,TIT,BOL,death,0,0,0
1444780,2024-10-09,2024-25,2,BOL,TIT,powerplay,23,4,36
1444780,2024-10-09,2024-25,2,BOL,TIT,middle,52,5,44
1444780,2024-10-09,2024-25,2,BOL,TIT,death,0,0,0
1444781,2024-10-12,2024-25,1,BOL,LIONS,powerplay,33,1,36
1444781,2024-10-12,2024-25,1,BOL,LIONS,middle,54,3,54
1444781,2024-10-12,2024-25,1,BOL,LIONS,death,42,3,30
1444781,2024-10-12,2024-25,2,LIONS,BOL,powerplay,38,1,36
1444781,2024-10-12,2024-25,2,LIONS,BOL,middle,55,1,54
1444781,2024-10-12,2024-25,2,LIONS,BOL,death,39,2,28
1444783,2024-10-13,2024-25,1,WPR,DOL,powerplay,49,2,36
1444783,2024-10-13,2024-25,1,WPR,DOL,middle,86,2,54
1444783,2024-10-13,2024-25,1,WPR,DOL,death,32,2,30
1444783,2024-10-13,2024-25,2,DOL,WPR,powerplay,55,2,36
1444783,2024-10-13,2024-25,2,DOL,WPR,middle,73,1,54
1444783,2024-10-13,2024-25,2,DOL,WPR,death,41,3,24
1444784,2024-10-13,2024-25,1,KNG,TIT,powerplay,71,2,36
1444784,2024-10-13,2024-25,1,KNG,TIT,middle,90,2,54
1444784,2024-10-13,2024-25,1,KNG,TIT,death,62,2,30
1444784,2024-10-13,2024-25,2,TIT,KNG,powerplay,54,1,36
1444784,2024-10-13,2024-25,2,TIT,KNG,middle,80,4,54
1444784,2024-10-13,2024-25,2,TIT,KNG,death,57,1,30
1444785,2024-10-16,2024-25,1,BOL,WAR,powerplay,61,0,36
1444785,2024-10-16,2024-25,1,BOL,WAR,middle,57,3,54
1444785,2024-10-16,2024-25,1,BOL,WAR,death,53,3,30
1444785,2024-10-16,2024-25,2,WAR,BOL,powerplay,50,3,36
1444785,2024-10-16,2024-25,2,WAR,BOL,middle,68,2,54
1444785,2024-10-16,2024-25,2,WAR,BOL,death,42,5,29
1444786,2024-10-16,2024-25,1,KNG,DOL,powerplay,72,1,36
1444786,2024-10-16,2024-25,1,KNG,DOL,middle,58,2,54
1444786,2024-10-16,2024-25,1,KNG,DOL,death,25,6,30
1444786,2024-10-16,2024-25,2,DOL,KNG,powerplay,50,3,36
1444786,2024-10-16,2024-25,2,DOL,KNG,middle,67,1,54
1444786,2024-10-16,2024-25,2,DOL,KNG,death,41,0,21
1444787,2024-10-16,2024-25,1,LIONS,WPR,powerplay,45,1,36
1444787,2024-10-16,2024-25,1,LIONS,WPR,middle,64,4,54
1444787,2024-10-16,2024-25,1,LIONS,WPR,death,36,2,30
1444787,2024-10-16,2024-25,2,WPR,LIONS,powerplay,53,4,36
1444787,2024-10-16,2024-25,2,WPR,LIONS,middle,50,1,54
1444787,2024-10-16,2024-25,2,WPR,LIONS,death,43,1,27
1444789,2024-10-18,2024-25,1,KNG,WPR,powerplay,43,1,36
1444789,2024-10-18,2024-25,1,KNG,WPR,middle,64,3,54
1444789,2024-10-18,2024-25,1,KNG,WPR,death,50,3,30
1444789,2024-10-18,2024-25,2,WPR,KNG,powerplay,54,1,36
1444789,2024-10-18,2024-25,2,WPR,KNG,middle,67,2,54
1444789,2024-10-18,2024-25,2,WPR,KNG,death,42,1,23
1444790,2024-10-19,2024-25,1,WAR,TIT,powerplay,41,1,36
1444790,2024-10-19,2024-25,1,WAR,TIT,middle,71,1,54
1444790,2024-10-19,2024-25,1,WAR,TIT,death,67,4,30
1444790,2024-10-19,2024-25,2,TIT,WAR,powerplay,68,2,36
1444790,2024-10-19,2024-25,2,TIT,WAR,middle,92,2,54
1444790,2024-10-19,2024-25,2,TIT,WAR,death,14,0,8
1444791,2024-10-19,2024-25,1,BOL,DOL,powerplay,43,1,36
1444791,2024-10-19,2024-25,1,BOL,DOL,middle,74,3,54
1444791,2024-10-19,2024-25,1,BOL,DOL,death,50,0,30
1444791,2024-10-19,2024-25,2,DOL,BOL,powerplay,58,2,36
1444791,2024-10-19,2024-25,2,DOL,BOL,middle,25,3,24
1444791,2024-10-19,2024-25,2,DOL,BOL,death,0,0,0
1444792,2024-10-19,2024-25,1,LIONS,NWEST,powerplay,34,1,36
1444792,2024-10-19,2024-25,1,LIONS,NWEST,middle,74,1,54
1444792,2024-10-19,2024-25,1,LIONS,NWEST,death,62,1,30
1444792,2024-10-19,2024-25,2,NWEST,LIONS,powerplay,42,2,36
1444792,2024-10-19,2024-25,2,NWEST,LIONS,middle,83,2,54
1444792,2024-10-19,2024-25,2,NWEST,LIONS,death,40,2,30
1444793,2024-10-22,2024-25,1,TIT,LIONS,powerplay,32,3,36
1444793,2024-10-22,2024-25,1,TIT,LIONS,middle,65,2,54
1444793,2024-10-22,2024-25,1,TIT,LIONS,death,18,5,26
1444793,2024-10-22,2024-25,2,LIONS,TIT,powerplay,33,1,36
1444793,2024-10-22,2024-25,2,LIONS,TIT,middle,80,2,54
1444793,2024-10-22,2024-25,2,LIONS,TIT,death,3,0,6
1444794,2024-10-23,2024-25,1,WPR,NWEST,powerplay,46,2,36
1444794,2024-10-23,2024-25,1,WPR,NWEST,middle,56,3,54
1444794,2024-10-23,2024-25,1,WPR,NWEST,death,64,0,30
1444794,2024-10-23,2024-25,2,NWEST,WPR,powerplay,63,2,36
1444794,2024-10-23,2024-25,2,NWEST,WPR,middle,58,7,54
1444794,2024-10-23,2024-25,2,NWEST,WPR,death,4,1,3
1444795,2024-10-25,2024-25,1,TIT,WPR,powerplay,45,1,36
1444795,2024-10-25,2024-25,1,TIT,WPR,middle,80,3,54
1444795,2024-10-25,2024-25,1,TIT,WPR,death,57,3,30
1444795,2024-10-25,2024-25,2,WPR,TIT,powerplay,35,3,36
1444795,2024-10-25,2024-25,2,WPR,TIT,middle,82,3,54
1444795,2024-10-25,2024-25,2,WPR,TIT,death,46,0,30
1444796,2024-10-27,2024-25,1,TIT,LIONS,powerplay,34,3,36
1444796,2024-10-27,2024-25,1,TIT,LIONS,middle,54,5,54
1444796,2024-10-27,2024-25,1,TIT,LIONS,death,31,2,26
1444796,2024-10-27,2024-25,2,LIONS,TIT,powerplay,31,2,36
1444796,2024-10-27,2024-25,2,LIONS,TIT,middle,87,0,54
1444796,2024-10-27,2024-25,2,LIONS,TIT,death,6,0,1
530321,2012-02-15,2011-12,1,WPR,WAR,powerplay,39,0,36
530321,2012-02-15,2011-12,1,WPR,WAR,middle,71,1,54
530321,2012-02-15,2011-12,1,WPR,WAR,death,45,4,30
530321,2012-02-15,2011-12,2,WAR,WPR,powerplay,41,1,36
530321,2012-02-15,2011-12,2,WAR,WPR,middle,63,3,54
530321,2012-02-15,2011-12,2,WAR,WPR,death,41,3,30
530323,2012-02-17,2011-12,1,WPR,KNG,powerplay,45,0,36
530323,2012-02-17,2011-12,1,WPR,KNG,middle,88,2,54
530323,2012-02-17,2011-12,1,WPR,KNG,death,48,2,30
530323,2012-02-17,2011-12,2,KNG,WPR,powerplay,64,3,36
530323,2012-02-17,2011-12,2,KNG,WPR,middle,55,2,42
530323,2012-02-17,2011-12,2,KNG,WPR,death,0,0,0
530324,2012-02-17,2011-12,1,LIONS,IMPI,powerplay,39,2,36
530324,2012-02-17,2011-12,1,LIONS,IMPI,middle,67,3,54
530324,2012-02-17,2011-12,1,LIONS,IMPI,death,47,2,30
530324,2012-02-17,2011-12,2,IMPI,LIONS,powerplay,16,3,36
530324,2012-02-17,2011-12,2,IMPI,LIONS,middle,52,4,54
530324,2012-02-17,2011-12,2,IMPI,LIONS,death,24,3,29
530325,2012-02-19,2011-12,1,DOL,IMPI,powerplay,44,3,36
530325,2012-02-19,2011-12,1,DOL,IMPI,middle,62,1,54
530325,2012-02-19,2011-12,1,DOL,IMPI,death,45,2,30
530325,2012-02-19,2011-12,2,IMPI,DOL,powerplay,49,1,36
530325,2012-02-19,2011-12,2,IMPI,DOL,middle,63,1,54
530325,2012-02-19,2011-12,2,IMPI,DOL,death,36,5,30
530326,2012-02-19,2011-12,1,TIT,KNG,powerplay,53,2,36
530326,2012-02-19,2011-12,1,TIT,KNG,middle,51,2,54
530326,2012-02-19,2011-12,1,TIT,KNG,death,61,3,30
530326,2012-02-19,2011-12,2,KNG,TIT,powerplay,59,3,36
530326,2012-02-19,2011-12,2,KNG,TIT,middle,70,0,54
530326,2012-02-19,2011-12,2,KNG,TIT,death,41,2,26
530327,2012-02-22,2011-12,1,WPR,IMPI,powerplay,52,1,36
530327,2012-02-22,2011-12,1,WPR,IMPI,middle,96,3,54
530327,2012-02-22,2011-12,1,WPR,IMPI,death,63,0,30
530327,2012-02-22,2011-12,2,IMPI,WPR,powerplay,41,1,36
530327,2012-02-22,2011-12,2,IMPI,WPR,middle,69,4,54
530327,2012-02-22,2011-12,2,IMPI,WPR,death,61,1,30
530328,2012-02-22,2011-12,1,WAR,LIONS,powerplay,42,1,36
530328,2012-02-22,2011-12,1,WAR,LIONS,middle,48,4,54
530328,2012-02-22,2011-12,1,WAR,LIONS,death,44,4,30
530328,2012-02-22,2011-12,2,LIONS,WAR,powerplay,44,1,36
530328,2012-02-22,2011-12,2,LIONS,WAR,middle,64,1,54
530328,2012-02-22,2011-12,2,LIONS,WAR,death,28,0,23
530330,2012-02-24,2011-12,1,DOL,TIT,powerplay,49,3,36
530330,2012-02-24,2011-12,1,DOL,TIT,middle,60,1,54
530330,2012-02-24,2011-12,1,DOL,TIT,death,58,1,30
530330,2012-02-24,2011-12,2,TIT,DOL,powerplay,52,1,36
530330,2012-02-24,2011-12,2,TIT,DOL,middle,72,2,54
530330,2012-02-24,2011-12,2,TIT,DOL,death,44,1,30
530332,2012-02-24,2011-12,1,WPR,LIONS,powerplay,56,1,36
530332,2012-02-24,2011-12,1,WPR,LIONS,middle,63,2,54
530332,2012-02-24,2011-12,1,WPR,LIONS,death,59,3,30
530332,2012-02-24,2011-12,2,LIONS,WPR,powerplay,71,2,36
530332,2012-02-24,2011-12,2,LIONS,WPR,middle,63,4,54
530332,2012-02-24,2011-12,2,LIONS,WPR,death,45,1,26
530334,2012-02-26,2011-12,1,LIONS,KNG,powerplay,40,2,36
530334,2012-02-26,2011-12,1,LIONS,KNG,middle,49,2,54
530334,2012-02-26,2011-12,1,LIONS,KNG,death,42,1,30
530334,2012-02-26,2011-12,2,KNG,LIONS,powerplay,60,0,36
530334,2012-02-26,2011-12,2,KNG,LIONS,middle,67,2,54
530334,2012-02-26,2011-12,2,KNG,LIONS,death,8,0,3
530335,2012-02-26,2011-12,1,IMPI,TIT,powerplay,53,2,36
530335,2012-02-26,2011-12,1,IMPI,TIT,middle,57,4,54
530335,2012-02-26,2011-12,1,IMPI,TIT,death,21,4,28
530335,2012-02-26,2011-12,2,TIT,IMPI,powerplay,62,0,36
530335,2012-02-26,2011-12,2,TIT,IMPI,middle,68,1,54
530335,2012-02-26,2011-12,2,TIT,IMPI,death,7,0,4
530336,2012-02-29,2011-12,1,WAR,IMPI,powerplay,35,0,36
530336,2012-02-29,2011-12,1,WAR,IMPI,middle,83,2,54
530336,2012-02-29,2011-12,1,WAR,IMPI,death,64,0,30
530336,2012-02-29,2011-12,2,IMPI,WAR,powerplay,45,2,36
530336,2012-02-29,2011-12,2,IMPI,WAR,middle,63,4,54
530336,2012-02-29,2011-12,2,IMPI,WAR,death,38,2,30
530339,2012-03-02,2011-12,1,DOL,WAR,powerplay,22,2,36
530339,2012-03-02,2011-12,1,DOL,WAR,middle,56,3,54
530339,2012-03-02,2011-12,1,DOL,WAR,death,22,3,30
530339,2012-03-02,2011-12,2,WAR,DOL,powerplay,33,0,36
530339,2012-03-02,2011-12,2,WAR,DOL,middle,69,0,51
530339,2012-03-02,2011-12,2,WAR,DOL,death,0,0,0
530340,2012-03-02,2011-12,1,TIT,LIONS,powerplay,23,3,36
530340,2012-03-02,2011-12,1,TIT,LIONS,middle,64,2,54
530340,2012-03-02,2011-12,1,TIT,LIONS,death,34,5,25
530340,2012-03-02,2011-12,2,LIONS,TIT,powerplay,47,1,36
530340,2012-03-02,2011-12,2,LIONS,TIT,middle,77,2,39
530340,2012-03-02,2011-12,2,LIONS,TIT,death,0,0,0
530341,2012-03-04,2011-12,1,WPR,TIT,powerplay,31,3,36
530341,2012-03-04,2011-12,1,WPR,TIT,middle,68,0,54
530341,2012-03-04,2011-12,1,WPR,TIT,death,43,2,30
530341,2012-03-04,2011-12,2,TIT,WPR,powerplay,40,1,36
530341,2012-03-04,2011-12,2,TIT,WPR,middle,51,2,54
530341,2012-03-04,2011-12,2,TIT,WPR,death,55,1,25
530345,2012-03-07,2011-12,1,KNG,LIONS,powerplay,55,1,36
530345,2012-03-07,2011-12,1,KNG,LIONS,middle,60,6,54
530345,2012-03-07,2011-12,1,KNG,LIONS,death,21,2,18
530345,2012-03-07,2011-12,2,LIONS,KNG,powerplay,33,0,36
530345,2012-03-07,2011-12,2,LIONS,KNG,middle,58,3,32
530345,2012-03-07,2011-12,2,LIONS,KNG,death,0,0,0
530346,2012-03-09,2011-12,1,WPR,LIONS,powerplay,30,2,36
530346,2012-03-09,2011-12,1,WPR,LIONS,middle,67,1,54
530346,2012-03-09,2011-12,1,WPR,LIONS,death,83,0,30
530346,2012-03-09,2011-12,2,LIONS,WPR,powerplay,51,1,36
530346,2012-03-09,2011-12,2,LIONS,WPR,middle,69,4,54
530346,2012-03-09,2011-12,2,LIONS,WPR,death,59,1,30
530349,2012-03-11,2011-12,1,KNG,WPR,powerplay,58,2,36
530349,2012-03-11,2011-12,1,KNG,WPR,middle,50,2,54
530349,2012-03-11,2011-12,1,KNG,WPR,death,48,3,30
530349,2012-03-11,2011-12,2,WPR,KNG,powerplay,60,1,36
530349,2012-03-11,2011-12,2,WPR,KNG,middle,55,3,54
530349,2012-03-11,2011-12,2,WPR,KNG,death,42,0,22
530351,2012-03-11,2011-12,1,LIONS,TIT,powerplay,33,2,36
530351,2012-03-11,2011-12,1,LIONS,TIT,middle,84,3,54
530351,2012-03-11,2011-12,1,LIONS,TIT,death,46,2,30
530351,2012-03-11,2011-12,2,TIT,LIONS,powerplay,37,2,36
530351,2012-03-11,2011-12,2,TIT,LIONS,middle,78,3,54
530351,2012-03-11,2011-12,2,TIT,LIONS,death,32,4,30
530352,2012-03-14,2011-12,1,KNG,DOL,powerplay,58,1,36
530352,2012-03-14,2011-12,1,KNG,DOL,middle,42,3,54
530352,2012-03-14,2011-12,1,KNG,DOL,death,30,5,30
530352,2012-03-14,2011-12,2,DOL,KNG,powerplay,27,1,36
530352,2012-03-14,2011-12,2,DOL,KNG,middle,50,3,47
530352,2012-03-14,2011-12,2,DOL,KNG,death,0,0,0
530353,2012-03-14,2011-12,1,LIONS,WAR,powerplay,59,1,36
530353,2012-03-14,2011-12,1,LIONS,WAR,middle,85,2,54
530353,2012-03-14,2011-12,1,LIONS,WAR,death,55,3,30
530353,2012-03-14,2011-12,2,WAR,LIONS,powerplay,28,4,36
530353,2012-03-14,2011-12,2,WAR,LIONS,middle,56,6,50
530353,2012-03-14,2011-12,2,WAR,LIONS,death,0,0,0
530354,2012-03-14,2011-12,1,IMPI,TIT,powerplay,33,1,36
530354,2012-03-14,2011-12,1,IMPI,TIT,middle,58,1,54
530354,2012-03-14,2011-12,1,IMPI,TIT,death,35,4,30
530354,2012-03-14,2011-12,2,TIT,IMPI,powerplay,43,1,36
530354,2012-03-14,2011-12,2,TIT,IMPI,middle,84,3,54
530354,2012-03-14,2011-12,2,TIT,IMPI,death,0,0,0
530355,2012-03-16,2011-12,1,WAR,WPR,powerplay,37,1,36
530355,2012-03-16,2011-12,1,WAR,WPR,middle,59,2,54
530355,2012-03-16,2011-12,1,WAR,WPR,death,53,3,30
530355,2012-03-16,2011-12,2,WPR,WAR,powerplay,43,2,36
530355,2012-03-16,2011-12,2,WPR,WAR,middle,40,3,54
530355,2012-03-16,2011-12,2,WPR,WAR,death,23,5,23
530356,2012-03-16,2011-12,1,IMPI,KNG,powerplay,69,0,36
530356,2012-03-16,2011-12,1,IMPI,KNG,middle,79,4,54
530356,2012-03-16,2011-12,1,IMPI,KNG,death,30,5,30
530356,2012-03-16,2011-12,2,KNG,IMPI,powerplay,59,1,36
530356,2012-03-16,2011-12,2,KNG,IMPI,middle,74,2,54
530356,2012-03-16,2011-12,2,KNG,IMPI,death,24,2,12
530357,2012-03-16,2011-12,1,LIONS,DOL,powerplay,24,2,36
530357,2012-03-16,2011-12,1,LIONS,DOL,middle,0,0,0
530357,2012-03-16,2011-12,1,LIONS,DOL,death,0,0,0
530358,2012-03-18,2011-12,1,WAR,KNG,powerplay,32,3,36
530358,2012-03-18,2011-12,1,WAR,KNG,middle,68,0,54
530358,2012-03-18,2011-12,1,WAR,KNG,death,41,3,30
530358,2012-03-18,2011-12,2,KNG,WAR,powerplay,53,1,36
530358,2012-03-18,2011-12,2,KNG,WAR,middle,64,1,54
530358,2012-03-18,2011-12,2,KNG,WAR,death,25,1,25
530359,2012-03-18,2011-12,1,WPR,TIT,powerplay,43,2,36
530359,2012-03-18,2011-12,1,WPR,TIT,middle,49,3,54
530359,2012-03-18,2011-12,1,WPR,TIT,death,64,1,30
530359,2012-03-18,2011-12,2,TIT,WPR,powerplay,48,0,36
530359,2012-03-18,2011-12,2,TIT,WPR,middle,78,4,54
530359,2012-03-18,2011-12,2,TIT,WPR,death,31,0,21
530361,2012-03-21,2011-12,1,IMPI,LIONS,powerplay,51,2,36
530361,2012-03-21,2011-12,1,IMPI,LIONS,middle,29,2,30
530361,2012-03-21,2011-12,1,IMPI,LIONS,death,0,0,0
530362,2012-03-21,2011-12,1,WAR,TIT,powerplay,39,3,36
530362,2012-03-21,2011-12,1,WAR,TIT,middle,25,3,43
530362,2012-03-21,2011-12,1,WAR,TIT,death,0,0,0
530362,2012-03-21,2011-12,2,TIT,WAR,powerplay,40,2,36
530362,2012-03-21,2011-12,2,TIT,WAR,middle,21,0,11
530362,2012-03-21,2011-12,2,TIT,WAR,death,0,0,0
530364,2012-04-01,2011-12,1,TIT,LIONS,powerplay,61,2,36
530364,2012-04-01,2011-12,1,TIT,LIONS,middle,54,3,54
530364,2012-04-01,2011-12,1,TIT,LIONS,death,72,1,30
530364,2012-04-01,2011-12,2,LIONS,TIT,powerplay,41,3,36
530364,2012-04-01,2011-12,2,LIONS,TIT,middle,69,5,54
530364,2012-04-01,2011-12,2,LIONS,TIT,death,32,2,23
575157,2013-02-17,2012-13,1,KNG,WAR,powerplay,47,1,36
575157,2013-02-17,2012-13,1,KNG,WAR,middle,58,3,54
575157,2013-02-17,2012-13,1,KNG,WAR,death,31,3,30
575157,2013-02-17,2012-13,2,WAR,KNG,powerplay,41,1,36
575157,2013-02-17,2012-13,2,WAR,KNG,middle,71,1,54
575157,2013-02-17,2012-13,2,WAR,KNG,death,16,0,7
575158,2013-02-17,2012-13,1,WPR,LIONS,powerplay,53,1,36
575158,2013-02-17,2012-13,1,WPR,LIONS,middle,68,3,54
575158,2013-02-17,2012-13,1,WPR,LIONS,death,62,1,30
575158,2013-02-17,2012-13,2,LIONS,WPR,powerplay,46,0,36
575158,2013-02-17,2012-13,2,LIONS,WPR,middle,78,1,54
575158,2013-02-17,2012-13,2,LIONS,WPR,death,61,0,23
575159,2013-02-20,2012-13,1,TIT,LIONS,powerplay,49,3,36
575159,2013-02-20,2012-13,1,TIT,LIONS,middle,62,2,54
575159,2013-02-20,2012-13,1,TIT,LIONS,death,37,2,30
575159,2013-02-20,2012-13,2,LIONS,TIT,powerplay,40,1,36
575159,2013-02-20,2012-13,2,LIONS,TIT,middle,61,1,54
575159,2013-02-20,2012-13,2,LIONS,TIT,death,49,1,23
575160,2013-02-22,2012-13,1,WPR,KNG,powerplay,37,1,36
575160,2013-02-22,2012-13,1,WPR,KNG,middle,76,1,54
575160,2013-02-22,2012-13,1,WPR,KNG,death,58,2,30
575160,2013-02-22,2012-13,2,KNG,WPR,powerplay,18,2,36
575160,2013-02-22,2012-13,2,KNG,WPR,middle,76,4,54
575160,2013-02-22,2012-13,2,KNG,WPR,death,52,2,30
575161,2013-02-22,2012-13,1,WAR,TIT,powerplay,33,2,36
575161,2013-02-22,2012-13,1,WAR,TIT,middle,47,4,54
575161,2013-02-22,2012-13,1,WAR,TIT,death,40,2,30
575161,2013-02-22,2012-13,2,TIT,WAR,powerplay,20,2,36
575161,2013-02-22,2012-13,2,TIT,WAR,middle,60,3,54
575161,2013-02-22,2012-13,2,TIT,WAR,death,41,0,19
575163,2013-02-24,2012-13,1,DOL,WPR,powerplay,35,3,36
575163,2013-02-24,2012-13,1,DOL,WPR,middle,45,0,54
575163,2013-02-24,2012-13,1,DOL,WPR,death,54,3,30
575163,2013-02-24,2012-13,2,WPR,DOL,powerplay,46,1,36
575163,2013-02-24,2012-13,2,WPR,DOL,middle,76,0,54
575163,2013-02-24,2012-13,2,WPR,DOL,death,15,0,10
575164,2013-02-24,2012-13,1,LIONS,WAR,powerplay,50,0,36
575164,2013-02-24,2012-13,1,LIONS,WAR,middle,51,5,54
575164,2013-02-24,2012-13,1,LIONS,WAR,death,61,2,30
575164,2013-02-24,2012-13,2,WAR,LIONS,powerplay,34,4,36
575164,2013-02-24,2012-13,2,WAR,LIONS,middle,58,3,54
575164,2013-02-24,2012-13,2,WAR,LIONS,death,23,3,18
575165,2013-02-27,2012-13,1,DOL,KNG,powerplay,36,0,36
575165,2013-02-27,2012-13,1,DOL,KNG,middle,61,3,54
575165,2013-02-27,2012-13,1,DOL,KNG,death,34,2,30
575165,2013-02-27,2012-13,2,KNG,DOL,powerplay,57,1,36
575165,2013-02-27,2012-13,2,KNG,DOL,middle,72,0,54
575165,2013-02-27,2012-13,2,KNG,DOL,death,4,0,3
575166,2013-02-28,2012-13,1,WPR,TIT,powerplay,15,2,36
575166,2013-02-28,2012-13,1,WPR,TIT,middle,47,1,54
575166,2013-02-28,2012-13,1,WPR,TIT,death,54,1,30
575166,2013-02-28,2012-13,2,TIT,WPR,powerplay,39,1,36
575166,2013-02-28,2012-13,2,TIT,WPR,middle,49,1,54
575166,2013-02-28,2012-13,2,TIT,WPR,death,29,2,22
575167,2013-03-02,2012-13,1,DOL,WAR,powerplay,35,3,36
575167,2013-03-02,2012-13,1,DOL,WAR,middle,47,1,54
575167,2013-03-02,2012-13,1,DOL,WAR,death,54,0,30
575167,2013-03-02,2012-13,2,WAR,DOL,powerplay,42,0,36
575167,2013-03-02,2012-13,2,WAR,DOL,middle,70,1,54
575167,2013-03-02,2012-13,2,WAR,DOL,death,26,0,15
575170,2013-03-06,2012-13,1,KNG,TIT,powerplay,52,0,36
575170,2013-03-06,2012-13,1,KNG,TIT,middle,77,2,54
575170,2013-03-06,2012-13,1,KNG,TIT,death,67,1,30
575170,2013-03-06,2012-13,2,TIT,KNG,powerplay,50,2,36
575170,2013-03-06,2012-13,2,TIT,KNG,middle,91,3,54
575170,2013-03-06,2012-13,2,TIT,KNG,death,47,3,30
575171,2013-03-08,2012-13,1,WPR,LIONS,powerplay,37,2,36
575171,2013-03-08,2012-13,1,WPR,LIONS,middle,51,2,54
575171,2013-03-08,2012-13,1,WPR,LIONS,death,29,2,30
575171,2013-03-08,2012-13,2,LIONS,WPR,powerplay,31,2,36
575171,2013-03-08,2012-13,2,LIONS,WPR,middle,62,3,54
575171,2013-03-08,2012-13,2,LIONS,WPR,death,27,0,20
575172,2013-03-08,2012-13,1,DOL,KNG,powerplay,32,1,36
575172,2013-03-08,2012-13,1,DOL,KNG,middle,85,1,54
575172,2013-03-08,2012-13,1,DOL,KNG,death,62,0,30
575172,2013-03-08,2012-13,2,KNG,DOL,powerplay,36,2,36
575172,2013-03-08,2012-13,2,KNG,DOL,middle,78,2,54
575172,2013-03-08,2012-13,2,KNG,DOL,death,51,2,30
575174,2013-03-12,2012-13,1,TIT,WPR,powerplay,46,1,36
575174,2013-03-12,2012-13,1,TIT,WPR,middle,77,2,54
575174,2013-03-12,2012-13,1,TIT,WPR,death,55,1,30
575174,2013-03-12,2012-13,2,WPR,TIT,powerplay,46,1,36
575174,2013-03-12,2012-13,2,WPR,TIT,middle,68,3,54
575174,2013-03-12,2012-13,2,WPR,TIT,death,57,0,30
575175,2013-03-12,2012-13,1,KNG,LIONS,powerplay,48,1,36
575175,2013-03-12,2012-13,1,KNG,LIONS,middle,70,3,54
575175,2013-03-12,2012-13,1,KNG,LIONS,death,25,4,30
575175,2013-03-12,2012-13,2,LIONS,KNG,powerplay,42,2,36
575175,2013-03-12,2012-13,2,LIONS,KNG,middle,66,3,54
575175,2013-03-12,2012-13,2,LIONS,KNG,death,37,1,25
575176,2013-03-14,2012-13,1,KNG,WAR,powerplay,14,2,36
575176,2013-03-14,2012-13,1,KNG,WAR,middle,55,1,54
575176,2013-03-14,2012-13,1,KNG,WAR,death,45,1,30
575176,2013-03-14,2012-13,2,WAR,KNG,powerplay,30,1,36
575176,2013-03-14,2012-13,2,WAR,KNG,middle,49,2,54
575176,2013-03-14,2012-13,2,WAR,KNG,death,29,4,30
575177,2013-03-14,2012-13,1,DOL,WPR,powerplay,51,1,36
575177,2013-03-14,2012-13,1,DOL,WPR,middle,55,3,54
575177,2013-03-14,2012-13,1,DOL,WPR,death,52,3,30
575177,2013-03-14,2012-13,2,WPR,DOL,powerplay,42,2,36
575177,2013-03-14,2012-13,2,WPR,DOL,middle,44,3,54
575177,2013-03-14,2012-13,2,WPR,DOL,death,50,2,30
575179,2013-03-22,2012-13,1,WAR,LIONS,powerplay,47,0,36
575179,2013-03-22,2012-13,1,WAR,LIONS,middle,62,3,54
575179,2013-03-22,2012-13,1,WAR,LIONS,death,33,4,30
575179,2013-03-22,2012-13,2,LIONS,WAR,powerplay,37,2,36
575179,2013-03-22,2012-13,2,LIONS,WAR,middle,55,3,54
575179,2013-03-22,2012-13,2,LIONS,WAR,death,46,1,30
575180,2013-03-22,2012-13,1,WPR,KNG,powerplay,42,1,36
575180,2013-03-22,2012-13,1,WPR,KNG,middle,49,5,54
575180,2013-03-22,2012-13,1,WPR,KNG,death,49,1,30
575180,2013-03-22,2012-13,2,KNG,WPR,powerplay,29,2,36
575180,2013-03-22,2012-13,2,KNG,WPR,middle,72,1,54
575180,2013-03-22,2012-13,2,KNG,WPR,death,42,0,28
575181,2013-03-22,2012-13,1,DOL,TIT,powerplay,39,1,36
575181,2013-03-22,2012-13,1,DOL,TIT,middle,72,3,54
575181,2013-03-22,2012-13,1,DOL,TIT,death,32,1,30
575181,2013-03-22,2012-13,2,TIT,DOL,powerplay,47,3,36
575181,2013-03-22,2012-13,2,TIT,DOL,middle,43,2,54
575181,2013-03-22,2012-13,2,TIT,DOL,death,55,1,23
575183,2013-03-26,2012-13,1,KNG,TIT,powerplay,18,2,36
575183,2013-03-26,2012-13,1,KNG,TIT,middle,64,2,54
575183,2013-03-26,2012-13,1,KNG,TIT,death,50,3,30
575183,2013-03-26,2012-13,2,TIT,KNG,powerplay,45,1,36
575183,2013-03-26,2012-13,2,TIT,KNG,middle,55,1,54
575183,2013-03-26,2012-13,2,TIT,KNG,death,33,0,26
575184,2013-03-28,2012-13,1,WPR,WAR,powerplay,33,1,36
575184,2013-03-28,2012-13,1,WPR,WAR,middle,46,2,54
575184,2013-03-28,2012-13,1,WPR,WAR,death,49,2,24
575184,2013-03-28,2012-13,2,WAR,WPR,powerplay,69,1,36
575184,2013-03-28,2012-13,2,WAR,WPR,middle,61,1,39
575184,2013-03-28,2012-13,2,WAR,WPR,death,0,0,0
575185,2013-03-28,2012-13,1,LIONS,DOL,powerplay,64,0,36
575185,2013-03-28,2012-13,1,LIONS,DOL,middle,73,2,54
575185,2013-03-28,2012-13,1,LIONS,DOL,death,58,2,30
575185,2013-03-28,2012-13,2,DOL,LIONS,powerplay,48,2,36
575185,2013-03-28,2012-13,2,DOL,LIONS,middle,67,4,54
575185,2013-03-28,2012-13,2,DOL,LIONS,death,26,3,30
575186,2013-04-03,2012-13,1,WAR,TIT,powerplay,42,2,36
575186,2013-04-03,2012-13,1,WAR,TIT,middle,45,1,54
575186,2013-04-03,2012-13,1,WAR,TIT,death,40,6,30
575186,2013-04-03,2012-13,2,TIT,WAR,powerplay,26,2,36
575186,2013-04-03,2012-13,2,TIT,WAR,middle,66,1,54
575186,2013-04-03,2012-13,2,TIT,WAR,death,38,3,29
575187,2013-04-07,2012-13,1,LIONS,TIT,powerplay,45,0,36
575187,2013-04-07,2012-13,1,LIONS,TIT,middle,69,3,54
575187,2013-04-07,2012-13,1,LIONS,TIT,death,41,2,30
575187,2013-04-07,2012-13,2,TIT,LIONS,powerplay,45,1,36
575187,2013-04-07,2012-13,2,TIT,LIONS,middle,62,5,54
575187,2013-04-07,2012-13,2,TIT,LIONS,death,18,4,19
652257,2014-01-08,2013-14,1,KNG,WAR,powerplay,46,3,36
652257,2014-01-08,2013-14,1,KNG,WAR,middle,47,2,54
652257,2014-01-08,2013-14,1,KNG,WAR,death,23,1,30
652257,2014-01-08,2013-14,2,WAR,KNG,powerplay,33,1,36
652257,2014-01-08,2013-14,2,WAR,KNG,middle,47,2,54
652257,2014-01-08,2013-14,2,WAR,KNG,death,39,2,27
652259,2014-01-10,2013-14,1,KNG,DOL,powerplay,48,0,36
652259,2014-01-10,2013-14,1,KNG,DOL,middle,84,1,54
652259,2014-01-10,2013-14,1,KNG,DOL,death,44,3,30
652259,2014-01-10,2013-14,2,DOL,KNG,powerplay,50,1,36
652259,2014-01-10,2013-14,2,DOL,KNG,middle,76,3,54
652259,2014-01-10,2013-14,2,DOL,KNG,death,51,2,23
652261,2014-01-09,2013-14,1,WPR,TIT,powerplay,55,1,36
652261,2014-01-09,2013-14,1,WPR,TIT,middle,41,3,43
652261,2014-01-09,2013-14,1,WPR,TIT,death,0,0,0
652261,2014-01-09,2013-14,2,TIT,WPR,powerplay,50,3,36
652261,2014-01-09,2013-14,2,TIT,WPR,middle,39,1,21
652261,2014-01-09,2013-14,2,TIT,WPR,death,0,0,0
652263,2014-01-11,2013-14,1,WPR,WAR,powerplay,55,2,36
652263,2014-01-11,2013-14,1,WPR,WAR,middle,60,1,54
652263,2014-01-11,2013-14,1,WPR,WAR,death,45,3,30
652263,2014-01-11,2013-14,2,WAR,WPR,powerplay,31,2,36
652263,2014-01-11,2013-14,2,WAR,WPR,middle,60,5,54
652263,2014-01-11,2013-14,2,WAR,WPR,death,51,2,30
652265,2014-01-05,2013-14,1,DOL,TIT,powerplay,29,2,36
652265,2014-01-05,2013-14,1,DOL,TIT,middle,59,2,54
652265,2014-01-05,2013-14,1,DOL,TIT,death,66,0,30
652265,2014-01-05,2013-14,2,TIT,DOL,powerplay,28,3,36
652265,2014-01-05,2013-14,2,TIT,DOL,middle,57,3,54
652265,2014-01-05,2013-14,2,TIT,DOL,death,61,1,30
652267,2014-01-12,2013-14,1,LIONS,KNG,powerplay,45,1,36
652267,2014-01-12,2013-14,1,LIONS,KNG,middle,64,1,54
652267,2014-01-12,2013-14,1,LIONS,KNG,death,42,2,30
652267,2014-01-12,2013-14,2,KNG,LIONS,powerplay,61,0,36
652267,2014-01-12,2013-14,2,KNG,LIONS,middle,65,0,54
652267,2014-01-12,2013-14,2,KNG,LIONS,death,27,1,22
652269,2014-01-15,2013-14,1,WPR,LIONS,powerplay,43,1,36
652269,2014-01-15,2013-14,1,WPR,LIONS,middle,82,0,54
652269,2014-01-15,2013-14,1,WPR,LIONS,death,62,1,30
652269,2014-01-15,2013-14,2,LIONS,WPR,powerplay,49,1,36
652269,2014-01-15,2013-14,2,LIONS,WPR,middle,68,4,54
652269,2014-01-15,2013-14,2,LIONS,WPR,death,55,3,30
652273,2014-01-17,2013-14,1,WPR,KNG,powerplay,75,0,36
652273,2014-01-17,2013-14,1,WPR,KNG,middle,96,1,54
652273,2014-01-17,2013-14,1,WPR,KNG,death,37,2,30
652273,2014-01-17,2013-14,2,KNG,WPR,powerplay,47,3,36
652273,2014-01-17,2013-14,2,KNG,WPR,middle,44,4,54
652273,2014-01-17,2013-14,2,KNG,WPR,death,37,1,30
652275,2014-01-17,2013-14,1,WAR,DOL,powerplay,53,1,36
652275,2014-01-17,2013-14,1,WAR,DOL,middle,64,3,54
652275,2014-01-17,2013-14,1,WAR,DOL,death,35,3,30
652275,2014-01-17,2013-14,2,DOL,WAR,powerplay,59,2,36
652275,2014-01-17,2013-14,2,DOL,WAR,middle,58,1,54
652275,2014-01-17,2013-14,2,DOL,WAR,death,35,6,30
652277,2014-01-17,2013-14,1,TIT,LIONS,powerplay,41,2,36
652277,2014-01-17,2013-14,1,TIT,LIONS,middle,81,2,54
652277,2014-01-17,2013-14,1,TIT,LIONS,death,36,5,30
652277,2014-01-17,2013-14,2,LIONS,TIT,powerplay,48,0,36
652277,2014-01-17,2013-14,2,LIONS,TIT,middle,65,2,54
652277,2014-01-17,2013-14,2,LIONS,TIT,death,35,1,30
652279,2014-01-19,2013-14,1,WAR,LIONS,powerplay,50,1,36
652279,2014-01-19,2013-14,1,WAR,LIONS,middle,72,2,54
652279,2014-01-19,2013-14,1,WAR,LIONS,death,34,2,30
652279,2014-01-19,2013-14,2,LIONS,WAR,powerplay,53,0,36
652279,2014-01-19,2013-14,2,LIONS,WAR,middle,59,4,54
652279,2014-01-19,2013-14,2,LIONS,WAR,death,44,4,30
652281,2014-01-19,2013-14,1,WPR,DOL,powerplay,32,2,36
652281,2014-01-19,2013-14,1,WPR,DOL,middle,71,1,54
652281,2014-01-19,2013-14,1,WPR,DOL,death,54,4,30
652281,2014-01-19,2013-14,2,DOL,WPR,powerplay,24,4,36
652281,2014-01-19,2013-14,2,DOL,WPR,middle,67,1,54
652281,2014-01-19,2013-14,2,DOL,WPR,death,41,3,30
652283,2014-01-19,2013-14,1,TIT,KNG,powerplay,39,2,36
652283,2014-01-19,2013-14,1,TIT,KNG,middle,77,2,54
652283,2014-01-19,2013-14,1,TIT,KNG,death,32,6,30
652283,2014-01-19,2013-14,2,KNG,TIT,powerplay,25,2,36
652283,2014-01-19,2013-14,2,KNG,TIT,middle,88,0,54
652283,2014-01-19,2013-14,2,KNG,TIT,death,36,1,23
652285,2014-01-22,2013-14,1,WPR,TIT,powerplay,33,2,36
652285,2014-01-22,2013-14,1,WPR,TIT,middle,69,2,54
652285,2014-01-22,2013-14,1,WPR,TIT,death,27,5,30
652285,2014-01-22,2013-14,2,TIT,WPR,powerplay,30,1,36
652285,2014-01-22,2013-14,2,TIT,WPR,middle,59,2,54
652285,2014-01-22,2013-14,2,TIT,WPR,death,27,3,30
652289,2014-01-22,2013-14,1,KNG,WAR,powerplay,37,2,36
652289,2014-01-22,2013-14,1,KNG,WAR,middle,52,3,54
652289,2014-01-22,2013-14,1,KNG,WAR,death,56,1,30
652289,2014-01-22,2013-14,2,WAR,KNG,powerplay,38,2,36
652289,2014-01-22,2013-14,2,WAR,KNG,middle,62,2,54
652289,2014-01-22,2013-14,2,WAR,KNG,death,40,2,30
652291,2014-01-24,2013-14,1,DOL,WPR,powerplay,48,1,36
652291,2014-01-24,2013-14,1,DOL,WPR,middle,71,3,54
652291,2014-01-24,2013-14,1,DOL,WPR,death,26,4,30
652291,2014-01-24,2013-14,2,WPR,DOL,powerplay,19,3,36
652291,2014-01-24,2013-14,2,WPR,DOL,middle,59,4,54
652291,2014-01-24,2013-14,2,WPR,DOL,death,60,1,30
652293,2014-01-24,2013-14,1,WAR,TIT,powerplay,27,3,36
652293,2014-01-24,2013-14,1,WAR,TIT,middle,32,6,34
652293,2014-01-24,2013-14,1,WAR,TIT,death,0,0,0
652297,2014-01-26,2013-14,1,WAR,DOL,powerplay,39,2,36
652297,2014-01-26,2013-14,1,WAR,DOL,middle,62,2,54
652297,2014-01-26,2013-14,1,WAR,DOL,death,40,2,30
652297,2014-01-26,2013-14,2,DOL,WAR,powerplay,34,3,36
652297,2014-01-26,2013-14,2,DOL,WAR,middle,73,1,54
652297,2014-01-26,2013-14,2,DOL,WAR,death,32,4,30
652303,2014-01-05,2013-14,1,WAR,LIONS,powerplay,34,3,36
652303,2014-01-05,2013-14,1,WAR,LIONS,middle,45,3,54
652303,2014-01-05,2013-14,1,WAR,LIONS,death,61,1,30
652303,2014-01-05,2013-14,2,LIONS,WAR,powerplay,33,0,36
652303,2014-01-05,2013-14,2,LIONS,WAR,middle,47,6,54
652303,2014-01-05,2013-14,2,LIONS,WAR,death,34,4,29
652305,2014-01-29,2013-14,1,TIT,DOL,powerplay,30,3,36
652305,2014-01-29,2013-14,1,TIT,DOL,middle,60,2,54
652305,2014-01-29,2013-14,1,TIT,DOL,death,25,2,30
652305,2014-01-29,2013-14,2,DOL,TIT,powerplay,49,1,36
652305,2014-01-29,2013-14,2,DOL,TIT,middle,59,0,54
652305,2014-01-29,2013-14,2,DOL,TIT,death,12,1,11
652307,2014-01-31,2013-14,1,DOL,KNG,powerplay,49,1,36
652307,2014-01-31,2013-14,1,DOL,KNG,middle,70,2,54
652307,2014-01-31,2013-14,1,DOL,KNG,death,51,1,30
652307,2014-01-31,2013-14,2,KNG,DOL,powerplay,36,3,36
652307,2014-01-31,2013-14,2,KNG,DOL,middle,50,7,44
652307,2014-01-31,2013-14,2,KNG,DOL,death,0,0,0
652309,2014-01-31,2013-14,1,LIONS,WPR,powerplay,29,5,36
652309,2014-01-31,2013-14,1,LIONS,WPR,middle,50,3,54
652309,2014-01-31,2013-14,1,LIONS,WPR,death,23,2,13
652309,2014-01-31,2013-14,2,WPR,LIONS,powerplay,30,1,36
652309,2014-01-31,2013-14,2,WPR,LIONS,middle,65,2,54
652309,2014-01-31,2013-14,2,WPR,LIONS,death,8,0,3
652311,2014-02-02,2013-14,1,WAR,WPR,powerplay,42,2,36
652311,2014-02-02,2013-14,1,WAR,WPR,middle,62,3,54
652311,2014-02-02,2013-14,1,WAR,WPR,death,42,3,30
652311,2014-02-02,2013-14,2,WPR,WAR,powerplay,49,2,36
652311,2014-02-02,2013-14,2,WPR,WAR,middle,60,2,54
652311,2014-02-02,2013-14,2,WPR,WAR,death,40,0,22
652313,2014-02-02,2013-14,1,KNG,TIT,powerplay,35,0,36
652313,2014-02-02,2013-14,1,KNG,TIT,middle,59,2,54
652313,2014-02-02,2013-14,1,KNG,TIT,death,43,5,30
652313,2014-02-02,2013-14,2,TIT,KNG,powerplay,48,0,36
652313,2014-02-02,2013-14,2,TIT,KNG,middle,60,2,54
652313,2014-02-02,2013-14,2,TIT,KNG,death,30,0,15
652315,2014-02-02,2013-14,1,LIONS,DOL,powerplay,52,0,36
652315,2014-02-02,2013-14,1,LIONS,DOL,middle,57,3,54
652315,2014-02-02,2013-14,1,LIONS,DOL,death,50,0,30
652315,2014-02-02,2013-14,2,DOL,LIONS,powerplay,49,1,36
652315,2014-02-02,2013-14,2,DOL,LIONS,middle,51,5,54
652315,2014-02-02,2013-14,2,DOL,LIONS,death,52,2,30
652319,2014-02-09,2013-14,1,DOL,WPR,powerplay,47,1,36
652319,2014-02-09,2013-14,1,DOL,WPR,middle,56,3,54
652319,2014-02-09,2013-14,1,DOL,WPR,death,43,4,30
652319,2014-02-09,2013-14,2,WPR,DOL,powerplay,21,4,36
652319,2014-02-09,2013-14,2,WPR,DOL,middle,81,0,54
652319,2014-02-09,2013-14,2,WPR,DOL,death,42,3,30
716623,2014-02-06,2013-14,1,DOL,TIT,powerplay,48,0,36
716623,2014-02-06,2013-14,1,DOL,TIT,middle,60,4,54
716623,2014-02-06,2013-14,1,DOL,TIT,death,92,0,30
716623,2014-02-06,2013-14,2,TIT,DOL,powerplay,35,1,36
716623,2014-02-06,2013-14,2,TIT,DOL,middle,97,3,54
716623,2014-02-06,2013-14,2,TIT,DOL,death,37,6,26
736255,2014-11-02,2014-15,1,KNG,WAR,powerplay,60,0,36
736255,2014-11-02,2014-15,1,KNG,WAR,middle,61,4,54
736255,2014-11-02,2014-15,1,KNG,WAR,death,84,1,30
736255,2014-11-02,2014-15,2,WAR,KNG,powerplay,40,2,36
736255,2014-11-02,2014-15,2,WAR,KNG,middle,68,4,54
736255,2014-11-02,2014-15,2,WAR,KNG,death,23,4,23
736257,2014-11-02,2014-15,1,WPR,TIT,powerplay,79,1,36
736257,2014-11-02,2014-15,1,WPR,TIT,middle,64,3,54
736257,2014-11-02,2014-15,1,WPR,TIT,death,64,1,30
736257,2014-11-02,2014-15,2,TIT,WPR,powerplay,62,0,36
736257,2014-11-02,2014-15,2,TIT,WPR,middle,90,1,54
736257,2014-11-02,2014-15,2,TIT,WPR,death,41,3,30
736259,2014-11-02,2014-15,1,DOL,LIONS,powerplay,45,2,36
736259,2014-11-02,2014-15,1,DOL,LIONS,middle,82,3,54
736259,2014-11-02,2014-15,1,DOL,LIONS,death,45,4,30
736259,2014-11-02,2014-15,2,LIONS,DOL,powerplay,56,3,36
736259,2014-11-02,2014-15,2,LIONS,DOL,middle,76,1,54
736259,2014-11-02,2014-15,2,LIONS,DOL,death,41,0,23
736261,2014-11-05,2014-15,1,DOL,WAR,powerplay,46,1,36
736261,2014-11-05,2014-15,1,DOL,WAR,middle,74,2,54
736261,2014-11-05,2014-15,1,DOL,WAR,death,61,1,30
736261,2014-11-05,2014-15,2,WAR,DOL,powerplay,29,4,36
736261,2014-11-05,2014-15,2,WAR,DOL,middle,64,3,54
736261,2014-11-05,2014-15,2,WAR,DOL,death,34,1,30
736263,2014-11-07,2014-15,1,DOL,WPR,powerplay,55,1,36
736263,2014-11-07,2014-15,1,DOL,WPR,middle,38,4,54
736263,2014-11-07,2014-15,1,DOL,WPR,death,34,4,30
736263,2014-11-07,2014-15,2,WPR,DOL,powerplay,62,1,36
736263,2014-11-07,2014-15,2,WPR,DOL,middle,62,0,54
736263,2014-11-07,2014-15,2,WPR,DOL,death,6,1,4
736265,2014-11-07,2014-15,1,WAR,LIONS,powerplay,38,1,36
736265,2014-11-07,2014-15,1,WAR,LIONS,middle,47,4,54
736265,2014-11-07,2014-15,1,WAR,LIONS,death,59,1,30
736265,2014-11-07,2014-15,2,LIONS,WAR,powerplay,77,0,36
736265,2014-11-07,2014-15,2,LIONS,WAR,middle,73,0,50
736265,2014-11-07,2014-15,2,LIONS,WAR,death,0,0,0
736267,2014-11-07,2014-15,1,KNG,TIT,powerplay,59,1,36
736267,2014-11-07,2014-15,1,KNG,TIT,middle,84,1,54
736267,2014-11-07,2014-15,1,KNG,TIT,death,36,5,30
736267,2014-11-07,2014-15,2,TIT,KNG,powerplay,41,1,36
736267,2014-11-07,2014-15,2,TIT,KNG,middle,67,2,54
736267,2014-11-07,2014-15,2,TIT,KNG,death,36,2,30
736269,2014-11-09,2014-15,1,DOL,TIT,powerplay,75,1,36
736269,2014-11-09,2014-15,1,DOL,TIT,middle,76,2,54
736269,2014-11-09,2014-15,1,DOL,TIT,death,43,2,30
736269,2014-11-09,2014-15,2,TIT,DOL,powerplay,50,2,36
736269,2014-11-09,2014-15,2,TIT,DOL,middle,48,5,54
736269,2014-11-09,2014-15,2,TIT,DOL,death,32,2,30
736275,2014-11-14,2014-15,1,DOL,WAR,powerplay,59,1,36
736275,2014-11-14,2014-15,1,DOL,WAR,middle,41,3,54
736275,2014-11-14,2014-15,1,DOL,WAR,death,42,2,30
736275,2014-11-14,2014-15,2,WAR,DOL,powerplay,41,1,36
736275,2014-11-14,2014-15,2,WAR,DOL,middle,59,0,54
736275,2014-11-14,2014-15,2,WAR,DOL,death,43,2,30
736277,2014-11-14,2014-15,1,TIT,KNG,powerplay,37,0,36
736277,2014-11-14,2014-15,1,TIT,KNG,middle,64,3,54
736277,2014-11-14,2014-15,1,TIT,KNG,death,34,3,30
736277,2014-11-14,2014-15,2,KNG,TIT,powerplay,45,1,36
736277,2014-11-14,2014-15,2,KNG,TIT,middle,80,0,54
736277,2014-11-14,2014-15,2,KNG,TIT,death,15,1,8
736279,2014-11-14,2014-15,1,LIONS,WPR,powerplay,41,0,36
736279,2014-11-14,2014-15,1,LIONS,WPR,middle,60,3,54
736279,2014-11-14,2014-15,1,LIONS,WPR,death,40,4,30
736279,2014-11-14,2014-15,2,WPR,LIONS,powerplay,36,1,36
736279,2014-11-14,2014-15,2,WPR,LIONS,middle,41,4,54
736279,2014-11-14,2014-15,2,WPR,LIONS,death,17,4,30
736283,2014-11-16,2014-15,1,WAR,LIONS,powerplay,29,2,36
736283,2014-11-16,2014-15,1,WAR,LIONS,middle,42,3,54
736283,2014-11-16,2014-15,1,WAR,LIONS,death,55,2,30
736283,2014-11-16,2014-15,2,LIONS,WAR,powerplay,24,1,36
736283,2014-11-16,2014-15,2,LIONS,WAR,middle,50,3,54
736283,2014-11-16,2014-15,2,LIONS,WAR,death,56,0,27
736285,2014-11-16,2014-15,1,DOL,KNG,powerplay,16,5,36
736285,2014-11-16,2014-15,1,DOL,KNG,middle,48,1,54
736285,2014-11-16,2014-15,1,DOL,KNG,death,18,4,23
736287,2014-11-21,2014-15,1,KNG,WAR,powerplay,28,3,36
736287,2014-11-21,2014-15,1,KNG,WAR,middle,53,1,54
736287,2014-11-21,2014-15,1,KNG,WAR,death,65,0,30
736287,2014-11-21,2014-15,2,WAR,KNG,powerplay,45,1,36
736287,2014-11-21,2014-15,2,WAR,KNG,middle,61,0,54
736287,2014-11-21,2014-15,2,WAR,KNG,death,43,1,27
736289,2014-11-21,2014-15,1,DOL,WPR,powerplay,53,2,36
736289,2014-11-21,2014-15,1,DOL,WPR,middle,31,6,24
736289,2014-11-21,2014-15,1,DOL,WPR,death,0,0,0
736289,2014-11-21,2014-15,2,WPR,DOL,powerplay,55,1,36
736289,2014-11-21,2014-15,2,WPR,DOL,middle,34,2,20
736289,2014-11-21,2014-15,2,WPR,DOL,death,0,0,0
736291,2014-11-21,2014-15,1,TIT,LIONS,powerplay,62,0,36
736291,2014-11-21,2014-15,1,TIT,LIONS,middle,89,5,54
736291,2014-11-21,2014-15,1,TIT,LIONS,death,10,1,6
736291,2014-11-21,2014-15,2,LIONS,TIT,powerplay,38,2,36
736291,2014-11-21,2014-15,2,LIONS,TIT,middle,90,3,54
736291,2014-11-21,2014-15,2,LIONS,TIT,death,12,0,6
736293,2014-11-23,2014-15,1,WPR,LIONS,powerplay,38,1,36
736293,2014-11-23,2014-15,1,WPR,LIONS,middle,76,1,54
736293,2014-11-23,2014-15,1,WPR,LIONS,death,40,5,30
736293,2014-11-23,2014-15,2,LIONS,WPR,powerplay,31,2,36
736293,2014-11-23,2014-15,2,LIONS,WPR,middle,46,6,54
736293,2014-11-23,2014-15,2,LIONS,WPR,death,0,2,3
736295,2014-11-23,2014-15,1,TIT,WAR,powerplay,59,4,36
736295,2014-11-23,2014-15,1,TIT,WAR,middle,20,1,12
736295,2014-11-23,2014-15,1,TIT,WAR,death,0,0,0
736295,2014-11-23,2014-15,2,WAR,TIT,powerplay,57,3,36
736295,2014-11-23,2014-15,2,WAR,TIT,middle,22,2,12
736295,2014-11-23,2014-15,2,WAR,TIT,death,0,0,0
736297,2014-11-26,2014-15,1,TIT,DOL,powerplay,37,2,36
736297,2014-11-26,2014-15,1,TIT,DOL,middle,76,1,54
736297,2014-11-26,2014-15,1,TIT,DOL,death,63,4,30
736297,2014-11-26,2014-15,2,DOL,TIT,powerplay,32,2,36
736297,2014-11-26,2014-15,2,DOL,TIT,middle,75,3,54
736297,2014-11-26,2014-15,2,DOL,TIT,death,50,3,30
736299,2014-11-28,2014-15,1,WPR,WAR,powerplay,51,0,36
736299,2014-11-28,2014-15,1,WPR,WAR,middle,87,0,54
736299,2014-11-28,2014-15,1,WPR,WAR,death,49,3,30
736299,2014-11-28,2014-15,2,WAR,WPR,powerplay,22,3,36
736299,2014-11-28,2014-15,2,WAR,WPR,middle,68,5,54
736299,2014-11-28,2014-15,2,WAR,WPR,death,25,2,19
736301,2014-11-28,2014-15,1,KNG,DOL,powerplay,26,2,36
736301,2014-11-28,2014-15,1,KNG,DOL,middle,65,1,54
736301,2014-11-28,2014-15,1,KNG,DOL,death,76,2,30
736301,2014-11-28,2014-15,2,DOL,KNG,powerplay,28,2,36
736301,2014-11-28,2014-15,2,DOL,KNG,middle,73,3,54
736301,2014-11-28,2014-15,2,DOL,KNG,death,27,5,21
736303,2014-11-28,2014-15,1,LIONS,TIT,powerplay,28,2,36
736303,2014-11-28,2014-15,1,LIONS,TIT,middle,76,0,54
736303,2014-11-28,2014-15,1,LIONS,TIT,death,75,1,30
736303,2014-11-28,2014-15,2,TIT,LIONS,powerplay,54,0,36
736303,2014-11-28,2014-15,2,TIT,LIONS,middle,64,3,54
736303,2014-11-28,2014-15,2,TIT,LIONS,death,60,3,30
736305,2014-11-30,2014-15,1,LIONS,DOL,powerplay,24,3,36
736305,2014-11-30,2014-15,1,LIONS,DOL,middle,49,2,54
736305,2014-11-30,2014-15,1,LIONS,DOL,death,48,2,30
736305,2014-11-30,2014-15,2,DOL,LIONS,powerplay,28,2,36
736305,2014-11-30,2014-15,2,DOL,LIONS,middle,74,2,54
736305,2014-11-30,2014-15,2,DOL,LIONS,death,20,1,25
736307,2014-11-30,2014-15,1,WAR,TIT,powerplay,43,3,36
736307,2014-11-30,2014-15,1,WAR,TIT,middle,50,1,54
736307,2014-11-30,2014-15,1,WAR,TIT,death,55,3,30
736307,2014-11-30,2014-15,2,TIT,WAR,powerplay,42,0,36
736307,2014-11-30,2014-15,2,TIT,WAR,middle,55,3,54
736307,2014-11-30,2014-15,2,TIT,WAR,death,31,4,30
736309,2014-11-30,2014-15,1,WPR,KNG,powerplay,27,0,36
736309,2014-11-30,2014-15,1,WPR,KNG,middle,70,1,54
736309,2014-11-30,2014-15,1,WPR,KNG,death,48,3,30
736309,2014-11-30,2014-15,2,KNG,WPR,powerplay,37,0,36
736309,2014-11-30,2014-15,2,KNG,WPR,middle,50,4,54
736309,2014-11-30,2014-15,2,KNG,WPR,death,50,0,30
736311,2014-12-03,2014-15,1,WAR,WPR,powerplay,25,2,36
736311,2014-12-03,2014-15,1,WAR,WPR,middle,67,1,54
736311,2014-12-03,2014-15,1,WAR,WPR,death,39,2,30
736311,2014-12-03,2014-15,2,WPR,WAR,powerplay,46,0,36
736311,2014-12-03,2014-15,2,WPR,WAR,middle,54,1,54
736311,2014-12-03,2014-15,2,WPR,WAR,death,35,0,19
736313,2014-12-03,2014-15,1,KNG,LIONS,powerplay,55,1,36
736313,2014-12-03,2014-15,1,KNG,LIONS,middle,77,2,54
736313,2014-12-03,2014-15,1,KNG,LIONS,death,54,4,30
736313,2014-12-03,2014-15,2,LIONS,KNG,powerplay,22,0,14
736313,2014-12-03,2014-15,2,LIONS,KNG,middle,0,0,0
736313,2014-12-03,2014-15,2,LIONS,KNG,death,0,0,0
736315,2014-12-07,2014-15,1,LIONS,KNG,powerplay,43,2,36
736315,2014-12-07,2014-15,1,LIONS,KNG,middle,61,2,54
736315,2014-12-07,2014-15,1,LIONS,KNG,death,44,1,30
736315,2014-12-07,2014-15,2,KNG,LIONS,powerplay,43,1,36
736315,2014-12-07,2014-15,2,KNG,LIONS,middle,73,0,54
736315,2014-12-07,2014-15,2,KNG,LIONS,death,34,1,17
736317,2014-12-12,2014-15,1,WPR,KNG,powerplay,28,1,36
736317,2014-12-12,2014-15,1,WPR,KNG,middle,62,2,54
736317,2014-12-12,2014-15,1,WPR,KNG,death,68,1,30
736317,2014-12-12,2014-15,2,KNG,WPR,powerplay,35,0,36
736317,2014-12-12,2014-15,2,KNG,WPR,middle,64,3,54
736317,2014-12-12,2014-15,2,KNG,WPR,death,26,6,30
851933,2015-11-01,2015-16,1,DOL,TIT,powerplay,56,1,36
851933,2015-11-01,2015-16,1,DOL,TIT,middle,65,3,54
851933,2015-11-01,2015-16,1,DOL,TIT,death,58,0,30
851933,2015-11-01,2015-16,2,TIT,DOL,powerplay,46,2,36
851933,2015-11-01,2015-16,2,TIT,DOL,middle,80,4,54
851933,2015-11-01,2015-16,2,TIT,DOL,death,47,2,30
851937,2015-11-06,2015-16,1,WPR,WAR,powerplay,55,0,36
851937,2015-11-06,2015-16,1,WPR,WAR,middle,56,1,54
851937,2015-11-06,2015-16,1,WPR,WAR,death,29,5,30
851937,2015-11-06,2015-16,2,WAR,WPR,powerplay,44,1,36
851937,2015-11-06,2015-16,2,WAR,WPR,middle,58,1,54
851937,2015-11-06,2015-16,2,WAR,WPR,death,33,5,30
851939,2015-11-06,2015-16,1,KNG,DOL,powerplay,39,1,36
851939,2015-11-06,2015-16,1,KNG,DOL,middle,82,1,54
851939,2015-11-06,2015-16,1,KNG,DOL,death,46,2,30
851939,2015-11-06,2015-16,2,DOL,KNG,powerplay,54,1,36
851939,2015-11-06,2015-16,2,DOL,KNG,middle,87,0,54
851939,2015-11-06,2015-16,2,DOL,KNG,death,29,0,10
851943,2015-11-08,2015-16,1,DOL,WAR,powerplay,48,1,36
851943,2015-11-08,2015-16,1,DOL,WAR,middle,79,1,54
851943,2015-11-08,2015-16,1,DOL,WAR,death,52,2,30
851943,2015-11-08,2015-16,2,WAR,DOL,powerplay,48,1,36
851943,2015-11-08,2015-16,2,WAR,DOL,middle,52,7,54
851943,2015-11-08,2015-16,2,WAR,DOL,death,45,2,28
851945,2015-11-08,2015-16,1,TIT,WPR,powerplay,40,2,36
851945,2015-11-08,2015-16,1,TIT,WPR,middle,73,2,54
851945,2015-11-08,2015-16,1,TIT,WPR,death,60,1,30
851945,2015-11-08,2015-16,2,WPR,TIT,powerplay,42,1,36
851945,2015-11-08,2015-16,2,WPR,TIT,middle,50,3,54
851945,2015-11-08,2015-16,2,WPR,TIT,death,55,2,30
851947,2015-11-11,2015-16,1,KNG,WPR,powerplay,56,0,36
851947,2015-11-11,2015-16,1,KNG,WPR,middle,65,3,54
851947,2015-11-11,2015-16,1,KNG,WPR,death,53,2,30
851947,2015-11-11,2015-16,2,WPR,KNG,powerplay,34,2,36
851947,2015-11-11,2015-16,2,WPR,KNG,middle,92,2,54
851947,2015-11-11,2015-16,2,WPR,KNG,death,50,2,24
851949,2015-11-13,2015-16,1,WAR,LIONS,powerplay,39,1,36
851949,2015-11-13,2015-16,1,WAR,LIONS,middle,73,3,54
851949,2015-11-13,2015-16,1,WAR,LIONS,death,43,0,30
851949,2015-11-13,2015-16,2,LIONS,WAR,powerplay,50,2,36
851949,2015-11-13,2015-16,2,LIONS,WAR,middle,61,2,54
851949,2015-11-13,2015-16,2,LIONS,WAR,death,19,5,30
851953,2015-11-15,2015-16,1,DOL,WPR,powerplay,40,2,36
851953,2015-11-15,2015-16,1,DOL,WPR,middle,62,4,54
851953,2015-11-15,2015-16,1,DOL,WPR,death,46,3,30
851953,2015-11-15,2015-16,2,WPR,DOL,powerplay,64,1,36
851953,2015-11-15,2015-16,2,WPR,DOL,middle,50,3,54
851953,2015-11-15,2015-16,2,WPR,DOL,death,38,1,28
851955,2015-11-15,2015-16,1,WAR,TIT,powerplay,46,1,36
851955,2015-11-15,2015-16,1,WAR,TIT,middle,61,2,54
851955,2015-11-15,2015-16,1,WAR,TIT,death,42,4,30
851955,2015-11-15,2015-16,2,TIT,WAR,powerplay,59,0,36
851955,2015-11-15,2015-16,2,TIT,WAR,middle,70,4,54
851955,2015-11-15,2015-16,2,TIT,WAR,death,21,1,13
851957,2015-11-15,2015-16,1,LIONS,KNG,powerplay,17,1,36
851957,2015-11-15,2015-16,1,LIONS,KNG,middle,53,3,54
851957,2015-11-15,2015-16,1,LIONS,KNG,death,42,3,30
851957,2015-11-15,2015-16,2,KNG,LIONS,powerplay,31,2,36
851957,2015-11-15,2015-16,2,KNG,LIONS,middle,41,4,54
851957,2015-11-15,2015-16,2,KNG,LIONS,death,20,4,24
851959,2015-11-18,2015-16,1,TIT,DOL,powerplay,48,1,36
851959,2015-11-18,2015-16,1,TIT,DOL,middle,51,2,54
851959,2015-11-18,2015-16,1,TIT,DOL,death,37,6,30
851959,2015-11-18,2015-16,2,DOL,TIT,powerplay,22,4,36
851959,2015-11-18,2015-16,2,DOL,TIT,middle,45,5,54
851959,2015-11-18,2015-16,2,DOL,TIT,death,3,1,4
851963,2015-11-20,2015-16,1,DOL,WAR,powerplay,35,0,31
851963,2015-11-20,2015-16,1,DOL,WAR,middle,0,0,0
851963,2015-11-20,2015-16,1,DOL,WAR,death,0,0,0
851965,2015-11-22,2015-16,1,KNG,WPR,powerplay,29,2,36
851965,2015-11-22,2015-16,1,KNG,WPR,middle,69,1,54
851965,2015-11-22,2015-16,1,KNG,WPR,death,42,4,30
851965,2015-11-22,2015-16,2,WPR,KNG,powerplay,48,1,36
851965,2015-11-22,2015-16,2,WPR,KNG,middle,59,3,54
851965,2015-11-22,2015-16,2,WPR,KNG,death,37,2,27
851969,2015-11-25,2015-16,1,KNG,LIONS,powerplay,51,0,36
851969,2015-11-25,2015-16,1,KNG,LIONS,middle,65,3,54
851969,2015-11-25,2015-16,1,KNG,LIONS,death,59,2,30
851969,2015-11-25,2015-16,2,LIONS,KNG,powerplay,57,0,36
851969,2015-11-25,2015-16,2,LIONS,KNG,middle,60,3,54
851969,2015-11-25,2015-16,2,LIONS,KNG,death,29,6,30
851971,2015-11-28,2015-16,1,DOL,KNG,powerplay,22,3,36
851971,2015-11-28,2015-16,1,DOL,KNG,middle,30,4,54
851971,2015-11-28,2015-16,1,DOL,KNG,death,30,2,30
851971,2015-11-28,2015-16,2,KNG,DOL,powerplay,31,2,36
851971,2015-11-28,2015-16,2,KNG,DOL,middle,54,0,42
851971,2015-11-28,2015-16,2,KNG,DOL,death,0,0,0
851973,2015-11-28,2015-16,1,TIT,WAR,powerplay,50,0,36
851973,2015-11-28,2015-16,1,TIT,WAR,middle,67,2,54
851973,2015-11-28,2015-16,1,TIT,WAR,death,50,1,30
851973,2015-11-28,2015-16,2,WAR,TIT,powerplay,14,3,36
851973,2015-11-28,2015-16,2,WAR,TIT,middle,84,2,54
851973,2015-11-28,2015-16,2,WAR,TIT,death,29,5,22
851975,2015-11-29,2015-16,1,LIONS,WPR,powerplay,39,1,36
851975,2015-11-29,2015-16,1,LIONS,WPR,middle,60,3,54
851975,2015-11-29,2015-16,1,LIONS,WPR,death,54,1,30
851975,2015-11-29,2015-16,2,WPR,LIONS,powerplay,52,0,36
851975,2015-11-29,2015-16,2,WPR,LIONS,middle,54,2,54
851975,2015-11-29,2015-16,2,WPR,LIONS,death,48,2,25
851977,2015-12-02,2015-16,1,WAR,WPR,powerplay,38,3,36
851977,2015-12-02,2015-16,1,WAR,WPR,middle,60,1,54
851977,2015-12-02,2015-16,1,WAR,WPR,death,55,4,30
851977,2015-12-02,2015-16,2,WPR,WAR,powerplay,40,2,36
851977,2015-12-02,2015-16,2,WPR,WAR,middle,60,2,54
851977,2015-12-02,2015-16,2,WPR,WAR,death,41,3,30
851979,2015-12-04,2015-16,1,WPR,DOL,powerplay,46,3,36
851979,2015-12-04,2015-16,1,WPR,DOL,middle,44,2,54
851979,2015-12-04,2015-16,1,WPR,DOL,death,52,2,30
851979,2015-12-04,2015-16,2,DOL,WPR,powerplay,47,0,36
851979,2015-12-04,2015-16,2,DOL,WPR,middle,47,2,54
851979,2015-12-04,2015-16,2,DOL,WPR,death,52,0,22
851981,2015-12-04,2015-16,1,KNG,WAR,powerplay,49,1,36
851981,2015-12-04,2015-16,1,KNG,WAR,middle,63,2,54
851981,2015-12-04,2015-16,1,KNG,WAR,death,58,2,30
851981,2015-12-04,2015-16,2,WAR,KNG,powerplay,43,2,36
851981,2015-12-04,2015-16,2,WAR,KNG,middle,79,1,54
851981,2015-12-04,2015-16,2,WAR,KNG,death,49,1,30
851983,2015-12-04,2015-16,1,TIT,LIONS,powerplay,66,0,36
851983,2015-12-04,2015-16,1,TIT,LIONS,middle,92,2,54
851983,2015-12-04,2015-16,1,TIT,LIONS,death,0,0,0
851983,2015-12-04,2015-16,2,LIONS,TIT,powerplay,29,5,36
851983,2015-12-04,2015-16,2,LIONS,TIT,middle,64,3,54
851983,2015-12-04,2015-16,2,LIONS,TIT,death,0,0,0
851985,2015-12-06,2015-16,1,TIT,KNG,powerplay,21,2,36
851985,2015-12-06,2015-16,1,TIT,KNG,middle,81,2,54
851985,2015-12-06,2015-16,1,TIT,KNG,death,34,5,30
851985,2015-12-06,2015-16,2,KNG,TIT,powerplay,35,2,36
851985,2015-12-06,2015-16,2,KNG,TIT,middle,86,4,54
851985,2015-12-06,2015-16,2,KNG,TIT,death,18,0,5
851989,2015-12-09,2015-16,1,DOL,WPR,powerplay,49,0,36
851989,2015-12-09,2015-16,1,DOL,WPR,middle,66,1,54
851989,2015-12-09,2015-16,1,DOL,WPR,death,63,2,30
851989,2015-12-09,2015-16,2,WPR,DOL,powerplay,77,0,36
851989,2015-12-09,2015-16,2,WPR,DOL,middle,72,3,54
851989,2015-12-09,2015-16,2,WPR,DOL,death,24,5,30
851991,2015-12-12,2015-16,1,DOL,TIT,powerplay,47,0,36
851991,2015-12-12,2015-16,1,DOL,TIT,middle,62,3,54
851991,2015-12-12,2015-16,1,DOL,TIT,death,50,2,30
851991,2015-12-12,2015-16,2,TIT,DOL,powerplay,47,1,36
851991,2015-12-12,2015-16,2,TIT,DOL,middle,101,2,54
851991,2015-12-12,2015-16,2,TIT,DOL,death,13,0,11
