match_id,season,date,innings,team,opponent,venue,player_id,player,position,runs,balls,fours,sixes,out,is_captain,is_keeper
53588,2022-23,2022-10-17 12:30,1,TIT,DOL,Senwes Park,20538,Dewald Brevis,1,57,44,2,4,c MJ Ackerman b Simelane,False,False
53588,2022-23,2022-10-17 12:30,1,TIT,DOL,Senwes Park,14308,Neil Brand,2,1,3,0,0,c Ottniel Baartman b Eathan Bosch,False,False
53588,2022-23,2022-10-17 12:30,1,TIT,DOL,Senwes Park,9801,Makhanya,3,9,8,1,0,c MJ Ackerman b Eathan Bosch,True,False
53588,2022-23,2022-10-17 12:30,1,TIT,DOL,Senwes Park,8519,Theunis de Bruyn,4,20,22,1,1,b Ottniel Baartman,False,False
53588,2022-23,2022-10-17 12:30,1,TIT,DOL,Senwes Park,14798,Donavon Ferreira,5,24,13,2,2,c Eathan Bosch b Simelane,False,True
53588,2022-23,2022-10-17 12:30,1,TIT,DOL,Senwes Park,9576,Corbin Bosch,6,12,7,2,0,c Subrayen b Thando Ntini,False,False
53588,2022-23,2022-10-17 12:30,1,TIT,DOL,Senwes Park,9581,D Galiem,7,26,13,1,2,not out,False,False
53588,2022-23,2022-10-17 12:30,1,TIT,DOL,Senwes Park,9489,Gqamane,8,14,10,0,1,not out,False,False
53588,2022-23,2022-10-17 12:30,1,TIT,DOL,Senwes Park,13101,Jiveshan Pillay,9,0,0,0,0,,False,False
53588,2022-23,2022-10-17 12:30,1,TIT,DOL,Senwes Park,10175,Junior Dala,10,0,0,0,0,,False,False
53588,2022-23,2022-10-17 12:30,1,TIT,DOL,Senwes Park,7649,Phangiso,11,0,0,0,0,,False,False
53588,2022-23,2022-10-17 12:30,2,DOL,TIT,Senwes Park,14187,Grant Roelofsen,1,68,42,7,2,c Makhanya b D Galiem,False,True
53588,2022-23,2022-10-17 12:30,2,DOL,TIT,Senwes Park,14586,Bryce Parsons,2,10,11,1,0,c Makhanya b Junior Dala,False,False
53588,2022-23,2022-10-17 12:30,2,DOL,TIT,Senwes Park,7668,JJ Smuts,3,14,18,1,0,c D Galiem b Phangiso,False,False
53588,2022-23,2022-10-17 12:30,2,DOL,TIT,Senwes Park,9724,Khaya Zondo,4,4,4,0,0,c and b Dewald Brevis,False,False
53588,2022-23,2022-10-17 12:30,2,DOL,TIT,Senwes Park,12188,Marques Ackerman,5,7,9,0,0,run out (Donavon Ferreira),False,False
53588,2022-23,2022-10-17 12:30,2,DOL,TIT,Senwes Park,9587,Jason Smith,6,9,10,0,0,lbw b Phangiso,False,False
53588,2022-23,2022-10-17 12:30,2,DOL,TIT,Senwes Park,18687,Andile Simelane,7,1,1,0,0,run out (Phangiso),False,False
53588,2022-23,2022-10-17 12:30,2,DOL,TIT,Senwes Park,13098,Eathan Bosch,8,9,10,0,0,c Phangiso b Neil Brand,False,False
53588,2022-23,2022-10-17 12:30,2,DOL,TIT,Senwes Park,8530,Prenelan Subrayen,9,0,2,0,0,run out (Neil Brand/Donavon Ferreira),True,False
53588,2022-23,2022-10-17 12:30,2,DOL,TIT,Senwes Park,13324,Thando Ntini,10,1,4,0,0,not out,False,False
53588,2022-23,2022-10-17 12:30,2,DOL,TIT,Senwes Park,13100,Ottniel Baartman,11,0,1,0,0,c D Galiem b Phangiso,False,False
53595,2022-23,2022-10-17 16:00,1,LIONS,NWEST,Senwes Park,13070,Rickelton,1,22,13,1,2,c Duan Jansen b Eldred Hawken,False,True
53595,2022-23,2022-10-17 16:00,1,LIONS,NWEST,Senwes Park,9719,Delport,2,2,3,0,0,c Khanya Cotani b Duan Jansen,False,False
53595,2022-23,2022-10-17 16:00,1,LIONS,NWEST,Senwes Park,9730,Dominic Hendricks,3,19,19,1,0,c and b Delano Potgieter,False,False
53595,2022-23,2022-10-17 16:00,1,LIONS,NWEST,Senwes Park,19057,Van Buuren,4,23,13,2,2,c Khanya Cotani b Delano Potgieter,False,False
53595,2022-23,2022-10-17 16:00,1,LIONS,NWEST,Senwes Park,11200,Mulder,5,55,41,2,3,c Heino Kuhn b Mungroo,False,False
53595,2022-23,2022-10-17 16:00,1,LIONS,NWEST,Senwes Park,20308,Evan Jones,6,37,24,2,2,c Lesego Senokwane b Eldred Hawken,False,False
53595,2022-23,2022-10-17 16:00,1,LIONS,NWEST,Senwes Park,9708,Siboto,7,6,6,0,0,not out,True,False
53595,2022-23,2022-10-17 16:00,1,LIONS,NWEST,Senwes Park,24546,Codi Yusuf,8,0,1,0,0,not out,False,False
53595,2022-23,2022-10-17 16:00,1,LIONS,NWEST,Senwes Park,11208,Sipamla,9,0,0,0,0,,False,False
53595,2022-23,2022-10-17 16:00,1,LIONS,NWEST,Senwes Park,11872,Tladi Bokako,10,0,0,0,0,,False,False
53595,2022-23,2022-10-17 16:00,1,LIONS,NWEST,Senwes Park,33113,Tetelo Maphaka,11,0,0,0,0,,False,False
53595,2022-23,2022-10-17 16:00,2,NWEST,LIONS,Senwes Park,15654,Wesley Marshall,1,11,6,2,0,c Evan Jones b Tladi Bokako,False,False
53595,2022-23,2022-10-17 16:00,2,NWEST,LIONS,Senwes Park,1666,Heino Kuhn,2,4,2,1,0,b Sipamla,True,False
53595,2022-23,2022-10-17 16:00,2,NWEST,LIONS,Senwes Park,18142,Lesego Senokwane,3,27,29,1,1,b Codi Yusuf,False,False
53595,2022-23,2022-10-17 16:00,2,NWEST,LIONS,Senwes Park,9731,Grant Mokoena,4,20,19,2,0,c Dominic Hendricks b Sipamla,False,False
53595,2022-23,2022-10-17 16:00,2,NWEST,LIONS,Senwes Park,14566,Delano Potgieter,5,34,17,5,1,c and b Delport,False,False
53595,2022-23,2022-10-17 16:00,2,NWEST,LIONS,Senwes Park,11432,Senuran Muthusamy,6,60,29,4,5,not out,False,False
53595,2022-23,2022-10-17 16:00,2,NWEST,LIONS,Senwes Park,15122,Khanya Cotani,7,8,10,0,0,c Rickelton b Mulder,False,True
53595,2022-23,2022-10-17 16:00,2,NWEST,LIONS,Senwes Park,18523,Duan Jansen,8,5,3,1,0,not out,False,False
53595,2022-23,2022-10-17 16:00,2,NWEST,LIONS,Senwes Park,20526,Caleb Seleka,9,0,0,0,0,,False,False
53595,2022-23,2022-10-17 16:00,2,NWEST,LIONS,Senwes Park,10992,Eldred Hawken,10,0,0,0,0,,False,False
53595,2022-23,2022-10-17 16:00,2,NWEST,LIONS,Senwes Park,13150,Kerwin Mungroo,11,0,0,0,0,,False,False
53609,2022-23,2022-10-18 16:00,1,WPR,BOL,Senwes Park,11209,Verreynne,1,4,3,1,0,c Fortuin b Viljoen,False,True
53609,2022-23,2022-10-18 16:00,1,WPR,BOL,Senwes Park,20541,Cunningham,2,2,3,0,0,b Khwezi Gumede,False,False
53609,2022-23,2022-10-18 16:00,1,WPR,BOL,Senwes Park,11196,Tony de Zorzi,3,15,13,3,0,b Ferisco Adams,True,False
53609,2022-23,2022-10-18 16:00,1,WPR,BOL,Senwes Park,20267,Daniel Smith,4,25,24,3,0,c Behardien b Imran Manack,False,False
53609,2022-23,2022-10-18 16:00,1,WPR,BOL,Senwes Park,17026,Mpongwana,5,1,3,0,0,b Ferisco Adams,False,False
53609,2022-23,2022-10-18 16:00,1,WPR,BOL,Senwes Park,10187,George Linde,6,39,38,4,0,c Michael Copeland b Bamanye Xenxe,False,False
53609,2022-23,2022-10-18 16:00,1,WPR,BOL,Senwes Park,31979,Abdullah Bayoumy,7,3,6,0,0,b Imran Manack,False,False
53609,2022-23,2022-10-18 16:00,1,WPR,BOL,Senwes Park,12223,Kyle Simmonds,8,28,17,3,1,not out,False,False
53609,2022-23,2022-10-18 16:00,1,WPR,BOL,Senwes Park,9490,B Hendricks,9,17,13,1,0,not out,False,False
53609,2022-23,2022-10-18 16:00,1,WPR,BOL,Senwes Park,10679,Tshepo Moreki,10,0,0,0,0,,False,False
53609,2022-23,2022-10-18 16:00,1,WPR,BOL,Senwes Park,13629,Dawood,11,0,0,0,0,,False,False
53609,2022-23,2022-10-18 16:00,2,BOL,WPR,Senwes Park,13067,Janneman Malan,1,60,43,5,2,b Abdullah Bayoumy,False,False
53609,2022-23,2022-10-18 16:00,2,BOL,WPR,Senwes Park,11398,Leus du Plooy,2,18,9,3,1,c Abdullah Bayoumy b Kyle Simmonds,False,False
53609,2022-23,2022-10-18 16:00,2,BOL,WPR,Senwes Park,11891,Pieter Malan,3,17,13,2,1,c Mpongwana b Abdullah Bayoumy,True,False
53609,2022-23,2022-10-18 16:00,2,BOL,WPR,Senwes Park,9580,Clyde Fortuin,4,43,27,6,1,c Verreynne b Tshepo Moreki,False,True
53609,2022-23,2022-10-18 16:00,2,BOL,WPR,Senwes Park,15123,Michael Copeland,5,0,1,0,0,b Tshepo Moreki,False,False
53609,2022-23,2022-10-18 16:00,2,BOL,WPR,Senwes Park,8283,Farhaan Behardien,6,1,1,0,0,not out,False,False
53609,2022-23,2022-10-18 16:00,2,BOL,WPR,Senwes Park,9493,Hardus Viljoen,7,9,3,2,0,not out,False,False
53609,2022-23,2022-10-18 16:00,2,BOL,WPR,Senwes Park,10194,Ferisco Adams,8,0,0,0,0,,False,False
53609,2022-23,2022-10-18 16:00,2,BOL,WPR,Senwes Park,20417,Bamanye Xenxe,9,0,0,0,0,,False,False
53609,2022-23,2022-10-18 16:00,2,BOL,WPR,Senwes Park,14687,Imran Manack,10,0,0,0,0,,False,False
53609,2022-23,2022-10-18 16:00,2,BOL,WPR,Senwes Park,15564,Khwezi Gumede,11,0,0,0,0,,False,False
53616,2022-23,2022-10-19 12:30,1,TIT,LIONS,Senwes Park,20538,Dewald Brevis,1,30,17,3,2,c Van Buuren b Delport,False,False
53616,2022-23,2022-10-19 12:30,1,TIT,LIONS,Senwes Park,13101,Jiveshan Pillay,2,61,44,6,3,lbw b Tetelo Maphaka,False,False
53616,2022-23,2022-10-19 12:30,1,TIT,LIONS,Senwes Park,9801,Makhanya,3,23,17,1,1,c Van Buuren b Evan Jones,True,False
53616,2022-23,2022-10-19 12:30,1,TIT,LIONS,Senwes Park,14798,Donavon Ferreira,4,13,6,0,2,c Delport b Sipamla,False,True
53616,2022-23,2022-10-19 12:30,1,TIT,LIONS,Senwes Park,8519,Theunis de Bruyn,5,22,12,0,2,c Mulder b Siboto,False,False
53616,2022-23,2022-10-19 12:30,1,TIT,LIONS,Senwes Park,9576,Corbin Bosch,6,18,15,3,0,c Van Buuren b Sipamla,False,False
53616,2022-23,2022-10-19 12:30,1,TIT,LIONS,Senwes Park,9581,D Galiem,7,6,5,0,0,not out,False,False
53616,2022-23,2022-10-19 12:30,1,TIT,LIONS,Senwes Park,9489,Gqamane,8,9,4,0,1,not out,False,False
53616,2022-23,2022-10-19 12:30,1,TIT,LIONS,Senwes Park,9540,Harmer,9,0,0,0,0,,False,False
53616,2022-23,2022-10-19 12:30,1,TIT,LIONS,Senwes Park,7649,Phangiso,10,0,0,0,0,,False,False
53616,2022-23,2022-10-19 12:30,1,TIT,LIONS,Senwes Park,10175,Junior Dala,11,0,0,0,0,,False,False
53616,2022-23,2022-10-19 12:30,2,LIONS,TIT,Senwes Park,13070,Ryan Rickelton,1,2,7,0,0,run out (Gqamane),False,True
53616,2022-23,2022-10-19 12:30,2,LIONS,TIT,Senwes Park,9719,Cameron Delport,2,3,5,0,0,c Makhanya b Harmer,False,False
53616,2022-23,2022-10-19 12:30,2,LIONS,TIT,Senwes Park,9730,Dominic Hendricks,3,0,2,0,0,c Gqamane b D Galiem,False,False
53616,2022-23,2022-10-19 12:30,2,LIONS,TIT,Senwes Park,19057,Mitchell Van Buuren,4,19,16,1,1,b Phangiso,False,False
53616,2022-23,2022-10-19 12:30,2,LIONS,TIT,Senwes Park,11200,Wiaan Mulder,5,29,24,2,1,c and b Dewald Brevis,False,False
53616,2022-23,2022-10-19 12:30,2,LIONS,TIT,Senwes Park,33183,Muhammad Manack,6,4,8,0,0,c Donavon Ferreira b Dewald Brevis,False,False
53616,2022-23,2022-10-19 12:30,2,LIONS,TIT,Senwes Park,20308,Evan Jones,7,33,30,2,2,c Corbin Bosch b Junior Dala,False,False
53616,2022-23,2022-10-19 12:30,2,LIONS,TIT,Senwes Park,9708,Malusi Siboto,8,9,14,0,0,c Harmer b Junior Dala,True,False
53616,2022-23,2022-10-19 12:30,2,LIONS,TIT,Senwes Park,24546,Codi Yusuf,9,5,10,0,0,not out,False,False
53616,2022-23,2022-10-19 12:30,2,LIONS,TIT,Senwes Park,11208,Lutho Sipamla,10,2,4,0,0,b Gqamane,False,False
53616,2022-23,2022-10-19 12:30,2,LIONS,TIT,Senwes Park,33113,Tetelo Maphaka,11,1,2,0,0,c Harmer b Gqamane,False,False
53623,2022-23,2022-10-19 16:00,1,DOL,NWEST,Senwes Park,14187,Roelofsen,1,9,11,2,0,c Heino Kuhn b Mungroo,False,True
53623,2022-23,2022-10-19 16:00,1,DOL,NWEST,Senwes Park,14586,Bryce Parsons,2,21,17,3,1,c Khanya Cotani b Delano Potgieter,False,False
53623,2022-23,2022-10-19 16:00,1,DOL,NWEST,Senwes Park,7668,Smuts,3,22,16,4,0,c Heino Kuhn b Senuran Muthusamy,False,False
53623,2022-23,2022-10-19 16:00,1,DOL,NWEST,Senwes Park,12188,MJ Ackerman,4,6,5,0,0,run out (Heino Kuhn/Khanya Cotani),False,False
53623,2022-23,2022-10-19 16:00,1,DOL,NWEST,Senwes Park,9724,Zondo,5,42,40,1,2,not out,False,False
53623,2022-23,2022-10-19 16:00,1,DOL,NWEST,Senwes Park,9587,J Smith,6,34,27,1,2,c Wesley Marshall b Mungroo,False,False
53623,2022-23,2022-10-19 16:00,1,DOL,NWEST,Senwes Park,18687,Simelane,7,13,4,0,2,not out,False,False
53623,2022-23,2022-10-19 16:00,1,DOL,NWEST,Senwes Park,13098,Eathan Bosch,8,0,0,0,0,,False,False
53623,2022-23,2022-10-19 16:00,1,DOL,NWEST,Senwes Park,8530,Subrayen,9,0,0,0,0,,True,False
53623,2022-23,2022-10-19 16:00,1,DOL,NWEST,Senwes Park,13324,Thando Ntini,10,0,0,0,0,,False,False
53623,2022-23,2022-10-19 16:00,1,DOL,NWEST,Senwes Park,13100,Ottniel Baartman,11,0,0,0,0,,False,False
53623,2022-23,2022-10-19 16:00,2,NWEST,DOL,Senwes Park,15654,Wesley Marshall,1,25,19,0,3,c Ottniel Baartman b Bryce Parsons,False,False
53623,2022-23,2022-10-19 16:00,2,NWEST,DOL,Senwes Park,1666,Heino Kuhn,2,12,14,2,0,c Subrayen b Thando Ntini,True,False
53623,2022-23,2022-10-19 16:00,2,NWEST,DOL,Senwes Park,18142,Lesego Senokwane,3,9,7,2,0,b Ottniel Baartman,False,False
53623,2022-23,2022-10-19 16:00,2,NWEST,DOL,Senwes Park,9731,Grant Mokoena,4,16,19,1,1,lbw b Smuts,False,False
53623,2022-23,2022-10-19 16:00,2,NWEST,DOL,Senwes Park,14566,Delano Potgieter,5,11,15,0,0,c MJ Ackerman b Eathan Bosch,False,False
53623,2022-23,2022-10-19 16:00,2,NWEST,DOL,Senwes Park,11432,Senuran Muthusamy,6,14,16,0,1,b Subrayen,False,False
53623,2022-23,2022-10-19 16:00,2,NWEST,DOL,Senwes Park,15122,Khanya Cotani,7,0,4,0,0,c Roelofsen b Eathan Bosch,False,True
53623,2022-23,2022-10-19 16:00,2,NWEST,DOL,Senwes Park,18523,Duan Jansen,8,20,11,1,1,c Eathan Bosch b Ottniel Baartman,False,False
53623,2022-23,2022-10-19 16:00,2,NWEST,DOL,Senwes Park,10992,Eldred Hawken,9,11,6,0,1,not out,False,False
53623,2022-23,2022-10-19 16:00,2,NWEST,DOL,Senwes Park,20526,Caleb Seleka,10,2,4,0,0,b Ottniel Baartman,False,False
53623,2022-23,2022-10-19 16:00,2,NWEST,DOL,Senwes Park,13150,Kerwin Mungroo,11,5,5,1,0,not out,False,False
53630,2022-23,2022-10-20 12:30,1,WPR,KNG,Senwes Park,11209,Verreynne,1,35,21,4,1,c Gihahn Cloete b Gerald Coetzee,False,True
53630,2022-23,2022-10-20 12:30,1,WPR,KNG,Senwes Park,20541,Cunningham,2,0,1,0,0,c Gihahn Cloete b Budaza,False,False
53630,2022-23,2022-10-20 12:30,1,WPR,KNG,Senwes Park,11196,Tony de Zorzi,3,15,13,2,0,b Gerald Coetzee,True,False
53630,2022-23,2022-10-20 12:30,1,WPR,KNG,Senwes Park,20267,Daniel Smith,4,31,31,4,0,c Gihahn Cloete b Gerald Coetzee,False,False
53630,2022-23,2022-10-20 12:30,1,WPR,KNG,Senwes Park,17026,Mpongwana,5,7,12,0,0,b Snyman,False,False
53630,2022-23,2022-10-20 12:30,1,WPR,KNG,Senwes Park,10187,George Linde,6,5,10,0,0,st Gihahn Cloete b Snyman,False,False
53630,2022-23,2022-10-20 12:30,1,WPR,KNG,Senwes Park,31979,Abdullah Bayoumy,7,2,5,0,0,c Snyman b Swanepoel,False,False
53630,2022-23,2022-10-20 12:30,1,WPR,KNG,Senwes Park,12223,Kyle Simmonds,8,3,6,0,0,c Motlhoaring b Swanepoel,False,False
53630,2022-23,2022-10-20 12:30,1,WPR,KNG,Senwes Park,9702,Dane Paterson,9,7,7,0,0,not out,False,False
53630,2022-23,2022-10-20 12:30,1,WPR,KNG,Senwes Park,10679,Tshepo Moreki,10,0,2,0,0,b Swanepoel,False,False
53630,2022-23,2022-10-20 12:30,1,WPR,KNG,Senwes Park,13629,Dawood,11,3,6,0,0,b Gerald Coetzee,False,False
53630,2022-23,2022-10-20 12:30,2,KNG,WPR,Senwes Park,8517,Gihahn Cloete,1,68,42,11,1,not out,False,True
53630,2022-23,2022-10-20 12:30,2,KNG,WPR,Senwes Park,14552,Jacques Snyman,2,16,13,3,0,c Daniel Smith b Tshepo Moreki,False,False
53630,2022-23,2022-10-20 12:30,2,KNG,WPR,Senwes Park,13317,Raynard van Tonder,3,33,28,3,1,not out,False,False
53630,2022-23,2022-10-20 12:30,2,KNG,WPR,Senwes Park,10797,Aubrey Swanepoel,4,0,0,0,0,,True,False
53630,2022-23,2022-10-20 12:30,2,KNG,WPR,Senwes Park,9710,Pite van Biljon,5,0,0,0,0,,False,False
53630,2022-23,2022-10-20 12:30,2,KNG,WPR,Senwes Park,11902,Patrick Kruger,6,0,0,0,0,,False,False
53630,2022-23,2022-10-20 12:30,2,KNG,WPR,Senwes Park,20312,Orapeleng Motlhoaring,7,0,0,0,0,,False,False
53630,2022-23,2022-10-20 12:30,2,KNG,WPR,Senwes Park,13320,Gerald Coetzee,8,0,0,0,0,,False,False
53630,2022-23,2022-10-20 12:30,2,KNG,WPR,Senwes Park,13069,Migael Pretorius,9,0,0,0,0,,False,False
53630,2022-23,2022-10-20 12:30,2,KNG,WPR,Senwes Park,12587,Alfred Mothoa,10,0,0,0,0,,False,False
53630,2022-23,2022-10-20 12:30,2,KNG,WPR,Senwes Park,10993,Mbulelo Budaza,11,0,0,0,0,,False,False
53632,2022-23,2022-10-20 16:00,1,WAR,BOL,Senwes Park,11497,Wihan Lubbe,1,6,4,0,1,c Janneman Malan b Viljoen,True,False
53632,2022-23,2022-10-20 16:00,1,WAR,BOL,Senwes Park,9735,Ngoepe,2,13,21,2,0,c Ferisco Adams b Michael Copeland,False,False
53632,2022-23,2022-10-20 16:00,1,WAR,BOL,Senwes Park,9707,Second,3,4,9,0,0,c Fortuin b Khwezi Gumede,False,False
53632,2022-23,2022-10-20 16:00,1,WAR,BOL,Senwes Park,21386,Jordan Hermann,4,52,44,6,0,c Viljoen b Bamanye Xenxe,False,False
53632,2022-23,2022-10-20 16:00,1,WAR,BOL,Senwes Park,13089,Breetzke,5,61,33,6,2,not out,False,False
53632,2022-23,2022-10-20 16:00,1,WAR,BOL,Senwes Park,16433,Beyers Swanepoel,6,22,10,2,1,not out,False,False
53632,2022-23,2022-10-20 16:00,1,WAR,BOL,Senwes Park,13667,Qeshile,7,0,0,0,0,,False,True
53632,2022-23,2022-10-20 16:00,1,WAR,BOL,Senwes Park,14516,Glenton Stuurman,8,0,0,0,0,,False,False
53632,2022-23,2022-10-20 16:00,1,WAR,BOL,Senwes Park,13394,Kgaudisa Molefe,9,0,0,0,0,,False,False
53632,2022-23,2022-10-20 16:00,1,WAR,BOL,Senwes Park,11204,Abrahams,10,0,0,0,0,,False,False
53632,2022-23,2022-10-20 16:00,1,WAR,BOL,Senwes Park,14428,Tsepo Ndwandwa,11,0,0,0,0,,False,False
53632,2022-23,2022-10-20 16:00,2,BOL,WAR,Senwes Park,13067,Janneman Malan,1,68,52,8,1,not out,False,False
53632,2022-23,2022-10-20 16:00,2,BOL,WAR,Senwes Park,11398,Leus du Plooy,2,25,14,5,0,c Qeshile b Abrahams,False,False
53632,2022-23,2022-10-20 16:00,2,BOL,WAR,Senwes Park,11891,Pieter Malan,3,16,11,3,0,c Kgaudisa Molefe b Abrahams,True,False
53632,2022-23,2022-10-20 16:00,2,BOL,WAR,Senwes Park,9580,Clyde Fortuin,4,9,10,0,0,c Second b Tsepo Ndwandwa,False,True
53632,2022-23,2022-10-20 16:00,2,BOL,WAR,Senwes Park,8283,Farhaan Behardien,5,4,5,0,0,lbw b Glenton Stuurman,False,False
53632,2022-23,2022-10-20 16:00,2,BOL,WAR,Senwes Park,15123,Michael Copeland,6,9,10,2,0,c Second b Tsepo Ndwandwa,False,False
53632,2022-23,2022-10-20 16:00,2,BOL,WAR,Senwes Park,10194,Ferisco Adams,7,8,14,0,0,c Second b Abrahams,False,False
53632,2022-23,2022-10-20 16:00,2,BOL,WAR,Senwes Park,9493,Hardus Viljoen,8,7,5,1,0,not out,False,False
53632,2022-23,2022-10-20 16:00,2,BOL,WAR,Senwes Park,20417,Bamanye Xenxe,9,0,0,0,0,,False,False
53632,2022-23,2022-10-20 16:00,2,BOL,WAR,Senwes Park,15564,Khwezi Gumede,10,0,0,0,0,,False,False
53632,2022-23,2022-10-20 16:00,2,BOL,WAR,Senwes Park,14687,Imran Manack,11,0,0,0,0,,False,False
53637,2022-23,2022-10-21 12:30,1,TIT,WPR,Senwes Park,20538,Dewald Brevis,1,0,2,0,0,b Nandre Burger,False,False
53637,2022-23,2022-10-21 12:30,1,TIT,WPR,Senwes Park,13101,Jiveshan Pillay,2,37,24,6,1,c Kaplan b Mpongwana,False,False
53637,2022-23,2022-10-21 12:30,1,TIT,WPR,Senwes Park,2239,Elgar,3,12,12,1,0,c and b Nandre Burger,True,False
53637,2022-23,2022-10-21 12:30,1,TIT,WPR,Senwes Park,9801,Makhanya,4,8,9,1,0,c Dawood b Tshepo Moreki,False,False
53637,2022-23,2022-10-21 12:30,1,TIT,WPR,Senwes Park,8519,Theunis de Bruyn,5,2,3,0,0,c Daniel Smith b Mpongwana,False,False
53637,2022-23,2022-10-21 12:30,1,TIT,WPR,Senwes Park,9581,D Galiem,6,16,10,1,1,c Abdullah Bayoumy b Mpongwana,False,False
53637,2022-23,2022-10-21 12:30,1,TIT,WPR,Senwes Park,14798,Donavon Ferreira,7,27,15,1,2,not out,False,True
53637,2022-23,2022-10-21 12:30,1,TIT,WPR,Senwes Park,9489,Gqamane,8,0,1,0,0,lbw b Tshepo Moreki,False,False
53637,2022-23,2022-10-21 12:30,1,TIT,WPR,Senwes Park,9540,Harmer,9,1,2,0,0,not out,False,False
53637,2022-23,2022-10-21 12:30,1,TIT,WPR,Senwes Park,10175,Junior Dala,10,0,0,0,0,,False,False
53637,2022-23,2022-10-21 12:30,1,TIT,WPR,Senwes Park,7649,Phangiso,11,0,0,0,0,,False,False
53637,2022-23,2022-10-21 12:30,2,WPR,TIT,Senwes Park,11209,Kyle Verreynne,1,0,1,0,0,lbw b Gqamane,False,True
53637,2022-23,2022-10-21 12:30,2,WPR,TIT,Senwes Park,20267,Daniel Smith,2,21,16,2,1,c Gqamane b Harmer,False,False
53637,2022-23,2022-10-21 12:30,2,WPR,TIT,Senwes Park,11196,Tony de Zorzi,3,0,1,0,0,b Gqamane,True,False
53637,2022-23,2022-10-21 12:30,2,WPR,TIT,Senwes Park,22051,Gavin Kaplan,4,11,8,2,0,c D Galiem b Junior Dala,False,False
53637,2022-23,2022-10-21 12:30,2,WPR,TIT,Senwes Park,17026,Mihlali Mpongwana,5,1,5,0,0,c and b Harmer,False,False
53637,2022-23,2022-10-21 12:30,2,WPR,TIT,Senwes Park,10187,George Linde,6,36,29,4,0,run out ((sub)Corbin Bosch/Donavon Ferreira),False,False
53637,2022-23,2022-10-21 12:30,2,WPR,TIT,Senwes Park,31979,Abdullah Bayoumy,7,5,6,0,0,c (sub)Corbin Bosch b Dewald Brevis,False,False
53637,2022-23,2022-10-21 12:30,2,WPR,TIT,Senwes Park,9702,Dane Paterson,8,1,3,0,0,run out ((sub)Corbin Bosch/Junior Dala),False,False
53637,2022-23,2022-10-21 12:30,2,WPR,TIT,Senwes Park,10679,Tshepo Moreki,9,3,5,0,0,not out,False,False
53637,2022-23,2022-10-21 12:30,2,WPR,TIT,Senwes Park,13630,Nandre Burger,10,4,4,0,0,not out,False,False
53637,2022-23,2022-10-21 12:30,2,WPR,TIT,Senwes Park,13629,Junaid Dawood,11,0,0,0,0,,False,False
53644,2022-23,2022-10-21 16:00,1,WAR,LIONS,Senwes Park,9735,Ngoepe,1,32,24,0,2,c Rickelton b Sipamla,False,False
53644,2022-23,2022-10-21 16:00,1,WAR,LIONS,Senwes Park,11497,Wihan Lubbe,2,27,36,2,0,c Sipamla b Evan Jones,True,False
53644,2022-23,2022-10-21 16:00,1,WAR,LIONS,Senwes Park,13089,Breetzke,3,8,9,1,0,c Dominic Hendricks b Evan Jones,False,False
53644,2022-23,2022-10-21 16:00,1,WAR,LIONS,Senwes Park,9707,Second,4,12,13,2,0,b Tetelo Maphaka,False,False
53644,2022-23,2022-10-21 16:00,1,WAR,LIONS,Senwes Park,21386,Jordan Hermann,5,16,14,0,1,not out,False,False
53644,2022-23,2022-10-21 16:00,1,WAR,LIONS,Senwes Park,13667,Qeshile,6,3,6,0,0,not out,False,True
53644,2022-23,2022-10-21 16:00,1,WAR,LIONS,Senwes Park,16433,Beyers Swanepoel,7,0,0,0,0,,False,False
53644,2022-23,2022-10-21 16:00,1,WAR,LIONS,Senwes Park,14516,Glenton Stuurman,8,0,0,0,0,,False,False
53644,2022-23,2022-10-21 16:00,1,WAR,LIONS,Senwes Park,13394,Kgaudisa Molefe,9,0,0,0,0,,False,False
53644,2022-23,2022-10-21 16:00,1,WAR,LIONS,Senwes Park,11204,Abrahams,10,0,0,0,0,,False,False
53644,2022-23,2022-10-21 16:00,1,WAR,LIONS,Senwes Park,14428,Tsepo Ndwandwa,11,0,0,0,0,,False,False
53644,2022-23,2022-10-21 16:00,2,LIONS,WAR,Senwes Park,13070,Ryan Rickelton,1,19,11,2,1,lbw b Beyers Swanepoel,False,True
53644,2022-23,2022-10-21 16:00,2,LIONS,WAR,Senwes Park,9719,Cameron Delport,2,30,11,3,3,c Tsepo Ndwandwa b Wihan Lubbe,False,False
53644,2022-23,2022-10-21 16:00,2,LIONS,WAR,Senwes Park,19057,Mitchell Van Buuren,3,16,19,1,0,not out,False,False
53644,2022-23,2022-10-21 16:00,2,LIONS,WAR,Senwes Park,9730,Dominic Hendricks,4,0,2,0,0,run out (Kgaudisa Molefe),False,False
53644,2022-23,2022-10-21 16:00,2,LIONS,WAR,Senwes Park,11200,Wiaan Mulder,5,31,21,2,2,not out,False,False
53644,2022-23,2022-10-21 16:00,2,LIONS,WAR,Senwes Park,33183,Muhammad Manack,6,0,0,0,0,,False,False
53644,2022-23,2022-10-21 16:00,2,LIONS,WAR,Senwes Park,20308,Evan Jones,7,0,0,0,0,,False,False
53644,2022-23,2022-10-21 16:00,2,LIONS,WAR,Senwes Park,9708,Malusi Siboto,8,0,0,0,0,,True,False
53644,2022-23,2022-10-21 16:00,2,LIONS,WAR,Senwes Park,11872,Tladi Bokako,9,0,0,0,0,,False,False
53644,2022-23,2022-10-21 16:00,2,LIONS,WAR,Senwes Park,11208,Lutho Sipamla,10,0,0,0,0,,False,False
53644,2022-23,2022-10-21 16:00,2,LIONS,WAR,Senwes Park,33113,Tetelo Maphaka,11,0,0,0,0,,False,False
53646,2022-23,2022-10-22 08:00,1,DOL,BOL,Senwes Park,14187,Roelofsen,1,66,48,8,1,c Valintine Kitime b Bamanye Xenxe,False,True
53646,2022-23,2022-10-22 08:00,1,DOL,BOL,Senwes Park,14586,Bryce Parsons,2,8,11,0,0,c von Berg b Bamanye Xenxe,False,False
53646,2022-23,2022-10-22 08:00,1,DOL,BOL,Senwes Park,7668,Smuts,3,0,3,0,0,b Bamanye Xenxe,False,False
53646,2022-23,2022-10-22 08:00,1,DOL,BOL,Senwes Park,10687,Dithole,4,22,27,1,0,b von Berg,False,False
53646,2022-23,2022-10-22 08:00,1,DOL,BOL,Senwes Park,9724,Zondo,5,2,4,0,0,c Behardien b von Berg,False,False
53646,2022-23,2022-10-22 08:00,1,DOL,BOL,Senwes Park,9587,J Smith,6,21,16,1,0,not out,False,False
53646,2022-23,2022-10-22 08:00,1,DOL,BOL,Senwes Park,18687,Simelane,7,5,9,0,0,c Valintine Kitime b Ferisco Adams,False,False
53646,2022-23,2022-10-22 08:00,1,DOL,BOL,Senwes Park,13098,Eathan Bosch,8,3,3,0,0,lbw b Ferisco Adams,False,False
53646,2022-23,2022-10-22 08:00,1,DOL,BOL,Senwes Park,8530,Subrayen,9,0,0,0,0,,True,False
53646,2022-23,2022-10-22 08:00,1,DOL,BOL,Senwes Park,13100,Ottniel Baartman,10,0,0,0,0,,False,False
53646,2022-23,2022-10-22 08:00,1,DOL,BOL,Senwes Park,10079,Dupavillon,11,0,0,0,0,,False,False
53646,2022-23,2022-10-22 08:00,2,BOL,DOL,Senwes Park,13067,Janneman Malan,1,0,2,0,0,b Eathan Bosch,True,False
53646,2022-23,2022-10-22 08:00,2,BOL,DOL,Senwes Park,11398,Leus du Plooy,2,18,25,0,1,not out,False,False
53646,2022-23,2022-10-22 08:00,2,BOL,DOL,Senwes Park,20561,Valintine Kitime,3,11,14,2,0,c Roelofsen b Eathan Bosch,False,False
53646,2022-23,2022-10-22 08:00,2,BOL,DOL,Senwes Park,9580,Clyde Fortuin,4,18,12,4,0,c Bryce Parsons b Subrayen,False,True
53646,2022-23,2022-10-22 08:00,2,BOL,DOL,Senwes Park,8283,Farhaan Behardien,5,24,18,0,1,not out,False,False
53646,2022-23,2022-10-22 08:00,2,BOL,DOL,Senwes Park,15123,Michael Copeland,6,0,0,0,0,,False,False
53646,2022-23,2022-10-22 08:00,2,BOL,DOL,Senwes Park,10194,Ferisco Adams,7,0,0,0,0,,False,False
53646,2022-23,2022-10-22 08:00,2,BOL,DOL,Senwes Park,9493,Hardus Viljoen,8,0,0,0,0,,False,False
53646,2022-23,2022-10-22 08:00,2,BOL,DOL,Senwes Park,20417,Bamanye Xenxe,9,0,0,0,0,,False,False
53646,2022-23,2022-10-22 08:00,2,BOL,DOL,Senwes Park,9736,Shaun von Berg,10,0,0,0,0,,False,False
53646,2022-23,2022-10-22 08:00,2,BOL,DOL,Senwes Park,14687,Imran Manack,11,0,0,0,0,,False,False
53651,2022-23,2022-10-22 12:30,1,NWEST,TIT,Senwes Park,15654,Wesley Marshall,1,0,3,0,0,b Gqamane,False,False
53651,2022-23,2022-10-22 12:30,1,NWEST,TIT,Senwes Park,1666,Heino Kuhn,2,23,19,2,1,run out (Dewald Brevis/Musawenkosi Twala),True,True
53651,2022-23,2022-10-22 12:30,1,NWEST,TIT,Senwes Park,18142,Lesego Senokwane,3,34,34,3,0,c Musawenkosi Twala b Dewald Brevis,False,False
53651,2022-23,2022-10-22 12:30,1,NWEST,TIT,Senwes Park,9731,Mokoena,4,9,9,2,0,run out (Neil Brand/Harmer),False,False
53651,2022-23,2022-10-22 12:30,1,NWEST,TIT,Senwes Park,14566,Delano Potgieter,5,5,5,1,0,c Theunis de Bruyn b Harmer,False,False
53651,2022-23,2022-10-22 12:30,1,NWEST,TIT,Senwes Park,11432,Senuran Muthusamy,6,13,18,0,0,c Donavon Ferreira b Junior Dala,False,False
53651,2022-23,2022-10-22 12:30,1,NWEST,TIT,Senwes Park,18523,Duan Jansen,7,41,27,1,4,c Musawenkosi Twala b Junior Dala,False,False
53651,2022-23,2022-10-22 12:30,1,NWEST,TIT,Senwes Park,20551,Hardus Coetzer,8,1,3,0,0,c Dewald Brevis b Neil Brand,False,False
53651,2022-23,2022-10-22 12:30,1,NWEST,TIT,Senwes Park,20287,Renaldo Meyer,9,1,1,0,0,not out,False,False
53651,2022-23,2022-10-22 12:30,1,NWEST,TIT,Senwes Park,20526,Caleb Seleka,10,0,1,0,0,not out,False,False
53651,2022-23,2022-10-22 12:30,1,NWEST,TIT,Senwes Park,13150,Mungroo,11,0,0,0,0,,False,False
53651,2022-23,2022-10-22 12:30,2,TIT,NWEST,Senwes Park,20538,Dewald Brevis,1,40,28,2,3,c Hardus Coetzer b Caleb Seleka,False,False
53651,2022-23,2022-10-22 12:30,2,TIT,NWEST,Senwes Park,13101,Jiveshan Pillay,2,15,17,3,0,c Heino Kuhn b Renaldo Meyer,False,False
53651,2022-23,2022-10-22 12:30,2,TIT,NWEST,Senwes Park,8519,Theunis de Bruyn,3,36,32,2,1,not out,True,False
53651,2022-23,2022-10-22 12:30,2,TIT,NWEST,Senwes Park,21721,Musawenkosi Twala,4,0,1,0,0,c Duan Jansen b Caleb Seleka,False,True
53651,2022-23,2022-10-22 12:30,2,TIT,NWEST,Senwes Park,14308,Neil Brand,5,15,11,0,1,c Lesego Senokwane b Caleb Seleka,False,False
53651,2022-23,2022-10-22 12:30,2,TIT,NWEST,Senwes Park,14798,Donavon Ferreira,6,10,10,0,0,c Caleb Seleka b Renaldo Meyer,False,False
53651,2022-23,2022-10-22 12:30,2,TIT,NWEST,Senwes Park,9581,Dayyaan Galiem,7,10,6,2,0,not out,False,False
53651,2022-23,2022-10-22 12:30,2,TIT,NWEST,Senwes Park,9489,Ayabulela Gqamane,8,0,0,0,0,,False,False
53651,2022-23,2022-10-22 12:30,2,TIT,NWEST,Senwes Park,9540,Simon Harmer,9,0,0,0,0,,False,False
53651,2022-23,2022-10-22 12:30,2,TIT,NWEST,Senwes Park,10175,Junior Dala,10,0,0,0,0,,False,False
53651,2022-23,2022-10-22 12:30,2,TIT,NWEST,Senwes Park,7649,Aaron Phangiso,11,0,0,0,0,,False,False
53667,2022-23,2022-10-25 12:30,1,DOL,WAR,Senwes Park,14187,Roelofsen,1,91,49,6,5,c Wihan Lubbe b Beyers Swanepoel,False,True
53667,2022-23,2022-10-25 12:30,1,DOL,WAR,Senwes Park,10178,Keegan Petersen,2,8,4,2,0,b Glenton Stuurman,False,False
53667,2022-23,2022-10-25 12:30,1,DOL,WAR,Senwes Park,7668,Smuts,3,9,11,1,0,c Qeshile b Kgaudisa Molefe,False,False
53667,2022-23,2022-10-25 12:30,1,DOL,WAR,Senwes Park,10687,Dithole,4,10,11,2,0,lbw b Wihan Lubbe,False,False
53667,2022-23,2022-10-25 12:30,1,DOL,WAR,Senwes Park,9724,Zondo,5,36,34,3,1,not out,False,False
53667,2022-23,2022-10-25 12:30,1,DOL,WAR,Senwes Park,9587,J Smith,6,25,12,0,3,not out,False,False
53667,2022-23,2022-10-25 12:30,1,DOL,WAR,Senwes Park,18687,Simelane,7,0,0,0,0,,False,False
53667,2022-23,2022-10-25 12:30,1,DOL,WAR,Senwes Park,13098,Eathan Bosch,8,0,0,0,0,,False,False
53667,2022-23,2022-10-25 12:30,1,DOL,WAR,Senwes Park,8530,Subrayen,9,0,0,0,0,,True,False
53667,2022-23,2022-10-25 12:30,1,DOL,WAR,Senwes Park,10079,Dupavillon,10,0,0,0,0,,False,False
53667,2022-23,2022-10-25 12:30,1,DOL,WAR,Senwes Park,13100,Ottniel Baartman,11,0,0,0,0,,False,False
53667,2022-23,2022-10-25 12:30,2,WAR,DOL,Senwes Park,11497,Wihan Lubbe,1,2,11,0,0,c Dupavillon b Subrayen,True,False
53667,2022-23,2022-10-25 12:30,2,WAR,DOL,Senwes Park,9735,Lesiba Ngoepe,2,0,2,0,0,c Roelofsen b Eathan Bosch,False,False
53667,2022-23,2022-10-25 12:30,2,WAR,DOL,Senwes Park,8528,Diego Rosier,3,0,1,0,0,lbw b Eathan Bosch,False,False
53667,2022-23,2022-10-25 12:30,2,WAR,DOL,Senwes Park,21386,Jordan Hermann,4,24,23,4,0,st Roelofsen b Subrayen,False,False
53667,2022-23,2022-10-25 12:30,2,WAR,DOL,Senwes Park,13089,Matthew Breetzke,5,27,28,3,0,not out,False,False
53667,2022-23,2022-10-25 12:30,2,WAR,DOL,Senwes Park,13667,Sinethemba Qeshile,6,5,6,0,0,c Roelofsen b Ottniel Baartman,False,True
53667,2022-23,2022-10-25 12:30,2,WAR,DOL,Senwes Park,16433,Beyers Swanepoel,7,0,1,0,0,retd hurt,False,False
53667,2022-23,2022-10-25 12:30,2,WAR,DOL,Senwes Park,15127,Tiaan van Vuuren,8,0,1,0,0,b Ottniel Baartman,False,False
53667,2022-23,2022-10-25 12:30,2,WAR,DOL,Senwes Park,14516,Glenton Stuurman,9,0,1,0,0,lbw b Ottniel Baartman,False,False
53667,2022-23,2022-10-25 12:30,2,WAR,DOL,Senwes Park,11204,Ziyaad Abrahams,10,0,2,0,0,b Smuts,False,False
53667,2022-23,2022-10-25 12:30,2,WAR,DOL,Senwes Park,9707,Rudi Second,11,2,3,0,0,lbw b Ottniel Baartman,False,False
53667,2022-23,2022-10-25 12:30,2,WAR,DOL,Senwes Park,13394,Kgaudisa Molefe,12,0,1,0,0,b Ottniel Baartman,False,False
53674,2022-23,2022-10-25 16:00,1,BOL,TIT,Senwes Park,13067,Janneman Malan,1,11,14,2,0,c Musawenkosi Twala b Phangiso,False,False
53674,2022-23,2022-10-25 16:00,1,BOL,TIT,Senwes Park,11398,Leus du Plooy,2,0,1,0,0,b Gqamane,False,False
53674,2022-23,2022-10-25 16:00,1,BOL,TIT,Senwes Park,20561,Valintine Kitime,3,0,2,0,0,c D Galiem b Neil Brand,False,False
53674,2022-23,2022-10-25 16:00,1,BOL,TIT,Senwes Park,9580,Fortuin,4,29,26,4,0,run out (Dewald Brevis),False,True
53674,2022-23,2022-10-25 16:00,1,BOL,TIT,Senwes Park,8283,Behardien,5,63,51,5,2,not out,False,False
53674,2022-23,2022-10-25 16:00,1,BOL,TIT,Senwes Park,15123,Michael Copeland,6,4,11,0,0,c Gqamane b Junior Dala,False,False
53674,2022-23,2022-10-25 16:00,1,BOL,TIT,Senwes Park,10194,Ferisco Adams,7,9,9,1,0,c Dewald Brevis b Junior Dala,True,False
53674,2022-23,2022-10-25 16:00,1,BOL,TIT,Senwes Park,9493,Viljoen,8,2,4,0,0,run out (D Galiem/Musawenkosi Twala),False,False
53674,2022-23,2022-10-25 16:00,1,BOL,TIT,Senwes Park,20417,Bamanye Xenxe,9,0,2,0,0,c Gqamane b Junior Dala,False,False
53674,2022-23,2022-10-25 16:00,1,BOL,TIT,Senwes Park,9736,von Berg,10,0,0,0,0,,False,False
53674,2022-23,2022-10-25 16:00,1,BOL,TIT,Senwes Park,14687,Imran Manack,11,0,0,0,0,,False,False
53674,2022-23,2022-10-25 16:00,2,TIT,BOL,Senwes Park,20538,Dewald Brevis,1,22,11,2,2,c Imran Manack b Viljoen,False,False
53674,2022-23,2022-10-25 16:00,2,TIT,BOL,Senwes Park,13101,Jiveshan Pillay,2,18,34,1,0,st Fortuin b von Berg,False,False
53674,2022-23,2022-10-25 16:00,2,TIT,BOL,Senwes Park,14308,Neil Brand,3,20,20,1,0,c Fortuin b Bamanye Xenxe,False,False
53674,2022-23,2022-10-25 16:00,2,TIT,BOL,Senwes Park,9581,Dayyaan Galiem,4,25,21,2,0,c Fortuin b Viljoen,False,False
53674,2022-23,2022-10-25 16:00,2,TIT,BOL,Senwes Park,9576,Corbin Bosch,5,7,7,0,0,lbw b Bamanye Xenxe,False,False
53674,2022-23,2022-10-25 16:00,2,TIT,BOL,Senwes Park,9489,Ayabulela Gqamane,6,1,2,0,0,b Ferisco Adams,False,False
53674,2022-23,2022-10-25 16:00,2,TIT,BOL,Senwes Park,9540,Simon Harmer,7,2,4,0,0,b Bamanye Xenxe,False,False
53674,2022-23,2022-10-25 16:00,2,TIT,BOL,Senwes Park,23341,Matthew Boast,8,1,1,0,0,not out,False,False
53674,2022-23,2022-10-25 16:00,2,TIT,BOL,Senwes Park,10175,Junior Dala,9,2,2,0,0,not out,False,False
53674,2022-23,2022-10-25 16:00,2,TIT,BOL,Senwes Park,21721,Musawenkosi Twala,10,0,0,0,0,,False,True
53674,2022-23,2022-10-25 16:00,2,TIT,BOL,Senwes Park,7649,Aaron Phangiso,11,0,0,0,0,,True,False
53679,2022-23,2022-10-26 12:30,1,LIONS,DOL,Senwes Park,13070,Rickelton,1,29,23,1,1,c Keegan Petersen b Subrayen,False,True
53679,2022-23,2022-10-26 12:30,1,LIONS,DOL,Senwes Park,9719,Delport,2,27,21,4,1,c Keegan Petersen b Dupavillon,False,False
53679,2022-23,2022-10-26 12:30,1,LIONS,DOL,Senwes Park,19057,Van Buuren,3,42,29,4,1,c Keegan Petersen b Dupavillon,False,False
53679,2022-23,2022-10-26 12:30,1,LIONS,DOL,Senwes Park,11200,Mulder,4,39,27,3,2,c Eathan Bosch b Ottniel Baartman,False,False
53679,2022-23,2022-10-26 12:30,1,LIONS,DOL,Senwes Park,20308,Evan Jones,5,8,5,2,0,c Roelofsen b Ottniel Baartman,False,False
53679,2022-23,2022-10-26 12:30,1,LIONS,DOL,Senwes Park,9708,Siboto,6,13,9,2,0,not out,True,False
53679,2022-23,2022-10-26 12:30,1,LIONS,DOL,Senwes Park,33183,Muhammad Manack,7,0,2,0,0,c Roelofsen b Dupavillon,False,False
53679,2022-23,2022-10-26 12:30,1,LIONS,DOL,Senwes Park,24546,Codi Yusuf,8,3,4,0,0,not out,False,False
53679,2022-23,2022-10-26 12:30,1,LIONS,DOL,Senwes Park,9730,Dominic Hendricks,9,0,0,0,0,,False,False
53679,2022-23,2022-10-26 12:30,1,LIONS,DOL,Senwes Park,11872,Tladi Bokako,10,0,0,0,0,,False,False
53679,2022-23,2022-10-26 12:30,1,LIONS,DOL,Senwes Park,33113,Tetelo Maphaka,11,0,0,0,0,,False,False
53679,2022-23,2022-10-26 12:30,1,LIONS,DOL,Senwes Park,10763,Myoli,12,0,0,0,0,,False,False
53679,2022-23,2022-10-26 12:30,2,DOL,LIONS,Senwes Park,14187,Grant Roelofsen,1,44,40,2,1,c Evan Jones b Codi Yusuf,False,True
53679,2022-23,2022-10-26 12:30,2,DOL,LIONS,Senwes Park,10178,Keegan Petersen,2,73,51,9,1,not out,False,False
53679,2022-23,2022-10-26 12:30,2,DOL,LIONS,Senwes Park,7668,JJ Smuts,3,37,19,6,0,not out,False,False
53679,2022-23,2022-10-26 12:30,2,DOL,LIONS,Senwes Park,10687,Tshepang Dithole,4,0,0,0,0,,False,False
53679,2022-23,2022-10-26 12:30,2,DOL,LIONS,Senwes Park,9724,Khaya Zondo,5,0,0,0,0,,False,False
53679,2022-23,2022-10-26 12:30,2,DOL,LIONS,Senwes Park,9587,Jason Smith,6,0,0,0,0,,False,False
53679,2022-23,2022-10-26 12:30,2,DOL,LIONS,Senwes Park,18687,Andile Simelane,7,0,0,0,0,,False,False
53679,2022-23,2022-10-26 12:30,2,DOL,LIONS,Senwes Park,13098,Eathan Bosch,8,0,0,0,0,,False,False
53679,2022-23,2022-10-26 12:30,2,DOL,LIONS,Senwes Park,8530,Prenelan Subrayen,9,0,0,0,0,,True,False
53679,2022-23,2022-10-26 12:30,2,DOL,LIONS,Senwes Park,10079,Daryn Dupavillon,10,0,0,0,0,,False,False
53679,2022-23,2022-10-26 12:30,2,DOL,LIONS,Senwes Park,13100,Ottniel Baartman,11,0,0,0,0,,False,False
53686,2022-23,2022-10-26 16:00,1,KNG,BOL,Senwes Park,8517,Gihahn Cloete,1,23,23,5,0,c (sub)Jonker b Imran Manack,False,True
53686,2022-23,2022-10-26 16:00,1,KNG,BOL,Senwes Park,14552,Snyman,2,53,30,4,3,c Valintine Kitime b von Berg,False,False
53686,2022-23,2022-10-26 16:00,1,KNG,BOL,Senwes Park,13317,van Tonder,3,45,28,6,2,c Fortuin b Bamanye Xenxe,False,False
53686,2022-23,2022-10-26 16:00,1,KNG,BOL,Senwes Park,10797,Swanepoel,4,33,23,2,1,not out,True,False
53686,2022-23,2022-10-26 16:00,1,KNG,BOL,Senwes Park,11902,Patrick Kruger,5,1,2,0,0,c Valintine Kitime b Bamanye Xenxe,False,False
53686,2022-23,2022-10-26 16:00,1,KNG,BOL,Senwes Park,9710,Pite van Biljon,6,0,1,0,0,lbw b Bamanye Xenxe,False,False
53686,2022-23,2022-10-26 16:00,1,KNG,BOL,Senwes Park,13320,Gerald Coetzee,7,10,7,1,0,c Fortuin b Bamanye Xenxe,False,False
53686,2022-23,2022-10-26 16:00,1,KNG,BOL,Senwes Park,13069,Migael Pretorius,8,6,6,0,0,not out,False,False
53686,2022-23,2022-10-26 16:00,1,KNG,BOL,Senwes Park,20312,Motlhoaring,9,0,0,0,0,,False,False
53686,2022-23,2022-10-26 16:00,1,KNG,BOL,Senwes Park,12587,Alfred Mothoa,10,0,0,0,0,,False,False
53686,2022-23,2022-10-26 16:00,1,KNG,BOL,Senwes Park,10993,Budaza,11,0,0,0,0,,False,False
53686,2022-23,2022-10-26 16:00,2,BOL,KNG,Senwes Park,13067,Janneman Malan,1,6,6,0,0,b Budaza,False,False
53686,2022-23,2022-10-26 16:00,2,BOL,KNG,Senwes Park,11398,Leus du Plooy,2,25,17,4,0,c Alfred Mothoa b Swanepoel,False,False
53686,2022-23,2022-10-26 16:00,2,BOL,KNG,Senwes Park,20561,Valintine Kitime,3,8,7,1,0,c Gihahn Cloete b Gerald Coetzee,False,False
53686,2022-23,2022-10-26 16:00,2,BOL,KNG,Senwes Park,9580,Clyde Fortuin,4,14,10,2,1,c van Tonder b Gerald Coetzee,False,True
53686,2022-23,2022-10-26 16:00,2,BOL,KNG,Senwes Park,8283,Farhaan Behardien,5,17,17,1,0,b Budaza,False,False
53686,2022-23,2022-10-26 16:00,2,BOL,KNG,Senwes Park,15123,Michael Copeland,6,36,21,3,2,c Gerald Coetzee b Swanepoel,False,False
53686,2022-23,2022-10-26 16:00,2,BOL,KNG,Senwes Park,9493,Hardus Viljoen,7,20,12,1,1,c Gihahn Cloete b Patrick Kruger,False,False
53686,2022-23,2022-10-26 16:00,2,BOL,KNG,Senwes Park,14687,Imran Manack,8,30,18,3,2,c Swanepoel b Gerald Coetzee,False,False
53686,2022-23,2022-10-26 16:00,2,BOL,KNG,Senwes Park,10194,Ferisco Adams,9,1,2,0,0,b Gerald Coetzee,True,False
53686,2022-23,2022-10-26 16:00,2,BOL,KNG,Senwes Park,20417,Bamanye Xenxe,10,7,7,0,0,lbw b Patrick Kruger,False,False
53686,2022-23,2022-10-26 16:00,2,BOL,KNG,Senwes Park,9736,Shaun von Berg,11,1,1,0,0,not out,False,False
53693,2022-23,2022-10-27 16:00,1,WPR,NWEST,Senwes Park,22051,Kaplan,1,39,26,4,1,b Caleb Seleka,False,False
53693,2022-23,2022-10-27 16:00,1,WPR,NWEST,Senwes Park,20267,Daniel Smith,2,69,46,9,3,b Hardus Coetzer,False,False
53693,2022-23,2022-10-27 16:00,1,WPR,NWEST,Senwes Park,10187,George Linde,3,21,12,1,2,run out (Caleb Seleka),False,False
53693,2022-23,2022-10-27 16:00,1,WPR,NWEST,Senwes Park,11209,Verreynne,4,17,11,2,0,c Lesego Senokwane b Duan Jansen,True,True
53693,2022-23,2022-10-27 16:00,1,WPR,NWEST,Senwes Park,31979,Abdullah Bayoumy,5,11,10,1,0,c Hardus Coetzer b Duan Jansen,False,False
53693,2022-23,2022-10-27 16:00,1,WPR,NWEST,Senwes Park,17026,Mpongwana,6,0,2,0,0,not out,False,False
53693,2022-23,2022-10-27 16:00,1,WPR,NWEST,Senwes Park,24610,Lwando Tywaku,7,0,1,0,0,not out,False,False
53693,2022-23,2022-10-27 16:00,1,WPR,NWEST,Senwes Park,10679,Tshepo Moreki,8,0,0,0,0,,False,False
53693,2022-23,2022-10-27 16:00,1,WPR,NWEST,Senwes Park,13629,Dawood,9,0,0,0,0,,False,False
53693,2022-23,2022-10-27 16:00,1,WPR,NWEST,Senwes Park,13630,Nandre Burger,10,0,0,0,0,,False,False
53693,2022-23,2022-10-27 16:00,1,WPR,NWEST,Senwes Park,9702,Dane Paterson,11,0,0,0,0,,False,False
53693,2022-23,2022-10-27 16:00,2,NWEST,WPR,Senwes Park,15654,Wesley Marshall,1,30,19,6,0,c Nandre Burger b Tshepo Moreki,False,False
53693,2022-23,2022-10-27 16:00,2,NWEST,WPR,Senwes Park,1666,Heino Kuhn,2,0,1,0,0,lbw b Nandre Burger,True,True
53693,2022-23,2022-10-27 16:00,2,NWEST,WPR,Senwes Park,18142,Lesego Senokwane,3,2,6,0,0,c Mpongwana b Dane Paterson,False,False
53693,2022-23,2022-10-27 16:00,2,NWEST,WPR,Senwes Park,8526,Shaylen Pillay,4,12,17,1,0,b Nandre Burger,False,False
53693,2022-23,2022-10-27 16:00,2,NWEST,WPR,Senwes Park,14566,Delano Potgieter,5,9,13,0,0,c Nandre Burger b Dawood,False,False
53693,2022-23,2022-10-27 16:00,2,NWEST,WPR,Senwes Park,11432,Senuran Muthusamy,6,39,25,3,1,not out,False,False
53693,2022-23,2022-10-27 16:00,2,NWEST,WPR,Senwes Park,18523,Duan Jansen,7,23,12,0,3,c Nandre Burger b Dane Paterson,False,False
53693,2022-23,2022-10-27 16:00,2,NWEST,WPR,Senwes Park,20551,Hardus Coetzer,8,15,16,1,1,not out,False,False
53693,2022-23,2022-10-27 16:00,2,NWEST,WPR,Senwes Park,20287,Renaldo Meyer,9,0,0,0,0,,False,False
53693,2022-23,2022-10-27 16:00,2,NWEST,WPR,Senwes Park,20526,Caleb Seleka,10,0,0,0,0,,False,False
53693,2022-23,2022-10-27 16:00,2,NWEST,WPR,Senwes Park,13150,Kerwin Mungroo,11,0,0,0,0,,False,False
53695,2022-23,2022-10-28 12:30,1,WAR,TIT,Senwes Park,11497,Wihan Lubbe,1,6,10,1,0,b Harmer,True,False
53695,2022-23,2022-10-28 12:30,1,WAR,TIT,Senwes Park,9735,Ngoepe,2,20,18,3,0,c Musawenkosi Twala b Phangiso,False,False
53695,2022-23,2022-10-28 12:30,1,WAR,TIT,Senwes Park,8528,Diego Rosier,3,14,20,0,0,c and b Harmer,False,False
53695,2022-23,2022-10-28 12:30,1,WAR,TIT,Senwes Park,21386,Jordan Hermann,4,27,33,2,0,c Gqamane b Phangiso,False,False
53695,2022-23,2022-10-28 12:30,1,WAR,TIT,Senwes Park,13089,Breetzke,5,26,26,1,1,c Gqamane b Junior Dala,False,False
53695,2022-23,2022-10-28 12:30,1,WAR,TIT,Senwes Park,13667,Qeshile,6,3,4,0,0,c Harmer b Phangiso,False,True
53695,2022-23,2022-10-28 12:30,1,WAR,TIT,Senwes Park,15127,Tiaan van Vuuren,7,13,6,1,1,not out,False,False
53695,2022-23,2022-10-28 12:30,1,WAR,TIT,Senwes Park,14516,Glenton Stuurman,8,0,1,0,0,c D Galiem b Phangiso,False,False
53695,2022-23,2022-10-28 12:30,1,WAR,TIT,Senwes Park,14428,Tsepo Ndwandwa,9,1,2,0,0,not out,False,False
53695,2022-23,2022-10-28 12:30,1,WAR,TIT,Senwes Park,11204,Abrahams,10,0,0,0,0,,False,False
53695,2022-23,2022-10-28 12:30,1,WAR,TIT,Senwes Park,13066,Akhona Mnyaka,11,0,0,0,0,,False,False
53695,2022-23,2022-10-28 12:30,2,TIT,WAR,Senwes Park,20538,Dewald Brevis,1,5,11,1,0,c Tiaan van Vuuren b Glenton Stuurman,False,False
53695,2022-23,2022-10-28 12:30,2,TIT,WAR,Senwes Park,13101,Jiveshan Pillay,2,0,3,0,0,c Ngoepe b Akhona Mnyaka,False,False
53695,2022-23,2022-10-28 12:30,2,TIT,WAR,Senwes Park,8519,Theunis de Bruyn,3,17,9,4,0,c Qeshile b Glenton Stuurman,False,False
53695,2022-23,2022-10-28 12:30,2,TIT,WAR,Senwes Park,9801,Sibonelo Makhanya,4,21,23,0,1,c Tiaan van Vuuren b Akhona Mnyaka,True,False
53695,2022-23,2022-10-28 12:30,2,TIT,WAR,Senwes Park,21721,Musawenkosi Twala,5,17,17,2,1,c Akhona Mnyaka b Tsepo Ndwandwa,False,True
53695,2022-23,2022-10-28 12:30,2,TIT,WAR,Senwes Park,14308,Neil Brand,6,7,4,0,1,c Tiaan van Vuuren b Abrahams,False,False
53695,2022-23,2022-10-28 12:30,2,TIT,WAR,Senwes Park,9581,Dayyaan Galiem,7,29,27,1,0,not out,False,False
53695,2022-23,2022-10-28 12:30,2,TIT,WAR,Senwes Park,9489,Ayabulela Gqamane,8,0,2,0,0,c Tsepo Ndwandwa b Abrahams,False,False
53695,2022-23,2022-10-28 12:30,2,TIT,WAR,Senwes Park,9540,Simon Harmer,9,2,5,0,0,b Tsepo Ndwandwa,False,False
53695,2022-23,2022-10-28 12:30,2,TIT,WAR,Senwes Park,10175,Junior Dala,10,14,17,1,0,not out,False,False
53695,2022-23,2022-10-28 12:30,2,TIT,WAR,Senwes Park,7649,Aaron Phangiso,11,0,0,0,0,,False,False
53702,2022-23,2022-10-29 08:00,1,NWEST,BOL,Senwes Park,18142,Lesego Senokwane,1,46,43,5,0,b von Berg,False,False
53702,2022-23,2022-10-29 08:00,1,NWEST,BOL,Senwes Park,15654,Wesley Marshall,2,12,13,2,0,b Imran Manack,False,False
53702,2022-23,2022-10-29 08:00,1,NWEST,BOL,Senwes Park,1666,Heino Kuhn,3,58,44,4,2,c Viljoen b Bamanye Xenxe,True,False
53702,2022-23,2022-10-29 08:00,1,NWEST,BOL,Senwes Park,11432,Senuran Muthusamy,4,6,10,1,0,c Fortuin b Bamanye Xenxe,False,False
53702,2022-23,2022-10-29 08:00,1,NWEST,BOL,Senwes Park,14566,Delano Potgieter,5,2,5,0,0,c Janneman Malan b Viljoen,False,False
53702,2022-23,2022-10-29 08:00,1,NWEST,BOL,Senwes Park,18523,Duan Jansen,6,8,4,1,0,not out,False,False
53702,2022-23,2022-10-29 08:00,1,NWEST,BOL,Senwes Park,15122,Khanya Cotani,7,2,1,0,0,not out,False,True
53702,2022-23,2022-10-29 08:00,1,NWEST,BOL,Senwes Park,20287,Renaldo Meyer,8,0,0,0,0,,False,False
53702,2022-23,2022-10-29 08:00,1,NWEST,BOL,Senwes Park,10992,Eldred Hawken,9,0,0,0,0,,False,False
53702,2022-23,2022-10-29 08:00,1,NWEST,BOL,Senwes Park,20526,Caleb Seleka,10,0,0,0,0,,False,False
53702,2022-23,2022-10-29 08:00,1,NWEST,BOL,Senwes Park,13150,Mungroo,11,0,0,0,0,,False,False
53702,2022-23,2022-10-29 08:00,2,BOL,NWEST,Senwes Park,13067,Janneman Malan,1,34,28,4,1,b Eldred Hawken,False,False
53702,2022-23,2022-10-29 08:00,2,BOL,NWEST,Senwes Park,11398,Leus du Plooy,2,6,4,1,0,lbw b Mungroo,False,False
53702,2022-23,2022-10-29 08:00,2,BOL,NWEST,Senwes Park,9580,Clyde Fortuin,3,57,29,2,5,b Renaldo Meyer,False,True
53702,2022-23,2022-10-29 08:00,2,BOL,NWEST,Senwes Park,9764,Christiaan Jonker,4,15,14,1,0,not out,False,False
53702,2022-23,2022-10-29 08:00,2,BOL,NWEST,Senwes Park,9493,Hardus Viljoen,5,5,8,0,0,c and b Caleb Seleka,False,False
53702,2022-23,2022-10-29 08:00,2,BOL,NWEST,Senwes Park,14687,Imran Manack,6,9,6,1,0,c Lesego Senokwane b Caleb Seleka,False,False
53702,2022-23,2022-10-29 08:00,2,BOL,NWEST,Senwes Park,8283,Farhaan Behardien,7,2,2,0,0,not out,True,False
53702,2022-23,2022-10-29 08:00,2,BOL,NWEST,Senwes Park,15123,Michael Copeland,8,0,0,0,0,,False,False
53702,2022-23,2022-10-29 08:00,2,BOL,NWEST,Senwes Park,15564,Khwezi Gumede,9,0,0,0,0,,False,False
53702,2022-23,2022-10-29 08:00,2,BOL,NWEST,Senwes Park,20417,Bamanye Xenxe,10,0,0,0,0,,False,False
53702,2022-23,2022-10-29 08:00,2,BOL,NWEST,Senwes Park,9736,Shaun von Berg,11,0,0,0,0,,False,False
53707,2022-23,2022-10-29 12:30,1,WPR,DOL,Senwes Park,22051,Kaplan,1,1,5,0,0,lbw b Dupavillon,False,False
53707,2022-23,2022-10-29 12:30,1,WPR,DOL,Senwes Park,20267,Daniel Smith,2,2,8,0,0,b Dupavillon,False,False
53707,2022-23,2022-10-29 12:30,1,WPR,DOL,Senwes Park,24610,Lwando Tywaku,3,8,19,1,0,retd hurt,False,False
53707,2022-23,2022-10-29 12:30,1,WPR,DOL,Senwes Park,11209,Verreynne,4,4,6,1,0,b Ottniel Baartman,True,True
53707,2022-23,2022-10-29 12:30,1,WPR,DOL,Senwes Park,10187,George Linde,5,30,33,1,1,b Eathan Bosch,False,False
53707,2022-23,2022-10-29 12:30,1,WPR,DOL,Senwes Park,17026,Mpongwana,6,2,6,0,0,lbw b Smuts,False,False
53707,2022-23,2022-10-29 12:30,1,WPR,DOL,Senwes Park,31979,Abdullah Bayoumy,7,3,4,0,0,st Roelofsen b Subrayen,False,False
53707,2022-23,2022-10-29 12:30,1,WPR,DOL,Senwes Park,9702,Dane Paterson,8,4,8,0,0,c Dithole b Subrayen,False,False
53707,2022-23,2022-10-29 12:30,1,WPR,DOL,Senwes Park,12223,Kyle Simmonds,9,4,4,0,0,c Ottniel Baartman b Smuts,False,False
53707,2022-23,2022-10-29 12:30,1,WPR,DOL,Senwes Park,10679,Tshepo Moreki,10,3,8,0,0,b Ottniel Baartman,False,False
53707,2022-23,2022-10-29 12:30,1,WPR,DOL,Senwes Park,13630,Nandre Burger,11,0,5,0,0,lbw b Smuts,False,False
53707,2022-23,2022-10-29 12:30,1,WPR,DOL,Senwes Park,13629,Dawood,12,2,2,0,0,not out,False,False
53707,2022-23,2022-10-29 12:30,2,DOL,WPR,Senwes Park,14187,Grant Roelofsen,1,29,30,3,1,not out,False,True
53707,2022-23,2022-10-29 12:30,2,DOL,WPR,Senwes Park,10178,Keegan Petersen,2,0,5,0,0,c Dawood b Nandre Burger,False,False
53707,2022-23,2022-10-29 12:30,2,DOL,WPR,Senwes Park,7668,JJ Smuts,3,11,5,1,1,c Mpongwana b Tshepo Moreki,False,False
53707,2022-23,2022-10-29 12:30,2,DOL,WPR,Senwes Park,10687,Tshepang Dithole,4,6,7,1,0,lbw b Dawood,False,False
53707,2022-23,2022-10-29 12:30,2,DOL,WPR,Senwes Park,9724,Khaya Zondo,5,17,11,1,1,not out,False,False
53707,2022-23,2022-10-29 12:30,2,DOL,WPR,Senwes Park,9587,Jason Smith,6,0,0,0,0,,False,False
53707,2022-23,2022-10-29 12:30,2,DOL,WPR,Senwes Park,13098,Eathan Bosch,7,0,0,0,0,,False,False
53707,2022-23,2022-10-29 12:30,2,DOL,WPR,Senwes Park,8530,Prenelan Subrayen,8,0,0,0,0,,True,False
53707,2022-23,2022-10-29 12:30,2,DOL,WPR,Senwes Park,13100,Ottniel Baartman,9,0,0,0,0,,False,False
53707,2022-23,2022-10-29 12:30,2,DOL,WPR,Senwes Park,10079,Daryn Dupavillon,10,0,0,0,0,,False,False
53707,2022-23,2022-10-29 12:30,2,DOL,WPR,Senwes Park,13324,Thando Ntini,11,0,0,0,0,,False,False
53709,2022-23,2022-10-30 12:30,1,WAR,NWEST,Senwes Park,9735,Ngoepe,1,20,18,2,1,c Khanya Cotani b Renaldo Meyer,False,False
53709,2022-23,2022-10-30 12:30,1,WAR,NWEST,Senwes Park,11497,Wihan Lubbe,2,52,45,3,2,c Eldred Hawken b Hardus Coetzer,True,False
53709,2022-23,2022-10-30 12:30,1,WAR,NWEST,Senwes Park,8528,Diego Rosier,3,53,41,5,1,not out,False,False
53709,2022-23,2022-10-30 12:30,1,WAR,NWEST,Senwes Park,21386,Jordan Hermann,4,0,1,0,0,c Khanya Cotani b Hardus Coetzer,False,False
53709,2022-23,2022-10-30 12:30,1,WAR,NWEST,Senwes Park,13089,Breetzke,5,29,16,4,1,c Eldred Hawken b Duan Jansen,False,False
53709,2022-23,2022-10-30 12:30,1,WAR,NWEST,Senwes Park,13667,Qeshile,6,0,0,0,0,,False,True
53709,2022-23,2022-10-30 12:30,1,WAR,NWEST,Senwes Park,15127,Tiaan van Vuuren,7,0,0,0,0,,False,False
53709,2022-23,2022-10-30 12:30,1,WAR,NWEST,Senwes Park,14516,Glenton Stuurman,8,0,0,0,0,,False,False
53709,2022-23,2022-10-30 12:30,1,WAR,NWEST,Senwes Park,14428,Tsepo Ndwandwa,9,0,0,0,0,,False,False
53709,2022-23,2022-10-30 12:30,1,WAR,NWEST,Senwes Park,13394,Kgaudisa Molefe,10,0,0,0,0,,False,False
53709,2022-23,2022-10-30 12:30,1,WAR,NWEST,Senwes Park,16433,Beyers Swanepoel,11,0,0,0,0,,False,False
53709,2022-23,2022-10-30 12:30,2,NWEST,WAR,Senwes Park,18142,Lesego Senokwane,1,21,13,5,0,run out (Ngoepe),False,False
53709,2022-23,2022-10-30 12:30,2,NWEST,WAR,Senwes Park,15654,Wesley Marshall,2,56,35,5,3,st Qeshile b Tsepo Ndwandwa,False,False
53709,2022-23,2022-10-30 12:30,2,NWEST,WAR,Senwes Park,1666,Heino Kuhn,3,43,37,4,0,b Glenton Stuurman,True,False
53709,2022-23,2022-10-30 12:30,2,NWEST,WAR,Senwes Park,15122,Khanya Cotani,4,16,24,1,0,b Kgaudisa Molefe,False,True
53709,2022-23,2022-10-30 12:30,2,NWEST,WAR,Senwes Park,11432,Senuran Muthusamy,5,1,3,0,0,run out (Qeshile),False,False
53709,2022-23,2022-10-30 12:30,2,NWEST,WAR,Senwes Park,18523,Duan Jansen,6,1,2,0,0,c Jordan Hermann b Glenton Stuurman,False,False
53709,2022-23,2022-10-30 12:30,2,NWEST,WAR,Senwes Park,20551,Hardus Coetzer,7,3,4,0,0,not out,False,False
53709,2022-23,2022-10-30 12:30,2,NWEST,WAR,Senwes Park,20287,Renaldo Meyer,8,0,1,0,0,run out (Qeshile/Beyers Swanepoel),False,False
53709,2022-23,2022-10-30 12:30,2,NWEST,WAR,Senwes Park,10992,Eldred Hawken,9,1,1,0,0,not out,False,False
53709,2022-23,2022-10-30 12:30,2,NWEST,WAR,Senwes Park,20526,Caleb Seleka,10,0,0,0,0,,False,False
53709,2022-23,2022-10-30 12:30,2,NWEST,WAR,Senwes Park,11903,Lwandiswa Zuma,11,0,0,0,0,,False,False
53716,2022-23,2022-10-31 12:30,1,TIT,KNG,Senwes Park,20538,Dewald Brevis,1,162,57,13,13,c Patrick Kruger b Gerald Coetzee,False,False
53716,2022-23,2022-10-31 12:30,1,TIT,KNG,Senwes Park,13101,Jiveshan Pillay,2,52,45,4,1,c Isaac Dikgale b Swanepoel,False,False
53716,2022-23,2022-10-31 12:30,1,TIT,KNG,Senwes Park,14798,Donavon Ferreira,3,33,15,4,2,c Gerald Coetzee b Migael Pretorius,False,True
53716,2022-23,2022-10-31 12:30,1,TIT,KNG,Senwes Park,9581,D Galiem,4,7,4,0,1,not out,False,False
53716,2022-23,2022-10-31 12:30,1,TIT,KNG,Senwes Park,8519,Theunis de Bruyn,5,5,3,0,0,not out,False,False
53716,2022-23,2022-10-31 12:30,1,TIT,KNG,Senwes Park,9801,Makhanya,6,0,0,0,0,,True,False
53716,2022-23,2022-10-31 12:30,1,TIT,KNG,Senwes Park,14308,Neil Brand,7,0,0,0,0,,False,False
53716,2022-23,2022-10-31 12:30,1,TIT,KNG,Senwes Park,9489,Gqamane,8,0,0,0,0,,False,False
53716,2022-23,2022-10-31 12:30,1,TIT,KNG,Senwes Park,9540,Harmer,9,0,0,0,0,,False,False
53716,2022-23,2022-10-31 12:30,1,TIT,KNG,Senwes Park,10175,Junior Dala,10,0,0,0,0,,False,False
53716,2022-23,2022-10-31 12:30,1,TIT,KNG,Senwes Park,7649,Phangiso,11,0,0,0,0,,False,False
53716,2022-23,2022-10-31 12:30,2,KNG,TIT,Senwes Park,8517,Gihahn Cloete,1,51,32,6,2,c Neil Brand b Phangiso,False,True
53716,2022-23,2022-10-31 12:30,2,KNG,TIT,Senwes Park,14552,Jacques Snyman,2,28,14,0,3,c Dewald Brevis b Harmer,False,False
53716,2022-23,2022-10-31 12:30,2,KNG,TIT,Senwes Park,13317,Raynard van Tonder,3,12,9,1,0,c Theunis de Bruyn b Neil Brand,False,False
53716,2022-23,2022-10-31 12:30,2,KNG,TIT,Senwes Park,11902,Patrick Kruger,4,22,13,1,2,c Harmer b Phangiso,False,False
53716,2022-23,2022-10-31 12:30,2,KNG,TIT,Senwes Park,10797,Aubrey Swanepoel,5,3,3,0,0,c Makhanya b Neil Brand,True,False
53716,2022-23,2022-10-31 12:30,2,KNG,TIT,Senwes Park,9710,Pite van Biljon,6,12,9,1,1,c Donavon Ferreira b Neil Brand,False,False
53716,2022-23,2022-10-31 12:30,2,KNG,TIT,Senwes Park,13320,Gerald Coetzee,7,37,11,1,5,c D Galiem b Dewald Brevis,False,False
53716,2022-23,2022-10-31 12:30,2,KNG,TIT,Senwes Park,13069,Migael Pretorius,8,29,14,1,3,c Dewald Brevis b D Galiem,False,False
53716,2022-23,2022-10-31 12:30,2,KNG,TIT,Senwes Park,13091,Isaac Dikgale,9,28,13,1,3,lbw b Gqamane,False,False
53716,2022-23,2022-10-31 12:30,2,KNG,TIT,Senwes Park,20312,Orapeleng Motlhoaring,10,1,2,0,0,not out,False,False
53716,2022-23,2022-10-31 12:30,2,KNG,TIT,Senwes Park,10993,Mbulelo Budaza,11,0,0,0,0,,False,False
53721,2022-23,2022-10-31 16:00,1,LIONS,WPR,Senwes Park,13070,Rickelton,1,4,4,1,0,c Dawood b Nandre Burger,False,True
53721,2022-23,2022-10-31 16:00,1,LIONS,WPR,Senwes Park,9719,Delport,2,14,10,3,0,c Nandre Burger b Tshepo Moreki,False,False
53721,2022-23,2022-10-31 16:00,1,LIONS,WPR,Senwes Park,9730,Dominic Hendricks,3,31,30,4,0,b Dawood,False,False
53721,2022-23,2022-10-31 16:00,1,LIONS,WPR,Senwes Park,19057,Van Buuren,4,40,24,4,1,c Dawood b Tshepo Moreki,False,False
53721,2022-23,2022-10-31 16:00,1,LIONS,WPR,Senwes Park,11200,Mulder,5,52,34,4,3,c George Linde b Nandre Burger,False,False
53721,2022-23,2022-10-31 16:00,1,LIONS,WPR,Senwes Park,20308,Evan Jones,6,0,1,0,0,b Tshepo Moreki,False,False
53721,2022-23,2022-10-31 16:00,1,LIONS,WPR,Senwes Park,9708,Siboto,7,6,11,0,0,c Mgijima b Tshepo Moreki,True,False
53721,2022-23,2022-10-31 16:00,1,LIONS,WPR,Senwes Park,21728,Glen Adams,8,3,4,0,0,b Nandre Burger,False,False
53721,2022-23,2022-10-31 16:00,1,LIONS,WPR,Senwes Park,24546,Codi Yusuf,9,3,2,0,0,not out,False,False
53721,2022-23,2022-10-31 16:00,1,LIONS,WPR,Senwes Park,11872,Tladi Bokako,10,0,0,0,0,,False,False
53721,2022-23,2022-10-31 16:00,1,LIONS,WPR,Senwes Park,10763,Myoli,11,0,0,0,0,,False,False
53721,2022-23,2022-10-31 16:00,2,WPR,LIONS,Senwes Park,22051,Gavin Kaplan,1,8,8,1,0,c Van Buuren b Siboto,False,False
53721,2022-23,2022-10-31 16:00,2,WPR,LIONS,Senwes Park,20267,Daniel Smith,2,28,31,3,0,c Dominic Hendricks b Glen Adams,False,False
53721,2022-23,2022-10-31 16:00,2,WPR,LIONS,Senwes Park,17026,Mihlali Mpongwana,3,43,29,5,1,run out (Dominic Hendricks/Tladi Bokako),False,False
53721,2022-23,2022-10-31 16:00,2,WPR,LIONS,Senwes Park,11209,Kyle Verreynne,4,19,17,1,0,b Tladi Bokako,True,True
53721,2022-23,2022-10-31 16:00,2,WPR,LIONS,Senwes Park,9766,Aviwe Mgijima,5,2,5,0,0,c Glen Adams b Codi Yusuf,False,False
53721,2022-23,2022-10-31 16:00,2,WPR,LIONS,Senwes Park,10187,George Linde,6,5,10,0,0,c Glen Adams b Codi Yusuf,False,False
53721,2022-23,2022-10-31 16:00,2,WPR,LIONS,Senwes Park,31979,Abdullah Bayoumy,7,4,6,0,0,c Mulder b Tladi Bokako,False,False
53721,2022-23,2022-10-31 16:00,2,WPR,LIONS,Senwes Park,9490,Beuran Hendricks,8,2,3,0,0,b Siboto,False,False
53721,2022-23,2022-10-31 16:00,2,WPR,LIONS,Senwes Park,10679,Tshepo Moreki,9,5,5,0,0,not out,False,False
53721,2022-23,2022-10-31 16:00,2,WPR,LIONS,Senwes Park,13630,Nandre Burger,10,4,7,0,0,run out (Glen Adams/Mulder),False,False
53721,2022-23,2022-10-31 16:00,2,WPR,LIONS,Senwes Park,13629,Junaid Dawood,11,0,0,0,0,,False,False
53728,2022-23,2022-11-01 12:30,1,NWEST,KNG,Senwes Park,9731,Mokoena,1,12,8,3,0,b Migael Pretorius,False,False
53728,2022-23,2022-11-01 12:30,1,NWEST,KNG,Senwes Park,15654,Wesley Marshall,2,10,8,1,0,c Isaac Dikgale b Budaza,False,False
53728,2022-23,2022-11-01 12:30,1,NWEST,KNG,Senwes Park,1666,Heino Kuhn,3,50,47,4,0,c Patrick Kruger b Gerald Coetzee,True,False
53728,2022-23,2022-11-01 12:30,1,NWEST,KNG,Senwes Park,15122,Khanya Cotani,4,5,8,1,0,c Swanepoel b Patrick Kruger,False,True
53728,2022-23,2022-11-01 12:30,1,NWEST,KNG,Senwes Park,11432,Senuran Muthusamy,5,10,8,0,0,lbw b Snyman,False,False
53728,2022-23,2022-11-01 12:30,1,NWEST,KNG,Senwes Park,14566,Delano Potgieter,6,18,25,0,0,not out,False,False
53728,2022-23,2022-11-01 12:30,1,NWEST,KNG,Senwes Park,18523,Duan Jansen,7,39,15,3,3,c Gihahn Cloete b Gerald Coetzee,False,False
53728,2022-23,2022-11-01 12:30,1,NWEST,KNG,Senwes Park,20551,Hardus Coetzer,8,0,1,0,0,not out,False,False
53728,2022-23,2022-11-01 12:30,1,NWEST,KNG,Senwes Park,20287,Renaldo Meyer,9,0,0,0,0,,False,False
53728,2022-23,2022-11-01 12:30,1,NWEST,KNG,Senwes Park,20526,Caleb Seleka,10,0,0,0,0,,False,False
53728,2022-23,2022-11-01 12:30,1,NWEST,KNG,Senwes Park,11903,Zuma,11,0,0,0,0,,False,False
53728,2022-23,2022-11-01 12:30,2,KNG,NWEST,Senwes Park,8517,Gihahn Cloete,1,9,5,2,0,run out (Zuma/Senuran Muthusamy),False,True
53728,2022-23,2022-11-01 12:30,2,KNG,NWEST,Senwes Park,14552,Jacques Snyman,2,25,17,5,0,c Wesley Marshall b Renaldo Meyer,False,False
53728,2022-23,2022-11-01 12:30,2,KNG,NWEST,Senwes Park,13317,Raynard van Tonder,3,7,9,1,0,c Khanya Cotani b Hardus Coetzer,False,False
53728,2022-23,2022-11-01 12:30,2,KNG,NWEST,Senwes Park,11902,Patrick Kruger,4,7,6,1,0,c (sub)Shaylen Pillay b Caleb Seleka,False,False
53728,2022-23,2022-11-01 12:30,2,KNG,NWEST,Senwes Park,10797,Aubrey Swanepoel,5,1,4,0,0,b Renaldo Meyer,True,False
53728,2022-23,2022-11-01 12:30,2,KNG,NWEST,Senwes Park,9710,Pite van Biljon,6,27,24,1,2,c Khanya Cotani b Caleb Seleka,False,False
53728,2022-23,2022-11-01 12:30,2,KNG,NWEST,Senwes Park,13091,Isaac Dikgale,7,9,9,0,0,b Caleb Seleka,False,False
53728,2022-23,2022-11-01 12:30,2,KNG,NWEST,Senwes Park,13320,Gerald Coetzee,8,7,6,0,1,c Duan Jansen b Renaldo Meyer,False,False
53728,2022-23,2022-11-01 12:30,2,KNG,NWEST,Senwes Park,13069,Migael Pretorius,9,36,15,3,3,c Hardus Coetzer b Senuran Muthusamy,False,False
53728,2022-23,2022-11-01 12:30,2,KNG,NWEST,Senwes Park,20312,Orapeleng Motlhoaring,10,2,3,0,0,c Duan Jansen b Senuran Muthusamy,False,False
53728,2022-23,2022-11-01 12:30,2,KNG,NWEST,Senwes Park,10993,Mbulelo Budaza,11,0,2,0,0,not out,False,False
53737,2022-23,2022-11-02 12:30,1,TIT,KNG,Senwes Park,20538,Dewald Brevis,1,9,10,1,0,c Patrick Kruger b Migael Pretorius,False,False
53737,2022-23,2022-11-02 12:30,1,TIT,KNG,Senwes Park,13101,Jiveshan Pillay,2,33,24,4,1,c Gerald Coetzee b Snyman,False,False
53737,2022-23,2022-11-02 12:30,1,TIT,KNG,Senwes Park,8519,Theunis de Bruyn,3,36,28,4,1,c Isaac Dikgale b Budaza,False,False
53737,2022-23,2022-11-02 12:30,1,TIT,KNG,Senwes Park,9801,Makhanya,4,45,34,4,1,run out (Migael Pretorius/Gihahn Cloete),True,False
53737,2022-23,2022-11-02 12:30,1,TIT,KNG,Senwes Park,14798,Donavon Ferreira,5,8,8,1,0,c Patrick Kruger b Gerald Coetzee,False,True
53737,2022-23,2022-11-02 12:30,1,TIT,KNG,Senwes Park,14308,Neil Brand,6,15,14,2,0,c Snyman b Gerald Coetzee,False,False
53737,2022-23,2022-11-02 12:30,1,TIT,KNG,Senwes Park,9581,D Galiem,7,1,2,0,0,not out,False,False
53737,2022-23,2022-11-02 12:30,1,TIT,KNG,Senwes Park,9489,Gqamane,8,0,0,0,0,,False,False
53737,2022-23,2022-11-02 12:30,1,TIT,KNG,Senwes Park,9540,Harmer,9,0,0,0,0,,False,False
53737,2022-23,2022-11-02 12:30,1,TIT,KNG,Senwes Park,7649,Phangiso,10,0,0,0,0,,False,False
53737,2022-23,2022-11-02 12:30,1,TIT,KNG,Senwes Park,10175,Junior Dala,11,0,0,0,0,,False,False
53737,2022-23,2022-11-02 12:30,2,KNG,TIT,Senwes Park,8517,Gihahn Cloete,1,21,24,2,1,c (sub)Corbin Bosch b Phangiso,False,True
53737,2022-23,2022-11-02 12:30,2,KNG,TIT,Senwes Park,14552,Jacques Snyman,2,33,28,3,1,c Jiveshan Pillay b Dewald Brevis,False,False
53737,2022-23,2022-11-02 12:30,2,KNG,TIT,Senwes Park,10797,Aubrey Swanepoel,3,6,11,0,0,c Gqamane b Neil Brand,True,False
53737,2022-23,2022-11-02 12:30,2,KNG,TIT,Senwes Park,13317,Raynard van Tonder,4,10,17,0,0,c Donavon Ferreira b Harmer,False,False
53737,2022-23,2022-11-02 12:30,2,KNG,TIT,Senwes Park,11902,Patrick Kruger,5,13,14,1,1,c (sub)Corbin Bosch b Neil Brand,False,False
53737,2022-23,2022-11-02 12:30,2,KNG,TIT,Senwes Park,9710,Pite van Biljon,6,0,1,0,0,c (sub)Matthew Boast b Neil Brand,False,False
53737,2022-23,2022-11-02 12:30,2,KNG,TIT,Senwes Park,13320,Gerald Coetzee,7,0,2,0,0,c and b Harmer,False,False
53737,2022-23,2022-11-02 12:30,2,KNG,TIT,Senwes Park,13069,Migael Pretorius,8,19,16,2,1,not out,False,False
53737,2022-23,2022-11-02 12:30,2,KNG,TIT,Senwes Park,13091,Isaac Dikgale,9,1,4,0,0,run out (Donavon Ferreira),False,False
53737,2022-23,2022-11-02 12:30,2,KNG,TIT,Senwes Park,12587,Alfred Mothoa,10,2,4,0,0,not out,False,False
53737,2022-23,2022-11-02 12:30,2,KNG,TIT,Senwes Park,10993,Mbulelo Budaza,11,0,0,0,0,,False,False
53742,2022-23,2022-11-02 16:00,1,DOL,BOL,Senwes Park,14187,Roelofsen,1,26,30,2,0,c Michael Copeland b von Berg,False,True
53742,2022-23,2022-11-02 16:00,1,DOL,BOL,Senwes Park,10178,Keegan Petersen,2,25,19,3,1,c Fortuin b Bamanye Xenxe,False,False
53742,2022-23,2022-11-02 16:00,1,DOL,BOL,Senwes Park,7668,Smuts,3,6,10,0,0,c Fortuin b Bamanye Xenxe,False,False
53742,2022-23,2022-11-02 16:00,1,DOL,BOL,Senwes Park,10687,Dithole,4,4,2,1,0,b von Berg,False,False
53742,2022-23,2022-11-02 16:00,1,DOL,BOL,Senwes Park,9724,Zondo,5,18,12,1,0,c Khwezi Gumede b Leus du Plooy,False,False
53742,2022-23,2022-11-02 16:00,1,DOL,BOL,Senwes Park,9587,J Smith,6,22,24,2,0,c (sub)Imran Manack b Ferisco Adams,False,False
53742,2022-23,2022-11-02 16:00,1,DOL,BOL,Senwes Park,18687,Simelane,7,0,3,0,0,st Fortuin b von Berg,False,False
53742,2022-23,2022-11-02 16:00,1,DOL,BOL,Senwes Park,13098,Eathan Bosch,8,7,8,0,0,c Khwezi Gumede b Bamanye Xenxe,False,False
53742,2022-23,2022-11-02 16:00,1,DOL,BOL,Senwes Park,8530,Subrayen,9,22,11,2,1,c Janneman Malan b Bamanye Xenxe,True,False
53742,2022-23,2022-11-02 16:00,1,DOL,BOL,Senwes Park,10079,Dupavillon,10,1,1,0,0,run out (Fortuin),False,False
53742,2022-23,2022-11-02 16:00,1,DOL,BOL,Senwes Park,13100,Ottniel Baartman,11,0,0,0,0,not out,False,False
53742,2022-23,2022-11-02 16:00,2,BOL,DOL,Senwes Park,13067,Janneman Malan,1,37,39,7,0,st Roelofsen b Subrayen,False,False
53742,2022-23,2022-11-02 16:00,2,BOL,DOL,Senwes Park,11398,Leus du Plooy,2,0,1,0,0,c Roelofsen b Eathan Bosch,False,False
53742,2022-23,2022-11-02 16:00,2,BOL,DOL,Senwes Park,9580,Clyde Fortuin,3,7,8,0,1,b Smuts,False,True
53742,2022-23,2022-11-02 16:00,2,BOL,DOL,Senwes Park,9764,Christiaan Jonker,4,5,7,0,0,lbw b Smuts,False,False
53742,2022-23,2022-11-02 16:00,2,BOL,DOL,Senwes Park,8283,Farhaan Behardien,5,31,32,2,0,not out,False,False
53742,2022-23,2022-11-02 16:00,2,BOL,DOL,Senwes Park,15123,Michael Copeland,6,0,1,0,0,c Roelofsen b Subrayen,False,False
53742,2022-23,2022-11-02 16:00,2,BOL,DOL,Senwes Park,10194,Ferisco Adams,7,3,7,0,0,st Roelofsen b Subrayen,True,False
53742,2022-23,2022-11-02 16:00,2,BOL,DOL,Senwes Park,9493,Hardus Viljoen,8,22,18,1,1,c Eathan Bosch b Ottniel Baartman,False,False
53742,2022-23,2022-11-02 16:00,2,BOL,DOL,Senwes Park,20417,Bamanye Xenxe,9,10,4,1,0,run out (Dithole/Ottniel Baartman),False,False
53742,2022-23,2022-11-02 16:00,2,BOL,DOL,Senwes Park,9736,Shaun von Berg,10,2,3,0,0,not out,False,False
53742,2022-23,2022-11-02 16:00,2,BOL,DOL,Senwes Park,15564,Khwezi Gumede,11,0,0,0,0,,False,False
53749,2022-23,2022-11-05 12:30,1,DOL,TIT,Senwes Park,14187,Roelofsen,1,0,1,0,0,c Donavon Ferreira b Gqamane,False,True
53749,2022-23,2022-11-05 12:30,1,DOL,TIT,Senwes Park,10178,Keegan Petersen,2,63,51,6,2,c Harmer b Neil Brand,False,False
53749,2022-23,2022-11-05 12:30,1,DOL,TIT,Senwes Park,7668,Smuts,3,69,50,8,1,c Donavon Ferreira b D Galiem,False,False
53749,2022-23,2022-11-05 12:30,1,DOL,TIT,Senwes Park,18687,Simelane,4,8,11,1,0,not out,False,False
53749,2022-23,2022-11-05 12:30,1,DOL,TIT,Senwes Park,9587,J Smith,5,21,7,1,2,not out,False,False
53749,2022-23,2022-11-05 12:30,1,DOL,TIT,Senwes Park,10687,Dithole,6,0,0,0,0,,False,False
53749,2022-23,2022-11-05 12:30,1,DOL,TIT,Senwes Park,9724,Zondo,7,0,0,0,0,,False,False
53749,2022-23,2022-11-05 12:30,1,DOL,TIT,Senwes Park,13098,Eathan Bosch,8,0,0,0,0,,False,False
53749,2022-23,2022-11-05 12:30,1,DOL,TIT,Senwes Park,8530,Subrayen,9,0,0,0,0,,True,False
53749,2022-23,2022-11-05 12:30,1,DOL,TIT,Senwes Park,10079,Dupavillon,10,0,0,0,0,,False,False
53749,2022-23,2022-11-05 12:30,1,DOL,TIT,Senwes Park,13100,Ottniel Baartman,11,0,0,0,0,,False,False
53749,2022-23,2022-11-05 12:30,2,TIT,DOL,Senwes Park,20538,Dewald Brevis,1,2,5,0,0,c Keegan Petersen b Dupavillon,False,False
53749,2022-23,2022-11-05 12:30,2,TIT,DOL,Senwes Park,13101,Jiveshan Pillay,2,18,20,3,0,c Smuts b Dupavillon,False,False
53749,2022-23,2022-11-05 12:30,2,TIT,DOL,Senwes Park,8519,Theunis de Bruyn,3,32,19,2,2,c Eathan Bosch b Subrayen,False,False
53749,2022-23,2022-11-05 12:30,2,TIT,DOL,Senwes Park,9801,Sibonelo Makhanya,4,13,9,1,1,c Eathan Bosch b Smuts,True,False
53749,2022-23,2022-11-05 12:30,2,TIT,DOL,Senwes Park,14308,Neil Brand,5,18,19,1,0,c (sub)MJ Ackerman b Smuts,False,False
53749,2022-23,2022-11-05 12:30,2,TIT,DOL,Senwes Park,9581,Dayyaan Galiem,6,32,22,5,0,not out,False,False
53749,2022-23,2022-11-05 12:30,2,TIT,DOL,Senwes Park,14798,Donavon Ferreira,7,40,25,3,1,run out ((sub)MJ Ackerman),False,True
53749,2022-23,2022-11-05 12:30,2,TIT,DOL,Senwes Park,9489,Ayabulela Gqamane,8,0,0,0,0,not out,False,False
53749,2022-23,2022-11-05 12:30,2,TIT,DOL,Senwes Park,9540,Simon Harmer,9,0,0,0,0,,False,False
53749,2022-23,2022-11-05 12:30,2,TIT,DOL,Senwes Park,10175,Junior Dala,10,0,0,0,0,,False,False
53749,2022-23,2022-11-05 12:30,2,TIT,DOL,Senwes Park,7649,Aaron Phangiso,11,0,0,0,0,,False,False
90424,2023-24,2024-03-08 16:00,1,WAR,KZNIN,St George's Park,13089,Breetzke,1,25,16,4,1,c Smangaliso Nhlebela b Erlank,True,False
90424,2023-24,2024-03-08 16:00,1,WAR,KZNIN,St George's Park,13101,Jiveshan Pillay,2,29,23,1,2,c Keith Dudgeon b Mondli Khumalo,False,False
90424,2023-24,2024-03-08 16:00,1,WAR,KZNIN,St George's Park,21386,Jordan Hermann,3,21,26,2,0,c Nofal b Smangaliso Nhlebela,False,False
90424,2023-24,2024-03-08 16:00,1,WAR,KZNIN,St George's Park,19243,Tristan Stubbs,4,16,13,2,0,c Keith Dudgeon b Alindile Mhletywa,False,True
90424,2023-24,2024-03-08 16:00,1,WAR,KZNIN,St George's Park,11902,Patrick Kruger,5,10,11,1,0,c Shekleton b Alindile Mhletywa,False,False
90424,2023-24,2024-03-08 16:00,1,WAR,KZNIN,St George's Park,14565,Marco Jansen,6,4,7,0,0,c Shekleton b Smangaliso Nhlebela,False,False
90424,2023-24,2024-03-08 16:00,1,WAR,KZNIN,St George's Park,13667,Qeshile,7,2,3,0,0,c Nofal b Alindile Mhletywa,False,False
90424,2023-24,2024-03-08 16:00,1,WAR,KZNIN,St George's Park,53450,Andile Mogakane,8,11,12,1,0,c Smangaliso Nhlebela b Budaza,False,False
90424,2023-24,2024-03-08 16:00,1,WAR,KZNIN,St George's Park,11427,Nortje,9,4,6,0,0,c Keith Dudgeon b Smangaliso Nhlebela,False,False
90424,2023-24,2024-03-08 16:00,1,WAR,KZNIN,St George's Park,20372,Heerden,10,0,1,0,0,run out (Smangaliso Nhlebela/Ridgaard),False,False
90424,2023-24,2024-03-08 16:00,1,WAR,KZNIN,St George's Park,9714,Simetu,11,2,2,0,0,not out,False,False
90424,2023-24,2024-03-08 16:00,2,KZNIN,WAR,St George's Park,9703,Michael Erlank,1,0,1,0,0,lbw b Marco Jansen,True,False
90424,2023-24,2024-03-08 16:00,2,KZNIN,WAR,St George's Park,9719,Cameron Delport,2,6,7,1,0,c Patrick Kruger b Marco Jansen,False,False
90424,2023-24,2024-03-08 16:00,2,KZNIN,WAR,St George's Park,51711,Thamsanqa Kumalo,3,6,8,1,0,c Patrick Kruger b Marco Jansen,False,False
90424,2023-24,2024-03-08 16:00,2,KZNIN,WAR,St George's Park,9822,Malcolm Nofal,4,16,16,3,0,b Tristan Stubbs,False,False
90424,2023-24,2024-03-08 16:00,2,KZNIN,WAR,St George's Park,20357,Cameron Shekleton,5,23,25,1,1,c Marco Jansen b Heerden,False,True
90424,2023-24,2024-03-08 16:00,2,KZNIN,WAR,St George's Park,12592,Keith Dudgeon,6,1,4,0,0,b Simetu,False,False
90424,2023-24,2024-03-08 16:00,2,KZNIN,WAR,St George's Park,20368,Dilivio Ridgaard,7,1,3,0,0,lbw b Simetu,False,False
90424,2023-24,2024-03-08 16:00,2,KZNIN,WAR,St George's Park,22061,Alindile Mhletywa,8,2,4,0,0,lbw b Patrick Kruger,False,False
90424,2023-24,2024-03-08 16:00,2,KZNIN,WAR,St George's Park,13099,Smangaliso Nhlebela,9,16,14,2,0,c Patrick Kruger b Simetu,False,False
90424,2023-24,2024-03-08 16:00,2,KZNIN,WAR,St George's Park,15919,Mondli Khumalo,10,5,7,1,0,not out,False,False
90424,2023-24,2024-03-08 16:00,2,KZNIN,WAR,St George's Park,10993,Mbulelo Budaza,11,6,11,1,0,b Marco Jansen,False,False
90428,2023-24,2024-03-08 16:00,1,WPR,DOL,Kingsmead,14265,Bedingham,1,8,5,0,1,lbw b Okuhle Cele,False,False
90428,2023-24,2024-03-08 16:00,1,WPR,DOL,Kingsmead,11196,Tony de Zorzi,2,16,14,2,1,c Zondo b Okuhle Cele,False,False
90428,2023-24,2024-03-08 16:00,1,WPR,DOL,Kingsmead,11209,Verreynne,3,18,14,1,1,c Smuts b Maharaj,True,True
90428,2023-24,2024-03-08 16:00,1,WPR,DOL,Kingsmead,14582,Jonathan Bird,4,40,30,0,2,c Roelofsen b Bradley Porteous,False,False
90428,2023-24,2024-03-08 16:00,1,WPR,DOL,Kingsmead,17026,Mpongwana,5,22,24,2,0,c Smuts b Ottniel Baartman,False,False
90428,2023-24,2024-03-08 16:00,1,WPR,DOL,Kingsmead,12223,Kyle Simmonds,6,25,22,1,0,c Zondo b Phehlukwayo,False,False
90428,2023-24,2024-03-08 16:00,1,WPR,DOL,Kingsmead,31979,Abdullah Bayoumy,7,2,4,0,0,c Roelofsen b Phehlukwayo,False,False
90428,2023-24,2024-03-08 16:00,1,WPR,DOL,Kingsmead,14429,Nyaku,8,6,5,0,0,not out,False,False
90428,2023-24,2024-03-08 16:00,1,WPR,DOL,Kingsmead,9490,B Hendricks,9,1,2,0,0,run out (Maharaj/Phehlukwayo),False,False
90428,2023-24,2024-03-08 16:00,1,WPR,DOL,Kingsmead,13151,Nabe,10,0,0,0,0,,False,False
90428,2023-24,2024-03-08 16:00,1,WPR,DOL,Kingsmead,13630,Nandre Burger,11,0,0,0,0,,False,False
90428,2023-24,2024-03-08 16:00,2,DOL,WPR,Kingsmead,14586,Bryce Parsons,1,0,3,0,0,c Verreynne b Nandre Burger,False,False
90428,2023-24,2024-03-08 16:00,2,DOL,WPR,Kingsmead,14187,Grant Roelofsen,2,17,11,3,0,c Tony de Zorzi b Nabe,False,True
90428,2023-24,2024-03-08 16:00,2,DOL,WPR,Kingsmead,7668,JJ Smuts,3,7,11,1,0,b Kyle Simmonds,False,False
90428,2023-24,2024-03-08 16:00,2,DOL,WPR,Kingsmead,20518,Bradley Porteous,4,20,19,2,1,b Kyle Simmonds,False,False
90428,2023-24,2024-03-08 16:00,2,DOL,WPR,Kingsmead,9724,Khaya Zondo,5,20,25,1,0,c and b Mpongwana,False,False
90428,2023-24,2024-03-08 16:00,2,DOL,WPR,Kingsmead,9587,Jason Smith,6,27,19,0,2,c Abdullah Bayoumy b Nabe,False,False
90428,2023-24,2024-03-08 16:00,2,DOL,WPR,Kingsmead,9601,Andile Phehlukwayo,7,11,7,1,1,b Mpongwana,False,False
90428,2023-24,2024-03-08 16:00,2,DOL,WPR,Kingsmead,9720,Keshav Maharaj,8,13,12,1,0,not out,True,False
90428,2023-24,2024-03-08 16:00,2,DOL,WPR,Kingsmead,8530,Prenelan Subrayen,9,19,14,1,1,not out,False,False
90428,2023-24,2024-03-08 16:00,2,DOL,WPR,Kingsmead,12191,Okuhle Cele,10,0,0,0,0,,False,False
90428,2023-24,2024-03-08 16:00,2,DOL,WPR,Kingsmead,13100,Ottniel Baartman,11,0,0,0,0,,False,False
90431,2023-24,2024-03-08 16:00,1,LIONS,BOL,The Wanderers Stadium,9491,Reeza Hendricks,1,28,18,3,1,c Michael Copeland b Viljoen,False,False
90431,2023-24,2024-03-08 16:00,1,LIONS,BOL,The Wanderers Stadium,13070,Rickelton,2,75,39,6,5,c Keegan Petersen b Akhona Mnyaka,False,True
90431,2023-24,2024-03-08 16:00,1,LIONS,BOL,The Wanderers Stadium,8583,Bavuma,3,26,16,3,1,c Jonker b Ferisco Adams,False,False
90431,2023-24,2024-03-08 16:00,1,LIONS,BOL,The Wanderers Stadium,9554,van der Dussen,4,42,22,3,2,not out,False,False
90431,2023-24,2024-03-08 16:00,1,LIONS,BOL,The Wanderers Stadium,19057,Van Buuren,5,11,14,1,0,lbw b Viljoen,False,False
90431,2023-24,2024-03-08 16:00,1,LIONS,BOL,The Wanderers Stadium,11200,Wiaan Mulder,6,22,11,2,1,c Keegan Petersen b Viljoen,False,False
90431,2023-24,2024-03-08 16:00,1,LIONS,BOL,The Wanderers Stadium,20308,Evan Jones,7,0,0,0,0,,False,False
90431,2023-24,2024-03-08 16:00,1,LIONS,BOL,The Wanderers Stadium,10676,Bjorn Fortuin,8,0,0,0,0,,True,False
90431,2023-24,2024-03-08 16:00,1,LIONS,BOL,The Wanderers Stadium,9585,Rabada,9,0,0,0,0,,False,False
90431,2023-24,2024-03-08 16:00,1,LIONS,BOL,The Wanderers Stadium,23346,Kwena Maphaka,10,0,0,0,0,,False,False
90431,2023-24,2024-03-08 16:00,1,LIONS,BOL,The Wanderers Stadium,10679,Tshepo Moreki,11,0,0,0,0,,False,False
90431,2023-24,2024-03-08 16:00,2,BOL,LIONS,The Wanderers Stadium,11891,Pieter Malan,1,14,10,2,1,c Wiaan Mulder b Evan Jones,True,False
90431,2023-24,2024-03-08 16:00,2,BOL,LIONS,The Wanderers Stadium,13067,Janneman Malan,2,61,41,4,3,c Evan Jones b Bjorn Fortuin,False,False
90431,2023-24,2024-03-08 16:00,2,BOL,LIONS,The Wanderers Stadium,10178,Keegan Petersen,3,0,1,0,0,c Rabada b Evan Jones,False,False
90431,2023-24,2024-03-08 16:00,2,BOL,LIONS,The Wanderers Stadium,9580,Clyde Fortuin,4,16,9,2,1,lbw b Bjorn Fortuin,False,True
90431,2023-24,2024-03-08 16:00,2,BOL,LIONS,The Wanderers Stadium,15123,Michael Copeland,5,21,22,3,0,c Tshepo Moreki b Kwena Maphaka,False,False
90431,2023-24,2024-03-08 16:00,2,BOL,LIONS,The Wanderers Stadium,9764,Christiaan Jonker,6,24,20,1,1,not out,False,False
90431,2023-24,2024-03-08 16:00,2,BOL,LIONS,The Wanderers Stadium,10194,Ferisco Adams,7,25,10,1,3,b Kwena Maphaka,False,False
90431,2023-24,2024-03-08 16:00,2,BOL,LIONS,The Wanderers Stadium,9493,Hardus Viljoen,8,1,2,0,0,b Kwena Maphaka,False,False
90431,2023-24,2024-03-08 16:00,2,BOL,LIONS,The Wanderers Stadium,14687,Imran Manack,9,7,5,1,0,not out,False,False
90431,2023-24,2024-03-08 16:00,2,BOL,LIONS,The Wanderers Stadium,19058,Siyabonga Mahima,10,0,0,0,0,,False,False
90431,2023-24,2024-03-08 16:00,2,BOL,LIONS,The Wanderers Stadium,13066,Akhona Mnyaka,11,0,0,0,0,,False,False
90438,2023-24,2024-03-08 16:00,1,TIT,NWEST,SuperSport Park,9801,Makhanya,1,2,6,0,0,b Migael Pretorius,False,False
90438,2023-24,2024-03-08 16:00,1,TIT,NWEST,SuperSport Park,20538,Dewald Brevis,2,29,19,3,2,c Senuran Muthusamy b Duan Jansen,False,False
90438,2023-24,2024-03-08 16:00,1,TIT,NWEST,SuperSport Park,11206,Rivaldo Moonsamy,3,35,31,2,1,c Rubin Hermann b Irvin Modimokoane,False,True
90438,2023-24,2024-03-08 16:00,1,TIT,NWEST,SuperSport Park,9582,Markram,4,40,30,5,0,c Senuran Muthusamy b Duan Jansen,True,False
90438,2023-24,2024-03-08 16:00,1,TIT,NWEST,SuperSport Park,14798,Donovan Ferreira,5,23,11,1,2,c Duan Jansen b Migael Pretorius,False,False
90438,2023-24,2024-03-08 16:00,1,TIT,NWEST,SuperSport Park,15920,Jack Lees,6,11,6,1,1,c Duan Jansen b Irvin Modimokoane,False,False
90438,2023-24,2024-03-08 16:00,1,TIT,NWEST,SuperSport Park,9576,Corbin Bosch,7,10,10,0,0,not out,False,False
90438,2023-24,2024-03-08 16:00,1,TIT,NWEST,SuperSport Park,9489,Gqamane,8,2,7,0,0,c Duan Jansen b Migael Pretorius,False,False
90438,2023-24,2024-03-08 16:00,1,TIT,NWEST,SuperSport Park,10175,Junior Dala,9,0,1,0,0,not out,False,False
90438,2023-24,2024-03-08 16:00,1,TIT,NWEST,SuperSport Park,8531,Williams,10,0,0,0,0,,False,False
90438,2023-24,2024-03-08 16:00,1,TIT,NWEST,SuperSport Park,10173,Shamsi,11,0,0,0,0,,False,False
90438,2023-24,2024-03-08 16:00,2,NWEST,TIT,SuperSport Park,31951,Meeka eel Prince,1,21,12,3,1,b Junior Dala,False,True
90438,2023-24,2024-03-08 16:00,2,NWEST,TIT,SuperSport Park,11497,Wihan Lubbe,2,26,22,5,0,c Dewald Brevis b Shamsi,False,False
90438,2023-24,2024-03-08 16:00,2,NWEST,TIT,SuperSport Park,13317,Raynard van Tonder,3,48,33,1,4,c Gqamane b Shamsi,False,False
90438,2023-24,2024-03-08 16:00,2,NWEST,TIT,SuperSport Park,14797,Rubin Hermann,4,3,4,0,0,c Rivaldo Moonsamy b Gqamane,False,False
90438,2023-24,2024-03-08 16:00,2,NWEST,TIT,SuperSport Park,9735,Lesiba Ngoepe,5,10,13,1,0,c Gqamane b Corbin Bosch,False,False
90438,2023-24,2024-03-08 16:00,2,NWEST,TIT,SuperSport Park,11432,Senuran Muthusamy,6,16,21,0,0,not out,True,False
90438,2023-24,2024-03-08 16:00,2,NWEST,TIT,SuperSport Park,13069,Migael Pretorius,7,0,1,0,0,b Shamsi,False,False
90438,2023-24,2024-03-08 16:00,2,NWEST,TIT,SuperSport Park,18523,Duan Jansen,8,12,7,2,0,c Corbin Bosch b Junior Dala,False,False
90438,2023-24,2024-03-08 16:00,2,NWEST,TIT,SuperSport Park,20417,Bamanye Xenxe,9,0,1,0,0,c Markram b Junior Dala,False,False
90438,2023-24,2024-03-08 16:00,2,NWEST,TIT,SuperSport Park,20526,Caleb Seleka,10,4,9,0,0,not out,False,False
90438,2023-24,2024-03-08 16:00,2,NWEST,TIT,SuperSport Park,51046,Irvin Modimokoane,11,0,0,0,0,,False,False
90452,2023-24,2024-03-10 12:00,1,NWEST,LIONS,North-West University No1 Ground,11497,Wihan Lubbe,1,10,10,2,0,c Rickelton b Kwena Maphaka,False,False
90452,2023-24,2024-03-10 12:00,1,NWEST,LIONS,North-West University No1 Ground,31951,Meeka eel Prince,2,15,13,1,1,c Reeza Hendricks b Dawood,False,True
90452,2023-24,2024-03-10 12:00,1,NWEST,LIONS,North-West University No1 Ground,13317,van Tonder,3,13,17,1,0,c Delano Potgieter b Dawood,False,False
90452,2023-24,2024-03-10 12:00,1,NWEST,LIONS,North-West University No1 Ground,14797,Rubin Hermann,4,1,3,0,0,b Reeza Hendricks,False,False
90452,2023-24,2024-03-10 12:00,1,NWEST,LIONS,North-West University No1 Ground,9735,Ngoepe,5,12,13,0,0,c Bjorn Fortuin b Delano Potgieter,False,False
90452,2023-24,2024-03-10 12:00,1,NWEST,LIONS,North-West University No1 Ground,11432,Senuran Muthusamy,6,33,6,3,1,st Rickelton b Bjorn Fortuin,True,False
90452,2023-24,2024-03-10 12:00,1,NWEST,LIONS,North-West University No1 Ground,13069,Migael Pretorius,7,11,11,1,0,c Delano Potgieter b Bjorn Fortuin,False,False
90452,2023-24,2024-03-10 12:00,1,NWEST,LIONS,North-West University No1 Ground,18523,Duan Jansen,8,4,7,0,0,c Wiaan Mulder b Kwena Maphaka,False,False
90452,2023-24,2024-03-10 12:00,1,NWEST,LIONS,North-West University No1 Ground,20417,Bamanye Xenxe,9,1,5,0,0,c Rickelton b Dawood,False,False
90452,2023-24,2024-03-10 12:00,1,NWEST,LIONS,North-West University No1 Ground,20526,Caleb Seleka,10,2,3,0,0,not out,False,False
90452,2023-24,2024-03-10 12:00,1,NWEST,LIONS,North-West University No1 Ground,51046,Irvin Modimokoane,11,0,2,0,0,b Sipamla,False,False
90452,2023-24,2024-03-10 12:00,2,LIONS,NWEST,North-West University No1 Ground,13070,Ryan Rickelton,1,34,26,3,0,c Ngoepe b Bamanye Xenxe,False,True
90452,2023-24,2024-03-10 12:00,2,LIONS,NWEST,North-West University No1 Ground,9491,Reeza Hendricks,2,57,30,8,2,not out,False,False
90452,2023-24,2024-03-10 12:00,2,LIONS,NWEST,North-West University No1 Ground,8583,Temba Bavuma,3,9,9,1,0,not out,False,False
90452,2023-24,2024-03-10 12:00,2,LIONS,NWEST,North-West University No1 Ground,9554,Rassie van der Dussen,4,0,0,0,0,,False,False
90452,2023-24,2024-03-10 12:00,2,LIONS,NWEST,North-West University No1 Ground,19057,Mitchell Van Buuren,5,0,0,0,0,,False,False
90452,2023-24,2024-03-10 12:00,2,LIONS,NWEST,North-West University No1 Ground,11200,Wiaan Mulder,6,0,0,0,0,,False,False
90452,2023-24,2024-03-10 12:00,2,LIONS,NWEST,North-West University No1 Ground,10676,Bjorn Fortuin,7,0,0,0,0,,True,False
90452,2023-24,2024-03-10 12:00,2,LIONS,NWEST,North-West University No1 Ground,14566,Delano Potgieter,8,0,0,0,0,,False,False
90452,2023-24,2024-03-10 12:00,2,LIONS,NWEST,North-West University No1 Ground,11208,Lutho Sipamla,9,0,0,0,0,,False,False
90452,2023-24,2024-03-10 12:00,2,LIONS,NWEST,North-West University No1 Ground,13629,Junaid Dawood,10,0,0,0,0,,False,False
90452,2023-24,2024-03-10 12:00,2,LIONS,NWEST,North-West University No1 Ground,23346,Kwena Maphaka,11,0,0,0,0,,False,False
90449,2023-24,2024-03-10 12:00,1,DOL,WAR,Kingsmead,14586,Bryce Parsons,1,5,6,1,0,c and b Tristan Stubbs,False,False
90449,2023-24,2024-03-10 12:00,1,DOL,WAR,Kingsmead,14187,Roelofsen,2,2,7,0,0,b Simetu,False,True
90449,2023-24,2024-03-10 12:00,1,DOL,WAR,Kingsmead,7668,Smuts,3,30,35,2,0,c Breetzke b Heerden,False,False
90449,2023-24,2024-03-10 12:00,1,DOL,WAR,Kingsmead,20518,Bradley Porteous,4,15,10,1,1,c Andile Mogakane b Simetu,False,False
90449,2023-24,2024-03-10 12:00,1,DOL,WAR,Kingsmead,9724,Zondo,5,13,16,0,1,c Simetu b Patrick Kruger,False,False
90449,2023-24,2024-03-10 12:00,1,DOL,WAR,Kingsmead,9587,J Smith,6,27,23,2,1,c Tristan Stubbs b Marco Jansen,False,False
90449,2023-24,2024-03-10 12:00,1,DOL,WAR,Kingsmead,9601,Phehlukwayo,7,9,14,1,0,c Jordan Hermann b Marco Jansen,False,False
90449,2023-24,2024-03-10 12:00,1,DOL,WAR,Kingsmead,9720,Maharaj,8,1,3,0,0,b Beyers Swanepoel,True,False
90449,2023-24,2024-03-10 12:00,1,DOL,WAR,Kingsmead,8530,Subrayen,9,3,4,0,0,not out,False,False
90449,2023-24,2024-03-10 12:00,1,DOL,WAR,Kingsmead,13100,Ottniel Baartman,10,2,2,0,0,not out,False,False
90449,2023-24,2024-03-10 12:00,1,DOL,WAR,Kingsmead,12191,Okuhle Cele,11,0,0,0,0,,False,False
90449,2023-24,2024-03-10 12:00,2,WAR,DOL,Kingsmead,13101,Jiveshan Pillay,1,42,27,4,2,c J Smith b Subrayen,False,False
90449,2023-24,2024-03-10 12:00,2,WAR,DOL,Kingsmead,13089,Matthew Breetzke,2,31,24,3,1,c Okuhle Cele b Ottniel Baartman,True,False
90449,2023-24,2024-03-10 12:00,2,WAR,DOL,Kingsmead,16433,Beyers Swanepoel,3,17,8,1,2,c Subrayen b Smuts,False,False
90449,2023-24,2024-03-10 12:00,2,WAR,DOL,Kingsmead,19243,Tristan Stubbs,4,15,15,2,0,not out,False,False
90449,2023-24,2024-03-10 12:00,2,WAR,DOL,Kingsmead,21386,Jordan Hermann,5,15,10,3,0,not out,False,False
90449,2023-24,2024-03-10 12:00,2,WAR,DOL,Kingsmead,11902,Patrick Kruger,6,0,0,0,0,,False,False
90449,2023-24,2024-03-10 12:00,2,WAR,DOL,Kingsmead,14565,Marco Jansen,7,0,0,0,0,,False,False
90449,2023-24,2024-03-10 12:00,2,WAR,DOL,Kingsmead,13667,Sinethemba Qeshile,8,0,0,0,0,,False,True
90449,2023-24,2024-03-10 12:00,2,WAR,DOL,Kingsmead,53450,Andile Mogakane,9,0,0,0,0,,False,False
90449,2023-24,2024-03-10 12:00,2,WAR,DOL,Kingsmead,9714,Siya Simetu,10,0,0,0,0,,False,False
90449,2023-24,2024-03-10 12:00,2,WAR,DOL,Kingsmead,20372,Nealan van Heerden,11,0,0,0,0,,False,False
90445,2023-24,2024-03-10 12:00,1,KZNIN,WPR,Newlands,9703,Erlank,1,6,7,1,0,b Nandre Burger,True,False
90445,2023-24,2024-03-10 12:00,1,KZNIN,WPR,Newlands,9719,Delport,2,7,7,0,0,c Mpongwana b Nandre Burger,False,False
90445,2023-24,2024-03-10 12:00,1,KZNIN,WPR,Newlands,20357,Shekleton,3,2,9,0,0,c Verreynne b B Hendricks,False,False
90445,2023-24,2024-03-10 12:00,1,KZNIN,WPR,Newlands,9822,Nofal,4,2,4,0,0,c B Hendricks b Kyle Simmonds,False,False
90445,2023-24,2024-03-10 12:00,1,KZNIN,WPR,Newlands,20368,Ridgaard,5,14,23,0,0,b Kyle Simmonds,False,True
90445,2023-24,2024-03-10 12:00,1,KZNIN,WPR,Newlands,12592,Keith Dudgeon,6,26,21,1,1,c Bedingham b Nabe,False,False
90445,2023-24,2024-03-10 12:00,1,KZNIN,WPR,Newlands,13099,Smangaliso Nhlebela,7,2,9,0,0,c Parnell b Nabe,False,False
90445,2023-24,2024-03-10 12:00,1,KZNIN,WPR,Newlands,22061,Alindile Mhletywa,8,24,20,2,1,not out,False,False
90445,2023-24,2024-03-10 12:00,1,KZNIN,WPR,Newlands,20348,Mannikam,9,17,20,1,0,not out,False,False
90445,2023-24,2024-03-10 12:00,1,KZNIN,WPR,Newlands,15919,Mondli Khumalo,10,0,0,0,0,,False,False
90445,2023-24,2024-03-10 12:00,1,KZNIN,WPR,Newlands,10993,Budaza,11,0,0,0,0,,False,False
90445,2023-24,2024-03-10 12:00,2,WPR,KZNIN,Newlands,11196,Tony de Zorzi,1,25,16,3,1,c Nofal b Alindile Mhletywa,False,False
90445,2023-24,2024-03-10 12:00,2,WPR,KZNIN,Newlands,14265,David Bedingham,2,7,9,1,0,c Ridgaard b Keith Dudgeon,False,False
90445,2023-24,2024-03-10 12:00,2,WPR,KZNIN,Newlands,14582,Jonathan Bird,3,61,33,6,4,not out,False,False
90445,2023-24,2024-03-10 12:00,2,WPR,KZNIN,Newlands,11209,Kyle Verreynne,4,8,5,1,0,b Keith Dudgeon,True,True
90445,2023-24,2024-03-10 12:00,2,WPR,KZNIN,Newlands,17026,Mihlali Mpongwana,5,14,12,1,0,not out,False,False
90445,2023-24,2024-03-10 12:00,2,WPR,KZNIN,Newlands,12223,Kyle Simmonds,6,0,0,0,0,,False,False
90445,2023-24,2024-03-10 12:00,2,WPR,KZNIN,Newlands,1692,Wayne Parnell,7,0,0,0,0,,False,False
90445,2023-24,2024-03-10 12:00,2,WPR,KZNIN,Newlands,31979,Abdullah Bayoumy,8,0,0,0,0,,False,False
90445,2023-24,2024-03-10 12:00,2,WPR,KZNIN,Newlands,9490,Beuran Hendricks,9,0,0,0,0,,False,False
90445,2023-24,2024-03-10 12:00,2,WPR,KZNIN,Newlands,13151,Mthiwekhaya Nabe,10,0,0,0,0,,False,False
90445,2023-24,2024-03-10 12:00,2,WPR,KZNIN,Newlands,13630,Nandre Burger,11,0,0,0,0,,False,False
90442,2023-24,2024-03-10 12:00,1,BOL,TIT,Boland Park,11891,Pieter Malan,1,10,9,1,0,c Phangiso b Williams,True,False
90442,2023-24,2024-03-10 12:00,1,BOL,TIT,Boland Park,13067,Janneman Malan,2,4,6,0,0,lbw b Markram,False,False
90442,2023-24,2024-03-10 12:00,1,BOL,TIT,Boland Park,10178,Keegan Petersen,3,21,19,0,2,c Markram b Shamsi,False,False
90442,2023-24,2024-03-10 12:00,1,BOL,TIT,Boland Park,9580,Fortuin,4,33,28,4,1,c Corbin Bosch b Phangiso,False,True
90442,2023-24,2024-03-10 12:00,1,BOL,TIT,Boland Park,15123,Michael Copeland,5,4,11,0,0,b Dewald Brevis,False,False
90442,2023-24,2024-03-10 12:00,1,BOL,TIT,Boland Park,9764,Jonker,6,1,3,0,0,lbw b Shamsi,False,False
90442,2023-24,2024-03-10 12:00,1,BOL,TIT,Boland Park,10194,Ferisco Adams,7,9,15,0,0,b Williams,False,False
90442,2023-24,2024-03-10 12:00,1,BOL,TIT,Boland Park,9736,von Berg,8,22,16,2,0,not out,False,False
90442,2023-24,2024-03-10 12:00,1,BOL,TIT,Boland Park,14687,Imran Manack,9,13,12,1,0,b Shamsi,False,False
90442,2023-24,2024-03-10 12:00,1,BOL,TIT,Boland Park,19058,Mahima,10,0,2,0,0,lbw b Shamsi,False,False
90442,2023-24,2024-03-10 12:00,1,BOL,TIT,Boland Park,13066,Akhona Mnyaka,11,0,1,0,0,not out,False,False
90442,2023-24,2024-03-10 12:00,2,TIT,BOL,Boland Park,9801,Sibonelo Makhanya,1,34,25,2,1,b Ferisco Adams,False,False
90442,2023-24,2024-03-10 12:00,2,TIT,BOL,Boland Park,20538,Dewald Brevis,2,14,14,1,1,lbw b Michael Copeland,False,False
90442,2023-24,2024-03-10 12:00,2,TIT,BOL,Boland Park,11206,Rivaldo Moonsamy,3,25,31,3,0,b Mahima,False,True
90442,2023-24,2024-03-10 12:00,2,TIT,BOL,Boland Park,9582,Aiden Markram,4,13,16,0,0,c Keegan Petersen b Mahima,True,False
90442,2023-24,2024-03-10 12:00,2,TIT,BOL,Boland Park,15920,Jack Lees,5,5,6,1,0,c Fortuin b Michael Copeland,False,False
90442,2023-24,2024-03-10 12:00,2,TIT,BOL,Boland Park,14798,Donovan Ferreira,6,3,6,0,0,run out (Ferisco Adams),False,False
90442,2023-24,2024-03-10 12:00,2,TIT,BOL,Boland Park,9576,Corbin Bosch,7,5,8,0,0,not out,False,False
90442,2023-24,2024-03-10 12:00,2,TIT,BOL,Boland Park,7649,Aaron Phangiso,8,25,9,1,2,not out,False,False
90442,2023-24,2024-03-10 12:00,2,TIT,BOL,Boland Park,8531,Lizaad Williams,9,0,0,0,0,,False,False
90442,2023-24,2024-03-10 12:00,2,TIT,BOL,Boland Park,10173,Tabraiz Shamsi,10,0,0,0,0,,False,False
90442,2023-24,2024-03-10 12:00,2,TIT,BOL,Boland Park,10175,Junior Dala,11,0,0,0,0,,False,False
90459,2023-24,2024-03-13 16:00,1,WPR,NWEST,Newlands,11196,Tony de Zorzi,1,0,3,0,0,c Rubin Hermann b Migael Pretorius,False,False
90459,2023-24,2024-03-13 16:00,1,WPR,NWEST,Newlands,14265,Bedingham,2,26,21,2,1,lbw b Ruan de Swardt,False,False
90459,2023-24,2024-03-13 16:00,1,WPR,NWEST,Newlands,14582,Jonathan Bird,3,42,29,2,3,c Senuran Muthusamy b Irvin Modimokoane,False,False
90459,2023-24,2024-03-13 16:00,1,WPR,NWEST,Newlands,11209,Verreynne,4,42,30,1,2,c Wihan Lubbe b Ruan de Swardt,True,True
90459,2023-24,2024-03-13 16:00,1,WPR,NWEST,Newlands,10187,George Linde,5,9,12,0,0,b Bamanye Xenxe,False,False
90459,2023-24,2024-03-13 16:00,1,WPR,NWEST,Newlands,1692,Parnell,6,21,14,2,2,c Rubin Hermann b Ruan de Swardt,False,False
90459,2023-24,2024-03-13 16:00,1,WPR,NWEST,Newlands,17026,Mpongwana,7,6,4,1,0,c and b Migael Pretorius,False,False
90459,2023-24,2024-03-13 16:00,1,WPR,NWEST,Newlands,31979,Abdullah Bayoumy,8,12,5,1,1,not out,False,False
90459,2023-24,2024-03-13 16:00,1,WPR,NWEST,Newlands,12223,Kyle Simmonds,9,9,4,0,1,not out,False,False
90459,2023-24,2024-03-13 16:00,1,WPR,NWEST,Newlands,9490,B Hendricks,10,0,0,0,0,,False,False
90459,2023-24,2024-03-13 16:00,1,WPR,NWEST,Newlands,13151,Nabe,11,0,0,0,0,,False,False
90459,2023-24,2024-03-13 16:00,2,NWEST,WPR,Newlands,14797,Rubin Hermann,1,90,45,9,4,c Kyle Simmonds b Nabe,False,False
90459,2023-24,2024-03-13 16:00,2,NWEST,WPR,Newlands,31951,Meeka eel Prince,2,8,15,1,0,b Kyle Simmonds,False,True
90459,2023-24,2024-03-13 16:00,2,NWEST,WPR,Newlands,13317,Raynard van Tonder,3,34,23,1,3,st Verreynne b Kyle Simmonds,False,False
90459,2023-24,2024-03-13 16:00,2,NWEST,WPR,Newlands,11497,Wihan Lubbe,4,20,12,1,1,c Abdullah Bayoumy b B Hendricks,False,False
90459,2023-24,2024-03-13 16:00,2,NWEST,WPR,Newlands,15852,Ruan de Swardt,5,16,8,2,0,not out,False,False
90459,2023-24,2024-03-13 16:00,2,NWEST,WPR,Newlands,13069,Migael Pretorius,6,0,1,0,0,c (sub)Daniel Smith b B Hendricks,False,False
90459,2023-24,2024-03-13 16:00,2,NWEST,WPR,Newlands,9735,Lesiba Ngoepe,7,2,4,0,0,c George Linde b Parnell,False,False
90459,2023-24,2024-03-13 16:00,2,NWEST,WPR,Newlands,11432,Senuran Muthusamy,8,11,3,1,1,not out,True,False
90459,2023-24,2024-03-13 16:00,2,NWEST,WPR,Newlands,20417,Bamanye Xenxe,9,0,0,0,0,,False,False
90459,2023-24,2024-03-13 16:00,2,NWEST,WPR,Newlands,20526,Caleb Seleka,10,0,0,0,0,,False,False
90459,2023-24,2024-03-13 16:00,2,NWEST,WPR,Newlands,51046,Irvin Modimokoane,11,0,0,0,0,,False,False
90463,2023-24,2024-03-13 16:00,1,LIONS,DOL,Kingsmead,9554,van der Dussen,1,28,21,3,1,b Smuts,False,False
90463,2023-24,2024-03-13 16:00,1,LIONS,DOL,Kingsmead,13070,Rickelton,2,10,10,1,0,c Bryce Parsons b Okuhle Cele,False,True
90463,2023-24,2024-03-13 16:00,1,LIONS,DOL,Kingsmead,9491,Reeza Hendricks,3,5,10,0,0,c Dupavillon b Ottniel Baartman,False,False
90463,2023-24,2024-03-13 16:00,1,LIONS,DOL,Kingsmead,8583,Bavuma,4,53,40,3,2,not out,False,False
90463,2023-24,2024-03-13 16:00,1,LIONS,DOL,Kingsmead,11200,Wiaan Mulder,5,12,17,0,0,c Roelofsen b Okuhle Cele,False,False
90463,2023-24,2024-03-13 16:00,1,LIONS,DOL,Kingsmead,19057,Van Buuren,6,25,16,3,0,c Bradley Porteous b Ottniel Baartman,False,False
90463,2023-24,2024-03-13 16:00,1,LIONS,DOL,Kingsmead,14566,Delano Potgieter,7,17,6,0,2,not out,False,False
90463,2023-24,2024-03-13 16:00,1,LIONS,DOL,Kingsmead,10676,Bjorn Fortuin,8,0,0,0,0,,True,False
90463,2023-24,2024-03-13 16:00,1,LIONS,DOL,Kingsmead,24546,Codi Yusuf,9,0,0,0,0,,False,False
90463,2023-24,2024-03-13 16:00,1,LIONS,DOL,Kingsmead,20428,Nqaba Peter,10,0,0,0,0,,False,False
90463,2023-24,2024-03-13 16:00,1,LIONS,DOL,Kingsmead,11208,Sipamla,11,0,0,0,0,,False,False
90463,2023-24,2024-03-13 16:00,2,DOL,LIONS,Kingsmead,14586,Bryce Parsons,1,62,49,4,3,not out,False,False
90463,2023-24,2024-03-13 16:00,2,DOL,LIONS,Kingsmead,14187,Grant Roelofsen,2,13,16,1,1,c Sipamla b Codi Yusuf,False,True
90463,2023-24,2024-03-13 16:00,2,DOL,LIONS,Kingsmead,7668,JJ Smuts,3,0,2,0,0,c Rickelton b Codi Yusuf,False,False
90463,2023-24,2024-03-13 16:00,2,DOL,LIONS,Kingsmead,20518,Bradley Porteous,4,17,19,1,1,lbw b Delano Potgieter,False,False
90463,2023-24,2024-03-13 16:00,2,DOL,LIONS,Kingsmead,9587,Jason Smith,5,32,18,2,2,c Sipamla b Delano Potgieter,False,False
90463,2023-24,2024-03-13 16:00,2,DOL,LIONS,Kingsmead,9601,Andile Phehlukwayo,6,14,9,1,1,run out (Delano Potgieter),False,False
90463,2023-24,2024-03-13 16:00,2,DOL,LIONS,Kingsmead,9724,Khaya Zondo,7,0,1,0,0,c Van Buuren b Delano Potgieter,False,False
90463,2023-24,2024-03-13 16:00,2,DOL,LIONS,Kingsmead,8530,Prenelan Subrayen,8,4,2,1,0,not out,True,False
90463,2023-24,2024-03-13 16:00,2,DOL,LIONS,Kingsmead,10079,Daryn Dupavillon,9,0,0,0,0,,False,False
90463,2023-24,2024-03-13 16:00,2,DOL,LIONS,Kingsmead,13100,Ottniel Baartman,10,0,0,0,0,,False,False
90463,2023-24,2024-03-13 16:00,2,DOL,LIONS,Kingsmead,12191,Okuhle Cele,11,0,0,0,0,,False,False
90470,2023-24,2024-03-13 16:00,1,WAR,TIT,SuperSport Park,13089,Breetzke,1,5,13,0,0,c Corbin Bosch b Junior Dala,True,False
90470,2023-24,2024-03-13 16:00,1,WAR,TIT,SuperSport Park,13101,Jiveshan Pillay,2,50,37,5,2,c Markram b D Galiem,False,False
90470,2023-24,2024-03-13 16:00,1,WAR,TIT,SuperSport Park,21386,Jordan Hermann,3,14,14,0,1,c D Galiem b Markram,False,False
90470,2023-24,2024-03-13 16:00,1,WAR,TIT,SuperSport Park,14565,Marco Jansen,4,56,34,4,4,not out,False,False
90470,2023-24,2024-03-13 16:00,1,WAR,TIT,SuperSport Park,19243,Tristan Stubbs,5,27,18,0,0,c Markram b Williams,False,False
90470,2023-24,2024-03-13 16:00,1,WAR,TIT,SuperSport Park,11902,Patrick Kruger,6,17,7,1,1,c Dewald Brevis b Corbin Bosch,False,False
90470,2023-24,2024-03-13 16:00,1,WAR,TIT,SuperSport Park,13667,Qeshile,7,0,0,0,0,,False,True
90470,2023-24,2024-03-13 16:00,1,WAR,TIT,SuperSport Park,53450,Andile Mogakane,8,0,0,0,0,,False,False
90470,2023-24,2024-03-13 16:00,1,WAR,TIT,SuperSport Park,16433,Beyers Swanepoel,9,0,0,0,0,,False,False
90470,2023-24,2024-03-13 16:00,1,WAR,TIT,SuperSport Park,20372,Heerden,10,0,0,0,0,,False,False
90470,2023-24,2024-03-13 16:00,1,WAR,TIT,SuperSport Park,9714,Simetu,11,0,0,0,0,,False,False
90470,2023-24,2024-03-13 16:00,2,TIT,WAR,SuperSport Park,9801,Sibonelo Makhanya,1,1,1,0,0,run out (Beyers Swanepoel),False,False
90470,2023-24,2024-03-13 16:00,2,TIT,WAR,SuperSport Park,20538,Dewald Brevis,2,50,29,5,3,c Jordan Hermann b Patrick Kruger,False,False
90470,2023-24,2024-03-13 16:00,2,TIT,WAR,SuperSport Park,11206,Rivaldo Moonsamy,3,34,27,4,1,c Heerden b Patrick Kruger,False,False
90470,2023-24,2024-03-13 16:00,2,TIT,WAR,SuperSport Park,9582,Aiden Markram,4,25,25,1,1,c Breetzke b Simetu,True,False
90470,2023-24,2024-03-13 16:00,2,TIT,WAR,SuperSport Park,10209,Heinrich Klaasen,5,9,7,0,1,b Marco Jansen,False,True
90470,2023-24,2024-03-13 16:00,2,TIT,WAR,SuperSport Park,9581,Dayyaan Galiem,6,32,12,2,3,b Simetu,False,False
90470,2023-24,2024-03-13 16:00,2,TIT,WAR,SuperSport Park,9576,Corbin Bosch,7,7,8,1,0,b Simetu,False,False
90470,2023-24,2024-03-13 16:00,2,TIT,WAR,SuperSport Park,7649,Aaron Phangiso,8,5,5,0,0,not out,False,False
90470,2023-24,2024-03-13 16:00,2,TIT,WAR,SuperSport Park,10175,Junior Dala,9,11,6,2,0,not out,False,False
90470,2023-24,2024-03-13 16:00,2,TIT,WAR,SuperSport Park,8531,Lizaad Williams,10,0,0,0,0,,False,False
90470,2023-24,2024-03-13 16:00,2,TIT,WAR,SuperSport Park,10173,Tabraiz Shamsi,11,0,0,0,0,,False,False
90473,2023-24,2024-03-15 11:00,1,NWEST,KZNIN,City Oval,14797,Rubin Hermann,1,102,54,11,3,c Ntando Zuma b Keith Dudgeon,False,False
90473,2023-24,2024-03-15 11:00,1,NWEST,KZNIN,City Oval,31951,Meeka eel Prince,2,58,34,5,3,c Trumpelmann b Mondli Khumalo,False,True
90473,2023-24,2024-03-15 11:00,1,NWEST,KZNIN,City Oval,13069,Migael Pretorius,3,11,9,1,0,c Erlank b Mondli Khumalo,False,False
90473,2023-24,2024-03-15 11:00,1,NWEST,KZNIN,City Oval,13317,van Tonder,4,24,14,2,0,not out,False,False
90473,2023-24,2024-03-15 11:00,1,NWEST,KZNIN,City Oval,11432,Senuran Muthusamy,5,3,4,0,0,b Mondli Khumalo,True,False
90473,2023-24,2024-03-15 11:00,1,NWEST,KZNIN,City Oval,9735,Ngoepe,6,7,5,0,0,not out,False,False
90473,2023-24,2024-03-15 11:00,1,NWEST,KZNIN,City Oval,11497,Wihan Lubbe,7,0,0,0,0,,False,False
90473,2023-24,2024-03-15 11:00,1,NWEST,KZNIN,City Oval,15852,Ruan de Swardt,8,0,0,0,0,,False,False
90473,2023-24,2024-03-15 11:00,1,NWEST,KZNIN,City Oval,20417,Bamanye Xenxe,9,0,0,0,0,,False,False
90473,2023-24,2024-03-15 11:00,1,NWEST,KZNIN,City Oval,20526,Caleb Seleka,10,0,0,0,0,,False,False
90473,2023-24,2024-03-15 11:00,1,NWEST,KZNIN,City Oval,13150,Mungroo,11,0,0,0,0,,False,False
90473,2023-24,2024-03-15 11:00,2,KZNIN,NWEST,City Oval,11435,Kagiso Rapulana,1,0,1,0,0,b Mungroo,False,False
90473,2023-24,2024-03-15 11:00,2,KZNIN,NWEST,City Oval,9719,Cameron Delport,2,4,3,1,0,c Wihan Lubbe b Mungroo,False,False
90473,2023-24,2024-03-15 11:00,2,KZNIN,NWEST,City Oval,9575,Yaseen Valli,3,4,13,0,0,c Senuran Muthusamy b Migael Pretorius,False,False
90473,2023-24,2024-03-15 11:00,2,KZNIN,NWEST,City Oval,20357,Cameron Shekleton,4,28,26,2,1,b Caleb Seleka,False,False
90473,2023-24,2024-03-15 11:00,2,KZNIN,NWEST,City Oval,9703,Michael Erlank,5,1,3,0,0,c van Tonder b Senuran Muthusamy,True,False
90473,2023-24,2024-03-15 11:00,2,KZNIN,NWEST,City Oval,53419,Ntando Zuma,6,3,8,0,0,lbw b Senuran Muthusamy,False,True
90473,2023-24,2024-03-15 11:00,2,KZNIN,NWEST,City Oval,12592,Keith Dudgeon,7,23,20,1,1,not out,False,False
90473,2023-24,2024-03-15 11:00,2,KZNIN,NWEST,City Oval,14431,Ruben Trumpelmann,8,0,1,0,1,c van Tonder b Caleb Seleka,False,False
90473,2023-24,2024-03-15 11:00,2,KZNIN,NWEST,City Oval,22061,Alindile Mhletywa,9,9,5,0,1,b Senuran Muthusamy,False,False
90473,2023-24,2024-03-15 11:00,2,KZNIN,NWEST,City Oval,13099,Smangaliso Nhlebela,10,3,4,0,0,run out (Bamanye Xenxe),False,False
90473,2023-24,2024-03-15 11:00,2,KZNIN,NWEST,City Oval,15919,Mondli Khumalo,11,2,6,0,0,c Caleb Seleka b Bamanye Xenxe,False,False
90480,2023-24,2024-03-15 16:00,1,BOL,DOL,Boland Park,11891,Pieter Malan,1,9,9,1,0,b Okuhle Cele,True,False
90480,2023-24,2024-03-15 16:00,1,BOL,DOL,Boland Park,13067,Janneman Malan,2,8,10,1,0,c Bryce Parsons b Ottniel Baartman,False,False
90480,2023-24,2024-03-15 16:00,1,BOL,DOL,Boland Park,10178,Keegan Petersen,3,8,13,0,0,c Simelane b Subrayen,False,False
90480,2023-24,2024-03-15 16:00,1,BOL,DOL,Boland Park,9580,Fortuin,4,21,27,0,1,c Okuhle Cele b Subrayen,False,True
90480,2023-24,2024-03-15 16:00,1,BOL,DOL,Boland Park,15123,Michael Copeland,5,35,30,1,1,c Bryce Parsons b Ottniel Baartman,False,False
90480,2023-24,2024-03-15 16:00,1,BOL,DOL,Boland Park,9766,Mgijima,6,10,8,1,0,b Dupavillon,False,False
90480,2023-24,2024-03-15 16:00,1,BOL,DOL,Boland Park,10194,Ferisco Adams,7,8,8,1,0,c Subrayen b Okuhle Cele,False,False
90480,2023-24,2024-03-15 16:00,1,BOL,DOL,Boland Park,9736,von Berg,8,13,7,0,1,not out,False,False
90480,2023-24,2024-03-15 16:00,1,BOL,DOL,Boland Park,9493,Viljoen,9,0,1,0,0,c Roelofsen b Dupavillon,False,False
90480,2023-24,2024-03-15 16:00,1,BOL,DOL,Boland Park,14687,Imran Manack,10,7,7,0,0,not out,False,False
90480,2023-24,2024-03-15 16:00,1,BOL,DOL,Boland Park,19058,Mahima,11,0,0,0,0,,False,False
90480,2023-24,2024-03-15 16:00,2,DOL,BOL,Boland Park,14586,Bryce Parsons,1,47,36,5,1,c Pieter Malan b Viljoen,False,False
90480,2023-24,2024-03-15 16:00,2,DOL,BOL,Boland Park,14187,Grant Roelofsen,2,71,45,8,2,not out,False,True
90480,2023-24,2024-03-15 16:00,2,DOL,BOL,Boland Park,12188,Marques Ackerman,3,5,6,0,0,not out,False,False
90480,2023-24,2024-03-15 16:00,2,DOL,BOL,Boland Park,7668,JJ Smuts,4,0,0,0,0,,False,False
90480,2023-24,2024-03-15 16:00,2,DOL,BOL,Boland Park,9587,Jason Smith,5,0,0,0,0,,False,False
90480,2023-24,2024-03-15 16:00,2,DOL,BOL,Boland Park,18687,Andile Simelane,6,0,0,0,0,,False,False
90480,2023-24,2024-03-15 16:00,2,DOL,BOL,Boland Park,9601,Andile Phehlukwayo,7,0,0,0,0,,False,False
90480,2023-24,2024-03-15 16:00,2,DOL,BOL,Boland Park,8530,Prenelan Subrayen,8,0,0,0,0,,True,False
90480,2023-24,2024-03-15 16:00,2,DOL,BOL,Boland Park,10079,Daryn Dupavillon,9,0,0,0,0,,False,False
90480,2023-24,2024-03-15 16:00,2,DOL,BOL,Boland Park,13100,Ottniel Baartman,10,0,0,0,0,,False,False
90480,2023-24,2024-03-15 16:00,2,DOL,BOL,Boland Park,12191,Okuhle Cele,11,0,0,0,0,,False,False
90484,2023-24,2024-03-15 16:00,1,LIONS,TIT,The Wanderers Stadium,9554,van der Dussen,1,8,9,1,0,c and b Junior Dala,False,False
90484,2023-24,2024-03-15 16:00,1,LIONS,TIT,The Wanderers Stadium,13070,Rickelton,2,24,18,2,1,run out (Corbin Bosch/Lhuan-dre Pretorius),False,True
90484,2023-24,2024-03-15 16:00,1,LIONS,TIT,The Wanderers Stadium,9491,Reeza Hendricks,3,12,12,0,0,c Makhanya b Williams,False,False
90484,2023-24,2024-03-15 16:00,1,LIONS,TIT,The Wanderers Stadium,8583,Bavuma,4,5,7,0,0,c and b Phangiso,False,False
90484,2023-24,2024-03-15 16:00,1,LIONS,TIT,The Wanderers Stadium,11200,Wiaan Mulder,5,48,32,7,1,c Corbin Bosch b Williams,False,False
90484,2023-24,2024-03-15 16:00,1,LIONS,TIT,The Wanderers Stadium,19057,Van Buuren,6,37,27,0,3,not out,False,False
90484,2023-24,2024-03-15 16:00,1,LIONS,TIT,The Wanderers Stadium,14566,Delano Potgieter,7,32,15,3,2,not out,False,False
90484,2023-24,2024-03-15 16:00,1,LIONS,TIT,The Wanderers Stadium,10676,Bjorn Fortuin,8,0,0,0,0,,True,False
90484,2023-24,2024-03-15 16:00,1,LIONS,TIT,The Wanderers Stadium,24546,Codi Yusuf,9,0,0,0,0,,False,False
90484,2023-24,2024-03-15 16:00,1,LIONS,TIT,The Wanderers Stadium,9585,Rabada,10,0,0,0,0,,False,False
90484,2023-24,2024-03-15 16:00,1,LIONS,TIT,The Wanderers Stadium,23346,Kwena Maphaka,11,0,0,0,0,,False,False
90484,2023-24,2024-03-15 16:00,2,TIT,LIONS,The Wanderers Stadium,50545,Lhuan-dre Pretorius,1,9,12,1,0,c Rabada b Bjorn Fortuin,False,True
90484,2023-24,2024-03-15 16:00,2,TIT,LIONS,The Wanderers Stadium,20437,Joshua van Heerden,2,0,1,0,0,lbw b Bjorn Fortuin,False,False
90484,2023-24,2024-03-15 16:00,2,TIT,LIONS,The Wanderers Stadium,11206,Rivaldo Moonsamy,3,88,52,6,6,c Bavuma b Codi Yusuf,False,False
90484,2023-24,2024-03-15 16:00,2,TIT,LIONS,The Wanderers Stadium,9801,Sibonelo Makhanya,4,34,25,3,0,c Van Buuren b Rabada,False,False
90484,2023-24,2024-03-15 16:00,2,TIT,LIONS,The Wanderers Stadium,14308,Neil Brand,5,21,16,2,1,c Bavuma b Codi Yusuf,False,False
90484,2023-24,2024-03-15 16:00,2,TIT,LIONS,The Wanderers Stadium,9581,Dayyaan Galiem,6,3,5,0,0,c Reeza Hendricks b Kwena Maphaka,False,False
90484,2023-24,2024-03-15 16:00,2,TIT,LIONS,The Wanderers Stadium,9576,Corbin Bosch,7,4,5,0,0,not out,False,False
90484,2023-24,2024-03-15 16:00,2,TIT,LIONS,The Wanderers Stadium,7649,Aaron Phangiso,8,9,5,1,0,not out,True,False
90484,2023-24,2024-03-15 16:00,2,TIT,LIONS,The Wanderers Stadium,10175,Junior Dala,9,0,0,0,0,,False,False
90484,2023-24,2024-03-15 16:00,2,TIT,LIONS,The Wanderers Stadium,8531,Lizaad Williams,10,0,0,0,0,,False,False
90484,2023-24,2024-03-15 16:00,2,TIT,LIONS,The Wanderers Stadium,10173,Tabraiz Shamsi,11,0,0,0,0,,False,False
90501,2023-24,2024-03-17 12:00,1,WPR,LIONS,The Wanderers Stadium,9763,Moore,1,1,2,0,0,run out (Codi Yusuf),False,False
90501,2023-24,2024-03-17 12:00,1,WPR,LIONS,The Wanderers Stadium,14265,Bedingham,2,37,22,4,1,c Bjorn Fortuin b Codi Yusuf,False,False
90501,2023-24,2024-03-17 12:00,1,WPR,LIONS,The Wanderers Stadium,11196,Tony de Zorzi,3,5,11,0,0,lbw b Kwena Maphaka,False,False
90501,2023-24,2024-03-17 12:00,1,WPR,LIONS,The Wanderers Stadium,11209,Verreynne,4,26,33,0,0,c Codi Yusuf b Sipamla,True,True
90501,2023-24,2024-03-17 12:00,1,WPR,LIONS,The Wanderers Stadium,17026,Mpongwana,5,2,6,0,0,b Evan Jones,False,False
90501,2023-24,2024-03-17 12:00,1,WPR,LIONS,The Wanderers Stadium,10187,George Linde,6,0,1,0,0,c Rickelton b Sipamla,False,False
90501,2023-24,2024-03-17 12:00,1,WPR,LIONS,The Wanderers Stadium,1692,Parnell,7,9,8,1,0,lbw b Reeza Hendricks,False,False
90501,2023-24,2024-03-17 12:00,1,WPR,LIONS,The Wanderers Stadium,12223,Kyle Simmonds,8,13,12,2,0,c Rickelton b Codi Yusuf,False,False
90501,2023-24,2024-03-17 12:00,1,WPR,LIONS,The Wanderers Stadium,31979,Abdullah Bayoumy,9,1,4,0,0,lbw b Bjorn Fortuin,False,False
90501,2023-24,2024-03-17 12:00,1,WPR,LIONS,The Wanderers Stadium,9490,B Hendricks,10,23,17,2,1,not out,False,False
90501,2023-24,2024-03-17 12:00,1,WPR,LIONS,The Wanderers Stadium,13151,Nabe,11,5,5,0,0,not out,False,False
90501,2023-24,2024-03-17 12:00,2,LIONS,WPR,The Wanderers Stadium,9554,Rassie van der Dussen,1,14,15,0,1,c Verreynne b Nabe,False,False
90501,2023-24,2024-03-17 12:00,2,LIONS,WPR,The Wanderers Stadium,13070,Ryan Rickelton,2,22,19,2,0,not out,False,True
90501,2023-24,2024-03-17 12:00,2,LIONS,WPR,The Wanderers Stadium,11200,Wiaan Mulder,3,0,1,0,0,c Moore b Kyle Simmonds,False,False
90501,2023-24,2024-03-17 12:00,2,LIONS,WPR,The Wanderers Stadium,9491,Reeza Hendricks,4,12,7,0,1,c George Linde b Parnell,False,False
90501,2023-24,2024-03-17 12:00,2,LIONS,WPR,The Wanderers Stadium,8583,Temba Bavuma,5,0,0,0,0,,False,False
90501,2023-24,2024-03-17 12:00,2,LIONS,WPR,The Wanderers Stadium,19057,Mitchell Van Buuren,6,0,0,0,0,,False,False
90501,2023-24,2024-03-17 12:00,2,LIONS,WPR,The Wanderers Stadium,20308,Evan Jones,7,0,0,0,0,,False,False
90501,2023-24,2024-03-17 12:00,2,LIONS,WPR,The Wanderers Stadium,10676,Bjorn Fortuin,8,0,0,0,0,,True,False
90501,2023-24,2024-03-17 12:00,2,LIONS,WPR,The Wanderers Stadium,24546,Codi Yusuf,9,0,0,0,0,,False,False
90501,2023-24,2024-03-17 12:00,2,LIONS,WPR,The Wanderers Stadium,11208,Lutho Sipamla,10,0,0,0,0,,False,False
90501,2023-24,2024-03-17 12:00,2,LIONS,WPR,The Wanderers Stadium,23346,Kwena Maphaka,11,0,0,0,0,,False,False
90487,2023-24,2024-03-17 12:00,1,WAR,BOL,St George's Park,13089,Breetzke,1,1,4,0,0,b Viljoen,True,False
90487,2023-24,2024-03-17 12:00,1,WAR,BOL,St George's Park,13101,Jiveshan Pillay,2,45,29,1,4,b Mahima,False,False
90487,2023-24,2024-03-17 12:00,1,WAR,BOL,St George's Park,53450,Andile Mogakane,3,16,16,0,1,b Mahima,False,False
90487,2023-24,2024-03-17 12:00,1,WAR,BOL,St George's Park,13667,Qeshile,4,24,23,2,0,c Jonker b von Berg,False,True
90487,2023-24,2024-03-17 12:00,1,WAR,BOL,St George's Park,21386,Jordan Hermann,5,19,17,2,0,c Ferisco Adams b von Berg,False,False
90487,2023-24,2024-03-17 12:00,1,WAR,BOL,St George's Park,11902,Patrick Kruger,6,29,16,2,1,not out,False,False
90487,2023-24,2024-03-17 12:00,1,WAR,BOL,St George's Park,16433,Beyers Swanepoel,7,1,3,0,0,c Fortuin b Viljoen,False,False
90487,2023-24,2024-03-17 12:00,1,WAR,BOL,St George's Park,41704,JP King,8,24,13,3,0,not out,False,False
90487,2023-24,2024-03-17 12:00,1,WAR,BOL,St George's Park,11427,Nortje,9,0,0,0,0,,False,False
90487,2023-24,2024-03-17 12:00,1,WAR,BOL,St George's Park,20287,Renaldo Meyer,10,0,0,0,0,,False,False
90487,2023-24,2024-03-17 12:00,1,WAR,BOL,St George's Park,9714,Simetu,11,0,0,0,0,,False,False
90487,2023-24,2024-03-17 12:00,2,BOL,WAR,St George's Park,13067,Janneman Malan,1,1,2,0,0,c Qeshile b Beyers Swanepoel,False,False
90487,2023-24,2024-03-17 12:00,2,BOL,WAR,St George's Park,9580,Clyde Fortuin,2,33,22,5,1,c Patrick Kruger b Beyers Swanepoel,False,True
90487,2023-24,2024-03-17 12:00,2,BOL,WAR,St George's Park,11891,Pieter Malan,3,0,1,0,0,b Beyers Swanepoel,True,False
90487,2023-24,2024-03-17 12:00,2,BOL,WAR,St George's Park,9764,Christiaan Jonker,4,33,32,2,0,c Andile Mogakane b Patrick Kruger,False,False
90487,2023-24,2024-03-17 12:00,2,BOL,WAR,St George's Park,15123,Michael Copeland,5,1,2,0,0,c Renaldo Meyer b Simetu,False,False
90487,2023-24,2024-03-17 12:00,2,BOL,WAR,St George's Park,10194,Ferisco Adams,6,13,14,2,0,c Jiveshan Pillay b Patrick Kruger,False,False
90487,2023-24,2024-03-17 12:00,2,BOL,WAR,St George's Park,9736,Shaun von Berg,7,0,3,0,0,c Jordan Hermann b Patrick Kruger,False,False
90487,2023-24,2024-03-17 12:00,2,BOL,WAR,St George's Park,9493,Hardus Viljoen,8,26,15,2,2,run out (Nortje/Qeshile),False,False
90487,2023-24,2024-03-17 12:00,2,BOL,WAR,St George's Park,14687,Imran Manack,9,1,5,0,0,c Jordan Hermann b Beyers Swanepoel,False,False
90487,2023-24,2024-03-17 12:00,2,BOL,WAR,St George's Park,19058,Siyabonga Mahima,10,2,4,0,0,c Patrick Kruger b Nortje,False,False
90487,2023-24,2024-03-17 12:00,2,BOL,WAR,St George's Park,13066,Akhona Mnyaka,11,0,0,0,0,not out,False,False
90505,2023-24,2024-03-20 16:00,1,DOL,TIT,SuperSport Park,14586,Bryce Parsons,1,102,48,8,7,not out,False,False
90505,2023-24,2024-03-20 16:00,1,DOL,TIT,SuperSport Park,14187,Roelofsen,2,11,7,2,0,c D Galiem b Wiese,False,True
90505,2023-24,2024-03-20 16:00,1,DOL,TIT,SuperSport Park,7668,Smuts,3,61,33,8,2,not out,False,False
90505,2023-24,2024-03-20 16:00,1,DOL,TIT,SuperSport Park,9587,J Smith,4,0,0,0,0,,False,False
90505,2023-24,2024-03-20 16:00,1,DOL,TIT,SuperSport Park,9601,Phehlukwayo,5,0,0,0,0,,False,False
90505,2023-24,2024-03-20 16:00,1,DOL,TIT,SuperSport Park,8530,Subrayen,6,0,0,0,0,,True,False
90505,2023-24,2024-03-20 16:00,1,DOL,TIT,SuperSport Park,18687,Simelane,7,0,0,0,0,,False,False
90505,2023-24,2024-03-20 16:00,1,DOL,TIT,SuperSport Park,12191,Okuhle Cele,8,0,0,0,0,,False,False
90505,2023-24,2024-03-20 16:00,1,DOL,TIT,SuperSport Park,13100,Ottniel Baartman,9,0,0,0,0,,False,False
90505,2023-24,2024-03-20 16:00,1,DOL,TIT,SuperSport Park,12188,MJ Ackerman,10,0,0,0,0,,False,False
90505,2023-24,2024-03-20 16:00,1,DOL,TIT,SuperSport Park,10079,Dupavillon,11,0,0,0,0,,False,False
90505,2023-24,2024-03-20 16:00,2,TIT,DOL,SuperSport Park,50545,Lhuan-dre Pretorius,1,12,9,1,0,c MJ Ackerman b Ottniel Baartman,False,True
90505,2023-24,2024-03-20 16:00,2,TIT,DOL,SuperSport Park,20437,Joshua van Heerden,2,56,35,5,3,run out (Roelofsen),False,False
90505,2023-24,2024-03-20 16:00,2,TIT,DOL,SuperSport Park,11206,Rivaldo Moonsamy,3,2,4,0,0,c Simelane b Okuhle Cele,False,False
90505,2023-24,2024-03-20 16:00,2,TIT,DOL,SuperSport Park,9801,Sibonelo Makhanya,4,6,7,1,0,c J Smith b Okuhle Cele,False,False
90505,2023-24,2024-03-20 16:00,2,TIT,DOL,SuperSport Park,14308,Neil Brand,5,26,16,2,2,st Roelofsen b Subrayen,False,False
90505,2023-24,2024-03-20 16:00,2,TIT,DOL,SuperSport Park,8589,David Wiese,6,30,13,0,3,not out,False,False
90505,2023-24,2024-03-20 16:00,2,TIT,DOL,SuperSport Park,9581,Dayyaan Galiem,7,2,1,0,0,not out,False,False
90505,2023-24,2024-03-20 16:00,2,TIT,DOL,SuperSport Park,9489,Ayabulela Gqamane,8,0,0,0,0,,False,False
90505,2023-24,2024-03-20 16:00,2,TIT,DOL,SuperSport Park,7649,Aaron Phangiso,9,0,0,0,0,,True,False
90505,2023-24,2024-03-20 16:00,2,TIT,DOL,SuperSport Park,8531,Lizaad Williams,10,0,0,0,0,,False,False
90505,2023-24,2024-03-20 16:00,2,TIT,DOL,SuperSport Park,10173,Tabraiz Shamsi,11,0,0,0,0,,False,False
90508,2023-24,2024-03-21 12:00,1,WPR,WAR,St George's Park,9763,Moore,1,14,17,2,0,b Simetu,False,False
90508,2023-24,2024-03-21 12:00,1,WPR,WAR,St George's Park,14265,Bedingham,2,9,4,2,0,c Nortje b Patrick Kruger,False,False
90508,2023-24,2024-03-21 12:00,1,WPR,WAR,St George's Park,11209,Verreynne,3,10,10,2,0,c JP King b Renaldo Meyer,True,True
90508,2023-24,2024-03-21 12:00,1,WPR,WAR,St George's Park,11196,Tony de Zorzi,4,20,14,3,0,c Jiveshan Pillay b Simetu,False,False
90508,2023-24,2024-03-21 12:00,1,WPR,WAR,St George's Park,10187,George Linde,5,46,38,3,1,c Jordan Hermann b Nortje,False,False
90508,2023-24,2024-03-21 12:00,1,WPR,WAR,St George's Park,14429,Nyaku,6,26,28,3,0,c JP King b Patrick Kruger,False,False
90508,2023-24,2024-03-21 12:00,1,WPR,WAR,St George's Park,31979,Abdullah Bayoumy,7,2,3,0,0,c Andile Mogakane b Beyers Swanepoel,False,False
90508,2023-24,2024-03-21 12:00,1,WPR,WAR,St George's Park,1692,Parnell,8,11,4,1,1,not out,False,False
90508,2023-24,2024-03-21 12:00,1,WPR,WAR,St George's Park,12223,Kyle Simmonds,9,2,2,0,0,not out,False,False
90508,2023-24,2024-03-21 12:00,1,WPR,WAR,St George's Park,9490,B Hendricks,10,0,0,0,0,,False,False
90508,2023-24,2024-03-21 12:00,1,WPR,WAR,St George's Park,13151,Nabe,11,0,0,0,0,,False,False
90508,2023-24,2024-03-21 12:00,2,WAR,WPR,St George's Park,13101,Jiveshan Pillay,1,11,8,1,0,lbw b Parnell,False,False
90508,2023-24,2024-03-21 12:00,2,WAR,WPR,St George's Park,13089,Matthew Breetzke,2,53,42,4,1,not out,True,False
90508,2023-24,2024-03-21 12:00,2,WAR,WPR,St George's Park,53450,Andile Mogakane,3,48,34,5,1,c Nabe b George Linde,False,False
90508,2023-24,2024-03-21 12:00,2,WAR,WPR,St George's Park,21386,Jordan Hermann,4,31,23,3,0,not out,False,False
90508,2023-24,2024-03-21 12:00,2,WAR,WPR,St George's Park,13667,Sinethemba Qeshile,5,0,0,0,0,,False,True
90508,2023-24,2024-03-21 12:00,2,WAR,WPR,St George's Park,11902,Patrick Kruger,6,0,0,0,0,,False,False
90508,2023-24,2024-03-21 12:00,2,WAR,WPR,St George's Park,41704,JP King,7,0,0,0,0,,False,False
90508,2023-24,2024-03-21 12:00,2,WAR,WPR,St George's Park,16433,Beyers Swanepoel,8,0,0,0,0,,False,False
90508,2023-24,2024-03-21 12:00,2,WAR,WPR,St George's Park,11427,Anrich Nortje,9,0,0,0,0,,False,False
90508,2023-24,2024-03-21 12:00,2,WAR,WPR,St George's Park,20287,Renaldo Meyer,10,0,0,0,0,,False,False
90508,2023-24,2024-03-21 12:00,2,WAR,WPR,St George's Park,9714,Siya Simetu,11,0,0,0,0,,False,False
90512,2023-24,2024-03-21 12:00,1,BOL,NWEST,North-West University No1 Ground,9580,Fortuin,1,7,4,1,0,b Migael Pretorius,True,True
90512,2023-24,2024-03-21 12:00,1,BOL,NWEST,North-West University No1 Ground,1423931,Adrian du Toit,2,12,19,1,0,c Meeka eel Prince b Migael Pretorius,False,False
90512,2023-24,2024-03-21 12:00,1,BOL,NWEST,North-West University No1 Ground,13067,Janneman Malan,3,13,15,2,0,c Wihan Lubbe b Mungroo,False,False
90512,2023-24,2024-03-21 12:00,1,BOL,NWEST,North-West University No1 Ground,9764,Jonker,4,1,2,0,0,c Rubin Hermann b Migael Pretorius,False,False
90512,2023-24,2024-03-21 12:00,1,BOL,NWEST,North-West University No1 Ground,15123,Michael Copeland,5,2,3,0,0,c Rubin Hermann b Migael Pretorius,False,False
90512,2023-24,2024-03-21 12:00,1,BOL,NWEST,North-West University No1 Ground,10194,Ferisco Adams,6,50,39,3,2,not out,False,False
90512,2023-24,2024-03-21 12:00,1,BOL,NWEST,North-West University No1 Ground,9736,von Berg,7,25,20,2,1,c Rubin Hermann b Duan Jansen,False,False
90512,2023-24,2024-03-21 12:00,1,BOL,NWEST,North-West University No1 Ground,9493,Viljoen,8,21,18,0,1,not out,False,False
90512,2023-24,2024-03-21 12:00,1,BOL,NWEST,North-West University No1 Ground,14687,Imran Manack,9,0,0,0,0,,False,False
90512,2023-24,2024-03-21 12:00,1,BOL,NWEST,North-West University No1 Ground,19058,Mahima,10,0,0,0,0,,False,False
90512,2023-24,2024-03-21 12:00,1,BOL,NWEST,North-West University No1 Ground,13066,Akhona Mnyaka,11,0,0,0,0,,False,False
90512,2023-24,2024-03-21 12:00,2,NWEST,BOL,North-West University No1 Ground,14797,Rubin Hermann,1,96,56,9,5,not out,False,True
90512,2023-24,2024-03-21 12:00,2,NWEST,BOL,North-West University No1 Ground,31951,Meeka eel Prince,2,13,17,1,0,st Fortuin b Imran Manack,False,False
90512,2023-24,2024-03-21 12:00,2,NWEST,BOL,North-West University No1 Ground,13317,Raynard van Tonder,3,3,6,0,0,c Jonker b Imran Manack,False,False
90512,2023-24,2024-03-21 12:00,2,NWEST,BOL,North-West University No1 Ground,11497,Wihan Lubbe,4,23,16,3,0,c Janneman Malan b Viljoen,False,False
90512,2023-24,2024-03-21 12:00,2,NWEST,BOL,North-West University No1 Ground,9735,Lesiba Ngoepe,5,8,6,0,0,not out,False,False
90512,2023-24,2024-03-21 12:00,2,NWEST,BOL,North-West University No1 Ground,11432,Senuran Muthusamy,6,0,0,0,0,,True,False
90512,2023-24,2024-03-21 12:00,2,NWEST,BOL,North-West University No1 Ground,18523,Duan Jansen,7,0,0,0,0,,False,False
90512,2023-24,2024-03-21 12:00,2,NWEST,BOL,North-West University No1 Ground,13069,Migael Pretorius,8,0,0,0,0,,False,False
90512,2023-24,2024-03-21 12:00,2,NWEST,BOL,North-West University No1 Ground,20417,Bamanye Xenxe,9,0,0,0,0,,False,False
90512,2023-24,2024-03-21 12:00,2,NWEST,BOL,North-West University No1 Ground,20526,Caleb Seleka,10,0,0,0,0,,False,False
90512,2023-24,2024-03-21 12:00,2,NWEST,BOL,North-West University No1 Ground,13150,Kerwin Mungroo,11,0,0,0,0,,False,False
90515,2023-24,2024-03-23 12:00,1,TIT,WPR,The Wanderers Stadium,50545,Lhuan-dre Pretorius,1,37,23,5,1,c Verreynne b Kyle Simmonds,False,True
90515,2023-24,2024-03-23 12:00,1,TIT,WPR,The Wanderers Stadium,20437,Joshua van Heerden,2,17,23,0,0,c Parnell b George Linde,False,False
90515,2023-24,2024-03-23 12:00,1,TIT,WPR,The Wanderers Stadium,11206,Rivaldo Moonsamy,3,20,12,4,0,c Verreynne b George Linde,False,False
90515,2023-24,2024-03-23 12:00,1,TIT,WPR,The Wanderers Stadium,9801,Makhanya,4,9,12,0,0,c Moore b Parnell,False,False
90515,2023-24,2024-03-23 12:00,1,TIT,WPR,The Wanderers Stadium,14308,Neil Brand,5,39,26,1,2,not out,False,False
90515,2023-24,2024-03-23 12:00,1,TIT,WPR,The Wanderers Stadium,9581,D Galiem,6,0,1,0,0,c B Hendricks b Parnell,False,False
90515,2023-24,2024-03-23 12:00,1,TIT,WPR,The Wanderers Stadium,8589,Wiese,7,2,8,0,0,c Verreynne b B Hendricks,False,False
90515,2023-24,2024-03-23 12:00,1,TIT,WPR,The Wanderers Stadium,7649,Phangiso,8,16,13,1,0,c Verreynne b B Hendricks,True,False
90515,2023-24,2024-03-23 12:00,1,TIT,WPR,The Wanderers Stadium,10175,Junior Dala,9,2,2,0,0,not out,False,False
90515,2023-24,2024-03-23 12:00,1,TIT,WPR,The Wanderers Stadium,8531,Williams,10,0,0,0,0,,False,False
90515,2023-24,2024-03-23 12:00,1,TIT,WPR,The Wanderers Stadium,10173,Shamsi,11,0,0,0,0,,False,False
90515,2023-24,2024-03-23 12:00,2,WPR,TIT,The Wanderers Stadium,9763,Edward Moore,1,55,52,5,1,c and b Shamsi,False,False
90515,2023-24,2024-03-23 12:00,2,WPR,TIT,The Wanderers Stadium,14265,David Bedingham,2,49,32,4,3,c D Galiem b Wiese,False,False
90515,2023-24,2024-03-23 12:00,2,WPR,TIT,The Wanderers Stadium,11209,Kyle Verreynne,3,6,7,0,0,c and b Wiese,True,True
90515,2023-24,2024-03-23 12:00,2,WPR,TIT,The Wanderers Stadium,11196,Tony de Zorzi,4,2,3,0,0,c Junior Dala b Shamsi,False,False
90515,2023-24,2024-03-23 12:00,2,WPR,TIT,The Wanderers Stadium,10187,George Linde,5,17,13,1,1,c (sub)Gqamane b Wiese,False,False
90515,2023-24,2024-03-23 12:00,2,WPR,TIT,The Wanderers Stadium,31979,Abdullah Bayoumy,6,5,6,0,0,not out,False,False
90515,2023-24,2024-03-23 12:00,2,WPR,TIT,The Wanderers Stadium,14429,Onke Nyaku,7,0,1,0,0,c (sub)Gqamane b Wiese,False,False
90515,2023-24,2024-03-23 12:00,2,WPR,TIT,The Wanderers Stadium,12223,Kyle Simmonds,8,0,0,0,0,,False,False
90515,2023-24,2024-03-23 12:00,2,WPR,TIT,The Wanderers Stadium,1692,Wayne Parnell,9,0,0,0,0,,False,False
90515,2023-24,2024-03-23 12:00,2,WPR,TIT,The Wanderers Stadium,9490,Beuran Hendricks,10,0,0,0,0,,False,False
90515,2023-24,2024-03-23 12:00,2,WPR,TIT,The Wanderers Stadium,13151,Mthiwekhaya Nabe,11,0,0,0,0,,False,False
90522,2023-24,2024-03-23 16:00,1,LIONS,KZNIN,The Wanderers Stadium,9554,van der Dussen,1,0,1,0,0,c Erlank b Keith Dudgeon,False,False
90522,2023-24,2024-03-23 16:00,1,LIONS,KZNIN,The Wanderers Stadium,9491,Reeza Hendricks,2,0,10,0,0,c Tian Koekemoer b Keith Dudgeon,False,False
90522,2023-24,2024-03-23 16:00,1,LIONS,KZNIN,The Wanderers Stadium,8583,Bavuma,3,0,2,0,0,c Ntando Zuma b Keith Dudgeon,False,False
90522,2023-24,2024-03-23 16:00,1,LIONS,KZNIN,The Wanderers Stadium,19057,Van Buuren,4,0,1,0,0,lbw b Keith Dudgeon,False,False
90522,2023-24,2024-03-23 16:00,1,LIONS,KZNIN,The Wanderers Stadium,11200,Wiaan Mulder,5,36,38,1,2,not out,False,False
90522,2023-24,2024-03-23 16:00,1,LIONS,KZNIN,The Wanderers Stadium,24622,Connor Esterhuizen,6,16,19,1,1,c Delport b Alindile Mhletywa,False,True
90522,2023-24,2024-03-23 16:00,1,LIONS,KZNIN,The Wanderers Stadium,20308,Evan Jones,7,29,19,2,2,not out,False,False
90522,2023-24,2024-03-23 16:00,1,LIONS,KZNIN,The Wanderers Stadium,10676,Bjorn Fortuin,8,0,0,0,0,,True,False
90522,2023-24,2024-03-23 16:00,1,LIONS,KZNIN,The Wanderers Stadium,11208,Sipamla,9,0,0,0,0,,False,False
90522,2023-24,2024-03-23 16:00,1,LIONS,KZNIN,The Wanderers Stadium,10679,Tshepo Moreki,10,0,0,0,0,,False,False
90522,2023-24,2024-03-23 16:00,1,LIONS,KZNIN,The Wanderers Stadium,13629,Dawood,11,0,0,0,0,,False,False
90522,2023-24,2024-03-23 16:00,2,KZNIN,LIONS,The Wanderers Stadium,11435,Kagiso Rapulana,1,19,17,2,0,c Van Buuren b Sipamla,False,False
90522,2023-24,2024-03-23 16:00,2,KZNIN,LIONS,The Wanderers Stadium,9719,Cameron Delport,2,39,28,5,1,b Dawood,False,False
90522,2023-24,2024-03-23 16:00,2,KZNIN,LIONS,The Wanderers Stadium,16631,Tian Koekemoer,3,10,14,1,0,not out,False,False
90522,2023-24,2024-03-23 16:00,2,KZNIN,LIONS,The Wanderers Stadium,20357,Cameron Shekleton,4,11,11,2,0,not out,False,False
90522,2023-24,2024-03-23 16:00,2,KZNIN,LIONS,The Wanderers Stadium,9703,Michael Erlank,5,0,0,0,0,,True,False
90522,2023-24,2024-03-23 16:00,2,KZNIN,LIONS,The Wanderers Stadium,22061,Alindile Mhletywa,6,0,0,0,0,,False,False
90522,2023-24,2024-03-23 16:00,2,KZNIN,LIONS,The Wanderers Stadium,12592,Keith Dudgeon,7,0,0,0,0,,False,False
90522,2023-24,2024-03-23 16:00,2,KZNIN,LIONS,The Wanderers Stadium,13099,Smangaliso Nhlebela,8,0,0,0,0,,False,False
90522,2023-24,2024-03-23 16:00,2,KZNIN,LIONS,The Wanderers Stadium,53419,Ntando Zuma,9,0,0,0,0,,False,True
90522,2023-24,2024-03-23 16:00,2,KZNIN,LIONS,The Wanderers Stadium,15919,Mondli Khumalo,10,0,0,0,0,,False,False
90522,2023-24,2024-03-23 16:00,2,KZNIN,LIONS,The Wanderers Stadium,14431,Ruben Trumpelmann,11,0,0,0,0,,False,False
90529,2023-24,2024-03-24 08:00,1,DOL,BOL,St George's Park,14586,Bryce Parsons,1,31,25,2,1,c Mgijima b Imran Manack,False,False
90529,2023-24,2024-03-24 08:00,1,DOL,BOL,St George's Park,14187,Roelofsen,2,1,3,0,0,c Fortuin b Glenton Stuurman,False,True
90529,2023-24,2024-03-24 08:00,1,DOL,BOL,St George's Park,7668,Smuts,3,21,20,3,0,c Michael Copeland b von Berg,False,False
90529,2023-24,2024-03-24 08:00,1,DOL,BOL,St George's Park,12188,MJ Ackerman,4,50,32,3,2,not out,False,False
90529,2023-24,2024-03-24 08:00,1,DOL,BOL,St George's Park,9724,Zondo,5,35,26,1,2,run out (Imran Manack/Fortuin),False,False
90529,2023-24,2024-03-24 08:00,1,DOL,BOL,St George's Park,9587,J Smith,6,14,14,1,0,not out,False,False
90529,2023-24,2024-03-24 08:00,1,DOL,BOL,St George's Park,9601,Phehlukwayo,7,0,0,0,0,,True,False
90529,2023-24,2024-03-24 08:00,1,DOL,BOL,St George's Park,18687,Simelane,8,0,0,0,0,,False,False
90529,2023-24,2024-03-24 08:00,1,DOL,BOL,St George's Park,12191,Okuhle Cele,9,0,0,0,0,,False,False
90529,2023-24,2024-03-24 08:00,1,DOL,BOL,St George's Park,13100,Ottniel Baartman,10,0,0,0,0,,False,False
90529,2023-24,2024-03-24 08:00,1,DOL,BOL,St George's Park,10079,Dupavillon,11,0,0,0,0,,False,False
90529,2023-24,2024-03-24 08:00,2,BOL,DOL,St George's Park,10178,Keegan Petersen,1,0,2,0,0,b Dupavillon,False,False
90529,2023-24,2024-03-24 08:00,2,BOL,DOL,St George's Park,1423931,Adrian du Toit,2,20,17,1,1,lbw b Phehlukwayo,False,False
90529,2023-24,2024-03-24 08:00,2,BOL,DOL,St George's Park,9580,Clyde Fortuin,3,2,3,0,0,c Ottniel Baartman b Dupavillon,True,True
90529,2023-24,2024-03-24 08:00,2,BOL,DOL,St George's Park,9766,Aviwe Mgijima,4,26,17,4,0,c Roelofsen b Ottniel Baartman,False,False
90529,2023-24,2024-03-24 08:00,2,BOL,DOL,St George's Park,15123,Michael Copeland,5,10,13,0,0,run out (MJ Ackerman/Roelofsen),False,False
90529,2023-24,2024-03-24 08:00,2,BOL,DOL,St George's Park,10194,Ferisco Adams,6,33,23,2,2,c Bryce Parsons b Simelane,False,False
90529,2023-24,2024-03-24 08:00,2,BOL,DOL,St George's Park,9764,Christiaan Jonker,7,40,26,2,3,not out,False,False
90529,2023-24,2024-03-24 08:00,2,BOL,DOL,St George's Park,9736,Shaun von Berg,8,26,16,1,1,not out,False,False
90529,2023-24,2024-03-24 08:00,2,BOL,DOL,St George's Park,14516,Glenton Stuurman,9,0,0,0,0,,False,False
90529,2023-24,2024-03-24 08:00,2,BOL,DOL,St George's Park,14687,Imran Manack,10,0,0,0,0,,False,False
90529,2023-24,2024-03-24 08:00,2,BOL,DOL,St George's Park,13066,Akhona Mnyaka,11,0,0,0,0,,False,False
90533,2023-24,2024-03-24 12:00,1,WAR,NWEST,St George's Park,13101,Jiveshan Pillay,1,7,10,1,0,c Meeka eel Prince b Duan Jansen,False,False
90533,2023-24,2024-03-24 12:00,1,WAR,NWEST,St George's Park,13089,Breetzke,2,37,25,3,2,b Caleb Seleka,True,False
90533,2023-24,2024-03-24 12:00,1,WAR,NWEST,St George's Park,53450,Andile Mogakane,3,9,13,2,0,lbw b Caleb Seleka,False,False
90533,2023-24,2024-03-24 12:00,1,WAR,NWEST,St George's Park,21386,Jordan Hermann,4,28,21,1,2,c Caleb Seleka b Wihan Lubbe,False,False
90533,2023-24,2024-03-24 12:00,1,WAR,NWEST,St George's Park,13667,Qeshile,5,51,30,4,3,not out,False,True
90533,2023-24,2024-03-24 12:00,1,WAR,NWEST,St George's Park,11902,Patrick Kruger,6,46,21,5,2,run out (Rubin Hermann),False,False
90533,2023-24,2024-03-24 12:00,1,WAR,NWEST,St George's Park,41704,JP King,7,0,0,0,0,not out,False,False
90533,2023-24,2024-03-24 12:00,1,WAR,NWEST,St George's Park,16433,Beyers Swanepoel,8,0,0,0,0,,False,False
90533,2023-24,2024-03-24 12:00,1,WAR,NWEST,St George's Park,20287,Renaldo Meyer,9,0,0,0,0,,False,False
90533,2023-24,2024-03-24 12:00,1,WAR,NWEST,St George's Park,9714,Simetu,10,0,0,0,0,,False,False
90533,2023-24,2024-03-24 12:00,1,WAR,NWEST,St George's Park,12587,Shimane Mothoa,11,0,0,0,0,,False,False
90533,2023-24,2024-03-24 12:00,2,NWEST,WAR,St George's Park,14797,Rubin Hermann,1,10,10,2,0,c JP King b Beyers Swanepoel,False,True
90533,2023-24,2024-03-24 12:00,2,NWEST,WAR,St George's Park,31951,Meeka eel Prince,2,25,26,1,1,lbw b Simetu,False,False
90533,2023-24,2024-03-24 12:00,2,NWEST,WAR,St George's Park,13317,Raynard van Tonder,3,34,32,2,0,c Jordan Hermann b Renaldo Meyer,False,False
90533,2023-24,2024-03-24 12:00,2,NWEST,WAR,St George's Park,11497,Wihan Lubbe,4,17,9,0,2,c Jordan Hermann b JP King,False,False
90533,2023-24,2024-03-24 12:00,2,NWEST,WAR,St George's Park,9735,Lesiba Ngoepe,5,45,25,2,4,not out,False,False
90533,2023-24,2024-03-24 12:00,2,NWEST,WAR,St George's Park,11432,Senuran Muthusamy,6,4,5,0,0,lbw b JP King,True,False
90533,2023-24,2024-03-24 12:00,2,NWEST,WAR,St George's Park,18523,Duan Jansen,7,5,3,1,0,b Renaldo Meyer,False,False
90533,2023-24,2024-03-24 12:00,2,NWEST,WAR,St George's Park,13069,Migael Pretorius,8,4,4,0,0,c JP King b Shimane Mothoa,False,False
90533,2023-24,2024-03-24 12:00,2,NWEST,WAR,St George's Park,20417,Bamanye Xenxe,9,8,3,2,0,c Breetzke b Beyers Swanepoel,False,False
90533,2023-24,2024-03-24 12:00,2,NWEST,WAR,St George's Park,20526,Caleb Seleka,10,0,2,0,0,run out (Andile Mogakane),False,False
90533,2023-24,2024-03-24 12:00,2,NWEST,WAR,St George's Park,13150,Kerwin Mungroo,11,1,1,0,0,not out,False,False
90540,2023-24,2024-03-27 11:00,1,WPR,KZNIN,City Oval,9763,Moore,1,101,58,11,4,b Tian Koekemoer,False,False
90540,2023-24,2024-03-27 11:00,1,WPR,KZNIN,City Oval,11196,Tony de Zorzi,2,14,8,3,0,c Ntando Zuma b Erlank,False,False
90540,2023-24,2024-03-27 11:00,1,WPR,KZNIN,City Oval,1692,Parnell,3,46,29,2,4,c Smangaliso Nhlebela b Budaza,False,False
90540,2023-24,2024-03-27 11:00,1,WPR,KZNIN,City Oval,14582,Jonathan Bird,4,1,2,0,0,run out (Erlank),False,False
90540,2023-24,2024-03-27 11:00,1,WPR,KZNIN,City Oval,11209,Verreynne,5,23,11,1,2,not out,True,True
90540,2023-24,2024-03-27 11:00,1,WPR,KZNIN,City Oval,10187,George Linde,6,5,6,0,0,c Keith Dudgeon b Budaza,False,False
90540,2023-24,2024-03-27 11:00,1,WPR,KZNIN,City Oval,50976,Valentine Kitime,7,1,2,0,0,b Budaza,False,False
90540,2023-24,2024-03-27 11:00,1,WPR,KZNIN,City Oval,12223,Kyle Simmonds,8,8,4,0,1,not out,False,False
90540,2023-24,2024-03-27 11:00,1,WPR,KZNIN,City Oval,31972,Juan James,9,0,0,0,0,,False,False
90540,2023-24,2024-03-27 11:00,1,WPR,KZNIN,City Oval,9490,B Hendricks,10,0,0,0,0,,False,False
90540,2023-24,2024-03-27 11:00,1,WPR,KZNIN,City Oval,13151,Nabe,11,0,0,0,0,,False,False
90540,2023-24,2024-03-27 11:00,2,KZNIN,WPR,City Oval,11435,Kagiso Rapulana,1,60,46,6,0,c Juan James b Kyle Simmonds,False,False
90540,2023-24,2024-03-27 11:00,2,KZNIN,WPR,City Oval,9719,Cameron Delport,2,11,10,1,0,lbw b Kyle Simmonds,False,False
90540,2023-24,2024-03-27 11:00,2,KZNIN,WPR,City Oval,16631,Tian Koekemoer,3,15,15,0,0,c (sub)Kaplan b Juan James,False,False
90540,2023-24,2024-03-27 11:00,2,KZNIN,WPR,City Oval,9703,Michael Erlank,4,5,7,0,0,b Juan James,True,False
90540,2023-24,2024-03-27 11:00,2,KZNIN,WPR,City Oval,22061,Alindile Mhletywa,5,13,12,1,0,run out (Jonathan Bird),False,False
90540,2023-24,2024-03-27 11:00,2,KZNIN,WPR,City Oval,12592,Keith Dudgeon,6,35,17,4,1,not out,False,False
90540,2023-24,2024-03-27 11:00,2,KZNIN,WPR,City Oval,20357,Cameron Shekleton,7,2,4,0,0,c Parnell b Nabe,False,False
90540,2023-24,2024-03-27 11:00,2,KZNIN,WPR,City Oval,9822,Malcolm Nofal,8,8,6,1,0,c Nabe b Parnell,False,False
90540,2023-24,2024-03-27 11:00,2,KZNIN,WPR,City Oval,53419,Ntando Zuma,9,3,3,0,0,not out,False,True
90540,2023-24,2024-03-27 11:00,2,KZNIN,WPR,City Oval,13099,Smangaliso Nhlebela,10,0,0,0,0,,False,False
90540,2023-24,2024-03-27 11:00,2,KZNIN,WPR,City Oval,10993,Mbulelo Budaza,11,0,0,0,0,,False,False
90543,2023-24,2024-03-27 16:00,1,WAR,LIONS,The Wanderers Stadium,13101,Jiveshan Pillay,1,13,7,2,0,b Wiaan Mulder,False,False
90543,2023-24,2024-03-27 16:00,1,WAR,LIONS,The Wanderers Stadium,13089,Breetzke,2,2,7,0,0,c Rickelton b Sipamla,True,False
90543,2023-24,2024-03-27 16:00,1,WAR,LIONS,The Wanderers Stadium,53450,Andile Mogakane,3,73,51,3,3,not out,False,False
90543,2023-24,2024-03-27 16:00,1,WAR,LIONS,The Wanderers Stadium,21386,Jordan Hermann,4,40,32,2,1,c Tshepo Moreki b Bjorn Fortuin,False,False
90543,2023-24,2024-03-27 16:00,1,WAR,LIONS,The Wanderers Stadium,11902,Patrick Kruger,5,10,9,1,0,c Wiaan Mulder b Codi Yusuf,False,False
90543,2023-24,2024-03-27 16:00,1,WAR,LIONS,The Wanderers Stadium,13667,Qeshile,6,22,14,2,0,not out,False,True
90543,2023-24,2024-03-27 16:00,1,WAR,LIONS,The Wanderers Stadium,41704,JP King,7,0,0,0,0,,False,False
90543,2023-24,2024-03-27 16:00,1,WAR,LIONS,The Wanderers Stadium,16433,Beyers Swanepoel,8,0,0,0,0,,False,False
90543,2023-24,2024-03-27 16:00,1,WAR,LIONS,The Wanderers Stadium,20372,Heerden,9,0,0,0,0,,False,False
90543,2023-24,2024-03-27 16:00,1,WAR,LIONS,The Wanderers Stadium,9714,Simetu,10,0,0,0,0,,False,False
90543,2023-24,2024-03-27 16:00,1,WAR,LIONS,The Wanderers Stadium,12587,Shimane Mothoa,11,0,0,0,0,,False,False
90543,2023-24,2024-03-27 16:00,2,LIONS,WAR,The Wanderers Stadium,9491,Reeza Hendricks,1,0,1,0,0,lbw b Beyers Swanepoel,False,False
90543,2023-24,2024-03-27 16:00,2,LIONS,WAR,The Wanderers Stadium,13070,Ryan Rickelton,2,12,12,2,0,c Qeshile b Beyers Swanepoel,False,True
90543,2023-24,2024-03-27 16:00,2,LIONS,WAR,The Wanderers Stadium,9554,Rassie van der Dussen,3,43,31,2,2,c JP King b Heerden,False,False
90543,2023-24,2024-03-27 16:00,2,LIONS,WAR,The Wanderers Stadium,8583,Temba Bavuma,4,28,26,2,0,c Breetzke b Shimane Mothoa,False,False
90543,2023-24,2024-03-27 16:00,2,LIONS,WAR,The Wanderers Stadium,19057,Mitchell Van Buuren,5,10,9,0,1,c Jordan Hermann b Simetu,False,False
90543,2023-24,2024-03-27 16:00,2,LIONS,WAR,The Wanderers Stadium,11200,Wiaan Mulder,6,43,20,0,4,c Patrick Kruger b Shimane Mothoa,False,False
90543,2023-24,2024-03-27 16:00,2,LIONS,WAR,The Wanderers Stadium,20308,Evan Jones,7,10,8,0,1,c Patrick Kruger b Shimane Mothoa,False,False
90543,2023-24,2024-03-27 16:00,2,LIONS,WAR,The Wanderers Stadium,10676,Bjorn Fortuin,8,18,12,2,0,not out,True,False
90543,2023-24,2024-03-27 16:00,2,LIONS,WAR,The Wanderers Stadium,24546,Codi Yusuf,9,1,2,0,0,not out,False,False
90543,2023-24,2024-03-27 16:00,2,LIONS,WAR,The Wanderers Stadium,11208,Lutho Sipamla,10,0,0,0,0,,False,False
90543,2023-24,2024-03-27 16:00,2,LIONS,WAR,The Wanderers Stadium,10679,Tshepo Moreki,11,0,0,0,0,,False,False
90547,2023-24,2024-03-31 08:00,1,WPR,WAR,Boland Park,9763,Moore,1,23,20,2,0,b Simetu,False,False
90547,2023-24,2024-03-31 08:00,1,WPR,WAR,Boland Park,14582,Jonathan Bird,2,19,16,1,1,c Andile Mogakane b Patrick Kruger,False,False
90547,2023-24,2024-03-31 08:00,1,WPR,WAR,Boland Park,11209,Verreynne,3,15,16,0,0,c Andile Mogakane b Heerden,True,True
90547,2023-24,2024-03-31 08:00,1,WPR,WAR,Boland Park,50976,Valentine Kitime,4,20,22,1,0,c Beyers Swanepoel b Shimane Mothoa,False,False
90547,2023-24,2024-03-31 08:00,1,WPR,WAR,Boland Park,10187,George Linde,5,30,25,1,1,c Jiveshan Pillay b Shimane Mothoa,False,False
90547,2023-24,2024-03-31 08:00,1,WPR,WAR,Boland Park,31972,Juan James,6,1,2,0,0,b JP King,False,False
90547,2023-24,2024-03-31 08:00,1,WPR,WAR,Boland Park,1692,Parnell,7,22,14,1,1,c JP King b Heerden,False,False
90547,2023-24,2024-03-31 08:00,1,WPR,WAR,Boland Park,14429,Nyaku,8,5,5,0,0,not out,False,False
90547,2023-24,2024-03-31 08:00,1,WPR,WAR,Boland Park,12223,Kyle Simmonds,9,1,1,0,0,not out,False,False
90547,2023-24,2024-03-31 08:00,1,WPR,WAR,Boland Park,9490,B Hendricks,10,0,0,0,0,,False,False
90547,2023-24,2024-03-31 08:00,1,WPR,WAR,Boland Park,13151,Nabe,11,0,0,0,0,,False,False
90547,2023-24,2024-03-31 08:00,2,WAR,WPR,Boland Park,13101,Jiveshan Pillay,1,31,31,3,0,c Parnell b Kyle Simmonds,False,False
90547,2023-24,2024-03-31 08:00,2,WAR,WPR,Boland Park,13089,Matthew Breetzke,2,62,48,5,2,not out,True,False
90547,2023-24,2024-03-31 08:00,2,WAR,WPR,Boland Park,16433,Beyers Swanepoel,3,47,20,0,6,not out,False,False
90547,2023-24,2024-03-31 08:00,2,WAR,WPR,Boland Park,53450,Andile Mogakane,4,0,0,0,0,,False,False
90547,2023-24,2024-03-31 08:00,2,WAR,WPR,Boland Park,21386,Jordan Hermann,5,0,0,0,0,,False,False
90547,2023-24,2024-03-31 08:00,2,WAR,WPR,Boland Park,13667,Sinethemba Qeshile,6,0,0,0,0,,False,True
90547,2023-24,2024-03-31 08:00,2,WAR,WPR,Boland Park,11902,Patrick Kruger,7,0,0,0,0,,False,False
90547,2023-24,2024-03-31 08:00,2,WAR,WPR,Boland Park,41704,JP King,8,0,0,0,0,,False,False
90547,2023-24,2024-03-31 08:00,2,WAR,WPR,Boland Park,20372,Nealan van Heerden,9,0,0,0,0,,False,False
90547,2023-24,2024-03-31 08:00,2,WAR,WPR,Boland Park,12587,Shimane Alfred Mothoa,10,0,0,0,0,,False,False
90547,2023-24,2024-03-31 08:00,2,WAR,WPR,Boland Park,9714,Siya Simetu,11,0,0,0,0,,False,False
90554,2023-24,2024-03-31 12:00,1,BOL,LIONS,Boland Park,10178,Keegan Petersen,1,7,10,1,0,b Bjorn Fortuin,False,False
90554,2023-24,2024-03-31 12:00,1,BOL,LIONS,Boland Park,1423931,Adrian du Toit,2,15,15,1,0,c Bavuma b Nqaba Peter,False,False
90554,2023-24,2024-03-31 12:00,1,BOL,LIONS,Boland Park,9580,Fortuin,3,8,7,1,0,c Reeza Hendricks b Bjorn Fortuin,True,True
90554,2023-24,2024-03-31 12:00,1,BOL,LIONS,Boland Park,9766,Mgijima,4,9,14,0,0,b Nqaba Peter,False,False
90554,2023-24,2024-03-31 12:00,1,BOL,LIONS,Boland Park,15123,Michael Copeland,5,17,18,1,0,c Van Buuren b Nqaba Peter,False,False
90554,2023-24,2024-03-31 12:00,1,BOL,LIONS,Boland Park,10194,Ferisco Adams,6,37,36,2,2,c Van Buuren b Wiaan Mulder,False,False
90554,2023-24,2024-03-31 12:00,1,BOL,LIONS,Boland Park,9764,Jonker,7,2,3,0,0,b Evan Jones,False,False
90554,2023-24,2024-03-31 12:00,1,BOL,LIONS,Boland Park,9736,von Berg,8,2,4,0,0,b Wiaan Mulder,False,False
90554,2023-24,2024-03-31 12:00,1,BOL,LIONS,Boland Park,14687,Imran Manack,9,9,9,0,0,not out,False,False
90554,2023-24,2024-03-31 12:00,1,BOL,LIONS,Boland Park,14516,Glenton Stuurman,10,3,4,0,0,not out,False,False
90554,2023-24,2024-03-31 12:00,1,BOL,LIONS,Boland Park,13066,Akhona Mnyaka,11,0,0,0,0,,False,False
90554,2023-24,2024-03-31 12:00,2,LIONS,BOL,Boland Park,13070,Ryan Rickelton,1,23,30,2,0,c Keegan Petersen b von Berg,False,True
90554,2023-24,2024-03-31 12:00,2,LIONS,BOL,Boland Park,9491,Reeza Hendricks,2,53,47,1,2,not out,False,False
90554,2023-24,2024-03-31 12:00,2,LIONS,BOL,Boland Park,20308,Evan Jones,3,43,27,3,2,not out,False,False
90554,2023-24,2024-03-31 12:00,2,LIONS,BOL,Boland Park,9554,Rassie van der Dussen,4,0,0,0,0,,False,False
90554,2023-24,2024-03-31 12:00,2,LIONS,BOL,Boland Park,8583,Temba Bavuma,5,0,0,0,0,,False,False
90554,2023-24,2024-03-31 12:00,2,LIONS,BOL,Boland Park,19057,Mitchell Van Buuren,6,0,0,0,0,,False,False
90554,2023-24,2024-03-31 12:00,2,LIONS,BOL,Boland Park,11200,Wiaan Mulder,7,0,0,0,0,,False,False
90554,2023-24,2024-03-31 12:00,2,LIONS,BOL,Boland Park,10676,Bjorn Fortuin,8,0,0,0,0,,True,False
90554,2023-24,2024-03-31 12:00,2,LIONS,BOL,Boland Park,24546,Codi Yusuf,9,0,0,0,0,,False,False
90554,2023-24,2024-03-31 12:00,2,LIONS,BOL,Boland Park,11208,Lutho Sipamla,10,0,0,0,0,,False,False
90554,2023-24,2024-03-31 12:00,2,LIONS,BOL,Boland Park,20428,Nqaba Peter,11,0,0,0,0,,False,False
90561,2023-24,2024-04-01 08:00,1,DOL,KZNIN,North-West University No1 Ground,14586,Bryce Parsons,1,1,8,0,0,c Nofal b Budaza,False,False
90561,2023-24,2024-04-01 08:00,1,DOL,KZNIN,North-West University No1 Ground,14187,Roelofsen,2,6,12,1,0,c Tian Koekemoer b Budaza,False,True
90561,2023-24,2024-04-01 08:00,1,DOL,KZNIN,North-West University No1 Ground,7668,Smuts,3,0,2,0,0,c Tian Koekemoer b Budaza,False,False
90561,2023-24,2024-04-01 08:00,1,DOL,KZNIN,North-West University No1 Ground,12188,MJ Ackerman,4,54,36,6,1,c Rapulana b Thando Ntini,False,False
90561,2023-24,2024-04-01 08:00,1,DOL,KZNIN,North-West University No1 Ground,9724,Zondo,5,21,20,3,0,c Erlank b Thando Ntini,False,False
90561,2023-24,2024-04-01 08:00,1,DOL,KZNIN,North-West University No1 Ground,9587,J Smith,6,3,4,0,0,c Keith Dudgeon b Smangaliso Nhlebela,False,False
90561,2023-24,2024-04-01 08:00,1,DOL,KZNIN,North-West University No1 Ground,9601,Phehlukwayo,7,30,22,3,2,not out,False,False
90561,2023-24,2024-04-01 08:00,1,DOL,KZNIN,North-West University No1 Ground,18687,Simelane,8,0,2,0,0,c Erlank b Smangaliso Nhlebela,False,False
90561,2023-24,2024-04-01 08:00,1,DOL,KZNIN,North-West University No1 Ground,8530,Subrayen,9,28,15,2,2,not out,True,False
90561,2023-24,2024-04-01 08:00,1,DOL,KZNIN,North-West University No1 Ground,13100,Ottniel Baartman,10,0,0,0,0,,False,False
90561,2023-24,2024-04-01 08:00,1,DOL,KZNIN,North-West University No1 Ground,50972,Tristan Luus,11,0,0,0,0,,False,False
90561,2023-24,2024-04-01 08:00,2,KZNIN,DOL,North-West University No1 Ground,11435,Kagiso Rapulana,1,43,45,5,0,c Roelofsen b Tristan Luus,False,False
90561,2023-24,2024-04-01 08:00,2,KZNIN,DOL,North-West University No1 Ground,9719,Cameron Delport,2,5,5,1,0,c MJ Ackerman b Subrayen,False,False
90561,2023-24,2024-04-01 08:00,2,KZNIN,DOL,North-West University No1 Ground,16631,Tian Koekemoer,3,26,27,2,0,c Roelofsen b Tristan Luus,False,False
90561,2023-24,2024-04-01 08:00,2,KZNIN,DOL,North-West University No1 Ground,12592,Keith Dudgeon,4,35,23,1,3,c MJ Ackerman b Phehlukwayo,False,False
90561,2023-24,2024-04-01 08:00,2,KZNIN,DOL,North-West University No1 Ground,9822,Malcolm Nofal,5,11,9,1,0,run out (Tristan Luus),False,False
90561,2023-24,2024-04-01 08:00,2,KZNIN,DOL,North-West University No1 Ground,9703,Michael Erlank,6,2,4,0,0,not out,True,False
90561,2023-24,2024-04-01 08:00,2,KZNIN,DOL,North-West University No1 Ground,13324,Thando Ntini,7,7,7,0,0,not out,False,False
90561,2023-24,2024-04-01 08:00,2,KZNIN,DOL,North-West University No1 Ground,20357,Cameron Shekleton,8,0,0,0,0,,False,False
90561,2023-24,2024-04-01 08:00,2,KZNIN,DOL,North-West University No1 Ground,53419,Ntando Zuma,9,0,0,0,0,,False,True
90561,2023-24,2024-04-01 08:00,2,KZNIN,DOL,North-West University No1 Ground,10993,Mbulelo Budaza,10,0,0,0,0,,False,False
90561,2023-24,2024-04-01 08:00,2,KZNIN,DOL,North-West University No1 Ground,13099,Smangaliso Nhlebela,11,0,0,0,0,,False,False
90575,2023-24,2024-04-03 16:00,1,LIONS,WPR,Newlands,13070,Rickelton,1,73,46,5,4,c Parnell b George Linde,False,True
90575,2023-24,2024-04-03 16:00,1,LIONS,WPR,Newlands,9491,Reeza Hendricks,2,90,49,5,6,c Juan James b B Hendricks,False,False
90575,2023-24,2024-04-03 16:00,1,LIONS,WPR,Newlands,9554,van der Dussen,3,29,18,0,3,not out,False,False
90575,2023-24,2024-04-03 16:00,1,LIONS,WPR,Newlands,14566,Delano Potgieter,4,14,7,2,0,not out,False,False
90575,2023-24,2024-04-03 16:00,1,LIONS,WPR,Newlands,10973,Zubayr Hamza,5,0,0,0,0,,False,False
90575,2023-24,2024-04-03 16:00,1,LIONS,WPR,Newlands,11200,Wiaan Mulder,6,0,0,0,0,,False,False
90575,2023-24,2024-04-03 16:00,1,LIONS,WPR,Newlands,20308,Evan Jones,7,0,0,0,0,,False,False
90575,2023-24,2024-04-03 16:00,1,LIONS,WPR,Newlands,10676,Bjorn Fortuin,8,0,0,0,0,,True,False
90575,2023-24,2024-04-03 16:00,1,LIONS,WPR,Newlands,10679,Tshepo Moreki,9,0,0,0,0,,False,False
90575,2023-24,2024-04-03 16:00,1,LIONS,WPR,Newlands,11208,Sipamla,10,0,0,0,0,,False,False
90575,2023-24,2024-04-03 16:00,1,LIONS,WPR,Newlands,20428,Nqaba Peter,11,0,0,0,0,,False,False
90575,2023-24,2024-04-03 16:00,2,WPR,LIONS,Newlands,14582,Jonathan Bird,1,2,7,0,0,c Evan Jones b Sipamla,False,False
90575,2023-24,2024-04-03 16:00,2,WPR,LIONS,Newlands,9763,Edward Moore,2,7,5,1,0,c Bjorn Fortuin b Tshepo Moreki,False,False
90575,2023-24,2024-04-03 16:00,2,WPR,LIONS,Newlands,1692,Wayne Parnell,3,8,8,2,0,c Nqaba Peter b Sipamla,False,False
90575,2023-24,2024-04-03 16:00,2,WPR,LIONS,Newlands,11209,Kyle Verreynne,4,21,20,1,0,c Wiaan Mulder b Nqaba Peter,True,True
90575,2023-24,2024-04-03 16:00,2,WPR,LIONS,Newlands,50976,Sello Valentine Kitime,5,10,7,0,1,b Sipamla,False,False
90575,2023-24,2024-04-03 16:00,2,WPR,LIONS,Newlands,10187,George Linde,6,10,14,0,1,c van der Dussen b Evan Jones,False,False
90575,2023-24,2024-04-03 16:00,2,WPR,LIONS,Newlands,12223,Kyle Simmonds,7,3,7,0,0,b Nqaba Peter,False,False
90575,2023-24,2024-04-03 16:00,2,WPR,LIONS,Newlands,31972,Juan James,8,1,6,0,0,b Bjorn Fortuin,False,False
90575,2023-24,2024-04-03 16:00,2,WPR,LIONS,Newlands,14429,Onke Nyaku,9,5,5,0,0,c Tshepo Moreki b Nqaba Peter,False,False
90575,2023-24,2024-04-03 16:00,2,WPR,LIONS,Newlands,9490,Beuran Hendricks,10,9,7,1,0,not out,False,False
90575,2023-24,2024-04-03 16:00,2,WPR,LIONS,Newlands,13151,Mthiwekhaya Nabe,11,0,1,0,0,b Nqaba Peter,False,False
90585,2023-24,2024-04-05 16:00,1,KZNIN,BOL,Boland Park,11435,Rapulana,1,15,17,1,0,b von Berg,False,False
90585,2023-24,2024-04-05 16:00,1,KZNIN,BOL,Boland Park,9719,Delport,2,1,4,0,0,b Imran Manack,False,False
90585,2023-24,2024-04-05 16:00,1,KZNIN,BOL,Boland Park,20357,Shekleton,3,35,45,0,0,c von Berg b Imran Manack,False,True
90585,2023-24,2024-04-05 16:00,1,KZNIN,BOL,Boland Park,16631,Tian Koekemoer,4,1,3,0,0,c Michael Copeland b von Berg,False,False
90585,2023-24,2024-04-05 16:00,1,KZNIN,BOL,Boland Park,9703,Erlank,5,4,6,0,0,c Janneman Malan b Mahima,True,False
90585,2023-24,2024-04-05 16:00,1,KZNIN,BOL,Boland Park,9822,Nofal,6,8,9,0,0,run out (Janneman Malan),False,False
90585,2023-24,2024-04-05 16:00,1,KZNIN,BOL,Boland Park,12592,Keith Dudgeon,7,4,8,0,0,b Adrian du Toit,False,False
90585,2023-24,2024-04-05 16:00,1,KZNIN,BOL,Boland Park,22061,Alindile Mhletywa,8,17,20,0,0,run out (Imran Manack),False,False
90585,2023-24,2024-04-05 16:00,1,KZNIN,BOL,Boland Park,13324,Thando Ntini,9,2,3,0,0,b Imran Manack,False,False
90585,2023-24,2024-04-05 16:00,1,KZNIN,BOL,Boland Park,13099,Smangaliso Nhlebela,10,3,4,0,0,not out,False,False
90585,2023-24,2024-04-05 16:00,1,KZNIN,BOL,Boland Park,10993,Budaza,11,1,1,0,0,run out (Fortuin),False,False
90585,2023-24,2024-04-05 16:00,2,BOL,KZNIN,Boland Park,13067,Janneman Malan,1,1,5,0,0,c Shekleton b Budaza,False,False
90585,2023-24,2024-04-05 16:00,2,BOL,KZNIN,Boland Park,1423931,Adrian du Toit,2,24,23,4,0,run out (Erlank),False,False
90585,2023-24,2024-04-05 16:00,2,BOL,KZNIN,Boland Park,9580,Clyde Fortuin,3,1,2,0,0,b Budaza,True,True
90585,2023-24,2024-04-05 16:00,2,BOL,KZNIN,Boland Park,9766,Aviwe Mgijima,4,12,10,2,0,b Budaza,False,False
90585,2023-24,2024-04-05 16:00,2,BOL,KZNIN,Boland Park,15123,Michael Copeland,5,8,4,1,0,lbw b Keith Dudgeon,False,False
90585,2023-24,2024-04-05 16:00,2,BOL,KZNIN,Boland Park,10194,Ferisco Adams,6,21,19,2,0,run out (Shekleton),False,False
90585,2023-24,2024-04-05 16:00,2,BOL,KZNIN,Boland Park,9764,Christiaan Jonker,7,10,12,1,0,not out,False,False
90585,2023-24,2024-04-05 16:00,2,BOL,KZNIN,Boland Park,9736,Shaun von Berg,8,13,19,2,0,not out,False,False
90585,2023-24,2024-04-05 16:00,2,BOL,KZNIN,Boland Park,14687,Imran Manack,9,0,0,0,0,,False,False
90585,2023-24,2024-04-05 16:00,2,BOL,KZNIN,Boland Park,14516,Glenton Stuurman,10,0,0,0,0,,False,False
90585,2023-24,2024-04-05 16:00,2,BOL,KZNIN,Boland Park,19058,Siyabonga Mahima,11,0,0,0,0,,False,False
90592,2023-24,2024-04-05 16:00,1,TIT,WAR,St George's Park,50545,Lhuan-dre Pretorius,1,4,7,0,0,c Breetzke b Beyers Swanepoel,False,True
90592,2023-24,2024-04-05 16:00,1,TIT,WAR,St George's Park,53415,Steve Stolk,2,8,7,2,0,c Jordan Hermann b Beyers Swanepoel,False,False
90592,2023-24,2024-04-05 16:00,1,TIT,WAR,St George's Park,11206,Rivaldo Moonsamy,3,34,14,4,2,c Andile Mogakane b Beyers Swanepoel,False,False
90592,2023-24,2024-04-05 16:00,1,TIT,WAR,St George's Park,9801,Makhanya,4,60,48,4,1,c Jordan Hermann b Beyers Swanepoel,False,False
90592,2023-24,2024-04-05 16:00,1,TIT,WAR,St George's Park,14308,Neil Brand,5,11,11,0,0,c Andile Mogakane b Shimane Mothoa,False,False
90592,2023-24,2024-04-05 16:00,1,TIT,WAR,St George's Park,9581,D Galiem,6,0,1,0,0,c and b Shimane Mothoa,False,False
90592,2023-24,2024-04-05 16:00,1,TIT,WAR,St George's Park,9576,Corbin Bosch,7,5,8,0,0,c Shimane Mothoa b Heerden,False,False
90592,2023-24,2024-04-05 16:00,1,TIT,WAR,St George's Park,7649,Phangiso,8,28,18,1,2,lbw b Beyers Swanepoel,True,False
90592,2023-24,2024-04-05 16:00,1,TIT,WAR,St George's Park,8531,Williams,9,2,6,0,0,not out,False,False
90592,2023-24,2024-04-05 16:00,1,TIT,WAR,St George's Park,9603,Lungi Ngidi,10,2,2,0,0,run out (Qeshile),False,False
90592,2023-24,2024-04-05 16:00,1,TIT,WAR,St George's Park,10173,Shamsi,11,0,0,0,0,,False,False
90592,2023-24,2024-04-05 16:00,2,WAR,TIT,St George's Park,13101,Jiveshan Pillay,1,9,10,2,0,c Lhuan-dre Pretorius b Williams,False,False
90592,2023-24,2024-04-05 16:00,2,WAR,TIT,St George's Park,13089,Matthew Breetzke,2,25,17,1,2,c D Galiem b Neil Brand,True,False
90592,2023-24,2024-04-05 16:00,2,WAR,TIT,St George's Park,53450,Andile Mogakane,3,33,36,2,1,b Corbin Bosch,False,False
90592,2023-24,2024-04-05 16:00,2,WAR,TIT,St George's Park,21386,Jordan Hermann,4,32,25,4,0,c Neil Brand b Corbin Bosch,False,False
90592,2023-24,2024-04-05 16:00,2,WAR,TIT,St George's Park,13667,Sinethemba Qeshile,5,8,8,1,0,c Shamsi b D Galiem,False,True
90592,2023-24,2024-04-05 16:00,2,WAR,TIT,St George's Park,11902,Patrick Kruger,6,5,7,0,0,c Steve Stolk b Corbin Bosch,False,False
90592,2023-24,2024-04-05 16:00,2,WAR,TIT,St George's Park,16433,Beyers Swanepoel,7,22,15,2,0,not out,False,False
90592,2023-24,2024-04-05 16:00,2,WAR,TIT,St George's Park,41704,JP King,8,1,2,0,0,c (sub)Tladi Bokako b Williams,False,False
90592,2023-24,2024-04-05 16:00,2,WAR,TIT,St George's Park,20372,Nealan van Heerden,9,1,1,0,0,not out,False,False
90592,2023-24,2024-04-05 16:00,2,WAR,TIT,St George's Park,9714,Siya Simetu,10,0,0,0,0,,False,False
90592,2023-24,2024-04-05 16:00,2,WAR,TIT,St George's Park,12587,Shimane Alfred Mothoa,11,0,0,0,0,,False,False
90596,2023-24,2024-04-05 16:00,1,DOL,LIONS,The Wanderers Stadium,14586,Bryce Parsons,1,36,13,5,2,lbw b Codi Yusuf,False,False
90596,2023-24,2024-04-05 16:00,1,DOL,LIONS,The Wanderers Stadium,14187,Roelofsen,2,27,16,3,1,c Reeza Hendricks b Codi Yusuf,False,True
90596,2023-24,2024-04-05 16:00,1,DOL,LIONS,The Wanderers Stadium,12188,MJ Ackerman,3,8,10,0,0,c Nqaba Peter b Bjorn Fortuin,False,False
90596,2023-24,2024-04-05 16:00,1,DOL,LIONS,The Wanderers Stadium,9601,Phehlukwayo,4,0,1,0,0,run out (Bavuma),False,False
90596,2023-24,2024-04-05 16:00,1,DOL,LIONS,The Wanderers Stadium,9587,J Smith,5,10,8,1,0,c Bjorn Fortuin b Evan Jones,False,False
90596,2023-24,2024-04-05 16:00,1,DOL,LIONS,The Wanderers Stadium,7668,Smuts,6,8,3,2,0,not out,False,False
90596,2023-24,2024-04-05 16:00,1,DOL,LIONS,The Wanderers Stadium,9724,Zondo,7,2,2,0,0,c Reeza Hendricks b Codi Yusuf,False,False
90596,2023-24,2024-04-05 16:00,1,DOL,LIONS,The Wanderers Stadium,13098,Eathan Bosch,8,0,1,0,0,not out,False,False
90596,2023-24,2024-04-05 16:00,1,DOL,LIONS,The Wanderers Stadium,8530,Subrayen,9,0,0,0,0,,True,False
90596,2023-24,2024-04-05 16:00,1,DOL,LIONS,The Wanderers Stadium,13100,Ottniel Baartman,10,0,0,0,0,,False,False
90596,2023-24,2024-04-05 16:00,1,DOL,LIONS,The Wanderers Stadium,12191,Okuhle Cele,11,0,0,0,0,,False,False
90596,2023-24,2024-04-05 16:00,2,LIONS,DOL,The Wanderers Stadium,13070,Ryan Rickelton,1,53,23,4,4,not out,False,True
90596,2023-24,2024-04-05 16:00,2,LIONS,DOL,The Wanderers Stadium,9491,Reeza Hendricks,2,18,9,1,1,c J Smith b Subrayen,False,False
90596,2023-24,2024-04-05 16:00,2,LIONS,DOL,The Wanderers Stadium,9554,Rassie van der Dussen,3,14,13,1,0,c Roelofsen b Ottniel Baartman,False,False
90596,2023-24,2024-04-05 16:00,2,LIONS,DOL,The Wanderers Stadium,20308,Evan Jones,4,5,4,0,0,c J Smith b Phehlukwayo,False,False
90596,2023-24,2024-04-05 16:00,2,LIONS,DOL,The Wanderers Stadium,8583,Temba Bavuma,5,2,1,0,0,not out,False,False
90596,2023-24,2024-04-05 16:00,2,LIONS,DOL,The Wanderers Stadium,19057,Mitchell Van Buuren,6,0,0,0,0,,False,False
90596,2023-24,2024-04-05 16:00,2,LIONS,DOL,The Wanderers Stadium,14566,Delano Potgieter,7,0,0,0,0,,False,False
90596,2023-24,2024-04-05 16:00,2,LIONS,DOL,The Wanderers Stadium,10676,Bjorn Fortuin,8,0,0,0,0,,True,False
90596,2023-24,2024-04-05 16:00,2,LIONS,DOL,The Wanderers Stadium,24546,Codi Yusuf,9,0,0,0,0,,False,False
90596,2023-24,2024-04-05 16:00,2,LIONS,DOL,The Wanderers Stadium,11208,Lutho Sipamla,10,0,0,0,0,,False,False
90596,2023-24,2024-04-05 16:00,2,LIONS,DOL,The Wanderers Stadium,20428,Nqaba Peter,11,0,0,0,0,,False,False
90603,2023-24,2024-04-07 11:00,1,TIT,KZNIN,City Oval,50545,Lhuan-dre Pretorius,1,58,43,10,0,c Thamsanqa Kumalo b Alindile Mhletywa,False,True
90603,2023-24,2024-04-07 11:00,1,TIT,KZNIN,City Oval,53415,Steve Stolk,2,22,15,3,1,b Thando Ntini,False,False
90603,2023-24,2024-04-07 11:00,1,TIT,KZNIN,City Oval,11206,Rivaldo Moonsamy,3,7,10,1,0,c and b Mannikam,False,False
90603,2023-24,2024-04-07 11:00,1,TIT,KZNIN,City Oval,9801,Makhanya,4,28,14,5,0,c Keith Dudgeon b Mannikam,False,False
90603,2023-24,2024-04-07 11:00,1,TIT,KZNIN,City Oval,14308,Neil Brand,5,32,22,2,1,not out,False,False
90603,2023-24,2024-04-07 11:00,1,TIT,KZNIN,City Oval,9581,D Galiem,6,0,1,0,0,c and b Mannikam,False,False
90603,2023-24,2024-04-07 11:00,1,TIT,KZNIN,City Oval,9576,Corbin Bosch,7,0,5,0,0,c Keith Dudgeon b Budaza,False,False
90603,2023-24,2024-04-07 11:00,1,TIT,KZNIN,City Oval,7649,Phangiso,8,13,11,1,0,not out,True,False
90603,2023-24,2024-04-07 11:00,1,TIT,KZNIN,City Oval,8531,Williams,9,0,0,0,0,,False,False
90603,2023-24,2024-04-07 11:00,1,TIT,KZNIN,City Oval,10173,Shamsi,10,0,0,0,0,,False,False
90603,2023-24,2024-04-07 11:00,1,TIT,KZNIN,City Oval,9603,Lungi Ngidi,11,0,0,0,0,,False,False
90603,2023-24,2024-04-07 11:00,2,KZNIN,TIT,City Oval,11435,Kagiso Rapulana,1,19,18,3,0,run out (Steve Stolk),False,False
90603,2023-24,2024-04-07 11:00,2,KZNIN,TIT,City Oval,9719,Cameron Delport,2,83,49,5,6,not out,False,False
90603,2023-24,2024-04-07 11:00,2,KZNIN,TIT,City Oval,20357,Cameron Shekleton,3,15,16,2,0,c Neil Brand b D Galiem,False,True
90603,2023-24,2024-04-07 11:00,2,KZNIN,TIT,City Oval,12592,Keith Dudgeon,4,28,19,0,3,c Lungi Ngidi b D Galiem,False,False
90603,2023-24,2024-04-07 11:00,2,KZNIN,TIT,City Oval,9703,Michael Erlank,5,6,5,1,0,c Lhuan-dre Pretorius b Lungi Ngidi,True,False
90603,2023-24,2024-04-07 11:00,2,KZNIN,TIT,City Oval,51711,Thamsanqa Kumalo,6,1,1,0,0,not out,False,False
90603,2023-24,2024-04-07 11:00,2,KZNIN,TIT,City Oval,9822,Malcolm Nofal,7,0,0,0,0,,False,False
90603,2023-24,2024-04-07 11:00,2,KZNIN,TIT,City Oval,22061,Alindile Mhletywa,8,0,0,0,0,,False,False
90603,2023-24,2024-04-07 11:00,2,KZNIN,TIT,City Oval,13324,Thando Ntini,9,0,0,0,0,,False,False
90603,2023-24,2024-04-07 11:00,2,KZNIN,TIT,City Oval,10993,Mbulelo Budaza,10,0,0,0,0,,False,False
90603,2023-24,2024-04-07 11:00,2,KZNIN,TIT,City Oval,20348,Kurtlyn Mannikam,11,0,0,0,0,,False,False
90617,2023-24,2024-04-07 12:00,1,DOL,NWEST,North-West University No1 Ground,9724,Zondo,1,8,7,1,0,b Mungroo,False,False
90617,2023-24,2024-04-07 12:00,1,DOL,NWEST,North-West University No1 Ground,14187,Roelofsen,2,1,4,0,0,b Migael Pretorius,False,True
90617,2023-24,2024-04-07 12:00,1,DOL,NWEST,North-West University No1 Ground,7668,Smuts,3,2,6,0,0,c Rubin Hermann b Migael Pretorius,False,False
90617,2023-24,2024-04-07 12:00,1,DOL,NWEST,North-West University No1 Ground,12188,MJ Ackerman,4,72,46,6,2,not out,False,False
90617,2023-24,2024-04-07 12:00,1,DOL,NWEST,North-West University No1 Ground,9587,J Smith,5,9,7,2,0,c van Tonder b Ruan de Swardt,False,False
90617,2023-24,2024-04-07 12:00,1,DOL,NWEST,North-West University No1 Ground,9601,Phehlukwayo,6,0,8,0,0,lbw b Wihan Lubbe,False,False
90617,2023-24,2024-04-07 12:00,1,DOL,NWEST,North-West University No1 Ground,18687,Simelane,7,2,3,0,0,c (sub)Bamanye Xenxe b Ruan de Swardt,False,False
90617,2023-24,2024-04-07 12:00,1,DOL,NWEST,North-West University No1 Ground,8530,Subrayen,8,0,2,0,0,c Wihan Lubbe b Ruan de Swardt,True,False
90617,2023-24,2024-04-07 12:00,1,DOL,NWEST,North-West University No1 Ground,13098,Eathan Bosch,9,66,38,6,1,c Ruan de Swardt b Migael Pretorius,False,False
90617,2023-24,2024-04-07 12:00,1,DOL,NWEST,North-West University No1 Ground,12191,Okuhle Cele,10,0,0,0,0,,False,False
90617,2023-24,2024-04-07 12:00,1,DOL,NWEST,North-West University No1 Ground,13100,Ottniel Baartman,11,0,0,0,0,,False,False
90617,2023-24,2024-04-07 12:00,2,NWEST,DOL,North-West University No1 Ground,14797,Rubin Hermann,1,14,11,0,1,c Eathan Bosch b Okuhle Cele,False,True
90617,2023-24,2024-04-07 12:00,2,NWEST,DOL,North-West University No1 Ground,31951,Meeka eel Prince,2,21,18,2,1,lbw b Eathan Bosch,False,False
90617,2023-24,2024-04-07 12:00,2,NWEST,DOL,North-West University No1 Ground,11497,Wihan Lubbe,3,9,8,0,0,run out (Zondo),False,False
90617,2023-24,2024-04-07 12:00,2,NWEST,DOL,North-West University No1 Ground,13317,Raynard van Tonder,4,37,34,2,0,run out (Zondo),False,False
90617,2023-24,2024-04-07 12:00,2,NWEST,DOL,North-West University No1 Ground,9735,Lesiba Ngoepe,5,16,15,1,0,c Roelofsen b Subrayen,False,False
90617,2023-24,2024-04-07 12:00,2,NWEST,DOL,North-West University No1 Ground,11432,Senuran Muthusamy,6,25,13,3,1,c (sub)Sarel Erwee b Okuhle Cele,True,False
90617,2023-24,2024-04-07 12:00,2,NWEST,DOL,North-West University No1 Ground,15852,Ruan de Swardt,7,5,7,0,0,c Eathan Bosch b Okuhle Cele,False,False
90617,2023-24,2024-04-07 12:00,2,NWEST,DOL,North-West University No1 Ground,13069,Migael Pretorius,8,0,3,0,0,c Smuts b Ottniel Baartman,False,False
90617,2023-24,2024-04-07 12:00,2,NWEST,DOL,North-West University No1 Ground,20526,Caleb Seleka,9,18,10,1,1,b Ottniel Baartman,False,False
90617,2023-24,2024-04-07 12:00,2,NWEST,DOL,North-West University No1 Ground,13150,Kerwin Mungroo,10,1,1,0,0,not out,False,False
90617,2023-24,2024-04-07 12:00,2,NWEST,DOL,North-West University No1 Ground,51046,Irvin Modimokoane,11,0,0,0,0,,False,False
90620,2023-24,2024-04-10 16:00,1,DOL,TIT,Kingsmead,9724,Zondo,1,21,16,3,1,b Wiese,False,False
90620,2023-24,2024-04-10 16:00,1,DOL,TIT,Kingsmead,14187,Roelofsen,2,13,16,2,0,lbw b Wiese,False,True
90620,2023-24,2024-04-10 16:00,1,DOL,TIT,Kingsmead,7668,Smuts,3,0,2,0,0,lbw b Wiese,False,False
90620,2023-24,2024-04-10 16:00,1,DOL,TIT,Kingsmead,12188,MJ Ackerman,4,9,11,1,0,run out (Rivaldo Moonsamy),False,False
90620,2023-24,2024-04-10 16:00,1,DOL,TIT,Kingsmead,9587,J Smith,5,28,37,0,0,not out,False,False
90620,2023-24,2024-04-10 16:00,1,DOL,TIT,Kingsmead,14586,Bryce Parsons,6,21,21,1,0,b Wiese,False,False
90620,2023-24,2024-04-10 16:00,1,DOL,TIT,Kingsmead,9601,Phehlukwayo,7,9,9,1,0,b Wiese,False,False
90620,2023-24,2024-04-10 16:00,1,DOL,TIT,Kingsmead,13098,Eathan Bosch,8,14,8,2,0,not out,False,False
90620,2023-24,2024-04-10 16:00,1,DOL,TIT,Kingsmead,8530,Subrayen,9,0,0,0,0,,True,False
90620,2023-24,2024-04-10 16:00,1,DOL,TIT,Kingsmead,12191,Okuhle Cele,10,0,0,0,0,,False,False
90620,2023-24,2024-04-10 16:00,1,DOL,TIT,Kingsmead,13100,Ottniel Baartman,11,0,0,0,0,,False,False
90620,2023-24,2024-04-10 16:00,2,TIT,DOL,Kingsmead,53415,Steve Stolk,1,4,7,1,0,b Subrayen,False,False
90620,2023-24,2024-04-10 16:00,2,TIT,DOL,Kingsmead,50545,Lhuan-dre Pretorius,2,15,22,1,0,b Phehlukwayo,False,True
90620,2023-24,2024-04-10 16:00,2,TIT,DOL,Kingsmead,11206,Rivaldo Moonsamy,3,0,0,0,0,st Roelofsen b Subrayen,False,False
90620,2023-24,2024-04-10 16:00,2,TIT,DOL,Kingsmead,9801,Sibonelo Makhanya,4,17,14,2,0,lbw b Smuts,False,False
90620,2023-24,2024-04-10 16:00,2,TIT,DOL,Kingsmead,14308,Neil Brand,5,15,19,0,0,c Okuhle Cele b Smuts,False,False
90620,2023-24,2024-04-10 16:00,2,TIT,DOL,Kingsmead,9581,Dayyaan Galiem,6,17,22,1,0,c Bryce Parsons b Ottniel Baartman,False,False
90620,2023-24,2024-04-10 16:00,2,TIT,DOL,Kingsmead,8589,David Wiese,7,8,4,0,1,not out,False,False
90620,2023-24,2024-04-10 16:00,2,TIT,DOL,Kingsmead,9576,Corbin Bosch,8,18,8,0,2,not out,False,False
90620,2023-24,2024-04-10 16:00,2,TIT,DOL,Kingsmead,7649,Aaron Phangiso,9,0,0,0,0,,True,False
90620,2023-24,2024-04-10 16:00,2,TIT,DOL,Kingsmead,10173,Tabraiz Shamsi,10,0,0,0,0,,False,False
90620,2023-24,2024-04-10 16:00,2,TIT,DOL,Kingsmead,9603,Lungi Ngidi,11,0,0,0,0,,False,False
90624,2023-24,2024-04-12 11:30,1,WAR,KZNIN,City Oval,13101,Jiveshan Pillay,1,21,27,2,1,c Mannikam b Nipper,False,False
90624,2023-24,2024-04-12 11:30,1,WAR,KZNIN,City Oval,13089,Breetzke,2,72,41,1,7,c and b Mannikam,True,False
90624,2023-24,2024-04-12 11:30,1,WAR,KZNIN,City Oval,21386,Jordan Hermann,3,21,21,1,0,c and b Mannikam,False,False
90624,2023-24,2024-04-12 11:30,1,WAR,KZNIN,City Oval,41704,JP King,4,15,12,0,1,c Nipper b Thando Ntini,False,False
90624,2023-24,2024-04-12 11:30,1,WAR,KZNIN,City Oval,16433,Beyers Swanepoel,5,10,8,0,1,c Mannikam b Budaza,False,False
90624,2023-24,2024-04-12 11:30,1,WAR,KZNIN,City Oval,11902,Patrick Kruger,6,6,7,1,0,not out,False,False
90624,2023-24,2024-04-12 11:30,1,WAR,KZNIN,City Oval,13667,Qeshile,7,14,5,1,1,not out,False,True
90624,2023-24,2024-04-12 11:30,1,WAR,KZNIN,City Oval,53450,Andile Mogakane,8,0,0,0,0,,False,False
90624,2023-24,2024-04-12 11:30,1,WAR,KZNIN,City Oval,20372,Heerden,9,0,0,0,0,,False,False
90624,2023-24,2024-04-12 11:30,1,WAR,KZNIN,City Oval,9714,Simetu,10,0,0,0,0,,False,False
90624,2023-24,2024-04-12 11:30,1,WAR,KZNIN,City Oval,12587,Shimane Mothoa,11,0,0,0,0,,False,False
90624,2023-24,2024-04-12 11:30,2,KZNIN,WAR,City Oval,11435,Kagiso Rapulana,1,11,9,2,0,c Heerden b Beyers Swanepoel,False,False
90624,2023-24,2024-04-12 11:30,2,KZNIN,WAR,City Oval,9719,Cameron Delport,2,29,17,2,2,c Jiveshan Pillay b Shimane Mothoa,False,False
90624,2023-24,2024-04-12 11:30,2,KZNIN,WAR,City Oval,20357,Cameron Shekleton,3,8,13,0,0,c Qeshile b Heerden,False,True
90624,2023-24,2024-04-12 11:30,2,KZNIN,WAR,City Oval,51711,Thamsanqa Kumalo,4,13,13,1,0,b Heerden,False,False
90624,2023-24,2024-04-12 11:30,2,KZNIN,WAR,City Oval,9703,Michael Erlank,5,18,23,1,0,c (sub)Renaldo Meyer b Patrick Kruger,True,False
90624,2023-24,2024-04-12 11:30,2,KZNIN,WAR,City Oval,12592,Keith Dudgeon,6,14,10,1,1,run out (Jordan Hermann/Qeshile),False,False
90624,2023-24,2024-04-12 11:30,2,KZNIN,WAR,City Oval,9779,Kyle Nipper,7,5,7,0,0,c (sub)Renaldo Meyer b Heerden,False,False
90624,2023-24,2024-04-12 11:30,2,KZNIN,WAR,City Oval,22061,Alindile Mhletywa,8,16,14,1,1,run out (Heerden),False,False
90624,2023-24,2024-04-12 11:30,2,KZNIN,WAR,City Oval,20348,Kurtlyn Mannikam,9,10,8,1,0,not out,False,False
90624,2023-24,2024-04-12 11:30,2,KZNIN,WAR,City Oval,13324,Thando Ntini,10,1,5,0,0,c Breetzke b Beyers Swanepoel,False,False
90624,2023-24,2024-04-12 11:30,2,KZNIN,WAR,City Oval,10993,Mbulelo Budaza,11,1,2,0,0,not out,False,False
90631,2023-24,2024-04-12 16:00,1,BOL,TIT,SuperSport Park,9580,Fortuin,1,45,24,3,4,c Makhanya b Neil Brand,True,True
90631,2023-24,2024-04-12 16:00,1,BOL,TIT,SuperSport Park,1423931,Adrian du Toit,2,0,0,0,0,run out (Rivaldo Moonsamy),False,False
90631,2023-24,2024-04-12 16:00,1,BOL,TIT,SuperSport Park,9736,von Berg,3,8,9,0,1,c (sub)Jack Lees b Wiese,False,False
90631,2023-24,2024-04-12 16:00,1,BOL,TIT,SuperSport Park,9766,Mgijima,4,0,5,0,0,b Wiese,False,False
90631,2023-24,2024-04-12 16:00,1,BOL,TIT,SuperSport Park,15123,Michael Copeland,5,8,4,0,1,c Lhuan-dre Pretorius b Junior Dala,False,False
90631,2023-24,2024-04-12 16:00,1,BOL,TIT,SuperSport Park,10194,Ferisco Adams,6,1,3,0,0,c D Galiem b Junior Dala,False,False
90631,2023-24,2024-04-12 16:00,1,BOL,TIT,SuperSport Park,9764,Jonker,7,4,5,0,0,b Shamsi,False,False
90631,2023-24,2024-04-12 16:00,1,BOL,TIT,SuperSport Park,9493,Viljoen,8,9,11,1,0,c Steve Stolk b Lungi Ngidi,False,False
90631,2023-24,2024-04-12 16:00,1,BOL,TIT,SuperSport Park,14687,Imran Manack,9,14,23,0,0,c Lungi Ngidi b Corbin Bosch,False,False
90631,2023-24,2024-04-12 16:00,1,BOL,TIT,SuperSport Park,14516,Glenton Stuurman,10,20,25,2,0,c Wiese b Lungi Ngidi,False,False
90631,2023-24,2024-04-12 16:00,1,BOL,TIT,SuperSport Park,13066,Akhona Mnyaka,11,0,0,0,0,not out,False,False
90631,2023-24,2024-04-12 16:00,2,TIT,BOL,SuperSport Park,50545,Lhuan-dre Pretorius,1,29,29,4,0,c Mgijima b von Berg,False,True
90631,2023-24,2024-04-12 16:00,2,TIT,BOL,SuperSport Park,11206,Rivaldo Moonsamy,2,8,9,1,0,c von Berg b Imran Manack,False,False
90631,2023-24,2024-04-12 16:00,2,TIT,BOL,SuperSport Park,53415,Steve Stolk,3,0,3,0,0,c Adrian du Toit b Glenton Stuurman,False,False
90631,2023-24,2024-04-12 16:00,2,TIT,BOL,SuperSport Park,9801,Sibonelo Makhanya,4,50,25,4,4,not out,False,False
90631,2023-24,2024-04-12 16:00,2,TIT,BOL,SuperSport Park,9581,Dayyaan Galiem,5,29,12,2,2,c Michael Copeland b Glenton Stuurman,False,False
90631,2023-24,2024-04-12 16:00,2,TIT,BOL,SuperSport Park,8589,David Wiese,6,1,1,0,0,not out,False,False
90631,2023-24,2024-04-12 16:00,2,TIT,BOL,SuperSport Park,14308,Neil Brand,7,0,0,0,0,,True,False
90631,2023-24,2024-04-12 16:00,2,TIT,BOL,SuperSport Park,9576,Corbin Bosch,8,0,0,0,0,,False,False
90631,2023-24,2024-04-12 16:00,2,TIT,BOL,SuperSport Park,10175,Junior Dala,9,0,0,0,0,,False,False
90631,2023-24,2024-04-12 16:00,2,TIT,BOL,SuperSport Park,10173,Tabraiz Shamsi,10,0,0,0,0,,False,False
90631,2023-24,2024-04-12 16:00,2,TIT,BOL,SuperSport Park,9603,Lungi Ngidi,11,0,0,0,0,,False,False
90634,2023-24,2024-04-12 16:00,1,NWEST,WPR,North-West University No1 Ground,14797,Rubin Hermann,1,30,27,2,0,st Verreynne b Juan James,False,True
90634,2023-24,2024-04-12 16:00,1,NWEST,WPR,North-West University No1 Ground,31951,Meeka eel Prince,2,18,19,1,1,c Juan James b Nabe,False,False
90634,2023-24,2024-04-12 16:00,1,NWEST,WPR,North-West University No1 Ground,9735,Ngoepe,3,17,13,2,0,c Jonathan Bird b George Linde,False,False
90634,2023-24,2024-04-12 16:00,1,NWEST,WPR,North-West University No1 Ground,11497,Wihan Lubbe,4,14,8,2,0,c Nabe b George Linde,False,False
90634,2023-24,2024-04-12 16:00,1,NWEST,WPR,North-West University No1 Ground,13317,van Tonder,5,39,29,1,0,not out,False,False
90634,2023-24,2024-04-12 16:00,1,NWEST,WPR,North-West University No1 Ground,11432,Senuran Muthusamy,6,14,12,0,1,c and b Kyle Simmonds,True,False
90634,2023-24,2024-04-12 16:00,1,NWEST,WPR,North-West University No1 Ground,15852,Ruan de Swardt,7,8,7,1,0,c Moore b B Hendricks,False,False
90634,2023-24,2024-04-12 16:00,1,NWEST,WPR,North-West University No1 Ground,20417,Bamanye Xenxe,8,0,2,0,0,b Nabe,False,False
90634,2023-24,2024-04-12 16:00,1,NWEST,WPR,North-West University No1 Ground,20526,Caleb Seleka,9,2,3,0,0,lbw b Kyle Simmonds,False,False
90634,2023-24,2024-04-12 16:00,1,NWEST,WPR,North-West University No1 Ground,13150,Mungroo,10,1,1,0,0,not out,False,False
90634,2023-24,2024-04-12 16:00,1,NWEST,WPR,North-West University No1 Ground,20432,Gideon Peters,11,0,0,0,0,,False,False
90634,2023-24,2024-04-12 16:00,2,WPR,NWEST,North-West University No1 Ground,9763,Edward Moore,1,47,40,4,1,c Gideon Peters b Senuran Muthusamy,False,False
90634,2023-24,2024-04-12 16:00,2,WPR,NWEST,North-West University No1 Ground,11196,Tony de Zorzi,2,2,6,0,0,lbw b Mungroo,False,False
90634,2023-24,2024-04-12 16:00,2,WPR,NWEST,North-West University No1 Ground,11209,Kyle Verreynne,3,5,11,0,0,c Senuran Muthusamy b Gideon Peters,True,True
90634,2023-24,2024-04-12 16:00,2,WPR,NWEST,North-West University No1 Ground,14582,Jonathan Bird,4,0,1,0,0,lbw b Gideon Peters,False,False
90634,2023-24,2024-04-12 16:00,2,WPR,NWEST,North-West University No1 Ground,50976,Sello Valentine Kitime,5,33,28,2,1,c Ruan de Swardt b Gideon Peters,False,False
90634,2023-24,2024-04-12 16:00,2,WPR,NWEST,North-West University No1 Ground,10187,George Linde,6,20,13,2,2,c Senuran Muthusamy b Ruan de Swardt,False,False
90634,2023-24,2024-04-12 16:00,2,WPR,NWEST,North-West University No1 Ground,31972,Juan James,7,29,17,2,2,not out,False,False
90634,2023-24,2024-04-12 16:00,2,WPR,NWEST,North-West University No1 Ground,12223,Kyle Simmonds,8,2,4,0,0,not out,False,False
90634,2023-24,2024-04-12 16:00,2,WPR,NWEST,North-West University No1 Ground,9490,Beuran Hendricks,9,0,0,0,0,,False,False
90634,2023-24,2024-04-12 16:00,2,WPR,NWEST,North-West University No1 Ground,53454,Wesley Bedja,10,0,0,0,0,,False,False
90634,2023-24,2024-04-12 16:00,2,WPR,NWEST,North-West University No1 Ground,13151,Mthiwekhaya Nabe,11,0,0,0,0,,False,False
90652,2023-24,2024-04-14 12:00,1,KZNIN,TIT,SuperSport Park,11435,Rapulana,1,20,16,0,2,c Jack Lees b Wiese,False,False
90652,2023-24,2024-04-14 12:00,1,KZNIN,TIT,SuperSport Park,9719,Delport,2,9,8,2,0,c Shamsi b Lungi Ngidi,False,False
90652,2023-24,2024-04-14 12:00,1,KZNIN,TIT,SuperSport Park,20357,Shekleton,3,11,21,1,0,c Lungi Ngidi b D Galiem,False,True
90652,2023-24,2024-04-14 12:00,1,KZNIN,TIT,SuperSport Park,51711,Thamsanqa Kumalo,4,4,4,1,0,lbw b Lungi Ngidi,False,False
90652,2023-24,2024-04-14 12:00,1,KZNIN,TIT,SuperSport Park,9703,Erlank,5,28,20,1,2,c Lhuan-dre Pretorius b Wiese,True,False
90652,2023-24,2024-04-14 12:00,1,KZNIN,TIT,SuperSport Park,12592,Keith Dudgeon,6,14,6,2,1,b Wiese,False,False
90652,2023-24,2024-04-14 12:00,1,KZNIN,TIT,SuperSport Park,9779,Nipper,7,19,17,3,0,b Corbin Bosch,False,False
90652,2023-24,2024-04-14 12:00,1,KZNIN,TIT,SuperSport Park,20348,Mannikam,8,18,20,3,0,b Corbin Bosch,False,False
90652,2023-24,2024-04-14 12:00,1,KZNIN,TIT,SuperSport Park,13324,Thando Ntini,9,5,4,1,0,c Makhanya b D Galiem,False,False
90652,2023-24,2024-04-14 12:00,1,KZNIN,TIT,SuperSport Park,10993,Budaza,10,0,1,0,0,not out,False,False
90652,2023-24,2024-04-14 12:00,1,KZNIN,TIT,SuperSport Park,15919,Mondli Khumalo,11,0,1,0,0,c Lhuan-dre Pretorius b D Galiem,False,False
90652,2023-24,2024-04-14 12:00,2,TIT,KZNIN,SuperSport Park,50545,Lhuan-dre Pretorius,1,15,8,3,0,c Shekleton b Thando Ntini,False,True
90652,2023-24,2024-04-14 12:00,2,TIT,KZNIN,SuperSport Park,11206,Rivaldo Moonsamy,2,90,41,11,5,not out,False,False
90652,2023-24,2024-04-14 12:00,2,TIT,KZNIN,SuperSport Park,15920,Jack Lees,3,9,8,2,0,b Thando Ntini,False,False
90652,2023-24,2024-04-14 12:00,2,TIT,KZNIN,SuperSport Park,9801,Sibonelo Makhanya,4,21,18,2,0,not out,False,False
90652,2023-24,2024-04-14 12:00,2,TIT,KZNIN,SuperSport Park,14308,Neil Brand,5,0,0,0,0,,True,False
90652,2023-24,2024-04-14 12:00,2,TIT,KZNIN,SuperSport Park,8589,David Wiese,6,0,0,0,0,,False,False
90652,2023-24,2024-04-14 12:00,2,TIT,KZNIN,SuperSport Park,9581,Dayyaan Galiem,7,0,0,0,0,,False,False
90652,2023-24,2024-04-14 12:00,2,TIT,KZNIN,SuperSport Park,9576,Corbin Bosch,8,0,0,0,0,,False,False
90652,2023-24,2024-04-14 12:00,2,TIT,KZNIN,SuperSport Park,10175,Junior Dala,9,0,0,0,0,,False,False
90652,2023-24,2024-04-14 12:00,2,TIT,KZNIN,SuperSport Park,9603,Lungi Ngidi,10,0,0,0,0,,False,False
90652,2023-24,2024-04-14 12:00,2,TIT,KZNIN,SuperSport Park,10173,Tabraiz Shamsi,11,0,0,0,0,,False,False
90645,2023-24,2024-04-14 12:00,1,NWEST,LIONS,The Wanderers Stadium,14797,Rubin Hermann,1,3,12,0,0,c Bavuma b Wiaan Mulder,False,True
90645,2023-24,2024-04-14 12:00,1,NWEST,LIONS,The Wanderers Stadium,31951,Meeka eel Prince,2,1,4,0,0,c Bjorn Fortuin b Wiaan Mulder,False,False
90645,2023-24,2024-04-14 12:00,1,NWEST,LIONS,The Wanderers Stadium,9735,Ngoepe,3,9,14,0,0,c Van Buuren b Sipamla,False,False
90645,2023-24,2024-04-14 12:00,1,NWEST,LIONS,The Wanderers Stadium,11497,Wihan Lubbe,4,22,14,1,2,c Connor Esterhuizen b Sipamla,False,False
90645,2023-24,2024-04-14 12:00,1,NWEST,LIONS,The Wanderers Stadium,13317,van Tonder,5,12,12,1,0,b Nqaba Peter,False,False
90645,2023-24,2024-04-14 12:00,1,NWEST,LIONS,The Wanderers Stadium,11432,Senuran Muthusamy,6,6,11,0,0,c Connor Esterhuizen b Nqaba Peter,True,False
90645,2023-24,2024-04-14 12:00,1,NWEST,LIONS,The Wanderers Stadium,15852,Ruan de Swardt,7,7,8,1,0,c Nqaba Peter b Evan Jones,False,False
90645,2023-24,2024-04-14 12:00,1,NWEST,LIONS,The Wanderers Stadium,20417,Bamanye Xenxe,8,8,8,0,0,lbw b Bjorn Fortuin,False,False
90645,2023-24,2024-04-14 12:00,1,NWEST,LIONS,The Wanderers Stadium,20526,Caleb Seleka,9,0,1,0,0,b Nqaba Peter,False,False
90645,2023-24,2024-04-14 12:00,1,NWEST,LIONS,The Wanderers Stadium,13150,Mungroo,10,9,20,1,0,b Codi Yusuf,False,False
90645,2023-24,2024-04-14 12:00,1,NWEST,LIONS,The Wanderers Stadium,20432,Gideon Peters,11,4,7,0,0,not out,False,False
90645,2023-24,2024-04-14 12:00,2,LIONS,NWEST,The Wanderers Stadium,10973,Zubayr Hamza,1,41,28,6,1,not out,False,False
90645,2023-24,2024-04-14 12:00,2,LIONS,NWEST,The Wanderers Stadium,24622,Connor Esterhuizen,2,41,28,4,2,not out,False,False
90645,2023-24,2024-04-14 12:00,2,LIONS,NWEST,The Wanderers Stadium,13070,Ryan Rickelton,3,0,0,0,0,,False,True
90645,2023-24,2024-04-14 12:00,2,LIONS,NWEST,The Wanderers Stadium,8583,Temba Bavuma,4,0,0,0,0,,False,False
90645,2023-24,2024-04-14 12:00,2,LIONS,NWEST,The Wanderers Stadium,19057,Mitchell Van Buuren,5,0,0,0,0,,False,False
90645,2023-24,2024-04-14 12:00,2,LIONS,NWEST,The Wanderers Stadium,11200,Wiaan Mulder,6,0,0,0,0,,False,False
90645,2023-24,2024-04-14 12:00,2,LIONS,NWEST,The Wanderers Stadium,20308,Evan Jones,7,0,0,0,0,,False,False
90645,2023-24,2024-04-14 12:00,2,LIONS,NWEST,The Wanderers Stadium,10676,Bjorn Fortuin,8,0,0,0,0,,True,False
90645,2023-24,2024-04-14 12:00,2,LIONS,NWEST,The Wanderers Stadium,24546,Codi Yusuf,9,0,0,0,0,,False,False
90645,2023-24,2024-04-14 12:00,2,LIONS,NWEST,The Wanderers Stadium,11208,Lutho Sipamla,10,0,0,0,0,,False,False
90645,2023-24,2024-04-14 12:00,2,LIONS,NWEST,The Wanderers Stadium,20428,Nqaba Peter,11,0,0,0,0,,False,False
90641,2023-24,2024-04-14 12:00,1,WPR,DOL,Newlands,9763,Moore,1,19,14,2,1,c Subrayen b Eathan Bosch,False,False
90641,2023-24,2024-04-14 12:00,1,WPR,DOL,Newlands,11196,Tony de Zorzi,2,22,15,1,2,c MJ Ackerman b Dupavillon,False,False
90641,2023-24,2024-04-14 12:00,1,WPR,DOL,Newlands,14582,Jonathan Bird,3,15,13,1,0,c MJ Ackerman b Simelane,False,False
90641,2023-24,2024-04-14 12:00,1,WPR,DOL,Newlands,11209,Verreynne,4,8,12,0,0,c MJ Ackerman b Smuts,True,True
90641,2023-24,2024-04-14 12:00,1,WPR,DOL,Newlands,31972,Juan James,5,1,5,0,0,c J Smith b Simelane,False,False
90641,2023-24,2024-04-14 12:00,1,WPR,DOL,Newlands,10187,George Linde,6,0,1,0,0,c and b Simelane,False,False
90641,2023-24,2024-04-14 12:00,1,WPR,DOL,Newlands,14429,Nyaku,7,4,5,1,0,c Eathan Bosch b Smuts,False,False
90641,2023-24,2024-04-14 12:00,1,WPR,DOL,Newlands,12223,Kyle Simmonds,8,3,7,0,0,st Roelofsen b Subrayen,False,False
90641,2023-24,2024-04-14 12:00,1,WPR,DOL,Newlands,9490,B Hendricks,9,8,16,0,0,b Subrayen,False,False
90641,2023-24,2024-04-14 12:00,1,WPR,DOL,Newlands,53454,Wesley Bedja,10,1,7,0,0,c MJ Ackerman b Subrayen,False,False
90641,2023-24,2024-04-14 12:00,1,WPR,DOL,Newlands,13151,Nabe,11,3,7,0,0,not out,False,False
90641,2023-24,2024-04-14 12:00,2,DOL,WPR,Newlands,9724,Khaya Zondo,1,35,23,3,3,c Verreynne b B Hendricks,False,False
90641,2023-24,2024-04-14 12:00,2,DOL,WPR,Newlands,14187,Grant Roelofsen,2,21,19,2,0,c Moore b Wesley Bedja,False,True
90641,2023-24,2024-04-14 12:00,2,DOL,WPR,Newlands,7668,JJ Smuts,3,16,16,1,0,not out,False,False
90641,2023-24,2024-04-14 12:00,2,DOL,WPR,Newlands,12188,Marques Ackerman,4,17,9,2,0,not out,False,False
90641,2023-24,2024-04-14 12:00,2,DOL,WPR,Newlands,9587,Jason Smith,5,0,0,0,0,,False,False
90641,2023-24,2024-04-14 12:00,2,DOL,WPR,Newlands,10687,Tshepang Dithole,6,0,0,0,0,,False,False
90641,2023-24,2024-04-14 12:00,2,DOL,WPR,Newlands,13098,Eathan Bosch,7,0,0,0,0,,False,False
90641,2023-24,2024-04-14 12:00,2,DOL,WPR,Newlands,18687,Andile Simelane,8,0,0,0,0,,False,False
90641,2023-24,2024-04-14 12:00,2,DOL,WPR,Newlands,8530,Prenelan Subrayen,9,0,0,0,0,,True,False
90641,2023-24,2024-04-14 12:00,2,DOL,WPR,Newlands,10079,Daryn Dupavillon,10,0,0,0,0,,False,False
90641,2023-24,2024-04-14 12:00,2,DOL,WPR,Newlands,12191,Okuhle Cele,11,0,0,0,0,,False,False
90659,2023-24,2024-04-14 16:00,1,WAR,BOL,Boland Park,13101,Jiveshan Pillay,1,0,1,0,0,c and b Glenton Stuurman,False,False
90659,2023-24,2024-04-14 16:00,1,WAR,BOL,Boland Park,13089,Breetzke,2,48,34,3,3,b Mahima,True,False
90659,2023-24,2024-04-14 16:00,1,WAR,BOL,Boland Park,21386,Jordan Hermann,3,26,29,2,0,c Mgijima b Jonker,False,False
90659,2023-24,2024-04-14 16:00,1,WAR,BOL,Boland Park,53450,Andile Mogakane,4,0,1,0,0,c Ferisco Adams b Jonker,False,False
90659,2023-24,2024-04-14 16:00,1,WAR,BOL,Boland Park,13667,Qeshile,5,13,15,0,0,lbw b von Berg,False,True
90659,2023-24,2024-04-14 16:00,1,WAR,BOL,Boland Park,41704,JP King,6,20,16,2,0,c Michael Copeland b Adrian du Toit,False,False
90659,2023-24,2024-04-14 16:00,1,WAR,BOL,Boland Park,16433,Beyers Swanepoel,7,6,8,0,0,c Ferisco Adams b Mahima,False,False
90659,2023-24,2024-04-14 16:00,1,WAR,BOL,Boland Park,20566,Liam Alder,8,7,11,0,0,b Ferisco Adams,False,False
90659,2023-24,2024-04-14 16:00,1,WAR,BOL,Boland Park,20287,Renaldo Meyer,9,3,4,0,0,not out,False,False
90659,2023-24,2024-04-14 16:00,1,WAR,BOL,Boland Park,9714,Simetu,10,2,1,0,0,not out,False,False
90659,2023-24,2024-04-14 16:00,1,WAR,BOL,Boland Park,12587,Shimane Mothoa,11,0,0,0,0,,False,False
90659,2023-24,2024-04-14 16:00,2,BOL,WAR,Boland Park,9580,Clyde Fortuin,1,21,20,0,2,b Simetu,True,True
90659,2023-24,2024-04-14 16:00,2,BOL,WAR,Boland Park,1423931,Adrian du Toit,2,0,1,0,0,b Beyers Swanepoel,False,False
90659,2023-24,2024-04-14 16:00,2,BOL,WAR,Boland Park,9736,Shaun von Berg,3,29,22,3,1,c and b Simetu,False,False
90659,2023-24,2024-04-14 16:00,2,BOL,WAR,Boland Park,10178,Keegan Petersen,4,33,22,2,1,c Simetu b Beyers Swanepoel,False,False
90659,2023-24,2024-04-14 16:00,2,BOL,WAR,Boland Park,9766,Aviwe Mgijima,5,29,24,2,1,c Liam Alder b Shimane Mothoa,False,False
90659,2023-24,2024-04-14 16:00,2,BOL,WAR,Boland Park,10194,Ferisco Adams,6,1,2,0,0,not out,False,False
90659,2023-24,2024-04-14 16:00,2,BOL,WAR,Boland Park,15123,Michael Copeland,7,1,2,0,0,not out,False,False
90659,2023-24,2024-04-14 16:00,2,BOL,WAR,Boland Park,9764,Christiaan Jonker,8,0,0,0,0,,False,False
90659,2023-24,2024-04-14 16:00,2,BOL,WAR,Boland Park,14687,Imran Manack,9,0,0,0,0,,False,False
90659,2023-24,2024-04-14 16:00,2,BOL,WAR,Boland Park,14516,Glenton Stuurman,10,0,0,0,0,,False,False
90659,2023-24,2024-04-14 16:00,2,BOL,WAR,Boland Park,19058,Siyabonga Mahima,11,0,0,0,0,,False,False
90666,2023-24,2024-04-17 11:00,1,KZNIN,BOL,City Oval,11435,Rapulana,1,1,5,0,0,b Glenton Stuurman,False,False
90666,2023-24,2024-04-17 11:00,1,KZNIN,BOL,City Oval,9719,Delport,2,3,4,0,0,c Adrian du Toit b Imran Manack,False,False
90666,2023-24,2024-04-17 11:00,1,KZNIN,BOL,City Oval,20357,Shekleton,3,2,2,0,0,c and b Imran Manack,False,False
90666,2023-24,2024-04-17 11:00,1,KZNIN,BOL,City Oval,53419,Ntando Zuma,4,21,21,4,0,c Glenton Stuurman b Mahima,False,True
90666,2023-24,2024-04-17 11:00,1,KZNIN,BOL,City Oval,9779,Nipper,5,36,29,4,1,run out (Keegan Petersen),False,False
90666,2023-24,2024-04-17 11:00,1,KZNIN,BOL,City Oval,9703,Erlank,6,32,32,0,2,b Gqamane,True,False
90666,2023-24,2024-04-17 11:00,1,KZNIN,BOL,City Oval,12592,Keith Dudgeon,7,4,7,0,0,c Adrian du Toit b Mahima,False,False
90666,2023-24,2024-04-17 11:00,1,KZNIN,BOL,City Oval,13099,Smangaliso Nhlebela,8,1,3,0,0,c Fortuin b Mahima,False,False
90666,2023-24,2024-04-17 11:00,1,KZNIN,BOL,City Oval,20348,Mannikam,9,5,8,0,0,st Fortuin b Adrian du Toit,False,False
90666,2023-24,2024-04-17 11:00,1,KZNIN,BOL,City Oval,13324,Thando Ntini,10,8,8,0,0,not out,False,False
90666,2023-24,2024-04-17 11:00,1,KZNIN,BOL,City Oval,10993,Budaza,11,1,1,0,0,not out,False,False
90666,2023-24,2024-04-17 11:00,2,BOL,KZNIN,City Oval,9580,Clyde Fortuin,1,7,4,1,0,c and b Budaza,True,True
90666,2023-24,2024-04-17 11:00,2,BOL,KZNIN,City Oval,1423931,Adrian du Toit,2,7,8,1,0,c Ntando Zuma b Budaza,False,False
90666,2023-24,2024-04-17 11:00,2,BOL,KZNIN,City Oval,9736,Shaun von Berg,3,37,48,1,1,not out,False,False
90666,2023-24,2024-04-17 11:00,2,BOL,KZNIN,City Oval,10178,Keegan Petersen,4,57,43,2,4,c Nipper b Mannikam,False,False
90666,2023-24,2024-04-17 11:00,2,BOL,KZNIN,City Oval,9766,Aviwe Mgijima,5,9,3,2,0,not out,False,False
90666,2023-24,2024-04-17 11:00,2,BOL,KZNIN,City Oval,9764,Christiaan Jonker,6,0,0,0,0,,False,False
90666,2023-24,2024-04-17 11:00,2,BOL,KZNIN,City Oval,10194,Ferisco Adams,7,0,0,0,0,,False,False
90666,2023-24,2024-04-17 11:00,2,BOL,KZNIN,City Oval,14687,Imran Manack,8,0,0,0,0,,False,False
90666,2023-24,2024-04-17 11:00,2,BOL,KZNIN,City Oval,9489,Ayabulela Gqamane,9,0,0,0,0,,False,False
90666,2023-24,2024-04-17 11:00,2,BOL,KZNIN,City Oval,14516,Glenton Stuurman,10,0,0,0,0,,False,False
90666,2023-24,2024-04-17 11:00,2,BOL,KZNIN,City Oval,19058,Siyabonga Mahima,11,0,0,0,0,,False,False
90669,2023-24,2024-04-17 16:00,1,LIONS,WAR,St George's Park,13070,Rickelton,1,52,38,4,2,c Andile Mogakane b Shimane Mothoa,False,True
90669,2023-24,2024-04-17 16:00,1,LIONS,WAR,St George's Park,9491,Reeza Hendricks,2,31,23,2,1,c Qeshile b Simetu,False,False
90669,2023-24,2024-04-17 16:00,1,LIONS,WAR,St George's Park,9554,van der Dussen,3,17,17,0,1,c Patrick Kruger b Heerden,False,False
90669,2023-24,2024-04-17 16:00,1,LIONS,WAR,St George's Park,8583,Bavuma,4,1,3,0,0,c Beyers Swanepoel b Shimane Mothoa,False,False
90669,2023-24,2024-04-17 16:00,1,LIONS,WAR,St George's Park,11200,Wiaan Mulder,5,7,11,0,0,c Qeshile b Heerden,False,False
90669,2023-24,2024-04-17 16:00,1,LIONS,WAR,St George's Park,19057,Van Buuren,6,8,8,1,0,c Liam Alder b Heerden,False,False
90669,2023-24,2024-04-17 16:00,1,LIONS,WAR,St George's Park,20308,Evan Jones,7,12,9,1,0,hit wkt b Beyers Swanepoel,False,False
90669,2023-24,2024-04-17 16:00,1,LIONS,WAR,St George's Park,10676,Bjorn Fortuin,8,7,6,1,0,c Breetzke b Heerden,True,False
90669,2023-24,2024-04-17 16:00,1,LIONS,WAR,St George's Park,11208,Sipamla,9,5,4,1,0,not out,False,False
90669,2023-24,2024-04-17 16:00,1,LIONS,WAR,St George's Park,20428,Nqaba Peter,10,1,1,0,0,run out (Breetzke),False,False
90669,2023-24,2024-04-17 16:00,1,LIONS,WAR,St George's Park,13629,Dawood,11,0,0,0,0,,False,False
90669,2023-24,2024-04-17 16:00,2,WAR,LIONS,St George's Park,13101,Jiveshan Pillay,1,7,12,0,0,lbw b Wiaan Mulder,False,False
90669,2023-24,2024-04-17 16:00,2,WAR,LIONS,St George's Park,13089,Matthew Breetzke,2,16,9,1,1,c Evan Jones b Sipamla,True,False
90669,2023-24,2024-04-17 16:00,2,WAR,LIONS,St George's Park,53450,Andile Mogakane,3,0,2,0,0,st Rickelton b Bjorn Fortuin,False,False
90669,2023-24,2024-04-17 16:00,2,WAR,LIONS,St George's Park,21386,Jordan Hermann,4,6,9,0,0,c and b Wiaan Mulder,False,False
90669,2023-24,2024-04-17 16:00,2,WAR,LIONS,St George's Park,13667,Sinethemba Qeshile,5,4,4,1,0,c Nqaba Peter b Evan Jones,False,True
90669,2023-24,2024-04-17 16:00,2,WAR,LIONS,St George's Park,11902,Patrick Kruger,6,3,6,0,0,b Dawood,False,False
90669,2023-24,2024-04-17 16:00,2,WAR,LIONS,St George's Park,16433,Beyers Swanepoel,7,22,21,1,1,c Wiaan Mulder b Evan Jones,False,False
90669,2023-24,2024-04-17 16:00,2,WAR,LIONS,St George's Park,20566,Liam Alder,8,19,21,1,0,c Bjorn Fortuin b Wiaan Mulder,False,False
90669,2023-24,2024-04-17 16:00,2,WAR,LIONS,St George's Park,20372,Nealan van Heerden,9,15,14,1,0,run out (Van Buuren),False,False
90669,2023-24,2024-04-17 16:00,2,WAR,LIONS,St George's Park,9714,Siya Simetu,10,8,16,0,0,c Van Buuren b Wiaan Mulder,False,False
90669,2023-24,2024-04-17 16:00,2,WAR,LIONS,St George's Park,12587,Shimane Alfred Mothoa,11,0,1,0,0,not out,False,False
90687,2023-24,2024-04-19 16:00,1,WAR,NWEST,North-West University No1 Ground,8528,Diego Rosier,1,4,6,0,0,lbw b Mungroo,False,False
90687,2023-24,2024-04-19 16:00,1,WAR,NWEST,North-West University No1 Ground,13089,Breetzke,2,45,35,3,3,st Meeka eel Prince b Caleb Seleka,True,False
90687,2023-24,2024-04-19 16:00,1,WAR,NWEST,North-West University No1 Ground,21386,Jordan Hermann,3,11,10,2,0,c Rubin Hermann b Duan Jansen,False,False
90687,2023-24,2024-04-19 16:00,1,WAR,NWEST,North-West University No1 Ground,11902,Patrick Kruger,4,0,2,0,0,c Wihan Lubbe b Gideon Peters,False,False
90687,2023-24,2024-04-19 16:00,1,WAR,NWEST,North-West University No1 Ground,13667,Qeshile,5,16,17,1,1,lbw b Senuran Muthusamy,False,True
90687,2023-24,2024-04-19 16:00,1,WAR,NWEST,North-West University No1 Ground,53450,Andile Mogakane,6,25,25,2,0,c Ngoepe b Gideon Peters,False,False
90687,2023-24,2024-04-19 16:00,1,WAR,NWEST,North-West University No1 Ground,41704,JP King,7,28,20,1,1,not out,False,False
90687,2023-24,2024-04-19 16:00,1,WAR,NWEST,North-West University No1 Ground,11203,Sean Whitehead,8,5,5,0,0,c Ngoepe b Gideon Peters,False,False
90687,2023-24,2024-04-19 16:00,1,WAR,NWEST,North-West University No1 Ground,9714,Simetu,9,1,1,0,0,not out,False,False
90687,2023-24,2024-04-19 16:00,1,WAR,NWEST,North-West University No1 Ground,20372,Heerden,10,0,0,0,0,,False,False
90687,2023-24,2024-04-19 16:00,1,WAR,NWEST,North-West University No1 Ground,12587,Shimane Mothoa,11,0,0,0,0,,False,False
90687,2023-24,2024-04-19 16:00,2,NWEST,WAR,North-West University No1 Ground,14797,Rubin Hermann,1,14,20,0,1,lbw b Sean Whitehead,False,False
90687,2023-24,2024-04-19 16:00,2,NWEST,WAR,North-West University No1 Ground,31951,Meeka eel Prince,2,22,16,3,1,lbw b Sean Whitehead,False,True
90687,2023-24,2024-04-19 16:00,2,NWEST,WAR,North-West University No1 Ground,13317,Raynard van Tonder,3,31,32,2,0,b Simetu,False,False
90687,2023-24,2024-04-19 16:00,2,NWEST,WAR,North-West University No1 Ground,9735,Lesiba Ngoepe,4,16,10,1,1,b JP King,False,False
90687,2023-24,2024-04-19 16:00,2,NWEST,WAR,North-West University No1 Ground,11497,Wihan Lubbe,5,39,25,1,3,not out,False,False
90687,2023-24,2024-04-19 16:00,2,NWEST,WAR,North-West University No1 Ground,11432,Senuran Muthusamy,6,14,9,0,1,not out,True,False
90687,2023-24,2024-04-19 16:00,2,NWEST,WAR,North-West University No1 Ground,20417,Bamanye Xenxe,7,0,0,0,0,,False,False
90687,2023-24,2024-04-19 16:00,2,NWEST,WAR,North-West University No1 Ground,18523,Duan Jansen,8,0,0,0,0,,False,False
90687,2023-24,2024-04-19 16:00,2,NWEST,WAR,North-West University No1 Ground,20526,Caleb Seleka,9,0,0,0,0,,False,False
90687,2023-24,2024-04-19 16:00,2,NWEST,WAR,North-West University No1 Ground,13150,Kerwin Mungroo,10,0,0,0,0,,False,False
90687,2023-24,2024-04-19 16:00,2,NWEST,WAR,North-West University No1 Ground,20432,Gideon Peters,11,0,0,0,0,,False,False
90683,2023-24,2024-04-19 16:00,1,LIONS,TIT,SuperSport Park,13070,Rickelton,1,7,6,1,0,c Lhuan-dre Pretorius b D Galiem,False,True
90683,2023-24,2024-04-19 16:00,1,LIONS,TIT,SuperSport Park,9491,Reeza Hendricks,2,48,35,5,1,lbw b Shamsi,False,False
90683,2023-24,2024-04-19 16:00,1,LIONS,TIT,SuperSport Park,9554,van der Dussen,3,6,7,1,0,lbw b Wiese,False,False
90683,2023-24,2024-04-19 16:00,1,LIONS,TIT,SuperSport Park,8583,Bavuma,4,21,13,2,1,c Shamsi b Lungi Ngidi,False,False
90683,2023-24,2024-04-19 16:00,1,LIONS,TIT,SuperSport Park,11200,Wiaan Mulder,5,25,22,1,0,c and b Corbin Bosch,False,False
90683,2023-24,2024-04-19 16:00,1,LIONS,TIT,SuperSport Park,14566,Delano Potgieter,6,21,15,1,2,run out (Lhuan-dre Pretorius),False,False
90683,2023-24,2024-04-19 16:00,1,LIONS,TIT,SuperSport Park,20308,Evan Jones,7,5,7,0,0,c Wiese b Lungi Ngidi,False,False
90683,2023-24,2024-04-19 16:00,1,LIONS,TIT,SuperSport Park,10676,Bjorn Fortuin,8,11,9,1,0,c D Galiem b Corbin Bosch,True,False
90683,2023-24,2024-04-19 16:00,1,LIONS,TIT,SuperSport Park,24546,Codi Yusuf,9,5,6,0,0,not out,False,False
90683,2023-24,2024-04-19 16:00,1,LIONS,TIT,SuperSport Park,10679,Tshepo Moreki,10,0,0,0,0,,False,False
90683,2023-24,2024-04-19 16:00,1,LIONS,TIT,SuperSport Park,20428,Nqaba Peter,11,0,0,0,0,,False,False
90683,2023-24,2024-04-19 16:00,2,TIT,LIONS,SuperSport Park,50545,Lhuan-dre Pretorius,1,29,29,5,0,c Evan Jones b Wiaan Mulder,False,True
90683,2023-24,2024-04-19 16:00,2,TIT,LIONS,SuperSport Park,11206,Rivaldo Moonsamy,2,24,15,3,1,run out (Rickelton),False,False
90683,2023-24,2024-04-19 16:00,2,TIT,LIONS,SuperSport Park,15920,Jack Lees,3,5,6,0,0,run out (Rickelton),False,False
90683,2023-24,2024-04-19 16:00,2,TIT,LIONS,SuperSport Park,9801,Sibonelo Makhanya,4,4,6,0,0,c Rickelton b Codi Yusuf,False,False
90683,2023-24,2024-04-19 16:00,2,TIT,LIONS,SuperSport Park,14308,Neil Brand,5,29,27,2,1,c Codi Yusuf b Evan Jones,True,False
90683,2023-24,2024-04-19 16:00,2,TIT,LIONS,SuperSport Park,9581,Dayyaan Galiem,6,26,12,3,2,b Nqaba Peter,False,False
90683,2023-24,2024-04-19 16:00,2,TIT,LIONS,SuperSport Park,8589,David Wiese,7,2,3,0,0,b Nqaba Peter,False,False
90683,2023-24,2024-04-19 16:00,2,TIT,LIONS,SuperSport Park,9576,Corbin Bosch,8,19,14,3,0,not out,False,False
90683,2023-24,2024-04-19 16:00,2,TIT,LIONS,SuperSport Park,10175,Junior Dala,9,8,5,2,0,c Codi Yusuf b Evan Jones,False,False
90683,2023-24,2024-04-19 16:00,2,TIT,LIONS,SuperSport Park,9603,Lungi Ngidi,10,2,3,0,0,not out,False,False
90683,2023-24,2024-04-19 16:00,2,TIT,LIONS,SuperSport Park,10173,Tabraiz Shamsi,11,0,0,0,0,,False,False
90680,2023-24,2024-04-19 16:00,1,KZNIN,DOL,Kingsmead,51711,Thamsanqa Kumalo,1,8,13,0,1,b Subrayen,False,False
90680,2023-24,2024-04-19 16:00,1,KZNIN,DOL,Kingsmead,9719,Delport,2,30,33,3,0,b Simelane,False,False
90680,2023-24,2024-04-19 16:00,1,KZNIN,DOL,Kingsmead,20357,Shekleton,3,0,2,0,0,c Roelofsen b Okuhle Cele,False,False
90680,2023-24,2024-04-19 16:00,1,KZNIN,DOL,Kingsmead,53419,Ntando Zuma,4,0,1,0,0,b Okuhle Cele,False,True
90680,2023-24,2024-04-19 16:00,1,KZNIN,DOL,Kingsmead,9779,Nipper,5,2,10,0,0,c Roelofsen b Simelane,False,False
90680,2023-24,2024-04-19 16:00,1,KZNIN,DOL,Kingsmead,9703,Erlank,6,29,29,2,1,c Tristan Luus b Simelane,True,False
90680,2023-24,2024-04-19 16:00,1,KZNIN,DOL,Kingsmead,12592,Keith Dudgeon,7,19,15,2,1,b Okuhle Cele,False,False
90680,2023-24,2024-04-19 16:00,1,KZNIN,DOL,Kingsmead,20348,Mannikam,8,3,4,0,0,run out (Roelofsen),False,False
90680,2023-24,2024-04-19 16:00,1,KZNIN,DOL,Kingsmead,13099,Smangaliso Nhlebela,9,0,2,0,0,b Tristan Luus,False,False
90680,2023-24,2024-04-19 16:00,1,KZNIN,DOL,Kingsmead,15919,Mondli Khumalo,10,0,0,0,0,not out,False,False
90680,2023-24,2024-04-19 16:00,1,KZNIN,DOL,Kingsmead,10993,Budaza,11,0,2,0,0,b Okuhle Cele,False,False
90680,2023-24,2024-04-19 16:00,2,DOL,KZNIN,Kingsmead,9724,Khaya Zondo,1,17,13,2,0,c Shekleton b Keith Dudgeon,False,False
90680,2023-24,2024-04-19 16:00,2,DOL,KZNIN,Kingsmead,14187,Grant Roelofsen,2,23,27,1,0,c Keith Dudgeon b Smangaliso Nhlebela,False,True
90680,2023-24,2024-04-19 16:00,2,DOL,KZNIN,Kingsmead,7668,JJ Smuts,3,49,35,5,2,not out,False,False
90680,2023-24,2024-04-19 16:00,2,DOL,KZNIN,Kingsmead,9587,Jason Smith,4,19,10,2,1,not out,False,False
90680,2023-24,2024-04-19 16:00,2,DOL,KZNIN,Kingsmead,12188,Marques Ackerman,5,0,0,0,0,,False,False
90680,2023-24,2024-04-19 16:00,2,DOL,KZNIN,Kingsmead,20518,Bradley Porteous,6,0,0,0,0,,False,False
90680,2023-24,2024-04-19 16:00,2,DOL,KZNIN,Kingsmead,9601,Andile Phehlukwayo,7,0,0,0,0,,False,False
90680,2023-24,2024-04-19 16:00,2,DOL,KZNIN,Kingsmead,18687,Andile Simelane,8,0,0,0,0,,False,False
90680,2023-24,2024-04-19 16:00,2,DOL,KZNIN,Kingsmead,8530,Prenelan Subrayen,9,0,0,0,0,,True,False
90680,2023-24,2024-04-19 16:00,2,DOL,KZNIN,Kingsmead,50972,Tristan Luus,10,0,0,0,0,,False,False
90680,2023-24,2024-04-19 16:00,2,DOL,KZNIN,Kingsmead,12191,Okuhle Cele,11,0,0,0,0,,False,False
90673,2023-24,2024-04-19 16:00,1,WPR,BOL,Boland Park,9763,Moore,1,9,10,1,0,b Imran Manack,False,False
90673,2023-24,2024-04-19 16:00,1,WPR,BOL,Boland Park,11196,Tony de Zorzi,2,23,18,4,0,b Glenton Stuurman,False,False
90673,2023-24,2024-04-19 16:00,1,WPR,BOL,Boland Park,14582,Jonathan Bird,3,11,15,0,0,b Mahima,False,False
90673,2023-24,2024-04-19 16:00,1,WPR,BOL,Boland Park,11209,Verreynne,4,77,42,5,5,not out,True,True
90673,2023-24,2024-04-19 16:00,1,WPR,BOL,Boland Park,10187,George Linde,5,34,27,2,1,b Ferisco Adams,False,False
90673,2023-24,2024-04-19 16:00,1,WPR,BOL,Boland Park,12223,Kyle Simmonds,6,14,8,0,1,not out,False,False
90673,2023-24,2024-04-19 16:00,1,WPR,BOL,Boland Park,50976,Valentine Kitime,7,0,0,0,0,,False,False
90673,2023-24,2024-04-19 16:00,1,WPR,BOL,Boland Park,31972,Juan James,8,0,0,0,0,,False,False
90673,2023-24,2024-04-19 16:00,1,WPR,BOL,Boland Park,14429,Nyaku,9,0,0,0,0,,False,False
90673,2023-24,2024-04-19 16:00,1,WPR,BOL,Boland Park,9490,B Hendricks,10,0,0,0,0,,False,False
90673,2023-24,2024-04-19 16:00,1,WPR,BOL,Boland Park,53454,Wesley Bedja,11,0,0,0,0,,False,False
90673,2023-24,2024-04-19 16:00,2,BOL,WPR,Boland Park,9580,Clyde Fortuin,1,8,7,2,0,c Nyaku b B Hendricks,True,True
90673,2023-24,2024-04-19 16:00,2,BOL,WPR,Boland Park,1423931,Adrian du Toit,2,10,9,2,0,c Verreynne b B Hendricks,False,False
90673,2023-24,2024-04-19 16:00,2,BOL,WPR,Boland Park,9489,Ayabulela Gqamane,3,1,3,0,0,c B Hendricks b George Linde,False,False
90673,2023-24,2024-04-19 16:00,2,BOL,WPR,Boland Park,10178,Keegan Petersen,4,11,18,1,0,b Nyaku,False,False
90673,2023-24,2024-04-19 16:00,2,BOL,WPR,Boland Park,10194,Ferisco Adams,5,34,23,0,3,c Juan James b Nyaku,False,False
90673,2023-24,2024-04-19 16:00,2,BOL,WPR,Boland Park,9766,Aviwe Mgijima,6,8,7,1,0,c Jonathan Bird b Wesley Bedja,False,False
90673,2023-24,2024-04-19 16:00,2,BOL,WPR,Boland Park,15123,Michael Copeland,7,0,1,0,0,b Nyaku,False,False
90673,2023-24,2024-04-19 16:00,2,BOL,WPR,Boland Park,9764,Christiaan Jonker,8,8,9,0,0,b B Hendricks,False,False
90673,2023-24,2024-04-19 16:00,2,BOL,WPR,Boland Park,14687,Imran Manack,9,8,8,1,0,b Kyle Simmonds,False,False
90673,2023-24,2024-04-19 16:00,2,BOL,WPR,Boland Park,14516,Glenton Stuurman,10,9,11,1,0,not out,False,False
90673,2023-24,2024-04-19 16:00,2,BOL,WPR,Boland Park,19058,Siyabonga Mahima,11,9,10,1,0,c Tony de Zorzi b Kyle Simmonds,False,False
90690,2023-24,2024-04-21 11:00,1,KZNIN,LIONS,City Oval,11435,Rapulana,1,14,16,1,0,c van der Dussen b Sipamla,False,False
90690,2023-24,2024-04-21 11:00,1,KZNIN,LIONS,City Oval,9719,Delport,2,8,7,1,0,c Reeza Hendricks b Delano Potgieter,False,False
90690,2023-24,2024-04-21 11:00,1,KZNIN,LIONS,City Oval,9779,Nipper,3,30,25,2,2,c Codi Yusuf b Nqaba Peter,False,False
90690,2023-24,2024-04-21 11:00,1,KZNIN,LIONS,City Oval,20357,Shekleton,4,42,36,3,2,c Codi Yusuf b Sipamla,False,False
90690,2023-24,2024-04-21 11:00,1,KZNIN,LIONS,City Oval,12592,Keith Dudgeon,5,0,1,0,0,lbw b Nqaba Peter,False,False
90690,2023-24,2024-04-21 11:00,1,KZNIN,LIONS,City Oval,53419,Ntando Zuma,6,0,5,0,0,b Nqaba Peter,False,True
90690,2023-24,2024-04-21 11:00,1,KZNIN,LIONS,City Oval,9703,Erlank,7,12,13,1,0,b Bjorn Fortuin,True,False
90690,2023-24,2024-04-21 11:00,1,KZNIN,LIONS,City Oval,20348,Mannikam,8,0,2,0,0,lbw b Bjorn Fortuin,False,False
90690,2023-24,2024-04-21 11:00,1,KZNIN,LIONS,City Oval,13099,Smangaliso Nhlebela,9,6,6,0,0,run out (Connor Esterhuizen),False,False
90690,2023-24,2024-04-21 11:00,1,KZNIN,LIONS,City Oval,13324,Thando Ntini,10,12,10,2,0,not out,False,False
90690,2023-24,2024-04-21 11:00,1,KZNIN,LIONS,City Oval,15919,Mondli Khumalo,11,0,0,0,0,not out,False,False
90690,2023-24,2024-04-21 11:00,2,LIONS,KZNIN,City Oval,10973,Zubayr Hamza,1,49,38,7,2,b Smangaliso Nhlebela,False,False
90690,2023-24,2024-04-21 11:00,2,LIONS,KZNIN,City Oval,9491,Reeza Hendricks,2,11,7,2,0,c Erlank b Keith Dudgeon,False,False
90690,2023-24,2024-04-21 11:00,2,LIONS,KZNIN,City Oval,8583,Temba Bavuma,3,0,6,0,0,c Shekleton b Keith Dudgeon,False,False
90690,2023-24,2024-04-21 11:00,2,LIONS,KZNIN,City Oval,9554,Rassie van der Dussen,4,51,35,2,3,not out,False,False
90690,2023-24,2024-04-21 11:00,2,LIONS,KZNIN,City Oval,19057,Mitchell Van Buuren,5,23,19,2,1,not out,False,False
90690,2023-24,2024-04-21 11:00,2,LIONS,KZNIN,City Oval,24622,Connor Esterhuizen,6,0,0,0,0,,False,True
90690,2023-24,2024-04-21 11:00,2,LIONS,KZNIN,City Oval,14566,Delano Potgieter,7,0,0,0,0,,False,False
90690,2023-24,2024-04-21 11:00,2,LIONS,KZNIN,City Oval,10676,Bjorn Fortuin,8,0,0,0,0,,True,False
90690,2023-24,2024-04-21 11:00,2,LIONS,KZNIN,City Oval,24546,Codi Yusuf,9,0,0,0,0,,False,False
90690,2023-24,2024-04-21 11:00,2,LIONS,KZNIN,City Oval,11208,Lutho Sipamla,10,0,0,0,0,,False,False
90690,2023-24,2024-04-21 11:00,2,LIONS,KZNIN,City Oval,20428,Nqaba Peter,11,0,0,0,0,,False,False
90697,2023-24,2024-04-21 12:00,1,WPR,TIT,Newlands,9763,Moore,1,4,6,0,0,c Jack Lees b Lungi Ngidi,False,False
90697,2023-24,2024-04-21 12:00,1,WPR,TIT,Newlands,11196,Tony de Zorzi,2,6,8,0,0,run out (Makhanya),False,False
90697,2023-24,2024-04-21 12:00,1,WPR,TIT,Newlands,14582,Jonathan Bird,3,16,27,0,0,st Lhuan-dre Pretorius b Shamsi,False,False
90697,2023-24,2024-04-21 12:00,1,WPR,TIT,Newlands,11209,Verreynne,4,48,31,3,3,lbw b Junior Dala,True,True
90697,2023-24,2024-04-21 12:00,1,WPR,TIT,Newlands,10187,George Linde,5,5,10,0,0,c Neil Brand b Corbin Bosch,False,False
90697,2023-24,2024-04-21 12:00,1,WPR,TIT,Newlands,50976,Valentine Kitime,6,3,5,0,0,c Neil Brand b Junior Dala,False,False
90697,2023-24,2024-04-21 12:00,1,WPR,TIT,Newlands,31972,Juan James,7,3,10,0,0,b Junior Dala,False,False
90697,2023-24,2024-04-21 12:00,1,WPR,TIT,Newlands,12223,Kyle Simmonds,8,14,10,2,0,c Wiese b Corbin Bosch,False,False
90697,2023-24,2024-04-21 12:00,1,WPR,TIT,Newlands,14429,Nyaku,9,1,5,0,0,c Lhuan-dre Pretorius b Corbin Bosch,False,False
90697,2023-24,2024-04-21 12:00,1,WPR,TIT,Newlands,9490,B Hendricks,10,6,7,0,0,not out,False,False
90697,2023-24,2024-04-21 12:00,1,WPR,TIT,Newlands,53454,Wesley Bedja,11,0,1,0,0,not out,False,False
90697,2023-24,2024-04-21 12:00,2,TIT,WPR,Newlands,50545,Lhuan-dre Pretorius,1,52,32,3,4,c B Hendricks b Kyle Simmonds,False,True
90697,2023-24,2024-04-21 12:00,2,TIT,WPR,Newlands,11206,Rivaldo Moonsamy,2,4,13,0,0,b Kyle Simmonds,False,False
90697,2023-24,2024-04-21 12:00,2,TIT,WPR,Newlands,15920,Jack Lees,3,19,11,4,0,b Wesley Bedja,False,False
90697,2023-24,2024-04-21 12:00,2,TIT,WPR,Newlands,9801,Sibonelo Makhanya,4,24,16,2,1,c B Hendricks b Nyaku,False,False
90697,2023-24,2024-04-21 12:00,2,TIT,WPR,Newlands,14308,Neil Brand,5,4,4,0,0,not out,True,False
90697,2023-24,2024-04-21 12:00,2,TIT,WPR,Newlands,9581,Dayyaan Galiem,6,5,4,1,0,not out,False,False
90697,2023-24,2024-04-21 12:00,2,TIT,WPR,Newlands,8589,David Wiese,7,0,0,0,0,,False,False
90697,2023-24,2024-04-21 12:00,2,TIT,WPR,Newlands,9576,Corbin Bosch,8,0,0,0,0,,False,False
90697,2023-24,2024-04-21 12:00,2,TIT,WPR,Newlands,10175,Junior Dala,9,0,0,0,0,,False,False
90697,2023-24,2024-04-21 12:00,2,TIT,WPR,Newlands,9603,Lungi Ngidi,10,0,0,0,0,,False,False
90697,2023-24,2024-04-21 12:00,2,TIT,WPR,Newlands,10173,Tabraiz Shamsi,11,0,0,0,0,,False,False
90704,2023-24,2024-04-21 12:00,1,WAR,DOL,St George's Park,13101,Jiveshan Pillay,1,0,8,0,0,b Dupavillon,False,False
90704,2023-24,2024-04-21 12:00,1,WAR,DOL,St George's Park,13089,Breetzke,2,7,6,1,0,c Smuts b Dupavillon,True,False
90704,2023-24,2024-04-21 12:00,1,WAR,DOL,St George's Park,53450,Andile Mogakane,3,5,5,1,0,lbw b Eathan Bosch,False,False
90704,2023-24,2024-04-21 12:00,1,WAR,DOL,St George's Park,21386,Jordan Hermann,4,65,53,4,2,c Simelane b Dupavillon,False,False
90704,2023-24,2024-04-21 12:00,1,WAR,DOL,St George's Park,41704,JP King,5,17,22,1,0,c and b Subrayen,False,False
90704,2023-24,2024-04-21 12:00,1,WAR,DOL,St George's Park,13667,Qeshile,6,17,16,1,0,c Smuts b Eathan Bosch,False,True
90704,2023-24,2024-04-21 12:00,1,WAR,DOL,St George's Park,11902,Patrick Kruger,7,12,7,1,0,c Simelane b Dupavillon,False,False
90704,2023-24,2024-04-21 12:00,1,WAR,DOL,St George's Park,11203,Sean Whitehead,8,1,1,0,0,not out,False,False
90704,2023-24,2024-04-21 12:00,1,WAR,DOL,St George's Park,9714,Simetu,9,0,2,0,0,b Dupavillon,False,False
90704,2023-24,2024-04-21 12:00,1,WAR,DOL,St George's Park,12587,Shimane Mothoa,10,0,0,0,0,,False,False
90704,2023-24,2024-04-21 12:00,1,WAR,DOL,St George's Park,20372,Heerden,11,0,0,0,0,,False,False
90704,2023-24,2024-04-21 12:00,2,DOL,WAR,St George's Park,9724,Khaya Zondo,1,7,8,1,0,c Sean Whitehead b Patrick Kruger,False,False
90704,2023-24,2024-04-21 12:00,2,DOL,WAR,St George's Park,14187,Grant Roelofsen,2,22,12,2,2,c Heerden b Simetu,False,True
90704,2023-24,2024-04-21 12:00,2,DOL,WAR,St George's Park,7668,JJ Smuts,3,43,45,2,2,not out,False,False
90704,2023-24,2024-04-21 12:00,2,DOL,WAR,St George's Park,12188,Marques Ackerman,4,12,13,0,1,c Jiveshan Pillay b JP King,False,False
90704,2023-24,2024-04-21 12:00,2,DOL,WAR,St George's Park,9587,Jason Smith,5,41,26,1,3,not out,False,False
90704,2023-24,2024-04-21 12:00,2,DOL,WAR,St George's Park,9601,Andile Phehlukwayo,6,0,0,0,0,,False,False
90704,2023-24,2024-04-21 12:00,2,DOL,WAR,St George's Park,10687,Tshepang Dithole,7,0,0,0,0,,False,False
90704,2023-24,2024-04-21 12:00,2,DOL,WAR,St George's Park,13098,Eathan Bosch,8,0,0,0,0,,False,False
90704,2023-24,2024-04-21 12:00,2,DOL,WAR,St George's Park,18687,Andile Simelane,9,0,0,0,0,,False,False
90704,2023-24,2024-04-21 12:00,2,DOL,WAR,St George's Park,8530,Prenelan Subrayen,10,0,0,0,0,,True,False
90704,2023-24,2024-04-21 12:00,2,DOL,WAR,St George's Park,10079,Daryn Dupavillon,11,0,0,0,0,,False,False
90708,2023-24,2024-04-21 12:00,1,BOL,NWEST,Boland Park,9580,Fortuin,1,51,32,4,4,b Bamanye Xenxe,True,True
90708,2023-24,2024-04-21 12:00,1,BOL,NWEST,Boland Park,1423931,Adrian du Toit,2,8,12,1,0,c Rubin Hermann b Mungroo,False,False
90708,2023-24,2024-04-21 12:00,1,BOL,NWEST,Boland Park,9736,von Berg,3,13,13,0,0,st Meeka eel Prince b Caleb Seleka,False,False
90708,2023-24,2024-04-21 12:00,1,BOL,NWEST,Boland Park,10178,Keegan Petersen,4,0,1,0,0,b Caleb Seleka,False,False
90708,2023-24,2024-04-21 12:00,1,BOL,NWEST,Boland Park,10194,Ferisco Adams,5,29,22,2,1,c Caleb Seleka b Duan Jansen,False,False
90708,2023-24,2024-04-21 12:00,1,BOL,NWEST,Boland Park,9766,Mgijima,6,24,29,0,2,not out,False,False
90708,2023-24,2024-04-21 12:00,1,BOL,NWEST,Boland Park,9764,Jonker,7,8,13,1,0,not out,False,False
90708,2023-24,2024-04-21 12:00,1,BOL,NWEST,Boland Park,9489,Gqamane,8,0,0,0,0,,False,False
90708,2023-24,2024-04-21 12:00,1,BOL,NWEST,Boland Park,14687,Imran Manack,9,0,0,0,0,,False,False
90708,2023-24,2024-04-21 12:00,1,BOL,NWEST,Boland Park,55748,Jevano Baron,10,0,0,0,0,,False,False
90708,2023-24,2024-04-21 12:00,1,BOL,NWEST,Boland Park,19058,Mahima,11,0,0,0,0,,False,False
90708,2023-24,2024-04-21 12:00,2,NWEST,BOL,Boland Park,31951,Meeka eel Prince,1,37,44,1,0,c Mgijima b Ferisco Adams,False,True
90708,2023-24,2024-04-21 12:00,2,NWEST,BOL,Boland Park,14797,Rubin Hermann,2,48,30,4,1,run out (Jevano Baron),False,False
90708,2023-24,2024-04-21 12:00,2,NWEST,BOL,Boland Park,9735,Lesiba Ngoepe,3,0,1,0,0,c Adrian du Toit b von Berg,False,False
90708,2023-24,2024-04-21 12:00,2,NWEST,BOL,Boland Park,11497,Wihan Lubbe,4,20,14,1,0,c Ferisco Adams b Jevano Baron,False,False
90708,2023-24,2024-04-21 12:00,2,NWEST,BOL,Boland Park,13317,Raynard van Tonder,5,34,26,2,1,not out,False,False
90708,2023-24,2024-04-21 12:00,2,NWEST,BOL,Boland Park,11432,Senuran Muthusamy,6,6,4,0,0,not out,True,False
90708,2023-24,2024-04-21 12:00,2,NWEST,BOL,Boland Park,18523,Duan Jansen,7,0,0,0,0,,False,False
90708,2023-24,2024-04-21 12:00,2,NWEST,BOL,Boland Park,20417,Bamanye Xenxe,8,0,0,0,0,,False,False
90708,2023-24,2024-04-21 12:00,2,NWEST,BOL,Boland Park,20526,Caleb Seleka,9,0,0,0,0,,False,False
90708,2023-24,2024-04-21 12:00,2,NWEST,BOL,Boland Park,13150,Kerwin Mungroo,10,0,0,0,0,,False,False
90708,2023-24,2024-04-21 12:00,2,NWEST,BOL,Boland Park,20432,Gideon Peters,11,0,0,0,0,,False,False
90715,2023-24,2024-04-24 16:00,1,TIT,LIONS,New Wanderers No. 1 Oval,50545,Lhuan-dre Pretorius,1,8,8,2,0,c Rickelton b Codi Yusuf,False,True
90715,2023-24,2024-04-24 16:00,1,TIT,LIONS,New Wanderers No. 1 Oval,11206,Rivaldo Moonsamy,2,24,27,3,1,c Rickelton b Wiaan Mulder,False,False
90715,2023-24,2024-04-24 16:00,1,TIT,LIONS,New Wanderers No. 1 Oval,15920,Jack Lees,3,64,43,10,1,not out,False,False
90715,2023-24,2024-04-24 16:00,1,TIT,LIONS,New Wanderers No. 1 Oval,9801,Makhanya,4,6,6,1,0,b Nqaba Peter,False,False
90715,2023-24,2024-04-24 16:00,1,TIT,LIONS,New Wanderers No. 1 Oval,9581,D Galiem,5,0,3,0,0,c Sipamla b Evan Jones,False,False
90715,2023-24,2024-04-24 16:00,1,TIT,LIONS,New Wanderers No. 1 Oval,14308,Neil Brand,6,7,5,1,0,c Bavuma b Nqaba Peter,True,False
90715,2023-24,2024-04-24 16:00,1,TIT,LIONS,New Wanderers No. 1 Oval,8589,Wiese,7,0,1,0,0,b Nqaba Peter,False,False
90715,2023-24,2024-04-24 16:00,1,TIT,LIONS,New Wanderers No. 1 Oval,9576,Corbin Bosch,8,9,8,1,0,c Codi Yusuf b Nqaba Peter,False,False
90715,2023-24,2024-04-24 16:00,1,TIT,LIONS,New Wanderers No. 1 Oval,10175,Junior Dala,9,7,5,1,0,c Sipamla b Codi Yusuf,False,False
90715,2023-24,2024-04-24 16:00,1,TIT,LIONS,New Wanderers No. 1 Oval,9603,Lungi Ngidi,10,0,2,0,0,run out (Rickelton),False,False
90715,2023-24,2024-04-24 16:00,1,TIT,LIONS,New Wanderers No. 1 Oval,10173,Shamsi,11,0,0,0,0,not out,False,False
90715,2023-24,2024-04-24 16:00,2,LIONS,TIT,New Wanderers No. 1 Oval,13070,Ryan Rickelton,1,38,26,0,3,c Corbin Bosch b Neil Brand,False,True
90715,2023-24,2024-04-24 16:00,2,LIONS,TIT,New Wanderers No. 1 Oval,9491,Reeza Hendricks,2,2,4,0,0,c Lhuan-dre Pretorius b Wiese,False,False
90715,2023-24,2024-04-24 16:00,2,LIONS,TIT,New Wanderers No. 1 Oval,9554,Rassie van der Dussen,3,73,45,8,1,not out,False,False
90715,2023-24,2024-04-24 16:00,2,LIONS,TIT,New Wanderers No. 1 Oval,8583,Temba Bavuma,4,19,13,3,0,not out,False,False
90715,2023-24,2024-04-24 16:00,2,LIONS,TIT,New Wanderers No. 1 Oval,11200,Wiaan Mulder,5,0,0,0,0,,False,False
90715,2023-24,2024-04-24 16:00,2,LIONS,TIT,New Wanderers No. 1 Oval,14566,Delano Potgieter,6,0,0,0,0,,False,False
90715,2023-24,2024-04-24 16:00,2,LIONS,TIT,New Wanderers No. 1 Oval,20308,Evan Jones,7,0,0,0,0,,False,False
90715,2023-24,2024-04-24 16:00,2,LIONS,TIT,New Wanderers No. 1 Oval,10676,Bjorn Fortuin,8,0,0,0,0,,True,False
90715,2023-24,2024-04-24 16:00,2,LIONS,TIT,New Wanderers No. 1 Oval,24546,Codi Yusuf,9,0,0,0,0,,False,False
90715,2023-24,2024-04-24 16:00,2,LIONS,TIT,New Wanderers No. 1 Oval,11208,Lutho Sipamla,10,0,0,0,0,,False,False
90715,2023-24,2024-04-24 16:00,2,LIONS,TIT,New Wanderers No. 1 Oval,20428,Nqaba Peter,11,0,0,0,0,,False,False
90722,2023-24,2024-04-25 16:00,1,WAR,DOL,Kingsmead,13101,Jiveshan Pillay,1,3,13,0,0,c Dupavillon b Eathan Bosch,False,False
90722,2023-24,2024-04-25 16:00,1,WAR,DOL,Kingsmead,13089,Breetzke,2,38,35,1,1,c Eathan Bosch b Smuts,True,False
90722,2023-24,2024-04-25 16:00,1,WAR,DOL,Kingsmead,53450,Andile Mogakane,3,77,45,4,4,c Subrayen b Dupavillon,False,False
90722,2023-24,2024-04-25 16:00,1,WAR,DOL,Kingsmead,21386,Jordan Hermann,4,20,17,0,1,not out,False,False
90722,2023-24,2024-04-25 16:00,1,WAR,DOL,Kingsmead,41704,JP King,5,11,6,0,1,c Roelofsen b Okuhle Cele,False,False
90722,2023-24,2024-04-25 16:00,1,WAR,DOL,Kingsmead,11902,Patrick Kruger,6,4,4,0,0,not out,False,False
90722,2023-24,2024-04-25 16:00,1,WAR,DOL,Kingsmead,13667,Qeshile,7,0,0,0,0,,False,True
90722,2023-24,2024-04-25 16:00,1,WAR,DOL,Kingsmead,16433,Beyers Swanepoel,8,0,0,0,0,,False,False
90722,2023-24,2024-04-25 16:00,1,WAR,DOL,Kingsmead,9714,Simetu,9,0,0,0,0,,False,False
90722,2023-24,2024-04-25 16:00,1,WAR,DOL,Kingsmead,20372,Heerden,10,0,0,0,0,,False,False
90722,2023-24,2024-04-25 16:00,1,WAR,DOL,Kingsmead,11203,Sean Whitehead,11,0,0,0,0,,False,False
90722,2023-24,2024-04-25 16:00,2,DOL,WAR,Kingsmead,9724,Khaya Zondo,1,49,23,5,3,run out (Beyers Swanepoel),False,False
90722,2023-24,2024-04-25 16:00,2,DOL,WAR,Kingsmead,14187,Grant Roelofsen,2,16,12,0,1,c Breetzke b Patrick Kruger,False,True
90722,2023-24,2024-04-25 16:00,2,DOL,WAR,Kingsmead,7668,JJ Smuts,3,34,26,3,1,b Simetu,False,False
90722,2023-24,2024-04-25 16:00,2,DOL,WAR,Kingsmead,12188,Marques Ackerman,4,7,10,0,0,c Beyers Swanepoel b Simetu,False,False
90722,2023-24,2024-04-25 16:00,2,DOL,WAR,Kingsmead,9587,Jason Smith,5,30,18,2,2,not out,False,False
90722,2023-24,2024-04-25 16:00,2,DOL,WAR,Kingsmead,9601,Andile Phehlukwayo,6,13,13,2,0,c Sean Whitehead b Beyers Swanepoel,False,False
90722,2023-24,2024-04-25 16:00,2,DOL,WAR,Kingsmead,13098,Eathan Bosch,7,8,7,1,0,not out,False,False
90722,2023-24,2024-04-25 16:00,2,DOL,WAR,Kingsmead,18687,Andile Simelane,8,0,0,0,0,,False,False
90722,2023-24,2024-04-25 16:00,2,DOL,WAR,Kingsmead,8530,Prenelan Subrayen,9,0,0,0,0,,True,False
90722,2023-24,2024-04-25 16:00,2,DOL,WAR,Kingsmead,10079,Daryn Dupavillon,10,0,0,0,0,,False,False
90722,2023-24,2024-04-25 16:00,2,DOL,WAR,Kingsmead,12191,Okuhle Cele,11,0,0,0,0,,False,False
90729,2023-24,2024-04-28 12:00,1,DOL,LIONS,The Wanderers Stadium,9724,Zondo,1,37,25,4,2,lbw b Nqaba Peter,False,False
90729,2023-24,2024-04-28 12:00,1,DOL,LIONS,The Wanderers Stadium,14586,Bryce Parsons,2,3,6,0,0,run out (Evan Jones),False,False
90729,2023-24,2024-04-28 12:00,1,DOL,LIONS,The Wanderers Stadium,7668,Smuts,3,7,9,0,1,c Reeza Hendricks b Bjorn Fortuin,False,False
90729,2023-24,2024-04-28 12:00,1,DOL,LIONS,The Wanderers Stadium,12188,MJ Ackerman,4,17,11,1,1,c Wiaan Mulder b Evan Jones,False,False
90729,2023-24,2024-04-28 12:00,1,DOL,LIONS,The Wanderers Stadium,9587,J Smith,5,51,33,5,1,c Delano Potgieter b Codi Yusuf,False,False
90729,2023-24,2024-04-28 12:00,1,DOL,LIONS,The Wanderers Stadium,9601,Phehlukwayo,6,10,8,1,1,b Sipamla,False,False
90729,2023-24,2024-04-28 12:00,1,DOL,LIONS,The Wanderers Stadium,10687,Dithole,7,10,10,1,0,c Nqaba Peter b Bjorn Fortuin,False,True
90729,2023-24,2024-04-28 12:00,1,DOL,LIONS,The Wanderers Stadium,13098,Eathan Bosch,8,17,16,0,1,b Codi Yusuf,False,False
90729,2023-24,2024-04-28 12:00,1,DOL,LIONS,The Wanderers Stadium,8530,Subrayen,9,0,1,0,0,not out,True,False
90729,2023-24,2024-04-28 12:00,1,DOL,LIONS,The Wanderers Stadium,10079,Dupavillon,10,0,1,0,0,not out,False,False
90729,2023-24,2024-04-28 12:00,1,DOL,LIONS,The Wanderers Stadium,12191,Okuhle Cele,11,0,0,0,0,,False,False
90729,2023-24,2024-04-28 12:00,2,LIONS,DOL,The Wanderers Stadium,9491,Reeza Hendricks,1,73,52,4,3,c (sub)Odirile Modimokoane b Okuhle Cele,False,False
90729,2023-24,2024-04-28 12:00,2,LIONS,DOL,The Wanderers Stadium,13070,Ryan Rickelton,2,18,13,0,2,not out,False,True
90729,2023-24,2024-04-28 12:00,2,LIONS,DOL,The Wanderers Stadium,9554,Rassie van der Dussen,3,6,8,0,0,b Dupavillon,False,False
90729,2023-24,2024-04-28 12:00,2,LIONS,DOL,The Wanderers Stadium,8583,Temba Bavuma,4,7,9,0,0,c Dithole b Phehlukwayo,False,False
90729,2023-24,2024-04-28 12:00,2,LIONS,DOL,The Wanderers Stadium,11200,Wiaan Mulder,5,55,26,2,4,not out,False,False
90729,2023-24,2024-04-28 12:00,2,LIONS,DOL,The Wanderers Stadium,14566,Delano Potgieter,6,0,0,0,0,,False,False
90729,2023-24,2024-04-28 12:00,2,LIONS,DOL,The Wanderers Stadium,20308,Evan Jones,7,0,0,0,0,,False,False
90729,2023-24,2024-04-28 12:00,2,LIONS,DOL,The Wanderers Stadium,10676,Bjorn Fortuin,8,0,0,0,0,,True,False
90729,2023-24,2024-04-28 12:00,2,LIONS,DOL,The Wanderers Stadium,24546,Codi Yusuf,9,0,0,0,0,,False,False
90729,2023-24,2024-04-28 12:00,2,LIONS,DOL,The Wanderers Stadium,11208,Lutho Sipamla,10,0,0,0,0,,False,False
90729,2023-24,2024-04-28 12:00,2,LIONS,DOL,The Wanderers Stadium,20428,Nqaba Peter,11,0,0,0,0,,False,False
103384,2024-25,2024-09-27 16:00,1,TIT,LIONS,The Wanderers Stadium,50545,Lhuan-dre Pretorius,1,82,43,10,5,c Evan Jones b Kwena Maphaka,False,False
103384,2024-25,2024-09-27 16:00,1,TIT,LIONS,The Wanderers Stadium,11206,Rivaldo Moonsamy,2,4,2,1,0,b Kwena Maphaka,False,True
103384,2024-25,2024-09-27 16:00,1,TIT,LIONS,The Wanderers Stadium,10178,Keegan Petersen,3,68,40,7,3,c Evan Jones b Delano Potgieter,True,False
103384,2024-25,2024-09-27 16:00,1,TIT,LIONS,The Wanderers Stadium,20538,Dewald Brevis,4,11,4,1,1,run out (Wandile Makwetu),False,False
103384,2024-25,2024-09-27 16:00,1,TIT,LIONS,The Wanderers Stadium,14798,Donovan Ferreira,5,53,19,5,3,c Wandile Makwetu b Evan Jones,False,False
103384,2024-25,2024-09-27 16:00,1,TIT,LIONS,The Wanderers Stadium,9801,Makhanya,6,11,8,0,1,not out,False,False
103384,2024-25,2024-09-27 16:00,1,TIT,LIONS,The Wanderers Stadium,9581,D Galiem,7,4,8,0,0,c Connor Esterhuizen b Sipamla,False,False
103384,2024-25,2024-09-27 16:00,1,TIT,LIONS,The Wanderers Stadium,9576,Corbin Bosch,8,0,0,0,0,,False,False
103384,2024-25,2024-09-27 16:00,1,TIT,LIONS,The Wanderers Stadium,1669,van der Merwe,9,0,0,0,0,,False,False
103384,2024-25,2024-09-27 16:00,1,TIT,LIONS,The Wanderers Stadium,10175,Junior Dala,10,0,0,0,0,,False,False
103384,2024-25,2024-09-27 16:00,1,TIT,LIONS,The Wanderers Stadium,14428,Tsepo Ndwandwa,11,0,0,0,0,,False,False
103384,2024-25,2024-09-27 16:00,2,LIONS,TIT,The Wanderers Stadium,10973,Zubayr Hamza,1,2,4,0,0,c Dewald Brevis b van der Merwe,False,False
103384,2024-25,2024-09-27 16:00,2,LIONS,TIT,The Wanderers Stadium,11205,Wandile Makwetu,2,5,3,1,0,c and b van der Merwe,False,True
103384,2024-25,2024-09-27 16:00,2,LIONS,TIT,The Wanderers Stadium,33183,Muhammad Manack,3,0,3,0,0,c Keegan Petersen b D Galiem,False,False
103384,2024-25,2024-09-27 16:00,2,LIONS,TIT,The Wanderers Stadium,19057,Mitchell Van Buuren,4,0,3,0,0,b D Galiem,True,False
103384,2024-25,2024-09-27 16:00,2,LIONS,TIT,The Wanderers Stadium,24622,Connor Esterhuizen,5,0,3,0,0,lbw b van der Merwe,False,False
103384,2024-25,2024-09-27 16:00,2,LIONS,TIT,The Wanderers Stadium,14566,Delano Potgieter,6,28,35,2,1,c and b D Galiem,False,False
103384,2024-25,2024-09-27 16:00,2,LIONS,TIT,The Wanderers Stadium,20308,Evan Jones,7,83,48,5,6,run out (D Galiem),False,False
103384,2024-25,2024-09-27 16:00,2,LIONS,TIT,The Wanderers Stadium,24546,Codi Yusuf,8,1,1,0,0,run out (Keegan Petersen),False,False
103384,2024-25,2024-09-27 16:00,2,LIONS,TIT,The Wanderers Stadium,11208,Lutho Sipamla,9,13,17,0,1,not out,False,False
103384,2024-25,2024-09-27 16:00,2,LIONS,TIT,The Wanderers Stadium,23346,Kwena Maphaka,10,1,3,0,0,not out,False,False
103384,2024-25,2024-09-27 16:00,2,LIONS,TIT,The Wanderers Stadium,13629,Junaid Dawood,11,0,0,0,0,,False,False
103393,2024-25,2024-09-28 12:00,1,NWEST,KNG,Mangaung Oval,14797,Rubin Hermann,1,0,2,0,0,c Gihahn Cloete b Dian Forrester,False,False
103393,2024-25,2024-09-28 12:00,1,NWEST,KNG,Mangaung Oval,31951,Meeka eel Prince,2,0,1,0,0,c Swanepoel b Dian Forrester,False,True
103393,2024-25,2024-09-28 12:00,1,NWEST,KNG,Mangaung Oval,11497,Wihan Lubbe,3,58,40,6,1,c Lesego Senokwane b Siboto,True,False
103393,2024-25,2024-09-28 12:00,1,NWEST,KNG,Mangaung Oval,13067,Janneman Malan,4,40,46,0,1,c Swanepoel b Siboto,False,False
103393,2024-25,2024-09-28 12:00,1,NWEST,KNG,Mangaung Oval,9735,Ngoepe,5,32,19,3,1,not out,False,False
103393,2024-25,2024-09-28 12:00,1,NWEST,KNG,Mangaung Oval,18523,Duan Jansen,6,1,1,0,0,not out,False,False
103393,2024-25,2024-09-28 12:00,1,NWEST,KNG,Mangaung Oval,11270,Matthew Kleinveldt,7,0,0,0,0,,False,False
103393,2024-25,2024-09-28 12:00,1,NWEST,KNG,Mangaung Oval,13069,Migael Pretorius,8,0,0,0,0,,False,False
103393,2024-25,2024-09-28 12:00,1,NWEST,KNG,Mangaung Oval,20526,Caleb Seleka,9,0,0,0,0,,False,False
103393,2024-25,2024-09-28 12:00,1,NWEST,KNG,Mangaung Oval,13150,Mungroo,10,0,0,0,0,,False,False
103393,2024-25,2024-09-28 12:00,1,NWEST,KNG,Mangaung Oval,14583,Achille Cloete,11,0,0,0,0,,False,False
103393,2024-25,2024-09-28 12:00,2,KNG,NWEST,Mangaung Oval,14552,Jacques Snyman,1,16,10,2,1,c Meeka eel Prince b Duan Jansen,False,False
103393,2024-25,2024-09-28 12:00,2,KNG,NWEST,Mangaung Oval,8517,Gihahn Cloete,2,2,7,0,0,c Ngoepe b Duan Jansen,False,True
103393,2024-25,2024-09-28 12:00,2,KNG,NWEST,Mangaung Oval,18142,Lesego Senokwane,3,39,31,3,1,c Meeka eel Prince b Mungroo,False,False
103393,2024-25,2024-09-28 12:00,2,KNG,NWEST,Mangaung Oval,10197,Patrick Botha,4,21,14,4,0,c Rubin Hermann b Duan Jansen,False,False
103393,2024-25,2024-09-28 12:00,2,KNG,NWEST,Mangaung Oval,50444,Dian Forrester,5,46,37,3,1,not out,False,False
103393,2024-25,2024-09-28 12:00,2,KNG,NWEST,Mangaung Oval,10797,Aubrey Swanepoel,6,1,7,0,0,run out (Meeka eel Prince/Migael Pretorius),False,False
103393,2024-25,2024-09-28 12:00,2,KNG,NWEST,Mangaung Oval,15127,Tiaan van Vuuren,7,4,2,0,0,run out (Wihan Lubbe/Migael Pretorius),False,False
103393,2024-25,2024-09-28 12:00,2,KNG,NWEST,Mangaung Oval,7649,Aaron Phangiso,8,0,0,0,0,not out,False,False
103393,2024-25,2024-09-28 12:00,2,KNG,NWEST,Mangaung Oval,9530,Dane Piedt,9,0,0,0,0,,True,False
103393,2024-25,2024-09-28 12:00,2,KNG,NWEST,Mangaung Oval,9708,Malusi Siboto,10,0,0,0,0,,False,False
103393,2024-25,2024-09-28 12:00,2,KNG,NWEST,Mangaung Oval,20317,Johannes van Dyk,11,0,0,0,0,,False,False
103404,2024-25,2024-09-29 12:00,1,DOL,WAR,St George's Park,14586,Bryce Parsons,1,7,11,0,0,c Renaldo Meyer b Christopher King,False,False
103404,2024-25,2024-09-29 12:00,1,DOL,WAR,St George's Park,9724,Zondo,2,25,15,3,1,c Jean du Plessis b Christopher King,False,False
103404,2024-25,2024-09-29 12:00,1,DOL,WAR,St George's Park,24041,Slade van Staden,3,15,10,1,1,c Jordan Hermann b Siya Plaatjie,False,True
103404,2024-25,2024-09-29 12:00,1,DOL,WAR,St George's Park,12188,MJ Ackerman,4,15,16,0,1,c Senuran Muthusamy b Siya Plaatjie,False,False
103404,2024-25,2024-09-29 12:00,1,DOL,WAR,St George's Park,7668,Smuts,5,11,21,1,0,c Christopher King b Renaldo Meyer,False,False
103404,2024-25,2024-09-29 12:00,1,DOL,WAR,St George's Park,10687,Dithole,6,11,11,0,1,c Siya Plaatjie b Senuran Muthusamy,False,False
103404,2024-25,2024-09-29 12:00,1,DOL,WAR,St George's Park,13098,Eathan Bosch,7,45,19,0,5,c Renaldo Meyer b Beyers Swanepoel,False,False
103404,2024-25,2024-09-29 12:00,1,DOL,WAR,St George's Park,8530,Subrayen,8,10,9,0,1,c Jean du Plessis b Renaldo Meyer,True,False
103404,2024-25,2024-09-29 12:00,1,DOL,WAR,St George's Park,50549,Romashan Pillay,9,1,4,0,0,c (sub)Heerden b Christopher King,False,False
103404,2024-25,2024-09-29 12:00,1,DOL,WAR,St George's Park,53408,Nqobani Mokoena,10,4,3,1,0,not out,False,False
103404,2024-25,2024-09-29 12:00,1,DOL,WAR,St George's Park,12191,Okuhle Cele,11,0,2,0,0,not out,False,False
103404,2024-25,2024-09-29 12:00,2,WAR,DOL,St George's Park,21386,Jordan Hermann,1,11,10,2,0,c Dithole b Okuhle Cele,False,False
103404,2024-25,2024-09-29 12:00,2,WAR,DOL,St George's Park,13323,Andile Mokgakane,2,7,8,1,0,b Eathan Bosch,False,False
103404,2024-25,2024-09-29 12:00,2,WAR,DOL,St George's Park,41704,JP King,3,41,29,2,2,c MJ Ackerman b Romashan Pillay,False,False
103404,2024-25,2024-09-29 12:00,2,WAR,DOL,St George's Park,13318,Jean du Plessis,4,69,45,4,4,not out,False,True
103404,2024-25,2024-09-29 12:00,2,WAR,DOL,St George's Park,13667,Sinethemba Qeshile,5,14,11,2,0,c Eathan Bosch b Subrayen,False,False
103404,2024-25,2024-09-29 12:00,2,WAR,DOL,St George's Park,11432,Senuran Muthusamy,6,13,13,0,1,not out,True,False
103404,2024-25,2024-09-29 12:00,2,WAR,DOL,St George's Park,1431435,Christopher King,7,0,0,0,0,,False,False
103404,2024-25,2024-09-29 12:00,2,WAR,DOL,St George's Park,16433,Beyers Swanepoel,8,0,0,0,0,,False,False
103404,2024-25,2024-09-29 12:00,2,WAR,DOL,St George's Park,14587,Siya Plaatjie,9,0,0,0,0,,False,False
103404,2024-25,2024-09-29 12:00,2,WAR,DOL,St George's Park,9714,Siya Simetu,10,0,0,0,0,,False,False
103404,2024-25,2024-09-29 12:00,2,WAR,DOL,St George's Park,20287,Renaldo Meyer,11,0,0,0,0,,False,False
103422,2024-25,2024-10-04 12:00,1,TIT,DOL,Kingsmead,50545,Lhuan-dre Pretorius,1,39,29,3,2,c Romashan Pillay b Simelane,False,False
103422,2024-25,2024-10-04 12:00,1,TIT,DOL,Kingsmead,11206,Rivaldo Moonsamy,2,81,47,6,4,not out,False,True
103422,2024-25,2024-10-04 12:00,1,TIT,DOL,Kingsmead,20538,Dewald Brevis,3,17,15,2,0,c Okuhle Cele b Dupavillon,False,False
103422,2024-25,2024-10-04 12:00,1,TIT,DOL,Kingsmead,9801,Makhanya,4,5,5,1,0,c Bryce Parsons b Simelane,False,False
103422,2024-25,2024-10-04 12:00,1,TIT,DOL,Kingsmead,14798,Donovan Ferreira,5,59,25,1,6,not out,False,False
103422,2024-25,2024-10-04 12:00,1,TIT,DOL,Kingsmead,10178,Keegan Petersen,6,0,0,0,0,,True,False
103422,2024-25,2024-10-04 12:00,1,TIT,DOL,Kingsmead,9581,D Galiem,7,0,0,0,0,,False,False
103422,2024-25,2024-10-04 12:00,1,TIT,DOL,Kingsmead,9576,Corbin Bosch,8,0,0,0,0,,False,False
103422,2024-25,2024-10-04 12:00,1,TIT,DOL,Kingsmead,1669,van der Merwe,9,0,0,0,0,,False,False
103422,2024-25,2024-10-04 12:00,1,TIT,DOL,Kingsmead,10175,Junior Dala,10,0,0,0,0,,False,False
103422,2024-25,2024-10-04 12:00,1,TIT,DOL,Kingsmead,14428,Tsepo Ndwandwa,11,0,0,0,0,,False,False
103422,2024-25,2024-10-04 12:00,2,DOL,TIT,Kingsmead,14586,Bryce Parsons,1,3,5,0,0,c Corbin Bosch b D Galiem,False,False
103422,2024-25,2024-10-04 12:00,2,DOL,TIT,Kingsmead,9724,Khaya Zondo,2,24,16,3,1,c Dewald Brevis b Corbin Bosch,False,False
103422,2024-25,2024-10-04 12:00,2,DOL,TIT,Kingsmead,24041,Slade van Staden,3,0,2,0,0,c Keegan Petersen b van der Merwe,False,True
103422,2024-25,2024-10-04 12:00,2,DOL,TIT,Kingsmead,12188,Marques Ackerman,4,42,32,5,0,c Donovan Ferreira b Tsepo Ndwandwa,False,False
103422,2024-25,2024-10-04 12:00,2,DOL,TIT,Kingsmead,7668,JJ Smuts,5,35,27,3,0,c and b van der Merwe,False,False
103422,2024-25,2024-10-04 12:00,2,DOL,TIT,Kingsmead,18687,Andile Simelane,6,7,6,1,0,c Donovan Ferreira b van der Merwe,False,False
103422,2024-25,2024-10-04 12:00,2,DOL,TIT,Kingsmead,10687,Tshepang Dithole,7,4,8,0,0,c D Galiem b van der Merwe,False,False
103422,2024-25,2024-10-04 12:00,2,DOL,TIT,Kingsmead,8530,Prenelan Subrayen,8,22,11,0,3,lbw b Donovan Ferreira,True,False
103422,2024-25,2024-10-04 12:00,2,DOL,TIT,Kingsmead,50549,Romashan Pillay,9,11,7,1,0,not out,False,False
103422,2024-25,2024-10-04 12:00,2,DOL,TIT,Kingsmead,10079,Daryn Dupavillon,10,3,5,0,0,c D Galiem b Junior Dala,False,False
103422,2024-25,2024-10-04 12:00,2,DOL,TIT,Kingsmead,12191,Okuhle Cele,11,1,1,0,0,not out,False,False
103413,2024-25,2024-10-04 16:00,1,BOL,KNG,Boland Park,11891,Pieter Malan,1,10,10,2,0,c Gihahn Cloete b Clayton Bosch,False,False
103413,2024-25,2024-10-04 16:00,1,BOL,KNG,Boland Park,14187,Roelofsen,2,51,38,8,0,c and b D Piedt,False,False
103413,2024-25,2024-10-04 16:00,1,BOL,KNG,Boland Park,22051,Kaplan,3,4,7,1,0,c Patrick Botha b Clayton Bosch,False,False
103413,2024-25,2024-10-04 16:00,1,BOL,KNG,Boland Park,9580,Fortuin,4,24,12,3,1,b Phangiso,True,True
103413,2024-25,2024-10-04 16:00,1,BOL,KNG,Boland Park,10194,Ferisco Adams,5,20,29,1,1,c Patrick Botha b Siboto,False,False
103413,2024-25,2024-10-04 16:00,1,BOL,KNG,Boland Park,15123,Michael Copeland,6,1,2,0,0,c Gihahn Cloete b D Piedt,False,False
103413,2024-25,2024-10-04 16:00,1,BOL,KNG,Boland Park,9736,von Berg,7,2,7,0,0,c Lesego Senokwane b Siboto,False,False
103413,2024-25,2024-10-04 16:00,1,BOL,KNG,Boland Park,12592,Keith Dudgeon,8,5,8,0,0,c Patrick Botha b Dian Forrester,False,False
103413,2024-25,2024-10-04 16:00,1,BOL,KNG,Boland Park,9489,Gqamane,9,6,4,1,0,not out,False,False
103413,2024-25,2024-10-04 16:00,1,BOL,KNG,Boland Park,14687,Imran Manack,10,0,1,0,0,b Dian Forrester,False,False
103413,2024-25,2024-10-04 16:00,1,BOL,KNG,Boland Park,19058,Mahima,11,0,1,0,0,lbw b Dian Forrester,False,False
103413,2024-25,2024-10-04 16:00,2,KNG,BOL,Boland Park,14552,Jacques Snyman,1,11,14,1,0,c Imran Manack b Keith Dudgeon,False,False
103413,2024-25,2024-10-04 16:00,2,KNG,BOL,Boland Park,8517,Gihahn Cloete,2,17,24,1,0,c Keith Dudgeon b von Berg,False,True
103413,2024-25,2024-10-04 16:00,2,KNG,BOL,Boland Park,18142,Lesego Senokwane,3,24,25,2,0,c Fortuin b Mahima,False,False
103413,2024-25,2024-10-04 16:00,2,KNG,BOL,Boland Park,10197,Patrick Botha,4,37,27,2,1,b Keith Dudgeon,False,False
103413,2024-25,2024-10-04 16:00,2,KNG,BOL,Boland Park,50444,Dian Forrester,5,42,28,2,0,not out,False,False
103413,2024-25,2024-10-04 16:00,2,KNG,BOL,Boland Park,16821,Garnett Tarr,6,1,2,0,0,not out,False,False
103413,2024-25,2024-10-04 16:00,2,KNG,BOL,Boland Park,13386,Clayton Bosch,7,0,0,0,0,,False,False
103413,2024-25,2024-10-04 16:00,2,KNG,BOL,Boland Park,7649,Aaron Phangiso,8,0,0,0,0,,False,False
103413,2024-25,2024-10-04 16:00,2,KNG,BOL,Boland Park,9530,Dane Piedt,9,0,0,0,0,,True,False
103413,2024-25,2024-10-04 16:00,2,KNG,BOL,Boland Park,9708,Malusi Siboto,10,0,0,0,0,,False,False
103413,2024-25,2024-10-04 16:00,2,KNG,BOL,Boland Park,20317,Johannes van Dyk,11,0,0,0,0,,False,False
103431,2024-25,2024-10-04 16:00,1,LIONS,WAR,The Wanderers Stadium,10973,Zubayr Hamza,1,6,7,1,0,c Siya Plaatjie b Beyers Swanepoel,False,False
103431,2024-25,2024-10-04 16:00,1,LIONS,WAR,The Wanderers Stadium,11205,Wandile Makwetu,2,55,41,2,5,c Siya Plaatjie b Simetu,False,True
103431,2024-25,2024-10-04 16:00,1,LIONS,WAR,The Wanderers Stadium,9491,Reeza Hendricks,3,41,26,3,3,c Breetzke b Christopher King,False,False
103431,2024-25,2024-10-04 16:00,1,LIONS,WAR,The Wanderers Stadium,14566,Delano Potgieter,4,36,15,5,1,c Jean du Plessis b Siya Plaatjie,False,False
103431,2024-25,2024-10-04 16:00,1,LIONS,WAR,The Wanderers Stadium,19057,Van Buuren,5,41,16,2,4,not out,True,False
103431,2024-25,2024-10-04 16:00,1,LIONS,WAR,The Wanderers Stadium,24622,Connor Esterhuizen,6,40,17,1,4,not out,False,False
103431,2024-25,2024-10-04 16:00,1,LIONS,WAR,The Wanderers Stadium,20308,Evan Jones,7,0,0,0,0,,False,False
103431,2024-25,2024-10-04 16:00,1,LIONS,WAR,The Wanderers Stadium,10679,Tshepo Moreki,8,0,0,0,0,,False,False
103431,2024-25,2024-10-04 16:00,1,LIONS,WAR,The Wanderers Stadium,11208,Sipamla,9,0,0,0,0,,False,False
103431,2024-25,2024-10-04 16:00,1,LIONS,WAR,The Wanderers Stadium,23346,Kwena Maphaka,10,0,0,0,0,,False,False
103431,2024-25,2024-10-04 16:00,1,LIONS,WAR,The Wanderers Stadium,13629,Dawood,11,0,0,0,0,,False,False
103431,2024-25,2024-10-04 16:00,2,WAR,LIONS,The Wanderers Stadium,13323,Andile Mokgakane,1,41,47,2,1,c Connor Esterhuizen b Dawood,False,False
103431,2024-25,2024-10-04 16:00,2,WAR,LIONS,The Wanderers Stadium,13089,Matthew Breetzke,2,1,6,0,0,b Kwena Maphaka,True,False
103431,2024-25,2024-10-04 16:00,2,WAR,LIONS,The Wanderers Stadium,41704,JP King,3,18,17,2,0,c Evan Jones b Dawood,False,False
103431,2024-25,2024-10-04 16:00,2,WAR,LIONS,The Wanderers Stadium,16433,Beyers Swanepoel,4,18,16,3,0,lbw b Dawood,False,False
103431,2024-25,2024-10-04 16:00,2,WAR,LIONS,The Wanderers Stadium,11432,Senuran Muthusamy,5,10,9,0,1,c Kwena Maphaka b Dawood,False,False
103431,2024-25,2024-10-04 16:00,2,WAR,LIONS,The Wanderers Stadium,11902,Patrick Kruger,6,34,10,0,5,c Kwena Maphaka b Dawood,False,False
103431,2024-25,2024-10-04 16:00,2,WAR,LIONS,The Wanderers Stadium,1431435,Christopher King,7,10,6,0,1,not out,False,False
103431,2024-25,2024-10-04 16:00,2,WAR,LIONS,The Wanderers Stadium,13318,Jean du Plessis,8,18,9,4,0,not out,False,True
103431,2024-25,2024-10-04 16:00,2,WAR,LIONS,The Wanderers Stadium,13667,Sinethemba Qeshile,9,0,0,0,0,,False,False
103431,2024-25,2024-10-04 16:00,2,WAR,LIONS,The Wanderers Stadium,9714,Siya Simetu,10,0,0,0,0,,False,False
103431,2024-25,2024-10-04 16:00,2,WAR,LIONS,The Wanderers Stadium,14587,Siya Plaatjie,11,0,0,0,0,,False,False
103440,2024-25,2024-10-04 16:00,1,WPR,NWEST,Senwes Park,9763,Moore,1,38,31,5,0,b Wihan Lubbe,False,False
103440,2024-25,2024-10-04 16:00,1,WPR,NWEST,Senwes Park,14265,Bedingham,2,4,4,1,0,c Duan Jansen b Marco Jansen,False,False
103440,2024-25,2024-10-04 16:00,1,WPR,NWEST,Senwes Park,50976,Valentine Kitime,3,16,17,2,0,c Meeka eel Prince b Duan Jansen,False,False
103440,2024-25,2024-10-04 16:00,1,WPR,NWEST,Senwes Park,20267,Daniel Smith,4,19,18,1,0,b Wihan Lubbe,False,True
103440,2024-25,2024-10-04 16:00,1,WPR,NWEST,Senwes Park,10187,George Linde,5,14,12,1,1,c Duan Jansen b Caleb Seleka,False,False
103440,2024-25,2024-10-04 16:00,1,WPR,NWEST,Senwes Park,17026,Mpongwana,6,13,13,0,1,c Duan Jansen b Marco Jansen,False,False
103440,2024-25,2024-10-04 16:00,1,WPR,NWEST,Senwes Park,31979,Abdullah Bayoumy,7,12,11,0,1,c Rubin Hermann b Mungroo,False,False
103440,2024-25,2024-10-04 16:00,1,WPR,NWEST,Senwes Park,12223,Kyle Simmonds,8,4,3,1,0,c Achille Cloete b Mungroo,False,False
103440,2024-25,2024-10-04 16:00,1,WPR,NWEST,Senwes Park,9490,B Hendricks,9,4,6,0,0,not out,True,False
103440,2024-25,2024-10-04 16:00,1,WPR,NWEST,Senwes Park,53454,Wesley Bedja,10,4,3,1,0,b Marco Jansen,False,False
103440,2024-25,2024-10-04 16:00,1,WPR,NWEST,Senwes Park,13151,Nabe,11,2,2,0,0,not out,False,False
103440,2024-25,2024-10-04 16:00,2,NWEST,WPR,Senwes Park,51711,Thamsanqa Kumalo,1,0,2,0,0,c Bedingham b Kyle Simmonds,False,False
103440,2024-25,2024-10-04 16:00,2,NWEST,WPR,Senwes Park,31951,Meeka eel Prince,2,17,23,2,0,lbw b George Linde,False,True
103440,2024-25,2024-10-04 16:00,2,NWEST,WPR,Senwes Park,11497,Wihan Lubbe,3,55,37,6,1,c Wesley Bedja b George Linde,True,False
103440,2024-25,2024-10-04 16:00,2,NWEST,WPR,Senwes Park,13067,Janneman Malan,4,26,26,1,1,b Wesley Bedja,False,False
103440,2024-25,2024-10-04 16:00,2,NWEST,WPR,Senwes Park,9735,Lesiba Ngoepe,5,14,10,1,1,c George Linde b Wesley Bedja,False,False
103440,2024-25,2024-10-04 16:00,2,NWEST,WPR,Senwes Park,18523,Duan Jansen,6,5,5,0,0,b Mpongwana,False,False
103440,2024-25,2024-10-04 16:00,2,NWEST,WPR,Senwes Park,14565,Marco Jansen,7,18,8,3,1,not out,False,False
103440,2024-25,2024-10-04 16:00,2,NWEST,WPR,Senwes Park,20526,Caleb Seleka,8,0,1,0,0,b Mpongwana,False,False
103440,2024-25,2024-10-04 16:00,2,NWEST,WPR,Senwes Park,13150,Kerwin Mungroo,9,3,6,0,0,not out,False,False
103440,2024-25,2024-10-04 16:00,2,NWEST,WPR,Senwes Park,14797,Rubin Hermann,10,0,0,0,0,,False,False
103440,2024-25,2024-10-04 16:00,2,NWEST,WPR,Senwes Park,14583,Achille Cloete,11,0,0,0,0,,False,False
103467,2024-25,2024-10-06 12:00,1,NWEST,BOL,Senwes Park,13067,Janneman Malan,1,35,28,2,1,c Ferisco Adams b Gqamane,False,False
103467,2024-25,2024-10-06 12:00,1,NWEST,BOL,Senwes Park,31951,Meeka eel Prince,2,84,55,8,3,not out,False,True
103467,2024-25,2024-10-06 12:00,1,NWEST,BOL,Senwes Park,11497,Wihan Lubbe,3,17,15,1,0,c Gqamane b Imran Manack,True,False
103467,2024-25,2024-10-06 12:00,1,NWEST,BOL,Senwes Park,9735,Ngoepe,4,32,19,1,2,c and b Glenton Stuurman,False,False
103467,2024-25,2024-10-06 12:00,1,NWEST,BOL,Senwes Park,14565,Marco Jansen,5,2,2,0,0,c Pieter Malan b Glenton Stuurman,False,False
103467,2024-25,2024-10-06 12:00,1,NWEST,BOL,Senwes Park,18523,Duan Jansen,6,1,1,0,0,run out (Pieter Malan/Fortuin),False,False
103467,2024-25,2024-10-06 12:00,1,NWEST,BOL,Senwes Park,13317,van Tonder,7,0,0,0,0,,False,False
103467,2024-25,2024-10-06 12:00,1,NWEST,BOL,Senwes Park,51711,Thamsanqa Kumalo,8,0,0,0,0,,False,False
103467,2024-25,2024-10-06 12:00,1,NWEST,BOL,Senwes Park,20526,Caleb Seleka,9,0,0,0,0,,False,False
103467,2024-25,2024-10-06 12:00,1,NWEST,BOL,Senwes Park,13150,Mungroo,10,0,0,0,0,,False,False
103467,2024-25,2024-10-06 12:00,1,NWEST,BOL,Senwes Park,14583,Achille Cloete,11,0,0,0,0,,False,False
103467,2024-25,2024-10-06 12:00,2,BOL,NWEST,Senwes Park,11891,Pieter Malan,1,15,15,3,0,c and b Ngoepe,False,False
103467,2024-25,2024-10-06 12:00,2,BOL,NWEST,Senwes Park,14187,Grant Roelofsen,2,63,44,3,4,b Caleb Seleka,False,True
103467,2024-25,2024-10-06 12:00,2,BOL,NWEST,Senwes Park,22051,Gavin Kaplan,3,33,27,3,0,c and b Marco Jansen,False,False
103467,2024-25,2024-10-06 12:00,2,BOL,NWEST,Senwes Park,9580,Clyde Fortuin,4,6,4,1,0,b Ngoepe,True,False
103467,2024-25,2024-10-06 12:00,2,BOL,NWEST,Senwes Park,10194,Ferisco Adams,5,8,6,1,0,lbw b Mungroo,False,False
103467,2024-25,2024-10-06 12:00,2,BOL,NWEST,Senwes Park,15123,Michael Copeland,6,16,14,1,0,not out,False,False
103467,2024-25,2024-10-06 12:00,2,BOL,NWEST,Senwes Park,12592,Keith Dudgeon,7,17,10,2,0,b Achille Cloete,False,False
103467,2024-25,2024-10-06 12:00,2,BOL,NWEST,Senwes Park,9489,Ayabulela Gqamane,8,0,1,0,0,b Achille Cloete,False,False
103467,2024-25,2024-10-06 12:00,2,BOL,NWEST,Senwes Park,14687,Imran Manack,9,2,1,0,0,not out,False,False
103467,2024-25,2024-10-06 12:00,2,BOL,NWEST,Senwes Park,19058,Siyabonga Mahima,10,0,0,0,0,,False,False
103467,2024-25,2024-10-06 12:00,2,BOL,NWEST,Senwes Park,14516,Glenton Stuurman,11,0,0,0,0,,False,False
103456,2024-25,2024-10-06 12:00,1,LIONS,DOL,The Wanderers Stadium,14430,Joshua Richards,1,38,32,2,3,c Bryce Parsons b Simelane,False,False
103456,2024-25,2024-10-06 12:00,1,LIONS,DOL,The Wanderers Stadium,11205,Wandile Makwetu,2,7,4,1,0,c Dithole b Okuhle Cele,False,True
103456,2024-25,2024-10-06 12:00,1,LIONS,DOL,The Wanderers Stadium,10973,Zubayr Hamza,3,15,17,2,0,c Smuts b Subrayen,False,False
103456,2024-25,2024-10-06 12:00,1,LIONS,DOL,The Wanderers Stadium,19057,Van Buuren,4,10,13,1,0,c Dithole b Simelane,True,False
103456,2024-25,2024-10-06 12:00,1,LIONS,DOL,The Wanderers Stadium,14566,Delano Potgieter,5,32,29,2,1,not out,False,False
103456,2024-25,2024-10-06 12:00,1,LIONS,DOL,The Wanderers Stadium,24622,Connor Esterhuizen,6,18,15,2,0,c Okuhle Cele b Dupavillon,False,False
103456,2024-25,2024-10-06 12:00,1,LIONS,DOL,The Wanderers Stadium,20308,Evan Jones,7,29,10,0,4,not out,False,False
103456,2024-25,2024-10-06 12:00,1,LIONS,DOL,The Wanderers Stadium,13629,Dawood,8,0,0,0,0,,False,False
103456,2024-25,2024-10-06 12:00,1,LIONS,DOL,The Wanderers Stadium,23346,Kwena Maphaka,9,0,0,0,0,,False,False
103456,2024-25,2024-10-06 12:00,1,LIONS,DOL,The Wanderers Stadium,24546,Codi Yusuf,10,0,0,0,0,,False,False
103456,2024-25,2024-10-06 12:00,1,LIONS,DOL,The Wanderers Stadium,10679,Tshepo Moreki,11,0,0,0,0,,False,False
103456,2024-25,2024-10-06 12:00,2,DOL,LIONS,The Wanderers Stadium,14586,Bryce Parsons,1,4,3,1,0,b Kwena Maphaka,False,False
103456,2024-25,2024-10-06 12:00,2,DOL,LIONS,The Wanderers Stadium,9724,Khaya Zondo,2,28,24,4,0,c Wandile Makwetu b Evan Jones,False,False
103456,2024-25,2024-10-06 12:00,2,DOL,LIONS,The Wanderers Stadium,12188,Marques Ackerman,3,32,19,6,0,st Wandile Makwetu b Dawood,False,False
103456,2024-25,2024-10-06 12:00,2,DOL,LIONS,The Wanderers Stadium,7668,JJ Smuts,4,1,10,0,0,c Wandile Makwetu b Codi Yusuf,False,False
103456,2024-25,2024-10-06 12:00,2,DOL,LIONS,The Wanderers Stadium,10687,Tshepang Dithole,5,26,33,3,0,c Zubayr Hamza b Dawood,False,True
103456,2024-25,2024-10-06 12:00,2,DOL,LIONS,The Wanderers Stadium,20518,Bradley Porteous,6,0,1,0,0,b Codi Yusuf,False,False
103456,2024-25,2024-10-06 12:00,2,DOL,LIONS,The Wanderers Stadium,18687,Andile Simelane,7,1,4,0,0,c Zubayr Hamza b Dawood,False,False
103456,2024-25,2024-10-06 12:00,2,DOL,LIONS,The Wanderers Stadium,50549,Romashan Pillay,8,12,15,1,0,c Evan Jones b Kwena Maphaka,False,False
103456,2024-25,2024-10-06 12:00,2,DOL,LIONS,The Wanderers Stadium,8530,Prenelan Subrayen,9,27,22,0,2,not out,True,False
103456,2024-25,2024-10-06 12:00,2,DOL,LIONS,The Wanderers Stadium,10079,Daryn Dupavillon,10,1,1,0,0,not out,False,False
103456,2024-25,2024-10-06 12:00,2,DOL,LIONS,The Wanderers Stadium,12191,Okuhle Cele,11,0,0,0,0,,False,False
103447,2024-25,2024-10-06 12:00,1,KNG,WAR,St George's Park,14552,Snyman,1,42,26,5,2,c Renaldo Meyer b Simetu,False,False
103447,2024-25,2024-10-06 12:00,1,KNG,WAR,St George's Park,8517,Gihahn Cloete,2,0,1,0,0,c Senuran Muthusamy b Beyers Swanepoel,False,True
103447,2024-25,2024-10-06 12:00,1,KNG,WAR,St George's Park,18142,Lesego Senokwane,3,27,22,2,1,c Jordan Hermann b Patrick Kruger,False,False
103447,2024-25,2024-10-06 12:00,1,KNG,WAR,St George's Park,10197,Patrick Botha,4,8,13,0,0,c Nortje b Simetu,False,False
103447,2024-25,2024-10-06 12:00,1,KNG,WAR,St George's Park,16821,Garnett Tarr,5,50,28,3,4,run out (Breetzke),False,False
103447,2024-25,2024-10-06 12:00,1,KNG,WAR,St George's Park,50444,Dian Forrester,6,2,4,0,0,b Beyers Swanepoel,False,False
103447,2024-25,2024-10-06 12:00,1,KNG,WAR,St George's Park,15127,Tiaan van Vuuren,7,11,11,1,0,c Senuran Muthusamy b Patrick Kruger,False,False
103447,2024-25,2024-10-06 12:00,1,KNG,WAR,St George's Park,7649,Phangiso,8,18,10,1,1,run out (Jordan Hermann),False,False
103447,2024-25,2024-10-06 12:00,1,KNG,WAR,St George's Park,9530,D Piedt,9,2,3,0,0,c Nortje b Renaldo Meyer,True,False
103447,2024-25,2024-10-06 12:00,1,KNG,WAR,St George's Park,9708,Siboto,10,1,2,0,0,not out,False,False
103447,2024-25,2024-10-06 12:00,1,KNG,WAR,St George's Park,13523,S Langa,11,0,0,0,0,,False,False
103447,2024-25,2024-10-06 12:00,2,WAR,KNG,St George's Park,13089,Matthew Breetzke,1,66,46,6,2,b Phangiso,True,False
103447,2024-25,2024-10-06 12:00,2,WAR,KNG,St George's Park,21386,Jordan Hermann,2,51,48,1,2,c Patrick Botha b Siboto,False,False
103447,2024-25,2024-10-06 12:00,2,WAR,KNG,St George's Park,13318,Jean du Plessis,3,1,2,0,0,lbw b Phangiso,False,True
103447,2024-25,2024-10-06 12:00,2,WAR,KNG,St George's Park,13667,Sinethemba Qeshile,4,13,10,1,0,b Siboto,False,False
103447,2024-25,2024-10-06 12:00,2,WAR,KNG,St George's Park,11902,Patrick Kruger,5,0,2,0,0,c D Piedt b Siboto,False,False
103447,2024-25,2024-10-06 12:00,2,WAR,KNG,St George's Park,11432,Senuran Muthusamy,6,4,8,0,0,not out,False,False
103447,2024-25,2024-10-06 12:00,2,WAR,KNG,St George's Park,16433,Beyers Swanepoel,7,0,1,0,0,b Siboto,False,False
103447,2024-25,2024-10-06 12:00,2,WAR,KNG,St George's Park,13323,Andile Mokgakane,8,6,5,0,0,not out,False,False
103447,2024-25,2024-10-06 12:00,2,WAR,KNG,St George's Park,11427,Anrich Nortje,9,0,0,0,0,,False,False
103447,2024-25,2024-10-06 12:00,2,WAR,KNG,St George's Park,9714,Siya Simetu,10,0,0,0,0,,False,False
103447,2024-25,2024-10-06 12:00,2,WAR,KNG,St George's Park,20287,Renaldo Meyer,11,0,0,0,0,,False,False
103458,2024-25,2024-10-06 14:00,1,TIT,WPR,SuperSport Park,50545,Lhuan-dre Pretorius,1,23,16,5,0,run out (George Linde),False,False
103458,2024-25,2024-10-06 14:00,1,TIT,WPR,SuperSport Park,11206,Rivaldo Moonsamy,2,11,7,1,1,c Daniel Smith b Mpongwana,False,True
103458,2024-25,2024-10-06 14:00,1,TIT,WPR,SuperSport Park,10178,Keegan Petersen,3,0,2,0,0,c Wesley Bedja b Mpongwana,True,False
103458,2024-25,2024-10-06 14:00,1,TIT,WPR,SuperSport Park,20538,Dewald Brevis,4,11,13,2,0,c Wesley Bedja b George Linde,False,False
103458,2024-25,2024-10-06 14:00,1,TIT,WPR,SuperSport Park,9801,Makhanya,5,21,22,1,1,c Kyle Simmonds b George Linde,False,False
103458,2024-25,2024-10-06 14:00,1,TIT,WPR,SuperSport Park,14798,Donovan Ferreira,6,35,27,2,1,c Moore b Wesley Bedja,False,False
103458,2024-25,2024-10-06 14:00,1,TIT,WPR,SuperSport Park,9581,D Galiem,7,16,14,1,0,c Moore b Wesley Bedja,False,False
103458,2024-25,2024-10-06 14:00,1,TIT,WPR,SuperSport Park,9576,Corbin Bosch,8,13,13,1,0,not out,False,False
103458,2024-25,2024-10-06 14:00,1,TIT,WPR,SuperSport Park,1669,van der Merwe,9,6,6,0,0,run out (Wesley Bedja),False,False
103458,2024-25,2024-10-06 14:00,1,TIT,WPR,SuperSport Park,10175,Junior Dala,10,1,1,0,0,not out,False,False
103458,2024-25,2024-10-06 14:00,1,TIT,WPR,SuperSport Park,14428,Tsepo Ndwandwa,11,0,0,0,0,,False,False
103458,2024-25,2024-10-06 14:00,2,WPR,TIT,SuperSport Park,14265,David Bedingham,1,4,7,0,0,c Corbin Bosch b Junior Dala,False,False
103458,2024-25,2024-10-06 14:00,2,WPR,TIT,SuperSport Park,9763,Edward Moore,2,88,47,9,5,not out,False,False
103458,2024-25,2024-10-06 14:00,2,WPR,TIT,SuperSport Park,50976,Sello Valentine Kitime,3,23,22,2,1,c Lhuan-dre Pretorius b Corbin Bosch,False,False
103458,2024-25,2024-10-06 14:00,2,WPR,TIT,SuperSport Park,20267,Daniel Smith,4,0,1,0,0,b Corbin Bosch,False,True
103458,2024-25,2024-10-06 14:00,2,WPR,TIT,SuperSport Park,17026,Mihlali Mpongwana,5,25,17,2,1,not out,False,False
103458,2024-25,2024-10-06 14:00,2,WPR,TIT,SuperSport Park,10187,George Linde,6,0,0,0,0,,False,False
103458,2024-25,2024-10-06 14:00,2,WPR,TIT,SuperSport Park,31979,Abdullah Bayoumy,7,0,0,0,0,,False,False
103458,2024-25,2024-10-06 14:00,2,WPR,TIT,SuperSport Park,12223,Kyle Simmonds,8,0,0,0,0,,False,False
103458,2024-25,2024-10-06 14:00,2,WPR,TIT,SuperSport Park,9490,Beuran Hendricks,9,0,0,0,0,,True,False
103458,2024-25,2024-10-06 14:00,2,WPR,TIT,SuperSport Park,13151,Mthiwekhaya Nabe,10,0,0,0,0,,False,False
103458,2024-25,2024-10-06 14:00,2,WPR,TIT,SuperSport Park,53454,Wesley Bedja,11,0,0,0,0,,False,False
103474,2024-25,2024-10-09 16:00,1,WPR,WAR,Newlands,9763,Moore,1,2,3,0,0,lbw b Christopher King,False,False
103474,2024-25,2024-10-09 16:00,1,WPR,WAR,Newlands,14582,Jonathan Bird,2,23,24,3,0,b Beyers Swanepoel,False,False
103474,2024-25,2024-10-09 16:00,1,WPR,WAR,Newlands,50976,Valentine Kitime,3,17,22,1,0,c Tristan Stubbs b Shimane Mothoa,False,False
103474,2024-25,2024-10-09 16:00,1,WPR,WAR,Newlands,11209,Verreynne,4,18,18,0,1,c Qeshile b Shimane Mothoa,False,True
103474,2024-25,2024-10-09 16:00,1,WPR,WAR,Newlands,10187,George Linde,5,66,31,2,6,not out,False,False
103474,2024-25,2024-10-09 16:00,1,WPR,WAR,Newlands,17026,Mpongwana,6,10,14,0,1,c Tristan Stubbs b Beyers Swanepoel,False,False
103474,2024-25,2024-10-09 16:00,1,WPR,WAR,Newlands,31979,Abdullah Bayoumy,7,5,7,1,0,c Patrick Kruger b Christopher King,False,False
103474,2024-25,2024-10-09 16:00,1,WPR,WAR,Newlands,12223,Kyle Simmonds,8,0,1,0,0,c Breetzke b Christopher King,False,False
103474,2024-25,2024-10-09 16:00,1,WPR,WAR,Newlands,9490,B Hendricks,9,0,1,0,0,not out,True,False
103474,2024-25,2024-10-09 16:00,1,WPR,WAR,Newlands,13151,Nabe,10,0,0,0,0,,False,False
103474,2024-25,2024-10-09 16:00,1,WPR,WAR,Newlands,53454,Wesley Bedja,11,0,0,0,0,,False,False
103474,2024-25,2024-10-09 16:00,2,WAR,WPR,Newlands,13101,Jiveshan Pillay,1,1,6,0,0,c Abdullah Bayoumy b Mpongwana,False,False
103474,2024-25,2024-10-09 16:00,2,WAR,WPR,Newlands,13089,Matthew Breetzke,2,4,9,0,0,c George Linde b Wesley Bedja,True,False
103474,2024-25,2024-10-09 16:00,2,WAR,WPR,Newlands,16433,Beyers Swanepoel,3,83,39,9,4,c Abdullah Bayoumy b George Linde,False,False
103474,2024-25,2024-10-09 16:00,2,WAR,WPR,Newlands,19243,Tristan Stubbs,4,10,18,1,0,lbw b Mpongwana,False,False
103474,2024-25,2024-10-09 16:00,2,WAR,WPR,Newlands,13667,Sinethemba Qeshile,5,17,16,1,0,run out (Mpongwana),False,True
103474,2024-25,2024-10-09 16:00,2,WAR,WPR,Newlands,11432,Senuran Muthusamy,6,18,12,1,1,not out,False,False
103474,2024-25,2024-10-09 16:00,2,WAR,WPR,Newlands,11902,Patrick Kruger,7,7,6,1,0,not out,False,False
103474,2024-25,2024-10-09 16:00,2,WAR,WPR,Newlands,41704,JP King,8,0,0,0,0,,False,False
103474,2024-25,2024-10-09 16:00,2,WAR,WPR,Newlands,1431435,Christopher King,9,0,0,0,0,,False,False
103474,2024-25,2024-10-09 16:00,2,WAR,WPR,Newlands,9714,Siya Simetu,10,0,0,0,0,,False,False
103474,2024-25,2024-10-09 16:00,2,WAR,WPR,Newlands,12587,Shimane Alfred Mothoa,11,0,0,0,0,,False,False
103476,2024-25,2024-10-09 16:00,1,NWEST,DOL,Kingsmead,13067,Janneman Malan,1,21,18,4,0,c Dupavillon b Smuts,False,False
103476,2024-25,2024-10-09 16:00,1,NWEST,DOL,Kingsmead,31951,Meeka eel Prince,2,11,14,1,0,c Maharaj b Dupavillon,False,True
103476,2024-25,2024-10-09 16:00,1,NWEST,DOL,Kingsmead,11497,Wihan Lubbe,3,49,29,4,2,c Okuhle Cele b Simelane,True,False
103476,2024-25,2024-10-09 16:00,1,NWEST,DOL,Kingsmead,13317,van Tonder,4,23,25,2,0,lbw b Simelane,False,False
103476,2024-25,2024-10-09 16:00,1,NWEST,DOL,Kingsmead,9735,Ngoepe,5,16,19,1,0,not out,False,False
103476,2024-25,2024-10-09 16:00,1,NWEST,DOL,Kingsmead,15852,Ruan de Swardt,6,5,7,0,0,c Maharaj b Okuhle Cele,False,False
103476,2024-25,2024-10-09 16:00,1,NWEST,DOL,Kingsmead,13069,Migael Pretorius,7,3,4,0,0,c Bradley Porteous b Simelane,False,False
103476,2024-25,2024-10-09 16:00,1,NWEST,DOL,Kingsmead,20417,Bamanye Xenxe,8,2,4,0,0,c J Smith b Simelane,False,False
103476,2024-25,2024-10-09 16:00,1,NWEST,DOL,Kingsmead,20526,Caleb Seleka,9,0,0,0,0,,False,False
103476,2024-25,2024-10-09 16:00,1,NWEST,DOL,Kingsmead,13150,Mungroo,10,0,0,0,0,,False,False
103476,2024-25,2024-10-09 16:00,1,NWEST,DOL,Kingsmead,14583,Achille Cloete,11,0,0,0,0,,False,False
103476,2024-25,2024-10-09 16:00,2,DOL,NWEST,Kingsmead,10687,Tshepang Dithole,1,8,5,2,0,c Caleb Seleka b Mungroo,False,True
103476,2024-25,2024-10-09 16:00,2,DOL,NWEST,Kingsmead,14586,Bryce Parsons,2,5,7,1,0,b Mungroo,False,False
103476,2024-25,2024-10-09 16:00,2,DOL,NWEST,Kingsmead,12188,Marques Ackerman,3,0,4,0,0,c Meeka eel Prince b Migael Pretorius,False,False
103476,2024-25,2024-10-09 16:00,2,DOL,NWEST,Kingsmead,9587,Jason Smith,4,26,33,3,0,c (sub)Gideon Peters b Bamanye Xenxe,False,False
103476,2024-25,2024-10-09 16:00,2,DOL,NWEST,Kingsmead,7668,JJ Smuts,5,0,1,0,0,c Meeka eel Prince b Mungroo,False,False
103476,2024-25,2024-10-09 16:00,2,DOL,NWEST,Kingsmead,20518,Bradley Porteous,6,21,20,1,1,c (sub)Gideon Peters b Bamanye Xenxe,False,False
103476,2024-25,2024-10-09 16:00,2,DOL,NWEST,Kingsmead,18687,Andile Simelane,7,9,9,1,0,st Meeka eel Prince b Caleb Seleka,False,False
103476,2024-25,2024-10-09 16:00,2,DOL,NWEST,Kingsmead,8530,Prenelan Subrayen,8,0,1,0,0,c and b Bamanye Xenxe,False,False
103476,2024-25,2024-10-09 16:00,2,DOL,NWEST,Kingsmead,9720,Keshav Maharaj,9,7,7,1,0,c Ruan de Swardt b Bamanye Xenxe,True,False
103476,2024-25,2024-10-09 16:00,2,DOL,NWEST,Kingsmead,10079,Daryn Dupavillon,10,4,7,0,0,c Meeka eel Prince b Migael Pretorius,False,False
103476,2024-25,2024-10-09 16:00,2,DOL,NWEST,Kingsmead,12191,Okuhle Cele,11,5,7,0,0,not out,False,False
103485,2024-25,2024-10-09 16:00,1,LIONS,KNG,Mangaung Oval,14430,Joshua Richards,1,8,11,0,0,c Snyman b S Langa,False,False
103485,2024-25,2024-10-09 16:00,1,LIONS,KNG,Mangaung Oval,11205,Wandile Makwetu,2,40,34,3,1,c Dian Forrester b Phangiso,False,True
103485,2024-25,2024-10-09 16:00,1,LIONS,KNG,Mangaung Oval,10973,Zubayr Hamza,3,8,8,1,0,c Rossouw b Phangiso,False,False
103485,2024-25,2024-10-09 16:00,1,LIONS,KNG,Mangaung Oval,19057,Van Buuren,4,32,22,1,1,c Gihahn Cloete b Phangiso,True,False
103485,2024-25,2024-10-09 16:00,1,LIONS,KNG,Mangaung Oval,24622,Connor Esterhuizen,5,16,15,1,0,c Tiaan van Vuuren b Siboto,False,False
103485,2024-25,2024-10-09 16:00,1,LIONS,KNG,Mangaung Oval,14566,Delano Potgieter,6,13,11,0,1,c Tiaan van Vuuren b S Langa,False,False
103485,2024-25,2024-10-09 16:00,1,LIONS,KNG,Mangaung Oval,20308,Evan Jones,7,10,11,0,0,c Rossouw b Siboto,False,False
103485,2024-25,2024-10-09 16:00,1,LIONS,KNG,Mangaung Oval,24546,Codi Yusuf,8,7,6,0,0,not out,False,False
103485,2024-25,2024-10-09 16:00,1,LIONS,KNG,Mangaung Oval,11208,Sipamla,9,2,2,0,0,not out,False,False
103485,2024-25,2024-10-09 16:00,1,LIONS,KNG,Mangaung Oval,10679,Tshepo Moreki,10,0,0,0,0,,False,False
103485,2024-25,2024-10-09 16:00,1,LIONS,KNG,Mangaung Oval,13629,Dawood,11,0,0,0,0,,False,False
103485,2024-25,2024-10-09 16:00,2,KNG,LIONS,Mangaung Oval,14552,Jacques Snyman,1,4,6,1,0,c Sipamla b Codi Yusuf,False,False
103485,2024-25,2024-10-09 16:00,2,KNG,LIONS,Mangaung Oval,18142,Lesego Senokwane,2,7,8,0,0,b Codi Yusuf,False,False
103485,2024-25,2024-10-09 16:00,2,KNG,LIONS,Mangaung Oval,2244,Rilee Rossouw,3,6,6,1,0,c Connor Esterhuizen b Tshepo Moreki,False,False
103485,2024-25,2024-10-09 16:00,2,KNG,LIONS,Mangaung Oval,8517,Gihahn Cloete,4,17,25,2,0,run out (Joshua Richards),False,True
103485,2024-25,2024-10-09 16:00,2,KNG,LIONS,Mangaung Oval,16821,Garnett Tarr,5,0,4,0,0,c Delano Potgieter b Evan Jones,False,False
103485,2024-25,2024-10-09 16:00,2,KNG,LIONS,Mangaung Oval,50444,Dian Forrester,6,0,3,0,0,c and b Evan Jones,False,False
103485,2024-25,2024-10-09 16:00,2,KNG,LIONS,Mangaung Oval,7649,Aaron Phangiso,7,24,21,2,0,c Sipamla b Dawood,False,False
103485,2024-25,2024-10-09 16:00,2,KNG,LIONS,Mangaung Oval,15127,Tiaan van Vuuren,8,21,21,0,1,c Sipamla b Dawood,False,False
103485,2024-25,2024-10-09 16:00,2,KNG,LIONS,Mangaung Oval,9530,Dane Piedt,9,2,4,0,0,run out (Evan Jones),True,False
103485,2024-25,2024-10-09 16:00,2,KNG,LIONS,Mangaung Oval,9708,Malusi Siboto,10,1,4,0,0,c Wandile Makwetu b Sipamla,False,False
103485,2024-25,2024-10-09 16:00,2,KNG,LIONS,Mangaung Oval,13523,Sithembile Langa,11,2,5,0,0,not out,False,False
103492,2024-25,2024-10-09 16:00,1,TIT,BOL,SuperSport Park,50545,Lhuan-dre Pretorius,1,3,6,0,0,lbw b Keith Dudgeon,False,False
103492,2024-25,2024-10-09 16:00,1,TIT,BOL,SuperSport Park,11206,Rivaldo Moonsamy,2,38,21,4,2,b Ferisco Adams,False,False
103492,2024-25,2024-10-09 16:00,1,TIT,BOL,SuperSport Park,10178,Keegan Petersen,3,8,7,1,0,c and b Ferisco Adams,True,False
103492,2024-25,2024-10-09 16:00,1,TIT,BOL,SuperSport Park,10209,Klaasen,4,71,32,5,5,not out,False,True
103492,2024-25,2024-10-09 16:00,1,TIT,BOL,SuperSport Park,9801,Makhanya,5,20,11,2,1,c Kaplan b Imran Manack,False,False
103492,2024-25,2024-10-09 16:00,1,TIT,BOL,SuperSport Park,14798,Donovan Ferreira,6,23,13,4,0,not out,False,False
103492,2024-25,2024-10-09 16:00,1,TIT,BOL,SuperSport Park,9581,D Galiem,7,0,0,0,0,,False,False
103492,2024-25,2024-10-09 16:00,1,TIT,BOL,SuperSport Park,9601,Phehlukwayo,8,0,0,0,0,,False,False
103492,2024-25,2024-10-09 16:00,1,TIT,BOL,SuperSport Park,9576,Corbin Bosch,9,0,0,0,0,,False,False
103492,2024-25,2024-10-09 16:00,1,TIT,BOL,SuperSport Park,23341,Matthew Boast,10,0,0,0,0,,False,False
103492,2024-25,2024-10-09 16:00,1,TIT,BOL,SuperSport Park,14428,Tsepo Ndwandwa,11,0,0,0,0,,False,False
103492,2024-25,2024-10-09 16:00,2,BOL,TIT,SuperSport Park,11891,Pieter Malan,1,2,4,0,0,c Corbin Bosch b D Galiem,False,False
103492,2024-25,2024-10-09 16:00,2,BOL,TIT,SuperSport Park,14187,Grant Roelofsen,2,26,20,3,1,b Corbin Bosch,False,True
103492,2024-25,2024-10-09 16:00,2,BOL,TIT,SuperSport Park,22051,Gavin Kaplan,3,1,5,0,0,c Matthew Boast b D Galiem,False,False
103492,2024-25,2024-10-09 16:00,2,BOL,TIT,SuperSport Park,9580,Clyde Fortuin,4,0,2,0,0,b D Galiem,True,False
103492,2024-25,2024-10-09 16:00,2,BOL,TIT,SuperSport Park,15123,Michael Copeland,5,1,3,0,0,c Donovan Ferreira b Matthew Boast,False,False
103492,2024-25,2024-10-09 16:00,2,BOL,TIT,SuperSport Park,12592,Keith Dudgeon,6,4,11,0,0,c Klaasen b Phehlukwayo,False,False
103492,2024-25,2024-10-09 16:00,2,BOL,TIT,SuperSport Park,9489,Ayabulela Gqamane,7,26,18,3,1,run out (Rivaldo Moonsamy),False,False
103492,2024-25,2024-10-09 16:00,2,BOL,TIT,SuperSport Park,14687,Imran Manack,8,2,6,0,0,b Tsepo Ndwandwa,False,False
103492,2024-25,2024-10-09 16:00,2,BOL,TIT,SuperSport Park,14516,Glenton Stuurman,9,6,6,1,0,b Phehlukwayo,False,False
103492,2024-25,2024-10-09 16:00,2,BOL,TIT,SuperSport Park,13066,Akhona Mnyaka,10,2,5,0,0,not out,False,False
103492,2024-25,2024-10-09 16:00,2,BOL,TIT,SuperSport Park,10194,Ferisco Adams,11,0,0,0,0,abs hurt,False,False
103501,2024-25,2024-10-12 12:00,1,BOL,LIONS,Boland Park,9580,Fortuin,1,12,13,1,0,c Bjorn Fortuin b Sipamla,True,False
103501,2024-25,2024-10-12 12:00,1,BOL,LIONS,Boland Park,14187,Roelofsen,2,27,29,3,0,c Nqaba Peter b Dawood,False,True
103501,2024-25,2024-10-12 12:00,1,BOL,LIONS,Boland Park,22051,Kaplan,3,53,41,1,2,not out,False,False
103501,2024-25,2024-10-12 12:00,1,BOL,LIONS,Boland Park,9766,Mgijima,4,11,8,0,0,c Zubayr Hamza b Dawood,False,False
103501,2024-25,2024-10-12 12:00,1,BOL,LIONS,Boland Park,1423887,Lehan Botha,5,6,7,0,0,c Connor Esterhuizen b Dawood,False,False
103501,2024-25,2024-10-12 12:00,1,BOL,LIONS,Boland Park,9736,von Berg,6,5,11,0,0,lbw b Nqaba Peter,False,False
103501,2024-25,2024-10-12 12:00,1,BOL,LIONS,Boland Park,12592,Keith Dudgeon,7,1,4,0,0,c Zubayr Hamza b Evan Jones,False,False
103501,2024-25,2024-10-12 12:00,1,BOL,LIONS,Boland Park,9489,Gqamane,8,7,6,1,0,c Evan Jones b Sipamla,False,False
103501,2024-25,2024-10-12 12:00,1,BOL,LIONS,Boland Park,14687,Imran Manack,9,1,1,0,0,not out,False,False
103501,2024-25,2024-10-12 12:00,1,BOL,LIONS,Boland Park,14516,Glenton Stuurman,10,0,0,0,0,,False,False
103501,2024-25,2024-10-12 12:00,1,BOL,LIONS,Boland Park,19058,Mahima,11,0,0,0,0,,False,False
103501,2024-25,2024-10-12 12:00,2,LIONS,BOL,Boland Park,9491,Reeza Hendricks,1,72,50,4,4,not out,False,False
103501,2024-25,2024-10-12 12:00,2,LIONS,BOL,Boland Park,11205,Wandile Makwetu,2,6,8,1,0,c Roelofsen b Keith Dudgeon,False,False
103501,2024-25,2024-10-12 12:00,2,LIONS,BOL,Boland Park,10973,Zubayr Hamza,3,37,45,2,0,c Kaplan b Keith Dudgeon,False,False
103501,2024-25,2024-10-12 12:00,2,LIONS,BOL,Boland Park,19057,Mitchell Van Buuren,4,1,6,0,0,b Glenton Stuurman,False,False
103501,2024-25,2024-10-12 12:00,2,LIONS,BOL,Boland Park,24622,Connor Esterhuizen,5,7,5,1,0,c Fortuin b Imran Manack,False,True
103501,2024-25,2024-10-12 12:00,2,LIONS,BOL,Boland Park,14566,Delano Potgieter,6,9,4,0,1,not out,False,False
103501,2024-25,2024-10-12 12:00,2,LIONS,BOL,Boland Park,20308,Evan Jones,7,0,0,0,0,,False,False
103501,2024-25,2024-10-12 12:00,2,LIONS,BOL,Boland Park,10676,Bjorn Fortuin,8,0,0,0,0,,True,False
103501,2024-25,2024-10-12 12:00,2,LIONS,BOL,Boland Park,20428,Nqaba Peter,9,0,0,0,0,,False,False
103501,2024-25,2024-10-12 12:00,2,LIONS,BOL,Boland Park,11208,Lutho Sipamla,10,0,0,0,0,,False,False
103501,2024-25,2024-10-12 12:00,2,LIONS,BOL,Boland Park,13629,Junaid Dawood,11,0,0,0,0,,False,False
103510,2024-25,2024-10-12 16:00,1,WAR,NWEST,St George's Park,41704,JP King,1,61,33,6,3,c Ngoepe b Mungroo,False,False
103510,2024-25,2024-10-12 16:00,1,WAR,NWEST,St George's Park,13101,Jiveshan Pillay,2,25,21,3,1,c Janneman Malan b Mungroo,False,False
103510,2024-25,2024-10-12 16:00,1,WAR,NWEST,St George's Park,16433,Beyers Swanepoel,3,22,11,4,0,retd hurt,False,False
103510,2024-25,2024-10-12 16:00,1,WAR,NWEST,St George's Park,13667,Qeshile,4,53,26,5,2,c Achille Cloete b Migael Pretorius,False,False
103510,2024-25,2024-10-12 16:00,1,WAR,NWEST,St George's Park,11902,Patrick Kruger,5,34,21,3,2,c Wihan Lubbe b Caleb Seleka,False,False
103510,2024-25,2024-10-12 16:00,1,WAR,NWEST,St George's Park,13318,Jean du Plessis,6,16,6,3,0,not out,False,True
103510,2024-25,2024-10-12 16:00,1,WAR,NWEST,St George's Park,1431435,Christopher King,7,0,1,0,0,b Migael Pretorius,False,False
103510,2024-25,2024-10-12 16:00,1,WAR,NWEST,St George's Park,13323,Andile Mokgakane,8,1,1,0,0,not out,False,False
103510,2024-25,2024-10-12 16:00,1,WAR,NWEST,St George's Park,11427,Nortje,9,0,0,0,0,,False,False
103510,2024-25,2024-10-12 16:00,1,WAR,NWEST,St George's Park,9714,Simetu,10,0,0,0,0,,True,False
103510,2024-25,2024-10-12 16:00,1,WAR,NWEST,St George's Park,12587,Shimane Mothoa,11,0,0,0,0,,False,False
103510,2024-25,2024-10-12 16:00,1,WAR,NWEST,St George's Park,9823,Olivier,12,0,0,0,0,,False,False
103510,2024-25,2024-10-12 16:00,2,NWEST,WAR,St George's Park,1432803,Ludwich Schuld,1,18,19,1,0,c (sub)Ethan Frosler b JP King,False,False
103510,2024-25,2024-10-12 16:00,2,NWEST,WAR,St George's Park,13067,Janneman Malan,2,111,60,11,5,not out,False,False
103510,2024-25,2024-10-12 16:00,2,NWEST,WAR,St George's Park,11497,Wihan Lubbe,3,16,11,2,0,b Shimane Mothoa,True,False
103510,2024-25,2024-10-12 16:00,2,NWEST,WAR,St George's Park,9735,Lesiba Ngoepe,4,41,27,2,2,c (sub)Ethan Frosler b Olivier,False,False
103510,2024-25,2024-10-12 16:00,2,NWEST,WAR,St George's Park,15852,Ruan de Swardt,5,7,4,0,1,not out,False,False
103510,2024-25,2024-10-12 16:00,2,NWEST,WAR,St George's Park,31951,Meeka eel Prince,6,0,0,0,0,,False,True
103510,2024-25,2024-10-12 16:00,2,NWEST,WAR,St George's Park,13069,Migael Pretorius,7,0,0,0,0,,False,False
103510,2024-25,2024-10-12 16:00,2,NWEST,WAR,St George's Park,20417,Bamanye Xenxe,8,0,0,0,0,,False,False
103510,2024-25,2024-10-12 16:00,2,NWEST,WAR,St George's Park,20526,Caleb Seleka,9,0,0,0,0,,False,False
103510,2024-25,2024-10-12 16:00,2,NWEST,WAR,St George's Park,13150,Kerwin Mungroo,10,0,0,0,0,,False,False
103510,2024-25,2024-10-12 16:00,2,NWEST,WAR,St George's Park,14583,Achille Cloete,11,0,0,0,0,,False,False
103512,2024-25,2024-10-13 12:00,1,WPR,DOL,Kingsmead,14582,Jonathan Bird,1,53,38,2,3,c MJ Ackerman b Simelane,False,False
103512,2024-25,2024-10-13 12:00,1,WPR,DOL,Kingsmead,9763,Moore,2,19,12,2,1,c Bryce Parsons b Simelane,False,False
103512,2024-25,2024-10-13 12:00,1,WPR,DOL,Kingsmead,12223,Kyle Simmonds,3,4,3,1,0,c Subrayen b Simelane,False,False
103512,2024-25,2024-10-13 12:00,1,WPR,DOL,Kingsmead,50976,Valentine Kitime,4,26,21,1,1,run out (Hanu Viljoen),False,False
103512,2024-25,2024-10-13 12:00,1,WPR,DOL,Kingsmead,17026,Mpongwana,5,30,20,2,2,not out,False,False
103512,2024-25,2024-10-13 12:00,1,WPR,DOL,Kingsmead,10187,George Linde,6,17,12,3,0,c (sub)Nqobani Mokoena b Okuhle Cele,False,False
103512,2024-25,2024-10-13 12:00,1,WPR,DOL,Kingsmead,20267,Daniel Smith,7,1,3,0,0,c Dithole b Okuhle Cele,False,True
103512,2024-25,2024-10-13 12:00,1,WPR,DOL,Kingsmead,31972,Juan James,8,3,3,0,0,retd hurt,False,False
103512,2024-25,2024-10-13 12:00,1,WPR,DOL,Kingsmead,9490,B Hendricks,9,8,9,1,0,not out,True,False
103512,2024-25,2024-10-13 12:00,1,WPR,DOL,Kingsmead,13151,Nabe,10,0,0,0,0,,False,False
103512,2024-25,2024-10-13 12:00,1,WPR,DOL,Kingsmead,53454,Wesley Bedja,11,0,0,0,0,,False,False
103512,2024-25,2024-10-13 12:00,2,DOL,WPR,Kingsmead,10687,Tshepang Dithole,1,5,4,1,0,st Daniel Smith b Kyle Simmonds,False,True
103512,2024-25,2024-10-13 12:00,2,DOL,WPR,Kingsmead,24041,Slade van Staden,2,7,7,1,0,c Jonathan Bird b Mpongwana,False,False
103512,2024-25,2024-10-13 12:00,2,DOL,WPR,Kingsmead,12188,Marques Ackerman,3,74,47,8,1,st Daniel Smith b Kyle Simmonds,False,False
103512,2024-25,2024-10-13 12:00,2,DOL,WPR,Kingsmead,9587,Jason Smith,4,39,25,4,2,c Moore b Jonathan Bird,False,False
103512,2024-25,2024-10-13 12:00,2,DOL,WPR,Kingsmead,14586,Bryce Parsons,5,27,20,1,1,not out,False,False
103512,2024-25,2024-10-13 12:00,2,DOL,WPR,Kingsmead,20518,Bradley Porteous,6,7,7,1,0,lbw b Mpongwana,False,False
103512,2024-25,2024-10-13 12:00,2,DOL,WPR,Kingsmead,20327,Hanu Viljoen,7,1,3,0,0,b Mpongwana,False,False
103512,2024-25,2024-10-13 12:00,2,DOL,WPR,Kingsmead,18687,Andile Simelane,8,4,1,1,0,not out,False,False
103512,2024-25,2024-10-13 12:00,2,DOL,WPR,Kingsmead,8530,Prenelan Subrayen,9,0,0,0,0,,True,False
103512,2024-25,2024-10-13 12:00,2,DOL,WPR,Kingsmead,13100,Ottneil Baartman,10,0,0,0,0,,False,False
103512,2024-25,2024-10-13 12:00,2,DOL,WPR,Kingsmead,12191,Okuhle Cele,11,0,0,0,0,,False,False
103521,2024-25,2024-10-13 12:00,1,KNG,TIT,SuperSport Park,14552,Snyman,1,44,18,6,3,c Donovan Ferreira b D Galiem,False,False
103521,2024-25,2024-10-13 12:00,1,KNG,TIT,SuperSport Park,18142,Lesego Senokwane,2,9,11,2,0,c Keegan Petersen b Corbin Bosch,False,False
103521,2024-25,2024-10-13 12:00,1,KNG,TIT,SuperSport Park,2244,Rossouw,3,66,32,4,6,c Gerald Coetzee b Makhanya,False,False
103521,2024-25,2024-10-13 12:00,1,KNG,TIT,SuperSport Park,8517,Gihahn Cloete,4,12,15,2,0,c Lhuan-dre Pretorius b Letsholo Selemela,False,True
103521,2024-25,2024-10-13 12:00,1,KNG,TIT,SuperSport Park,16821,Garnett Tarr,5,15,10,1,1,c Letsholo Selemela b Gerald Coetzee,False,False
103521,2024-25,2024-10-13 12:00,1,KNG,TIT,SuperSport Park,10797,Swanepoel,6,37,19,5,1,not out,False,False
103521,2024-25,2024-10-13 12:00,1,KNG,TIT,SuperSport Park,15127,Tiaan van Vuuren,7,14,10,1,1,c Corbin Bosch b Gerald Coetzee,False,False
103521,2024-25,2024-10-13 12:00,1,KNG,TIT,SuperSport Park,7649,Phangiso,8,15,6,3,0,not out,True,False
103521,2024-25,2024-10-13 12:00,1,KNG,TIT,SuperSport Park,9708,Siboto,9,0,0,0,0,,False,False
103521,2024-25,2024-10-13 12:00,1,KNG,TIT,SuperSport Park,20317,Johan van Dyk,10,0,0,0,0,,False,False
103521,2024-25,2024-10-13 12:00,1,KNG,TIT,SuperSport Park,13523,S Langa,11,0,0,0,0,,False,False
103521,2024-25,2024-10-13 12:00,2,TIT,KNG,SuperSport Park,50545,Lhuan-dre Pretorius,1,21,11,1,2,c Phangiso b Tiaan van Vuuren,False,False
103521,2024-25,2024-10-13 12:00,2,TIT,KNG,SuperSport Park,11206,Rivaldo Moonsamy,2,31,24,4,1,b Siboto,False,False
103521,2024-25,2024-10-13 12:00,2,TIT,KNG,SuperSport Park,10178,Keegan Petersen,3,11,11,1,0,st Gihahn Cloete b Phangiso,True,False
103521,2024-25,2024-10-13 12:00,2,TIT,KNG,SuperSport Park,10209,Heinrich Klaasen,4,4,4,0,0,c Garnett Tarr b Phangiso,False,True
103521,2024-25,2024-10-13 12:00,2,TIT,KNG,SuperSport Park,9801,Sibonelo Makhanya,5,34,23,1,3,c Johan van Dyk b S Langa,False,False
103521,2024-25,2024-10-13 12:00,2,TIT,KNG,SuperSport Park,14798,Donovan Ferreira,6,48,28,1,5,c Phangiso b Siboto,False,False
103521,2024-25,2024-10-13 12:00,2,TIT,KNG,SuperSport Park,9581,Dayyaan Galiem,7,21,13,0,2,not out,False,False
103521,2024-25,2024-10-13 12:00,2,TIT,KNG,SuperSport Park,9576,Corbin Bosch,8,16,7,1,1,not out,False,False
103521,2024-25,2024-10-13 12:00,2,TIT,KNG,SuperSport Park,13320,Gerald Coetzee,9,0,0,0,0,,False,False
103521,2024-25,2024-10-13 12:00,2,TIT,KNG,SuperSport Park,14428,Tsepo Ndwandwa,10,0,0,0,0,,False,False
103521,2024-25,2024-10-13 12:00,2,TIT,KNG,SuperSport Park,1432889,Letsholo Selemela,11,0,0,0,0,,False,False
103528,2024-25,2024-10-16 16:00,1,BOL,WAR,Boland Park,9580,Fortuin,1,50,35,3,3,b Liam Alder,True,False
103528,2024-25,2024-10-16 16:00,1,BOL,WAR,Boland Park,14187,Roelofsen,2,26,22,1,1,c Patrick Kruger b Simetu,False,True
103528,2024-25,2024-10-16 16:00,1,BOL,WAR,Boland Park,22051,Kaplan,3,3,4,0,0,b Liam Alder,False,False
103528,2024-25,2024-10-16 16:00,1,BOL,WAR,Boland Park,9766,Mgijima,4,40,30,1,2,c Beyers Swanepoel b Patrick Kruger,False,False
103528,2024-25,2024-10-16 16:00,1,BOL,WAR,Boland Park,1423887,Lehan Botha,5,18,18,0,0,c Andile Mokgakane b Shimane Mothoa,False,False
103528,2024-25,2024-10-16 16:00,1,BOL,WAR,Boland Park,9736,von Berg,6,6,6,0,0,run out (Jean du Plessis),False,False
103528,2024-25,2024-10-16 16:00,1,BOL,WAR,Boland Park,12592,Keith Dudgeon,7,18,5,2,1,not out,False,False
103528,2024-25,2024-10-16 16:00,1,BOL,WAR,Boland Park,9489,Gqamane,8,1,1,0,0,not out,False,False
103528,2024-25,2024-10-16 16:00,1,BOL,WAR,Boland Park,14516,Glenton Stuurman,9,0,0,0,0,,False,False
103528,2024-25,2024-10-16 16:00,1,BOL,WAR,Boland Park,19058,Mahima,10,0,0,0,0,,False,False
103528,2024-25,2024-10-16 16:00,1,BOL,WAR,Boland Park,14687,Imran Manack,11,0,0,0,0,,False,False
103528,2024-25,2024-10-16 16:00,2,WAR,BOL,Boland Park,21386,Jordan Hermann,1,19,15,2,1,c Gqamane b Keith Dudgeon,False,False
103528,2024-25,2024-10-16 16:00,2,WAR,BOL,Boland Park,41704,JP King,2,1,4,0,0,lbw b Glenton Stuurman,False,False
103528,2024-25,2024-10-16 16:00,2,WAR,BOL,Boland Park,16433,Beyers Swanepoel,3,15,9,3,0,b Glenton Stuurman,False,False
103528,2024-25,2024-10-16 16:00,2,WAR,BOL,Boland Park,13318,Jean du Plessis,4,34,31,1,0,c Mgijima b Gqamane,False,True
103528,2024-25,2024-10-16 16:00,2,WAR,BOL,Boland Park,13667,Sinethemba Qeshile,5,4,7,0,0,run out (Mahima),False,False
103528,2024-25,2024-10-16 16:00,2,WAR,BOL,Boland Park,13101,Jiveshan Pillay,6,17,15,0,1,b Gqamane,False,False
103528,2024-25,2024-10-16 16:00,2,WAR,BOL,Boland Park,11902,Patrick Kruger,7,51,28,5,3,c Fortuin b Gqamane,False,False
103528,2024-25,2024-10-16 16:00,2,WAR,BOL,Boland Park,13323,Andile Mokgakane,8,9,8,1,0,b Glenton Stuurman,False,False
103528,2024-25,2024-10-16 16:00,2,WAR,BOL,Boland Park,20566,Liam Alder,9,0,1,0,0,b Glenton Stuurman,False,False
103528,2024-25,2024-10-16 16:00,2,WAR,BOL,Boland Park,9714,Siya Simetu,10,0,1,0,0,b Glenton Stuurman,True,False
103528,2024-25,2024-10-16 16:00,2,WAR,BOL,Boland Park,12587,Shimane Alfred Mothoa,11,0,0,0,0,not out,False,False
103528,2024-25,2024-10-16 16:00,2,WAR,BOL,Boland Park,20372,Nealan van Heerden,12,0,0,0,0,not out,False,False
103530,2024-25,2024-10-16 16:00,1,KNG,DOL,Mangaung Oval,14552,Snyman,1,58,37,6,2,c Hanu Viljoen b J Smith,False,False
103530,2024-25,2024-10-16 16:00,1,KNG,DOL,Mangaung Oval,18142,Lesego Senokwane,2,19,13,2,0,c Ottneil Baartman b Okuhle Cele,False,False
103530,2024-25,2024-10-16 16:00,1,KNG,DOL,Mangaung Oval,2244,Rossouw,3,20,23,1,0,b J Smith,False,False
103530,2024-25,2024-10-16 16:00,1,KNG,DOL,Mangaung Oval,10197,Patrick Botha,4,10,13,0,0,c MJ Ackerman b Ottneil Baartman,False,False
103530,2024-25,2024-10-16 16:00,1,KNG,DOL,Mangaung Oval,10797,Swanepoel,5,14,9,1,1,c Slade van Staden b J Smith,False,False
103530,2024-25,2024-10-16 16:00,1,KNG,DOL,Mangaung Oval,15127,Tiaan van Vuuren,6,6,7,0,0,run out (MJ Ackerman/Dithole),False,False
103530,2024-25,2024-10-16 16:00,1,KNG,DOL,Mangaung Oval,8517,Gihahn Cloete,7,0,2,0,0,b Ottneil Baartman,False,True
103530,2024-25,2024-10-16 16:00,1,KNG,DOL,Mangaung Oval,7649,Phangiso,8,2,2,0,0,run out (Dithole),True,False
103530,2024-25,2024-10-16 16:00,1,KNG,DOL,Mangaung Oval,20317,Johan van Dyk,9,14,13,1,1,c MJ Ackerman b Okuhle Cele,False,False
103530,2024-25,2024-10-16 16:00,1,KNG,DOL,Mangaung Oval,9708,Siboto,10,0,1,0,0,not out,False,False
103530,2024-25,2024-10-16 16:00,1,KNG,DOL,Mangaung Oval,13523,S Langa,11,0,0,0,0,,False,False
103530,2024-25,2024-10-16 16:00,2,DOL,KNG,Mangaung Oval,7668,JJ Smuts,1,3,3,0,0,run out (Tiaan van Vuuren),False,False
103530,2024-25,2024-10-16 16:00,2,DOL,KNG,Mangaung Oval,10687,Tshepang Dithole,2,5,6,1,0,b Johan van Dyk,False,True
103530,2024-25,2024-10-16 16:00,2,DOL,KNG,Mangaung Oval,12188,Marques Ackerman,3,28,18,5,0,c Gihahn Cloete b S Langa,False,False
103530,2024-25,2024-10-16 16:00,2,DOL,KNG,Mangaung Oval,9587,Jason Smith,4,65,44,6,2,not out,False,False
103530,2024-25,2024-10-16 16:00,2,DOL,KNG,Mangaung Oval,14586,Bryce Parsons,5,17,17,2,0,c Gihahn Cloete b S Langa,False,False
103530,2024-25,2024-10-16 16:00,2,DOL,KNG,Mangaung Oval,24041,Slade van Staden,6,25,24,0,1,not out,False,False
103530,2024-25,2024-10-16 16:00,2,DOL,KNG,Mangaung Oval,20327,Hanu Viljoen,7,0,0,0,0,,False,False
103530,2024-25,2024-10-16 16:00,2,DOL,KNG,Mangaung Oval,18687,Andile Simelane,8,0,0,0,0,,False,False
103530,2024-25,2024-10-16 16:00,2,DOL,KNG,Mangaung Oval,8530,Prenelan Subrayen,9,0,0,0,0,,True,False
103530,2024-25,2024-10-16 16:00,2,DOL,KNG,Mangaung Oval,12191,Okuhle Cele,10,0,0,0,0,,False,False
103530,2024-25,2024-10-16 16:00,2,DOL,KNG,Mangaung Oval,13100,Ottneil Baartman,11,0,0,0,0,,False,False
103539,2024-25,2024-10-16 16:00,1,LIONS,WPR,The Wanderers Stadium,9491,Reeza Hendricks,1,6,8,1,0,lbw b Mpongwana,False,False
103539,2024-25,2024-10-16 16:00,1,LIONS,WPR,The Wanderers Stadium,11205,Wandile Makwetu,2,41,25,3,3,c B Hendricks b Nabe,False,True
103539,2024-25,2024-10-16 16:00,1,LIONS,WPR,The Wanderers Stadium,9554,van der Dussen,3,43,33,3,3,c Moore b Nabe,False,False
103539,2024-25,2024-10-16 16:00,1,LIONS,WPR,The Wanderers Stadium,24622,Connor Esterhuizen,4,8,12,0,0,c Daniel Smith b Wesley Bedja,False,False
103539,2024-25,2024-10-16 16:00,1,LIONS,WPR,The Wanderers Stadium,14566,Delano Potgieter,5,16,19,2,0,c Abdullah Bayoumy b B Hendricks,False,False
103539,2024-25,2024-10-16 16:00,1,LIONS,WPR,The Wanderers Stadium,19057,Van Buuren,6,4,4,0,0,b George Linde,False,False
103539,2024-25,2024-10-16 16:00,1,LIONS,WPR,The Wanderers Stadium,20308,Evan Jones,7,10,14,0,0,run out (Mpongwana),False,False
103539,2024-25,2024-10-16 16:00,1,LIONS,WPR,The Wanderers Stadium,10676,Bjorn Fortuin,8,10,7,1,0,not out,True,False
103539,2024-25,2024-10-16 16:00,1,LIONS,WPR,The Wanderers Stadium,24546,Codi Yusuf,9,0,0,0,0,not out,False,False
103539,2024-25,2024-10-16 16:00,1,LIONS,WPR,The Wanderers Stadium,20428,Nqaba Peter,10,0,0,0,0,,False,False
103539,2024-25,2024-10-16 16:00,1,LIONS,WPR,The Wanderers Stadium,23346,Kwena Maphaka,11,0,0,0,0,,False,False
103539,2024-25,2024-10-16 16:00,2,WPR,LIONS,The Wanderers Stadium,14582,Jonathan Bird,1,0,2,0,0,c Delano Potgieter b Codi Yusuf,False,False
103539,2024-25,2024-10-16 16:00,2,WPR,LIONS,The Wanderers Stadium,20267,Daniel Smith,2,18,9,4,0,b Delano Potgieter,False,True
103539,2024-25,2024-10-16 16:00,2,WPR,LIONS,The Wanderers Stadium,50976,Sello Valentine Kitime,3,1,5,0,0,c Wandile Makwetu b Kwena Maphaka,False,False
103539,2024-25,2024-10-16 16:00,2,WPR,LIONS,The Wanderers Stadium,9763,Edward Moore,4,87,62,5,5,not out,False,False
103539,2024-25,2024-10-16 16:00,2,WPR,LIONS,The Wanderers Stadium,17026,Mihlali Mpongwana,5,1,2,0,0,run out (Kwena Maphaka/Delano Potgieter),False,False
103539,2024-25,2024-10-16 16:00,2,WPR,LIONS,The Wanderers Stadium,10187,George Linde,6,6,11,1,0,c Bjorn Fortuin b Delano Potgieter,False,False
103539,2024-25,2024-10-16 16:00,2,WPR,LIONS,The Wanderers Stadium,31979,Abdullah Bayoumy,7,18,23,0,1,b Nqaba Peter,False,False
103539,2024-25,2024-10-16 16:00,2,WPR,LIONS,The Wanderers Stadium,12223,Kyle Simmonds,8,1,4,0,0,not out,False,False
103539,2024-25,2024-10-16 16:00,2,WPR,LIONS,The Wanderers Stadium,9490,Beuran Hendricks,9,0,0,0,0,,True,False
103539,2024-25,2024-10-16 16:00,2,WPR,LIONS,The Wanderers Stadium,13151,Mthiwekhaya Nabe,10,0,0,0,0,,False,False
103539,2024-25,2024-10-16 16:00,2,WPR,LIONS,The Wanderers Stadium,53454,Wesley Bedja,11,0,0,0,0,,False,False
103555,2024-25,2024-10-18 16:00,1,KNG,WPR,Newlands,14552,Snyman,1,28,21,5,0,run out (George Linde),False,False
103555,2024-25,2024-10-18 16:00,1,KNG,WPR,Newlands,16821,Garnett Tarr,2,15,16,3,0,c Daniel Smith b B Hendricks,False,True
103555,2024-25,2024-10-18 16:00,1,KNG,WPR,Newlands,18142,Lesego Senokwane,3,25,24,1,1,c and b Kyle Simmonds,False,False
103555,2024-25,2024-10-18 16:00,1,KNG,WPR,Newlands,50444,Dian Forrester,4,39,26,2,1,c and b B Hendricks,False,False
103555,2024-25,2024-10-18 16:00,1,KNG,WPR,Newlands,10797,Swanepoel,5,1,3,0,0,c Daniel Smith b Nabe,False,False
103555,2024-25,2024-10-18 16:00,1,KNG,WPR,Newlands,51098,Seth Flerdermaus,6,13,12,0,1,b Wesley Bedja,False,False
103555,2024-25,2024-10-18 16:00,1,KNG,WPR,Newlands,10197,Patrick Botha,7,0,1,0,0,c B Hendricks b Wesley Bedja,False,False
103555,2024-25,2024-10-18 16:00,1,KNG,WPR,Newlands,15127,Tiaan van Vuuren,8,15,11,2,0,not out,False,False
103555,2024-25,2024-10-18 16:00,1,KNG,WPR,Newlands,7649,Phangiso,9,13,6,1,1,not out,True,False
103555,2024-25,2024-10-18 16:00,1,KNG,WPR,Newlands,13523,S Langa,10,0,0,0,0,,False,False
103555,2024-25,2024-10-18 16:00,1,KNG,WPR,Newlands,9708,Siboto,11,0,0,0,0,,False,False
103555,2024-25,2024-10-18 16:00,2,WPR,KNG,Newlands,14582,Jonathan Bird,1,16,17,2,0,c Garnett Tarr b S Langa,False,False
103555,2024-25,2024-10-18 16:00,2,WPR,KNG,Newlands,20267,Daniel Smith,2,57,33,9,0,run out (Lesego Senokwane),False,True
103555,2024-25,2024-10-18 16:00,2,WPR,KNG,Newlands,50976,Sello Valentine Kitime,3,15,15,2,0,st Garnett Tarr b Seth Flerdermaus,False,False
103555,2024-25,2024-10-18 16:00,2,WPR,KNG,Newlands,9763,Edward Moore,4,31,23,1,1,not out,False,False
103555,2024-25,2024-10-18 16:00,2,WPR,KNG,Newlands,17026,Mihlali Mpongwana,5,22,20,0,1,c Tiaan van Vuuren b Seth Flerdermaus,False,False
103555,2024-25,2024-10-18 16:00,2,WPR,KNG,Newlands,10187,George Linde,6,18,5,1,2,not out,False,False
103555,2024-25,2024-10-18 16:00,2,WPR,KNG,Newlands,31979,Abdullah Bayoumy,7,0,0,0,0,,False,False
103555,2024-25,2024-10-18 16:00,2,WPR,KNG,Newlands,12223,Kyle Simmonds,8,0,0,0,0,,False,False
103555,2024-25,2024-10-18 16:00,2,WPR,KNG,Newlands,9490,Beuran Hendricks,9,0,0,0,0,,True,False
103555,2024-25,2024-10-18 16:00,2,WPR,KNG,Newlands,13151,Mthiwekhaya Nabe,10,0,0,0,0,,False,False
103555,2024-25,2024-10-18 16:00,2,WPR,KNG,Newlands,53454,Wesley Bedja,11,0,0,0,0,,False,False
103564,2024-25,2024-10-19 12:00,1,LIONS,NWEST,Senwes Park,10973,Zubayr Hamza,1,21,25,2,0,lbw b Ngoepe,False,False
103564,2024-25,2024-10-19 12:00,1,LIONS,NWEST,Senwes Park,9491,Reeza Hendricks,2,10,12,0,1,c and b Migael Pretorius,False,False
103564,2024-25,2024-10-19 12:00,1,LIONS,NWEST,Senwes Park,9554,van der Dussen,3,59,38,4,3,c Ludwich Schuld b Mungroo,False,False
103564,2024-25,2024-10-19 12:00,1,LIONS,NWEST,Senwes Park,24622,Connor Esterhuizen,4,62,39,3,3,not out,False,True
103564,2024-25,2024-10-19 12:00,1,LIONS,NWEST,Senwes Park,19057,Van Buuren,5,15,9,1,0,not out,False,False
103564,2024-25,2024-10-19 12:00,1,LIONS,NWEST,Senwes Park,14566,Delano Potgieter,6,0,0,0,0,,False,False
103564,2024-25,2024-10-19 12:00,1,LIONS,NWEST,Senwes Park,20308,Evan Jones,7,0,0,0,0,,False,False
103564,2024-25,2024-10-19 12:00,1,LIONS,NWEST,Senwes Park,10676,Bjorn Fortuin,8,0,0,0,0,,True,False
103564,2024-25,2024-10-19 12:00,1,LIONS,NWEST,Senwes Park,20428,Nqaba Peter,9,0,0,0,0,,False,False
103564,2024-25,2024-10-19 12:00,1,LIONS,NWEST,Senwes Park,10679,Tshepo Moreki,10,0,0,0,0,,False,False
103564,2024-25,2024-10-19 12:00,1,LIONS,NWEST,Senwes Park,23346,Kwena Maphaka,11,0,0,0,0,,False,False
103564,2024-25,2024-10-19 12:00,2,NWEST,LIONS,Senwes Park,1432803,Ludwich Schuld,1,60,51,3,2,b Kwena Maphaka,False,False
103564,2024-25,2024-10-19 12:00,2,NWEST,LIONS,Senwes Park,13067,Janneman Malan,2,14,13,2,0,b Kwena Maphaka,False,False
103564,2024-25,2024-10-19 12:00,2,NWEST,LIONS,Senwes Park,31951,Meeka eel Prince,3,1,3,0,0,b Tshepo Moreki,False,True
103564,2024-25,2024-10-19 12:00,2,NWEST,LIONS,Senwes Park,11497,Wihan Lubbe,4,21,15,1,1,run out (Zubayr Hamza),True,False
103564,2024-25,2024-10-19 12:00,2,NWEST,LIONS,Senwes Park,9735,Lesiba Ngoepe,5,11,9,1,0,c Reeza Hendricks b Tshepo Moreki,False,False
103564,2024-25,2024-10-19 12:00,2,NWEST,LIONS,Senwes Park,14565,Marco Jansen,6,29,14,1,3,run out (Connor Esterhuizen),False,False
103564,2024-25,2024-10-19 12:00,2,NWEST,LIONS,Senwes Park,20536,Taheer Isaacs,7,14,14,1,0,not out,False,False
103564,2024-25,2024-10-19 12:00,2,NWEST,LIONS,Senwes Park,13069,Migael Pretorius,8,1,1,0,0,not out,False,False
103564,2024-25,2024-10-19 12:00,2,NWEST,LIONS,Senwes Park,14583,Achille Cloete,9,0,0,0,0,,False,False
103564,2024-25,2024-10-19 12:00,2,NWEST,LIONS,Senwes Park,20526,Caleb Seleka,10,0,0,0,0,,False,False
103564,2024-25,2024-10-19 12:00,2,NWEST,LIONS,Senwes Park,13150,Kerwin Mungroo,11,0,0,0,0,,False,False
103566,2024-25,2024-10-19 16:00,1,WAR,TIT,St George's Park,13101,Jiveshan Pillay,1,3,6,0,0,c D Galiem b Junior Dala,False,False
103566,2024-25,2024-10-19 16:00,1,WAR,TIT,St George's Park,21386,Jordan Hermann,2,101,60,12,0,c (sub)Keegan Petersen b D Galiem,False,False
103566,2024-25,2024-10-19 16:00,1,WAR,TIT,St George's Park,41704,JP King,3,17,14,1,1,b Shamsi,False,False
103566,2024-25,2024-10-19 16:00,1,WAR,TIT,St George's Park,13318,Jean du Plessis,4,27,25,2,0,c Corbin Bosch b Shamsi,False,True
103566,2024-25,2024-10-19 16:00,1,WAR,TIT,St George's Park,11902,Patrick Kruger,5,12,8,0,1,not out,False,False
103566,2024-25,2024-10-19 16:00,1,WAR,TIT,St George's Park,13667,Qeshile,6,9,6,1,0,hit wkt b Corbin Bosch,False,False
103566,2024-25,2024-10-19 16:00,1,WAR,TIT,St George's Park,13323,Andile Mokgakane,7,4,2,1,0,run out (Corbin Bosch),False,False
103566,2024-25,2024-10-19 16:00,1,WAR,TIT,St George's Park,1431435,Christopher King,8,0,0,0,0,,False,False
103566,2024-25,2024-10-19 16:00,1,WAR,TIT,St George's Park,11427,Nortje,9,0,0,0,0,,False,False
103566,2024-25,2024-10-19 16:00,1,WAR,TIT,St George's Park,9714,Simetu,10,0,0,0,0,,True,False
103566,2024-25,2024-10-19 16:00,1,WAR,TIT,St George's Park,12587,Shimane Mothoa,11,0,0,0,0,,False,False
103566,2024-25,2024-10-19 16:00,2,TIT,WAR,St George's Park,50545,Lhuan-dre Pretorius,1,23,10,1,2,run out (Jiveshan Pillay),False,False
103566,2024-25,2024-10-19 16:00,2,TIT,WAR,St George's Park,11206,Rivaldo Moonsamy,2,73,39,8,3,c Qeshile b JP King,False,True
103566,2024-25,2024-10-19 16:00,2,TIT,WAR,St George's Park,14308,Neil Brand,3,0,2,0,0,c Patrick Kruger b Shimane Mothoa,True,False
103566,2024-25,2024-10-19 16:00,2,TIT,WAR,St George's Park,9581,Dayyaan Galiem,4,55,34,5,2,b Nortje,False,False
103566,2024-25,2024-10-19 16:00,2,TIT,WAR,St George's Park,14798,Donovan Ferreira,5,18,7,2,1,not out,False,False
103566,2024-25,2024-10-19 16:00,2,TIT,WAR,St George's Park,9801,Sibonelo Makhanya,6,3,6,0,0,not out,False,False
103566,2024-25,2024-10-19 16:00,2,TIT,WAR,St George's Park,9601,Andile Phehlukwayo,7,0,0,0,0,,False,False
103566,2024-25,2024-10-19 16:00,2,TIT,WAR,St George's Park,9576,Corbin Bosch,8,0,0,0,0,,False,False
103566,2024-25,2024-10-19 16:00,2,TIT,WAR,St George's Park,1669,Roelof van der Merwe,9,0,0,0,0,,False,False
103566,2024-25,2024-10-19 16:00,2,TIT,WAR,St George's Park,10175,Junior Dala,10,0,0,0,0,,False,False
103566,2024-25,2024-10-19 16:00,2,TIT,WAR,St George's Park,10173,Tabraiz Shamsi,11,0,0,0,0,,False,False
103575,2024-25,2024-10-19 16:00,1,BOL,DOL,Kingsmead,9580,Fortuin,1,17,7,2,1,c Ottneil Baartman b Simelane,True,False
103575,2024-25,2024-10-19 16:00,1,BOL,DOL,Kingsmead,14187,Roelofsen,2,5,11,1,0,retd hurt,False,True
103575,2024-25,2024-10-19 16:00,1,BOL,DOL,Kingsmead,9736,von Berg,3,50,31,3,4,b Smuts,False,False
103575,2024-25,2024-10-19 16:00,1,BOL,DOL,Kingsmead,20283,Blayde Capell,4,4,6,0,0,lbw b Subrayen,False,False
103575,2024-25,2024-10-19 16:00,1,BOL,DOL,Kingsmead,9766,Mgijima,5,19,14,0,1,c Hanu Viljoen b Bryce Parsons,False,False
103575,2024-25,2024-10-19 16:00,1,BOL,DOL,Kingsmead,1423887,Lehan Botha,6,31,23,3,0,not out,False,False
103575,2024-25,2024-10-19 16:00,1,BOL,DOL,Kingsmead,12592,Keith Dudgeon,7,36,28,5,0,not out,False,False
103575,2024-25,2024-10-19 16:00,1,BOL,DOL,Kingsmead,9489,Gqamane,8,0,0,0,0,,False,False
103575,2024-25,2024-10-19 16:00,1,BOL,DOL,Kingsmead,14687,Imran Manack,9,0,0,0,0,,False,False
103575,2024-25,2024-10-19 16:00,1,BOL,DOL,Kingsmead,13066,Akhona Mnyaka,10,0,0,0,0,,False,False
103575,2024-25,2024-10-19 16:00,1,BOL,DOL,Kingsmead,14516,Glenton Stuurman,11,0,0,0,0,,False,False
103575,2024-25,2024-10-19 16:00,2,DOL,BOL,Kingsmead,7668,JJ Smuts,1,12,17,0,1,b Imran Manack,False,False
103575,2024-25,2024-10-19 16:00,2,DOL,BOL,Kingsmead,14586,Bryce Parsons,2,34,16,7,0,c Keith Dudgeon b Imran Manack,False,False
103575,2024-25,2024-10-19 16:00,2,DOL,BOL,Kingsmead,9587,Jason Smith,3,2,4,0,0,c Fortuin b Akhona Mnyaka,False,False
103575,2024-25,2024-10-19 16:00,2,DOL,BOL,Kingsmead,6349,David Miller,4,8,13,0,0,c Fortuin b Gqamane,False,False
103575,2024-25,2024-10-19 16:00,2,DOL,BOL,Kingsmead,20327,Hanu Viljoen,5,14,7,0,1,not out,False,True
103575,2024-25,2024-10-19 16:00,2,DOL,BOL,Kingsmead,8530,Prenelan Subrayen,6,2,1,0,0,c Mgijima b Gqamane,True,False
103575,2024-25,2024-10-19 16:00,2,DOL,BOL,Kingsmead,24041,Slade van Staden,7,1,1,0,0,not out,False,False
103575,2024-25,2024-10-19 16:00,2,DOL,BOL,Kingsmead,18687,Andile Simelane,8,0,0,0,0,,False,False
103575,2024-25,2024-10-19 16:00,2,DOL,BOL,Kingsmead,1431313,Banele Cele,9,0,0,0,0,,False,False
103575,2024-25,2024-10-19 16:00,2,DOL,BOL,Kingsmead,13100,Ottneil Baartman,10,0,0,0,0,,False,False
103575,2024-25,2024-10-19 16:00,2,DOL,BOL,Kingsmead,12191,Okuhle Cele,11,0,0,0,0,,False,False
103582,2024-25,2024-10-22 16:00,1,TIT,LIONS,The Wanderers Stadium,50545,Lhuan-dre Pretorius,1,7,9,1,0,c van der Dussen b Kwena Maphaka,False,False
103582,2024-25,2024-10-22 16:00,1,TIT,LIONS,The Wanderers Stadium,11206,Rivaldo Moonsamy,2,1,4,0,0,c Reeza Hendricks b Delano Potgieter,False,True
103582,2024-25,2024-10-22 16:00,1,TIT,LIONS,The Wanderers Stadium,9581,D Galiem,3,44,39,5,0,b Nqabayomzi Peter,False,False
103582,2024-25,2024-10-22 16:00,1,TIT,LIONS,The Wanderers Stadium,9801,Makhanya,4,0,2,0,0,c Nqabayomzi Peter b Kwena Maphaka,False,False
103582,2024-25,2024-10-22 16:00,1,TIT,LIONS,The Wanderers Stadium,10209,Klaasen,5,14,17,1,0,c Bjorn Fortuin b Sipamla,True,False
103582,2024-25,2024-10-22 16:00,1,TIT,LIONS,The Wanderers Stadium,14798,Donovan Ferreira,6,21,18,3,0,b Nqabayomzi Peter,False,False
103582,2024-25,2024-10-22 16:00,1,TIT,LIONS,The Wanderers Stadium,9601,Phehlukwayo,7,12,13,0,1,c Evan Jones b Kwena Maphaka,False,False
103582,2024-25,2024-10-22 16:00,1,TIT,LIONS,The Wanderers Stadium,13320,Gerald Coetzee,8,2,5,0,0,c van der Dussen b Evan Jones,False,False
103582,2024-25,2024-10-22 16:00,1,TIT,LIONS,The Wanderers Stadium,1669,van der Merwe,9,3,4,0,0,c Zubayr Hamza b Nqabayomzi Peter,False,False
103582,2024-25,2024-10-22 16:00,1,TIT,LIONS,The Wanderers Stadium,10175,Junior Dala,10,1,1,0,0,not out,False,False
103582,2024-25,2024-10-22 16:00,1,TIT,LIONS,The Wanderers Stadium,10173,Shamsi,11,0,4,0,0,lbw b Nqabayomzi Peter,False,False
103582,2024-25,2024-10-22 16:00,2,LIONS,TIT,The Wanderers Stadium,10973,Zubayr Hamza,1,4,8,0,0,c van der Merwe b Gerald Coetzee,False,False
103582,2024-25,2024-10-22 16:00,2,LIONS,TIT,The Wanderers Stadium,9491,Reeza Hendricks,2,61,43,7,2,lbw b D Galiem,False,False
103582,2024-25,2024-10-22 16:00,2,LIONS,TIT,The Wanderers Stadium,9554,Rassie van der Dussen,3,40,37,4,1,not out,False,False
103582,2024-25,2024-10-22 16:00,2,LIONS,TIT,The Wanderers Stadium,24622,Connor Esterhuizen,4,0,1,0,0,lbw b D Galiem,False,True
103582,2024-25,2024-10-22 16:00,2,LIONS,TIT,The Wanderers Stadium,19057,Mitchell Van Buuren,5,2,7,0,0,not out,False,False
103582,2024-25,2024-10-22 16:00,2,LIONS,TIT,The Wanderers Stadium,14566,Delano Potgieter,6,0,0,0,0,,False,False
103582,2024-25,2024-10-22 16:00,2,LIONS,TIT,The Wanderers Stadium,20308,Evan Jones,7,0,0,0,0,,False,False
103582,2024-25,2024-10-22 16:00,2,LIONS,TIT,The Wanderers Stadium,10676,Bjorn Fortuin,8,0,0,0,0,,True,False
103582,2024-25,2024-10-22 16:00,2,LIONS,TIT,The Wanderers Stadium,11208,Lutho Sipamla,9,0,0,0,0,,False,False
103582,2024-25,2024-10-22 16:00,2,LIONS,TIT,The Wanderers Stadium,23346,Kwena Maphaka,10,0,0,0,0,,False,False
103582,2024-25,2024-10-22 16:00,2,LIONS,TIT,The Wanderers Stadium,20428,Nqabayomzi Peter,11,0,0,0,0,,False,False
103591,2024-25,2024-10-23 16:00,1,WPR,NWEST,The Wanderers Stadium,14582,Jonathan Bird,1,15,14,2,0,c Meeka eel Prince b Gideon Peters,False,False
103591,2024-25,2024-10-23 16:00,1,WPR,NWEST,The Wanderers Stadium,20267,Daniel Smith,2,18,19,3,0,lbw b Mungroo,False,False
103591,2024-25,2024-10-23 16:00,1,WPR,NWEST,The Wanderers Stadium,50976,Valentine Kitime,3,13,11,2,0,c Meeka eel Prince b Gideon Peters,False,False
103591,2024-25,2024-10-23 16:00,1,WPR,NWEST,The Wanderers Stadium,9763,Moore,4,15,23,0,1,c Wihan Lubbe b Caleb Seleka,False,True
103591,2024-25,2024-10-23 16:00,1,WPR,NWEST,The Wanderers Stadium,17026,Mpongwana,5,24,19,2,1,c Tahir Isaacs b Gideon Peters,False,False
103591,2024-25,2024-10-23 16:00,1,WPR,NWEST,The Wanderers Stadium,10187,George Linde,6,49,23,1,5,not out,False,False
103591,2024-25,2024-10-23 16:00,1,WPR,NWEST,The Wanderers Stadium,31979,Abdullah Bayoumy,7,14,12,2,0,not out,False,False
103591,2024-25,2024-10-23 16:00,1,WPR,NWEST,The Wanderers Stadium,12223,Kyle Simmonds,8,0,0,0,0,,False,False
103591,2024-25,2024-10-23 16:00,1,WPR,NWEST,The Wanderers Stadium,9490,B Hendricks,9,0,0,0,0,,True,False
103591,2024-25,2024-10-23 16:00,1,WPR,NWEST,The Wanderers Stadium,13151,Nabe,10,0,0,0,0,,False,False
103591,2024-25,2024-10-23 16:00,1,WPR,NWEST,The Wanderers Stadium,53454,Wesley Bedja,11,0,0,0,0,,False,False
103591,2024-25,2024-10-23 16:00,2,NWEST,WPR,The Wanderers Stadium,13067,Janneman Malan,1,2,9,0,0,c George Linde b B Hendricks,False,False
103591,2024-25,2024-10-23 16:00,2,NWEST,WPR,The Wanderers Stadium,20536,Tahir Isaacs,2,2,7,0,0,c Mpongwana b B Hendricks,False,False
103591,2024-25,2024-10-23 16:00,2,NWEST,WPR,The Wanderers Stadium,31951,Meeka eel Prince,3,25,11,4,1,c Mpongwana b Wesley Bedja,False,True
103591,2024-25,2024-10-23 16:00,2,NWEST,WPR,The Wanderers Stadium,11497,Wihan Lubbe,4,46,20,4,3,run out (Wesley Bedja/Daniel Smith),True,False
103591,2024-25,2024-10-23 16:00,2,NWEST,WPR,The Wanderers Stadium,9735,Lesiba Ngoepe,5,17,11,2,1,c Jonathan Bird b Kyle Simmonds,False,False
103591,2024-25,2024-10-23 16:00,2,NWEST,WPR,The Wanderers Stadium,14565,Marco Jansen,6,9,5,0,1,b Kyle Simmonds,False,False
103591,2024-25,2024-10-23 16:00,2,NWEST,WPR,The Wanderers Stadium,13069,Migael Pretorius,7,14,14,1,1,lbw b George Linde,False,False
103591,2024-25,2024-10-23 16:00,2,NWEST,WPR,The Wanderers Stadium,20417,Bamanye Xenxe,8,0,2,0,0,b Kyle Simmonds,False,False
103591,2024-25,2024-10-23 16:00,2,NWEST,WPR,The Wanderers Stadium,20526,Caleb Seleka,9,5,10,0,0,c Wesley Bedja b George Linde,False,False
103591,2024-25,2024-10-23 16:00,2,NWEST,WPR,The Wanderers Stadium,13150,Kerwin Mungroo,10,0,2,0,0,c Mpongwana b George Linde,False,False
103591,2024-25,2024-10-23 16:00,2,NWEST,WPR,The Wanderers Stadium,20432,Gideon Peters,11,0,2,0,0,not out,False,False
103600,2024-25,2024-10-25 16:00,1,TIT,WPR,SuperSport Park,50545,Lhuan-dre Pretorius,1,24,16,4,1,c Oliver Whitehead b B Hendricks,False,False
103600,2024-25,2024-10-25 16:00,1,TIT,WPR,SuperSport Park,11206,Rivaldo Moonsamy,2,29,27,4,1,b Mpongwana,False,True
103600,2024-25,2024-10-25 16:00,1,TIT,WPR,SuperSport Park,9581,D Galiem,3,28,23,3,1,c Valentine Kitime b Oliver Whitehead,False,False
103600,2024-25,2024-10-25 16:00,1,TIT,WPR,SuperSport Park,10209,Klaasen,4,13,8,1,1,c Kyle Simmonds b Wesley Bedja,True,False
103600,2024-25,2024-10-25 16:00,1,TIT,WPR,SuperSport Park,9801,Makhanya,5,11,14,0,0,c Valentine Kitime b Nabe,False,False
103600,2024-25,2024-10-25 16:00,1,TIT,WPR,SuperSport Park,14798,Donovan Ferreira,6,19,13,0,1,c Oliver Whitehead b B Hendricks,False,False
103600,2024-25,2024-10-25 16:00,1,TIT,WPR,SuperSport Park,9601,Phehlukwayo,7,39,16,4,2,not out,False,False
103600,2024-25,2024-10-25 16:00,1,TIT,WPR,SuperSport Park,9576,Corbin Bosch,8,3,3,0,0,c B Hendricks b Mpongwana,False,False
103600,2024-25,2024-10-25 16:00,1,TIT,WPR,SuperSport Park,13320,Gerald Coetzee,9,1,2,0,0,not out,False,False
103600,2024-25,2024-10-25 16:00,1,TIT,WPR,SuperSport Park,10175,Junior Dala,10,0,0,0,0,,False,False
103600,2024-25,2024-10-25 16:00,1,TIT,WPR,SuperSport Park,10173,Shamsi,11,0,0,0,0,,False,False
103600,2024-25,2024-10-25 16:00,2,WPR,TIT,SuperSport Park,14582,Jonathan Bird,1,6,7,1,0,run out (Klaasen),False,False
103600,2024-25,2024-10-25 16:00,2,WPR,TIT,SuperSport Park,20267,Daniel Smith,2,13,8,3,0,run out (Makhanya),False,True
103600,2024-25,2024-10-25 16:00,2,WPR,TIT,SuperSport Park,50976,Sello Valentine Kitime,3,9,5,2,0,c Donovan Ferreira b Gerald Coetzee,False,False
103600,2024-25,2024-10-25 16:00,2,WPR,TIT,SuperSport Park,9763,Edward Moore,4,48,31,6,2,c Phehlukwayo b Gerald Coetzee,False,False
103600,2024-25,2024-10-25 16:00,2,WPR,TIT,SuperSport Park,17026,Mihlali Mpongwana,5,4,14,0,0,b Junior Dala,False,False
103600,2024-25,2024-10-25 16:00,2,WPR,TIT,SuperSport Park,10187,George Linde,6,1,2,0,0,b Shamsi,False,False
103600,2024-25,2024-10-25 16:00,2,WPR,TIT,SuperSport Park,50815,Oliver Whitehead,7,40,40,3,1,not out,False,False
103600,2024-25,2024-10-25 16:00,2,WPR,TIT,SuperSport Park,12223,Kyle Simmonds,8,19,13,1,1,not out,False,False
103600,2024-25,2024-10-25 16:00,2,WPR,TIT,SuperSport Park,9490,Beuran Hendricks,9,0,0,0,0,,True,False
103600,2024-25,2024-10-25 16:00,2,WPR,TIT,SuperSport Park,13151,Mthiwekhaya Nabe,10,0,0,0,0,,False,False
103600,2024-25,2024-10-25 16:00,2,WPR,TIT,SuperSport Park,53454,Wesley Bedja,11,0,0,0,0,,False,False
103602,2024-25,2024-10-27 12:00,1,TIT,LIONS,The Wanderers Stadium,50545,Lhuan-dre Pretorius,1,13,8,2,0,c Connor Esterhuizen b Delano Potgieter,False,False
103602,2024-25,2024-10-27 12:00,1,TIT,LIONS,The Wanderers Stadium,11206,Rivaldo Moonsamy,2,13,15,2,0,c Connor Esterhuizen b Sipamla,False,True
103602,2024-25,2024-10-27 12:00,1,TIT,LIONS,The Wanderers Stadium,9581,D Galiem,3,1,3,0,0,c Evan Jones b Kwena Maphaka,False,False
103602,2024-25,2024-10-27 12:00,1,TIT,LIONS,The Wanderers Stadium,9801,Makhanya,4,4,5,0,0,c Delano Potgieter b Sipamla,False,False
103602,2024-25,2024-10-27 12:00,1,TIT,LIONS,The Wanderers Stadium,10209,Klaasen,5,13,12,0,1,c Connor Esterhuizen b Sipamla,True,False
103602,2024-25,2024-10-27 12:00,1,TIT,LIONS,The Wanderers Stadium,14798,Donovan Ferreira,6,0,1,0,0,b Sipamla,False,False
103602,2024-25,2024-10-27 12:00,1,TIT,LIONS,The Wanderers Stadium,1669,van der Merwe,7,15,18,1,0,lbw b Bjorn Fortuin,False,False
103602,2024-25,2024-10-27 12:00,1,TIT,LIONS,The Wanderers Stadium,9601,Phehlukwayo,8,18,19,1,1,st Connor Esterhuizen b Bjorn Fortuin,False,False
103602,2024-25,2024-10-27 12:00,1,TIT,LIONS,The Wanderers Stadium,13320,Gerald Coetzee,9,20,19,2,1,b Evan Jones,False,False
103602,2024-25,2024-10-27 12:00,1,TIT,LIONS,The Wanderers Stadium,10175,Junior Dala,10,13,16,0,0,c Evan Jones b Kwena Maphaka,False,False
103602,2024-25,2024-10-27 12:00,1,TIT,LIONS,The Wanderers Stadium,10173,Shamsi,11,0,1,0,0,not out,False,False
103602,2024-25,2024-10-27 12:00,2,LIONS,TIT,The Wanderers Stadium,10973,Zubayr Hamza,1,20,21,4,0,c D Galiem b Gerald Coetzee,False,False
103602,2024-25,2024-10-27 12:00,2,LIONS,TIT,The Wanderers Stadium,9491,Reeza Hendricks,2,4,4,1,0,lbw b D Galiem,False,False
103602,2024-25,2024-10-27 12:00,2,LIONS,TIT,The Wanderers Stadium,9554,Rassie van der Dussen,3,44,31,7,1,not out,False,False
103602,2024-25,2024-10-27 12:00,2,LIONS,TIT,The Wanderers Stadium,24622,Connor Esterhuizen,4,48,36,6,1,not out,False,True
103602,2024-25,2024-10-27 12:00,2,LIONS,TIT,The Wanderers Stadium,20308,Evan Jones,5,0,0,0,0,,False,False
103602,2024-25,2024-10-27 12:00,2,LIONS,TIT,The Wanderers Stadium,19057,Mitchell Van Buuren,6,0,0,0,0,,False,False
103602,2024-25,2024-10-27 12:00,2,LIONS,TIT,The Wanderers Stadium,14566,Delano Potgieter,7,0,0,0,0,,False,False
103602,2024-25,2024-10-27 12:00,2,LIONS,TIT,The Wanderers Stadium,10676,Bjorn Fortuin,8,0,0,0,0,,True,False
103602,2024-25,2024-10-27 12:00,2,LIONS,TIT,The Wanderers Stadium,11208,Lutho Sipamla,9,0,0,0,0,,False,False
103602,2024-25,2024-10-27 12:00,2,LIONS,TIT,The Wanderers Stadium,23346,Kwena Maphaka,10,0,0,0,0,,False,False
103602,2024-25,2024-10-27 12:00,2,LIONS,TIT,The Wanderers Stadium,20428,Nqabayomzi Peter,11,0,0,0,0,,False,False
105146,2024-25,2024-09-21 11:00,1,ESTORM,NCAPE,Diamond Oval,20528,Christopher Britz,1,82,53,6,3,c Haasbroek b Walters,False,False
105146,2024-25,2024-09-21 11:00,1,ESTORM,NCAPE,Diamond Oval,14768,Kabelo Sekhukhune,2,0,4,0,0,st Modiri Litheko b Ntuli,False,False
105146,2024-25,2024-09-21 11:00,1,ESTORM,NCAPE,Diamond Oval,20611,Danie Rossouw,3,12,12,1,0,lbw b Viljoen,False,True
105146,2024-25,2024-09-21 11:00,1,ESTORM,NCAPE,Diamond Oval,8526,Shaylen Pillay,4,0,1,0,0,b Viljoen,False,False
105146,2024-25,2024-09-21 11:00,1,ESTORM,NCAPE,Diamond Oval,10685,Thomson,5,56,34,5,1,c Haasbroek b Emmanuel Motswiri,True,False
105146,2024-25,2024-09-21 11:00,1,ESTORM,NCAPE,Diamond Oval,31925,Juan Lubbe,6,6,6,0,0,c Ntuli b Walters,False,False
105146,2024-25,2024-09-21 11:00,1,ESTORM,NCAPE,Diamond Oval,31944,Dewan Marais,7,4,6,0,0,not out,False,False
105146,2024-25,2024-09-21 11:00,1,ESTORM,NCAPE,Diamond Oval,1431059,Shaveer Khan,8,7,4,1,0,not out,False,False
105146,2024-25,2024-09-21 11:00,1,ESTORM,NCAPE,Diamond Oval,20623,Tumelo Simelane,9,0,0,0,0,,False,False
105146,2024-25,2024-09-21 11:00,1,ESTORM,NCAPE,Diamond Oval,18582,Andrew Rasemene,10,0,0,0,0,,False,False
105146,2024-25,2024-09-21 11:00,1,ESTORM,NCAPE,Diamond Oval,24351,Amaan Khan,11,0,0,0,0,,False,False
105146,2024-25,2024-09-21 11:00,2,NCAPE,ESTORM,Diamond Oval,20303,Ernest Kemm,1,39,29,3,2,c Thomson b Juan Lubbe,False,False
105146,2024-25,2024-09-21 11:00,2,NCAPE,ESTORM,Diamond Oval,7651,Jonathan Vandiar,2,0,0,0,0,run out (Tumelo Simelane),False,False
105146,2024-25,2024-09-21 11:00,2,NCAPE,ESTORM,Diamond Oval,15948,Modiri Litheko,3,79,52,5,4,c Juan Lubbe b Andrew Rasemene,False,True
105146,2024-25,2024-09-21 11:00,2,NCAPE,ESTORM,Diamond Oval,24066,Ronan Hermann,4,2,3,0,0,c and b Tumelo Simelane,False,False
105146,2024-25,2024-09-21 11:00,2,NCAPE,ESTORM,Diamond Oval,19238,Ruan Haasbroek,5,15,13,1,1,c Danie Rossouw b Amaan Khan,True,False
105146,2024-25,2024-09-21 11:00,2,NCAPE,ESTORM,Diamond Oval,24071,Christoffel Klijnhans,6,24,17,1,2,not out,False,False
105146,2024-25,2024-09-21 11:00,2,NCAPE,ESTORM,Diamond Oval,50997,Emmanuel Motswiri,7,2,5,0,0,c Kabelo Sekhukhune b Amaan Khan,False,False
105146,2024-25,2024-09-21 11:00,2,NCAPE,ESTORM,Diamond Oval,9709,Romano Terblanche,8,2,3,0,0,not out,False,False
105146,2024-25,2024-09-21 11:00,2,NCAPE,ESTORM,Diamond Oval,10798,Tshepo Ntuli,9,0,0,0,0,,False,False
105146,2024-25,2024-09-21 11:00,2,NCAPE,ESTORM,Diamond Oval,9729,Basheeru-Deen Walters,10,0,0,0,0,,False,False
105146,2024-25,2024-09-21 11:00,2,NCAPE,ESTORM,Diamond Oval,9493,Hardus Viljoen,11,0,0,0,0,,False,False
105148,2024-25,2024-09-21 11:00,1,KZNIN,LIMPO,Polokwane Cricket Club,20357,Shekleton,1,3,7,0,0,c and b Atwell Mokgoloboto,False,False
105148,2024-25,2024-09-21 11:00,1,KZNIN,LIMPO,Polokwane Cricket Club,11435,Rapulana,2,37,37,4,0,c Kgaudisa Molefe b Don Radebe,False,False
105148,2024-25,2024-09-21 11:00,1,KZNIN,LIMPO,Polokwane Cricket Club,11203,Sean Whitehead,3,1,5,0,0,c Kgaudisa Molefe b Morne Venter,False,False
105148,2024-25,2024-09-21 11:00,1,KZNIN,LIMPO,Polokwane Cricket Club,51686,Sean Gilson,4,71,44,3,5,b Kgaudisa Molefe,False,False
105148,2024-25,2024-09-21 11:00,1,KZNIN,LIMPO,Polokwane Cricket Club,1431075,Chad Laycock,5,19,16,1,1,not out,False,False
105148,2024-25,2024-09-21 11:00,1,KZNIN,LIMPO,Polokwane Cricket Club,9703,Erlank,6,26,13,2,1,not out,True,False
105148,2024-25,2024-09-21 11:00,1,KZNIN,LIMPO,Polokwane Cricket Club,53419,Ntando Zuma,7,0,0,0,0,,False,True
105148,2024-25,2024-09-21 11:00,1,KZNIN,LIMPO,Polokwane Cricket Club,1431051,James Ritchie,8,0,0,0,0,,False,False
105148,2024-25,2024-09-21 11:00,1,KZNIN,LIMPO,Polokwane Cricket Club,11204,Abrahams,9,0,0,0,0,,False,False
105148,2024-25,2024-09-21 11:00,1,KZNIN,LIMPO,Polokwane Cricket Club,10993,Budaza,10,0,0,0,0,,False,False
105148,2024-25,2024-09-21 11:00,1,KZNIN,LIMPO,Polokwane Cricket Club,1431073,Thabiso Ndlela,11,0,0,0,0,,False,False
105148,2024-25,2024-09-21 11:00,2,LIMPO,KZNIN,Polokwane Cricket Club,14315,Sizwe Masondo,1,10,14,1,0,lbw b Sean Whitehead,False,False
105148,2024-25,2024-09-21 11:00,2,LIMPO,KZNIN,Polokwane Cricket Club,20503,Morne Venter,2,8,8,2,0,b Thabiso Ndlela,False,False
105148,2024-25,2024-09-21 11:00,2,LIMPO,KZNIN,Polokwane Cricket Club,20262,Louren Steenkamp,3,4,5,0,0,lbw b Sean Whitehead,False,False
105148,2024-25,2024-09-21 11:00,2,LIMPO,KZNIN,Polokwane Cricket Club,15194,Heinrich Pieterse,4,2,4,0,0,c and b Thabiso Ndlela,False,False
105148,2024-25,2024-09-21 11:00,2,LIMPO,KZNIN,Polokwane Cricket Club,50552,Daniel van der Merwe,5,34,29,4,1,c Shekleton b Sean Gilson,False,False
105148,2024-25,2024-09-21 11:00,2,LIMPO,KZNIN,Polokwane Cricket Club,20368,Dilivio Ridgaard,6,0,6,0,0,c Erlank b Sean Gilson,False,True
105148,2024-25,2024-09-21 11:00,2,LIMPO,KZNIN,Polokwane Cricket Club,20412,Liam Peters,7,11,20,0,0,c Chad Laycock b Abrahams,True,False
105148,2024-25,2024-09-21 11:00,2,LIMPO,KZNIN,Polokwane Cricket Club,20497,Don Radebe,8,5,9,0,0,b Abrahams,False,False
105148,2024-25,2024-09-21 11:00,2,LIMPO,KZNIN,Polokwane Cricket Club,24629,Atwell Mokgoloboto,9,2,5,0,0,lbw b James Ritchie,False,False
105148,2024-25,2024-09-21 11:00,2,LIMPO,KZNIN,Polokwane Cricket Club,10992,Eldred Hawken,10,0,2,0,0,c and b Abrahams,False,False
105148,2024-25,2024-09-21 11:00,2,LIMPO,KZNIN,Polokwane Cricket Club,13394,Kgaudisa Molefe,11,1,1,0,0,not out,False,False
105162,2024-25,2024-09-24 11:00,1,LIMPO,BOR,Buffalo Park,20412,Liam Peters,1,32,24,5,0,b Jason Niemand,True,False
105162,2024-25,2024-09-24 11:00,1,LIMPO,BOR,Buffalo Park,20503,Morne Venter,2,115,68,8,7,c Jason Niemand b Chad Classen,False,False
105162,2024-25,2024-09-24 11:00,1,LIMPO,BOR,Buffalo Park,15194,Heinrich Pieterse,3,34,26,2,1,not out,False,False
105162,2024-25,2024-09-24 11:00,1,LIMPO,BOR,Buffalo Park,20262,Steenkamp,4,0,2,0,0,not out,False,False
105162,2024-25,2024-09-24 11:00,1,LIMPO,BOR,Buffalo Park,14315,Sizwe Masondo,5,0,0,0,0,,False,False
105162,2024-25,2024-09-24 11:00,1,LIMPO,BOR,Buffalo Park,20368,Ridgaard,6,0,0,0,0,,False,True
105162,2024-25,2024-09-24 11:00,1,LIMPO,BOR,Buffalo Park,24629,Atwell Mokgoloboto,7,0,0,0,0,,False,False
105162,2024-25,2024-09-24 11:00,1,LIMPO,BOR,Buffalo Park,20497,Don Radebe,8,0,0,0,0,,False,False
105162,2024-25,2024-09-24 11:00,1,LIMPO,BOR,Buffalo Park,10992,Eldred Hawken,9,0,0,0,0,,False,False
105162,2024-25,2024-09-24 11:00,1,LIMPO,BOR,Buffalo Park,13394,Kgaudisa Molefe,10,0,0,0,0,,False,False
105162,2024-25,2024-09-24 11:00,1,LIMPO,BOR,Buffalo Park,20458,Ludwig Kaestner,11,0,0,0,0,,False,False
105162,2024-25,2024-09-24 11:00,2,BOR,LIMPO,Buffalo Park,20418,Jerome Bossr,1,30,16,3,2,b Kgaudisa Molefe,False,False
105162,2024-25,2024-09-24 11:00,2,BOR,LIMPO,Buffalo Park,23936,Nathan Roux,2,11,11,2,0,c Kgaudisa Molefe b Atwell Mokgoloboto,False,False
105162,2024-25,2024-09-24 11:00,2,BOR,LIMPO,Buffalo Park,13319,Jason Niemand,3,14,24,1,0,c Kgaudisa Molefe b Ludwig Kaestner,True,False
105162,2024-25,2024-09-24 11:00,2,BOR,LIMPO,Buffalo Park,13515,Marco Marais,4,32,24,0,4,c Steenkamp b Kgaudisa Molefe,False,False
105162,2024-25,2024-09-24 11:00,2,BOR,LIMPO,Buffalo Park,13514,Mncedisi Malika,5,11,16,2,0,c (sub)Daniel van der Merwe b Kgaudisa Molefe,False,True
105162,2024-25,2024-09-24 11:00,2,BOR,LIMPO,Buffalo Park,1431099,Christopher Gleaves,6,59,24,4,5,not out,False,False
105162,2024-25,2024-09-24 11:00,2,BOR,LIMPO,Buffalo Park,13321,Jade de Klerk,7,2,5,0,0,c Eldred Hawken b Don Radebe,False,False
105162,2024-25,2024-09-24 11:00,2,BOR,LIMPO,Buffalo Park,20578,Aphiwe Mnyanda,8,0,1,0,0,not out,False,False
105162,2024-25,2024-09-24 11:00,2,BOR,LIMPO,Buffalo Park,11340,Chad Classen,9,0,0,0,0,,False,False
105162,2024-25,2024-09-24 11:00,2,BOR,LIMPO,Buffalo Park,31923,Nico van Zyl,10,0,0,0,0,,False,False
105162,2024-25,2024-09-24 11:00,2,BOR,LIMPO,Buffalo Park,11872,Tladi Bokako,11,0,0,0,0,,False,False
105164,2024-25,2024-09-24 11:00,1,SWD,ESTORM,Willowmoore Park,9575,Yaseen Valli,1,58,43,5,2,c Danie Rossouw b Amaan Khan,True,False
105164,2024-25,2024-09-24 11:00,1,SWD,ESTORM,Willowmoore Park,34968,Keenan Vieira,2,50,38,7,1,lbw b Kabelo Sekhukhune,False,True
105164,2024-25,2024-09-24 11:00,1,SWD,ESTORM,Willowmoore Park,20293,Heath Richards,3,39,24,4,2,c Danie Rossouw b Andrew Rasemene,False,False
105164,2024-25,2024-09-24 11:00,1,SWD,ESTORM,Willowmoore Park,20546,G Van Heerden,4,11,10,1,0,c Christopher Britz b Shaveer Khan,False,False
105164,2024-25,2024-09-24 11:00,1,SWD,ESTORM,Willowmoore Park,20448,Kyle Jacobs,5,2,3,0,0,not out,False,False
105164,2024-25,2024-09-24 11:00,1,SWD,ESTORM,Willowmoore Park,15918,Tyrese Karelse,6,3,2,0,0,not out,False,False
105164,2024-25,2024-09-24 11:00,1,SWD,ESTORM,Willowmoore Park,13068,Thomas Kaber,7,0,0,0,0,,False,False
105164,2024-25,2024-09-24 11:00,1,SWD,ESTORM,Willowmoore Park,50808,Liyabona Malife,8,0,0,0,0,,False,False
105164,2024-25,2024-09-24 11:00,1,SWD,ESTORM,Willowmoore Park,14611,Jarred Jardine,9,0,0,0,0,,False,False
105164,2024-25,2024-09-24 11:00,1,SWD,ESTORM,Willowmoore Park,14585,Lifa Ntanzi,10,0,0,0,0,,False,False
105164,2024-25,2024-09-24 11:00,1,SWD,ESTORM,Willowmoore Park,22106,Hlompo Modimokwane,11,0,0,0,0,,False,False
105164,2024-25,2024-09-24 11:00,2,ESTORM,SWD,Willowmoore Park,14768,Kabelo Sekhukhune,1,84,55,6,2,c Liyabona Malife b Lifa Ntanzi,False,False
105164,2024-25,2024-09-24 11:00,2,ESTORM,SWD,Willowmoore Park,20528,Christopher Britz,2,35,25,3,1,c (sub)Pheko Moletsane b Liyabona Malife,False,False
105164,2024-25,2024-09-24 11:00,2,ESTORM,SWD,Willowmoore Park,31925,Juan Lubbe,3,5,6,0,0,b Liyabona Malife,False,False
105164,2024-25,2024-09-24 11:00,2,ESTORM,SWD,Willowmoore Park,31944,Dewan Marais,4,6,5,0,0,lbw b Thomas Kaber,False,False
105164,2024-25,2024-09-24 11:00,2,ESTORM,SWD,Willowmoore Park,20611,Danie Rossouw,5,4,9,0,0,lbw b Thomas Kaber,False,True
105164,2024-25,2024-09-24 11:00,2,ESTORM,SWD,Willowmoore Park,8526,Shaylen Pillay,6,3,5,0,0,c (sub)Pheko Moletsane b Jarred Jardine,False,False
105164,2024-25,2024-09-24 11:00,2,ESTORM,SWD,Willowmoore Park,1431059,Shaveer Khan,7,0,4,0,0,b Thomas Kaber,False,False
105164,2024-25,2024-09-24 11:00,2,ESTORM,SWD,Willowmoore Park,24351,Amaan Khan,8,4,1,1,0,not out,False,False
105164,2024-25,2024-09-24 11:00,2,ESTORM,SWD,Willowmoore Park,18582,Andrew Rasemene,9,1,1,0,0,not out,False,False
105164,2024-25,2024-09-24 11:00,2,ESTORM,SWD,Willowmoore Park,10685,Grant Thomson,10,0,0,0,0,,True,False
105164,2024-25,2024-09-24 11:00,2,ESTORM,SWD,Willowmoore Park,20623,Tumelo Simelane,11,0,0,0,0,,False,False
105172,2024-25,2024-09-24 11:00,1,NCAPE,MPR,"Uplands College, White River",7651,Vandiar,1,50,34,5,2,c Muhammed Mayet b Gareth Dukes,False,False
105172,2024-25,2024-09-24 11:00,1,NCAPE,MPR,"Uplands College, White River",20303,Ernest Kemm,2,42,34,5,0,c Jurie Snyman b Themba Maupa,False,False
105172,2024-25,2024-09-24 11:00,1,NCAPE,MPR,"Uplands College, White River",15948,Modiri Litheko,3,10,7,1,0,b Hinrichsen,False,True
105172,2024-25,2024-09-24 11:00,1,NCAPE,MPR,"Uplands College, White River",24071,Klijnhans,4,43,21,5,2,not out,False,False
105172,2024-25,2024-09-24 11:00,1,NCAPE,MPR,"Uplands College, White River",19238,Haasbroek,5,32,13,5,1,c Yassar Cook b Dadswell,True,False
105172,2024-25,2024-09-24 11:00,1,NCAPE,MPR,"Uplands College, White River",24066,Ronan Hermann,6,15,11,1,0,not out,False,False
105172,2024-25,2024-09-24 11:00,1,NCAPE,MPR,"Uplands College, White River",10080,Zakhele Qwabe,7,0,0,0,0,,False,False
105172,2024-25,2024-09-24 11:00,1,NCAPE,MPR,"Uplands College, White River",9493,Viljoen,8,0,0,0,0,,False,False
105172,2024-25,2024-09-24 11:00,1,NCAPE,MPR,"Uplands College, White River",9709,Terblanche,9,0,0,0,0,,False,False
105172,2024-25,2024-09-24 11:00,1,NCAPE,MPR,"Uplands College, White River",10798,Ntuli,10,0,0,0,0,,False,False
105172,2024-25,2024-09-24 11:00,1,NCAPE,MPR,"Uplands College, White River",9729,Walters,11,0,0,0,0,,False,False
105172,2024-25,2024-09-24 11:00,2,MPR,NCAPE,"Uplands College, White River",21396,Muhammed Mayet,1,76,41,5,6,c Haasbroek b Terblanche,True,False
105172,2024-25,2024-09-24 11:00,2,MPR,NCAPE,"Uplands College, White River",11009,Yassar Cook,2,0,2,0,0,c Ronan Hermann b Ernest Kemm,False,False
105172,2024-25,2024-09-24 11:00,2,MPR,NCAPE,"Uplands College, White River",14589,Nonelela Yikha,3,16,17,3,0,c Ronan Hermann b Walters,False,False
105172,2024-25,2024-09-24 11:00,2,MPR,NCAPE,"Uplands College, White River",20591,Jurie Snyman,4,37,29,2,2,c Klijnhans b Ntuli,False,False
105172,2024-25,2024-09-24 11:00,2,MPR,NCAPE,"Uplands College, White River",23916,Benjamin van Niekerk,5,22,13,3,0,not out,False,False
105172,2024-25,2024-09-24 11:00,2,MPR,NCAPE,"Uplands College, White River",20257,Shane Dadswell,6,13,9,2,0,c Klijnhans b Walters,False,False
105172,2024-25,2024-09-24 11:00,2,MPR,NCAPE,"Uplands College, White River",20362,Gareth Dukes,7,6,9,0,0,c Ronan Hermann b Zakhele Qwabe,False,False
105172,2024-25,2024-09-24 11:00,2,MPR,NCAPE,"Uplands College, White River",20392,Jon Hinrichsen,8,0,2,0,0,c Haasbroek b Zakhele Qwabe,False,False
105172,2024-25,2024-09-24 11:00,2,MPR,NCAPE,"Uplands College, White River",34107,Musa Twala,9,0,0,0,0,,False,True
105172,2024-25,2024-09-24 11:00,2,MPR,NCAPE,"Uplands College, White River",20407,Akhulile Mkhatu,10,0,0,0,0,,False,False
105172,2024-25,2024-09-24 11:00,2,MPR,NCAPE,"Uplands College, White River",1431091,Themba Maupa,11,0,0,0,0,,False,False
105186,2024-25,2024-09-28 11:00,1,KZNIN,BOR,City Oval,20357,Shekleton,1,9,9,2,0,c Mncedisi Malika b Nico van Zyl,False,False
105186,2024-25,2024-09-28 11:00,1,KZNIN,BOR,City Oval,11435,Rapulana,2,19,26,2,0,lbw b Jade de Klerk,False,False
105186,2024-25,2024-09-28 11:00,1,KZNIN,BOR,City Oval,9779,Nipper,3,0,1,0,0,b Chad Classen,False,False
105186,2024-25,2024-09-28 11:00,1,KZNIN,BOR,City Oval,51686,Sean Gilson,4,35,31,5,0,b Jason Niemand,False,False
105186,2024-25,2024-09-28 11:00,1,KZNIN,BOR,City Oval,1431075,Chad Laycock,5,6,6,1,0,c Marco Marais b Jason Niemand,False,False
105186,2024-25,2024-09-28 11:00,1,KZNIN,BOR,City Oval,9703,Erlank,6,18,20,0,1,c Chad Classen b Nico van Zyl,True,False
105186,2024-25,2024-09-28 11:00,1,KZNIN,BOR,City Oval,11203,Sean Whitehead,7,22,16,1,1,not out,False,False
105186,2024-25,2024-09-28 11:00,1,KZNIN,BOR,City Oval,53419,Ntando Zuma,8,15,11,0,1,not out,False,True
105186,2024-25,2024-09-28 11:00,1,KZNIN,BOR,City Oval,10993,Budaza,9,0,0,0,0,,False,False
105186,2024-25,2024-09-28 11:00,1,KZNIN,BOR,City Oval,1431073,Thabiso Ndlela,10,0,0,0,0,,False,False
105186,2024-25,2024-09-28 11:00,1,KZNIN,BOR,City Oval,11204,Abrahams,11,0,0,0,0,,False,False
105186,2024-25,2024-09-28 11:00,2,BOR,KZNIN,City Oval,20418,Jerome Bossr,1,20,22,3,0,b Budaza,False,False
105186,2024-25,2024-09-28 11:00,2,BOR,KZNIN,City Oval,23936,Nathan Roux,2,11,8,1,0,b Budaza,False,False
105186,2024-25,2024-09-28 11:00,2,BOR,KZNIN,City Oval,13319,Jason Niemand,3,45,42,3,1,run out (Shekleton),True,False
105186,2024-25,2024-09-28 11:00,2,BOR,KZNIN,City Oval,13515,Marco Marais,4,17,18,2,0,b Sean Gilson,False,False
105186,2024-25,2024-09-28 11:00,2,BOR,KZNIN,City Oval,1431099,Christopher Gleaves,5,10,8,0,1,b Nipper,False,False
105186,2024-25,2024-09-28 11:00,2,BOR,KZNIN,City Oval,13514,Mncedisi Malika,6,1,6,0,0,b Sean Whitehead,False,True
105186,2024-25,2024-09-28 11:00,2,BOR,KZNIN,City Oval,13321,Jade de Klerk,7,6,8,1,0,run out (Abrahams),False,False
105186,2024-25,2024-09-28 11:00,2,BOR,KZNIN,City Oval,11340,Chad Classen,8,4,5,1,0,b Abrahams,False,False
105186,2024-25,2024-09-28 11:00,2,BOR,KZNIN,City Oval,20578,Aphiwe Mnyanda,9,1,2,0,0,b Nipper,False,False
105186,2024-25,2024-09-28 11:00,2,BOR,KZNIN,City Oval,31923,Nico van Zyl,10,2,2,0,0,not out,False,False
105186,2024-25,2024-09-28 11:00,2,BOR,KZNIN,City Oval,11872,Tladi Bokako,11,0,0,0,0,,False,False
105178,2024-25,2024-09-28 11:00,1,SWD,LIMPO,Recreation Ground,20448,Kyle Jacobs,1,33,31,5,1,c Don Radebe b Don Radebe,False,False
105178,2024-25,2024-09-28 11:00,1,SWD,LIMPO,Recreation Ground,34968,Keenan Vieira,2,58,40,9,1,c Steenkamp b Eldred Hawken,False,True
105178,2024-25,2024-09-28 11:00,1,SWD,LIMPO,Recreation Ground,20293,Heath Richards,3,7,9,1,0,b Morne Venter,False,False
105178,2024-25,2024-09-28 11:00,1,SWD,LIMPO,Recreation Ground,8096,Kelly Smuts,4,17,11,1,1,c Jesse Albanie b Ludwig Kaestner,False,False
105178,2024-25,2024-09-28 11:00,1,SWD,LIMPO,Recreation Ground,15918,Tyrese Karelse,5,5,5,1,0,b Eldred Hawken,False,False
105178,2024-25,2024-09-28 11:00,1,SWD,LIMPO,Recreation Ground,13068,Thomas Kaber,6,1,5,0,0,c Steenkamp b Don Radebe,True,False
105178,2024-25,2024-09-28 11:00,1,SWD,LIMPO,Recreation Ground,15922,Pheko Moletsane,7,4,5,0,0,lbw b Eldred Hawken,False,False
105178,2024-25,2024-09-28 11:00,1,SWD,LIMPO,Recreation Ground,14611,Jarred Jardine,8,6,6,0,0,not out,False,False
105178,2024-25,2024-09-28 11:00,1,SWD,LIMPO,Recreation Ground,50808,Liyabona Malife,9,2,2,0,0,c Liam Peters b Don Radebe,False,False
105178,2024-25,2024-09-28 11:00,1,SWD,LIMPO,Recreation Ground,14585,Lifa Ntanzi,10,4,6,0,0,not out,False,False
105178,2024-25,2024-09-28 11:00,1,SWD,LIMPO,Recreation Ground,20288,Majeza,11,0,0,0,0,,False,False
105178,2024-25,2024-09-28 11:00,2,LIMPO,SWD,Recreation Ground,20503,Morne Venter,1,64,45,7,2,c Tyrese Karelse b Thomas Kaber,False,False
105178,2024-25,2024-09-28 11:00,2,LIMPO,SWD,Recreation Ground,20412,Liam Peters,2,20,15,2,1,c Liyabona Malife b Majeza,True,False
105178,2024-25,2024-09-28 11:00,2,LIMPO,SWD,Recreation Ground,15194,Heinrich Pieterse,3,15,10,1,1,c Majeza b Lifa Ntanzi,False,False
105178,2024-25,2024-09-28 11:00,2,LIMPO,SWD,Recreation Ground,20262,Louren Steenkamp,4,36,23,4,1,not out,False,False
105178,2024-25,2024-09-28 11:00,2,LIMPO,SWD,Recreation Ground,20368,Dilivio Ridgaard,5,2,2,0,0,lbw b Thomas Kaber,False,True
105178,2024-25,2024-09-28 11:00,2,LIMPO,SWD,Recreation Ground,20458,Ludwig Kaestner,6,3,3,0,0,not out,False,False
105178,2024-25,2024-09-28 11:00,2,LIMPO,SWD,Recreation Ground,24629,Atwell Mokgoloboto,7,0,0,0,0,,False,False
105178,2024-25,2024-09-28 11:00,2,LIMPO,SWD,Recreation Ground,20497,Don Radebe,8,0,0,0,0,,False,False
105178,2024-25,2024-09-28 11:00,2,LIMPO,SWD,Recreation Ground,22086,Jesse Albanie,9,0,0,0,0,,False,False
105178,2024-25,2024-09-28 11:00,2,LIMPO,SWD,Recreation Ground,13394,Kgaudisa Molefe,10,0,0,0,0,,False,False
105178,2024-25,2024-09-28 11:00,2,LIMPO,SWD,Recreation Ground,10992,Eldred Hawken,11,0,0,0,0,,False,False
105188,2024-25,2024-09-29 11:00,1,ESTORM,MPR,Willowmoore Park,14768,Kabelo Sekhukhune,1,43,33,6,1,c Themba Maupa b Dadswell,True,False
105188,2024-25,2024-09-29 11:00,1,ESTORM,MPR,Willowmoore Park,20528,Christopher Britz,2,28,27,3,0,run out (Muhammed Mayet),False,False
105188,2024-25,2024-09-29 11:00,1,ESTORM,MPR,Willowmoore Park,31930,Mark Pearse,3,3,6,0,0,c Gareth Dukes b Jurie Snyman,False,False
105188,2024-25,2024-09-29 11:00,1,ESTORM,MPR,Willowmoore Park,31944,Dewan Marais,4,37,23,4,0,not out,False,False
105188,2024-25,2024-09-29 11:00,1,ESTORM,MPR,Willowmoore Park,20611,Danie Rossouw,5,41,25,3,1,lbw b Akhulile Mkhatu,False,True
105188,2024-25,2024-09-29 11:00,1,ESTORM,MPR,Willowmoore Park,31925,Juan Lubbe,6,0,3,0,0,c Jurie Snyman b Gareth Dukes,False,False
105188,2024-25,2024-09-29 11:00,1,ESTORM,MPR,Willowmoore Park,1431059,Shaveer Khan,7,0,1,0,0,c Musa Twala b Gareth Dukes,False,False
105188,2024-25,2024-09-29 11:00,1,ESTORM,MPR,Willowmoore Park,24351,Amaan Khan,8,2,2,0,0,c and b Themba Maupa,False,False
105188,2024-25,2024-09-29 11:00,1,ESTORM,MPR,Willowmoore Park,8526,Shaylen Pillay,9,1,1,0,0,run out (Hermann Rolfes),False,False
105188,2024-25,2024-09-29 11:00,1,ESTORM,MPR,Willowmoore Park,18582,Andrew Rasemene,10,0,0,0,0,,False,False
105188,2024-25,2024-09-29 11:00,1,ESTORM,MPR,Willowmoore Park,20623,Tumelo Simelane,11,0,0,0,0,,False,False
105188,2024-25,2024-09-29 11:00,2,MPR,ESTORM,Willowmoore Park,21396,Muhammed Mayet,1,0,1,0,0,c Andrew Rasemene b Tumelo Simelane,True,False
105188,2024-25,2024-09-29 11:00,2,MPR,ESTORM,Willowmoore Park,11009,Yassar Cook,2,0,3,0,0,c Kabelo Sekhukhune b Andrew Rasemene,False,False
105188,2024-25,2024-09-29 11:00,2,MPR,ESTORM,Willowmoore Park,14589,Nonelela Yikha,3,37,39,5,0,lbw b Amaan Khan,False,False
105188,2024-25,2024-09-29 11:00,2,MPR,ESTORM,Willowmoore Park,20591,Jurie Snyman,4,55,40,4,4,c Christopher Britz b Tumelo Simelane,False,False
105188,2024-25,2024-09-29 11:00,2,MPR,ESTORM,Willowmoore Park,20257,Shane Dadswell,5,2,2,0,0,c Mark Pearse b Tumelo Simelane,False,False
105188,2024-25,2024-09-29 11:00,2,MPR,ESTORM,Willowmoore Park,20362,Gareth Dukes,6,12,5,1,1,c Danie Rossouw b Andrew Rasemene,False,False
105188,2024-25,2024-09-29 11:00,2,MPR,ESTORM,Willowmoore Park,23916,Benjamin van Niekerk,7,12,7,0,1,run out (Dewan Marais),False,False
105188,2024-25,2024-09-29 11:00,2,MPR,ESTORM,Willowmoore Park,13325,Hermann Rolfes,8,17,12,2,0,not out,False,False
105188,2024-25,2024-09-29 11:00,2,MPR,ESTORM,Willowmoore Park,34107,Musa Twala,9,3,5,0,0,c Dewan Marais b Shaveer Khan,False,True
105188,2024-25,2024-09-29 11:00,2,MPR,ESTORM,Willowmoore Park,20407,Akhulile Mkhatu,10,2,6,0,0,not out,False,False
105188,2024-25,2024-09-29 11:00,2,MPR,ESTORM,Willowmoore Park,1431091,Themba Maupa,11,0,0,0,0,,False,False
105194,2024-25,2024-10-02 11:00,1,KZNIN,SWD,Recreation Ground,20357,Shekleton,1,2,4,0,0,c Yaseen Valli b Majeza,False,False
105194,2024-25,2024-10-02 11:00,1,KZNIN,SWD,Recreation Ground,11435,Rapulana,2,7,5,1,0,c Kyle Jacobs b Liyabona Malife,False,False
105194,2024-25,2024-10-02 11:00,1,KZNIN,SWD,Recreation Ground,9779,Nipper,3,52,42,5,1,lbw b Kyle Jacobs,False,False
105194,2024-25,2024-10-02 11:00,1,KZNIN,SWD,Recreation Ground,11203,Sean Whitehead,4,9,10,1,0,lbw b Majeza,False,False
105194,2024-25,2024-10-02 11:00,1,KZNIN,SWD,Recreation Ground,51686,Sean Gilson,5,5,8,0,0,b Thomas Kaber,False,False
105194,2024-25,2024-10-02 11:00,1,KZNIN,SWD,Recreation Ground,1431075,Chad Laycock,6,57,35,5,2,c Kelly Smuts b Lifa Ntanzi,False,False
105194,2024-25,2024-10-02 11:00,1,KZNIN,SWD,Recreation Ground,9703,Erlank,7,6,10,0,0,c Lifa Ntanzi b Kyle Jacobs,True,False
105194,2024-25,2024-10-02 11:00,1,KZNIN,SWD,Recreation Ground,53419,Ntando Zuma,8,8,4,0,1,b Kyle Jacobs,False,True
105194,2024-25,2024-10-02 11:00,1,KZNIN,SWD,Recreation Ground,1431073,Thabiso Ndlela,9,2,2,0,0,not out,False,False
105194,2024-25,2024-10-02 11:00,1,KZNIN,SWD,Recreation Ground,10993,Budaza,10,0,0,0,0,,False,False
105194,2024-25,2024-10-02 11:00,1,KZNIN,SWD,Recreation Ground,11204,Abrahams,11,0,0,0,0,,False,False
105194,2024-25,2024-10-02 11:00,2,SWD,KZNIN,Recreation Ground,9575,Yaseen Valli,1,25,20,5,0,c Ntando Zuma b Thabiso Ndlela,True,True
105194,2024-25,2024-10-02 11:00,2,SWD,KZNIN,Recreation Ground,34968,Keenan Vieira,2,0,2,0,0,c Erlank b Budaza,False,False
105194,2024-25,2024-10-02 11:00,2,SWD,KZNIN,Recreation Ground,20448,Kyle Jacobs,3,24,11,3,2,c Erlank b Sean Gilson,False,False
105194,2024-25,2024-10-02 11:00,2,SWD,KZNIN,Recreation Ground,20546,George Van Heerden,4,36,35,1,2,run out (Ntando Zuma),False,False
105194,2024-25,2024-10-02 11:00,2,SWD,KZNIN,Recreation Ground,20293,Heath Richards,5,58,43,4,3,not out,False,False
105194,2024-25,2024-10-02 11:00,2,SWD,KZNIN,Recreation Ground,8096,Kelly Smuts,6,9,5,0,1,not out,False,False
105194,2024-25,2024-10-02 11:00,2,SWD,KZNIN,Recreation Ground,13068,Thomas Kaber,7,0,0,0,0,,False,False
105194,2024-25,2024-10-02 11:00,2,SWD,KZNIN,Recreation Ground,15918,Tyrese Karelse,8,0,0,0,0,,False,False
105194,2024-25,2024-10-02 11:00,2,SWD,KZNIN,Recreation Ground,50808,Liyabona Malife,9,0,0,0,0,,False,False
105194,2024-25,2024-10-02 11:00,2,SWD,KZNIN,Recreation Ground,14585,Lifa Ntanzi,10,0,0,0,0,,False,False
105194,2024-25,2024-10-02 11:00,2,SWD,KZNIN,Recreation Ground,20288,Sintu Majeza,11,0,0,0,0,,False,False
105202,2024-25,2024-10-02 11:00,1,NCAPE,BOR,Diamond Oval,15948,Modiri Litheko,1,7,8,0,0,c Nathan Roux b Nico van Zyl,False,True
105202,2024-25,2024-10-02 11:00,1,NCAPE,BOR,Diamond Oval,24066,Ronan Hermann,2,10,12,1,0,b Nico van Zyl,False,False
105202,2024-25,2024-10-02 11:00,1,NCAPE,BOR,Diamond Oval,1431467,Cole Abrahams,3,11,10,1,1,b Nico van Zyl,False,False
105202,2024-25,2024-10-02 11:00,1,NCAPE,BOR,Diamond Oval,19238,Haasbroek,4,0,3,0,0,lbw b Nico van Zyl,True,False
105202,2024-25,2024-10-02 11:00,1,NCAPE,BOR,Diamond Oval,24071,Klijnhans,5,76,46,8,3,not out,False,False
105202,2024-25,2024-10-02 11:00,1,NCAPE,BOR,Diamond Oval,50997,Emmanuel Motswiri,6,0,2,0,0,c Mncedisi Malika b Thabile Hlatuka,False,False
105202,2024-25,2024-10-02 11:00,1,NCAPE,BOR,Diamond Oval,9493,Viljoen,7,0,7,0,0,c Mncedisi Malika b Nico van Zyl,False,False
105202,2024-25,2024-10-02 11:00,1,NCAPE,BOR,Diamond Oval,9709,Terblanche,8,15,18,1,1,run out (Christopher Gleaves),False,False
105202,2024-25,2024-10-02 11:00,1,NCAPE,BOR,Diamond Oval,10798,Ntuli,9,16,17,1,0,st Mncedisi Malika b Jason Niemand,False,False
105202,2024-25,2024-10-02 11:00,1,NCAPE,BOR,Diamond Oval,9729,Walters,10,9,8,1,0,not out,False,False
105202,2024-25,2024-10-02 11:00,1,NCAPE,BOR,Diamond Oval,20322,Rensburg,11,0,0,0,0,,False,False
105202,2024-25,2024-10-02 11:00,2,BOR,NCAPE,Diamond Oval,20418,Jerome Bossr,1,24,27,2,1,c Haasbroek b Walters,False,False
105202,2024-25,2024-10-02 11:00,2,BOR,NCAPE,Diamond Oval,13514,Mncedisi Malika,2,18,31,1,0,c Cole Abrahams b Ntuli,False,True
105202,2024-25,2024-10-02 11:00,2,BOR,NCAPE,Diamond Oval,13515,Marco Marais,3,64,37,6,4,c Klijnhans b Haasbroek,False,False
105202,2024-25,2024-10-02 11:00,2,BOR,NCAPE,Diamond Oval,23936,Nathan Roux,4,4,5,0,0,c Ntuli b Haasbroek,False,False
105202,2024-25,2024-10-02 11:00,2,BOR,NCAPE,Diamond Oval,1431099,Christopher Gleaves,5,7,7,0,0,b Haasbroek,False,False
105202,2024-25,2024-10-02 11:00,2,BOR,NCAPE,Diamond Oval,13319,Jason Niemand,6,0,1,0,0,c Walters b Rensburg,True,False
105202,2024-25,2024-10-02 11:00,2,BOR,NCAPE,Diamond Oval,13321,Jade de Klerk,7,3,4,0,0,c Haasbroek b Walters,False,False
105202,2024-25,2024-10-02 11:00,2,BOR,NCAPE,Diamond Oval,36398,Thabile Hlatuka,8,8,5,1,0,b Rensburg,False,False
105202,2024-25,2024-10-02 11:00,2,BOR,NCAPE,Diamond Oval,20578,Aphiwe Mnyanda,9,1,2,0,0,not out,False,False
105202,2024-25,2024-10-02 11:00,2,BOR,NCAPE,Diamond Oval,11340,Chad Classen,10,1,1,0,0,not out,False,False
105202,2024-25,2024-10-02 11:00,2,BOR,NCAPE,Diamond Oval,31923,Nico van Zyl,11,0,0,0,0,,False,False
105210,2024-25,2024-10-02 11:00,1,ESTORM,LIMPO,Polokwane Cricket Club,14768,Kabelo Sekhukhune,1,5,6,0,0,run out (Morne Venter),False,False
105210,2024-25,2024-10-02 11:00,1,ESTORM,LIMPO,Polokwane Cricket Club,20528,Christopher Britz,2,111,66,3,10,b Daniel van der Merwe,False,False
105210,2024-25,2024-10-02 11:00,1,ESTORM,LIMPO,Polokwane Cricket Club,20611,Danie Rossouw,3,23,18,3,1,lbw b Kgaudisa Molefe,False,True
105210,2024-25,2024-10-02 11:00,1,ESTORM,LIMPO,Polokwane Cricket Club,10685,Thomson,4,3,3,0,0,run out (Steenkamp),True,False
105210,2024-25,2024-10-02 11:00,1,ESTORM,LIMPO,Polokwane Cricket Club,31944,Dewan Marais,5,42,28,5,1,not out,False,False
105210,2024-25,2024-10-02 11:00,1,ESTORM,LIMPO,Polokwane Cricket Club,31925,Juan Lubbe,6,0,0,0,0,,False,False
105210,2024-25,2024-10-02 11:00,1,ESTORM,LIMPO,Polokwane Cricket Club,1431059,Shaveer Khan,7,0,0,0,0,,False,False
105210,2024-25,2024-10-02 11:00,1,ESTORM,LIMPO,Polokwane Cricket Club,18582,Andrew Rasemene,8,0,0,0,0,,False,False
105210,2024-25,2024-10-02 11:00,1,ESTORM,LIMPO,Polokwane Cricket Club,24351,Amaan Khan,9,0,0,0,0,,False,False
105210,2024-25,2024-10-02 11:00,1,ESTORM,LIMPO,Polokwane Cricket Club,20623,Tumelo Simelane,10,0,0,0,0,,False,False
105210,2024-25,2024-10-02 11:00,1,ESTORM,LIMPO,Polokwane Cricket Club,23931,Aron Visser,11,0,0,0,0,,False,False
105210,2024-25,2024-10-02 11:00,2,LIMPO,ESTORM,Polokwane Cricket Club,20503,Morne Venter,1,66,43,6,3,c and b Juan Lubbe,False,False
105210,2024-25,2024-10-02 11:00,2,LIMPO,ESTORM,Polokwane Cricket Club,20412,Liam Peters,2,44,32,7,0,b Juan Lubbe,True,False
105210,2024-25,2024-10-02 11:00,2,LIMPO,ESTORM,Polokwane Cricket Club,20262,Louren Steenkamp,3,20,16,1,1,c Kabelo Sekhukhune b Shaveer Khan,False,False
105210,2024-25,2024-10-02 11:00,2,LIMPO,ESTORM,Polokwane Cricket Club,15194,Heinrich Pieterse,4,18,10,2,1,c Christopher Britz b Shaveer Khan,False,False
105210,2024-25,2024-10-02 11:00,2,LIMPO,ESTORM,Polokwane Cricket Club,50552,Daniel van der Merwe,5,11,7,0,1,c Christopher Britz b Shaveer Khan,False,False
105210,2024-25,2024-10-02 11:00,2,LIMPO,ESTORM,Polokwane Cricket Club,14315,Sizwe Masondo,6,9,6,1,0,not out,False,False
105210,2024-25,2024-10-02 11:00,2,LIMPO,ESTORM,Polokwane Cricket Club,20368,Dilivio Ridgaard,7,7,6,1,0,hit wkt b Andrew Rasemene,False,True
105210,2024-25,2024-10-02 11:00,2,LIMPO,ESTORM,Polokwane Cricket Club,20497,Don Radebe,8,2,1,0,0,not out,False,False
105210,2024-25,2024-10-02 11:00,2,LIMPO,ESTORM,Polokwane Cricket Club,24629,Atwell Mokgoloboto,9,0,0,0,0,,False,False
105210,2024-25,2024-10-02 11:00,2,LIMPO,ESTORM,Polokwane Cricket Club,13394,Kgaudisa Molefe,10,0,0,0,0,,False,False
105210,2024-25,2024-10-02 11:00,2,LIMPO,ESTORM,Polokwane Cricket Club,10992,Eldred Hawken,11,0,0,0,0,,False,False
105220,2024-25,2024-10-05 11:00,1,KZNIN,NCAPE,City Oval,20357,Shekleton,1,22,17,2,1,lbw b Zakhele Qwabe,False,False
105220,2024-25,2024-10-05 11:00,1,KZNIN,NCAPE,City Oval,11435,Rapulana,2,48,45,5,0,c Modiri Litheko b Zakhele Qwabe,False,False
105220,2024-25,2024-10-05 11:00,1,KZNIN,NCAPE,City Oval,9779,Nipper,3,74,48,10,1,not out,False,False
105220,2024-25,2024-10-05 11:00,1,KZNIN,NCAPE,City Oval,1431075,Chad Laycock,4,0,2,0,0,b Walters,False,False
105220,2024-25,2024-10-05 11:00,1,KZNIN,NCAPE,City Oval,51686,Sean Gilson,5,14,12,2,0,not out,False,False
105220,2024-25,2024-10-05 11:00,1,KZNIN,NCAPE,City Oval,9703,Erlank,6,0,0,0,0,,True,False
105220,2024-25,2024-10-05 11:00,1,KZNIN,NCAPE,City Oval,10993,Budaza,7,0,0,0,0,,False,False
105220,2024-25,2024-10-05 11:00,1,KZNIN,NCAPE,City Oval,53419,Ntando Zuma,8,0,0,0,0,,False,True
105220,2024-25,2024-10-05 11:00,1,KZNIN,NCAPE,City Oval,11203,Sean Whitehead,9,0,0,0,0,,False,False
105220,2024-25,2024-10-05 11:00,1,KZNIN,NCAPE,City Oval,11204,Abrahams,10,0,0,0,0,,False,False
105220,2024-25,2024-10-05 11:00,1,KZNIN,NCAPE,City Oval,15919,Mondli Khumalo,11,0,0,0,0,,False,False
105220,2024-25,2024-10-05 11:00,2,NCAPE,KZNIN,City Oval,15948,Modiri Litheko,1,60,43,7,0,b Sean Whitehead,False,True
105220,2024-25,2024-10-05 11:00,2,NCAPE,KZNIN,City Oval,20303,Ernest Kemm,2,9,13,1,0,c Sean Whitehead b Budaza,False,False
105220,2024-25,2024-10-05 11:00,2,NCAPE,KZNIN,City Oval,16631,Tian Koekemoer,3,12,11,1,0,b Sean Gilson,False,False
105220,2024-25,2024-10-05 11:00,2,NCAPE,KZNIN,City Oval,24071,Christoffel Klijnhans,4,2,5,0,0,run out (Chad Laycock),False,False
105220,2024-25,2024-10-05 11:00,2,NCAPE,KZNIN,City Oval,9493,Hardus Viljoen,5,1,1,0,0,run out (Sean Whitehead),False,False
105220,2024-25,2024-10-05 11:00,2,NCAPE,KZNIN,City Oval,19238,Ruan Haasbroek,6,10,9,1,0,lbw b Mondli Khumalo,True,False
105220,2024-25,2024-10-05 11:00,2,NCAPE,KZNIN,City Oval,1431467,Cole Abrahams,7,24,17,2,1,c Erlank b Abrahams,False,False
105220,2024-25,2024-10-05 11:00,2,NCAPE,KZNIN,City Oval,50997,Emmanuel Motswiri,8,8,10,0,0,not out,False,False
105220,2024-25,2024-10-05 11:00,2,NCAPE,KZNIN,City Oval,10798,Tshepo Ntuli,9,2,2,0,0,run out (Sean Gilson),False,False
105220,2024-25,2024-10-05 11:00,2,NCAPE,KZNIN,City Oval,9729,Basheeru-Deen Walters,10,4,9,0,0,b Abrahams,False,False
105220,2024-25,2024-10-05 11:00,2,NCAPE,KZNIN,City Oval,10080,Zakhele Qwabe,11,1,1,0,0,not out,False,False
105218,2024-25,2024-10-05 11:00,1,BOR,SWD,Buffalo Park,20418,Jerome Bossr,1,2,8,0,0,b Liyabona Malife,False,False
105218,2024-25,2024-10-05 11:00,1,BOR,SWD,Buffalo Park,23936,Nathan Roux,2,36,38,4,0,c G Van Heerden b Thomas Kaber,False,False
105218,2024-25,2024-10-05 11:00,1,BOR,SWD,Buffalo Park,13514,Mncedisi Malika,3,1,3,0,0,c and b Kyle Jacobs,False,True
105218,2024-25,2024-10-05 11:00,1,BOR,SWD,Buffalo Park,13515,Marco Marais,4,1,3,0,0,c G Van Heerden b Majeza,False,False
105218,2024-25,2024-10-05 11:00,1,BOR,SWD,Buffalo Park,13319,Jason Niemand,5,8,13,0,0,b Tyrese Karelse,True,False
105218,2024-25,2024-10-05 11:00,1,BOR,SWD,Buffalo Park,1431099,Christopher Gleaves,6,16,11,1,1,c Keenan Vieira b Thomas Kaber,False,False
105218,2024-25,2024-10-05 11:00,1,BOR,SWD,Buffalo Park,13321,Jade de Klerk,7,1,2,0,0,b Thomas Kaber,False,False
105218,2024-25,2024-10-05 11:00,1,BOR,SWD,Buffalo Park,36398,Thabile Hlatuka,8,14,18,1,0,run out (Liyabona Malife),False,False
105218,2024-25,2024-10-05 11:00,1,BOR,SWD,Buffalo Park,11340,Chad Classen,9,14,13,1,0,run out (Keenan Vieira),False,False
105218,2024-25,2024-10-05 11:00,1,BOR,SWD,Buffalo Park,31923,Nico van Zyl,10,3,5,0,0,not out,False,False
105218,2024-25,2024-10-05 11:00,1,BOR,SWD,Buffalo Park,1431507,Ayabonga Tongo,11,9,6,1,0,not out,False,False
105218,2024-25,2024-10-05 11:00,2,SWD,BOR,Buffalo Park,9575,Yaseen Valli,1,1,5,0,0,lbw b Jade de Klerk,True,True
105218,2024-25,2024-10-05 11:00,2,SWD,BOR,Buffalo Park,34968,Keenan Vieira,2,2,6,0,0,b Jade de Klerk,False,False
105218,2024-25,2024-10-05 11:00,2,SWD,BOR,Buffalo Park,20448,Kyle Jacobs,3,47,50,3,3,not out,False,False
105218,2024-25,2024-10-05 11:00,2,SWD,BOR,Buffalo Park,20546,George Van Heerden,4,59,34,4,4,not out,False,False
105218,2024-25,2024-10-05 11:00,2,SWD,BOR,Buffalo Park,20293,Heath Richards,5,0,0,0,0,,False,False
105218,2024-25,2024-10-05 11:00,2,SWD,BOR,Buffalo Park,8096,Kelly Smuts,6,0,0,0,0,,False,False
105218,2024-25,2024-10-05 11:00,2,SWD,BOR,Buffalo Park,15918,Tyrese Karelse,7,0,0,0,0,,False,False
105218,2024-25,2024-10-05 11:00,2,SWD,BOR,Buffalo Park,13068,Thomas Kaber,8,0,0,0,0,,False,False
105218,2024-25,2024-10-05 11:00,2,SWD,BOR,Buffalo Park,50808,Liyabona Malife,9,0,0,0,0,,False,False
105218,2024-25,2024-10-05 11:00,2,SWD,BOR,Buffalo Park,14585,Lifa Ntanzi,10,0,0,0,0,,False,False
105218,2024-25,2024-10-05 11:00,2,SWD,BOR,Buffalo Park,20288,Sintu Majeza,11,0,0,0,0,,False,False
105226,2024-25,2024-10-06 11:00,1,LIMPO,MPR,Polokwane Cricket Club,20503,Morne Venter,1,49,40,4,1,b Themba Maupa,False,False
105226,2024-25,2024-10-06 11:00,1,LIMPO,MPR,Polokwane Cricket Club,20412,Liam Peters,2,1,2,0,0,c Hermann Rolfes b Gareth Dukes,True,False
105226,2024-25,2024-10-06 11:00,1,LIMPO,MPR,Polokwane Cricket Club,20262,Steenkamp,3,6,8,1,0,b Gareth Dukes,False,False
105226,2024-25,2024-10-06 11:00,1,LIMPO,MPR,Polokwane Cricket Club,15194,Heinrich Pieterse,4,48,44,4,1,c Muhammed Mayet b Hermann Rolfes,False,False
105226,2024-25,2024-10-06 11:00,1,LIMPO,MPR,Polokwane Cricket Club,14315,Sizwe Masondo,5,6,6,0,0,b Junior Makua,False,False
105226,2024-25,2024-10-06 11:00,1,LIMPO,MPR,Polokwane Cricket Club,50552,Daniel van der Merwe,6,16,12,2,0,not out,False,False
105226,2024-25,2024-10-06 11:00,1,LIMPO,MPR,Polokwane Cricket Club,20368,Ridgaard,7,6,5,0,0,c Musa Twala b Hinrichsen,False,True
105226,2024-25,2024-10-06 11:00,1,LIMPO,MPR,Polokwane Cricket Club,20497,Don Radebe,8,3,3,0,0,not out,False,False
105226,2024-25,2024-10-06 11:00,1,LIMPO,MPR,Polokwane Cricket Club,24629,Atwell Mokgoloboto,9,0,0,0,0,,False,False
105226,2024-25,2024-10-06 11:00,1,LIMPO,MPR,Polokwane Cricket Club,13394,Kgaudisa Molefe,10,0,0,0,0,,False,False
105226,2024-25,2024-10-06 11:00,1,LIMPO,MPR,Polokwane Cricket Club,10992,Eldred Hawken,11,0,0,0,0,,False,False
105226,2024-25,2024-10-06 11:00,2,MPR,LIMPO,Polokwane Cricket Club,21393,Karabo Mogotsi,1,34,29,5,0,lbw b Eldred Hawken,False,False
105226,2024-25,2024-10-06 11:00,2,MPR,LIMPO,Polokwane Cricket Club,21396,Muhammed Mayet,2,6,8,1,0,lbw b Atwell Mokgoloboto,True,False
105226,2024-25,2024-10-06 11:00,2,MPR,LIMPO,Polokwane Cricket Club,14589,Nonelela Yikha,3,13,15,1,1,lbw b Morne Venter,False,False
105226,2024-25,2024-10-06 11:00,2,MPR,LIMPO,Polokwane Cricket Club,20591,Jurie Snyman,4,0,5,0,0,b Don Radebe,False,False
105226,2024-25,2024-10-06 11:00,2,MPR,LIMPO,Polokwane Cricket Club,23916,Benjamin van Niekerk,5,25,20,0,2,c Steenkamp b Kgaudisa Molefe,False,False
105226,2024-25,2024-10-06 11:00,2,MPR,LIMPO,Polokwane Cricket Club,20362,Gareth Dukes,6,11,5,0,1,b Eldred Hawken,False,False
105226,2024-25,2024-10-06 11:00,2,MPR,LIMPO,Polokwane Cricket Club,13325,Hermann Rolfes,7,17,18,3,0,c Sizwe Masondo b Don Radebe,False,False
105226,2024-25,2024-10-06 11:00,2,MPR,LIMPO,Polokwane Cricket Club,34107,Musa Twala,8,2,5,0,0,b Morne Venter,False,True
105226,2024-25,2024-10-06 11:00,2,MPR,LIMPO,Polokwane Cricket Club,20392,Jon Hinrichsen,9,4,4,0,0,c Liam Peters b Don Radebe,False,False
105226,2024-25,2024-10-06 11:00,2,MPR,LIMPO,Polokwane Cricket Club,1409130,Junior Makua,10,2,4,0,0,not out,False,False
105226,2024-25,2024-10-06 11:00,2,MPR,LIMPO,Polokwane Cricket Club,1431091,Themba Maupa,11,4,6,1,0,b Morne Venter,False,False
105234,2024-25,2024-10-09 11:00,1,SWD,NCAPE,Recreation Ground,9575,Yaseen Valli,1,2,13,0,0,c Modiri Litheko b Viljoen,True,True
105234,2024-25,2024-10-09 11:00,1,SWD,NCAPE,Recreation Ground,20448,Kyle Jacobs,2,15,12,2,1,c Modiri Litheko b Zakhele Qwabe,False,False
105234,2024-25,2024-10-09 11:00,1,SWD,NCAPE,Recreation Ground,20546,G Van Heerden,3,55,41,2,3,b Zakhele Qwabe,False,False
105234,2024-25,2024-10-09 11:00,1,SWD,NCAPE,Recreation Ground,20293,Heath Richards,4,16,19,2,0,c Haasbroek b Ernest Kemm,False,False
105234,2024-25,2024-10-09 11:00,1,SWD,NCAPE,Recreation Ground,14581,Luke Beaufort,5,42,30,5,1,c Ntuli b Haasbroek,False,False
105234,2024-25,2024-10-09 11:00,1,SWD,NCAPE,Recreation Ground,13068,Thomas Kaber,6,0,1,0,0,c Cole Abrahams b Haasbroek,False,False
105234,2024-25,2024-10-09 11:00,1,SWD,NCAPE,Recreation Ground,15918,Tyrese Karelse,7,3,5,0,0,not out,False,False
105234,2024-25,2024-10-09 11:00,1,SWD,NCAPE,Recreation Ground,14611,Jarred Jardine,8,1,1,0,0,not out,False,False
105234,2024-25,2024-10-09 11:00,1,SWD,NCAPE,Recreation Ground,50808,Liyabona Malife,9,0,0,0,0,,False,False
105234,2024-25,2024-10-09 11:00,1,SWD,NCAPE,Recreation Ground,14585,Lifa Ntanzi,10,0,0,0,0,,False,False
105234,2024-25,2024-10-09 11:00,1,SWD,NCAPE,Recreation Ground,20288,Majeza,11,0,0,0,0,,False,False
105234,2024-25,2024-10-09 11:00,2,NCAPE,SWD,Recreation Ground,15948,Modiri Litheko,1,4,9,0,0,b Kyle Jacobs,False,True
105234,2024-25,2024-10-09 11:00,2,NCAPE,SWD,Recreation Ground,20303,Ernest Kemm,2,23,27,0,1,c Liyabona Malife b Thomas Kaber,False,False
105234,2024-25,2024-10-09 11:00,2,NCAPE,SWD,Recreation Ground,24066,Ronan Hermann,3,18,23,1,0,b Jarred Jardine,False,False
105234,2024-25,2024-10-09 11:00,2,NCAPE,SWD,Recreation Ground,19238,Ruan Haasbroek,4,8,6,0,0,c Liyabona Malife b Thomas Kaber,True,False
105234,2024-25,2024-10-09 11:00,2,NCAPE,SWD,Recreation Ground,24071,Christoffel Klijnhans,5,10,14,0,0,c G Van Heerden b Liyabona Malife,False,False
105234,2024-25,2024-10-09 11:00,2,NCAPE,SWD,Recreation Ground,1431467,Cole Abrahams,6,46,28,2,4,run out (G Van Heerden),False,False
105234,2024-25,2024-10-09 11:00,2,NCAPE,SWD,Recreation Ground,9493,Hardus Viljoen,7,7,3,0,1,b Jarred Jardine,False,False
105234,2024-25,2024-10-09 11:00,2,NCAPE,SWD,Recreation Ground,50997,Emmanuel Motswiri,8,0,1,0,0,st Yaseen Valli b Thomas Kaber,False,False
105234,2024-25,2024-10-09 11:00,2,NCAPE,SWD,Recreation Ground,10798,Tshepo Ntuli,9,5,5,0,0,b Kyle Jacobs,False,False
105234,2024-25,2024-10-09 11:00,2,NCAPE,SWD,Recreation Ground,9729,Basheeru-Deen Walters,10,0,3,0,0,not out,False,False
105234,2024-25,2024-10-09 11:00,2,NCAPE,SWD,Recreation Ground,10080,Zakhele Qwabe,11,0,1,0,0,b Kyle Jacobs,False,False
105236,2024-25,2024-10-09 11:00,1,BOR,ESTORM,Buffalo Park,13515,Marco Marais,1,87,65,6,5,b Amaan Khan,False,False
105236,2024-25,2024-10-09 11:00,1,BOR,ESTORM,Buffalo Park,23936,Nathan Roux,2,6,20,0,0,b Shaveer Khan,False,False
105236,2024-25,2024-10-09 11:00,1,BOR,ESTORM,Buffalo Park,13514,Mncedisi Malika,3,44,33,5,1,not out,False,True
105236,2024-25,2024-10-09 11:00,1,BOR,ESTORM,Buffalo Park,1431099,Christopher Gleaves,4,7,3,0,1,c Danie Rossouw b Andrew Rasemene,False,False
105236,2024-25,2024-10-09 11:00,1,BOR,ESTORM,Buffalo Park,13319,Jason Niemand,5,5,2,1,0,not out,True,False
105236,2024-25,2024-10-09 11:00,1,BOR,ESTORM,Buffalo Park,1431611,Russell Peterson,6,0,0,0,0,,False,False
105236,2024-25,2024-10-09 11:00,1,BOR,ESTORM,Buffalo Park,13321,Jade de Klerk,7,0,0,0,0,,False,False
105236,2024-25,2024-10-09 11:00,1,BOR,ESTORM,Buffalo Park,1423859,Olwakhe Goqoza,8,0,0,0,0,,False,False
105236,2024-25,2024-10-09 11:00,1,BOR,ESTORM,Buffalo Park,11340,Chad Classen,9,0,0,0,0,,False,False
105236,2024-25,2024-10-09 11:00,1,BOR,ESTORM,Buffalo Park,31923,Nico van Zyl,10,0,0,0,0,,False,False
105236,2024-25,2024-10-09 11:00,1,BOR,ESTORM,Buffalo Park,11872,Tladi Bokako,11,0,0,0,0,,False,False
105236,2024-25,2024-10-09 11:00,2,ESTORM,BOR,Buffalo Park,14768,Kabelo Sekhukhune,1,5,5,1,0,c Jade de Klerk b Nico van Zyl,False,False
105236,2024-25,2024-10-09 11:00,2,ESTORM,BOR,Buffalo Park,20528,Christopher Britz,2,48,43,1,2,not out,False,False
105236,2024-25,2024-10-09 11:00,2,ESTORM,BOR,Buffalo Park,20611,Danie Rossouw,3,4,3,1,0,c Mncedisi Malika b Chad Classen,False,True
105236,2024-25,2024-10-09 11:00,2,ESTORM,BOR,Buffalo Park,10685,Grant Thomson,4,5,9,1,0,c Mncedisi Malika b Chad Classen,True,False
105236,2024-25,2024-10-09 11:00,2,ESTORM,BOR,Buffalo Park,31944,Dewan Marais,5,87,51,10,4,not out,False,False
105236,2024-25,2024-10-09 11:00,2,ESTORM,BOR,Buffalo Park,31925,Juan Lubbe,6,0,0,0,0,,False,False
105236,2024-25,2024-10-09 11:00,2,ESTORM,BOR,Buffalo Park,1431059,Shaveer Khan,7,0,0,0,0,,False,False
105236,2024-25,2024-10-09 11:00,2,ESTORM,BOR,Buffalo Park,18582,Andrew Rasemene,8,0,0,0,0,,False,False
105236,2024-25,2024-10-09 11:00,2,ESTORM,BOR,Buffalo Park,24351,Amaan Khan,9,0,0,0,0,,False,False
105236,2024-25,2024-10-09 11:00,2,ESTORM,BOR,Buffalo Park,20623,Tumelo Simelane,10,0,0,0,0,,False,False
105236,2024-25,2024-10-09 11:00,2,ESTORM,BOR,Buffalo Park,23931,Aron Visser,11,0,0,0,0,,False,False
105242,2024-25,2024-10-09 11:00,1,MPR,KZNIN,City Oval,21393,Karabo Mogotsi,1,19,14,2,1,c Sean Gilson b Mondli Khumalo,False,False
105242,2024-25,2024-10-09 11:00,1,MPR,KZNIN,City Oval,21396,Muhammed Mayet,2,0,3,0,0,lbw b Sean Whitehead,True,False
105242,2024-25,2024-10-09 11:00,1,MPR,KZNIN,City Oval,14589,Nonelela Yikha,3,0,1,0,0,b Budaza,False,False
105242,2024-25,2024-10-09 11:00,1,MPR,KZNIN,City Oval,20591,Jurie Snyman,4,53,42,8,1,c Ntando Zuma b Abrahams,False,False
105242,2024-25,2024-10-09 11:00,1,MPR,KZNIN,City Oval,23916,Benjamin van Niekerk,5,55,36,6,1,not out,False,False
105242,2024-25,2024-10-09 11:00,1,MPR,KZNIN,City Oval,20362,Gareth Dukes,6,30,20,4,1,c Chad Laycock b Budaza,False,False
105242,2024-25,2024-10-09 11:00,1,MPR,KZNIN,City Oval,13325,Hermann Rolfes,7,6,4,1,0,not out,False,False
105242,2024-25,2024-10-09 11:00,1,MPR,KZNIN,City Oval,1431603,Zakir Kathrada,8,0,0,0,0,,False,True
105242,2024-25,2024-10-09 11:00,1,MPR,KZNIN,City Oval,20392,Hinrichsen,9,0,0,0,0,,False,False
105242,2024-25,2024-10-09 11:00,1,MPR,KZNIN,City Oval,1409130,Junior Makua,10,0,0,0,0,,False,False
105242,2024-25,2024-10-09 11:00,1,MPR,KZNIN,City Oval,1431091,Themba Maupa,11,0,0,0,0,,False,False
105242,2024-25,2024-10-09 11:00,2,KZNIN,MPR,City Oval,20357,Cameron Shekleton,1,23,15,3,0,c Muhammed Mayet b Nonelela Yikha,False,False
105242,2024-25,2024-10-09 11:00,2,KZNIN,MPR,City Oval,11435,Kagiso Rapulana,2,83,59,12,0,not out,False,False
105242,2024-25,2024-10-09 11:00,2,KZNIN,MPR,City Oval,9779,Kyle Nipper,3,1,3,0,0,b Hinrichsen,False,False
105242,2024-25,2024-10-09 11:00,2,KZNIN,MPR,City Oval,51686,Sean Gilson,4,44,34,3,2,c Themba Maupa b Gareth Dukes,False,False
105242,2024-25,2024-10-09 11:00,2,KZNIN,MPR,City Oval,1431075,Chad Laycock,5,8,6,0,0,c Muhammed Mayet b Gareth Dukes,False,False
105242,2024-25,2024-10-09 11:00,2,KZNIN,MPR,City Oval,9703,Michael Erlank,6,1,2,0,0,c Zakir Kathrada b Hinrichsen,True,False
105242,2024-25,2024-10-09 11:00,2,KZNIN,MPR,City Oval,11203,Sean Whitehead,7,1,2,0,0,not out,False,False
105242,2024-25,2024-10-09 11:00,2,KZNIN,MPR,City Oval,10993,Mbulelo Budaza,8,0,0,0,0,,False,False
105242,2024-25,2024-10-09 11:00,2,KZNIN,MPR,City Oval,53419,Ntando Zuma,9,0,0,0,0,,False,True
105242,2024-25,2024-10-09 11:00,2,KZNIN,MPR,City Oval,11204,Ziyaad Abrahams,10,0,0,0,0,,False,False
105242,2024-25,2024-10-09 11:00,2,KZNIN,MPR,City Oval,15919,Mondli Khumalo,11,0,0,0,0,,False,False
105260,2024-25,2024-10-12 11:00,1,BOR,MPR,"Uplands College, White River",13515,Marco Marais,1,75,59,9,2,c Junior Makua b Gareth Dukes,False,False
105260,2024-25,2024-10-12 11:00,1,BOR,MPR,"Uplands College, White River",23936,Nathan Roux,2,5,5,1,0,c Nonelela Yikha b Gareth Dukes,False,False
105260,2024-25,2024-10-12 11:00,1,BOR,MPR,"Uplands College, White River",13514,Mncedisi Malika,3,18,18,2,1,b Themba Maupa,True,True
105260,2024-25,2024-10-12 11:00,1,BOR,MPR,"Uplands College, White River",1431099,Christopher Gleaves,4,39,25,1,3,c Karabo Mogotsi b Junior Makua,False,False
105260,2024-25,2024-10-12 11:00,1,BOR,MPR,"Uplands College, White River",20418,Jerome Bossr,5,17,14,2,0,not out,False,False
105260,2024-25,2024-10-12 11:00,1,BOR,MPR,"Uplands College, White River",1431611,Russell Peterson,6,0,0,0,0,,False,False
105260,2024-25,2024-10-12 11:00,1,BOR,MPR,"Uplands College, White River",13321,Jade de Klerk,7,0,0,0,0,,False,False
105260,2024-25,2024-10-12 11:00,1,BOR,MPR,"Uplands College, White River",1431507,Ayabonga Tongo,8,0,0,0,0,,False,False
105260,2024-25,2024-10-12 11:00,1,BOR,MPR,"Uplands College, White River",34116,Mathew Fourie,9,0,0,0,0,,False,False
105260,2024-25,2024-10-12 11:00,1,BOR,MPR,"Uplands College, White River",31923,Nico van Zyl,10,0,0,0,0,,False,False
105260,2024-25,2024-10-12 11:00,1,BOR,MPR,"Uplands College, White River",11872,Tladi Bokako,11,0,0,0,0,,False,False
105260,2024-25,2024-10-12 11:00,2,MPR,BOR,"Uplands College, White River",21396,Muhammed Mayet,1,10,24,0,1,c Jerome Bossr b Ayabonga Tongo,True,False
105260,2024-25,2024-10-12 11:00,2,MPR,BOR,"Uplands College, White River",21393,Karabo Mogotsi,2,1,4,0,0,b Mathew Fourie,False,False
105260,2024-25,2024-10-12 11:00,2,MPR,BOR,"Uplands College, White River",14589,Nonelela Yikha,3,43,35,5,1,b Nico van Zyl,False,False
105260,2024-25,2024-10-12 11:00,2,MPR,BOR,"Uplands College, White River",20591,Jurie Snyman,4,50,30,1,5,b Nico van Zyl,False,False
105260,2024-25,2024-10-12 11:00,2,MPR,BOR,"Uplands College, White River",23916,Benjamin van Niekerk,5,16,13,0,2,not out,False,False
105260,2024-25,2024-10-12 11:00,2,MPR,BOR,"Uplands College, White River",20362,Gareth Dukes,6,28,9,0,4,not out,False,False
105260,2024-25,2024-10-12 11:00,2,MPR,BOR,"Uplands College, White River",1431603,Zakir Kathrada,7,0,0,0,0,,False,True
105260,2024-25,2024-10-12 11:00,2,MPR,BOR,"Uplands College, White River",13325,Hermann Rolfes,8,0,0,0,0,,False,False
105260,2024-25,2024-10-12 11:00,2,MPR,BOR,"Uplands College, White River",20392,Jon Hinrichsen,9,0,0,0,0,,False,False
105260,2024-25,2024-10-12 11:00,2,MPR,BOR,"Uplands College, White River",1409130,Junior Makua,10,0,0,0,0,,False,False
105260,2024-25,2024-10-12 11:00,2,MPR,BOR,"Uplands College, White River",1431091,Themba Maupa,11,0,0,0,0,,False,False
105252,2024-25,2024-10-12 11:00,1,KZNIN,ESTORM,Willowmoore Park,20357,Shekleton,1,29,27,1,1,c Aron Visser b Shaveer Khan,False,True
105252,2024-25,2024-10-12 11:00,1,KZNIN,ESTORM,Willowmoore Park,11435,Rapulana,2,17,12,3,0,c Danie Rossouw b Andrew Rasemene,False,False
105252,2024-25,2024-10-12 11:00,1,KZNIN,ESTORM,Willowmoore Park,9779,Nipper,3,67,48,6,2,c Danie Rossouw b Andrew Rasemene,False,False
105252,2024-25,2024-10-12 11:00,1,KZNIN,ESTORM,Willowmoore Park,51686,Sean Gilson,4,3,5,0,0,c Danie Rossouw b Shaveer Khan,False,False
105252,2024-25,2024-10-12 11:00,1,KZNIN,ESTORM,Willowmoore Park,1431075,Chad Laycock,5,5,8,0,0,c Andrew Rasemene b Christopher Britz,False,False
105252,2024-25,2024-10-12 11:00,1,KZNIN,ESTORM,Willowmoore Park,9703,Erlank,6,6,10,0,0,c Aron Visser b Amaan Khan,True,False
105252,2024-25,2024-10-12 11:00,1,KZNIN,ESTORM,Willowmoore Park,11203,Sean Whitehead,7,4,4,1,0,run out (Andrew Rasemene),False,False
105252,2024-25,2024-10-12 11:00,1,KZNIN,ESTORM,Willowmoore Park,55739,Daelen Fynn,8,4,4,0,0,c Amaan Khan b Andrew Rasemene,False,False
105252,2024-25,2024-10-12 11:00,1,KZNIN,ESTORM,Willowmoore Park,1431073,Thabiso Ndlela,9,1,1,0,0,not out,False,False
105252,2024-25,2024-10-12 11:00,1,KZNIN,ESTORM,Willowmoore Park,11204,Abrahams,10,0,1,0,0,c and b Andrew Rasemene,False,False
105252,2024-25,2024-10-12 11:00,1,KZNIN,ESTORM,Willowmoore Park,10993,Budaza,11,0,1,0,0,b Andrew Rasemene,False,False
105252,2024-25,2024-10-12 11:00,2,ESTORM,KZNIN,Willowmoore Park,14768,Kabelo Sekhukhune,1,30,19,6,0,c Rapulana b Abrahams,False,False
105252,2024-25,2024-10-12 11:00,2,ESTORM,KZNIN,Willowmoore Park,20528,Christopher Britz,2,37,36,2,2,c Rapulana b Abrahams,False,False
105252,2024-25,2024-10-12 11:00,2,ESTORM,KZNIN,Willowmoore Park,20611,Danie Rossouw,3,5,7,1,0,c Shekleton b Thabiso Ndlela,False,True
105252,2024-25,2024-10-12 11:00,2,ESTORM,KZNIN,Willowmoore Park,10685,Grant Thomson,4,5,9,0,0,c Thabiso Ndlela b Sean Whitehead,True,False
105252,2024-25,2024-10-12 11:00,2,ESTORM,KZNIN,Willowmoore Park,31944,Dewan Marais,5,23,15,2,1,b Sean Whitehead,False,False
105252,2024-25,2024-10-12 11:00,2,ESTORM,KZNIN,Willowmoore Park,23931,Aron Visser,6,21,15,0,1,not out,False,False
105252,2024-25,2024-10-12 11:00,2,ESTORM,KZNIN,Willowmoore Park,24351,Amaan Khan,7,1,3,0,0,b Thabiso Ndlela,False,False
105252,2024-25,2024-10-12 11:00,2,ESTORM,KZNIN,Willowmoore Park,1431059,Shaveer Khan,8,5,7,0,0,c Erlank b Thabiso Ndlela,False,False
105252,2024-25,2024-10-12 11:00,2,ESTORM,KZNIN,Willowmoore Park,18582,Andrew Rasemene,9,11,10,2,0,retd hurt,False,False
105252,2024-25,2024-10-12 11:00,2,ESTORM,KZNIN,Willowmoore Park,31925,Juan Lubbe,10,0,1,0,0,c Erlank b Budaza,False,False
105252,2024-25,2024-10-12 11:00,2,ESTORM,KZNIN,Willowmoore Park,20623,Tumelo Simelane,11,0,0,0,0,,False,False
105244,2024-25,2024-10-12 11:00,1,NCAPE,LIMPO,Diamond Oval,24066,Ronan Hermann,1,17,14,2,1,b Atwell Mokgoloboto,False,False
105244,2024-25,2024-10-12 11:00,1,NCAPE,LIMPO,Diamond Oval,1432745,Gerald Pike,2,31,24,1,3,c Heinrich Pieterse b Don Radebe,False,False
105244,2024-25,2024-10-12 11:00,1,NCAPE,LIMPO,Diamond Oval,15948,Modiri Litheko,3,16,13,2,1,c Eldred Hawken b Jesse Albanie,False,True
105244,2024-25,2024-10-12 11:00,1,NCAPE,LIMPO,Diamond Oval,19238,Haasbroek,4,63,33,3,5,lbw b Eldred Hawken,True,False
105244,2024-25,2024-10-12 11:00,1,NCAPE,LIMPO,Diamond Oval,24071,Klijnhans,5,48,30,4,3,not out,False,False
105244,2024-25,2024-10-12 11:00,1,NCAPE,LIMPO,Diamond Oval,1431467,Cole Abrahams,6,10,7,0,1,not out,False,False
105244,2024-25,2024-10-12 11:00,1,NCAPE,LIMPO,Diamond Oval,9729,Walters,7,0,0,0,0,,False,False
105244,2024-25,2024-10-12 11:00,1,NCAPE,LIMPO,Diamond Oval,50997,Emmanuel Motswiri,8,0,0,0,0,,False,False
105244,2024-25,2024-10-12 11:00,1,NCAPE,LIMPO,Diamond Oval,9493,Viljoen,9,0,0,0,0,,False,False
105244,2024-25,2024-10-12 11:00,1,NCAPE,LIMPO,Diamond Oval,10798,Ntuli,10,0,0,0,0,,False,False
105244,2024-25,2024-10-12 11:00,1,NCAPE,LIMPO,Diamond Oval,10080,Zakhele Qwabe,11,0,0,0,0,,False,False
105244,2024-25,2024-10-12 11:00,2,LIMPO,NCAPE,Diamond Oval,20412,Liam Peters,1,10,10,1,0,c and b Haasbroek,True,False
105244,2024-25,2024-10-12 11:00,2,LIMPO,NCAPE,Diamond Oval,20503,Morne Venter,2,1,3,0,0,c Haasbroek b Viljoen,False,False
105244,2024-25,2024-10-12 11:00,2,LIMPO,NCAPE,Diamond Oval,15194,Heinrich Pieterse,3,14,11,3,0,c Klijnhans b Zakhele Qwabe,False,False
105244,2024-25,2024-10-12 11:00,2,LIMPO,NCAPE,Diamond Oval,20458,Ludwig Kaestner,4,12,13,1,0,run out (Viljoen),False,False
105244,2024-25,2024-10-12 11:00,2,LIMPO,NCAPE,Diamond Oval,20368,Dilivio Ridgaard,5,33,37,4,0,run out (Modiri Litheko),False,True
105244,2024-25,2024-10-12 11:00,2,LIMPO,NCAPE,Diamond Oval,20262,Louren Steenkamp,6,27,17,2,1,c Modiri Litheko b Ntuli,False,False
105244,2024-25,2024-10-12 11:00,2,LIMPO,NCAPE,Diamond Oval,50552,Daniel van der Merwe,7,5,7,0,0,not out,False,False
105244,2024-25,2024-10-12 11:00,2,LIMPO,NCAPE,Diamond Oval,20497,Don Radebe,8,0,2,0,0,c Cole Abrahams b Ntuli,False,False
105244,2024-25,2024-10-12 11:00,2,LIMPO,NCAPE,Diamond Oval,10992,Eldred Hawken,9,0,2,0,0,run out (Viljoen),False,False
105244,2024-25,2024-10-12 11:00,2,LIMPO,NCAPE,Diamond Oval,24629,Atwell Mokgoloboto,10,3,3,0,0,c Cole Abrahams b Walters,False,False
105244,2024-25,2024-10-12 11:00,2,LIMPO,NCAPE,Diamond Oval,13394,Kgaudisa Molefe,11,0,3,0,0,b Walters,False,False
105244,2024-25,2024-10-12 11:00,2,LIMPO,NCAPE,Diamond Oval,22086,Jesse Albanie,12,0,0,0,0,,False,False
105266,2024-25,2024-10-16 11:00,1,ESTORM,NCAPE,Willowmoore Park,20528,Christopher Britz,1,107,59,8,6,not out,False,False
105266,2024-25,2024-10-16 11:00,1,ESTORM,NCAPE,Willowmoore Park,14768,Kabelo Sekhukhune,2,1,7,0,0,run out (Modiri Litheko),False,False
105266,2024-25,2024-10-16 11:00,1,ESTORM,NCAPE,Willowmoore Park,20611,Danie Rossouw,3,66,45,4,2,c Modiri Litheko b Ntuli,False,True
105266,2024-25,2024-10-16 11:00,1,ESTORM,NCAPE,Willowmoore Park,31944,Dewan Marais,4,28,11,2,2,not out,False,False
105266,2024-25,2024-10-16 11:00,1,ESTORM,NCAPE,Willowmoore Park,10685,Thomson,5,0,0,0,0,,True,False
105266,2024-25,2024-10-16 11:00,1,ESTORM,NCAPE,Willowmoore Park,24351,Amaan Khan,6,0,0,0,0,,False,False
105266,2024-25,2024-10-16 11:00,1,ESTORM,NCAPE,Willowmoore Park,1431059,Shaveer Khan,7,0,0,0,0,,False,False
105266,2024-25,2024-10-16 11:00,1,ESTORM,NCAPE,Willowmoore Park,23931,Aron Visser,8,0,0,0,0,,False,False
105266,2024-25,2024-10-16 11:00,1,ESTORM,NCAPE,Willowmoore Park,22046,Divan Posthumus,9,0,0,0,0,,False,False
105266,2024-25,2024-10-16 11:00,1,ESTORM,NCAPE,Willowmoore Park,50580,Martin Khumalo,10,0,0,0,0,,False,False
105266,2024-25,2024-10-16 11:00,1,ESTORM,NCAPE,Willowmoore Park,20623,Tumelo Simelane,11,0,0,0,0,,False,False
105266,2024-25,2024-10-16 11:00,2,NCAPE,ESTORM,Willowmoore Park,1432745,Gerald Pike,1,0,2,0,0,c Danie Rossouw b Divan Posthumus,False,False
105266,2024-25,2024-10-16 11:00,2,NCAPE,ESTORM,Willowmoore Park,24066,Ronan Hermann,2,1,3,0,0,c Shaveer Khan b Tumelo Simelane,False,False
105266,2024-25,2024-10-16 11:00,2,NCAPE,ESTORM,Willowmoore Park,15948,Modiri Litheko,3,57,45,3,3,c Danie Rossouw b Martin Khumalo,False,True
105266,2024-25,2024-10-16 11:00,2,NCAPE,ESTORM,Willowmoore Park,19238,Ruan Haasbroek,4,3,5,0,0,c Tumelo Simelane b Amaan Khan,True,False
105266,2024-25,2024-10-16 11:00,2,NCAPE,ESTORM,Willowmoore Park,24071,Christoffel Klijnhans,5,7,10,1,0,c Divan Posthumus b Amaan Khan,False,False
105266,2024-25,2024-10-16 11:00,2,NCAPE,ESTORM,Willowmoore Park,1431467,Cole Abrahams,6,6,5,0,0,c Dewan Marais b Tumelo Simelane,False,False
105266,2024-25,2024-10-16 11:00,2,NCAPE,ESTORM,Willowmoore Park,50997,Emmanuel Motswiri,7,0,1,0,0,c Danie Rossouw b Tumelo Simelane,False,False
105266,2024-25,2024-10-16 11:00,2,NCAPE,ESTORM,Willowmoore Park,9493,Hardus Viljoen,8,44,20,0,6,lbw b Amaan Khan,False,False
105266,2024-25,2024-10-16 11:00,2,NCAPE,ESTORM,Willowmoore Park,10798,Tshepo Ntuli,9,9,10,1,0,not out,False,False
105266,2024-25,2024-10-16 11:00,2,NCAPE,ESTORM,Willowmoore Park,9729,Basheeru-Deen Walters,10,12,12,0,1,b Divan Posthumus,False,False
105266,2024-25,2024-10-16 11:00,2,NCAPE,ESTORM,Willowmoore Park,10080,Zakhele Qwabe,11,1,3,0,0,b Divan Posthumus,False,False
105268,2024-25,2024-10-17 11:00,1,SWD,KZNIN,City Oval,9575,Yaseen Valli,1,31,27,6,0,st Shekleton b Sean Gilson,True,True
105268,2024-25,2024-10-17 11:00,1,SWD,KZNIN,City Oval,20448,Kyle Jacobs,2,6,8,1,0,c Shekleton b Abrahams,False,False
105268,2024-25,2024-10-17 11:00,1,SWD,KZNIN,City Oval,20546,G Van Heerden,3,26,27,1,0,c Sean Whitehead b Abrahams,False,False
105268,2024-25,2024-10-17 11:00,1,SWD,KZNIN,City Oval,14581,Luke Beaufort,4,28,26,2,1,c Rapulana b Budaza,False,False
105268,2024-25,2024-10-17 11:00,1,SWD,KZNIN,City Oval,20293,Heath Richards,5,11,12,0,0,b Thabiso Ndlela,False,False
105268,2024-25,2024-10-17 11:00,1,SWD,KZNIN,City Oval,8096,Kelly Smuts,6,4,8,0,0,c Budaza b Budaza,False,False
105268,2024-25,2024-10-17 11:00,1,SWD,KZNIN,City Oval,15918,Tyrese Karelse,7,9,10,1,0,run out (Abrahams),False,False
105268,2024-25,2024-10-17 11:00,1,SWD,KZNIN,City Oval,13068,Thomas Kaber,8,0,2,0,0,b Abrahams,False,False
105268,2024-25,2024-10-17 11:00,1,SWD,KZNIN,City Oval,50808,Liyabona Malife,9,1,2,0,0,not out,False,False
105268,2024-25,2024-10-17 11:00,1,SWD,KZNIN,City Oval,15564,Khwezi Gumede,10,0,0,0,0,,False,False
105268,2024-25,2024-10-17 11:00,1,SWD,KZNIN,City Oval,20288,Majeza,11,0,0,0,0,,False,False
105268,2024-25,2024-10-17 11:00,2,KZNIN,SWD,City Oval,20357,Cameron Shekleton,1,57,44,8,0,not out,False,True
105268,2024-25,2024-10-17 11:00,2,KZNIN,SWD,City Oval,11435,Kagiso Rapulana,2,15,18,2,0,run out (G Van Heerden),False,False
105268,2024-25,2024-10-17 11:00,2,KZNIN,SWD,City Oval,9779,Kyle Nipper,3,9,13,0,0,c and b Thomas Kaber,False,False
105268,2024-25,2024-10-17 11:00,2,KZNIN,SWD,City Oval,51686,Sean Gilson,4,20,16,1,1,not out,False,False
105268,2024-25,2024-10-17 11:00,2,KZNIN,SWD,City Oval,9703,Michael Erlank,5,0,0,0,0,,True,False
105268,2024-25,2024-10-17 11:00,2,KZNIN,SWD,City Oval,10993,Mbulelo Budaza,6,0,0,0,0,,False,False
105268,2024-25,2024-10-17 11:00,2,KZNIN,SWD,City Oval,1431075,Chad Laycock,7,0,0,0,0,,False,False
105268,2024-25,2024-10-17 11:00,2,KZNIN,SWD,City Oval,1431073,Thabiso Ndlela,8,0,0,0,0,,False,False
105268,2024-25,2024-10-17 11:00,2,KZNIN,SWD,City Oval,11203,Sean Whitehead,9,0,0,0,0,,False,False
105268,2024-25,2024-10-17 11:00,2,KZNIN,SWD,City Oval,11204,Ziyaad Abrahams,10,0,0,0,0,,False,False
105268,2024-25,2024-10-17 11:00,2,KZNIN,SWD,City Oval,14767,Marcello Piedt,11,0,0,0,0,,False,False
105274,2024-25,2024-10-20 11:00,1,ESTORM,KZNIN,Willowmoore Park,20528,Christopher Britz,1,47,55,1,0,not out,False,False
105274,2024-25,2024-10-20 11:00,1,ESTORM,KZNIN,Willowmoore Park,14768,Kabelo Sekhukhune,2,7,4,0,1,lbw b Erlank,False,False
105274,2024-25,2024-10-20 11:00,1,ESTORM,KZNIN,Willowmoore Park,20611,Danie Rossouw,3,33,24,4,0,c Nipper b Sean Whitehead,False,True
105274,2024-25,2024-10-20 11:00,1,ESTORM,KZNIN,Willowmoore Park,10685,Thomson,4,11,10,0,1,c Rapulana b Nipper,True,False
105274,2024-25,2024-10-20 11:00,1,ESTORM,KZNIN,Willowmoore Park,31944,Dewan Marais,5,7,9,0,0,b Sean Whitehead,False,False
105274,2024-25,2024-10-20 11:00,1,ESTORM,KZNIN,Willowmoore Park,24351,Amaan Khan,6,4,6,0,0,b Thabiso Ndlela,False,False
105274,2024-25,2024-10-20 11:00,1,ESTORM,KZNIN,Willowmoore Park,23931,Aron Visser,7,10,9,0,0,run out (Sean Gilson),False,False
105274,2024-25,2024-10-20 11:00,1,ESTORM,KZNIN,Willowmoore Park,22046,Divan Posthumus,8,0,1,0,0,b Abrahams,False,False
105274,2024-25,2024-10-20 11:00,1,ESTORM,KZNIN,Willowmoore Park,1431059,Shaveer Khan,9,0,1,0,0,lbw b Abrahams,False,False
105274,2024-25,2024-10-20 11:00,1,ESTORM,KZNIN,Willowmoore Park,20623,Tumelo Simelane,10,4,2,1,0,c Chad Laycock b Abrahams,False,False
105274,2024-25,2024-10-20 11:00,1,ESTORM,KZNIN,Willowmoore Park,50580,Martin Khumalo,11,0,1,0,0,not out,False,False
105274,2024-25,2024-10-20 11:00,2,KZNIN,ESTORM,Willowmoore Park,20357,Cameron Shekleton,1,54,44,5,1,c Dewan Marais b Martin Khumalo,False,True
105274,2024-25,2024-10-20 11:00,2,KZNIN,ESTORM,Willowmoore Park,11435,Kagiso Rapulana,2,38,34,4,0,c Aron Visser b Divan Posthumus,False,False
105274,2024-25,2024-10-20 11:00,2,KZNIN,ESTORM,Willowmoore Park,9779,Kyle Nipper,3,16,18,0,0,c Thomson b Shaveer Khan,False,False
105274,2024-25,2024-10-20 11:00,2,KZNIN,ESTORM,Willowmoore Park,51686,Sean Gilson,4,5,9,0,0,not out,False,False
105274,2024-25,2024-10-20 11:00,2,KZNIN,ESTORM,Willowmoore Park,1431075,Chad Laycock,5,10,7,0,1,not out,False,False
105274,2024-25,2024-10-20 11:00,2,KZNIN,ESTORM,Willowmoore Park,9703,Michael Erlank,6,0,0,0,0,,True,False
105274,2024-25,2024-10-20 11:00,2,KZNIN,ESTORM,Willowmoore Park,10993,Mbulelo Budaza,7,0,0,0,0,,False,False
105274,2024-25,2024-10-20 11:00,2,KZNIN,ESTORM,Willowmoore Park,1431073,Thabiso Ndlela,8,0,0,0,0,,False,False
105274,2024-25,2024-10-20 11:00,2,KZNIN,ESTORM,Willowmoore Park,11203,Sean Whitehead,9,0,0,0,0,,False,False
105274,2024-25,2024-10-20 11:00,2,KZNIN,ESTORM,Willowmoore Park,11204,Ziyaad Abrahams,10,0,0,0,0,,False,False
105274,2024-25,2024-10-20 11:00,2,KZNIN,ESTORM,Willowmoore Park,14767,Marcello Piedt,11,0,0,0,0,,False,False
136269,2025-26,2025-10-29 10:00,1,TIT,KZNIN,City Oval,9601,Phehlukwayo,1,16,15,3,0,c Ntando Zuma b Parnell,False,False
136269,2025-26,2025-10-29 10:00,1,TIT,KZNIN,City Oval,53415,Steve Stolk,2,9,4,2,0,c Andile Mokgakane b Viljoen,False,False
136269,2025-26,2025-10-29 10:00,1,TIT,KZNIN,City Oval,1450366,Lethabo Phahlamohlaka,3,22,25,2,0,c Andile Mokgakane b Parnell,False,False
136269,2025-26,2025-10-29 10:00,1,TIT,KZNIN,City Oval,14308,Neil Brand,4,1,4,0,0,c Jack Lees b Abrahams,False,False
136269,2025-26,2025-10-29 10:00,1,TIT,KZNIN,City Oval,9801,Makhanya,5,17,12,1,0,c Erlank b Sean Whitehead,False,False
136269,2025-26,2025-10-29 10:00,1,TIT,KZNIN,City Oval,1423888,Keagan Lion Cachet,6,54,35,6,2,c Sean Whitehead b Parnell,False,True
136269,2025-26,2025-10-29 10:00,1,TIT,KZNIN,City Oval,9581,D Galiem,7,4,7,0,0,c Ntando Zuma b Abrahams,False,False
136269,2025-26,2025-10-29 10:00,1,TIT,KZNIN,City Oval,18523,Duan Jansen,8,13,10,0,1,not out,False,False
136269,2025-26,2025-10-29 10:00,1,TIT,KZNIN,City Oval,1669,van der Merwe,9,8,7,1,0,not out,True,False
136269,2025-26,2025-10-29 10:00,1,TIT,KZNIN,City Oval,10175,Junior Dala,10,0,0,0,0,,False,False
136269,2025-26,2025-10-29 10:00,1,TIT,KZNIN,City Oval,10173,Shamsi,11,0,0,0,0,,False,False
136269,2025-26,2025-10-29 10:00,2,KZNIN,TIT,City Oval,15920,Jack Lees,1,1,3,0,0,c Makhanya b Neil Brand,False,False
136269,2025-26,2025-10-29 10:00,2,KZNIN,TIT,City Oval,11435,Kagiso Rapulana,2,12,12,2,0,b D Galiem,False,False
136269,2025-26,2025-10-29 10:00,2,KZNIN,TIT,City Oval,13323,Andile Mokgakane,3,0,3,0,0,b Neil Brand,False,False
136269,2025-26,2025-10-29 10:00,2,KZNIN,TIT,City Oval,1431075,Chad Laycock,4,13,17,2,0,lbw b van der Merwe,False,False
136269,2025-26,2025-10-29 10:00,2,KZNIN,TIT,City Oval,9703,Michael Erlank,5,7,9,1,0,b Shamsi,True,False
136269,2025-26,2025-10-29 10:00,2,KZNIN,TIT,City Oval,1692,Wayne Parnell,6,19,23,0,1,c Duan Jansen b Junior Dala,False,False
136269,2025-26,2025-10-29 10:00,2,KZNIN,TIT,City Oval,53419,Ntando Zuma,7,43,33,3,2,c Duan Jansen b D Galiem,False,True
136269,2025-26,2025-10-29 10:00,2,KZNIN,TIT,City Oval,9493,Hardus Viljoen,8,32,12,1,4,c D Galiem b Junior Dala,False,False
136269,2025-26,2025-10-29 10:00,2,KZNIN,TIT,City Oval,11203,Sean Whitehead,9,6,4,1,0,b van der Merwe,False,False
136269,2025-26,2025-10-29 10:00,2,KZNIN,TIT,City Oval,10079,Daryn Dupavillon,10,1,1,0,0,run out (Duan Jansen),False,False
136269,2025-26,2025-10-29 10:00,2,KZNIN,TIT,City Oval,11204,Ziyaad Abrahams,11,1,1,0,0,not out,False,False
136291,2025-26,2025-10-31 16:00,1,BOL,NWEST,Boland Park,20283,Blayde Capell,1,17,10,0,2,c Wihan Lubbe b Ruan de Swardt,False,False
136291,2025-26,2025-10-31 16:00,1,BOL,NWEST,Boland Park,22051,Kaplan,2,36,22,3,1,c Dian Forrester b Shimane Mothoa,False,False
136291,2025-26,2025-10-31 16:00,1,BOL,NWEST,Boland Park,9580,Fortuin,3,49,34,3,2,b Jade de Klerk,True,True
136291,2025-26,2025-10-31 16:00,1,BOL,NWEST,Boland Park,9766,Mgijima,4,3,6,0,0,c Janneman Malan b Wihan Lubbe,False,False
136291,2025-26,2025-10-31 16:00,1,BOL,NWEST,Boland Park,1464213,Gysbert Wege,5,3,8,0,0,b Caleb Seleka,False,False
136291,2025-26,2025-10-31 16:00,1,BOL,NWEST,Boland Park,20297,Briesies,6,10,14,0,0,c Ruan de Swardt b Shimane Mothoa,False,False
136291,2025-26,2025-10-31 16:00,1,BOL,NWEST,Boland Park,10194,Ferisco Adams,7,3,6,0,0,run out (Dian Forrester),False,False
136291,2025-26,2025-10-31 16:00,1,BOL,NWEST,Boland Park,12592,Keith Dudgeon,8,4,5,0,0,c Caleb Seleka b Shimane Mothoa,False,False
136291,2025-26,2025-10-31 16:00,1,BOL,NWEST,Boland Park,14687,Imran Manack,9,17,9,0,2,not out,False,False
136291,2025-26,2025-10-31 16:00,1,BOL,NWEST,Boland Park,14516,Glenton Stuurman,10,1,3,0,0,run out (Wihan Lubbe),False,False
136291,2025-26,2025-10-31 16:00,1,BOL,NWEST,Boland Park,19058,Mahima,11,1,3,0,0,not out,False,False
136291,2025-26,2025-10-31 16:00,2,NWEST,BOL,Boland Park,31951,Meeka eel Prince,1,2,3,0,0,b Imran Manack,False,True
136291,2025-26,2025-10-31 16:00,2,NWEST,BOL,Boland Park,1432803,Ludwich Schuld,2,30,21,3,1,c Gysbert Wege b Ferisco Adams,False,False
136291,2025-26,2025-10-31 16:00,2,NWEST,BOL,Boland Park,13067,Janneman Malan,3,50,49,2,0,b Imran Manack,False,False
136291,2025-26,2025-10-31 16:00,2,NWEST,BOL,Boland Park,11497,Wihan Lubbe,4,13,15,1,0,b Keith Dudgeon,True,False
136291,2025-26,2025-10-31 16:00,2,NWEST,BOL,Boland Park,9735,Lesiba Ngoepe,5,24,16,1,1,b Imran Manack,False,False
136291,2025-26,2025-10-31 16:00,2,NWEST,BOL,Boland Park,8528,Diego Rosier,6,6,8,0,0,b Glenton Stuurman,False,False
136291,2025-26,2025-10-31 16:00,2,NWEST,BOL,Boland Park,50444,Dian Forrester,7,0,1,0,0,c Mahima b Keith Dudgeon,False,False
136291,2025-26,2025-10-31 16:00,2,NWEST,BOL,Boland Park,15852,Ruan de Swardt,8,0,2,0,0,b Keith Dudgeon,False,False
136291,2025-26,2025-10-31 16:00,2,NWEST,BOL,Boland Park,13321,Jade de Klerk,9,2,3,0,0,b Glenton Stuurman,False,False
136291,2025-26,2025-10-31 16:00,2,NWEST,BOL,Boland Park,20526,Caleb Seleka,10,0,0,0,0,not out,False,False
136291,2025-26,2025-10-31 16:00,2,NWEST,BOL,Boland Park,12587,Shimane Alfred Mothoa,11,1,1,0,0,not out,False,False
136293,2025-26,2025-11-01 10:00,1,DOL,KZNIN,Kingsmead,10687,Dithole,1,33,18,5,0,c Ntando Zuma b Parnell,False,False
136293,2025-26,2025-11-01 10:00,1,DOL,KZNIN,Kingsmead,9724,Zondo,2,20,14,2,1,c Ntando Zuma b Abrahams,False,False
136293,2025-26,2025-11-01 10:00,1,DOL,KZNIN,Kingsmead,7668,Smuts,3,10,13,0,0,c Parnell b Chad Laycock,True,False
136293,2025-26,2025-11-01 10:00,1,DOL,KZNIN,Kingsmead,24041,Slade van Staden,4,24,20,1,1,b Sean Whitehead,False,False
136293,2025-26,2025-11-01 10:00,1,DOL,KZNIN,Kingsmead,20327,Hanu Viljoen,5,8,10,0,0,c Abrahams b Sean Gilson,False,True
136293,2025-26,2025-11-01 10:00,1,DOL,KZNIN,Kingsmead,1451029,Kamo Phiri,6,64,32,4,5,not out,False,False
136293,2025-26,2025-11-01 10:00,1,DOL,KZNIN,Kingsmead,50549,Romashan Pillay,7,15,28,0,1,not out,False,False
136293,2025-26,2025-11-01 10:00,1,DOL,KZNIN,Kingsmead,53408,Nqobani Mokoena,8,0,0,0,0,,False,False
136293,2025-26,2025-11-01 10:00,1,DOL,KZNIN,Kingsmead,50972,Tristan Luus,9,0,0,0,0,,False,False
136293,2025-26,2025-11-01 10:00,1,DOL,KZNIN,Kingsmead,1463617,Aryan Gopalan,10,0,0,0,0,,False,False
136293,2025-26,2025-11-01 10:00,1,DOL,KZNIN,Kingsmead,11427,Nortje,11,0,0,0,0,,False,False
136293,2025-26,2025-11-01 10:00,2,KZNIN,DOL,Kingsmead,20357,Cameron Shekleton,1,7,7,0,1,b Nortje,False,False
136293,2025-26,2025-11-01 10:00,2,KZNIN,DOL,Kingsmead,11435,Kagiso Rapulana,2,8,8,2,0,b Nortje,False,False
136293,2025-26,2025-11-01 10:00,2,KZNIN,DOL,Kingsmead,13323,Andile Mokgakane,3,25,18,3,1,run out (Tristan Luus),False,False
136293,2025-26,2025-11-01 10:00,2,KZNIN,DOL,Kingsmead,51686,Sean Gilson,4,55,33,4,4,c Nortje b Romashan Pillay,False,False
136293,2025-26,2025-11-01 10:00,2,KZNIN,DOL,Kingsmead,1431075,Chad Laycock,5,3,4,0,0,run out (Hanu Viljoen),False,False
136293,2025-26,2025-11-01 10:00,2,KZNIN,DOL,Kingsmead,9703,Michael Erlank,6,16,18,1,1,st Hanu Viljoen b Smuts,True,False
136293,2025-26,2025-11-01 10:00,2,KZNIN,DOL,Kingsmead,53419,Ntando Zuma,7,21,19,1,0,not out,False,True
136293,2025-26,2025-11-01 10:00,2,KZNIN,DOL,Kingsmead,1692,Wayne Parnell,8,20,22,0,1,c Romashan Pillay b Nqobani Mokoena,False,False
136293,2025-26,2025-11-01 10:00,2,KZNIN,DOL,Kingsmead,11203,Sean Whitehead,9,1,1,0,0,not out,False,False
136293,2025-26,2025-11-01 10:00,2,KZNIN,DOL,Kingsmead,10079,Daryn Dupavillon,10,0,0,0,0,,False,False
136293,2025-26,2025-11-01 10:00,2,KZNIN,DOL,Kingsmead,11204,Ziyaad Abrahams,11,0,0,0,0,,False,False
136304,2025-26,2025-11-01 11:30,1,WAR,TIT,SuperSport Park,15948,Modiri Litheko,1,11,13,2,0,c Marco Jansen b Junior Dala,False,False
136304,2025-26,2025-11-01 11:30,1,WAR,TIT,SuperSport Park,33183,Muhammad Manack,2,10,11,2,0,c Keagan Lion Cachet b Marco Jansen,False,False
136304,2025-26,2025-11-01 11:30,1,WAR,TIT,SuperSport Park,1431305,Matthew De Villiers,3,74,48,12,0,lbw b Marco Jansen,True,False
136304,2025-26,2025-11-01 11:30,1,WAR,TIT,SuperSport Park,41704,JP King,4,76,43,5,5,not out,False,False
136304,2025-26,2025-11-01 11:30,1,WAR,TIT,SuperSport Park,11902,Patrick Kruger,5,6,5,0,0,not out,False,False
136304,2025-26,2025-11-01 11:30,1,WAR,TIT,SuperSport Park,13318,Jean du Plessis,6,0,0,0,0,,False,True
136304,2025-26,2025-11-01 11:30,1,WAR,TIT,SuperSport Park,13068,Thomas Kaber,7,0,0,0,0,,False,False
136304,2025-26,2025-11-01 11:30,1,WAR,TIT,SuperSport Park,20578,Aphiwe Mnyanda,8,0,0,0,0,,False,False
136304,2025-26,2025-11-01 11:30,1,WAR,TIT,SuperSport Park,23341,Matthew Boast,9,0,0,0,0,,False,False
136304,2025-26,2025-11-01 11:30,1,WAR,TIT,SuperSport Park,53454,Wesley Bedja,10,0,0,0,0,,False,False
136304,2025-26,2025-11-01 11:30,1,WAR,TIT,SuperSport Park,13150,Mungroo,11,0,0,0,0,,False,False
136304,2025-26,2025-11-01 11:30,2,TIT,WAR,SuperSport Park,9601,Andile Phehlukwayo,1,8,8,2,0,c Patrick Kruger b Matthew Boast,False,False
136304,2025-26,2025-11-01 11:30,2,TIT,WAR,SuperSport Park,53415,Steve Stolk,2,8,13,0,1,c Jean du Plessis b Mungroo,False,False
136304,2025-26,2025-11-01 11:30,2,TIT,WAR,SuperSport Park,1464299,Josh Jordaan,3,8,7,0,1,c Muhammad Manack b Matthew Boast,False,False
136304,2025-26,2025-11-01 11:30,2,TIT,WAR,SuperSport Park,20571,Gerhardus Maree,4,11,12,2,0,c Jean du Plessis b Mungroo,False,False
136304,2025-26,2025-11-01 11:30,2,TIT,WAR,SuperSport Park,9801,Sibonelo Makhanya,5,4,8,0,0,c Mungroo b Wesley Bedja,False,False
136304,2025-26,2025-11-01 11:30,2,TIT,WAR,SuperSport Park,14565,Marco Jansen,6,1,3,0,0,st Jean du Plessis b Thomas Kaber,False,False
136304,2025-26,2025-11-01 11:30,2,TIT,WAR,SuperSport Park,1423888,Keagan Lion Cachet,7,25,21,2,1,c JP King b Matthew Boast,False,True
136304,2025-26,2025-11-01 11:30,2,TIT,WAR,SuperSport Park,9581,Dayyaan Galiem,8,16,9,1,1,c Thomas Kaber b Mungroo,False,False
136304,2025-26,2025-11-01 11:30,2,TIT,WAR,SuperSport Park,1669,Roelof van der Merwe,9,8,12,0,0,b Matthew Boast,True,False
136304,2025-26,2025-11-01 11:30,2,TIT,WAR,SuperSport Park,10175,Junior Dala,10,3,3,0,0,run out (Aphiwe Mnyanda),False,False
136304,2025-26,2025-11-01 11:30,2,TIT,WAR,SuperSport Park,10173,Tabraiz Shamsi,11,6,7,0,0,not out,False,False
136315,2025-26,2025-11-02 10:00,1,NWEST,WPR,Newlands,1432803,Ludwich Schuld,1,61,40,8,2,c Verreynne b B Hendricks,False,False
136315,2025-26,2025-11-02 10:00,1,NWEST,WPR,Newlands,31951,Meeka eel Prince,2,9,9,2,0,c Verreynne b Nabe,False,True
136315,2025-26,2025-11-02 10:00,1,NWEST,WPR,Newlands,13067,Janneman Malan,3,5,4,1,0,c Nabe b Oliver Whitehead,False,False
136315,2025-26,2025-11-02 10:00,1,NWEST,WPR,Newlands,8528,Diego Rosier,4,73,48,9,2,c Moore b Oliver Whitehead,False,False
136315,2025-26,2025-11-02 10:00,1,NWEST,WPR,Newlands,11497,Wihan Lubbe,5,3,4,0,0,c Moore b Mbulelo Dube,True,False
136315,2025-26,2025-11-02 10:00,1,NWEST,WPR,Newlands,50444,Dian Forrester,6,25,13,1,2,not out,False,False
136315,2025-26,2025-11-02 10:00,1,NWEST,WPR,Newlands,9735,Ngoepe,7,2,2,0,0,not out,False,False
136315,2025-26,2025-11-02 10:00,1,NWEST,WPR,Newlands,15852,Ruan de Swardt,8,0,0,0,0,,False,False
136315,2025-26,2025-11-02 10:00,1,NWEST,WPR,Newlands,14429,Nyaku,9,0,0,0,0,,False,False
136315,2025-26,2025-11-02 10:00,1,NWEST,WPR,Newlands,20526,Caleb Seleka,10,0,0,0,0,,False,False
136315,2025-26,2025-11-02 10:00,1,NWEST,WPR,Newlands,12587,Shimane Mothoa,11,0,0,0,0,,False,False
136315,2025-26,2025-11-02 10:00,2,WPR,NWEST,Newlands,9763,Edward Moore,1,2,4,0,0,b Nyaku,False,False
136315,2025-26,2025-11-02 10:00,2,WPR,NWEST,Newlands,50976,Sello Valentine Kitime,2,50,29,1,4,c Ruan de Swardt b Nyaku,False,False
136315,2025-26,2025-11-02 10:00,2,WPR,NWEST,Newlands,11209,Kyle Verreynne,3,0,1,0,0,c Ludwich Schuld b Nyaku,True,True
136315,2025-26,2025-11-02 10:00,2,WPR,NWEST,Newlands,20267,Daniel Smith,4,80,26,4,9,c Janneman Malan b Wihan Lubbe,False,False
136315,2025-26,2025-11-02 10:00,2,WPR,NWEST,Newlands,50815,Oliver Whitehead,5,5,12,0,0,c Caleb Seleka b Shimane Mothoa,False,False
136315,2025-26,2025-11-02 10:00,2,WPR,NWEST,Newlands,31972,Juan James,6,25,16,1,2,not out,False,False
136315,2025-26,2025-11-02 10:00,2,WPR,NWEST,Newlands,31979,Abdullah Bayoumy,7,8,5,0,1,b Ruan de Swardt,False,False
136315,2025-26,2025-11-02 10:00,2,WPR,NWEST,Newlands,1451224,Josh Breed,8,11,9,2,0,not out,False,False
136315,2025-26,2025-11-02 10:00,2,WPR,NWEST,Newlands,9490,Beuran Hendricks,9,0,0,0,0,,False,False
136315,2025-26,2025-11-02 10:00,2,WPR,NWEST,Newlands,13151,Mthiwekhaya Nabe,10,0,0,0,0,,False,False
136315,2025-26,2025-11-02 10:00,2,WPR,NWEST,Newlands,1464101,Mbulelo Dube,11,0,0,0,0,,False,False
136326,2025-26,2025-11-02 11:30,1,BOL,LIONS,The Wanderers Stadium,20283,Blayde Capell,1,0,2,0,0,c Evan Jones b Beyers Swanepoel,False,False
136326,2025-26,2025-11-02 11:30,1,BOL,LIONS,The Wanderers Stadium,22051,Kaplan,2,2,3,0,0,c Richard Seletswane b Beyers Swanepoel,False,False
136326,2025-26,2025-11-02 11:30,1,BOL,LIONS,The Wanderers Stadium,9580,Fortuin,3,4,3,1,0,lbw b Beyers Swanepoel,True,True
136326,2025-26,2025-11-02 11:30,1,BOL,LIONS,The Wanderers Stadium,1423887,Lehan Botha,4,42,36,2,1,c and b Evan Jones,False,False
136326,2025-26,2025-11-02 11:30,1,BOL,LIONS,The Wanderers Stadium,1464213,Gysbert Wege,5,14,9,1,1,c Delano Potgieter b Beyers Swanepoel,False,False
136326,2025-26,2025-11-02 11:30,1,BOL,LIONS,The Wanderers Stadium,20297,Briesies,6,20,14,4,0,c Van Buuren b Siya Plaatjie,False,False
136326,2025-26,2025-11-02 11:30,1,BOL,LIONS,The Wanderers Stadium,10194,Ferisco Adams,7,35,22,1,3,c Delano Potgieter b Siya Plaatjie,False,False
136326,2025-26,2025-11-02 11:30,1,BOL,LIONS,The Wanderers Stadium,9489,Gqamane,8,1,3,0,0,c Evan Jones b Siya Plaatjie,False,False
136326,2025-26,2025-11-02 11:30,1,BOL,LIONS,The Wanderers Stadium,14687,Imran Manack,9,6,6,0,0,run out (van der Dussen),False,False
136326,2025-26,2025-11-02 11:30,1,BOL,LIONS,The Wanderers Stadium,14516,Glenton Stuurman,10,3,5,0,0,not out,False,False
136326,2025-26,2025-11-02 11:30,1,BOL,LIONS,The Wanderers Stadium,13066,Akhona Mnyaka,11,2,5,0,0,c Wandile Makwetu b Evan Jones,False,False
136326,2025-26,2025-11-02 11:30,2,LIONS,BOL,The Wanderers Stadium,11205,Wandile Makwetu,1,2,6,0,0,c Fortuin b Akhona Mnyaka,False,True
136326,2025-26,2025-11-02 11:30,2,LIONS,BOL,The Wanderers Stadium,31958,Richard Seletswane,2,20,22,0,1,c Akhona Mnyaka b Lehan Botha,False,False
136326,2025-26,2025-11-02 11:30,2,LIONS,BOL,The Wanderers Stadium,9554,Rassie van der Dussen,3,22,17,1,2,c Imran Manack b Akhona Mnyaka,False,False
136326,2025-26,2025-11-02 11:30,2,LIONS,BOL,The Wanderers Stadium,19057,Mitchell Van Buuren,4,0,4,0,0,c Glenton Stuurman b Akhona Mnyaka,True,False
136326,2025-26,2025-11-02 11:30,2,LIONS,BOL,The Wanderers Stadium,1431297,Khaya Fakude,5,24,34,1,0,c Gysbert Wege b Ferisco Adams,False,False
136326,2025-26,2025-11-02 11:30,2,LIONS,BOL,The Wanderers Stadium,14566,Delano Potgieter,6,46,29,4,2,not out,False,False
136326,2025-26,2025-11-02 11:30,2,LIONS,BOL,The Wanderers Stadium,20308,Evan Jones,7,6,3,1,0,b Gqamane,False,False
136326,2025-26,2025-11-02 11:30,2,LIONS,BOL,The Wanderers Stadium,16433,Beyers Swanepoel,8,5,5,1,0,not out,False,False
136326,2025-26,2025-11-02 11:30,2,LIONS,BOL,The Wanderers Stadium,33183,Muhammad Manack,9,0,0,0,0,,False,False
136326,2025-26,2025-11-02 11:30,2,LIONS,BOL,The Wanderers Stadium,14587,Siya Plaatjie,10,0,0,0,0,,False,False
136326,2025-26,2025-11-02 11:30,2,LIONS,BOL,The Wanderers Stadium,1464307,Rafeeq Patel,11,0,0,0,0,,False,False
136337,2025-26,2025-11-04 16:00,1,BOL,WPR,Boland Park,22051,Kaplan,1,32,21,4,1,c and b Josh Breed,False,False
136337,2025-26,2025-11-04 16:00,1,BOL,WPR,Boland Park,14187,Roelofsen,2,24,20,4,0,c Verreynne b B Hendricks,False,False
136337,2025-26,2025-11-04 16:00,1,BOL,WPR,Boland Park,9580,Fortuin,3,30,23,3,1,st Verreynne b Josh Breed,True,True
136337,2025-26,2025-11-04 16:00,1,BOL,WPR,Boland Park,1423887,Lehan Botha,4,52,36,3,2,not out,False,False
136337,2025-26,2025-11-04 16:00,1,BOL,WPR,Boland Park,9766,Mgijima,5,2,2,0,0,c Valentine Kitime b Josh Breed,False,False
136337,2025-26,2025-11-04 16:00,1,BOL,WPR,Boland Park,20297,Briesies,6,9,7,0,1,c Jiveshan Pillay b Oliver Whitehead,False,False
136337,2025-26,2025-11-04 16:00,1,BOL,WPR,Boland Park,10194,Ferisco Adams,7,18,11,0,1,not out,False,False
136337,2025-26,2025-11-04 16:00,1,BOL,WPR,Boland Park,12592,Keith Dudgeon,8,0,0,0,0,,False,False
136337,2025-26,2025-11-04 16:00,1,BOL,WPR,Boland Park,14687,Imran Manack,9,0,0,0,0,,False,False
136337,2025-26,2025-11-04 16:00,1,BOL,WPR,Boland Park,14516,Glenton Stuurman,10,0,0,0,0,,False,False
136337,2025-26,2025-11-04 16:00,1,BOL,WPR,Boland Park,19058,Mahima,11,0,0,0,0,,False,False
136337,2025-26,2025-11-04 16:00,2,WPR,BOL,Boland Park,9763,Edward Moore,1,4,3,1,0,c Fortuin b Glenton Stuurman,False,False
136337,2025-26,2025-11-04 16:00,2,WPR,BOL,Boland Park,50976,Sello Valentine Kitime,2,0,1,0,0,c Mgijima b Keith Dudgeon,False,False
136337,2025-26,2025-11-04 16:00,2,WPR,BOL,Boland Park,20267,Daniel Smith,3,1,4,0,0,b Keith Dudgeon,False,False
136337,2025-26,2025-11-04 16:00,2,WPR,BOL,Boland Park,11209,Kyle Verreynne,4,7,8,1,0,lbw b Glenton Stuurman,True,True
136337,2025-26,2025-11-04 16:00,2,WPR,BOL,Boland Park,13101,Jiveshan Pillay,5,4,10,0,0,c Briesies b Keith Dudgeon,False,False
136337,2025-26,2025-11-04 16:00,2,WPR,BOL,Boland Park,50815,Oliver Whitehead,6,1,3,0,0,lbw b Glenton Stuurman,False,False
136337,2025-26,2025-11-04 16:00,2,WPR,BOL,Boland Park,31972,Juan James,7,52,33,4,2,lbw b Imran Manack,False,False
136337,2025-26,2025-11-04 16:00,2,WPR,BOL,Boland Park,1451224,Josh Breed,8,11,15,1,0,b Mahima,False,False
136337,2025-26,2025-11-04 16:00,2,WPR,BOL,Boland Park,9490,Beuran Hendricks,9,19,16,1,1,b Imran Manack,False,False
136337,2025-26,2025-11-04 16:00,2,WPR,BOL,Boland Park,20583,Asakhe Tsaka,10,0,1,0,0,b Imran Manack,False,False
136337,2025-26,2025-11-04 16:00,2,WPR,BOL,Boland Park,13151,Mthiwekhaya Nabe,11,1,2,0,0,not out,False,False
136348,2025-26,2025-11-06 16:00,1,TIT,BOL,Boland Park,9601,Phehlukwayo,1,3,10,0,0,c Briesies b Imran Manack,False,False
136348,2025-26,2025-11-06 16:00,1,TIT,BOL,Boland Park,53415,Steve Stolk,2,0,1,0,0,c Fortuin b Glenton Stuurman,False,False
136348,2025-26,2025-11-06 16:00,1,TIT,BOL,Boland Park,1464299,Josh Jordaan,3,39,34,2,1,b Ferisco Adams,False,False
136348,2025-26,2025-11-06 16:00,1,TIT,BOL,Boland Park,1423888,Keagan Lion Cachet,4,22,27,1,0,b Mahima,False,True
136348,2025-26,2025-11-06 16:00,1,TIT,BOL,Boland Park,9801,Makhanya,5,16,12,2,0,c Ferisco Adams b Lehan Botha,False,False
136348,2025-26,2025-11-06 16:00,1,TIT,BOL,Boland Park,9581,D Galiem,6,21,15,1,1,c Imran Manack b Keith Dudgeon,False,False
136348,2025-26,2025-11-06 16:00,1,TIT,BOL,Boland Park,20571,Gerhardus Maree,7,15,13,1,1,b Imran Manack,False,False
136348,2025-26,2025-11-06 16:00,1,TIT,BOL,Boland Park,1669,van der Merwe,8,7,4,0,1,c Lehan Botha b Glenton Stuurman,True,False
136348,2025-26,2025-11-06 16:00,1,TIT,BOL,Boland Park,10175,Junior Dala,9,0,1,0,0,not out,False,False
136348,2025-26,2025-11-06 16:00,1,TIT,BOL,Boland Park,1462705,Janco Smit,10,0,3,0,0,not out,False,False
136348,2025-26,2025-11-06 16:00,1,TIT,BOL,Boland Park,10173,Shamsi,11,0,0,0,0,,False,False
136348,2025-26,2025-11-06 16:00,2,BOL,TIT,Boland Park,22051,Gavin Kaplan,1,8,3,2,0,c Gerhardus Maree b D Galiem,False,False
136348,2025-26,2025-11-06 16:00,2,BOL,TIT,Boland Park,14187,Grant Roelofsen,2,28,15,2,3,c Janco Smit b van der Merwe,False,False
136348,2025-26,2025-11-06 16:00,2,BOL,TIT,Boland Park,9580,Clyde Fortuin,3,50,32,4,2,b Shamsi,True,True
136348,2025-26,2025-11-06 16:00,2,BOL,TIT,Boland Park,1423887,Lehan Botha,4,42,29,3,2,not out,False,False
136348,2025-26,2025-11-06 16:00,2,BOL,TIT,Boland Park,9766,Aviwe Mgijima,5,1,3,0,0,not out,False,False
136348,2025-26,2025-11-06 16:00,2,BOL,TIT,Boland Park,10194,Ferisco Adams,6,0,0,0,0,,False,False
136348,2025-26,2025-11-06 16:00,2,BOL,TIT,Boland Park,20297,Jhedli van Briesies,7,0,0,0,0,,False,False
136348,2025-26,2025-11-06 16:00,2,BOL,TIT,Boland Park,12592,Keith Dudgeon,8,0,0,0,0,,False,False
136348,2025-26,2025-11-06 16:00,2,BOL,TIT,Boland Park,14687,Imran Manack,9,0,0,0,0,,False,False
136348,2025-26,2025-11-06 16:00,2,BOL,TIT,Boland Park,14516,Glenton Stuurman,10,0,0,0,0,,False,False
136348,2025-26,2025-11-06 16:00,2,BOL,TIT,Boland Park,19058,Siyabonga Mahima,11,0,0,0,0,,False,False
136359,2025-26,2025-11-07 15:00,1,WPR,WAR,St George's Park,9763,Moore,1,2,4,0,0,c Jean du Plessis b Mungroo,False,False
136359,2025-26,2025-11-07 15:00,1,WPR,WAR,St George's Park,50976,Valentine Kitime,2,27,16,4,1,c Aphiwe Mnyanda b Mungroo,False,False
136359,2025-26,2025-11-07 15:00,1,WPR,WAR,St George's Park,20437,Joshua van Heerden,3,0,3,0,0,run out (Muhammad Manack),False,False
136359,2025-26,2025-11-07 15:00,1,WPR,WAR,St George's Park,20267,Daniel Smith,4,14,18,0,0,c Jean du Plessis b Wesley Bedja,True,True
136359,2025-26,2025-11-07 15:00,1,WPR,WAR,St George's Park,50815,Oliver Whitehead,5,18,17,0,1,c Patrick Kruger b Wesley Bedja,False,False
136359,2025-26,2025-11-07 15:00,1,WPR,WAR,St George's Park,31972,Juan James,6,32,21,1,2,c Modiri Litheko b Mungroo,False,False
136359,2025-26,2025-11-07 15:00,1,WPR,WAR,St George's Park,1451224,Josh Breed,7,5,10,0,0,c Wesley Bedja b Thomas Kaber,False,False
136359,2025-26,2025-11-07 15:00,1,WPR,WAR,St George's Park,55284,Raeeq Daniels,8,17,16,1,0,c Thomas Kaber b Wesley Bedja,False,False
136359,2025-26,2025-11-07 15:00,1,WPR,WAR,St George's Park,20583,Asakhe Tsaka,9,0,2,0,0,b Wesley Bedja,False,False
136359,2025-26,2025-11-07 15:00,1,WPR,WAR,St George's Park,9702,Dane Paterson,10,12,6,0,1,not out,False,False
136359,2025-26,2025-11-07 15:00,1,WPR,WAR,St George's Park,13151,Nabe,11,2,7,0,0,not out,False,False
136359,2025-26,2025-11-07 15:00,2,WAR,WPR,St George's Park,15948,Modiri Litheko,1,10,7,2,0,c Josh Breed b Raeeq Daniels,False,False
136359,2025-26,2025-11-07 15:00,2,WAR,WPR,St George's Park,33183,Muhammad Manack,2,43,30,7,1,c Oliver Whitehead b Nabe,False,False
136359,2025-26,2025-11-07 15:00,2,WAR,WPR,St George's Park,1431305,Matthew De Villiers,3,61,43,7,1,b Josh Breed,True,False
136359,2025-26,2025-11-07 15:00,2,WAR,WPR,St George's Park,41704,JP King,4,19,10,0,2,not out,False,False
136359,2025-26,2025-11-07 15:00,2,WAR,WPR,St George's Park,11902,Patrick Kruger,5,0,2,0,0,c Daniel Smith b Josh Breed,False,False
136359,2025-26,2025-11-07 15:00,2,WAR,WPR,St George's Park,13318,Jean du Plessis,6,1,1,0,0,not out,False,True
136359,2025-26,2025-11-07 15:00,2,WAR,WPR,St George's Park,13068,Thomas Kaber,7,0,0,0,0,,False,False
136359,2025-26,2025-11-07 15:00,2,WAR,WPR,St George's Park,20578,Aphiwe Mnyanda,8,0,0,0,0,,False,False
136359,2025-26,2025-11-07 15:00,2,WAR,WPR,St George's Park,23341,Matthew Boast,9,0,0,0,0,,False,False
136359,2025-26,2025-11-07 15:00,2,WAR,WPR,St George's Park,53454,Wesley Bedja,10,0,0,0,0,,False,False
136359,2025-26,2025-11-07 15:00,2,WAR,WPR,St George's Park,13150,Kerwin Mungroo,11,0,0,0,0,,False,False
136370,2025-26,2025-11-07 16:00,1,DOL,NWEST,Senwes Park,10687,Dithole,1,0,3,0,0,b Nyaku,False,False
136370,2025-26,2025-11-07 16:00,1,DOL,NWEST,Senwes Park,9724,Zondo,2,43,33,5,1,st Meeka eel Prince b Wihan Lubbe,False,False
136370,2025-26,2025-11-07 16:00,1,DOL,NWEST,Senwes Park,7668,Smuts,3,17,13,3,0,b Caleb Seleka,True,False
136370,2025-26,2025-11-07 16:00,1,DOL,NWEST,Senwes Park,11398,Leus du Plooy,4,60,31,6,3,c Janneman Malan b Caleb Seleka,False,False
136370,2025-26,2025-11-07 16:00,1,DOL,NWEST,Senwes Park,13098,Eathan Bosch,5,4,5,0,0,c Ludwich Schuld b Dian Forrester,False,False
136370,2025-26,2025-11-07 16:00,1,DOL,NWEST,Senwes Park,1451029,Kamo Phiri,6,1,3,0,0,c Ludwich Schuld b Shimane Mothoa,False,True
136370,2025-26,2025-11-07 16:00,1,DOL,NWEST,Senwes Park,18687,Simelane,7,8,8,0,0,c Wihan Lubbe b Shimane Mothoa,False,False
136370,2025-26,2025-11-07 16:00,1,DOL,NWEST,Senwes Park,53408,Nqobani Mokoena,8,5,4,1,0,b Shimane Mothoa,False,False
136370,2025-26,2025-11-07 16:00,1,DOL,NWEST,Senwes Park,50972,Tristan Luus,9,1,1,0,0,run out (Meeka eel Prince),False,False
136370,2025-26,2025-11-07 16:00,1,DOL,NWEST,Senwes Park,50549,Romashan Pillay,10,0,0,0,0,not out,False,False
136370,2025-26,2025-11-07 16:00,1,DOL,NWEST,Senwes Park,11427,Nortje,11,2,1,0,0,not out,False,False
136370,2025-26,2025-11-07 16:00,2,NWEST,DOL,Senwes Park,1432803,Ludwich Schuld,1,0,1,0,0,b Eathan Bosch,False,False
136370,2025-26,2025-11-07 16:00,2,NWEST,DOL,Senwes Park,31951,Meeka eel Prince,2,25,26,3,0,c Smuts b Tristan Luus,False,True
136370,2025-26,2025-11-07 16:00,2,NWEST,DOL,Senwes Park,11497,Wihan Lubbe,3,7,9,1,0,c Leus du Plooy b Eathan Bosch,True,False
136370,2025-26,2025-11-07 16:00,2,NWEST,DOL,Senwes Park,13067,Janneman Malan,4,6,7,1,0,b Tristan Luus,False,False
136370,2025-26,2025-11-07 16:00,2,NWEST,DOL,Senwes Park,8528,Diego Rosier,5,26,21,2,0,b Eathan Bosch,False,False
136370,2025-26,2025-11-07 16:00,2,NWEST,DOL,Senwes Park,9735,Lesiba Ngoepe,6,28,11,1,3,c Leus du Plooy b Nortje,False,False
136370,2025-26,2025-11-07 16:00,2,NWEST,DOL,Senwes Park,50444,Dian Forrester,7,0,1,0,0,c Simelane b Eathan Bosch,False,False
136370,2025-26,2025-11-07 16:00,2,NWEST,DOL,Senwes Park,14429,Onke Nyaku,8,4,4,0,0,c Kamo Phiri b Nortje,False,False
136370,2025-26,2025-11-07 16:00,2,NWEST,DOL,Senwes Park,20526,Caleb Seleka,9,2,7,0,0,c Kamo Phiri b Nortje,False,False
136370,2025-26,2025-11-07 16:00,2,NWEST,DOL,Senwes Park,14583,Achille Cloete,10,7,8,1,0,not out,False,False
136370,2025-26,2025-11-07 16:00,2,NWEST,DOL,Senwes Park,12587,Shimane Alfred Mothoa,11,8,7,0,0,c Simelane b Tristan Luus,False,False
136381,2025-26,2025-11-08 11:00,1,KZNIN,LIONS,The Wanderers Stadium,9822,Nofal,1,21,20,3,0,c Beyers Swanepoel b Rafeeq Patel,False,False
136381,2025-26,2025-11-08 11:00,1,KZNIN,LIONS,The Wanderers Stadium,11435,Rapulana,2,4,10,0,0,c Siya Plaatjie b Beyers Swanepoel,False,False
136381,2025-26,2025-11-08 11:00,1,KZNIN,LIONS,The Wanderers Stadium,13323,Andile Mokgakane,3,1,2,0,0,c Reeza Hendricks b Evan Jones,False,False
136381,2025-26,2025-11-08 11:00,1,KZNIN,LIONS,The Wanderers Stadium,51686,Sean Gilson,4,30,33,3,0,c Delano Potgieter b Beyers Swanepoel,False,False
136381,2025-26,2025-11-08 11:00,1,KZNIN,LIONS,The Wanderers Stadium,20357,Shekleton,5,56,37,5,1,b Evan Jones,False,False
136381,2025-26,2025-11-08 11:00,1,KZNIN,LIONS,The Wanderers Stadium,9703,Erlank,6,15,13,1,0,not out,True,False
136381,2025-26,2025-11-08 11:00,1,KZNIN,LIONS,The Wanderers Stadium,1692,Parnell,7,25,5,0,4,not out,False,False
136381,2025-26,2025-11-08 11:00,1,KZNIN,LIONS,The Wanderers Stadium,53419,Ntando Zuma,8,0,0,0,0,,False,True
136381,2025-26,2025-11-08 11:00,1,KZNIN,LIONS,The Wanderers Stadium,10079,Dupavillon,9,0,0,0,0,,False,False
136381,2025-26,2025-11-08 11:00,1,KZNIN,LIONS,The Wanderers Stadium,11204,Abrahams,10,0,0,0,0,,False,False
136381,2025-26,2025-11-08 11:00,1,KZNIN,LIONS,The Wanderers Stadium,11203,Sean Whitehead,11,0,0,0,0,,False,False
136381,2025-26,2025-11-08 11:00,2,LIONS,KZNIN,The Wanderers Stadium,11205,Wandile Makwetu,1,0,5,0,0,b Sean Whitehead,False,True
136381,2025-26,2025-11-08 11:00,2,LIONS,KZNIN,The Wanderers Stadium,9491,Reeza Hendricks,2,61,44,7,1,c Rapulana b Parnell,False,False
136381,2025-26,2025-11-08 11:00,2,LIONS,KZNIN,The Wanderers Stadium,9554,Rassie van der Dussen,3,44,30,7,1,c Shekleton b Abrahams,False,False
136381,2025-26,2025-11-08 11:00,2,LIONS,KZNIN,The Wanderers Stadium,19057,Mitchell Van Buuren,4,38,25,2,2,c Nofal b Parnell,True,False
136381,2025-26,2025-11-08 11:00,2,LIONS,KZNIN,The Wanderers Stadium,14566,Delano Potgieter,5,9,9,0,0,not out,False,False
136381,2025-26,2025-11-08 11:00,2,LIONS,KZNIN,The Wanderers Stadium,20308,Evan Jones,6,6,7,0,0,run out (Ntando Zuma),False,False
136381,2025-26,2025-11-08 11:00,2,LIONS,KZNIN,The Wanderers Stadium,31958,Richard Seletswane,7,0,0,0,0,,False,False
136381,2025-26,2025-11-08 11:00,2,LIONS,KZNIN,The Wanderers Stadium,16433,Beyers Swanepoel,8,0,0,0,0,,False,False
136381,2025-26,2025-11-08 11:00,2,LIONS,KZNIN,The Wanderers Stadium,1464626,Morteza Manack,9,0,0,0,0,,False,False
136381,2025-26,2025-11-08 11:00,2,LIONS,KZNIN,The Wanderers Stadium,14587,Siya Plaatjie,10,0,0,0,0,,False,False
136381,2025-26,2025-11-08 11:00,2,LIONS,KZNIN,The Wanderers Stadium,1464307,Rafeeq Patel,11,0,0,0,0,,False,False
136403,2025-26,2025-11-09 10:00,1,WAR,DOL,Kingsmead,15948,Modiri Litheko,1,7,14,1,0,c Nortje b Tristan Luus,False,False
136403,2025-26,2025-11-09 10:00,1,WAR,DOL,Kingsmead,33183,Muhammad Manack,2,13,10,2,0,c Aryan Gopalan b Eathan Bosch,False,False
136403,2025-26,2025-11-09 10:00,1,WAR,DOL,Kingsmead,1431305,Matthew De Villiers,3,10,7,2,0,c Leus du Plooy b Nortje,True,False
136403,2025-26,2025-11-09 10:00,1,WAR,DOL,Kingsmead,23341,Matthew Boast,4,13,8,1,1,c Tristan Luus b Simelane,False,False
136403,2025-26,2025-11-09 10:00,1,WAR,DOL,Kingsmead,13318,Jean du Plessis,5,0,4,0,0,c Gomolemo Phiri b Nortje,False,True
136403,2025-26,2025-11-09 10:00,1,WAR,DOL,Kingsmead,41704,JP King,6,5,18,0,0,c Gomolemo Phiri b Eathan Bosch,False,False
136403,2025-26,2025-11-09 10:00,1,WAR,DOL,Kingsmead,11902,Patrick Kruger,7,32,36,1,2,c Eathan Bosch b Simelane,False,False
136403,2025-26,2025-11-09 10:00,1,WAR,DOL,Kingsmead,13068,Thomas Kaber,8,3,8,0,0,b Aryan Gopalan,False,False
136403,2025-26,2025-11-09 10:00,1,WAR,DOL,Kingsmead,20578,Aphiwe Mnyanda,9,0,2,0,0,c Nortje b Simelane,False,False
136403,2025-26,2025-11-09 10:00,1,WAR,DOL,Kingsmead,53454,Wesley Bedja,10,3,3,0,0,c Dithole b Aryan Gopalan,False,False
136403,2025-26,2025-11-09 10:00,1,WAR,DOL,Kingsmead,13150,Mungroo,11,1,5,0,0,not out,False,False
136403,2025-26,2025-11-09 10:00,2,DOL,WAR,Kingsmead,10687,Tshepang Dithole,1,39,37,6,0,b Aphiwe Mnyanda,False,False
136403,2025-26,2025-11-09 10:00,2,DOL,WAR,Kingsmead,9724,Khaya Zondo,2,25,27,3,0,c Patrick Kruger b Aphiwe Mnyanda,False,False
136403,2025-26,2025-11-09 10:00,2,DOL,WAR,Kingsmead,7668,JJ Smuts,3,9,11,0,0,c Modiri Litheko b Aphiwe Mnyanda,True,False
136403,2025-26,2025-11-09 10:00,2,DOL,WAR,Kingsmead,11398,Leus du Plooy,4,12,9,0,1,not out,False,False
136403,2025-26,2025-11-09 10:00,2,DOL,WAR,Kingsmead,13098,Eathan Bosch,5,10,2,1,1,not out,False,False
136403,2025-26,2025-11-09 10:00,2,DOL,WAR,Kingsmead,1464650,Gomolemo Phiri,6,0,0,0,0,,False,True
136403,2025-26,2025-11-09 10:00,2,DOL,WAR,Kingsmead,18687,Andile Simelane,7,0,0,0,0,,False,False
136403,2025-26,2025-11-09 10:00,2,DOL,WAR,Kingsmead,50549,Romashan Pillay,8,0,0,0,0,,False,False
136403,2025-26,2025-11-09 10:00,2,DOL,WAR,Kingsmead,1463617,Aryan Gopalan,9,0,0,0,0,,False,False
136403,2025-26,2025-11-09 10:00,2,DOL,WAR,Kingsmead,50972,Tristan Luus,10,0,0,0,0,,False,False
136403,2025-26,2025-11-09 10:00,2,DOL,WAR,Kingsmead,11427,Anrich Nortje,11,0,0,0,0,,False,False
136392,2025-26,2025-11-09 11:30,1,WPR,TIT,Newlands,9763,Moore,1,105,53,9,7,c Junior Dala b Duan Jansen,False,False
136392,2025-26,2025-11-09 11:30,1,WPR,TIT,Newlands,50976,Valentine Kitime,2,1,8,0,0,c van der Merwe b D Galiem,False,False
136392,2025-26,2025-11-09 11:30,1,WPR,TIT,Newlands,20437,Joshua van Heerden,3,58,29,7,3,c Keagan Lion Cachet b Duan Jansen,False,False
136392,2025-26,2025-11-09 11:30,1,WPR,TIT,Newlands,50815,Oliver Whitehead,4,2,4,0,0,c Duan Jansen b Shamsi,False,False
136392,2025-26,2025-11-09 11:30,1,WPR,TIT,Newlands,20267,Daniel Smith,5,28,16,2,2,b Phehlukwayo,True,True
136392,2025-26,2025-11-09 11:30,1,WPR,TIT,Newlands,13101,Jiveshan Pillay,6,1,2,0,0,c Neil Brand b Duan Jansen,False,False
136392,2025-26,2025-11-09 11:30,1,WPR,TIT,Newlands,1451224,Josh Breed,7,14,7,1,1,not out,False,False
136392,2025-26,2025-11-09 11:30,1,WPR,TIT,Newlands,55284,Raeeq Daniels,8,1,1,0,0,not out,False,False
136392,2025-26,2025-11-09 11:30,1,WPR,TIT,Newlands,9702,Dane Paterson,9,0,0,0,0,,False,False
136392,2025-26,2025-11-09 11:30,1,WPR,TIT,Newlands,13151,Nabe,10,0,0,0,0,,False,False
136392,2025-26,2025-11-09 11:30,1,WPR,TIT,Newlands,20583,Asakhe Tsaka,11,0,0,0,0,,False,False
136392,2025-26,2025-11-09 11:30,2,TIT,WPR,Newlands,9601,Andile Phehlukwayo,1,13,6,0,2,c Moore b Dane Paterson,False,False
136392,2025-26,2025-11-09 11:30,2,TIT,WPR,Newlands,53415,Steve Stolk,2,0,1,0,0,c Moore b Raeeq Daniels,False,False
136392,2025-26,2025-11-09 11:30,2,TIT,WPR,Newlands,9581,Dayyaan Galiem,3,42,22,4,3,c Moore b Nabe,False,False
136392,2025-26,2025-11-09 11:30,2,TIT,WPR,Newlands,14308,Neil Brand,4,0,4,0,0,c Moore b Raeeq Daniels,False,False
136392,2025-26,2025-11-09 11:30,2,TIT,WPR,Newlands,1464299,Josh Jordaan,5,17,13,2,0,c and b Nabe,False,False
136392,2025-26,2025-11-09 11:30,2,TIT,WPR,Newlands,1423888,Keagan Lion Cachet,6,4,7,0,0,c Jiveshan Pillay b Nabe,False,True
136392,2025-26,2025-11-09 11:30,2,TIT,WPR,Newlands,1450366,Lethabo Phahlamohlaka,7,1,8,0,0,b Nabe,False,False
136392,2025-26,2025-11-09 11:30,2,TIT,WPR,Newlands,18523,Duan Jansen,8,15,10,1,1,c Joshua van Heerden b Josh Breed,False,False
136392,2025-26,2025-11-09 11:30,2,TIT,WPR,Newlands,1669,Roelof van der Merwe,9,35,23,3,1,not out,True,False
136392,2025-26,2025-11-09 11:30,2,TIT,WPR,Newlands,10175,Junior Dala,10,9,7,2,0,st Daniel Smith b Asakhe Tsaka,False,False
136392,2025-26,2025-11-09 11:30,2,TIT,WPR,Newlands,10173,Tabraiz Shamsi,11,1,5,0,0,c Dane Paterson b Asakhe Tsaka,False,False
136422,2025-26,2025-11-11 15:00,1,NWEST,KZNIN,Senwes Park,1432803,Ludwich Schuld,1,43,33,5,2,c Ntando Zuma b Sean Gilson,False,False
136422,2025-26,2025-11-11 15:00,1,NWEST,KZNIN,Senwes Park,13067,Janneman Malan,2,37,38,4,0,c Ntando Zuma b Erlank,False,False
136422,2025-26,2025-11-11 15:00,1,NWEST,KZNIN,Senwes Park,11497,Wihan Lubbe,3,23,12,2,1,run out (Erlank),True,False
136422,2025-26,2025-11-11 15:00,1,NWEST,KZNIN,Senwes Park,9735,Ngoepe,4,5,5,0,0,c Sean Gilson b Erlank,False,False
136422,2025-26,2025-11-11 15:00,1,NWEST,KZNIN,Senwes Park,31951,Meeka eel Prince,5,17,13,2,0,c Sean Gilson b Erlank,False,True
136422,2025-26,2025-11-11 15:00,1,NWEST,KZNIN,Senwes Park,15852,Ruan de Swardt,6,27,10,4,1,not out,False,False
136422,2025-26,2025-11-11 15:00,1,NWEST,KZNIN,Senwes Park,8528,Diego Rosier,7,16,9,2,0,not out,False,False
136422,2025-26,2025-11-11 15:00,1,NWEST,KZNIN,Senwes Park,14429,Nyaku,8,0,0,0,0,,False,False
136422,2025-26,2025-11-11 15:00,1,NWEST,KZNIN,Senwes Park,13321,Jade de Klerk,9,0,0,0,0,,False,False
136422,2025-26,2025-11-11 15:00,1,NWEST,KZNIN,Senwes Park,20526,Caleb Seleka,10,0,0,0,0,,False,False
136422,2025-26,2025-11-11 15:00,1,NWEST,KZNIN,Senwes Park,12587,Shimane Mothoa,11,0,0,0,0,,False,False
136422,2025-26,2025-11-11 15:00,2,KZNIN,NWEST,Senwes Park,11435,Kagiso Rapulana,1,5,12,0,0,c Caleb Seleka b Nyaku,False,False
136422,2025-26,2025-11-11 15:00,2,KZNIN,NWEST,Senwes Park,53419,Ntando Zuma,2,42,37,3,1,b Jade de Klerk,False,True
136422,2025-26,2025-11-11 15:00,2,KZNIN,NWEST,Senwes Park,9703,Michael Erlank,3,0,4,0,0,c Wihan Lubbe b Ruan de Swardt,True,False
136422,2025-26,2025-11-11 15:00,2,KZNIN,NWEST,Senwes Park,51686,Sean Gilson,4,13,15,0,0,c Ruan de Swardt b Caleb Seleka,False,False
136422,2025-26,2025-11-11 15:00,2,KZNIN,NWEST,Senwes Park,1692,Wayne Parnell,5,26,15,0,3,c Ruan de Swardt b Nyaku,False,False
136422,2025-26,2025-11-11 15:00,2,KZNIN,NWEST,Senwes Park,20357,Cameron Shekleton,6,20,15,1,1,b Caleb Seleka,False,False
136422,2025-26,2025-11-11 15:00,2,KZNIN,NWEST,Senwes Park,9493,Hardus Viljoen,7,12,11,1,1,b Ruan de Swardt,False,False
136422,2025-26,2025-11-11 15:00,2,KZNIN,NWEST,Senwes Park,13323,Andile Mokgakane,8,11,6,1,1,c Meeka eel Prince b Nyaku,False,False
136422,2025-26,2025-11-11 15:00,2,KZNIN,NWEST,Senwes Park,11203,Sean Whitehead,9,13,5,1,1,not out,False,False
136422,2025-26,2025-11-11 15:00,2,KZNIN,NWEST,Senwes Park,10079,Daryn Dupavillon,10,1,1,0,0,not out,False,False
136422,2025-26,2025-11-11 15:00,2,KZNIN,NWEST,Senwes Park,11204,Ziyaad Abrahams,11,0,0,0,0,,False,False
136414,2025-26,2025-11-11 16:00,1,LIONS,WAR,St George's Park,1464670,Neil Timmers,1,17,13,2,1,c Wesley Bedja b Mungroo,False,False
136414,2025-26,2025-11-11 16:00,1,LIONS,WAR,St George's Park,11205,Wandile Makwetu,2,25,28,3,0,b Thomas Kaber,False,True
136414,2025-26,2025-11-11 16:00,1,LIONS,WAR,St George's Park,9491,Reeza Hendricks,3,1,3,0,0,c Patrick Kruger b Christopher King,False,False
136414,2025-26,2025-11-11 16:00,1,LIONS,WAR,St George's Park,9554,van der Dussen,4,0,1,0,0,c Jean du Plessis b Christopher King,False,False
136414,2025-26,2025-11-11 16:00,1,LIONS,WAR,St George's Park,19057,Van Buuren,5,51,39,4,1,c and b Wesley Bedja,True,False
136414,2025-26,2025-11-11 16:00,1,LIONS,WAR,St George's Park,31958,Richard Seletswane,6,17,24,0,0,c (sub)Matthew Boast b Muhammad Manack,False,False
136414,2025-26,2025-11-11 16:00,1,LIONS,WAR,St George's Park,16433,Beyers Swanepoel,7,11,6,2,0,run out (Jean du Plessis),False,False
136414,2025-26,2025-11-11 16:00,1,LIONS,WAR,St George's Park,1464673,Wilco de Bruin,8,13,6,1,1,not out,False,False
136414,2025-26,2025-11-11 16:00,1,LIONS,WAR,St George's Park,1464626,Morteza Manack,9,0,0,0,0,,False,False
136414,2025-26,2025-11-11 16:00,1,LIONS,WAR,St George's Park,14587,Siya Plaatjie,10,0,0,0,0,,False,False
136414,2025-26,2025-11-11 16:00,1,LIONS,WAR,St George's Park,1464307,Rafeeq Patel,11,0,0,0,0,,False,False
136414,2025-26,2025-11-11 16:00,2,WAR,LIONS,St George's Park,33183,Muhammad Manack,1,26,28,2,0,c Rafeeq Patel b Wilco de Bruin,False,False
136414,2025-26,2025-11-11 16:00,2,WAR,LIONS,St George's Park,15948,Modiri Litheko,2,18,14,3,0,lbw b Beyers Swanepoel,False,False
136414,2025-26,2025-11-11 16:00,2,WAR,LIONS,St George's Park,1431305,Matthew De Villiers,3,49,39,7,0,not out,True,False
136414,2025-26,2025-11-11 16:00,2,WAR,LIONS,St George's Park,41704,JP King,4,56,26,3,5,not out,False,False
136414,2025-26,2025-11-11 16:00,2,WAR,LIONS,St George's Park,13318,Jean du Plessis,5,0,0,0,0,,False,True
136414,2025-26,2025-11-11 16:00,2,WAR,LIONS,St George's Park,11902,Patrick Kruger,6,0,0,0,0,,False,False
136414,2025-26,2025-11-11 16:00,2,WAR,LIONS,St George's Park,13068,Thomas Kaber,7,0,0,0,0,,False,False
136414,2025-26,2025-11-11 16:00,2,WAR,LIONS,St George's Park,1431435,Christopher King,8,0,0,0,0,,False,False
136414,2025-26,2025-11-11 16:00,2,WAR,LIONS,St George's Park,20578,Aphiwe Mnyanda,9,0,0,0,0,,False,False
136414,2025-26,2025-11-11 16:00,2,WAR,LIONS,St George's Park,53454,Wesley Bedja,10,0,0,0,0,,False,False
136414,2025-26,2025-11-11 16:00,2,WAR,LIONS,St George's Park,13150,Kerwin Mungroo,11,0,0,0,0,,False,False
136431,2025-26,2025-11-13 11:00,1,KZNIN,WPR,City Oval,13323,Andile Mokgakane,1,1,2,0,0,b Raeeq Daniels,False,False
136431,2025-26,2025-11-13 11:00,1,KZNIN,WPR,City Oval,53419,Ntando Zuma,2,1,5,0,0,b George Linde,False,True
136431,2025-26,2025-11-13 11:00,1,KZNIN,WPR,City Oval,9703,Erlank,3,10,11,1,0,lbw b Raeeq Daniels,True,False
136431,2025-26,2025-11-13 11:00,1,KZNIN,WPR,City Oval,51686,Sean Gilson,4,2,5,0,0,b Liyema Waqu,False,False
136431,2025-26,2025-11-13 11:00,1,KZNIN,WPR,City Oval,20357,Shekleton,5,31,39,2,0,not out,False,False
136431,2025-26,2025-11-13 11:00,1,KZNIN,WPR,City Oval,1692,Parnell,6,13,14,2,0,c Moore b Mbulelo Dube,False,False
136431,2025-26,2025-11-13 11:00,1,KZNIN,WPR,City Oval,14767,Marcello Piedt,7,3,9,0,0,c Joshua van Heerden b George Linde,False,False
136431,2025-26,2025-11-13 11:00,1,KZNIN,WPR,City Oval,11203,Sean Whitehead,8,1,4,0,0,c Joshua van Heerden b Mbulelo Dube,False,False
136431,2025-26,2025-11-13 11:00,1,KZNIN,WPR,City Oval,9493,Viljoen,9,26,21,1,1,b Josh Breed,False,False
136431,2025-26,2025-11-13 11:00,1,KZNIN,WPR,City Oval,10079,Dupavillon,10,7,7,1,0,b Josh Breed,False,False
136431,2025-26,2025-11-13 11:00,1,KZNIN,WPR,City Oval,1431073,Thabiso Ndlela,11,1,2,0,0,run out (Raeeq Daniels),False,False
136431,2025-26,2025-11-13 11:00,2,WPR,KZNIN,City Oval,9763,Edward Moore,1,41,38,3,0,not out,False,False
136431,2025-26,2025-11-13 11:00,2,WPR,KZNIN,City Oval,50976,Sello Valentine Kitime,2,37,26,2,3,b Sean Whitehead,False,False
136431,2025-26,2025-11-13 11:00,2,WPR,KZNIN,City Oval,20437,Joshua van Heerden,3,29,29,3,0,not out,False,False
136431,2025-26,2025-11-13 11:00,2,WPR,KZNIN,City Oval,31979,Abdullah Bayoumy,4,0,0,0,0,,False,False
136431,2025-26,2025-11-13 11:00,2,WPR,KZNIN,City Oval,20267,Daniel Smith,5,0,0,0,0,,True,True
136431,2025-26,2025-11-13 11:00,2,WPR,KZNIN,City Oval,10187,George Linde,6,0,0,0,0,,False,False
136431,2025-26,2025-11-13 11:00,2,WPR,KZNIN,City Oval,1451224,Josh Breed,7,0,0,0,0,,False,False
136431,2025-26,2025-11-13 11:00,2,WPR,KZNIN,City Oval,22111,Liyema Waqu,8,0,0,0,0,,False,False
136431,2025-26,2025-11-13 11:00,2,WPR,KZNIN,City Oval,1464101,Mbulelo Dube,9,0,0,0,0,,False,False
136431,2025-26,2025-11-13 11:00,2,WPR,KZNIN,City Oval,13151,Mthiwekhaya Nabe,10,0,0,0,0,,False,False
136431,2025-26,2025-11-13 11:00,2,WPR,KZNIN,City Oval,55284,Raeeq Daniels,11,0,0,0,0,,False,False
136442,2025-26,2025-11-14 15:00,1,BOL,DOL,Boland Park,22051,Kaplan,1,1,3,0,0,lbw b Smuts,False,False
136442,2025-26,2025-11-14 15:00,1,BOL,DOL,Boland Park,14187,Roelofsen,2,32,18,4,1,c and b Smuts,False,False
136442,2025-26,2025-11-14 15:00,1,BOL,DOL,Boland Park,9580,Fortuin,3,10,5,2,0,c Nortje b Eathan Bosch,True,True
136442,2025-26,2025-11-14 15:00,1,BOL,DOL,Boland Park,1423887,Lehan Botha,4,21,25,2,0,c Smuts b Bryce Parsons,False,False
136442,2025-26,2025-11-14 15:00,1,BOL,DOL,Boland Park,9766,Mgijima,5,1,2,0,0,c Gomolemo Phiri b Nqobani Mokoena,False,False
136442,2025-26,2025-11-14 15:00,1,BOL,DOL,Boland Park,20297,Briesies,6,7,8,0,1,b Aryan Gopalan,False,False
136442,2025-26,2025-11-14 15:00,1,BOL,DOL,Boland Park,10194,Ferisco Adams,7,24,30,1,1,b Nortje,False,False
136442,2025-26,2025-11-14 15:00,1,BOL,DOL,Boland Park,12592,Keith Dudgeon,8,28,25,1,1,not out,False,False
136442,2025-26,2025-11-14 15:00,1,BOL,DOL,Boland Park,14687,Imran Manack,9,5,3,1,0,c Smuts b Eathan Bosch,False,False
136442,2025-26,2025-11-14 15:00,1,BOL,DOL,Boland Park,14516,Glenton Stuurman,10,1,1,0,0,not out,False,False
136442,2025-26,2025-11-14 15:00,1,BOL,DOL,Boland Park,19058,Mahima,11,0,0,0,0,,False,False
136442,2025-26,2025-11-14 15:00,2,DOL,BOL,Boland Park,10687,Tshepang Dithole,1,0,4,0,0,c Mgijima b Glenton Stuurman,False,False
136442,2025-26,2025-11-14 15:00,2,DOL,BOL,Boland Park,7668,JJ Smuts,2,13,12,1,0,b Imran Manack,True,False
136442,2025-26,2025-11-14 15:00,2,DOL,BOL,Boland Park,14586,Bryce Parsons,3,7,8,1,0,b Keith Dudgeon,False,False
136442,2025-26,2025-11-14 15:00,2,DOL,BOL,Boland Park,11398,Leus du Plooy,4,30,22,2,1,c Roelofsen b Mahima,False,False
136442,2025-26,2025-11-14 15:00,2,DOL,BOL,Boland Park,13098,Eathan Bosch,5,5,6,0,0,c Glenton Stuurman b Keith Dudgeon,False,False
136442,2025-26,2025-11-14 15:00,2,DOL,BOL,Boland Park,1464650,Gomolemo Phiri,6,53,37,2,4,run out (Keith Dudgeon),False,True
136442,2025-26,2025-11-14 15:00,2,DOL,BOL,Boland Park,1450402,Semal pillay,7,7,9,0,0,c Fortuin b Ferisco Adams,False,False
136442,2025-26,2025-11-14 15:00,2,DOL,BOL,Boland Park,18687,Andile Simelane,8,1,2,0,0,b Mahima,False,False
136442,2025-26,2025-11-14 15:00,2,DOL,BOL,Boland Park,53408,Nqobani Mokoena,9,6,14,0,0,b Glenton Stuurman,False,False
136442,2025-26,2025-11-14 15:00,2,DOL,BOL,Boland Park,1463617,Aryan Gopalan,10,3,4,0,0,c Lehan Botha b Keith Dudgeon,False,False
136442,2025-26,2025-11-14 15:00,2,DOL,BOL,Boland Park,11427,Anrich Nortje,11,2,2,0,0,not out,False,False
136453,2025-26,2025-11-14 16:00,1,TIT,NWEST,Senwes Park,9601,Phehlukwayo,1,43,29,5,2,run out (Caleb Seleka),False,False
136453,2025-26,2025-11-14 16:00,1,TIT,NWEST,Senwes Park,10178,Keegan Petersen,2,11,9,1,0,lbw b Shimane Mothoa,False,False
136453,2025-26,2025-11-14 16:00,1,TIT,NWEST,Senwes Park,9581,D Galiem,3,35,27,4,1,c Diego Rosier b Ruan de Swardt,False,False
136453,2025-26,2025-11-14 16:00,1,TIT,NWEST,Senwes Park,10209,Klaasen,4,53,31,3,3,c Meeka eel Prince b Nyaku,False,True
136453,2025-26,2025-11-14 16:00,1,TIT,NWEST,Senwes Park,14798,Donovan Ferreira,5,22,10,0,3,c Wihan Lubbe b Nyaku,False,False
136453,2025-26,2025-11-14 16:00,1,TIT,NWEST,Senwes Park,9801,Makhanya,6,0,0,0,0,run out (Ludwich Schuld),False,False
136453,2025-26,2025-11-14 16:00,1,TIT,NWEST,Senwes Park,1423888,Keagan Lion Cachet,7,15,9,3,0,not out,False,False
136453,2025-26,2025-11-14 16:00,1,TIT,NWEST,Senwes Park,18523,Duan Jansen,8,7,5,0,0,not out,False,False
136453,2025-26,2025-11-14 16:00,1,TIT,NWEST,Senwes Park,1669,van der Merwe,9,0,0,0,0,,True,False
136453,2025-26,2025-11-14 16:00,1,TIT,NWEST,Senwes Park,8531,Williams,10,0,0,0,0,,False,False
136453,2025-26,2025-11-14 16:00,1,TIT,NWEST,Senwes Park,9603,Lungi Ngidi,11,0,0,0,0,,False,False
136453,2025-26,2025-11-14 16:00,2,NWEST,TIT,Senwes Park,1432803,Ludwich Schuld,1,39,22,2,3,b Donovan Ferreira,False,False
136453,2025-26,2025-11-14 16:00,2,NWEST,TIT,Senwes Park,13067,Janneman Malan,2,2,4,0,0,c Duan Jansen b Lungi Ngidi,False,False
136453,2025-26,2025-11-14 16:00,2,NWEST,TIT,Senwes Park,31951,Meeka eel Prince,3,3,4,0,0,c Klaasen b Lungi Ngidi,False,True
136453,2025-26,2025-11-14 16:00,2,NWEST,TIT,Senwes Park,8528,Diego Rosier,4,0,1,0,0,c Klaasen b Duan Jansen,False,False
136453,2025-26,2025-11-14 16:00,2,NWEST,TIT,Senwes Park,11497,Wihan Lubbe,5,46,32,3,2,c Donovan Ferreira b D Galiem,True,False
136453,2025-26,2025-11-14 16:00,2,NWEST,TIT,Senwes Park,9735,Lesiba Ngoepe,6,65,40,6,2,c Duan Jansen b Williams,False,False
136453,2025-26,2025-11-14 16:00,2,NWEST,TIT,Senwes Park,15852,Ruan de Swardt,7,25,16,3,0,not out,False,False
136453,2025-26,2025-11-14 16:00,2,NWEST,TIT,Senwes Park,14429,Onke Nyaku,8,0,1,0,0,not out,False,False
136453,2025-26,2025-11-14 16:00,2,NWEST,TIT,Senwes Park,13321,Jade de Klerk,9,0,0,0,0,,False,False
136453,2025-26,2025-11-14 16:00,2,NWEST,TIT,Senwes Park,20526,Caleb Seleka,10,0,0,0,0,,False,False
136453,2025-26,2025-11-14 16:00,2,NWEST,TIT,Senwes Park,12587,Shimane Alfred Mothoa,11,0,0,0,0,,False,False
136464,2025-26,2025-11-15 11:00,1,WAR,KZNIN,City Oval,33183,Muhammad Manack,1,54,34,9,0,c Andile Mokgakane b Sean Whitehead,False,False
136464,2025-26,2025-11-15 11:00,1,WAR,KZNIN,City Oval,15948,Modiri Litheko,2,7,9,1,0,c Sean Whitehead b Bamanye Xenxe,False,False
136464,2025-26,2025-11-15 11:00,1,WAR,KZNIN,City Oval,1431305,Matthew De Villiers,3,54,40,6,1,c Sean Gilson b Bamanye Xenxe,True,False
136464,2025-26,2025-11-15 11:00,1,WAR,KZNIN,City Oval,13089,Breetzke,4,39,19,4,2,c Parnell b Bamanye Xenxe,False,True
136464,2025-26,2025-11-15 11:00,1,WAR,KZNIN,City Oval,41704,JP King,5,1,2,0,0,c Marcello Piedt b Erlank,False,False
136464,2025-26,2025-11-15 11:00,1,WAR,KZNIN,City Oval,11902,Patrick Kruger,6,5,3,1,0,c Parnell b Bamanye Xenxe,False,False
136464,2025-26,2025-11-15 11:00,1,WAR,KZNIN,City Oval,1431435,Christopher King,7,1,3,0,0,b Erlank,False,False
136464,2025-26,2025-11-15 11:00,1,WAR,KZNIN,City Oval,13068,Thomas Kaber,8,5,7,0,0,not out,False,False
136464,2025-26,2025-11-15 11:00,1,WAR,KZNIN,City Oval,20578,Aphiwe Mnyanda,9,4,4,0,0,not out,False,False
136464,2025-26,2025-11-15 11:00,1,WAR,KZNIN,City Oval,53454,Wesley Bedja,10,0,0,0,0,,False,False
136464,2025-26,2025-11-15 11:00,1,WAR,KZNIN,City Oval,13150,Mungroo,11,0,0,0,0,,False,False
136464,2025-26,2025-11-15 11:00,2,KZNIN,WAR,City Oval,1431075,Chad Laycock,1,37,38,5,0,b Mungroo,False,False
136464,2025-26,2025-11-15 11:00,2,KZNIN,WAR,City Oval,13323,Andile Mokgakane,2,6,3,0,1,c Modiri Litheko b Christopher King,False,False
136464,2025-26,2025-11-15 11:00,2,KZNIN,WAR,City Oval,51686,Sean Gilson,3,0,5,0,0,c Thomas Kaber b Christopher King,False,False
136464,2025-26,2025-11-15 11:00,2,KZNIN,WAR,City Oval,9703,Michael Erlank,4,8,10,1,0,b Aphiwe Mnyanda,True,False
136464,2025-26,2025-11-15 11:00,2,KZNIN,WAR,City Oval,53419,Ntando Zuma,5,33,34,2,0,c Patrick Kruger b Mungroo,False,True
136464,2025-26,2025-11-15 11:00,2,KZNIN,WAR,City Oval,1692,Wayne Parnell,6,13,7,2,0,c Matthew De Villiers b Wesley Bedja,False,False
136464,2025-26,2025-11-15 11:00,2,KZNIN,WAR,City Oval,14767,Marcello Piedt,7,2,4,0,0,c Christopher King b Thomas Kaber,False,False
136464,2025-26,2025-11-15 11:00,2,KZNIN,WAR,City Oval,11203,Sean Whitehead,8,5,6,0,0,not out,False,False
136464,2025-26,2025-11-15 11:00,2,KZNIN,WAR,City Oval,20417,Bamanye Xenxe,9,4,2,1,0,c Matthew De Villiers b Thomas Kaber,False,False
136464,2025-26,2025-11-15 11:00,2,KZNIN,WAR,City Oval,9493,Hardus Viljoen,10,0,0,0,0,abs hurt,False,False
136464,2025-26,2025-11-15 11:00,2,KZNIN,WAR,City Oval,20357,Cameron Shekleton,11,0,0,0,0,abs hurt,False,False
136475,2025-26,2025-11-16 11:30,1,DOL,WPR,Newlands,10687,Dithole,1,22,16,4,0,c Abdullah Bayoumy b Mbulelo Dube,False,False
136475,2025-26,2025-11-16 11:30,1,DOL,WPR,Newlands,7668,Smuts,2,10,19,1,0,c Daniel Smith b Mbulelo Dube,True,False
136475,2025-26,2025-11-16 11:30,1,DOL,WPR,Newlands,14586,Bryce Parsons,3,12,12,1,0,c Valentine Kitime b Mbulelo Dube,False,False
136475,2025-26,2025-11-16 11:30,1,DOL,WPR,Newlands,11398,Leus du Plooy,4,31,25,3,0,c Daniel Smith b Josh Breed,False,False
136475,2025-26,2025-11-16 11:30,1,DOL,WPR,Newlands,13098,Eathan Bosch,5,0,2,0,0,c Daniel Smith b Mbulelo Dube,False,False
136475,2025-26,2025-11-16 11:30,1,DOL,WPR,Newlands,1464650,Gomolemo Phiri,6,14,19,0,0,b George Linde,False,True
136475,2025-26,2025-11-16 11:30,1,DOL,WPR,Newlands,18687,Simelane,7,28,18,0,2,not out,False,False
136475,2025-26,2025-11-16 11:30,1,DOL,WPR,Newlands,50549,Romashan Pillay,8,2,4,0,0,c Moore b Josh Breed,False,False
136475,2025-26,2025-11-16 11:30,1,DOL,WPR,Newlands,53408,Nqobani Mokoena,9,10,6,0,1,not out,False,False
136475,2025-26,2025-11-16 11:30,1,DOL,WPR,Newlands,1463617,Aryan Gopalan,10,0,0,0,0,,False,False
136475,2025-26,2025-11-16 11:30,1,DOL,WPR,Newlands,11427,Nortje,11,0,0,0,0,,False,False
136475,2025-26,2025-11-16 11:30,2,WPR,DOL,Newlands,50976,Sello Valentine Kitime,1,4,4,0,0,c Bryce Parsons b Eathan Bosch,False,False
136475,2025-26,2025-11-16 11:30,2,WPR,DOL,Newlands,9763,Edward Moore,2,23,20,2,1,c Simelane b Smuts,False,False
136475,2025-26,2025-11-16 11:30,2,WPR,DOL,Newlands,20437,Joshua van Heerden,3,43,36,4,1,lbw b Bryce Parsons,False,False
136475,2025-26,2025-11-16 11:30,2,WPR,DOL,Newlands,20267,Daniel Smith,4,2,6,0,0,c Dithole b Smuts,True,True
136475,2025-26,2025-11-16 11:30,2,WPR,DOL,Newlands,10187,George Linde,5,28,17,3,1,c and b Bryce Parsons,False,False
136475,2025-26,2025-11-16 11:30,2,WPR,DOL,Newlands,13101,Jiveshan Pillay,6,20,15,3,0,not out,False,False
136475,2025-26,2025-11-16 11:30,2,WPR,DOL,Newlands,31979,Abdullah Bayoumy,7,10,11,0,0,not out,False,False
136475,2025-26,2025-11-16 11:30,2,WPR,DOL,Newlands,1451224,Josh Breed,8,0,0,0,0,,False,False
136475,2025-26,2025-11-16 11:30,2,WPR,DOL,Newlands,1464101,Mbulelo Dube,9,0,0,0,0,,False,False
136475,2025-26,2025-11-16 11:30,2,WPR,DOL,Newlands,13151,Mthiwekhaya Nabe,10,0,0,0,0,,False,False
136475,2025-26,2025-11-16 11:30,2,WPR,DOL,Newlands,55284,Raeeq Daniels,11,0,0,0,0,,False,False
136508,2025-26,2025-11-19 11:00,1,NWEST,LIONS,The Wanderers Stadium,1432803,Ludwich Schuld,1,21,14,3,1,c Beyers Swanepoel b Evan Jones,False,False
136508,2025-26,2025-11-19 11:00,1,NWEST,LIONS,The Wanderers Stadium,13317,van Tonder,2,11,7,1,1,b Beyers Swanepoel,False,False
136508,2025-26,2025-11-19 11:00,1,NWEST,LIONS,The Wanderers Stadium,13067,Janneman Malan,3,56,43,3,4,c Connor Esterhuizen b Evan Jones,False,True
136508,2025-26,2025-11-19 11:00,1,NWEST,LIONS,The Wanderers Stadium,11497,Wihan Lubbe,4,10,13,1,0,c Richard Seletswane b Rafeeq Patel,True,False
136508,2025-26,2025-11-19 11:00,1,NWEST,LIONS,The Wanderers Stadium,8528,Diego Rosier,5,16,15,0,1,c Rafeeq Patel b Siya Plaatjie,False,False
136508,2025-26,2025-11-19 11:00,1,NWEST,LIONS,The Wanderers Stadium,9735,Ngoepe,6,6,5,1,0,c Connor Esterhuizen b Rafeeq Patel,False,False
136508,2025-26,2025-11-19 11:00,1,NWEST,LIONS,The Wanderers Stadium,15852,Ruan de Swardt,7,45,20,3,3,not out,False,False
136508,2025-26,2025-11-19 11:00,1,NWEST,LIONS,The Wanderers Stadium,14429,Nyaku,8,8,4,1,0,not out,False,False
136508,2025-26,2025-11-19 11:00,1,NWEST,LIONS,The Wanderers Stadium,13321,Jade de Klerk,9,0,0,0,0,,False,False
136508,2025-26,2025-11-19 11:00,1,NWEST,LIONS,The Wanderers Stadium,20526,Caleb Seleka,10,0,0,0,0,,False,False
136508,2025-26,2025-11-19 11:00,1,NWEST,LIONS,The Wanderers Stadium,12587,Shimane Mothoa,11,0,0,0,0,,False,False
136508,2025-26,2025-11-19 11:00,2,LIONS,NWEST,The Wanderers Stadium,9554,Rassie van der Dussen,1,66,45,4,3,run out (Janneman Malan),False,False
136508,2025-26,2025-11-19 11:00,2,LIONS,NWEST,The Wanderers Stadium,9491,Reeza Hendricks,2,23,19,3,0,c van Tonder b Jade de Klerk,False,False
136508,2025-26,2025-11-19 11:00,2,LIONS,NWEST,The Wanderers Stadium,31958,Richard Seletswane,3,15,18,0,1,c Janneman Malan b Shimane Mothoa,False,False
136508,2025-26,2025-11-19 11:00,2,LIONS,NWEST,The Wanderers Stadium,16433,Beyers Swanepoel,4,8,10,1,0,b Jade de Klerk,False,False
136508,2025-26,2025-11-19 11:00,2,LIONS,NWEST,The Wanderers Stadium,24622,Connor Esterhuizen,5,0,1,0,0,b Jade de Klerk,False,False
136508,2025-26,2025-11-19 11:00,2,LIONS,NWEST,The Wanderers Stadium,19057,Mitchell Van Buuren,6,10,9,0,1,c Wihan Lubbe b Ruan de Swardt,True,False
136508,2025-26,2025-11-19 11:00,2,LIONS,NWEST,The Wanderers Stadium,20308,Evan Jones,7,54,18,2,5,not out,False,False
136508,2025-26,2025-11-19 11:00,2,LIONS,NWEST,The Wanderers Stadium,11205,Wandile Makwetu,8,0,1,0,0,c Ludwich Schuld b Ruan de Swardt,False,True
136508,2025-26,2025-11-19 11:00,2,LIONS,NWEST,The Wanderers Stadium,1464626,Morteza Manack,9,0,0,0,0,,False,False
136508,2025-26,2025-11-19 11:00,2,LIONS,NWEST,The Wanderers Stadium,14587,Siya Plaatjie,10,0,0,0,0,,False,False
136508,2025-26,2025-11-19 11:00,2,LIONS,NWEST,The Wanderers Stadium,1464307,Rafeeq Patel,11,0,0,0,0,,False,False
136497,2025-26,2025-11-19 16:00,1,WAR,BOL,St George's Park,33183,Muhammad Manack,1,52,28,8,1,b Ferisco Adams,False,False
136497,2025-26,2025-11-19 16:00,1,WAR,BOL,St George's Park,15948,Modiri Litheko,2,29,20,3,2,b Imran Manack,False,False
136497,2025-26,2025-11-19 16:00,1,WAR,BOL,St George's Park,1431305,Matthew De Villiers,3,50,37,8,0,c Imran Manack b Keith Dudgeon,True,False
136497,2025-26,2025-11-19 16:00,1,WAR,BOL,St George's Park,13089,Breetzke,4,12,9,0,0,c Lehan Botha b Akhona Mnyaka,False,True
136497,2025-26,2025-11-19 16:00,1,WAR,BOL,St George's Park,41704,JP King,5,46,23,4,2,c and b Ferisco Adams,False,False
136497,2025-26,2025-11-19 16:00,1,WAR,BOL,St George's Park,11902,Patrick Kruger,6,0,0,0,0,not out,False,False
136497,2025-26,2025-11-19 16:00,1,WAR,BOL,St George's Park,1431435,Christopher King,7,10,3,0,1,not out,False,False
136497,2025-26,2025-11-19 16:00,1,WAR,BOL,St George's Park,13068,Thomas Kaber,8,0,0,0,0,,False,False
136497,2025-26,2025-11-19 16:00,1,WAR,BOL,St George's Park,20578,Aphiwe Mnyanda,9,0,0,0,0,,False,False
136497,2025-26,2025-11-19 16:00,1,WAR,BOL,St George's Park,53454,Wesley Bedja,10,0,0,0,0,,False,False
136497,2025-26,2025-11-19 16:00,1,WAR,BOL,St George's Park,13150,Mungroo,11,0,0,0,0,,False,False
136497,2025-26,2025-11-19 16:00,2,BOL,WAR,St George's Park,22051,Gavin Kaplan,1,15,14,3,0,c Muhammad Manack b Aphiwe Mnyanda,False,False
136497,2025-26,2025-11-19 16:00,2,BOL,WAR,St George's Park,14187,Grant Roelofsen,2,10,9,2,0,c Muhammad Manack b Christopher King,False,False
136497,2025-26,2025-11-19 16:00,2,BOL,WAR,St George's Park,9580,Clyde Fortuin,3,1,4,0,0,c Modiri Litheko b JP King,True,True
136497,2025-26,2025-11-19 16:00,2,BOL,WAR,St George's Park,1423887,Lehan Botha,4,25,14,5,0,c Patrick Kruger b Aphiwe Mnyanda,False,False
136497,2025-26,2025-11-19 16:00,2,BOL,WAR,St George's Park,9766,Aviwe Mgijima,5,8,11,0,0,c Muhammad Manack b Thomas Kaber,False,False
136497,2025-26,2025-11-19 16:00,2,BOL,WAR,St George's Park,20297,Jhedli van Briesies,6,22,21,1,1,c Breetzke b Christopher King,False,False
136497,2025-26,2025-11-19 16:00,2,BOL,WAR,St George's Park,10194,Ferisco Adams,7,4,8,0,0,c Matthew De Villiers b Thomas Kaber,False,False
136497,2025-26,2025-11-19 16:00,2,BOL,WAR,St George's Park,12592,Keith Dudgeon,8,1,2,0,0,c Patrick Kruger b Aphiwe Mnyanda,False,False
136497,2025-26,2025-11-19 16:00,2,BOL,WAR,St George's Park,14687,Imran Manack,9,9,8,0,1,c Matthew De Villiers b Aphiwe Mnyanda,False,False
136497,2025-26,2025-11-19 16:00,2,BOL,WAR,St George's Park,14516,Glenton Stuurman,10,2,3,0,0,c and b Christopher King,False,False
136497,2025-26,2025-11-19 16:00,2,BOL,WAR,St George's Park,13066,Akhona Mnyaka,11,1,1,0,0,not out,False,False
136519,2025-26,2025-11-21 10:00,1,LIONS,WPR,Newlands,9554,van der Dussen,1,49,42,5,1,b Mbulelo Dube,False,False
136519,2025-26,2025-11-21 10:00,1,LIONS,WPR,Newlands,9491,Reeza Hendricks,2,68,45,4,3,not out,False,False
136519,2025-26,2025-11-21 10:00,1,LIONS,WPR,Newlands,24622,Connor Esterhuizen,3,47,23,4,4,c Jiveshan Pillay b Abdullah Bayoumy,False,False
136519,2025-26,2025-11-21 10:00,1,LIONS,WPR,Newlands,20308,Evan Jones,4,25,10,1,2,not out,False,False
136519,2025-26,2025-11-21 10:00,1,LIONS,WPR,Newlands,31958,Richard Seletswane,5,0,0,0,0,,False,False
136519,2025-26,2025-11-21 10:00,1,LIONS,WPR,Newlands,19057,Van Buuren,6,0,0,0,0,,True,False
136519,2025-26,2025-11-21 10:00,1,LIONS,WPR,Newlands,11205,Wandile Makwetu,7,0,0,0,0,,False,True
136519,2025-26,2025-11-21 10:00,1,LIONS,WPR,Newlands,16433,Beyers Swanepoel,8,0,0,0,0,,False,False
136519,2025-26,2025-11-21 10:00,1,LIONS,WPR,Newlands,14587,Siya Plaatjie,9,0,0,0,0,,False,False
136519,2025-26,2025-11-21 10:00,1,LIONS,WPR,Newlands,1465473,Zakwan Patel,10,0,0,0,0,,False,False
136519,2025-26,2025-11-21 10:00,1,LIONS,WPR,Newlands,1464307,Rafeeq Patel,11,0,0,0,0,,False,False
136519,2025-26,2025-11-21 10:00,2,WPR,LIONS,Newlands,50976,Sello Valentine Kitime,1,2,5,0,0,c Wandile Makwetu b Siya Plaatjie,False,False
136519,2025-26,2025-11-21 10:00,2,WPR,LIONS,Newlands,9763,Edward Moore,2,6,11,1,0,c Wandile Makwetu b Beyers Swanepoel,False,False
136519,2025-26,2025-11-21 10:00,2,WPR,LIONS,Newlands,20437,Joshua van Heerden,3,19,11,1,1,c van der Dussen b Rafeeq Patel,False,False
136519,2025-26,2025-11-21 10:00,2,WPR,LIONS,Newlands,13101,Jiveshan Pillay,4,1,2,0,0,c Richard Seletswane b Evan Jones,False,False
136519,2025-26,2025-11-21 10:00,2,WPR,LIONS,Newlands,20267,Daniel Smith,5,103,55,11,5,not out,True,True
136519,2025-26,2025-11-21 10:00,2,WPR,LIONS,Newlands,10187,George Linde,6,29,24,1,3,c Siya Plaatjie b Evan Jones,False,False
136519,2025-26,2025-11-21 10:00,2,WPR,LIONS,Newlands,31979,Abdullah Bayoumy,7,3,5,0,0,c Reeza Hendricks b Zakwan Patel,False,False
136519,2025-26,2025-11-21 10:00,2,WPR,LIONS,Newlands,1451224,Josh Breed,8,6,8,0,0,not out,False,False
136519,2025-26,2025-11-21 10:00,2,WPR,LIONS,Newlands,1464101,Mbulelo Dube,9,0,0,0,0,,False,False
136519,2025-26,2025-11-21 10:00,2,WPR,LIONS,Newlands,13151,Mthiwekhaya Nabe,10,0,0,0,0,,False,False
136519,2025-26,2025-11-21 10:00,2,WPR,LIONS,Newlands,55284,Raeeq Daniels,11,0,0,0,0,,False,False
136530,2025-26,2025-11-21 11:30,1,TIT,DOL,SuperSport Park,50545,Lhuan-dre Pretorius,1,55,36,6,2,c Gomolemo Phiri b Nortje,False,False
136530,2025-26,2025-11-21 11:30,1,TIT,DOL,SuperSport Park,11206,Rivaldo Moonsamy,2,82,49,2,9,c Eathan Bosch b Nqobani Mokoena,False,False
136530,2025-26,2025-11-21 11:30,1,TIT,DOL,SuperSport Park,10209,Klaasen,3,68,24,5,6,not out,False,True
136530,2025-26,2025-11-21 11:30,1,TIT,DOL,SuperSport Park,14798,Donovan Ferreira,4,12,4,1,1,run out (Simelane),False,False
136530,2025-26,2025-11-21 11:30,1,TIT,DOL,SuperSport Park,9581,D Galiem,5,12,7,1,0,not out,False,False
136530,2025-26,2025-11-21 11:30,1,TIT,DOL,SuperSport Park,1450366,Lethabo Phahlamohlaka,6,0,0,0,0,,False,False
136530,2025-26,2025-11-21 11:30,1,TIT,DOL,SuperSport Park,9801,Makhanya,7,0,0,0,0,,False,False
136530,2025-26,2025-11-21 11:30,1,TIT,DOL,SuperSport Park,18523,Duan Jansen,8,0,0,0,0,,False,False
136530,2025-26,2025-11-21 11:30,1,TIT,DOL,SuperSport Park,1669,van der Merwe,9,0,0,0,0,,True,False
136530,2025-26,2025-11-21 11:30,1,TIT,DOL,SuperSport Park,8531,Williams,10,0,0,0,0,,False,False
136530,2025-26,2025-11-21 11:30,1,TIT,DOL,SuperSport Park,10175,Junior Dala,11,0,0,0,0,,False,False
136530,2025-26,2025-11-21 11:30,2,DOL,TIT,SuperSport Park,14586,Bryce Parsons,1,19,15,2,1,c Junior Dala b Duan Jansen,False,False
136530,2025-26,2025-11-21 11:30,2,DOL,TIT,SuperSport Park,9724,Khaya Zondo,2,12,5,3,0,b Williams,False,False
136530,2025-26,2025-11-21 11:30,2,DOL,TIT,SuperSport Park,9587,Jason Smith,3,68,19,2,9,not out,False,False
136530,2025-26,2025-11-21 11:30,2,DOL,TIT,SuperSport Park,7668,JJ Smuts,4,0,1,0,0,c Rivaldo Moonsamy b Duan Jansen,True,False
136530,2025-26,2025-11-21 11:30,2,DOL,TIT,SuperSport Park,13098,Eathan Bosch,5,3,3,0,0,not out,False,False
136530,2025-26,2025-11-21 11:30,2,DOL,TIT,SuperSport Park,10687,Tshepang Dithole,6,0,0,0,0,,False,False
136530,2025-26,2025-11-21 11:30,2,DOL,TIT,SuperSport Park,1464650,Gomolemo Phiri,7,0,0,0,0,,False,True
136530,2025-26,2025-11-21 11:30,2,DOL,TIT,SuperSport Park,18687,Andile Simelane,8,0,0,0,0,,False,False
136530,2025-26,2025-11-21 11:30,2,DOL,TIT,SuperSport Park,53408,Nqobani Mokoena,9,0,0,0,0,,False,False
136530,2025-26,2025-11-21 11:30,2,DOL,TIT,SuperSport Park,50972,Tristan Luus,10,0,0,0,0,,False,False
136530,2025-26,2025-11-21 11:30,2,DOL,TIT,SuperSport Park,11427,Anrich Nortje,11,0,0,0,0,,False,False
136541,2025-26,2025-11-22 11:00,1,BOL,KZNIN,City Oval,20283,Blayde Capell,1,1,4,0,0,b Dupavillon,False,False
136541,2025-26,2025-11-22 11:00,1,BOL,KZNIN,City Oval,14187,Roelofsen,2,29,19,1,2,c Renaldo Meyer b Abrahams,False,False
136541,2025-26,2025-11-22 11:00,1,BOL,KZNIN,City Oval,9580,Fortuin,3,20,11,3,0,c Abrahams b Dupavillon,True,True
136541,2025-26,2025-11-22 11:00,1,BOL,KZNIN,City Oval,1423887,Lehan Botha,4,5,9,0,0,c Ntando Zuma b Bamanye Xenxe,False,False
136541,2025-26,2025-11-22 11:00,1,BOL,KZNIN,City Oval,20297,Briesies,5,22,18,3,0,c Bamanye Xenxe b Renaldo Meyer,False,False
136541,2025-26,2025-11-22 11:00,1,BOL,KZNIN,City Oval,10194,Ferisco Adams,6,51,35,4,3,not out,False,False
136541,2025-26,2025-11-22 11:00,1,BOL,KZNIN,City Oval,12592,Keith Dudgeon,7,20,21,1,1,c Parnell b Abrahams,False,False
136541,2025-26,2025-11-22 11:00,1,BOL,KZNIN,City Oval,9489,Gqamane,8,4,5,0,0,not out,False,False
136541,2025-26,2025-11-22 11:00,1,BOL,KZNIN,City Oval,14687,Imran Manack,9,0,0,0,0,,False,False
136541,2025-26,2025-11-22 11:00,1,BOL,KZNIN,City Oval,19058,Mahima,10,0,0,0,0,,False,False
136541,2025-26,2025-11-22 11:00,1,BOL,KZNIN,City Oval,14516,Glenton Stuurman,11,0,0,0,0,,False,False
136541,2025-26,2025-11-22 11:00,2,KZNIN,BOL,City Oval,9822,Malcolm Nofal,1,3,10,0,0,lbw b Keith Dudgeon,False,False
136541,2025-26,2025-11-22 11:00,2,KZNIN,BOL,City Oval,1431075,Chad Laycock,2,3,6,0,0,b Glenton Stuurman,False,False
136541,2025-26,2025-11-22 11:00,2,KZNIN,BOL,City Oval,24041,Slade van Staden,3,15,11,3,0,b Keith Dudgeon,False,False
136541,2025-26,2025-11-22 11:00,2,KZNIN,BOL,City Oval,51686,Sean Gilson,4,44,44,2,2,lbw b Ferisco Adams,False,False
136541,2025-26,2025-11-22 11:00,2,KZNIN,BOL,City Oval,13323,Andile Mokgakane,5,7,9,1,0,c Fortuin b Mahima,False,False
136541,2025-26,2025-11-22 11:00,2,KZNIN,BOL,City Oval,53419,Ntando Zuma,6,10,12,0,0,c Ferisco Adams b Imran Manack,False,True
136541,2025-26,2025-11-22 11:00,2,KZNIN,BOL,City Oval,1692,Wayne Parnell,7,0,2,0,0,c Fortuin b Imran Manack,True,False
136541,2025-26,2025-11-22 11:00,2,KZNIN,BOL,City Oval,20417,Bamanye Xenxe,8,23,14,2,1,not out,False,False
136541,2025-26,2025-11-22 11:00,2,KZNIN,BOL,City Oval,10079,Daryn Dupavillon,9,4,7,0,0,b Glenton Stuurman,False,False
136541,2025-26,2025-11-22 11:00,2,KZNIN,BOL,City Oval,20287,Renaldo Meyer,10,2,4,0,0,b Glenton Stuurman,False,False
136541,2025-26,2025-11-22 11:00,2,KZNIN,BOL,City Oval,11204,Ziyaad Abrahams,11,0,1,0,0,b Glenton Stuurman,False,False
136544,2025-26,2025-11-23 11:00,1,LIONS,DOL,Kingsmead,9554,van der Dussen,1,94,56,4,6,not out,False,False
136544,2025-26,2025-11-23 11:00,1,LIONS,DOL,Kingsmead,9491,Reeza Hendricks,2,58,40,3,4,c Aryan Gopalan b Smuts,False,False
136544,2025-26,2025-11-23 11:00,1,LIONS,DOL,Kingsmead,24622,Connor Esterhuizen,3,38,24,1,3,c Eathan Bosch b Simelane,False,False
136544,2025-26,2025-11-23 11:00,1,LIONS,DOL,Kingsmead,20308,Evan Jones,4,0,0,0,0,,False,False
136544,2025-26,2025-11-23 11:00,1,LIONS,DOL,Kingsmead,31958,Richard Seletswane,5,0,0,0,0,,False,False
136544,2025-26,2025-11-23 11:00,1,LIONS,DOL,Kingsmead,19057,Van Buuren,6,0,0,0,0,,True,False
136544,2025-26,2025-11-23 11:00,1,LIONS,DOL,Kingsmead,11205,Wandile Makwetu,7,0,0,0,0,,False,True
136544,2025-26,2025-11-23 11:00,1,LIONS,DOL,Kingsmead,16433,Beyers Swanepoel,8,0,0,0,0,,False,False
136544,2025-26,2025-11-23 11:00,1,LIONS,DOL,Kingsmead,14587,Siya Plaatjie,9,0,0,0,0,,False,False
136544,2025-26,2025-11-23 11:00,1,LIONS,DOL,Kingsmead,1465473,Zakwan Patel,10,0,0,0,0,,False,False
136544,2025-26,2025-11-23 11:00,1,LIONS,DOL,Kingsmead,1464307,Rafeeq Patel,11,0,0,0,0,,False,False
136544,2025-26,2025-11-23 11:00,2,DOL,LIONS,Kingsmead,14586,Bryce Parsons,1,21,22,1,1,st Wandile Makwetu b Zakwan Patel,False,False
136544,2025-26,2025-11-23 11:00,2,DOL,LIONS,Kingsmead,9724,Khaya Zondo,2,21,16,3,1,b Beyers Swanepoel,False,False
136544,2025-26,2025-11-23 11:00,2,DOL,LIONS,Kingsmead,9587,Jason Smith,3,23,16,2,1,c and b Rafeeq Patel,False,False
136544,2025-26,2025-11-23 11:00,2,DOL,LIONS,Kingsmead,12188,Marques Ackerman,4,49,28,4,2,c Beyers Swanepoel b Evan Jones,False,False
136544,2025-26,2025-11-23 11:00,2,DOL,LIONS,Kingsmead,7668,JJ Smuts,5,17,12,3,0,c Beyers Swanepoel b Zakwan Patel,True,False
136544,2025-26,2025-11-23 11:00,2,DOL,LIONS,Kingsmead,1464650,Gomolemo Phiri,6,19,12,0,2,c Zakwan Patel b Rafeeq Patel,False,True
136544,2025-26,2025-11-23 11:00,2,DOL,LIONS,Kingsmead,13098,Eathan Bosch,7,13,6,2,0,run out (Van Buuren/Evan Jones),False,False
136544,2025-26,2025-11-23 11:00,2,DOL,LIONS,Kingsmead,18687,Andile Simelane,8,0,1,0,0,c Van Buuren b Evan Jones,False,False
136544,2025-26,2025-11-23 11:00,2,DOL,LIONS,Kingsmead,1463617,Aryan Gopalan,9,12,4,1,1,not out,False,False
136544,2025-26,2025-11-23 11:00,2,DOL,LIONS,Kingsmead,11427,Anrich Nortje,10,6,1,0,1,not out,False,False
136544,2025-26,2025-11-23 11:00,2,DOL,LIONS,Kingsmead,1450305,Zeden Mahomed,11,0,0,0,0,,False,False
136555,2025-26,2025-11-25 16:00,1,BOL,WAR,Boland Park,9580,Fortuin,1,21,9,5,0,run out (Mungroo),True,True
136555,2025-26,2025-11-25 16:00,1,BOL,WAR,Boland Park,14187,Roelofsen,2,28,23,2,1,b Thomas Kaber,False,False
136555,2025-26,2025-11-25 16:00,1,BOL,WAR,Boland Park,22051,Kaplan,3,53,46,2,1,not out,False,False
136555,2025-26,2025-11-25 16:00,1,BOL,WAR,Boland Park,1423887,Lehan Botha,4,18,16,2,0,c Christopher King b Aphiwe Mnyanda,False,False
136555,2025-26,2025-11-25 16:00,1,BOL,WAR,Boland Park,20297,Briesies,5,44,26,4,1,not out,False,False
136555,2025-26,2025-11-25 16:00,1,BOL,WAR,Boland Park,10194,Ferisco Adams,6,0,0,0,0,,False,False
136555,2025-26,2025-11-25 16:00,1,BOL,WAR,Boland Park,9489,Gqamane,7,0,0,0,0,,False,False
136555,2025-26,2025-11-25 16:00,1,BOL,WAR,Boland Park,12592,Keith Dudgeon,8,0,0,0,0,,False,False
136555,2025-26,2025-11-25 16:00,1,BOL,WAR,Boland Park,14687,Imran Manack,9,0,0,0,0,,False,False
136555,2025-26,2025-11-25 16:00,1,BOL,WAR,Boland Park,14516,Glenton Stuurman,10,0,0,0,0,,False,False
136555,2025-26,2025-11-25 16:00,1,BOL,WAR,Boland Park,19058,Mahima,11,0,0,0,0,,False,False
136555,2025-26,2025-11-25 16:00,2,WAR,BOL,Boland Park,33183,Muhammad Manack,1,1,2,0,0,b Imran Manack,False,False
136555,2025-26,2025-11-25 16:00,2,WAR,BOL,Boland Park,21386,Jordan Hermann,2,0,1,0,0,lbw b Glenton Stuurman,False,False
136555,2025-26,2025-11-25 16:00,2,WAR,BOL,Boland Park,1431305,Matthew De Villiers,3,96,64,8,3,not out,True,False
136555,2025-26,2025-11-25 16:00,2,WAR,BOL,Boland Park,41704,JP King,4,0,1,0,0,lbw b Imran Manack,False,False
136555,2025-26,2025-11-25 16:00,2,WAR,BOL,Boland Park,13667,Sinethemba Qeshile,5,30,30,0,1,c Briesies b Gqamane,False,True
136555,2025-26,2025-11-25 16:00,2,WAR,BOL,Boland Park,11902,Patrick Kruger,6,23,14,0,2,c Roelofsen b Imran Manack,False,False
136555,2025-26,2025-11-25 16:00,2,WAR,BOL,Boland Park,1431435,Christopher King,7,10,7,1,0,c Kaplan b Ferisco Adams,False,False
136555,2025-26,2025-11-25 16:00,2,WAR,BOL,Boland Park,13068,Thomas Kaber,8,4,1,1,0,not out,False,False
136555,2025-26,2025-11-25 16:00,2,WAR,BOL,Boland Park,53454,Wesley Bedja,9,0,0,0,0,,False,False
136555,2025-26,2025-11-25 16:00,2,WAR,BOL,Boland Park,20578,Aphiwe Mnyanda,10,0,0,0,0,,False,False
136555,2025-26,2025-11-25 16:00,2,WAR,BOL,Boland Park,13150,Kerwin Mungroo,11,0,0,0,0,,False,False
136566,2025-26,2025-11-26 11:00,1,DOL,WPR,Kingsmead,14586,Bryce Parsons,1,1,3,0,0,lbw b George Linde,False,False
136566,2025-26,2025-11-26 11:00,1,DOL,WPR,Kingsmead,9724,Zondo,2,5,15,0,0,c Josh Breed b George Linde,False,False
136566,2025-26,2025-11-26 11:00,1,DOL,WPR,Kingsmead,9587,J Smith,3,58,41,7,2,lbw b Josh Breed,False,False
136566,2025-26,2025-11-26 11:00,1,DOL,WPR,Kingsmead,12188,MJ Ackerman,4,17,21,1,0,b Mbulelo Dube,True,False
136566,2025-26,2025-11-26 11:00,1,DOL,WPR,Kingsmead,10687,Dithole,5,39,27,5,0,c Joshua van Heerden b Tshepo Moreki,False,False
136566,2025-26,2025-11-26 11:00,1,DOL,WPR,Kingsmead,1464650,Gomolemo Phiri,6,1,4,0,0,c Daniel Smith b Tshepo Moreki,False,True
136566,2025-26,2025-11-26 11:00,1,DOL,WPR,Kingsmead,13098,Eathan Bosch,7,9,5,0,1,run out (Raeeq Daniels/Daniel Smith),False,False
136566,2025-26,2025-11-26 11:00,1,DOL,WPR,Kingsmead,18687,Simelane,8,5,2,1,0,run out (George Linde/Daniel Smith),False,False
136566,2025-26,2025-11-26 11:00,1,DOL,WPR,Kingsmead,50972,Tristan Luus,9,3,2,0,0,not out,False,False
136566,2025-26,2025-11-26 11:00,1,DOL,WPR,Kingsmead,1463617,Aryan Gopalan,10,0,0,0,0,,False,False
136566,2025-26,2025-11-26 11:00,1,DOL,WPR,Kingsmead,11427,Nortje,11,0,0,0,0,,False,False
136566,2025-26,2025-11-26 11:00,2,WPR,DOL,Kingsmead,13101,Jiveshan Pillay,1,0,6,0,0,c Simelane b Eathan Bosch,False,False
136566,2025-26,2025-11-26 11:00,2,WPR,DOL,Kingsmead,50976,Sello Valentine Kitime,2,11,7,1,1,c Aryan Gopalan b Eathan Bosch,False,False
136566,2025-26,2025-11-26 11:00,2,WPR,DOL,Kingsmead,20437,Joshua van Heerden,3,44,41,3,1,c Nortje b Simelane,False,False
136566,2025-26,2025-11-26 11:00,2,WPR,DOL,Kingsmead,20267,Daniel Smith,4,0,4,0,0,c and b Eathan Bosch,True,True
136566,2025-26,2025-11-26 11:00,2,WPR,DOL,Kingsmead,10187,George Linde,5,1,5,0,0,c Bryce Parsons b Eathan Bosch,False,False
136566,2025-26,2025-11-26 11:00,2,WPR,DOL,Kingsmead,12223,Kyle Simmonds,6,16,10,2,1,b Tristan Luus,False,False
136566,2025-26,2025-11-26 11:00,2,WPR,DOL,Kingsmead,1451224,Josh Breed,7,29,33,3,0,c Gomolemo Phiri b Aryan Gopalan,False,False
136566,2025-26,2025-11-26 11:00,2,WPR,DOL,Kingsmead,31979,Abdullah Bayoumy,8,11,9,0,1,b Nortje,False,False
136566,2025-26,2025-11-26 11:00,2,WPR,DOL,Kingsmead,55284,Raeeq Daniels,9,1,1,0,0,not out,False,False
136566,2025-26,2025-11-26 11:00,2,WPR,DOL,Kingsmead,10679,Tshepo Moreki,10,0,2,0,0,b Nortje,False,False
136566,2025-26,2025-11-26 11:00,2,WPR,DOL,Kingsmead,1464101,Mbulelo Dube,11,0,3,0,0,not out,False,False
136588,2025-26,2025-11-30 11:00,1,BOL,WAR,Boland Park,9580,Fortuin,1,11,9,2,0,b Senuran Muthusamy,True,True
136588,2025-26,2025-11-30 11:00,1,BOL,WAR,Boland Park,14187,Roelofsen,2,28,19,4,1,c Thomas Kaber b Senuran Muthusamy,False,False
136588,2025-26,2025-11-30 11:00,1,BOL,WAR,Boland Park,22051,Kaplan,3,6,8,0,0,c Qeshile b Thomas Kaber,False,False
136588,2025-26,2025-11-30 11:00,1,BOL,WAR,Boland Park,1423887,Lehan Botha,4,51,45,5,1,c (sub)Muhammad Manack b Wesley Bedja,False,False
136588,2025-26,2025-11-30 11:00,1,BOL,WAR,Boland Park,20297,Briesies,5,7,12,0,0,c Patrick Kruger b Mungroo,False,False
136588,2025-26,2025-11-30 11:00,1,BOL,WAR,Boland Park,10194,Ferisco Adams,6,32,24,1,2,b Wesley Bedja,False,False
136588,2025-26,2025-11-30 11:00,1,BOL,WAR,Boland Park,1464213,Gysbert Wege,7,3,2,0,0,not out,False,False
136588,2025-26,2025-11-30 11:00,1,BOL,WAR,Boland Park,9489,Gqamane,8,0,1,0,0,not out,False,False
136588,2025-26,2025-11-30 11:00,1,BOL,WAR,Boland Park,14687,Imran Manack,9,0,0,0,0,,False,False
136588,2025-26,2025-11-30 11:00,1,BOL,WAR,Boland Park,14516,Glenton Stuurman,10,0,0,0,0,,False,False
136588,2025-26,2025-11-30 11:00,1,BOL,WAR,Boland Park,19058,Mahima,11,0,0,0,0,,False,False
136588,2025-26,2025-11-30 11:00,2,WAR,BOL,Boland Park,21386,Jordan Hermann,1,74,53,9,2,lbw b Mahima,False,False
136588,2025-26,2025-11-30 11:00,2,WAR,BOL,Boland Park,11902,Patrick Kruger,2,11,13,1,0,b Mahima,False,False
136588,2025-26,2025-11-30 11:00,2,WAR,BOL,Boland Park,1431305,Matthew De Villiers,3,0,1,0,0,b Mahima,True,False
136588,2025-26,2025-11-30 11:00,2,WAR,BOL,Boland Park,19243,Tristan Stubbs,4,37,32,1,1,run out (Fortuin),False,False
136588,2025-26,2025-11-30 11:00,2,WAR,BOL,Boland Park,11432,Senuran Muthusamy,5,19,18,2,0,b Gqamane,False,False
136588,2025-26,2025-11-30 11:00,2,WAR,BOL,Boland Park,41704,JP King,6,0,3,0,0,not out,False,False
136588,2025-26,2025-11-30 11:00,2,WAR,BOL,Boland Park,13667,Sinethemba Qeshile,7,0,0,0,0,,False,True
136588,2025-26,2025-11-30 11:00,2,WAR,BOL,Boland Park,13068,Thomas Kaber,8,0,0,0,0,,False,False
136588,2025-26,2025-11-30 11:00,2,WAR,BOL,Boland Park,53454,Wesley Bedja,9,0,0,0,0,,False,False
136588,2025-26,2025-11-30 11:00,2,WAR,BOL,Boland Park,20578,Aphiwe Mnyanda,10,0,0,0,0,,False,False
136588,2025-26,2025-11-30 11:00,2,WAR,BOL,Boland Park,13150,Kerwin Mungroo,11,0,0,0,0,,False,False
136037,2025-26,2025-10-24 11:00,1,KNG,NCAPE,Diamond Oval,14552,Snyman,1,5,4,1,0,c Ronan Hermann b Benjamin Van Rensburg,False,False
136037,2025-26,2025-10-24 11:00,1,KNG,NCAPE,Diamond Oval,8517,Gihahn Cloete,2,3,5,0,0,lbw b Ntuli,False,True
136037,2025-26,2025-10-24 11:00,1,KNG,NCAPE,Diamond Oval,2244,Rossouw,3,97,46,8,8,c J van Rooyen b Motlhoaring,False,False
136037,2025-26,2025-10-24 11:00,1,KNG,NCAPE,Diamond Oval,1431467,Cole Abrahams,4,54,40,3,3,c Motlhoaring b Benjamin Van Rensburg,False,False
136037,2025-26,2025-10-24 11:00,1,KNG,NCAPE,Diamond Oval,10197,Patrick Botha,5,17,16,1,0,not out,False,False
136037,2025-26,2025-10-24 11:00,1,KNG,NCAPE,Diamond Oval,19238,Haasbroek,6,30,9,3,3,not out,False,False
136037,2025-26,2025-10-24 11:00,1,KNG,NCAPE,Diamond Oval,10172,Magala,7,0,0,0,0,,False,False
136037,2025-26,2025-10-24 11:00,1,KNG,NCAPE,Diamond Oval,20317,Johan van Dyk,8,0,0,0,0,,False,False
136037,2025-26,2025-10-24 11:00,1,KNG,NCAPE,Diamond Oval,9530,Piedt,9,0,0,0,0,,True,False
136037,2025-26,2025-10-24 11:00,1,KNG,NCAPE,Diamond Oval,9708,Siboto,10,0,0,0,0,,False,False
136037,2025-26,2025-10-24 11:00,1,KNG,NCAPE,Diamond Oval,24574,Mbongiseni Mhlanga,11,0,0,0,0,,False,False
136037,2025-26,2025-10-24 11:00,2,NCAPE,KNG,Diamond Oval,16821,Garnett Tarr,1,48,30,7,2,c Johan van Dyk b Siboto,False,True
136037,2025-26,2025-10-24 11:00,2,NCAPE,KNG,Diamond Oval,1463927,Liam Doherty,2,4,6,0,0,b Johan van Dyk,False,False
136037,2025-26,2025-10-24 11:00,2,NCAPE,KNG,Diamond Oval,24066,Ronan Hermann,3,7,8,0,0,c Mbongiseni Mhlanga b Magala,True,False
136037,2025-26,2025-10-24 11:00,2,NCAPE,KNG,Diamond Oval,1451053,Abel Mokwena,4,6,14,0,0,c Rossouw b Mbongiseni Mhlanga,False,False
136037,2025-26,2025-10-24 11:00,2,NCAPE,KNG,Diamond Oval,1463916,Ruan Van Rooyen,5,17,15,0,2,c Mbongiseni Mhlanga b Rossouw,False,False
136037,2025-26,2025-10-24 11:00,2,NCAPE,KNG,Diamond Oval,14589,Nonelela Yikha,6,6,8,0,0,c Mbongiseni Mhlanga b Rossouw,False,False
136037,2025-26,2025-10-24 11:00,2,NCAPE,KNG,Diamond Oval,20322,Benjamin Van Rensburg,7,9,10,0,0,c Magala b Snyman,False,False
136037,2025-26,2025-10-24 11:00,2,NCAPE,KNG,Diamond Oval,1423883,Ethan Frosler,8,1,2,0,0,b Snyman,False,False
136037,2025-26,2025-10-24 11:00,2,NCAPE,KNG,Diamond Oval,10798,Tshepo Ntuli,9,9,9,1,0,c Gihahn Cloete b Magala,False,False
136037,2025-26,2025-10-24 11:00,2,NCAPE,KNG,Diamond Oval,20312,Orapeleng Motlhoaring,10,2,4,0,0,c Piedt b Johan van Dyk,False,False
136037,2025-26,2025-10-24 11:00,2,NCAPE,KNG,Diamond Oval,15921,Odirile Modimokoane,11,4,7,0,0,not out,False,False
136040,2025-26,2025-10-25 11:00,1,LIMPO,SWD,Polokwane Cricket Club,20412,Liam Peters,1,45,35,8,0,c Liyabona Malife b Kyle Jacobs,True,False
136040,2025-26,2025-10-25 11:00,1,LIMPO,SWD,Polokwane Cricket Club,14315,Sizwe Masondo,2,43,38,6,0,lbw b Liam Alder,False,True
136040,2025-26,2025-10-25 11:00,1,LIMPO,SWD,Polokwane Cricket Club,20458,Ludwig Kaestner,3,35,25,3,0,c Liam Alder b Banele Cele,False,False
136040,2025-26,2025-10-25 11:00,1,LIMPO,SWD,Polokwane Cricket Club,24071,Klijnhans,4,8,11,0,0,c G Van Heerden b Liyabona Malife,False,False
136040,2025-26,2025-10-25 11:00,1,LIMPO,SWD,Polokwane Cricket Club,24645,Shelton Ngobeni,5,18,10,1,1,not out,False,False
136040,2025-26,2025-10-25 11:00,1,LIMPO,SWD,Polokwane Cricket Club,1463980,Richard Williams,6,3,3,0,0,not out,False,False
136040,2025-26,2025-10-25 11:00,1,LIMPO,SWD,Polokwane Cricket Club,24629,Atwell Mokgoloboto,7,0,0,0,0,,False,False
136040,2025-26,2025-10-25 11:00,1,LIMPO,SWD,Polokwane Cricket Club,1463082,Matthew Hollard,8,0,0,0,0,,False,False
136040,2025-26,2025-10-25 11:00,1,LIMPO,SWD,Polokwane Cricket Club,20497,Don Radebe,9,0,0,0,0,,False,False
136040,2025-26,2025-10-25 11:00,1,LIMPO,SWD,Polokwane Cricket Club,33204,Maphekgola Pootona,10,0,0,0,0,,False,False
136040,2025-26,2025-10-25 11:00,1,LIMPO,SWD,Polokwane Cricket Club,51046,Irvin Modimokoane,11,0,0,0,0,,False,False
136040,2025-26,2025-10-25 11:00,2,SWD,LIMPO,Polokwane Cricket Club,14588,Ruan Terblanche,1,7,5,0,1,b Maphekgola Pootona,False,False
136040,2025-26,2025-10-25 11:00,2,SWD,LIMPO,Polokwane Cricket Club,9575,Yaseen Valli,2,26,18,5,0,lbw b Matthew Hollard,False,False
136040,2025-26,2025-10-25 11:00,2,SWD,LIMPO,Polokwane Cricket Club,20293,Heath Richards,3,67,55,6,3,not out,False,False
136040,2025-26,2025-10-25 11:00,2,SWD,LIMPO,Polokwane Cricket Club,20546,George Van Heerden,4,52,35,6,0,not out,True,False
136040,2025-26,2025-10-25 11:00,2,SWD,LIMPO,Polokwane Cricket Club,55620,Nathan Engelbrecht,5,0,0,0,0,,False,True
136040,2025-26,2025-10-25 11:00,2,SWD,LIMPO,Polokwane Cricket Club,20448,Kyle Jacobs,6,0,0,0,0,,False,False
136040,2025-26,2025-10-25 11:00,2,SWD,LIMPO,Polokwane Cricket Club,20566,Liam Alder,7,0,0,0,0,,False,False
136040,2025-26,2025-10-25 11:00,2,SWD,LIMPO,Polokwane Cricket Club,1431313,Banele Cele,8,0,0,0,0,,False,False
136040,2025-26,2025-10-25 11:00,2,SWD,LIMPO,Polokwane Cricket Club,1431291,Zack Momberg,9,0,0,0,0,,False,False
136040,2025-26,2025-10-25 11:00,2,SWD,LIMPO,Polokwane Cricket Club,50808,Liyabona Malife,10,0,0,0,0,,False,False
136040,2025-26,2025-10-25 11:00,2,SWD,LIMPO,Polokwane Cricket Club,15919,Mondli Khumalo,11,0,0,0,0,,False,False
136062,2025-26,2025-10-29 11:00,1,SWD,BOR,Recreation Ground,14588,Ruan Terblanche,1,57,33,5,2,b Alindile Mhletywa,False,False
136062,2025-26,2025-10-29 11:00,1,SWD,BOR,Recreation Ground,9575,Yaseen Valli,2,20,20,2,0,c Mncedisi Malika b Alindile Mhletywa,False,False
136062,2025-26,2025-10-29 11:00,1,SWD,BOR,Recreation Ground,20293,Heath Richards,3,10,9,2,0,b Jan Hardus Coetzer,False,False
136062,2025-26,2025-10-29 11:00,1,SWD,BOR,Recreation Ground,20546,G Van Heerden,4,0,1,0,0,lbw b Jan Hardus Coetzer,True,False
136062,2025-26,2025-10-29 11:00,1,SWD,BOR,Recreation Ground,55620,Nathan Engelbrecht,5,26,27,3,0,run out (Jason Niemand),False,True
136062,2025-26,2025-10-29 11:00,1,SWD,BOR,Recreation Ground,20448,Kyle Jacobs,6,19,18,2,0,b Kgaudisa Molefe,False,False
136062,2025-26,2025-10-29 11:00,1,SWD,BOR,Recreation Ground,20566,Liam Alder,7,21,12,1,1,not out,False,False
136062,2025-26,2025-10-29 11:00,1,SWD,BOR,Recreation Ground,1431313,Banele Cele,8,0,0,0,0,,False,False
136062,2025-26,2025-10-29 11:00,1,SWD,BOR,Recreation Ground,1431291,Zack Momberg,9,0,0,0,0,,False,False
136062,2025-26,2025-10-29 11:00,1,SWD,BOR,Recreation Ground,50808,Liyabona Malife,10,0,0,0,0,,False,False
136062,2025-26,2025-10-29 11:00,1,SWD,BOR,Recreation Ground,15919,Mondli Khumalo,11,0,0,0,0,,False,False
136062,2025-26,2025-10-29 11:00,2,BOR,SWD,Recreation Ground,23936,Nathan Roux,1,22,15,3,0,b Zack Momberg,False,False
136062,2025-26,2025-10-29 11:00,2,BOR,SWD,Recreation Ground,20418,Jerome Bossr,2,53,32,4,5,b Kyle Jacobs,True,False
136062,2025-26,2025-10-29 11:00,2,BOR,SWD,Recreation Ground,1464015,Christiaan du Toit,3,2,3,0,0,c Yaseen Valli b Liam Alder,False,False
136062,2025-26,2025-10-29 11:00,2,BOR,SWD,Recreation Ground,13319,Jason Niemand,4,49,34,3,3,not out,False,False
136062,2025-26,2025-10-29 11:00,2,BOR,SWD,Recreation Ground,13514,Mncedisi Malika,5,16,12,2,0,c Liyabona Malife b Liam Alder,False,True
136062,2025-26,2025-10-29 11:00,2,BOR,SWD,Recreation Ground,15123,Michael Copeland,6,10,11,0,0,not out,False,False
136062,2025-26,2025-10-29 11:00,2,BOR,SWD,Recreation Ground,20551,Jan Hardus Coetzer,7,0,0,0,0,,False,False
136062,2025-26,2025-10-29 11:00,2,BOR,SWD,Recreation Ground,22061,Alindile Mhletywa,8,0,0,0,0,,False,False
136062,2025-26,2025-10-29 11:00,2,BOR,SWD,Recreation Ground,13324,Thando Ntini,9,0,0,0,0,,False,False
136062,2025-26,2025-10-29 11:00,2,BOR,SWD,Recreation Ground,34116,Mathew Fourie,10,0,0,0,0,,False,False
136062,2025-26,2025-10-29 11:00,2,BOR,SWD,Recreation Ground,13394,Kgaudisa Molefe,11,0,0,0,0,,False,False
136073,2025-26,2025-10-29 11:00,1,KNG,LIMPO,Mangaung Oval,8517,Gihahn Cloete,1,66,36,13,1,c Irvin Modimokoane b Atwell Mokgoloboto,False,True
136073,2025-26,2025-10-29 11:00,1,KNG,LIMPO,Mangaung Oval,14552,Snyman,2,16,24,1,0,lbw b Irvin Modimokoane,False,False
136073,2025-26,2025-10-29 11:00,1,KNG,LIMPO,Mangaung Oval,2244,Rossouw,3,83,36,1,9,not out,False,False
136073,2025-26,2025-10-29 11:00,1,KNG,LIMPO,Mangaung Oval,1431467,Cole Abrahams,4,18,14,1,1,lbw b Ludwig Kaestner,False,False
136073,2025-26,2025-10-29 11:00,1,KNG,LIMPO,Mangaung Oval,19238,Haasbroek,5,4,4,0,0,c Atwell Mokgoloboto b Irvin Modimokoane,False,False
136073,2025-26,2025-10-29 11:00,1,KNG,LIMPO,Mangaung Oval,1464059,Ross Boast,6,4,8,0,0,not out,False,False
136073,2025-26,2025-10-29 11:00,1,KNG,LIMPO,Mangaung Oval,20317,Johan van Dyk,7,0,0,0,0,,False,False
136073,2025-26,2025-10-29 11:00,1,KNG,LIMPO,Mangaung Oval,9530,Piedt,8,0,0,0,0,,True,False
136073,2025-26,2025-10-29 11:00,1,KNG,LIMPO,Mangaung Oval,9708,Siboto,9,0,0,0,0,,False,False
136073,2025-26,2025-10-29 11:00,1,KNG,LIMPO,Mangaung Oval,13523,S Langa,10,0,0,0,0,,False,False
136073,2025-26,2025-10-29 11:00,1,KNG,LIMPO,Mangaung Oval,24574,Mbongiseni Mhlanga,11,0,0,0,0,,False,False
136073,2025-26,2025-10-29 11:00,2,LIMPO,KNG,Mangaung Oval,20412,Liam Peters,1,0,1,0,0,b Johan van Dyk,True,False
136073,2025-26,2025-10-29 11:00,2,LIMPO,KNG,Mangaung Oval,14315,Sizwe Masondo,2,12,4,3,0,b Johan van Dyk,False,True
136073,2025-26,2025-10-29 11:00,2,LIMPO,KNG,Mangaung Oval,20458,Ludwig Kaestner,3,13,13,1,0,lbw b Siboto,False,False
136073,2025-26,2025-10-29 11:00,2,LIMPO,KNG,Mangaung Oval,24071,Christoffel Klijnhans,4,30,21,2,1,lbw b Piedt,False,False
136073,2025-26,2025-10-29 11:00,2,LIMPO,KNG,Mangaung Oval,24629,Atwell Mokgoloboto,5,10,19,0,0,c Cole Abrahams b Ross Boast,False,False
136073,2025-26,2025-10-29 11:00,2,LIMPO,KNG,Mangaung Oval,24645,Shelton Ngobeni,6,1,5,0,0,c and b Ross Boast,False,False
136073,2025-26,2025-10-29 11:00,2,LIMPO,KNG,Mangaung Oval,50997,Emmanuel Motswiri,7,2,5,0,0,lbw b Piedt,False,False
136073,2025-26,2025-10-29 11:00,2,LIMPO,KNG,Mangaung Oval,51046,Irvin Modimokoane,8,6,8,0,0,b Ross Boast,False,False
136073,2025-26,2025-10-29 11:00,2,LIMPO,KNG,Mangaung Oval,1463082,Matthew Hollard,9,9,5,0,1,b Ross Boast,False,False
136073,2025-26,2025-10-29 11:00,2,LIMPO,KNG,Mangaung Oval,1451017,Thabo Mosefowa,10,2,6,0,0,b Ross Boast,False,False
136073,2025-26,2025-10-29 11:00,2,LIMPO,KNG,Mangaung Oval,33204,Maphekgola Pootona,11,1,2,0,0,not out,False,False
136093,2025-26,2025-11-01 11:00,1,MPR,ESTORM,"Uplands College, White River",1431603,Zakir Kathrada,1,37,27,3,2,lbw b Ernest Kemm,False,True
136093,2025-26,2025-11-01 11:00,1,MPR,ESTORM,"Uplands College, White River",21721,Musawenkosi Twala,2,2,3,0,0,c Brayden Hicks b Amaan Khan,False,False
136093,2025-26,2025-11-01 11:00,1,MPR,ESTORM,"Uplands College, White River",21396,Muhammed Mayet,3,1,9,0,0,c Christopher Britz b Amaan Khan,True,False
136093,2025-26,2025-11-01 11:00,1,MPR,ESTORM,"Uplands College, White River",23916,Benjamin van Niekerk,4,17,25,1,0,c Kabelo Sekhukhune b Amaan Khan,False,False
136093,2025-26,2025-11-01 11:00,1,MPR,ESTORM,"Uplands College, White River",13325,Hermann Rolfes,5,31,26,1,2,c Thomson b Amaan Khan,False,False
136093,2025-26,2025-11-01 11:00,1,MPR,ESTORM,"Uplands College, White River",10797,Swanepoel,6,19,19,1,0,c Christopher Britz b Shaveer Khan,False,False
136093,2025-26,2025-11-01 11:00,1,MPR,ESTORM,"Uplands College, White River",1463716,Bryn Brokensha,7,2,5,0,0,b Andrew Rasemene,False,False
136093,2025-26,2025-11-01 11:00,1,MPR,ESTORM,"Uplands College, White River",20392,Hinrichsen,8,2,4,0,0,not out,False,False
136093,2025-26,2025-11-01 11:00,1,MPR,ESTORM,"Uplands College, White River",21393,Karabo Mogotsi,9,2,2,0,0,not out,False,False
136093,2025-26,2025-11-01 11:00,1,MPR,ESTORM,"Uplands College, White River",33113,Tetelo Maphaka,10,0,0,0,0,,False,False
136093,2025-26,2025-11-01 11:00,1,MPR,ESTORM,"Uplands College, White River",1463229,Ricus Kramm,11,0,0,0,0,,False,False
136093,2025-26,2025-11-01 11:00,2,ESTORM,MPR,"Uplands College, White River",14768,Kabelo Sekhukhune,1,2,5,0,0,c Bryn Brokensha b Tetelo Maphaka,False,False
136093,2025-26,2025-11-01 11:00,2,ESTORM,MPR,"Uplands College, White River",20528,Christopher Britz,2,9,15,1,0,lbw b Ricus Kramm,False,False
136093,2025-26,2025-11-01 11:00,2,ESTORM,MPR,"Uplands College, White River",20591,Jurie Snyman,3,5,6,1,0,b Ricus Kramm,False,False
136093,2025-26,2025-11-01 11:00,2,ESTORM,MPR,"Uplands College, White River",41652,Brayden Hicks,4,49,21,4,4,c Hinrichsen b Ricus Kramm,False,True
136093,2025-26,2025-11-01 11:00,2,ESTORM,MPR,"Uplands College, White River",10685,Grant Thomson,5,10,23,0,0,b Bryn Brokensha,True,False
136093,2025-26,2025-11-01 11:00,2,ESTORM,MPR,"Uplands College, White River",20303,Ernest Kemm,6,23,30,1,0,not out,False,False
136093,2025-26,2025-11-01 11:00,2,ESTORM,MPR,"Uplands College, White River",31925,Juan Lubbe,7,1,2,0,0,b Bryn Brokensha,False,False
136093,2025-26,2025-11-01 11:00,2,ESTORM,MPR,"Uplands College, White River",1431059,Shaveer Khan,8,1,6,0,0,c Zakir Kathrada b Bryn Brokensha,False,False
136093,2025-26,2025-11-01 11:00,2,ESTORM,MPR,"Uplands College, White River",24351,Amaan Khan,9,6,4,0,0,c Hermann Rolfes b Bryn Brokensha,False,False
136093,2025-26,2025-11-01 11:00,2,ESTORM,MPR,"Uplands College, White River",18582,Andrew Rasemene,10,3,6,0,0,lbw b Bryn Brokensha,False,False
136093,2025-26,2025-11-01 11:00,2,ESTORM,MPR,"Uplands College, White River",20623,Tumelo Simelane,11,0,2,0,0,run out (Muhammed Mayet),False,False
136092,2025-26,2025-11-01 11:00,1,KNG,BOR,Buffalo Park,14552,Snyman,1,22,18,1,2,lbw b Alindile Mhletywa,False,False
136092,2025-26,2025-11-01 11:00,1,KNG,BOR,Buffalo Park,8517,Gihahn Cloete,2,2,5,0,0,c and b Jan Hardus Coetzer,False,True
136092,2025-26,2025-11-01 11:00,1,KNG,BOR,Buffalo Park,1464296,Ruben du Toit,3,2,5,0,0,c Mncedisi Malika b Thando Ntini,False,False
136092,2025-26,2025-11-01 11:00,1,KNG,BOR,Buffalo Park,1431467,Cole Abrahams,4,31,29,3,0,c Jan Hardus Coetzer b Alindile Mhletywa,False,False
136092,2025-26,2025-11-01 11:00,1,KNG,BOR,Buffalo Park,10197,Patrick Botha,5,0,3,0,0,c Mncedisi Malika b Thozama Totana,False,False
136092,2025-26,2025-11-01 11:00,1,KNG,BOR,Buffalo Park,19238,Haasbroek,6,6,12,0,0,c Kgaudisa Molefe b Thozama Totana,False,False
136092,2025-26,2025-11-01 11:00,1,KNG,BOR,Buffalo Park,1464059,Ross Boast,7,6,7,0,0,c Michael Copeland b Kgaudisa Molefe,False,False
136092,2025-26,2025-11-01 11:00,1,KNG,BOR,Buffalo Park,9530,Piedt,8,26,24,1,0,not out,True,False
136092,2025-26,2025-11-01 11:00,1,KNG,BOR,Buffalo Park,9708,Siboto,9,13,17,0,0,not out,False,False
136092,2025-26,2025-11-01 11:00,1,KNG,BOR,Buffalo Park,13523,S Langa,10,0,0,0,0,,False,False
136092,2025-26,2025-11-01 11:00,1,KNG,BOR,Buffalo Park,24574,Mbongiseni Mhlanga,11,0,0,0,0,,False,False
136092,2025-26,2025-11-01 11:00,2,BOR,KNG,Buffalo Park,23936,Nathan Roux,1,32,26,5,0,c Ruben du Toit b Piedt,True,False
136092,2025-26,2025-11-01 11:00,2,BOR,KNG,Buffalo Park,1464015,Christiaan du Toit,2,12,12,2,0,c Siboto b Ross Boast,False,False
136092,2025-26,2025-11-01 11:00,2,BOR,KNG,Buffalo Park,1464298,Wian Ruthven,3,37,29,4,1,c Patrick Botha b Snyman,False,False
136092,2025-26,2025-11-01 11:00,2,BOR,KNG,Buffalo Park,13319,Jason Niemand,4,0,1,0,0,lbw b Piedt,False,False
136092,2025-26,2025-11-01 11:00,2,BOR,KNG,Buffalo Park,15123,Michael Copeland,5,3,5,0,0,c Patrick Botha b Piedt,False,False
136092,2025-26,2025-11-01 11:00,2,BOR,KNG,Buffalo Park,13514,Mncedisi Malika,6,20,20,3,0,not out,False,True
136092,2025-26,2025-11-01 11:00,2,BOR,KNG,Buffalo Park,20551,Jan Hardus Coetzer,7,1,2,0,0,c Gihahn Cloete b Ross Boast,False,False
136092,2025-26,2025-11-01 11:00,2,BOR,KNG,Buffalo Park,22061,Alindile Mhletywa,8,5,3,1,0,not out,False,False
136092,2025-26,2025-11-01 11:00,2,BOR,KNG,Buffalo Park,13394,Kgaudisa Molefe,9,0,0,0,0,,False,False
136092,2025-26,2025-11-01 11:00,2,BOR,KNG,Buffalo Park,13324,Thando Ntini,10,0,0,0,0,,False,False
136092,2025-26,2025-11-01 11:00,2,BOR,KNG,Buffalo Park,50454,Thozama Totana,11,0,0,0,0,,False,False
136104,2025-26,2025-11-02 11:00,1,SWD,NCAPE,Diamond Oval,14588,Ruan Terblanche,1,31,20,5,1,c Nonelela Yikha b Motlhoaring,False,False
136104,2025-26,2025-11-02 11:00,1,SWD,NCAPE,Diamond Oval,9575,Yaseen Valli,2,29,25,2,2,b Terblanche,False,False
136104,2025-26,2025-11-02 11:00,1,SWD,NCAPE,Diamond Oval,20293,Heath Richards,3,37,31,3,1,b Benjamin Van Rensburg,False,False
136104,2025-26,2025-11-02 11:00,1,SWD,NCAPE,Diamond Oval,20546,G Van Heerden,4,63,41,7,0,not out,True,False
136104,2025-26,2025-11-02 11:00,1,SWD,NCAPE,Diamond Oval,20566,Liam Alder,5,2,2,0,0,c Benjamin Van Rensburg b Terblanche,False,False
136104,2025-26,2025-11-02 11:00,1,SWD,NCAPE,Diamond Oval,1431313,Banele Cele,6,0,1,0,0,not out,False,False
136104,2025-26,2025-11-02 11:00,1,SWD,NCAPE,Diamond Oval,55620,Nathan Engelbrecht,7,0,0,0,0,,False,True
136104,2025-26,2025-11-02 11:00,1,SWD,NCAPE,Diamond Oval,20448,Kyle Jacobs,8,0,0,0,0,,False,False
136104,2025-26,2025-11-02 11:00,1,SWD,NCAPE,Diamond Oval,1431291,Zack Momberg,9,0,0,0,0,,False,False
136104,2025-26,2025-11-02 11:00,1,SWD,NCAPE,Diamond Oval,50808,Liyabona Malife,10,0,0,0,0,,False,False
136104,2025-26,2025-11-02 11:00,1,SWD,NCAPE,Diamond Oval,15919,Mondli Khumalo,11,0,0,0,0,,False,False
136104,2025-26,2025-11-02 11:00,2,NCAPE,SWD,Diamond Oval,16821,Garnett Tarr,1,6,8,1,0,c Kyle Jacobs b Zack Momberg,False,True
136104,2025-26,2025-11-02 11:00,2,NCAPE,SWD,Diamond Oval,1463927,Liam Doherty,2,50,32,7,1,c Heath Richards b Zack Momberg,False,False
136104,2025-26,2025-11-02 11:00,2,NCAPE,SWD,Diamond Oval,24066,Ronan Hermann,3,0,2,0,0,b Liam Alder,True,False
136104,2025-26,2025-11-02 11:00,2,NCAPE,SWD,Diamond Oval,1451053,Abel Mokwena,4,4,10,0,0,lbw b Zack Momberg,False,False
136104,2025-26,2025-11-02 11:00,2,NCAPE,SWD,Diamond Oval,14589,Nonelela Yikha,5,0,0,0,0,run out (Kyle Jacobs),False,False
136104,2025-26,2025-11-02 11:00,2,NCAPE,SWD,Diamond Oval,1463916,Ruan Van Rooyen,6,26,24,1,1,lbw b Mondli Khumalo,False,False
136104,2025-26,2025-11-02 11:00,2,NCAPE,SWD,Diamond Oval,9709,Romano Terblanche,7,26,19,3,0,run out (G Van Heerden),False,False
136104,2025-26,2025-11-02 11:00,2,NCAPE,SWD,Diamond Oval,1423883,Ethan Frosler,8,14,19,0,1,not out,False,False
136104,2025-26,2025-11-02 11:00,2,NCAPE,SWD,Diamond Oval,10798,Tshepo Ntuli,9,3,3,0,0,b Liam Alder,False,False
136104,2025-26,2025-11-02 11:00,2,NCAPE,SWD,Diamond Oval,20322,Benjamin Van Rensburg,10,1,3,0,0,c Liam Alder b Mondli Khumalo,False,False
136104,2025-26,2025-11-02 11:00,2,NCAPE,SWD,Diamond Oval,20312,Orapeleng Motlhoaring,11,0,1,0,0,b Mondli Khumalo,False,False
136115,2025-26,2025-11-03 11:00,1,ESTORM,BOR,Willowmoore Park,14768,Kabelo Sekhukhune,1,23,17,4,0,c Mncedisi Malika b Jan Hardus Coetzer,False,False
136115,2025-26,2025-11-03 11:00,1,ESTORM,BOR,Willowmoore Park,20528,Christopher Britz,2,8,15,1,0,c Jason Niemand b Alindile Mhletywa,False,False
136115,2025-26,2025-11-03 11:00,1,ESTORM,BOR,Willowmoore Park,20591,Jurie Snyman,3,56,39,6,1,c Michael Copeland b Thando Ntini,False,False
136115,2025-26,2025-11-03 11:00,1,ESTORM,BOR,Willowmoore Park,41652,Brayden Hicks,4,1,3,0,0,c Jason Niemand b Thozama Totana,False,True
136115,2025-26,2025-11-03 11:00,1,ESTORM,BOR,Willowmoore Park,10685,Thomson,5,16,23,0,0,run out (Thando Ntini),True,False
136115,2025-26,2025-11-03 11:00,1,ESTORM,BOR,Willowmoore Park,20303,Ernest Kemm,6,0,1,0,0,c Alindile Mhletywa b Thozama Totana,False,False
136115,2025-26,2025-11-03 11:00,1,ESTORM,BOR,Willowmoore Park,53401,Dewan Marais,7,12,13,1,0,c Jan Hardus Coetzer b Alindile Mhletywa,False,False
136115,2025-26,2025-11-03 11:00,1,ESTORM,BOR,Willowmoore Park,24351,Amaan Khan,8,9,7,0,1,run out (Alindile Mhletywa),False,False
136115,2025-26,2025-11-03 11:00,1,ESTORM,BOR,Willowmoore Park,33197,Mekyle Pillay,9,3,2,0,0,not out,False,False
136115,2025-26,2025-11-03 11:00,1,ESTORM,BOR,Willowmoore Park,18582,Andrew Rasemene,10,0,0,0,0,not out,False,False
136115,2025-26,2025-11-03 11:00,1,ESTORM,BOR,Willowmoore Park,20623,Tumelo Simelane,11,0,0,0,0,,False,False
136115,2025-26,2025-11-03 11:00,2,BOR,ESTORM,Willowmoore Park,23936,Nathan Roux,1,23,14,2,2,lbw b Andrew Rasemene,True,False
136115,2025-26,2025-11-03 11:00,2,BOR,ESTORM,Willowmoore Park,1464015,Christiaan du Toit,2,6,2,0,1,c Christopher Britz b Tumelo Simelane,False,False
136115,2025-26,2025-11-03 11:00,2,BOR,ESTORM,Willowmoore Park,1464298,Wian Ruthven,3,40,27,4,2,lbw b Andrew Rasemene,False,False
136115,2025-26,2025-11-03 11:00,2,BOR,ESTORM,Willowmoore Park,13319,Jason Niemand,4,6,9,0,0,c Christopher Britz b Tumelo Simelane,False,False
136115,2025-26,2025-11-03 11:00,2,BOR,ESTORM,Willowmoore Park,13514,Mncedisi Malika,5,0,1,0,0,c Jurie Snyman b Tumelo Simelane,False,True
136115,2025-26,2025-11-03 11:00,2,BOR,ESTORM,Willowmoore Park,15123,Michael Copeland,6,25,27,0,0,not out,False,False
136115,2025-26,2025-11-03 11:00,2,BOR,ESTORM,Willowmoore Park,20551,Jan Hardus Coetzer,7,33,28,3,0,not out,False,False
136115,2025-26,2025-11-03 11:00,2,BOR,ESTORM,Willowmoore Park,22061,Alindile Mhletywa,8,0,0,0,0,,False,False
136115,2025-26,2025-11-03 11:00,2,BOR,ESTORM,Willowmoore Park,13324,Thando Ntini,9,0,0,0,0,,False,False
136115,2025-26,2025-11-03 11:00,2,BOR,ESTORM,Willowmoore Park,50454,Thozama Totana,10,0,0,0,0,,False,False
136115,2025-26,2025-11-03 11:00,2,BOR,ESTORM,Willowmoore Park,13394,Kgaudisa Molefe,11,0,0,0,0,,False,False
136137,2025-26,2025-11-05 11:00,1,MPR,KNG,"Uplands College, White River",1431603,Zakir Kathrada,1,27,14,4,1,c Cole Abrahams b Siboto,False,True
136137,2025-26,2025-11-05 11:00,1,MPR,KNG,"Uplands College, White River",20362,Gareth Dukes,2,47,24,4,4,c Haasbroek b Ruben du Toit,False,False
136137,2025-26,2025-11-05 11:00,1,MPR,KNG,"Uplands College, White River",21396,Muhammed Mayet,3,39,44,1,0,not out,True,False
136137,2025-26,2025-11-05 11:00,1,MPR,KNG,"Uplands College, White River",23916,Benjamin van Niekerk,4,15,12,0,1,c Haasbroek b Mbongiseni Mhlanga,False,False
136137,2025-26,2025-11-05 11:00,1,MPR,KNG,"Uplands College, White River",13325,Hermann Rolfes,5,6,7,0,0,c S Langa b Johan van Dyk,False,False
136137,2025-26,2025-11-05 11:00,1,MPR,KNG,"Uplands College, White River",10797,Swanepoel,6,0,1,0,0,b Johan van Dyk,False,False
136137,2025-26,2025-11-05 11:00,1,MPR,KNG,"Uplands College, White River",21721,Musawenkosi Twala,7,15,14,1,1,c Snyman b Siboto,False,False
136137,2025-26,2025-11-05 11:00,1,MPR,KNG,"Uplands College, White River",1463716,Bryn Brokensha,8,15,4,0,2,not out,False,False
136137,2025-26,2025-11-05 11:00,1,MPR,KNG,"Uplands College, White River",20392,Hinrichsen,9,0,0,0,0,,False,False
136137,2025-26,2025-11-05 11:00,1,MPR,KNG,"Uplands College, White River",33113,Tetelo Maphaka,10,0,0,0,0,,False,False
136137,2025-26,2025-11-05 11:00,1,MPR,KNG,"Uplands College, White River",13099,Smangaliso Nhlebela,11,0,0,0,0,,False,False
136137,2025-26,2025-11-05 11:00,2,KNG,MPR,"Uplands College, White River",14552,Jacques Snyman,1,20,12,3,1,b Gareth Dukes,False,False
136137,2025-26,2025-11-05 11:00,2,KNG,MPR,"Uplands College, White River",8517,Gihahn Cloete,2,0,1,0,0,c Swanepoel b Gareth Dukes,False,True
136137,2025-26,2025-11-05 11:00,2,KNG,MPR,"Uplands College, White River",1464296,Ruben du Toit,3,0,5,0,0,c Hermann Rolfes b Tetelo Maphaka,False,False
136137,2025-26,2025-11-05 11:00,2,KNG,MPR,"Uplands College, White River",1431467,Cole Abrahams,4,57,43,6,0,b Hinrichsen,False,False
136137,2025-26,2025-11-05 11:00,2,KNG,MPR,"Uplands College, White River",1463694,Ruben Maree,5,22,19,1,1,c Musawenkosi Twala b Hinrichsen,False,False
136137,2025-26,2025-11-05 11:00,2,KNG,MPR,"Uplands College, White River",19238,Ruan Haasbroek,6,76,36,4,6,not out,False,False
136137,2025-26,2025-11-05 11:00,2,KNG,MPR,"Uplands College, White River",1451116,Seth Fledermaus,7,1,2,0,0,c Musawenkosi Twala b Hermann Rolfes,False,False
136137,2025-26,2025-11-05 11:00,2,KNG,MPR,"Uplands College, White River",20317,Johannes van Dyk,8,0,1,0,0,not out,False,False
136137,2025-26,2025-11-05 11:00,2,KNG,MPR,"Uplands College, White River",9708,Malusi Siboto,9,0,0,0,0,,True,False
136137,2025-26,2025-11-05 11:00,2,KNG,MPR,"Uplands College, White River",24574,Mbongiseni Mhlanga,10,0,0,0,0,,False,False
136137,2025-26,2025-11-05 11:00,2,KNG,MPR,"Uplands College, White River",13523,Sithembile Langa,11,0,0,0,0,,False,False
136156,2025-26,2025-11-08 11:00,1,LIMPO,BOR,Polokwane Cricket Club,1464629,Tylor Trenoweth,1,60,36,5,4,c Mncedisi Malika b Thozama Totana,False,False
136156,2025-26,2025-11-08 11:00,1,LIMPO,BOR,Polokwane Cricket Club,20412,Liam Peters,2,3,8,0,0,c Jason Niemand b Alindile Mhletywa,True,False
136156,2025-26,2025-11-08 11:00,1,LIMPO,BOR,Polokwane Cricket Club,20458,Ludwig Kaestner,3,25,17,2,2,c Kgaudisa Molefe b Thozama Totana,False,False
136156,2025-26,2025-11-08 11:00,1,LIMPO,BOR,Polokwane Cricket Club,14315,Sizwe Masondo,4,0,1,0,0,c Kgaudisa Molefe b Thozama Totana,False,True
136156,2025-26,2025-11-08 11:00,1,LIMPO,BOR,Polokwane Cricket Club,50997,Emmanuel Motswiri,5,11,11,0,1,b Lihle Sizani,False,False
136156,2025-26,2025-11-08 11:00,1,LIMPO,BOR,Polokwane Cricket Club,24071,Klijnhans,6,27,23,2,1,c Michael Copeland b Alindile Mhletywa,False,False
136156,2025-26,2025-11-08 11:00,1,LIMPO,BOR,Polokwane Cricket Club,24629,Atwell Mokgoloboto,7,25,21,2,1,not out,False,False
136156,2025-26,2025-11-08 11:00,1,LIMPO,BOR,Polokwane Cricket Club,51046,Irvin Modimokoane,8,3,3,0,0,run out (Lihle Sizani),False,False
136156,2025-26,2025-11-08 11:00,1,LIMPO,BOR,Polokwane Cricket Club,1451017,Thabo Mosefowa,9,0,0,0,0,,False,False
136156,2025-26,2025-11-08 11:00,1,LIMPO,BOR,Polokwane Cricket Club,33204,Maphekgola Pootona,10,0,0,0,0,,False,False
136156,2025-26,2025-11-08 11:00,1,LIMPO,BOR,Polokwane Cricket Club,55638,Kyle Landsberg,11,0,0,0,0,,False,False
136156,2025-26,2025-11-08 11:00,2,BOR,LIMPO,Polokwane Cricket Club,23936,Nathan Roux,1,10,12,1,0,b Atwell Mokgoloboto,True,False
136156,2025-26,2025-11-08 11:00,2,BOR,LIMPO,Polokwane Cricket Club,51644,Lihle Sizani,2,17,15,3,0,c Liam Peters b Irvin Modimokoane,False,False
136156,2025-26,2025-11-08 11:00,2,BOR,LIMPO,Polokwane Cricket Club,1464298,Wian Ruthven,3,0,1,0,0,lbw b Irvin Modimokoane,False,False
136156,2025-26,2025-11-08 11:00,2,BOR,LIMPO,Polokwane Cricket Club,13319,Jason Niemand,4,21,16,1,1,c Thabo Mosefowa b Kyle Landsberg,False,False
136156,2025-26,2025-11-08 11:00,2,BOR,LIMPO,Polokwane Cricket Club,15123,Michael Copeland,5,41,29,1,1,run out (Ludwig Kaestner),False,False
136156,2025-26,2025-11-08 11:00,2,BOR,LIMPO,Polokwane Cricket Club,13514,Mncedisi Malika,6,2,4,0,0,run out (Tylor Trenoweth),False,True
136156,2025-26,2025-11-08 11:00,2,BOR,LIMPO,Polokwane Cricket Club,20551,Jan Hardus Coetzer,7,3,6,0,0,b Kyle Landsberg,False,False
136156,2025-26,2025-11-08 11:00,2,BOR,LIMPO,Polokwane Cricket Club,22061,Alindile Mhletywa,8,8,7,0,1,c Tylor Trenoweth b Irvin Modimokoane,False,False
136156,2025-26,2025-11-08 11:00,2,BOR,LIMPO,Polokwane Cricket Club,13324,Thando Ntini,9,0,2,0,0,c Klijnhans b Atwell Mokgoloboto,False,False
136156,2025-26,2025-11-08 11:00,2,BOR,LIMPO,Polokwane Cricket Club,50454,Thozama Totana,10,15,18,2,0,c Atwell Mokgoloboto b Emmanuel Motswiri,False,False
136156,2025-26,2025-11-08 11:00,2,BOR,LIMPO,Polokwane Cricket Club,13394,Kgaudisa Molefe,11,4,7,0,0,not out,False,False
136148,2025-26,2025-11-08 11:00,1,MPR,SWD,Recreation Ground,1431603,Zakir Kathrada,1,22,18,2,1,b Banele Cele,False,True
136148,2025-26,2025-11-08 11:00,1,MPR,SWD,Recreation Ground,20362,Gareth Dukes,2,0,1,0,0,b Liam Alder,False,False
136148,2025-26,2025-11-08 11:00,1,MPR,SWD,Recreation Ground,21396,Muhammed Mayet,3,4,2,1,0,c Banele Cele b Liam Alder,True,False
136148,2025-26,2025-11-08 11:00,1,MPR,SWD,Recreation Ground,23916,Benjamin van Niekerk,4,15,21,0,0,c Ruan Terblanche b Kyle Jacobs,False,False
136148,2025-26,2025-11-08 11:00,1,MPR,SWD,Recreation Ground,13325,Hermann Rolfes,5,42,41,3,1,lbw b Liyabona Malife,False,False
136148,2025-26,2025-11-08 11:00,1,MPR,SWD,Recreation Ground,10797,Swanepoel,6,14,16,1,0,lbw b Mondli Khumalo,False,False
136148,2025-26,2025-11-08 11:00,1,MPR,SWD,Recreation Ground,1463716,Bryn Brokensha,7,8,12,0,0,not out,False,False
136148,2025-26,2025-11-08 11:00,1,MPR,SWD,Recreation Ground,21721,Musawenkosi Twala,8,1,2,0,0,b Liam Alder,False,False
136148,2025-26,2025-11-08 11:00,1,MPR,SWD,Recreation Ground,20392,Hinrichsen,9,14,8,1,1,not out,False,False
136148,2025-26,2025-11-08 11:00,1,MPR,SWD,Recreation Ground,33113,Tetelo Maphaka,10,0,0,0,0,,False,False
136148,2025-26,2025-11-08 11:00,1,MPR,SWD,Recreation Ground,13099,Smangaliso Nhlebela,11,0,0,0,0,,False,False
136148,2025-26,2025-11-08 11:00,2,SWD,MPR,Recreation Ground,9575,Yaseen Valli,1,20,9,3,1,c Benjamin van Niekerk b Gareth Dukes,False,False
136148,2025-26,2025-11-08 11:00,2,SWD,MPR,Recreation Ground,14588,Ruan Terblanche,2,27,28,1,2,c Swanepoel b Smangaliso Nhlebela,False,False
136148,2025-26,2025-11-08 11:00,2,SWD,MPR,Recreation Ground,20293,Heath Richards,3,19,17,1,1,c Musawenkosi Twala b Hermann Rolfes,False,False
136148,2025-26,2025-11-08 11:00,2,SWD,MPR,Recreation Ground,55620,Nathan Engelbrecht,4,28,23,4,0,c and b Swanepoel,False,True
136148,2025-26,2025-11-08 11:00,2,SWD,MPR,Recreation Ground,20546,George Van Heerden,5,12,10,1,0,c Muhammed Mayet b Swanepoel,True,False
136148,2025-26,2025-11-08 11:00,2,SWD,MPR,Recreation Ground,20448,Kyle Jacobs,6,7,7,1,0,not out,False,False
136148,2025-26,2025-11-08 11:00,2,SWD,MPR,Recreation Ground,20566,Liam Alder,7,11,3,1,1,not out,False,False
136148,2025-26,2025-11-08 11:00,2,SWD,MPR,Recreation Ground,1431313,Banele Cele,8,0,0,0,0,,False,False
136148,2025-26,2025-11-08 11:00,2,SWD,MPR,Recreation Ground,1431291,Zack Momberg,9,0,0,0,0,,False,False
136148,2025-26,2025-11-08 11:00,2,SWD,MPR,Recreation Ground,50808,Liyabona Malife,10,0,0,0,0,,False,False
136148,2025-26,2025-11-08 11:00,2,SWD,MPR,Recreation Ground,15919,Mondli Khumalo,11,0,0,0,0,,False,False
136167,2025-26,2025-11-09 11:00,1,KNG,ESTORM,Mangaung Oval,8517,Gihahn Cloete,1,57,38,10,0,not out,False,True
136167,2025-26,2025-11-09 11:00,1,KNG,ESTORM,Mangaung Oval,14552,Snyman,2,43,29,4,0,not out,False,False
136167,2025-26,2025-11-09 11:00,1,KNG,ESTORM,Mangaung Oval,2244,Rossouw,3,0,0,0,0,,False,False
136167,2025-26,2025-11-09 11:00,1,KNG,ESTORM,Mangaung Oval,1431467,Cole Abrahams,4,0,0,0,0,,False,False
136167,2025-26,2025-11-09 11:00,1,KNG,ESTORM,Mangaung Oval,1463694,Ruben Maree,5,0,0,0,0,,False,False
136167,2025-26,2025-11-09 11:00,1,KNG,ESTORM,Mangaung Oval,19238,Haasbroek,6,0,0,0,0,,False,False
136167,2025-26,2025-11-09 11:00,1,KNG,ESTORM,Mangaung Oval,1451116,Seth Fledermaus,7,0,0,0,0,,False,False
136167,2025-26,2025-11-09 11:00,1,KNG,ESTORM,Mangaung Oval,10172,Magala,8,0,0,0,0,,False,False
136167,2025-26,2025-11-09 11:00,1,KNG,ESTORM,Mangaung Oval,20317,Johan van Dyk,9,0,0,0,0,,False,False
136167,2025-26,2025-11-09 11:00,1,KNG,ESTORM,Mangaung Oval,9708,Siboto,10,0,0,0,0,,True,False
136167,2025-26,2025-11-09 11:00,1,KNG,ESTORM,Mangaung Oval,24574,Mbongiseni Mhlanga,11,0,0,0,0,,False,False
136167,2025-26,2025-11-09 11:00,2,ESTORM,KNG,Mangaung Oval,14768,Kabelo Sekhukhune,1,21,13,2,1,not out,False,False
136167,2025-26,2025-11-09 11:00,2,ESTORM,KNG,Mangaung Oval,20528,Christopher Britz,2,3,3,0,0,c Johan van Dyk b Magala,False,False
136167,2025-26,2025-11-09 11:00,2,ESTORM,KNG,Mangaung Oval,41652,Brayden Hicks,3,4,2,1,0,c Haasbroek b Magala,False,True
136167,2025-26,2025-11-09 11:00,2,ESTORM,KNG,Mangaung Oval,20591,Jurie Snyman,4,2,4,0,0,c Cole Abrahams b Snyman,False,False
136167,2025-26,2025-11-09 11:00,2,ESTORM,KNG,Mangaung Oval,53401,Dewan Marais,5,8,3,0,1,c Haasbroek b Magala,False,False
136167,2025-26,2025-11-09 11:00,2,ESTORM,KNG,Mangaung Oval,31925,Juan Lubbe,6,0,1,0,0,b Magala,False,False
136167,2025-26,2025-11-09 11:00,2,ESTORM,KNG,Mangaung Oval,10685,Grant Thomson,7,24,10,2,1,not out,True,False
136167,2025-26,2025-11-09 11:00,2,ESTORM,KNG,Mangaung Oval,18582,Andrew Rasemene,8,0,0,0,0,,False,False
136167,2025-26,2025-11-09 11:00,2,ESTORM,KNG,Mangaung Oval,24351,Amaan Khan,9,0,0,0,0,,False,False
136167,2025-26,2025-11-09 11:00,2,ESTORM,KNG,Mangaung Oval,20623,Tumelo Simelane,10,0,0,0,0,,False,False
136167,2025-26,2025-11-09 11:00,2,ESTORM,KNG,Mangaung Oval,1464659,Kaylan Archary,11,0,0,0,0,,False,False
136178,2025-26,2025-11-12 11:00,1,SWD,ESTORM,Recreation Ground,9575,Yaseen Valli,1,42,30,4,2,b Ernest Kemm,False,False
136178,2025-26,2025-11-12 11:00,1,SWD,ESTORM,Recreation Ground,20448,Kyle Jacobs,2,21,16,2,1,c Kabelo Sekhukhune b Tumelo Simelane,False,False
136178,2025-26,2025-11-12 11:00,1,SWD,ESTORM,Recreation Ground,20293,Heath Richards,3,15,14,1,1,c Dewan Marais b Kaylan Archary,False,False
136178,2025-26,2025-11-12 11:00,1,SWD,ESTORM,Recreation Ground,20546,G Van Heerden,4,32,25,2,0,c Christopher Britz b Andrew Rasemene,True,False
136178,2025-26,2025-11-12 11:00,1,SWD,ESTORM,Recreation Ground,55620,Nathan Engelbrecht,5,14,13,1,1,c Thomson b Ernest Kemm,False,True
136178,2025-26,2025-11-12 11:00,1,SWD,ESTORM,Recreation Ground,20566,Liam Alder,6,32,17,3,2,c Thomson b Amaan Khan,False,False
136178,2025-26,2025-11-12 11:00,1,SWD,ESTORM,Recreation Ground,15922,Pheko Moletsane,7,11,3,1,1,not out,False,False
136178,2025-26,2025-11-12 11:00,1,SWD,ESTORM,Recreation Ground,1431313,Banele Cele,8,1,2,0,0,not out,False,False
136178,2025-26,2025-11-12 11:00,1,SWD,ESTORM,Recreation Ground,1431291,Zack Momberg,9,0,0,0,0,,False,False
136178,2025-26,2025-11-12 11:00,1,SWD,ESTORM,Recreation Ground,1463245,Jade Richter,10,0,0,0,0,,False,False
136178,2025-26,2025-11-12 11:00,1,SWD,ESTORM,Recreation Ground,15919,Mondli Khumalo,11,0,0,0,0,,False,False
136178,2025-26,2025-11-12 11:00,2,ESTORM,SWD,Recreation Ground,14768,Kabelo Sekhukhune,1,0,3,0,0,c Nathan Engelbrecht b Jade Richter,False,False
136178,2025-26,2025-11-12 11:00,2,ESTORM,SWD,Recreation Ground,20528,Christopher Britz,2,6,7,1,0,b Jade Richter,False,False
136178,2025-26,2025-11-12 11:00,2,ESTORM,SWD,Recreation Ground,20591,Jurie Snyman,3,60,41,6,3,c Heath Richards b Kyle Jacobs,False,False
136178,2025-26,2025-11-12 11:00,2,ESTORM,SWD,Recreation Ground,41652,Brayden Hicks,4,69,43,4,4,not out,False,True
136178,2025-26,2025-11-12 11:00,2,ESTORM,SWD,Recreation Ground,10685,Grant Thomson,5,17,14,1,1,b Kyle Jacobs,True,False
136178,2025-26,2025-11-12 11:00,2,ESTORM,SWD,Recreation Ground,53401,Dewan Marais,6,15,9,0,1,not out,False,False
136178,2025-26,2025-11-12 11:00,2,ESTORM,SWD,Recreation Ground,20303,Ernest Kemm,7,0,0,0,0,,False,False
136178,2025-26,2025-11-12 11:00,2,ESTORM,SWD,Recreation Ground,18582,Andrew Rasemene,8,0,0,0,0,,False,False
136178,2025-26,2025-11-12 11:00,2,ESTORM,SWD,Recreation Ground,1464659,Kaylan Archary,9,0,0,0,0,,False,False
136178,2025-26,2025-11-12 11:00,2,ESTORM,SWD,Recreation Ground,24351,Amaan Khan,10,0,0,0,0,,False,False
136178,2025-26,2025-11-12 11:00,2,ESTORM,SWD,Recreation Ground,20623,Tumelo Simelane,11,0,0,0,0,,False,False
136189,2025-26,2025-11-12 11:00,1,BOR,NCAPE,Buffalo Park,23936,Nathan Roux,1,2,6,0,0,b Ruan Van Rooyen,True,False
136189,2025-26,2025-11-12 11:00,1,BOR,NCAPE,Buffalo Park,1464015,Christiaan du Toit,2,50,35,5,2,b Ntuli,False,False
136189,2025-26,2025-11-12 11:00,1,BOR,NCAPE,Buffalo Park,1464298,Wian Ruthven,3,24,17,0,3,b Terblanche,False,False
136189,2025-26,2025-11-12 11:00,1,BOR,NCAPE,Buffalo Park,13319,Jason Niemand,4,63,42,4,2,not out,False,False
136189,2025-26,2025-11-12 11:00,1,BOR,NCAPE,Buffalo Park,15123,Michael Copeland,5,21,16,2,0,c Garnett Tarr b Benjamin Van Rensburg,False,False
136189,2025-26,2025-11-12 11:00,1,BOR,NCAPE,Buffalo Park,13514,Mncedisi Malika,6,9,4,0,1,not out,False,True
136189,2025-26,2025-11-12 11:00,1,BOR,NCAPE,Buffalo Park,20551,Jan Hardus Coetzer,7,0,0,0,0,,False,False
136189,2025-26,2025-11-12 11:00,1,BOR,NCAPE,Buffalo Park,22061,Alindile Mhletywa,8,0,0,0,0,,False,False
136189,2025-26,2025-11-12 11:00,1,BOR,NCAPE,Buffalo Park,13324,Thando Ntini,9,0,0,0,0,,False,False
136189,2025-26,2025-11-12 11:00,1,BOR,NCAPE,Buffalo Park,50454,Thozama Totana,10,0,0,0,0,,False,False
136189,2025-26,2025-11-12 11:00,1,BOR,NCAPE,Buffalo Park,13394,Kgaudisa Molefe,11,0,0,0,0,,False,False
136189,2025-26,2025-11-12 11:00,2,NCAPE,BOR,Buffalo Park,16821,Garnett Tarr,1,14,21,2,0,c Michael Copeland b Thozama Totana,False,True
136189,2025-26,2025-11-12 11:00,2,NCAPE,BOR,Buffalo Park,1463927,Liam Doherty,2,23,14,3,1,c Wian Ruthven b Thando Ntini,False,False
136189,2025-26,2025-11-12 11:00,2,NCAPE,BOR,Buffalo Park,51711,Thamsanqa Kumalo,3,8,8,1,0,b Kgaudisa Molefe,False,False
136189,2025-26,2025-11-12 11:00,2,NCAPE,BOR,Buffalo Park,24066,Ronan Hermann,4,24,22,2,1,c Jason Niemand b Alindile Mhletywa,True,False
136189,2025-26,2025-11-12 11:00,2,NCAPE,BOR,Buffalo Park,14589,Nonelela Yikha,5,5,10,0,0,c Jason Niemand b Thozama Totana,False,False
136189,2025-26,2025-11-12 11:00,2,NCAPE,BOR,Buffalo Park,9709,Romano Terblanche,6,5,9,0,0,b Michael Copeland,False,False
136189,2025-26,2025-11-12 11:00,2,NCAPE,BOR,Buffalo Park,1463916,Ruan Van Rooyen,7,11,17,0,0,c Michael Copeland b Jan Hardus Coetzer,False,False
136189,2025-26,2025-11-12 11:00,2,NCAPE,BOR,Buffalo Park,1423883,Ethan Frosler,8,10,8,1,0,c Jan Hardus Coetzer b Thando Ntini,False,False
136189,2025-26,2025-11-12 11:00,2,NCAPE,BOR,Buffalo Park,20322,Benjamin Van Rensburg,9,4,5,0,0,not out,False,False
136189,2025-26,2025-11-12 11:00,2,NCAPE,BOR,Buffalo Park,10798,Tshepo Ntuli,10,6,6,0,0,not out,False,False
136189,2025-26,2025-11-12 11:00,2,NCAPE,BOR,Buffalo Park,20312,Orapeleng Motlhoaring,11,0,0,0,0,,False,False
136200,2025-26,2025-11-12 11:00,1,MPR,LIMPO,"Uplands College, White River",1431603,Zakir Kathrada,1,0,1,0,0,c Kyle Landsberg b Maphekgola Pootona,False,True
136200,2025-26,2025-11-12 11:00,1,MPR,LIMPO,"Uplands College, White River",20362,Gareth Dukes,2,0,1,0,0,b Atwell Mokgoloboto,False,False
136200,2025-26,2025-11-12 11:00,1,MPR,LIMPO,"Uplands College, White River",10797,Swanepoel,3,3,13,0,0,c Emmanuel Motswiri b Atwell Mokgoloboto,False,False
136200,2025-26,2025-11-12 11:00,1,MPR,LIMPO,"Uplands College, White River",21396,Muhammed Mayet,4,28,32,1,1,c Klijnhans b Emmanuel Motswiri,True,False
136200,2025-26,2025-11-12 11:00,1,MPR,LIMPO,"Uplands College, White River",23916,Benjamin van Niekerk,5,5,13,0,0,c Kyle Landsberg b Irvin Modimokoane,False,False
136200,2025-26,2025-11-12 11:00,1,MPR,LIMPO,"Uplands College, White River",13325,Hermann Rolfes,6,28,24,3,0,c Klijnhans b Emmanuel Motswiri,False,False
136200,2025-26,2025-11-12 11:00,1,MPR,LIMPO,"Uplands College, White River",21393,Karabo Mogotsi,7,2,5,0,0,c Maphekgola Pootona b Atwell Mokgoloboto,False,False
136200,2025-26,2025-11-12 11:00,1,MPR,LIMPO,"Uplands College, White River",1463716,Bryn Brokensha,8,19,16,1,0,run out (Atwell Mokgoloboto),False,False
136200,2025-26,2025-11-12 11:00,1,MPR,LIMPO,"Uplands College, White River",20392,Hinrichsen,9,27,14,0,3,c and b Emmanuel Motswiri,False,False
136200,2025-26,2025-11-12 11:00,1,MPR,LIMPO,"Uplands College, White River",33113,Tetelo Maphaka,10,0,1,0,0,c Keenan Vieira b Emmanuel Motswiri,False,False
136200,2025-26,2025-11-12 11:00,1,MPR,LIMPO,"Uplands College, White River",13099,Smangaliso Nhlebela,11,1,1,0,0,not out,False,False
136200,2025-26,2025-11-12 11:00,2,LIMPO,MPR,"Uplands College, White River",1464629,Tylor Trenoweth,1,25,26,4,0,c Muhammed Mayet b Swanepoel,False,False
136200,2025-26,2025-11-12 11:00,2,LIMPO,MPR,"Uplands College, White River",20412,Liam Peters,2,25,35,1,0,b Bryn Brokensha,True,False
136200,2025-26,2025-11-12 11:00,2,LIMPO,MPR,"Uplands College, White River",14315,Sizwe Masondo,3,0,1,0,0,st Zakir Kathrada b Swanepoel,False,True
136200,2025-26,2025-11-12 11:00,2,LIMPO,MPR,"Uplands College, White River",20458,Ludwig Kaestner,4,8,8,0,0,run out (Bryn Brokensha),False,False
136200,2025-26,2025-11-12 11:00,2,LIMPO,MPR,"Uplands College, White River",50997,Emmanuel Motswiri,5,2,6,0,0,c Hermann Rolfes b Smangaliso Nhlebela,False,False
136200,2025-26,2025-11-12 11:00,2,LIMPO,MPR,"Uplands College, White River",24071,Christoffel Klijnhans,6,19,19,2,0,b Hinrichsen,False,False
136200,2025-26,2025-11-12 11:00,2,LIMPO,MPR,"Uplands College, White River",34968,Keenan Vieira,7,17,16,2,0,lbw b Hinrichsen,False,False
136200,2025-26,2025-11-12 11:00,2,LIMPO,MPR,"Uplands College, White River",51046,Irvin Modimokoane,8,1,3,0,0,not out,False,False
136200,2025-26,2025-11-12 11:00,2,LIMPO,MPR,"Uplands College, White River",24629,Atwell Mokgoloboto,9,4,5,0,0,c Muhammed Mayet b Gareth Dukes,False,False
136200,2025-26,2025-11-12 11:00,2,LIMPO,MPR,"Uplands College, White River",55638,Kyle Landsberg,10,1,1,0,0,not out,False,False
136200,2025-26,2025-11-12 11:00,2,LIMPO,MPR,"Uplands College, White River",33204,Maphekgola Pootona,11,0,0,0,0,,False,False
136224,2025-26,2025-11-15 11:00,1,LIMPO,ESTORM,Willowmoore Park,1464629,Tylor Trenoweth,1,0,1,0,0,c Andrew Rasemene b Tumelo Simelane,False,False
136224,2025-26,2025-11-15 11:00,1,LIMPO,ESTORM,Willowmoore Park,14315,Sizwe Masondo,2,12,10,2,0,c Jurie Snyman b Tumelo Simelane,False,True
136224,2025-26,2025-11-15 11:00,1,LIMPO,ESTORM,Willowmoore Park,20412,Liam Peters,3,1,3,0,0,c Dewan Marais b Andrew Rasemene,True,False
136224,2025-26,2025-11-15 11:00,1,LIMPO,ESTORM,Willowmoore Park,20458,Ludwig Kaestner,4,3,7,0,0,b Amaan Khan,False,False
136224,2025-26,2025-11-15 11:00,1,LIMPO,ESTORM,Willowmoore Park,24071,Klijnhans,5,7,7,1,0,c Shaveer Khan b Andrew Rasemene,False,False
136224,2025-26,2025-11-15 11:00,1,LIMPO,ESTORM,Willowmoore Park,50997,Emmanuel Motswiri,6,28,32,3,0,c Amaan Khan b Jurie Snyman,False,False
136224,2025-26,2025-11-15 11:00,1,LIMPO,ESTORM,Willowmoore Park,34968,Keenan Vieira,7,5,5,1,0,c Ernest Kemm b Tumelo Simelane,False,False
136224,2025-26,2025-11-15 11:00,1,LIMPO,ESTORM,Willowmoore Park,24629,Atwell Mokgoloboto,8,23,31,1,0,not out,False,False
136224,2025-26,2025-11-15 11:00,1,LIMPO,ESTORM,Willowmoore Park,51046,Irvin Modimokoane,9,13,7,0,1,not out,False,False
136224,2025-26,2025-11-15 11:00,1,LIMPO,ESTORM,Willowmoore Park,20497,Don Radebe,10,0,0,0,0,,False,False
136224,2025-26,2025-11-15 11:00,1,LIMPO,ESTORM,Willowmoore Park,33204,Maphekgola Pootona,11,0,0,0,0,,False,False
136224,2025-26,2025-11-15 11:00,2,ESTORM,LIMPO,Willowmoore Park,20528,Christopher Britz,1,22,17,3,0,not out,False,False
136224,2025-26,2025-11-15 11:00,2,ESTORM,LIMPO,Willowmoore Park,14768,Kabelo Sekhukhune,2,12,9,1,1,c Keenan Vieira b Don Radebe,False,False
136224,2025-26,2025-11-15 11:00,2,ESTORM,LIMPO,Willowmoore Park,20591,Jurie Snyman,3,12,8,2,0,c Ludwig Kaestner b Don Radebe,False,False
136224,2025-26,2025-11-15 11:00,2,ESTORM,LIMPO,Willowmoore Park,41652,Brayden Hicks,4,6,3,0,1,not out,False,True
136224,2025-26,2025-11-15 11:00,2,ESTORM,LIMPO,Willowmoore Park,10685,Grant Thomson,5,0,0,0,0,,True,False
136224,2025-26,2025-11-15 11:00,2,ESTORM,LIMPO,Willowmoore Park,53401,Dewan Marais,6,0,0,0,0,,False,False
136224,2025-26,2025-11-15 11:00,2,ESTORM,LIMPO,Willowmoore Park,20303,Ernest Kemm,7,0,0,0,0,,False,False
136224,2025-26,2025-11-15 11:00,2,ESTORM,LIMPO,Willowmoore Park,18582,Andrew Rasemene,8,0,0,0,0,,False,False
136224,2025-26,2025-11-15 11:00,2,ESTORM,LIMPO,Willowmoore Park,20623,Tumelo Simelane,9,0,0,0,0,,False,False
136224,2025-26,2025-11-15 11:00,2,ESTORM,LIMPO,Willowmoore Park,1431059,Shaveer Khan,10,0,0,0,0,,False,False
136224,2025-26,2025-11-15 11:00,2,ESTORM,LIMPO,Willowmoore Park,24351,Amaan Khan,11,0,0,0,0,,False,False
136235,2025-26,2025-11-18 11:00,1,BOR,KNG,Mangaung Oval,23936,Nathan Roux,1,8,11,1,0,c Haasbroek b Mbongiseni Mhlanga,True,False
136235,2025-26,2025-11-18 11:00,1,BOR,KNG,Mangaung Oval,51644,Lihle Sizani,2,9,10,0,0,c Patrick Botha b Magala,False,False
136235,2025-26,2025-11-18 11:00,1,BOR,KNG,Mangaung Oval,1464015,Christiaan du Toit,3,8,10,1,0,b Mbongiseni Mhlanga,False,False
136235,2025-26,2025-11-18 11:00,1,BOR,KNG,Mangaung Oval,13319,Jason Niemand,4,19,22,1,0,st Gihahn Cloete b Ruben du Toit,False,False
136235,2025-26,2025-11-18 11:00,1,BOR,KNG,Mangaung Oval,1464298,Wian Ruthven,5,25,17,2,1,c Gihahn Cloete b Mbongiseni Mhlanga,False,False
136235,2025-26,2025-11-18 11:00,1,BOR,KNG,Mangaung Oval,13514,Mncedisi Malika,6,12,13,0,0,c Patrick Botha b Seth Fledermaus,False,True
136235,2025-26,2025-11-18 11:00,1,BOR,KNG,Mangaung Oval,15123,Michael Copeland,7,3,5,0,0,lbw b Ruben du Toit,False,False
136235,2025-26,2025-11-18 11:00,1,BOR,KNG,Mangaung Oval,20551,Jan Hardus Coetzer,8,33,24,1,2,not out,False,False
136235,2025-26,2025-11-18 11:00,1,BOR,KNG,Mangaung Oval,22061,Alindile Mhletywa,9,11,10,0,1,not out,False,False
136235,2025-26,2025-11-18 11:00,1,BOR,KNG,Mangaung Oval,50454,Thozama Totana,10,0,0,0,0,,False,False
136235,2025-26,2025-11-18 11:00,1,BOR,KNG,Mangaung Oval,13394,Kgaudisa Molefe,11,0,0,0,0,,False,False
136235,2025-26,2025-11-18 11:00,2,KNG,BOR,Mangaung Oval,14552,Jacques Snyman,1,36,24,4,2,c and b Lihle Sizani,False,False
136235,2025-26,2025-11-18 11:00,2,KNG,BOR,Mangaung Oval,8517,Gihahn Cloete,2,14,20,1,0,not out,False,True
136235,2025-26,2025-11-18 11:00,2,KNG,BOR,Mangaung Oval,1464296,Ruben du Toit,3,12,9,1,1,c Wian Ruthven b Thozama Totana,False,False
136235,2025-26,2025-11-18 11:00,2,KNG,BOR,Mangaung Oval,1431467,Cole Abrahams,4,8,17,0,0,not out,False,False
136235,2025-26,2025-11-18 11:00,2,KNG,BOR,Mangaung Oval,10197,Patrick Botha,5,0,0,0,0,,False,False
136235,2025-26,2025-11-18 11:00,2,KNG,BOR,Mangaung Oval,19238,Ruan Haasbroek,6,0,0,0,0,,False,False
136235,2025-26,2025-11-18 11:00,2,KNG,BOR,Mangaung Oval,1451116,Seth Fledermaus,7,0,0,0,0,,False,False
136235,2025-26,2025-11-18 11:00,2,KNG,BOR,Mangaung Oval,10172,Sisanda Magala,8,0,0,0,0,,False,False
136235,2025-26,2025-11-18 11:00,2,KNG,BOR,Mangaung Oval,20317,Johannes van Dyk,9,0,0,0,0,,False,False
136235,2025-26,2025-11-18 11:00,2,KNG,BOR,Mangaung Oval,9708,Malusi Siboto,10,0,0,0,0,,True,False
136235,2025-26,2025-11-18 11:00,2,KNG,BOR,Mangaung Oval,24574,Mbongiseni Mhlanga,11,0,0,0,0,,False,False
136246,2025-26,2025-11-19 11:00,1,SWD,MPR,Recreation Ground,14588,Ruan Terblanche,1,50,29,4,4,c Hermann Rolfes b Hinrichsen,False,False
136246,2025-26,2025-11-19 11:00,1,SWD,MPR,Recreation Ground,9575,Yaseen Valli,2,9,15,0,0,lbw b Swanepoel,False,False
136246,2025-26,2025-11-19 11:00,1,SWD,MPR,Recreation Ground,20293,Heath Richards,3,1,1,0,0,run out (Tetelo Maphaka/Swanepoel),False,False
136246,2025-26,2025-11-19 11:00,1,SWD,MPR,Recreation Ground,20546,G Van Heerden,4,13,13,2,0,c Swanepoel b Bryn Brokensha,True,False
136246,2025-26,2025-11-19 11:00,1,SWD,MPR,Recreation Ground,55620,Nathan Engelbrecht,5,42,40,2,0,not out,False,True
136246,2025-26,2025-11-19 11:00,1,SWD,MPR,Recreation Ground,20448,Kyle Jacobs,6,16,13,1,1,c Hinrichsen b Hermann Rolfes,False,False
136246,2025-26,2025-11-19 11:00,1,SWD,MPR,Recreation Ground,20566,Liam Alder,7,6,4,1,0,c Muhammed Mayet b Hermann Rolfes,False,False
136246,2025-26,2025-11-19 11:00,1,SWD,MPR,Recreation Ground,1431313,Banele Cele,8,8,6,0,0,not out,False,False
136246,2025-26,2025-11-19 11:00,1,SWD,MPR,Recreation Ground,1463245,Jade Richter,9,0,0,0,0,,False,False
136246,2025-26,2025-11-19 11:00,1,SWD,MPR,Recreation Ground,50808,Liyabona Malife,10,0,0,0,0,,False,False
136246,2025-26,2025-11-19 11:00,1,SWD,MPR,Recreation Ground,15919,Mondli Khumalo,11,0,0,0,0,,False,False
136246,2025-26,2025-11-19 11:00,2,MPR,SWD,Recreation Ground,20362,Gareth Dukes,1,19,7,1,2,b Liam Alder,False,False
136246,2025-26,2025-11-19 11:00,2,MPR,SWD,Recreation Ground,1431603,Zakir Kathrada,2,6,12,1,0,c G Van Heerden b Banele Cele,False,True
136246,2025-26,2025-11-19 11:00,2,MPR,SWD,Recreation Ground,10797,Aubrey Swanepoel,3,0,1,0,0,b Liam Alder,False,False
136246,2025-26,2025-11-19 11:00,2,MPR,SWD,Recreation Ground,21396,Muhammed Mayet,4,16,33,0,0,c Liyabona Malife b Mondli Khumalo,True,False
136246,2025-26,2025-11-19 11:00,2,MPR,SWD,Recreation Ground,23916,Benjamin van Niekerk,5,9,16,1,0,b Banele Cele,False,False
136246,2025-26,2025-11-19 11:00,2,MPR,SWD,Recreation Ground,13325,Hermann Rolfes,6,16,18,0,0,c Banele Cele b Liam Alder,False,False
136246,2025-26,2025-11-19 11:00,2,MPR,SWD,Recreation Ground,1463716,Bryn Brokensha,7,1,4,0,0,c Heath Richards b Jade Richter,False,False
136246,2025-26,2025-11-19 11:00,2,MPR,SWD,Recreation Ground,21393,Karabo Mogotsi,8,10,14,0,0,not out,False,False
136246,2025-26,2025-11-19 11:00,2,MPR,SWD,Recreation Ground,20392,Jon Hinrichsen,9,23,9,0,3,c G Van Heerden b Mondli Khumalo,False,False
136246,2025-26,2025-11-19 11:00,2,MPR,SWD,Recreation Ground,33113,Tetelo Maphaka,10,0,1,0,0,b Mondli Khumalo,False,False
136246,2025-26,2025-11-19 11:00,2,MPR,SWD,Recreation Ground,13099,Smangaliso Nhlebela,11,1,2,0,0,st Nathan Engelbrecht b Liyabona Malife,False,False
136257,2025-26,2025-11-21 11:00,1,BOR,SWD,Buffalo Park,23936,Nathan Roux,1,68,47,3,4,not out,True,False
136257,2025-26,2025-11-21 11:00,1,BOR,SWD,Buffalo Park,1464015,Christiaan du Toit,2,0,1,0,0,c Nathan Engelbrecht b Jade Richter,False,False
136257,2025-26,2025-11-21 11:00,1,BOR,SWD,Buffalo Park,1464298,Wian Ruthven,3,30,28,1,2,c Banele Cele b Kyle Jacobs,False,False
136257,2025-26,2025-11-21 11:00,1,BOR,SWD,Buffalo Park,13319,Jason Niemand,4,28,28,1,1,lbw b Jade Richter,False,False
136257,2025-26,2025-11-21 11:00,1,BOR,SWD,Buffalo Park,15123,Michael Copeland,5,10,9,1,0,b Jade Richter,False,False
136257,2025-26,2025-11-21 11:00,1,BOR,SWD,Buffalo Park,13514,Mncedisi Malika,6,14,9,3,0,not out,False,True
136257,2025-26,2025-11-21 11:00,1,BOR,SWD,Buffalo Park,20551,Jan Hardus Coetzer,7,0,0,0,0,,False,False
136257,2025-26,2025-11-21 11:00,1,BOR,SWD,Buffalo Park,22061,Alindile Mhletywa,8,0,0,0,0,,False,False
136257,2025-26,2025-11-21 11:00,1,BOR,SWD,Buffalo Park,13324,Thando Ntini,9,0,0,0,0,,False,False
136257,2025-26,2025-11-21 11:00,1,BOR,SWD,Buffalo Park,50454,Thozama Totana,10,0,0,0,0,,False,False
136257,2025-26,2025-11-21 11:00,1,BOR,SWD,Buffalo Park,13394,Kgaudisa Molefe,11,0,0,0,0,,False,False
136257,2025-26,2025-11-21 11:00,2,SWD,BOR,Buffalo Park,20448,Kyle Jacobs,1,13,8,2,0,c Nathan Roux b Thando Ntini,False,False
136257,2025-26,2025-11-21 11:00,2,SWD,BOR,Buffalo Park,14588,Ruan Terblanche,2,20,26,2,0,b Thozama Totana,False,False
136257,2025-26,2025-11-21 11:00,2,SWD,BOR,Buffalo Park,20293,Heath Richards,3,3,7,0,0,b Jan Hardus Coetzer,False,False
136257,2025-26,2025-11-21 11:00,2,SWD,BOR,Buffalo Park,20546,George Van Heerden,4,65,48,3,2,not out,True,False
136257,2025-26,2025-11-21 11:00,2,SWD,BOR,Buffalo Park,20566,Liam Alder,5,1,2,0,0,c Michael Copeland b Alindile Mhletywa,False,False
136257,2025-26,2025-11-21 11:00,2,SWD,BOR,Buffalo Park,55620,Nathan Engelbrecht,6,9,16,0,0,c Michael Copeland b Thando Ntini,False,True
136257,2025-26,2025-11-21 11:00,2,SWD,BOR,Buffalo Park,15922,Pheko Moletsane,7,0,1,0,0,c Mncedisi Malika b Thando Ntini,False,False
136257,2025-26,2025-11-21 11:00,2,SWD,BOR,Buffalo Park,1431313,Banele Cele,8,6,7,0,0,c Wian Ruthven b Thando Ntini,False,False
136257,2025-26,2025-11-21 11:00,2,SWD,BOR,Buffalo Park,1463245,Jade Richter,9,2,2,0,0,run out (Alindile Mhletywa),False,False
136257,2025-26,2025-11-21 11:00,2,SWD,BOR,Buffalo Park,50808,Liyabona Malife,10,0,2,0,0,b Alindile Mhletywa,False,False
136257,2025-26,2025-11-21 11:00,2,SWD,BOR,Buffalo Park,15919,Mondli Khumalo,11,0,1,0,0,lbw b Alindile Mhletywa,False,False
136268,2025-26,2025-11-23 11:00,1,KNG,BOR,Mangaung Oval,14552,Snyman,1,26,14,2,2,b Alindile Mhletywa,False,False
136268,2025-26,2025-11-23 11:00,1,KNG,BOR,Mangaung Oval,13091,Isaac Dikgale,2,57,51,4,0,not out,False,False
136268,2025-26,2025-11-23 11:00,1,KNG,BOR,Mangaung Oval,1431467,Cole Abrahams,3,16,12,1,0,c Michael Copeland b Thozama Totana,False,False
136268,2025-26,2025-11-23 11:00,1,KNG,BOR,Mangaung Oval,10197,Patrick Botha,4,7,9,0,0,lbw b Michael Copeland,False,False
136268,2025-26,2025-11-23 11:00,1,KNG,BOR,Mangaung Oval,19238,Haasbroek,5,23,13,2,1,lbw b Kgaudisa Molefe,False,True
136268,2025-26,2025-11-23 11:00,1,KNG,BOR,Mangaung Oval,15127,Tiaan van Vuuren,6,0,2,0,0,b Kgaudisa Molefe,False,False
136268,2025-26,2025-11-23 11:00,1,KNG,BOR,Mangaung Oval,1451116,Seth Fledermaus,7,4,7,0,0,lbw b Alindile Mhletywa,False,False
136268,2025-26,2025-11-23 11:00,1,KNG,BOR,Mangaung Oval,1464059,Ross Boast,8,12,6,1,1,c Jan Hardus Coetzer b Thando Ntini,False,False
136268,2025-26,2025-11-23 11:00,1,KNG,BOR,Mangaung Oval,10172,Magala,9,3,6,0,0,not out,False,False
136268,2025-26,2025-11-23 11:00,1,KNG,BOR,Mangaung Oval,9708,Siboto,10,0,0,0,0,,True,False
136268,2025-26,2025-11-23 11:00,1,KNG,BOR,Mangaung Oval,24574,Mbongiseni Mhlanga,11,0,0,0,0,,False,False
136268,2025-26,2025-11-23 11:00,2,BOR,KNG,Mangaung Oval,23936,Nathan Roux,1,43,34,4,0,lbw b Snyman,True,False
136268,2025-26,2025-11-23 11:00,2,BOR,KNG,Mangaung Oval,1464298,Wian Ruthven,2,10,12,0,0,c Patrick Botha b Magala,False,False
136268,2025-26,2025-11-23 11:00,2,BOR,KNG,Mangaung Oval,13319,Jason Niemand,3,31,29,2,0,lbw b Snyman,False,False
136268,2025-26,2025-11-23 11:00,2,BOR,KNG,Mangaung Oval,15123,Michael Copeland,4,26,19,1,1,c Patrick Botha b Magala,False,False
136268,2025-26,2025-11-23 11:00,2,BOR,KNG,Mangaung Oval,13514,Mncedisi Malika,5,6,7,0,0,c Haasbroek b Snyman,False,True
136268,2025-26,2025-11-23 11:00,2,BOR,KNG,Mangaung Oval,20551,Jan Hardus Coetzer,6,9,9,0,0,c Patrick Botha b Siboto,False,False
136268,2025-26,2025-11-23 11:00,2,BOR,KNG,Mangaung Oval,22061,Alindile Mhletywa,7,5,6,0,0,not out,False,False
136268,2025-26,2025-11-23 11:00,2,BOR,KNG,Mangaung Oval,13324,Thando Ntini,8,6,4,0,0,not out,False,False
136268,2025-26,2025-11-23 11:00,2,BOR,KNG,Mangaung Oval,1464015,Christiaan du Toit,9,0,0,0,0,,False,False
136268,2025-26,2025-11-23 11:00,2,BOR,KNG,Mangaung Oval,50454,Thozama Totana,10,0,0,0,0,,False,False
136268,2025-26,2025-11-23 11:00,2,BOR,KNG,Mangaung Oval,13394,Kgaudisa Molefe,11,0,0,0,0,,False,False
172981,2026,2026-09-25 12:00,1,WAR,NWEST,SuperSport Park,33183,Muhammad Manack,1,0,1,0,0,c Dupavillon b Wihan Lubbe,False,True
172981,2026,2026-09-25 12:00,1,WAR,NWEST,SuperSport Park,21386,Jordan Hermann,2,20,19,0,1,c Nyaku b Wihan Lubbe,False,False
172981,2026,2026-09-25 12:00,1,WAR,NWEST,SuperSport Park,9801,Sibonelo Makhanya,3,0,2,0,0,c Nyaku b Wihan Lubbe,False,False
172981,2026,2026-09-25 12:00,1,WAR,NWEST,SuperSport Park,1431305,Matthew de Villiers,4,10,9,1,0,b Dupavillon,True,False
172981,2026,2026-09-25 12:00,1,WAR,NWEST,SuperSport Park,41704,JP King,5,30,29,2,1,c Ruan de Swardt b Caleb Seleka,False,False
172981,2026,2026-09-25 12:00,1,WAR,NWEST,SuperSport Park,11902,Patrick Kruger,6,38,43,1,0,not out,False,False
172981,2026,2026-09-25 12:00,1,WAR,NWEST,SuperSport Park,13323,Andile Mokgakane,7,9,8,0,1,c Ludwich Schuld b Nyaku,False,False
172981,2026,2026-09-25 12:00,1,WAR,NWEST,SuperSport Park,13068,Thomas Kaber,8,11,11,1,0,not out,False,False
172981,2026,2026-09-25 12:00,1,WAR,NWEST,SuperSport Park,9490,Beuran Hendricks,9,0,0,0,0,,False,False
172981,2026,2026-09-25 12:00,1,WAR,NWEST,SuperSport Park,20432,Gideon Peters,10,0,0,0,0,,False,False
172981,2026,2026-09-25 12:00,1,WAR,NWEST,SuperSport Park,13150,Kerwin Mungroo,11,0,0,0,0,,False,False
172981,2026,2026-09-25 12:00,2,NWEST,WAR,SuperSport Park,1432803,Ludwich Schuld,1,33,22,2,2,lbw b Thomas Kaber,False,False
172981,2026,2026-09-25 12:00,2,NWEST,WAR,SuperSport Park,11497,Wihan Lubbe,2,9,10,1,0,lbw b B Hendricks,False,False
172981,2026,2026-09-25 12:00,2,NWEST,WAR,SuperSport Park,14797,Rubin Hermann,3,55,31,5,3,not out,True,False
172981,2026,2026-09-25 12:00,2,NWEST,WAR,SuperSport Park,8528,Diego Rosier,4,4,4,1,0,b Thomas Kaber,False,False
172981,2026,2026-09-25 12:00,2,NWEST,WAR,SuperSport Park,9735,Lesiba Ngoepe,5,23,26,2,0,not out,False,False
172981,2026,2026-09-25 12:00,2,NWEST,WAR,SuperSport Park,31951,Meeka eel Prince,6,0,0,0,0,,False,True
172981,2026,2026-09-25 12:00,2,NWEST,WAR,SuperSport Park,14429,Onke Nyaku,7,0,0,0,0,,False,False
172981,2026,2026-09-25 12:00,2,NWEST,WAR,SuperSport Park,15852,Ruan de Swardt,8,0,0,0,0,,False,False
172981,2026,2026-09-25 12:00,2,NWEST,WAR,SuperSport Park,10079,Daryn Dupavillon,9,0,0,0,0,,False,False
172981,2026,2026-09-25 12:00,2,NWEST,WAR,SuperSport Park,20526,Caleb Seleka,10,0,0,0,0,,False,False
172981,2026,2026-09-25 12:00,2,NWEST,WAR,SuperSport Park,12587,Shimane Alfred Mothoa,11,0,0,0,0,,False,False
172991,2026,2026-09-25 16:00,1,WPR,TIT,SuperSport Park,9763,Edward Moore,1,62,48,4,2,c and b Eathan Bosch,False,False
172991,2026,2026-09-25 16:00,1,WPR,TIT,SuperSport Park,20561,Valentine Kitime,2,34,23,3,2,b Junior Dala,False,False
172991,2026,2026-09-25 16:00,1,WPR,TIT,SuperSport Park,20437,Joshua van Heerden,3,64,37,8,1,c Donovan Ferreira b Dayyaan Galiem,False,False
172991,2026,2026-09-25 16:00,1,WPR,TIT,SuperSport Park,17026,Mihlali Mpongwana,4,7,9,1,0,c Leus du Plooy b Dayyaan Galiem,False,False
172991,2026,2026-09-25 16:00,1,WPR,TIT,SuperSport Park,10187,George Linde,5,3,3,0,0,not out,True,False
172991,2026,2026-09-25 16:00,1,WPR,TIT,SuperSport Park,20267,Daniel Smith,6,2,1,0,0,not out,False,True
172991,2026,2026-09-25 16:00,1,WPR,TIT,SuperSport Park,1464111,Kashief Joseph,7,0,0,0,0,,False,False
172991,2026,2026-09-25 16:00,1,WPR,TIT,SuperSport Park,50815,Oliver Whitehead,8,0,0,0,0,,False,False
172991,2026,2026-09-25 16:00,1,WPR,TIT,SuperSport Park,55284,Raeeq Daniels,9,0,0,0,0,,False,False
172991,2026,2026-09-25 16:00,1,WPR,TIT,SuperSport Park,10679,Tshepo Lebohang Moreki,10,0,0,0,0,,False,False
172991,2026,2026-09-25 16:00,1,WPR,TIT,SuperSport Park,23906,Jody Lawrence,11,0,0,0,0,,False,False
172991,2026,2026-09-25 16:00,2,TIT,WPR,SuperSport Park,13667,Sinethemba Qeshile,1,59,25,8,3,lbw b Raeeq Daniels,False,True
172991,2026,2026-09-25 16:00,2,TIT,WPR,SuperSport Park,11398,Leus du Plooy,2,77,28,5,8,c Joshua van Heerden b Raeeq Daniels,False,False
172991,2026,2026-09-25 16:00,2,TIT,WPR,SuperSport Park,20538,Dewald Brevis,3,4,3,1,0,b Raeeq Daniels,False,False
172991,2026,2026-09-25 16:00,2,TIT,WPR,SuperSport Park,14798,Donovan Ferreira,4,8,7,1,0,c Joshua van Heerden b Tshepo Lebohang Moreki,True,False
172991,2026,2026-09-25 16:00,2,TIT,WPR,SuperSport Park,9581,Dayyaan Galiem,5,12,10,2,0,not out,False,False
172991,2026,2026-09-25 16:00,2,TIT,WPR,SuperSport Park,1450366,Lethabo Phahlamohlaka,6,1,7,0,0,b Tshepo Lebohang Moreki,False,False
172991,2026,2026-09-25 16:00,2,TIT,WPR,SuperSport Park,13098,Eathan Bosch,7,22,10,3,1,not out,False,False
172991,2026,2026-09-25 16:00,2,TIT,WPR,SuperSport Park,16433,Beyers Swanepoel,8,0,0,0,0,,False,False
172991,2026,2026-09-25 16:00,2,TIT,WPR,SuperSport Park,20578,Aphiwe Mnyanda,9,0,0,0,0,,False,False
172991,2026,2026-09-25 16:00,2,TIT,WPR,SuperSport Park,10175,Junior Dala,10,0,0,0,0,,False,False
172991,2026,2026-09-25 16:00,2,TIT,WPR,SuperSport Park,10173,Tabraiz Shamsi,11,0,0,0,0,,False,False
173010,2026,2026-09-27 11:00,1,LIONS,DOL,Kingsmead,10973,Zubayr Hamza,1,66,38,6,4,b Tristan Luus,False,False
173010,2026,2026-09-27 11:00,1,LIONS,DOL,Kingsmead,9491,Reeza Hendricks,2,50,35,5,1,lbw b Subrayen,False,False
173010,2026,2026-09-27 11:00,1,LIONS,DOL,Kingsmead,9554,Rassie van der Dussen,3,31,24,1,2,not out,False,False
173010,2026,2026-09-27 11:00,1,LIONS,DOL,Kingsmead,19057,Mitchell Van Buuren,4,3,7,0,0,lbw b Tristan Luus,True,False
173010,2026,2026-09-27 11:00,1,LIONS,DOL,Kingsmead,24622,Connor Esterhuizen,5,38,13,2,4,b Okuhle Cele,False,False
173010,2026,2026-09-27 11:00,1,LIONS,DOL,Kingsmead,14566,Delano Potgieter,6,12,4,1,1,not out,False,False
173010,2026,2026-09-27 11:00,1,LIONS,DOL,Kingsmead,11200,Wiaan Mulder,7,0,0,0,0,,False,False
173010,2026,2026-09-27 11:00,1,LIONS,DOL,Kingsmead,11205,Wandile Makwetu,8,0,0,0,0,,False,True
173010,2026,2026-09-27 11:00,1,LIONS,DOL,Kingsmead,24546,Codi Yusuf,9,0,0,0,0,,False,False
173010,2026,2026-09-27 11:00,1,LIONS,DOL,Kingsmead,20428,Nqabayomzi Peter,10,0,0,0,0,,False,False
173010,2026,2026-09-27 11:00,1,LIONS,DOL,Kingsmead,11208,Lutho Sipamla,11,0,0,0,0,,False,False
173010,2026,2026-09-27 11:00,2,DOL,LIONS,Kingsmead,9724,Khaya Zondo,1,37,19,4,3,c Wiaan Mulder b Lutho Sipamla,False,False
173010,2026,2026-09-27 11:00,2,DOL,LIONS,Kingsmead,14586,Bryce Parsons,2,12,11,2,0,c Delano Potgieter b Wiaan Mulder,False,False
173010,2026,2026-09-27 11:00,2,DOL,LIONS,Kingsmead,14187,Grant Roelofsen,3,25,14,3,1,lbw b Delano Potgieter,False,False
173010,2026,2026-09-27 11:00,2,DOL,LIONS,Kingsmead,9587,Jason Smith,4,66,44,3,4,c Mitchell Van Buuren b Wiaan Mulder,False,False
173010,2026,2026-09-27 11:00,2,DOL,LIONS,Kingsmead,51686,Sean Gilson,5,38,27,3,1,b Codi Yusuf,False,False
173010,2026,2026-09-27 11:00,2,DOL,LIONS,Kingsmead,20327,Hanu Viljoen,6,1,1,0,0,not out,False,True
173010,2026,2026-09-27 11:00,2,DOL,LIONS,Kingsmead,1464650,Gomolemo Phiri,7,4,3,1,0,b Codi Yusuf,False,False
173010,2026,2026-09-27 11:00,2,DOL,LIONS,Kingsmead,8530,Prenelan Subrayen,8,1,1,0,0,not out,True,False
173010,2026,2026-09-27 11:00,2,DOL,LIONS,Kingsmead,50972,Tristan Luus,9,0,0,0,0,,False,False
173010,2026,2026-09-27 11:00,2,DOL,LIONS,Kingsmead,1451245,Bayanda Majola,10,0,0,0,0,,False,False
173010,2026,2026-09-27 11:00,2,DOL,LIONS,Kingsmead,12191,Okuhle Cele,11,0,0,0,0,,False,False
173027,2026,2026-09-27 11:00,1,MPR,TIT,"Uplands College, White River",16821,Garnett Tarr,1,23,11,2,2,c Keagan Lion-Cachet b Dayyaan Galiem,False,False
173027,2026,2026-09-27 11:00,1,MPR,TIT,"Uplands College, White River",1431603,Zakir Kathrada,2,0,1,0,0,c Leus du Plooy b Beyers Swanepoel,False,True
173027,2026,2026-09-27 11:00,1,MPR,TIT,"Uplands College, White River",1464296,Ruben du Toit,3,35,19,5,1,not out,False,False
173027,2026,2026-09-27 11:00,1,MPR,TIT,"Uplands College, White River",23916,Benjamin van Niekerk,4,12,6,2,0,not out,False,False
173027,2026,2026-09-27 11:00,1,MPR,TIT,"Uplands College, White River",21396,Muhammed Mayet,5,0,0,0,0,,True,False
173027,2026,2026-09-27 11:00,1,MPR,TIT,"Uplands College, White River",1463716,Bryn Brokensha,6,0,0,0,0,,False,False
173027,2026,2026-09-27 11:00,1,MPR,TIT,"Uplands College, White River",21393,Karabo Mogotsi,7,0,0,0,0,,False,False
173027,2026,2026-09-27 11:00,1,MPR,TIT,"Uplands College, White River",36398,Thabile Hlatuka,8,0,0,0,0,,False,False
173027,2026,2026-09-27 11:00,1,MPR,TIT,"Uplands College, White River",20392,Jon Hinrichsen,9,0,0,0,0,,False,False
173027,2026,2026-09-27 11:00,1,MPR,TIT,"Uplands College, White River",33113,Tetelo Maphaka,10,0,0,0,0,,False,False
173027,2026,2026-09-27 11:00,1,MPR,TIT,"Uplands College, White River",31993,Nhlanhla Dlamini,11,0,0,0,0,,False,False
173027,2026,2026-09-27 11:00,2,TIT,MPR,"Uplands College, White River",13667,Sinethemba Qeshile,1,56,18,7,4,c Zakir Kathrada b Hinrichsen,False,True
173027,2026,2026-09-27 11:00,2,TIT,MPR,"Uplands College, White River",11398,Leus du Plooy,2,8,7,1,0,not out,False,False
173027,2026,2026-09-27 11:00,2,TIT,MPR,"Uplands College, White River",1423888,Keagan Lion-Cachet,3,14,5,3,0,not out,False,False
173027,2026,2026-09-27 11:00,2,TIT,MPR,"Uplands College, White River",14798,Donovan Ferreira,4,0,0,0,0,,True,False
173027,2026,2026-09-27 11:00,2,TIT,MPR,"Uplands College, White River",9581,Dayyaan Galiem,5,0,0,0,0,,False,False
173027,2026,2026-09-27 11:00,2,TIT,MPR,"Uplands College, White River",16433,Beyers Swanepoel,6,0,0,0,0,,False,False
173027,2026,2026-09-27 11:00,2,TIT,MPR,"Uplands College, White River",10175,Junior Dala,7,0,0,0,0,,False,False
173027,2026,2026-09-27 11:00,2,TIT,MPR,"Uplands College, White River",20578,Aphiwe Mnyanda,8,0,0,0,0,,False,False
173027,2026,2026-09-27 11:00,2,TIT,MPR,"Uplands College, White River",10173,Tabraiz Shamsi,9,0,0,0,0,,False,False
173027,2026,2026-09-27 11:00,2,TIT,MPR,"Uplands College, White River",1450366,Lethabo Phahlamohlaka,10,0,0,0,0,,False,False
173027,2026,2026-09-27 11:00,2,TIT,MPR,"Uplands College, White River",1462705,Janco Smit,11,0,0,0,0,,False,False
173017,2026,2026-09-27 16:00,1,KNG,WPR,Newlands,14552,Jacques Snyman,1,21,14,3,1,b Tshepo Lebohang Moreki,False,False
173017,2026,2026-09-27 16:00,1,KNG,WPR,Newlands,14582,Jonathan Bird,2,41,26,5,1,c Josh Breed b Mpongwana,False,False
173017,2026,2026-09-27 16:00,1,KNG,WPR,Newlands,1431467,Cole Abrahams,3,0,4,0,0,c George Linde b Jody Lawrence,False,False
173017,2026,2026-09-27 16:00,1,KNG,WPR,Newlands,20546,George Van Heerden,4,17,13,4,0,b Josh Breed,False,False
173017,2026,2026-09-27 16:00,1,KNG,WPR,Newlands,8517,Gihahn Cloete,5,10,7,0,1,c Tshepo Lebohang Moreki b Josh Breed,False,True
173017,2026,2026-09-27 16:00,1,KNG,WPR,Newlands,19238,Ruan Haasbroek,6,39,31,4,1,c George Linde b Raeeq Daniels,False,False
173017,2026,2026-09-27 16:00,1,KNG,WPR,Newlands,15127,Tiaan van Vuuren,7,2,3,0,0,b Josh Breed,False,False
173017,2026,2026-09-27 16:00,1,KNG,WPR,Newlands,50997,Emmanuel Motswiri,8,30,20,2,1,not out,False,False
173017,2026,2026-09-27 16:00,1,KNG,WPR,Newlands,9708,Malusi Siboto,9,0,2,0,0,not out,False,False
173017,2026,2026-09-27 16:00,1,KNG,WPR,Newlands,9530,Dane Piedt,10,0,0,0,0,,True,False
173017,2026,2026-09-27 16:00,1,KNG,WPR,Newlands,24574,Mbongiseni Mhlanga,11,0,0,0,0,,False,False
173017,2026,2026-09-27 16:00,2,WPR,KNG,Newlands,20561,Valentine Kitime,1,5,9,1,0,st Gihahn Cloete b Snyman,False,False
173017,2026,2026-09-27 16:00,2,WPR,KNG,Newlands,9763,Edward Moore,2,12,13,1,0,c Gihahn Cloete b Siboto,False,False
173017,2026,2026-09-27 16:00,2,WPR,KNG,Newlands,20437,Joshua van Heerden,3,20,20,1,0,run out (Siboto/Gihahn Cloete),False,False
173017,2026,2026-09-27 16:00,2,WPR,KNG,Newlands,20267,Daniel Smith,4,86,46,5,5,not out,False,True
173017,2026,2026-09-27 16:00,2,WPR,KNG,Newlands,10187,George Linde,5,23,16,0,2,st Gihahn Cloete b Dane Piedt,True,False
173017,2026,2026-09-27 16:00,2,WPR,KNG,Newlands,1464111,Kashief Joseph,6,16,11,0,1,c Haasbroek b Tiaan van Vuuren,False,False
173017,2026,2026-09-27 16:00,2,WPR,KNG,Newlands,17026,Mihlali Mpongwana,7,2,3,0,0,not out,False,False
173017,2026,2026-09-27 16:00,2,WPR,KNG,Newlands,1451224,Josh Breed,8,0,0,0,0,,False,False
173017,2026,2026-09-27 16:00,2,WPR,KNG,Newlands,55284,Raeeq Daniels,9,0,0,0,0,,False,False
173017,2026,2026-09-27 16:00,2,WPR,KNG,Newlands,10679,Tshepo Lebohang Moreki,10,0,0,0,0,,False,False
173017,2026,2026-09-27 16:00,2,WPR,KNG,Newlands,23906,Jody Lawrence,11,0,0,0,0,,False,False
173031,2026,2026-09-28 11:00,1,BOR,NWEST,Buffalo Park,20418,Jerome Bossr,1,33,28,2,2,b Caleb Seleka,True,False
173031,2026,2026-09-28 11:00,1,BOR,NWEST,Buffalo Park,23936,Nathan Roux,2,14,17,0,1,b Caleb Seleka,False,False
173031,2026,2026-09-28 11:00,1,BOR,NWEST,Buffalo Park,1464015,Christiaan du Toit,3,18,15,2,1,c Ludwich Schuld b Wihan Lubbe,False,False
173031,2026,2026-09-28 11:00,1,BOR,NWEST,Buffalo Park,13319,Jason Niemand,4,44,32,5,1,b Dupavillon,False,False
173031,2026,2026-09-28 11:00,1,BOR,NWEST,Buffalo Park,15123,Michael Copeland,5,29,24,2,1,not out,False,False
173031,2026,2026-09-28 11:00,1,BOR,NWEST,Buffalo Park,13514,Mncedisi Malika,6,3,5,0,0,not out,False,True
173031,2026,2026-09-28 11:00,1,BOR,NWEST,Buffalo Park,9489,Ayabulela Gqamane,7,0,0,0,0,,False,False
173031,2026,2026-09-28 11:00,1,BOR,NWEST,Buffalo Park,20551,Jan Hardus Coetzer,8,0,0,0,0,,False,False
173031,2026,2026-09-28 11:00,1,BOR,NWEST,Buffalo Park,22061,Alindile Mhletywa,9,0,0,0,0,,False,False
173031,2026,2026-09-28 11:00,1,BOR,NWEST,Buffalo Park,13523,Sithembile Langa,10,0,0,0,0,,False,False
173031,2026,2026-09-28 11:00,1,BOR,NWEST,Buffalo Park,13394,Kgaudisa Molefe,11,0,0,0,0,,False,False
173031,2026,2026-09-28 11:00,2,NWEST,BOR,Buffalo Park,1432803,Ludwich Schuld,1,80,51,4,6,c Gqamane b Michael Copeland,False,True
173031,2026,2026-09-28 11:00,2,NWEST,BOR,Buffalo Park,11497,Wihan Lubbe,2,0,1,0,0,c Christiaan du Toit b S Langa,False,False
173031,2026,2026-09-28 11:00,2,NWEST,BOR,Buffalo Park,14797,Rubin Hermann,3,3,8,0,0,b S Langa,True,False
173031,2026,2026-09-28 11:00,2,NWEST,BOR,Buffalo Park,8528,Diego Rosier,4,33,30,3,0,b Kgaudisa Molefe,False,False
173031,2026,2026-09-28 11:00,2,NWEST,BOR,Buffalo Park,9735,Lesiba Ngoepe,5,2,4,0,0,c Jason Niemand b S Langa,False,False
173031,2026,2026-09-28 11:00,2,NWEST,BOR,Buffalo Park,31972,Juan James,6,6,8,0,0,b Kgaudisa Molefe,False,False
173031,2026,2026-09-28 11:00,2,NWEST,BOR,Buffalo Park,15852,Ruan de Swardt,7,0,1,0,0,run out (Jan Hardus Coetzer),False,False
173031,2026,2026-09-28 11:00,2,NWEST,BOR,Buffalo Park,20526,Caleb Seleka,8,3,10,0,0,c Jason Niemand b Kgaudisa Molefe,False,False
173031,2026,2026-09-28 11:00,2,NWEST,BOR,Buffalo Park,10079,Daryn Dupavillon,9,7,6,0,0,st Mncedisi Malika b Kgaudisa Molefe,False,False
173031,2026,2026-09-28 11:00,2,NWEST,BOR,Buffalo Park,12587,Shimane Alfred Mothoa,10,1,1,0,0,not out,False,False
173031,2026,2026-09-28 11:00,2,NWEST,BOR,Buffalo Park,13151,Mthiwekhaya Nabe,11,0,0,0,0,not out,False,False
173133,2026,2026-09-29 12:00,1,WAR,LIMPO,St George's Park,21386,Jordan Hermann,1,70,45,4,4,c Atwell Mokgoloboto b Ernest Kemm,False,False
173133,2026,2026-09-29 12:00,1,WAR,LIMPO,St George's Park,9801,Sibonelo Makhanya,2,26,16,2,1,c Shelton Ngobeni b Don Radebe,False,False
173133,2026,2026-09-29 12:00,1,WAR,LIMPO,St George's Park,1431305,Matthew de Villiers,3,25,30,2,0,b Marcello Piedt,True,False
173133,2026,2026-09-29 12:00,1,WAR,LIMPO,St George's Park,41704,JP King,4,29,22,1,1,c Irvin Modimokoane b Marcello Piedt,False,False
173133,2026,2026-09-29 12:00,1,WAR,LIMPO,St George's Park,11902,Patrick Kruger,5,3,5,0,0,not out,False,False
173133,2026,2026-09-29 12:00,1,WAR,LIMPO,St George's Park,13318,Jean du Plessis,6,9,3,0,1,not out,False,True
173133,2026,2026-09-29 12:00,1,WAR,LIMPO,St George's Park,13323,Andile Mokgakane,7,0,0,0,0,,False,False
173133,2026,2026-09-29 12:00,1,WAR,LIMPO,St George's Park,13068,Thomas Kaber,8,0,0,0,0,,False,False
173133,2026,2026-09-29 12:00,1,WAR,LIMPO,St George's Park,9490,Beuran Hendricks,9,0,0,0,0,,False,False
173133,2026,2026-09-29 12:00,1,WAR,LIMPO,St George's Park,53454,Wesley Bedja,10,0,0,0,0,,False,False
173133,2026,2026-09-29 12:00,1,WAR,LIMPO,St George's Park,13150,Kerwin Mungroo,11,0,0,0,0,,False,False
173133,2026,2026-09-29 12:00,2,LIMPO,WAR,St George's Park,1464629,Tylor Trenoweth,1,14,11,1,1,b Kerwin Mungroo,False,False
173133,2026,2026-09-29 12:00,2,LIMPO,WAR,St George's Park,20303,Ernest Kemm,2,63,48,5,1,c Jean du Plessis b Thomas Kaber,True,False
173133,2026,2026-09-29 12:00,2,LIMPO,WAR,St George's Park,24071,Christoffel Klijnhans,3,31,27,2,2,c B Hendricks b Thomas Kaber,False,False
173133,2026,2026-09-29 12:00,2,LIMPO,WAR,St George's Park,34968,Keenan Vieira,4,9,15,0,0,c Matthew de Villiers b Thomas Kaber,False,False
173133,2026,2026-09-29 12:00,2,LIMPO,WAR,St George's Park,1464100,Abdullah Bayoumy,5,11,12,1,0,c Jean du Plessis b B Hendricks,False,False
173133,2026,2026-09-29 12:00,2,LIMPO,WAR,St George's Park,14767,Marcello Piedt,6,1,2,0,0,run out (Wesley Bedja),False,False
173133,2026,2026-09-29 12:00,2,LIMPO,WAR,St George's Park,41928,Thomas Mayes,7,0,1,0,0,st Jean du Plessis b Thomas Kaber,False,False
173133,2026,2026-09-29 12:00,2,LIMPO,WAR,St George's Park,24645,Shelton Ngobeni,8,1,2,0,0,run out (Matthew de Villiers),False,True
173133,2026,2026-09-29 12:00,2,LIMPO,WAR,St George's Park,24629,Atwell Mokgoloboto,9,2,2,0,0,not out,False,False
173133,2026,2026-09-29 12:00,2,LIMPO,WAR,St George's Park,20497,Don Radebe,10,0,1,0,0,not out,False,False
173133,2026,2026-09-29 12:00,2,LIMPO,WAR,St George's Park,51046,Irvin Modimokoane,11,0,0,0,0,,False,False
173143,2026,2026-09-29 16:00,1,KNG,BOL,Boland Park,14552,Jacques Snyman,1,23,15,3,1,c Ferisco Adams b Akhona Mnyaka,False,False
173143,2026,2026-09-29 16:00,1,KNG,BOL,Boland Park,1431467,Cole Abrahams,2,66,50,6,1,c Kaplan b Imran Manack,False,False
173143,2026,2026-09-29 16:00,1,KNG,BOL,Boland Park,20546,George Van Heerden,3,53,42,3,2,b Lehan Botha,False,False
173143,2026,2026-09-29 16:00,1,KNG,BOL,Boland Park,19238,Ruan Haasbroek,4,1,4,0,0,lbw b Glenton Stuurman,False,False
173143,2026,2026-09-29 16:00,1,KNG,BOL,Boland Park,8517,Gihahn Cloete,5,13,18,2,0,not out,False,True
173143,2026,2026-09-29 16:00,1,KNG,BOL,Boland Park,15127,Tiaan van Vuuren,6,1,1,0,0,run out (Briesies/Kaplan),False,False
173143,2026,2026-09-29 16:00,1,KNG,BOL,Boland Park,50997,Emmanuel Motswiri,7,0,0,0,0,,False,False
173143,2026,2026-09-29 16:00,1,KNG,BOL,Boland Park,9708,Malusi Siboto,8,0,0,0,0,,False,False
173143,2026,2026-09-29 16:00,1,KNG,BOL,Boland Park,9530,Dane Piedt,9,0,0,0,0,,True,False
173143,2026,2026-09-29 16:00,1,KNG,BOL,Boland Park,24574,Mbongiseni Mhlanga,10,0,0,0,0,,False,False
173143,2026,2026-09-29 16:00,1,KNG,BOL,Boland Park,13629,Junaid Dawood,11,0,0,0,0,,False,False
173143,2026,2026-09-29 16:00,2,BOL,KNG,Boland Park,14308,Neil Brand,1,46,33,5,1,run out (George Van Heerden/Gihahn Cloete),False,False
173143,2026,2026-09-29 16:00,2,BOL,KNG,Boland Park,1480043,Jason Muirhead,2,10,7,0,1,c Dane Piedt b Siboto,False,False
173143,2026,2026-09-29 16:00,2,BOL,KNG,Boland Park,22051,Gavin Kaplan,3,58,41,3,2,not out,False,False
173143,2026,2026-09-29 16:00,2,BOL,KNG,Boland Park,1423887,Lehan Botha,4,22,19,1,1,st Gihahn Cloete b Dane Piedt,False,False
173143,2026,2026-09-29 16:00,2,BOL,KNG,Boland Park,1464213,Gysbert Wege,5,4,8,0,0,c George Van Heerden b Dane Piedt,False,False
173143,2026,2026-09-29 16:00,2,BOL,KNG,Boland Park,20297,Jhedli van Briesies,6,17,10,3,0,c Cole Abrahams b Tiaan van Vuuren,False,True
173143,2026,2026-09-29 16:00,2,BOL,KNG,Boland Park,10194,Ferisco Adams,7,4,2,0,0,not out,False,False
173143,2026,2026-09-29 16:00,2,BOL,KNG,Boland Park,14516,Glenton Stuurman,8,0,0,0,0,,True,False
173143,2026,2026-09-29 16:00,2,BOL,KNG,Boland Park,14687,Imran Manack,9,0,0,0,0,,False,False
173143,2026,2026-09-29 16:00,2,BOL,KNG,Boland Park,19058,Siyabonga Mahima,10,0,0,0,0,,False,False
173143,2026,2026-09-29 16:00,2,BOL,KNG,Boland Park,13066,Akhona Mnyaka,11,0,0,0,0,,False,False
