match_id,season,date,innings,team,opponent,venue,player_id,player,overs,maidens,runs,wickets,economy
53588,2022-23,2022-10-17 12:30,1,DOL,TIT,Senwes Park,13098,Eathan Bosch,4,0,13,2,3.2
53588,2022-23,2022-10-17 12:30,1,DOL,TIT,Senwes Park,8530,Subrayen,3,0,26,0,8.7
53588,2022-23,2022-10-17 12:30,1,DOL,TIT,Senwes Park,13100,Ottniel Baartman,4,0,23,1,5.8
53588,2022-23,2022-10-17 12:30,1,DOL,TIT,Senwes Park,7668,Smuts,2,0,27,0,13.5
53588,2022-23,2022-10-17 12:30,1,DOL,TIT,Senwes Park,13324,Thando Ntini,4,0,49,1,12.2
53588,2022-23,2022-10-17 12:30,1,DOL,TIT,Senwes Park,18687,Simelane,3,0,25,2,8.3
53588,2022-23,2022-10-17 12:30,2,TIT,DOL,Senwes Park,9581,Dayyaan Galiem,3,0,27,1,9
53588,2022-23,2022-10-17 12:30,2,TIT,DOL,Senwes Park,10175,Junior Dala,2,0,16,1,8
53588,2022-23,2022-10-17 12:30,2,TIT,DOL,Senwes Park,7649,Aaron Phangiso,3.4,0,16,3,4.4
53588,2022-23,2022-10-17 12:30,2,TIT,DOL,Senwes Park,9576,Corbin Bosch,2,0,20,0,10
53588,2022-23,2022-10-17 12:30,2,TIT,DOL,Senwes Park,14308,Neil Brand,4,0,20,1,5
53588,2022-23,2022-10-17 12:30,2,TIT,DOL,Senwes Park,9489,Ayabulela Gqamane,1,0,11,0,11
53588,2022-23,2022-10-17 12:30,2,TIT,DOL,Senwes Park,20538,Dewald Brevis,3,0,20,1,6.7
53595,2022-23,2022-10-17 16:00,1,NWEST,LIONS,Senwes Park,18523,Duan Jansen,3,0,32,1,10.7
53595,2022-23,2022-10-17 16:00,1,NWEST,LIONS,Senwes Park,13150,Mungroo,4,0,35,1,8.8
53595,2022-23,2022-10-17 16:00,1,NWEST,LIONS,Senwes Park,10992,Eldred Hawken,4,0,30,2,7.5
53595,2022-23,2022-10-17 16:00,1,NWEST,LIONS,Senwes Park,20526,Caleb Seleka,3,0,24,0,8
53595,2022-23,2022-10-17 16:00,1,NWEST,LIONS,Senwes Park,14566,Delano Potgieter,4,0,29,2,7.2
53595,2022-23,2022-10-17 16:00,1,NWEST,LIONS,Senwes Park,11432,Senuran Muthusamy,2,0,20,0,10
53595,2022-23,2022-10-17 16:00,2,LIONS,NWEST,Senwes Park,11208,Lutho Sipamla,3,0,38,2,12.7
53595,2022-23,2022-10-17 16:00,2,LIONS,NWEST,Senwes Park,11872,Tladi Bokako,3,0,22,1,7.3
53595,2022-23,2022-10-17 16:00,2,LIONS,NWEST,Senwes Park,24546,Codi Yusuf,3,0,28,1,9.3
53595,2022-23,2022-10-17 16:00,2,LIONS,NWEST,Senwes Park,11200,Wiaan Mulder,3,0,20,1,6.7
53595,2022-23,2022-10-17 16:00,2,LIONS,NWEST,Senwes Park,9708,Malusi Siboto,2.1,0,17,0,7.8
53595,2022-23,2022-10-17 16:00,2,LIONS,NWEST,Senwes Park,33113,Tetelo Maphaka,2,0,24,0,12
53595,2022-23,2022-10-17 16:00,2,LIONS,NWEST,Senwes Park,20308,Evan Jones,1,0,8,0,8
53595,2022-23,2022-10-17 16:00,2,LIONS,NWEST,Senwes Park,9719,Cameron Delport,2,0,15,1,7.5
53609,2022-23,2022-10-18 16:00,1,BOL,WPR,Senwes Park,9493,Viljoen,4,0,29,1,7.2
53609,2022-23,2022-10-18 16:00,1,BOL,WPR,Senwes Park,15564,Khwezi Gumede,4,0,42,1,10.5
53609,2022-23,2022-10-18 16:00,1,BOL,WPR,Senwes Park,10194,Ferisco Adams,4,0,20,2,5
53609,2022-23,2022-10-18 16:00,1,BOL,WPR,Senwes Park,14687,Imran Manack,4,0,26,2,6.5
53609,2022-23,2022-10-18 16:00,1,BOL,WPR,Senwes Park,20417,Bamanye Xenxe,4,0,34,1,8.5
53609,2022-23,2022-10-18 16:00,2,WPR,BOL,Senwes Park,10679,Tshepo Moreki,3,0,24,2,8
53609,2022-23,2022-10-18 16:00,2,WPR,BOL,Senwes Park,17026,Mihlali Mpongwana,1,0,15,0,15
53609,2022-23,2022-10-18 16:00,2,WPR,BOL,Senwes Park,12223,Kyle Simmonds,4,0,40,1,10
53609,2022-23,2022-10-18 16:00,2,WPR,BOL,Senwes Park,31979,Abdullah Bayoumy,4,0,38,2,9.5
53609,2022-23,2022-10-18 16:00,2,WPR,BOL,Senwes Park,10187,George Linde,2.1,0,18,0,8.3
53609,2022-23,2022-10-18 16:00,2,WPR,BOL,Senwes Park,13629,Junaid Dawood,2,0,18,0,9
53616,2022-23,2022-10-19 12:30,1,LIONS,TIT,Senwes Park,11208,Sipamla,4,0,42,2,10.5
53616,2022-23,2022-10-19 12:30,1,LIONS,TIT,Senwes Park,33183,Muhammad Manack,1,0,9,0,9
53616,2022-23,2022-10-19 12:30,1,LIONS,TIT,Senwes Park,11200,Mulder,3,0,27,0,9
53616,2022-23,2022-10-19 12:30,1,LIONS,TIT,Senwes Park,24546,Codi Yusuf,2,0,29,0,14.5
53616,2022-23,2022-10-19 12:30,1,LIONS,TIT,Senwes Park,9708,Siboto,4,0,26,1,6.5
53616,2022-23,2022-10-19 12:30,1,LIONS,TIT,Senwes Park,33113,Tetelo Maphaka,2,0,19,1,9.5
53616,2022-23,2022-10-19 12:30,1,LIONS,TIT,Senwes Park,9719,Delport,1,0,15,1,15
53616,2022-23,2022-10-19 12:30,1,LIONS,TIT,Senwes Park,20308,Evan Jones,3,0,18,1,6
53616,2022-23,2022-10-19 12:30,2,TIT,LIONS,Senwes Park,10175,Junior Dala,4,0,30,2,7.5
53616,2022-23,2022-10-19 12:30,2,TIT,LIONS,Senwes Park,9540,Simon Harmer,2,1,12,1,6
53616,2022-23,2022-10-19 12:30,2,TIT,LIONS,Senwes Park,9581,Dayyaan Galiem,2,0,9,1,4.5
53616,2022-23,2022-10-19 12:30,2,TIT,LIONS,Senwes Park,7649,Aaron Phangiso,4,0,16,1,4
53616,2022-23,2022-10-19 12:30,2,TIT,LIONS,Senwes Park,9489,Ayabulela Gqamane,2,0,17,2,8.5
53616,2022-23,2022-10-19 12:30,2,TIT,LIONS,Senwes Park,20538,Dewald Brevis,4,0,19,2,4.8
53616,2022-23,2022-10-19 12:30,2,TIT,LIONS,Senwes Park,9576,Corbin Bosch,2,0,10,0,5
53623,2022-23,2022-10-19 16:00,1,NWEST,DOL,Senwes Park,13150,Mungroo,4,0,32,2,8
53623,2022-23,2022-10-19 16:00,1,NWEST,DOL,Senwes Park,18523,Duan Jansen,4,0,36,0,9
53623,2022-23,2022-10-19 16:00,1,NWEST,DOL,Senwes Park,10992,Eldred Hawken,3,0,43,0,14.3
53623,2022-23,2022-10-19 16:00,1,NWEST,DOL,Senwes Park,14566,Delano Potgieter,2,0,23,1,11.5
53623,2022-23,2022-10-19 16:00,1,NWEST,DOL,Senwes Park,11432,Senuran Muthusamy,4,0,11,1,2.8
53623,2022-23,2022-10-19 16:00,1,NWEST,DOL,Senwes Park,20526,Caleb Seleka,3,0,15,0,5
53623,2022-23,2022-10-19 16:00,2,DOL,NWEST,Senwes Park,13098,Eathan Bosch,4,0,20,2,5
53623,2022-23,2022-10-19 16:00,2,DOL,NWEST,Senwes Park,7668,JJ Smuts,4,0,23,1,5.8
53623,2022-23,2022-10-19 16:00,2,DOL,NWEST,Senwes Park,13100,Ottniel Baartman,4,0,30,3,7.5
53623,2022-23,2022-10-19 16:00,2,DOL,NWEST,Senwes Park,13324,Thando Ntini,2,0,18,1,9
53623,2022-23,2022-10-19 16:00,2,DOL,NWEST,Senwes Park,14586,Bryce Parsons,2,0,18,1,9
53623,2022-23,2022-10-19 16:00,2,DOL,NWEST,Senwes Park,8530,Prenelan Subrayen,4,0,21,1,5.2
53630,2022-23,2022-10-20 12:30,1,KNG,WPR,Senwes Park,10993,Budaza,2,0,25,1,12.5
53630,2022-23,2022-10-20 12:30,1,KNG,WPR,Senwes Park,13069,Migael Pretorius,3,0,16,0,5.3
53630,2022-23,2022-10-20 12:30,1,KNG,WPR,Senwes Park,13320,Gerald Coetzee,3.5,0,22,4,5.7
53630,2022-23,2022-10-20 12:30,1,KNG,WPR,Senwes Park,14552,Snyman,4,0,13,2,3.2
53630,2022-23,2022-10-20 12:30,1,KNG,WPR,Senwes Park,12587,Alfred Mothoa,2,0,10,0,5
53630,2022-23,2022-10-20 12:30,1,KNG,WPR,Senwes Park,10797,Swanepoel,4,0,24,3,6
53630,2022-23,2022-10-20 12:30,2,WPR,KNG,Senwes Park,10187,George Linde,3,0,25,0,8.3
53630,2022-23,2022-10-20 12:30,2,WPR,KNG,Senwes Park,10679,Tshepo Moreki,2,0,16,1,8
53630,2022-23,2022-10-20 12:30,2,WPR,KNG,Senwes Park,9702,Dane Paterson,3.5,0,34,0,8.9
53630,2022-23,2022-10-20 12:30,2,WPR,KNG,Senwes Park,13629,Junaid Dawood,3,0,30,0,10
53630,2022-23,2022-10-20 12:30,2,WPR,KNG,Senwes Park,12223,Kyle Simmonds,2,0,12,0,6
53632,2022-23,2022-10-20 16:00,1,BOL,WAR,Senwes Park,9493,Viljoen,4,1,29,1,7.2
53632,2022-23,2022-10-20 16:00,1,BOL,WAR,Senwes Park,10194,Ferisco Adams,4,0,48,0,12
53632,2022-23,2022-10-20 16:00,1,BOL,WAR,Senwes Park,14687,Imran Manack,4,0,13,0,3.2
53632,2022-23,2022-10-20 16:00,1,BOL,WAR,Senwes Park,15564,Khwezi Gumede,2,0,23,1,11.5
53632,2022-23,2022-10-20 16:00,1,BOL,WAR,Senwes Park,15123,Michael Copeland,3,0,22,1,7.3
53632,2022-23,2022-10-20 16:00,1,BOL,WAR,Senwes Park,20417,Bamanye Xenxe,3,0,28,1,9.3
53632,2022-23,2022-10-20 16:00,2,WAR,BOL,Senwes Park,14516,Glenton Stuurman,4,0,33,1,8.2
53632,2022-23,2022-10-20 16:00,2,WAR,BOL,Senwes Park,13394,Kgaudisa Molefe,4,0,28,0,7
53632,2022-23,2022-10-20 16:00,2,WAR,BOL,Senwes Park,11497,Wihan Lubbe,1,0,11,0,11
53632,2022-23,2022-10-20 16:00,2,WAR,BOL,Senwes Park,11204,Ziyaad Abrahams,4,0,35,3,8.8
53632,2022-23,2022-10-20 16:00,2,WAR,BOL,Senwes Park,16433,Beyers Swanepoel,4,0,25,0,6.2
53632,2022-23,2022-10-20 16:00,2,WAR,BOL,Senwes Park,14428,Tsepo Ndwandwa,3,0,24,2,8
53637,2022-23,2022-10-21 12:30,1,WPR,TIT,Senwes Park,13630,Nandre Burger,3,0,20,2,6.7
53637,2022-23,2022-10-21 12:30,1,WPR,TIT,Senwes Park,10679,Tshepo Moreki,3,0,24,2,8
53637,2022-23,2022-10-21 12:30,1,WPR,TIT,Senwes Park,9702,Dane Paterson,3,0,29,0,9.7
53637,2022-23,2022-10-21 12:30,1,WPR,TIT,Senwes Park,10187,George Linde,2,0,19,0,9.5
53637,2022-23,2022-10-21 12:30,1,WPR,TIT,Senwes Park,17026,Mpongwana,2,0,14,3,7
53637,2022-23,2022-10-21 12:30,2,TIT,WPR,Senwes Park,9489,Ayabulela Gqamane,2,0,22,2,11
53637,2022-23,2022-10-21 12:30,2,TIT,WPR,Senwes Park,10175,Junior Dala,3,0,20,1,6.7
53637,2022-23,2022-10-21 12:30,2,TIT,WPR,Senwes Park,9540,Simon Harmer,3,0,15,2,5
53637,2022-23,2022-10-21 12:30,2,TIT,WPR,Senwes Park,7649,Aaron Phangiso,3,0,23,0,7.7
53637,2022-23,2022-10-21 12:30,2,TIT,WPR,Senwes Park,20538,Dewald Brevis,2,0,13,1,6.5
53644,2022-23,2022-10-21 16:00,1,LIONS,WAR,Senwes Park,33183,Muhammad Manack,3,0,22,0,7.3
53644,2022-23,2022-10-21 16:00,1,LIONS,WAR,Senwes Park,11872,Tladi Bokako,2,0,7,0,3.5
53644,2022-23,2022-10-21 16:00,1,LIONS,WAR,Senwes Park,11200,Mulder,2,0,11,0,5.5
53644,2022-23,2022-10-21 16:00,1,LIONS,WAR,Senwes Park,9708,Siboto,2,0,11,0,5.5
53644,2022-23,2022-10-21 16:00,1,LIONS,WAR,Senwes Park,11208,Sipamla,1,0,15,1,15
53644,2022-23,2022-10-21 16:00,1,LIONS,WAR,Senwes Park,33113,Tetelo Maphaka,3,0,17,1,5.7
53644,2022-23,2022-10-21 16:00,1,LIONS,WAR,Senwes Park,20308,Evan Jones,4,0,20,2,5
53644,2022-23,2022-10-21 16:00,2,WAR,LIONS,Senwes Park,14516,Glenton Stuurman,2,0,24,0,12
53644,2022-23,2022-10-21 16:00,2,WAR,LIONS,Senwes Park,11204,Ziyaad Abrahams,1.3,0,33,0,22
53644,2022-23,2022-10-21 16:00,2,WAR,LIONS,Senwes Park,11497,Wihan Lubbe,1,0,7,1,7
53644,2022-23,2022-10-21 16:00,2,WAR,LIONS,Senwes Park,16433,Beyers Swanepoel,3,0,16,1,5.3
53644,2022-23,2022-10-21 16:00,2,WAR,LIONS,Senwes Park,13394,Kgaudisa Molefe,1,0,8,0,8
53644,2022-23,2022-10-21 16:00,2,WAR,LIONS,Senwes Park,14428,Tsepo Ndwandwa,2,0,10,0,5
53646,2022-23,2022-10-22 08:00,1,BOL,DOL,Senwes Park,9493,Viljoen,3,1,11,0,3.7
53646,2022-23,2022-10-22 08:00,1,BOL,DOL,Senwes Park,10194,Ferisco Adams,4,0,29,2,7.2
53646,2022-23,2022-10-22 08:00,1,BOL,DOL,Senwes Park,14687,Imran Manack,4,0,39,0,9.8
53646,2022-23,2022-10-22 08:00,1,BOL,DOL,Senwes Park,20417,Bamanye Xenxe,4,0,21,3,5.2
53646,2022-23,2022-10-22 08:00,1,BOL,DOL,Senwes Park,9736,von Berg,4,0,27,2,6.8
53646,2022-23,2022-10-22 08:00,1,BOL,DOL,Senwes Park,15123,Michael Copeland,1,0,8,0,8
53646,2022-23,2022-10-22 08:00,2,DOL,BOL,Senwes Park,13098,Eathan Bosch,3,1,17,2,5.7
53646,2022-23,2022-10-22 08:00,2,DOL,BOL,Senwes Park,10079,Daryn Dupavillon,3,0,17,0,5.7
53646,2022-23,2022-10-22 08:00,2,DOL,BOL,Senwes Park,13100,Ottniel Baartman,2,0,17,0,8.5
53646,2022-23,2022-10-22 08:00,2,DOL,BOL,Senwes Park,8530,Prenelan Subrayen,2,0,14,1,7
53646,2022-23,2022-10-22 08:00,2,DOL,BOL,Senwes Park,18687,Andile Simelane,1.2,0,16,0,12
53651,2022-23,2022-10-22 12:30,1,TIT,NWEST,Senwes Park,9489,Gqamane,2,0,13,1,6.5
53651,2022-23,2022-10-22 12:30,1,TIT,NWEST,Senwes Park,10175,Junior Dala,4,0,31,2,7.8
53651,2022-23,2022-10-22 12:30,1,TIT,NWEST,Senwes Park,9581,D Galiem,1,0,4,0,4
53651,2022-23,2022-10-22 12:30,1,TIT,NWEST,Senwes Park,14308,Neil Brand,4,0,34,1,8.5
53651,2022-23,2022-10-22 12:30,1,TIT,NWEST,Senwes Park,7649,Phangiso,4,0,22,0,5.5
53651,2022-23,2022-10-22 12:30,1,TIT,NWEST,Senwes Park,9540,Harmer,4,0,18,1,4.5
53651,2022-23,2022-10-22 12:30,1,TIT,NWEST,Senwes Park,20538,Dewald Brevis,1,0,9,1,9
53651,2022-23,2022-10-22 12:30,2,NWEST,TIT,Senwes Park,13150,Kerwin Mungroo,2,0,20,0,10
53651,2022-23,2022-10-22 12:30,2,NWEST,TIT,Senwes Park,18523,Duan Jansen,3,0,23,0,7.7
53651,2022-23,2022-10-22 12:30,2,NWEST,TIT,Senwes Park,11432,Senuran Muthusamy,2,0,12,0,6
53651,2022-23,2022-10-22 12:30,2,NWEST,TIT,Senwes Park,20287,Renaldo Meyer,4,0,19,2,4.8
53651,2022-23,2022-10-22 12:30,2,NWEST,TIT,Senwes Park,20551,Hardus Coetzer,1.3,0,22,0,14.7
53651,2022-23,2022-10-22 12:30,2,NWEST,TIT,Senwes Park,20526,Caleb Seleka,4,0,29,3,7.2
53651,2022-23,2022-10-22 12:30,2,NWEST,TIT,Senwes Park,14566,Delano Potgieter,1,0,8,0,8
53667,2022-23,2022-10-25 12:30,1,WAR,DOL,Senwes Park,13394,Kgaudisa Molefe,4,0,38,1,9.5
53667,2022-23,2022-10-25 12:30,1,WAR,DOL,Senwes Park,14516,Glenton Stuurman,4,0,35,1,8.8
53667,2022-23,2022-10-25 12:30,1,WAR,DOL,Senwes Park,16433,Beyers Swanepoel,4,1,23,1,5.8
53667,2022-23,2022-10-25 12:30,1,WAR,DOL,Senwes Park,15127,Tiaan van Vuuren,2,0,25,0,12.5
53667,2022-23,2022-10-25 12:30,1,WAR,DOL,Senwes Park,11204,Abrahams,4,0,57,0,14.2
53667,2022-23,2022-10-25 12:30,1,WAR,DOL,Senwes Park,11497,Wihan Lubbe,1,0,4,1,4
53667,2022-23,2022-10-25 12:30,1,WAR,DOL,Senwes Park,8528,Diego Rosier,1,0,7,0,7
53667,2022-23,2022-10-25 12:30,2,DOL,WAR,Senwes Park,13098,Eathan Bosch,2,0,3,2,1.5
53667,2022-23,2022-10-25 12:30,2,DOL,WAR,Senwes Park,10079,Daryn Dupavillon,2,0,5,0,2.5
53667,2022-23,2022-10-25 12:30,2,DOL,WAR,Senwes Park,8530,Prenelan Subrayen,3,0,14,2,4.7
53667,2022-23,2022-10-25 12:30,2,DOL,WAR,Senwes Park,13100,Ottniel Baartman,2.2,1,14,5,6
53667,2022-23,2022-10-25 12:30,2,DOL,WAR,Senwes Park,18687,Andile Simelane,2,0,16,0,8
53667,2022-23,2022-10-25 12:30,2,DOL,WAR,Senwes Park,7668,JJ Smuts,2,0,10,1,5
53674,2022-23,2022-10-25 16:00,1,TIT,BOL,Senwes Park,9489,Gqamane,2,0,10,1,5
53674,2022-23,2022-10-25 16:00,1,TIT,BOL,Senwes Park,14308,Neil Brand,3,0,21,1,7
53674,2022-23,2022-10-25 16:00,1,TIT,BOL,Senwes Park,7649,Phangiso,4,1,17,1,4.2
53674,2022-23,2022-10-25 16:00,1,TIT,BOL,Senwes Park,10175,Junior Dala,4,0,20,3,5
53674,2022-23,2022-10-25 16:00,1,TIT,BOL,Senwes Park,23341,Matthew Boast,2,0,18,0,9
53674,2022-23,2022-10-25 16:00,1,TIT,BOL,Senwes Park,20538,Dewald Brevis,2,0,10,0,5
53674,2022-23,2022-10-25 16:00,1,TIT,BOL,Senwes Park,9576,Corbin Bosch,1,0,12,0,12
53674,2022-23,2022-10-25 16:00,1,TIT,BOL,Senwes Park,9540,Harmer,1,0,4,0,4
53674,2022-23,2022-10-25 16:00,1,TIT,BOL,Senwes Park,9581,D Galiem,1,0,9,0,9
53674,2022-23,2022-10-25 16:00,2,BOL,TIT,Senwes Park,9493,Hardus Viljoen,4,0,35,2,8.8
53674,2022-23,2022-10-25 16:00,2,BOL,TIT,Senwes Park,10194,Ferisco Adams,3,0,13,1,4.3
53674,2022-23,2022-10-25 16:00,2,BOL,TIT,Senwes Park,14687,Imran Manack,4,0,15,0,3.8
53674,2022-23,2022-10-25 16:00,2,BOL,TIT,Senwes Park,9736,Shaun von Berg,3,0,20,1,6.7
53674,2022-23,2022-10-25 16:00,2,BOL,TIT,Senwes Park,20417,Bamanye Xenxe,3,0,20,3,6.7
53679,2022-23,2022-10-26 12:30,1,DOL,LIONS,Senwes Park,13098,Eathan Bosch,4,0,34,0,8.5
53679,2022-23,2022-10-26 12:30,1,DOL,LIONS,Senwes Park,8530,Subrayen,3,0,23,1,7.7
53679,2022-23,2022-10-26 12:30,1,DOL,LIONS,Senwes Park,10079,Dupavillon,4,0,30,3,7.5
53679,2022-23,2022-10-26 12:30,1,DOL,LIONS,Senwes Park,13100,Ottniel Baartman,4,0,30,2,7.5
53679,2022-23,2022-10-26 12:30,1,DOL,LIONS,Senwes Park,18687,Simelane,1,0,8,0,8
53679,2022-23,2022-10-26 12:30,1,DOL,LIONS,Senwes Park,7668,Smuts,4,0,38,0,9.5
53679,2022-23,2022-10-26 12:30,2,LIONS,DOL,Senwes Park,11872,Tladi Bokako,3,0,32,0,10.7
53679,2022-23,2022-10-26 12:30,2,LIONS,DOL,Senwes Park,33113,Tetelo Maphaka,2,0,21,0,10.5
53679,2022-23,2022-10-26 12:30,2,LIONS,DOL,Senwes Park,11200,Wiaan Mulder,1.2,0,14,0,10.5
53679,2022-23,2022-10-26 12:30,2,LIONS,DOL,Senwes Park,24546,Codi Yusuf,4,0,26,1,6.5
53679,2022-23,2022-10-26 12:30,2,LIONS,DOL,Senwes Park,9708,Malusi Siboto,3,0,26,0,8.7
53679,2022-23,2022-10-26 12:30,2,LIONS,DOL,Senwes Park,10763,Ayavuya Myoli,1,0,11,0,11
53679,2022-23,2022-10-26 12:30,2,LIONS,DOL,Senwes Park,20308,Evan Jones,4,0,32,0,8
53686,2022-23,2022-10-26 16:00,1,BOL,KNG,Senwes Park,9493,Viljoen,4,0,24,0,6
53686,2022-23,2022-10-26 16:00,1,BOL,KNG,Senwes Park,10194,Ferisco Adams,2,0,18,0,9
53686,2022-23,2022-10-26 16:00,1,BOL,KNG,Senwes Park,20417,Bamanye Xenxe,4,0,30,4,7.5
53686,2022-23,2022-10-26 16:00,1,BOL,KNG,Senwes Park,14687,Imran Manack,4,0,38,1,9.5
53686,2022-23,2022-10-26 16:00,1,BOL,KNG,Senwes Park,9736,von Berg,4,0,43,1,10.8
53686,2022-23,2022-10-26 16:00,1,BOL,KNG,Senwes Park,11398,Leus du Plooy,2,0,25,0,12.5
53686,2022-23,2022-10-26 16:00,2,KNG,BOL,Senwes Park,10993,Mbulelo Budaza,4,0,28,2,7
53686,2022-23,2022-10-26 16:00,2,KNG,BOL,Senwes Park,13069,Migael Pretorius,4,0,43,0,10.8
53686,2022-23,2022-10-26 16:00,2,KNG,BOL,Senwes Park,13320,Gerald Coetzee,4,0,36,4,9
53686,2022-23,2022-10-26 16:00,2,KNG,BOL,Senwes Park,12587,Alfred Mothoa,2,0,12,0,6
53686,2022-23,2022-10-26 16:00,2,KNG,BOL,Senwes Park,10797,Aubrey Swanepoel,4,0,39,2,9.8
53686,2022-23,2022-10-26 16:00,2,KNG,BOL,Senwes Park,11902,Patrick Kruger,1.4,0,15,2,9
53693,2022-23,2022-10-27 16:00,1,NWEST,WPR,Senwes Park,13150,Mungroo,4,0,36,0,9
53693,2022-23,2022-10-27 16:00,1,NWEST,WPR,Senwes Park,18523,Duan Jansen,4,0,26,2,6.5
53693,2022-23,2022-10-27 16:00,1,NWEST,WPR,Senwes Park,14566,Delano Potgieter,2,0,20,0,10
53693,2022-23,2022-10-27 16:00,1,NWEST,WPR,Senwes Park,11432,Senuran Muthusamy,1,0,12,0,12
53693,2022-23,2022-10-27 16:00,1,NWEST,WPR,Senwes Park,20287,Renaldo Meyer,2,0,15,0,7.5
53693,2022-23,2022-10-27 16:00,1,NWEST,WPR,Senwes Park,20526,Caleb Seleka,3,0,38,1,12.7
53693,2022-23,2022-10-27 16:00,1,NWEST,WPR,Senwes Park,20551,Hardus Coetzer,2,0,12,1,6
53693,2022-23,2022-10-27 16:00,2,WPR,NWEST,Senwes Park,13630,Nandre Burger,4,0,30,2,7.5
53693,2022-23,2022-10-27 16:00,2,WPR,NWEST,Senwes Park,9702,Dane Paterson,4,0,28,2,7
53693,2022-23,2022-10-27 16:00,2,WPR,NWEST,Senwes Park,10187,George Linde,2,0,13,0,6.5
53693,2022-23,2022-10-27 16:00,2,WPR,NWEST,Senwes Park,10679,Tshepo Moreki,4,0,22,1,5.5
53693,2022-23,2022-10-27 16:00,2,WPR,NWEST,Senwes Park,17026,Mihlali Mpongwana,2,0,25,0,12.5
53693,2022-23,2022-10-27 16:00,2,WPR,NWEST,Senwes Park,13629,Junaid Dawood,2,0,15,1,7.5
53695,2022-23,2022-10-28 12:30,1,TIT,WAR,Senwes Park,9489,Gqamane,2,0,15,0,7.5
53695,2022-23,2022-10-28 12:30,1,TIT,WAR,Senwes Park,10175,Junior Dala,4,0,30,1,7.5
53695,2022-23,2022-10-28 12:30,1,TIT,WAR,Senwes Park,9540,Harmer,4,0,12,2,3
53695,2022-23,2022-10-28 12:30,1,TIT,WAR,Senwes Park,9581,D Galiem,3,0,13,0,4.3
53695,2022-23,2022-10-28 12:30,1,TIT,WAR,Senwes Park,7649,Phangiso,4,0,23,4,5.8
53695,2022-23,2022-10-28 12:30,1,TIT,WAR,Senwes Park,14308,Neil Brand,1,0,5,0,5
53695,2022-23,2022-10-28 12:30,1,TIT,WAR,Senwes Park,20538,Dewald Brevis,2,0,17,0,8.5
53695,2022-23,2022-10-28 12:30,2,WAR,TIT,Senwes Park,13066,Akhona Mnyaka,3.3,0,23,2,6.6
53695,2022-23,2022-10-28 12:30,2,WAR,TIT,Senwes Park,14516,Glenton Stuurman,4,0,19,2,4.8
53695,2022-23,2022-10-28 12:30,2,WAR,TIT,Senwes Park,15127,Tiaan van Vuuren,2,0,14,0,7
53695,2022-23,2022-10-28 12:30,2,WAR,TIT,Senwes Park,11204,Ziyaad Abrahams,4,0,26,2,6.5
53695,2022-23,2022-10-28 12:30,2,WAR,TIT,Senwes Park,14428,Tsepo Ndwandwa,4,0,21,2,5.2
53695,2022-23,2022-10-28 12:30,2,WAR,TIT,Senwes Park,11497,Wihan Lubbe,1,0,9,0,9
53695,2022-23,2022-10-28 12:30,2,WAR,TIT,Senwes Park,8528,Diego Rosier,1,0,6,0,6
53702,2022-23,2022-10-29 08:00,1,BOL,NWEST,Senwes Park,9493,Viljoen,4,0,13,1,3.2
53702,2022-23,2022-10-29 08:00,1,BOL,NWEST,Senwes Park,15564,Khwezi Gumede,3,0,31,0,10.3
53702,2022-23,2022-10-29 08:00,1,BOL,NWEST,Senwes Park,20417,Bamanye Xenxe,4,0,32,2,8
53702,2022-23,2022-10-29 08:00,1,BOL,NWEST,Senwes Park,14687,Imran Manack,4,0,30,1,7.5
53702,2022-23,2022-10-29 08:00,1,BOL,NWEST,Senwes Park,9736,von Berg,4,0,26,1,6.5
53702,2022-23,2022-10-29 08:00,1,BOL,NWEST,Senwes Park,15123,Michael Copeland,1,0,10,0,10
53702,2022-23,2022-10-29 08:00,2,NWEST,BOL,Senwes Park,18523,Duan Jansen,2,0,10,0,5
53702,2022-23,2022-10-29 08:00,2,NWEST,BOL,Senwes Park,13150,Kerwin Mungroo,1,0,13,1,13
53702,2022-23,2022-10-29 08:00,2,NWEST,BOL,Senwes Park,10992,Eldred Hawken,2,0,18,1,9
53702,2022-23,2022-10-29 08:00,2,NWEST,BOL,Senwes Park,11432,Senuran Muthusamy,2,0,29,0,14.5
53702,2022-23,2022-10-29 08:00,2,NWEST,BOL,Senwes Park,20287,Renaldo Meyer,3.1,0,26,1,8.2
53702,2022-23,2022-10-29 08:00,2,NWEST,BOL,Senwes Park,14566,Delano Potgieter,1,0,14,0,14
53702,2022-23,2022-10-29 08:00,2,NWEST,BOL,Senwes Park,20526,Caleb Seleka,4,0,22,2,5.5
53707,2022-23,2022-10-29 12:30,1,DOL,WPR,Senwes Park,13098,Eathan Bosch,4,0,17,1,4.2
53707,2022-23,2022-10-29 12:30,1,DOL,WPR,Senwes Park,10079,Dupavillon,3,1,5,2,1.7
53707,2022-23,2022-10-29 12:30,1,DOL,WPR,Senwes Park,13100,Ottniel Baartman,3,0,16,2,5.3
53707,2022-23,2022-10-29 12:30,1,DOL,WPR,Senwes Park,8530,Subrayen,4,0,16,2,4
53707,2022-23,2022-10-29 12:30,1,DOL,WPR,Senwes Park,7668,Smuts,4,1,12,3,3
53707,2022-23,2022-10-29 12:30,2,WPR,DOL,Senwes Park,13630,Nandre Burger,2,0,10,1,5
53707,2022-23,2022-10-29 12:30,2,WPR,DOL,Senwes Park,10187,George Linde,2,0,15,0,7.5
53707,2022-23,2022-10-29 12:30,2,WPR,DOL,Senwes Park,10679,Tshepo Moreki,2.4,0,17,1,6.4
53707,2022-23,2022-10-29 12:30,2,WPR,DOL,Senwes Park,9702,Dane Paterson,1,0,13,0,13
53707,2022-23,2022-10-29 12:30,2,WPR,DOL,Senwes Park,13629,Junaid Dawood,2,0,15,1,7.5
53709,2022-23,2022-10-30 12:30,1,NWEST,WAR,Senwes Park,10992,Eldred Hawken,4,0,33,0,8.2
53709,2022-23,2022-10-30 12:30,1,NWEST,WAR,Senwes Park,18523,Duan Jansen,4,0,30,1,7.5
53709,2022-23,2022-10-30 12:30,1,NWEST,WAR,Senwes Park,20551,Hardus Coetzer,3,0,21,2,7
53709,2022-23,2022-10-30 12:30,1,NWEST,WAR,Senwes Park,20287,Renaldo Meyer,3,0,26,1,8.7
53709,2022-23,2022-10-30 12:30,1,NWEST,WAR,Senwes Park,11432,Senuran Muthusamy,2,0,11,0,5.5
53709,2022-23,2022-10-30 12:30,1,NWEST,WAR,Senwes Park,11903,Zuma,3,0,26,0,8.7
53709,2022-23,2022-10-30 12:30,1,NWEST,WAR,Senwes Park,20526,Caleb Seleka,1,0,11,0,11
53709,2022-23,2022-10-30 12:30,2,WAR,NWEST,Senwes Park,14516,Glenton Stuurman,4,0,26,2,6.5
53709,2022-23,2022-10-30 12:30,2,WAR,NWEST,Senwes Park,14428,Tsepo Ndwandwa,4,0,33,1,8.2
53709,2022-23,2022-10-30 12:30,2,WAR,NWEST,Senwes Park,16433,Beyers Swanepoel,3,0,27,0,9
53709,2022-23,2022-10-30 12:30,2,WAR,NWEST,Senwes Park,13394,Kgaudisa Molefe,4,0,28,1,7
53709,2022-23,2022-10-30 12:30,2,WAR,NWEST,Senwes Park,11497,Wihan Lubbe,3,0,23,0,7.7
53709,2022-23,2022-10-30 12:30,2,WAR,NWEST,Senwes Park,15127,Tiaan van Vuuren,2,0,14,0,7
53716,2022-23,2022-10-31 12:30,1,KNG,TIT,Senwes Park,10993,Budaza,4,0,61,0,15.2
53716,2022-23,2022-10-31 12:30,1,KNG,TIT,Senwes Park,13069,Migael Pretorius,4,0,41,1,10.2
53716,2022-23,2022-10-31 12:30,1,KNG,TIT,Senwes Park,13320,Gerald Coetzee,3.3,0,42,1,12
53716,2022-23,2022-10-31 12:30,1,KNG,TIT,Senwes Park,14552,Snyman,2,0,30,0,15
53716,2022-23,2022-10-31 12:30,1,KNG,TIT,Senwes Park,11902,Patrick Kruger,2,0,31,0,15.5
53716,2022-23,2022-10-31 12:30,1,KNG,TIT,Senwes Park,10797,Swanepoel,4,0,56,1,14
53716,2022-23,2022-10-31 12:30,1,KNG,TIT,Senwes Park,20312,Motlhoaring,0.3,0,9,0,18
53716,2022-23,2022-10-31 12:30,2,TIT,KNG,Senwes Park,9489,Ayabulela Gqamane,2,0,29,1,14.5
53716,2022-23,2022-10-31 12:30,2,TIT,KNG,Senwes Park,10175,Junior Dala,2,0,30,0,15
53716,2022-23,2022-10-31 12:30,2,TIT,KNG,Senwes Park,7649,Aaron Phangiso,4,0,44,2,11
53716,2022-23,2022-10-31 12:30,2,TIT,KNG,Senwes Park,14308,Neil Brand,4,0,28,3,7
53716,2022-23,2022-10-31 12:30,2,TIT,KNG,Senwes Park,9540,Simon Harmer,3,0,29,1,9.7
53716,2022-23,2022-10-31 12:30,2,TIT,KNG,Senwes Park,9581,Dayyaan Galiem,2,0,21,1,10.5
53716,2022-23,2022-10-31 12:30,2,TIT,KNG,Senwes Park,9801,Sibonelo Makhanya,1,0,10,0,10
53716,2022-23,2022-10-31 12:30,2,TIT,KNG,Senwes Park,20538,Dewald Brevis,2,0,36,1,18
53721,2022-23,2022-10-31 16:00,1,WPR,LIONS,Senwes Park,13630,Nandre Burger,4,0,22,3,5.5
53721,2022-23,2022-10-31 16:00,1,WPR,LIONS,Senwes Park,9490,B Hendricks,4,0,39,0,9.8
53721,2022-23,2022-10-31 16:00,1,WPR,LIONS,Senwes Park,10679,Tshepo Moreki,4,0,22,4,5.5
53721,2022-23,2022-10-31 16:00,1,WPR,LIONS,Senwes Park,10187,George Linde,4,0,29,0,7.2
53721,2022-23,2022-10-31 16:00,1,WPR,LIONS,Senwes Park,13629,Dawood,3,0,33,1,11
53721,2022-23,2022-10-31 16:00,1,WPR,LIONS,Senwes Park,17026,Mpongwana,1,0,12,0,12
53721,2022-23,2022-10-31 16:00,2,LIONS,WPR,Senwes Park,11200,Wiaan Mulder,4,0,29,0,7.2
53721,2022-23,2022-10-31 16:00,2,LIONS,WPR,Senwes Park,11872,Tladi Bokako,4,0,18,2,4.5
53721,2022-23,2022-10-31 16:00,2,LIONS,WPR,Senwes Park,9708,Malusi Siboto,4,0,19,2,4.8
53721,2022-23,2022-10-31 16:00,2,LIONS,WPR,Senwes Park,20308,Evan Jones,1,0,13,0,13
53721,2022-23,2022-10-31 16:00,2,LIONS,WPR,Senwes Park,10763,Ayavuya Myoli,2,0,18,0,9
53721,2022-23,2022-10-31 16:00,2,LIONS,WPR,Senwes Park,24546,Codi Yusuf,4,0,15,2,3.8
53721,2022-23,2022-10-31 16:00,2,LIONS,WPR,Senwes Park,21728,Glen Adams,1,0,11,1,11
53728,2022-23,2022-11-01 12:30,1,KNG,NWEST,Senwes Park,10993,Budaza,3,0,28,1,9.3
53728,2022-23,2022-11-01 12:30,1,KNG,NWEST,Senwes Park,13069,Migael Pretorius,4,0,35,1,8.8
53728,2022-23,2022-11-01 12:30,1,KNG,NWEST,Senwes Park,13320,Gerald Coetzee,4,0,24,2,6
53728,2022-23,2022-11-01 12:30,1,KNG,NWEST,Senwes Park,10797,Swanepoel,3,0,27,0,9
53728,2022-23,2022-11-01 12:30,1,KNG,NWEST,Senwes Park,11902,Patrick Kruger,2,0,13,1,6.5
53728,2022-23,2022-11-01 12:30,1,KNG,NWEST,Senwes Park,14552,Snyman,4,0,22,1,5.5
53728,2022-23,2022-11-01 12:30,2,NWEST,KNG,Senwes Park,18523,Duan Jansen,3,0,31,0,10.3
53728,2022-23,2022-11-01 12:30,2,NWEST,KNG,Senwes Park,11432,Senuran Muthusamy,3.4,0,35,2,9.5
53728,2022-23,2022-11-01 12:30,2,NWEST,KNG,Senwes Park,20551,Hardus Coetzer,1,0,8,1,8
53728,2022-23,2022-11-01 12:30,2,NWEST,KNG,Senwes Park,20287,Renaldo Meyer,4,0,26,3,6.5
53728,2022-23,2022-11-01 12:30,2,NWEST,KNG,Senwes Park,20526,Caleb Seleka,4,0,13,3,3.2
53728,2022-23,2022-11-01 12:30,2,NWEST,KNG,Senwes Park,11903,Lwandiswa Zuma,1,0,19,0,19
53737,2022-23,2022-11-02 12:30,1,KNG,TIT,Senwes Park,13320,Gerald Coetzee,4,0,28,2,7
53737,2022-23,2022-11-02 12:30,1,KNG,TIT,Senwes Park,10993,Budaza,4,0,22,1,5.5
53737,2022-23,2022-11-02 12:30,1,KNG,TIT,Senwes Park,13069,Migael Pretorius,4,0,42,1,10.5
53737,2022-23,2022-11-02 12:30,1,KNG,TIT,Senwes Park,12587,Alfred Mothoa,4,0,31,0,7.8
53737,2022-23,2022-11-02 12:30,1,KNG,TIT,Senwes Park,14552,Snyman,3,0,17,1,5.7
53737,2022-23,2022-11-02 12:30,1,KNG,TIT,Senwes Park,10797,Swanepoel,1,0,15,0,15
53737,2022-23,2022-11-02 12:30,2,TIT,KNG,Senwes Park,9489,Ayabulela Gqamane,2,1,3,0,1.5
53737,2022-23,2022-11-02 12:30,2,TIT,KNG,Senwes Park,9581,Dayyaan Galiem,2,0,16,0,8
53737,2022-23,2022-11-02 12:30,2,TIT,KNG,Senwes Park,10175,Junior Dala,2,0,17,0,8.5
53737,2022-23,2022-11-02 12:30,2,TIT,KNG,Senwes Park,7649,Aaron Phangiso,3,0,16,1,5.3
53737,2022-23,2022-11-02 12:30,2,TIT,KNG,Senwes Park,9540,Simon Harmer,4,0,22,2,5.5
53737,2022-23,2022-11-02 12:30,2,TIT,KNG,Senwes Park,20538,Dewald Brevis,3,0,15,1,5
53737,2022-23,2022-11-02 12:30,2,TIT,KNG,Senwes Park,14308,Neil Brand,4,0,24,3,6
53742,2022-23,2022-11-02 16:00,1,BOL,DOL,Senwes Park,10194,Ferisco Adams,4,0,19,1,4.8
53742,2022-23,2022-11-02 16:00,1,BOL,DOL,Senwes Park,9493,Viljoen,3,0,26,0,8.7
53742,2022-23,2022-11-02 16:00,1,BOL,DOL,Senwes Park,15564,Khwezi Gumede,3,0,28,0,9.3
53742,2022-23,2022-11-02 16:00,1,BOL,DOL,Senwes Park,20417,Bamanye Xenxe,3.4,0,34,4,9.3
53742,2022-23,2022-11-02 16:00,1,BOL,DOL,Senwes Park,9736,von Berg,4,0,22,3,5.5
53742,2022-23,2022-11-02 16:00,1,BOL,DOL,Senwes Park,11398,Leus du Plooy,2,0,14,1,7
53742,2022-23,2022-11-02 16:00,2,DOL,BOL,Senwes Park,13098,Eathan Bosch,4,0,22,1,5.5
53742,2022-23,2022-11-02 16:00,2,DOL,BOL,Senwes Park,10079,Daryn Dupavillon,4,0,38,0,9.5
53742,2022-23,2022-11-02 16:00,2,DOL,BOL,Senwes Park,13100,Ottniel Baartman,4,0,29,1,7.2
53742,2022-23,2022-11-02 16:00,2,DOL,BOL,Senwes Park,8530,Prenelan Subrayen,4,0,18,3,4.5
53742,2022-23,2022-11-02 16:00,2,DOL,BOL,Senwes Park,7668,JJ Smuts,4,0,17,2,4.2
53749,2022-23,2022-11-05 12:30,1,TIT,DOL,Senwes Park,9489,Gqamane,4,0,29,1,7.2
53749,2022-23,2022-11-05 12:30,1,TIT,DOL,Senwes Park,10175,Junior Dala,4,0,45,0,11.2
53749,2022-23,2022-11-05 12:30,1,TIT,DOL,Senwes Park,14308,Neil Brand,3,0,26,1,8.7
53749,2022-23,2022-11-05 12:30,1,TIT,DOL,Senwes Park,9581,D Galiem,3,0,18,1,6
53749,2022-23,2022-11-05 12:30,1,TIT,DOL,Senwes Park,7649,Phangiso,4,0,23,0,5.8
53749,2022-23,2022-11-05 12:30,1,TIT,DOL,Senwes Park,9540,Harmer,1,0,10,0,10
53749,2022-23,2022-11-05 12:30,1,TIT,DOL,Senwes Park,20538,Dewald Brevis,1,0,11,0,11
53749,2022-23,2022-11-05 12:30,2,DOL,TIT,Senwes Park,13098,Eathan Bosch,4,0,24,0,6
53749,2022-23,2022-11-05 12:30,2,DOL,TIT,Senwes Park,10079,Daryn Dupavillon,4,0,34,2,8.5
53749,2022-23,2022-11-05 12:30,2,DOL,TIT,Senwes Park,13100,Ottniel Baartman,3.4,0,44,0,12
53749,2022-23,2022-11-05 12:30,2,DOL,TIT,Senwes Park,8530,Prenelan Subrayen,4,0,25,1,6.2
53749,2022-23,2022-11-05 12:30,2,DOL,TIT,Senwes Park,7668,JJ Smuts,3,0,25,2,8.3
53749,2022-23,2022-11-05 12:30,2,DOL,TIT,Senwes Park,18687,Andile Simelane,1,0,8,0,8
90424,2023-24,2024-03-08 16:00,1,KZNIN,WAR,St George's Park,10993,Budaza,3,0,25,1,8.3
90424,2023-24,2024-03-08 16:00,1,KZNIN,WAR,St George's Park,13099,Smangaliso Nhlebela,4,0,17,3,4.2
90424,2023-24,2024-03-08 16:00,1,KZNIN,WAR,St George's Park,12592,Keith Dudgeon,2,0,13,0,6.5
90424,2023-24,2024-03-08 16:00,1,KZNIN,WAR,St George's Park,9703,Erlank,3,0,18,1,6
90424,2023-24,2024-03-08 16:00,1,KZNIN,WAR,St George's Park,15919,Mondli Khumalo,2,0,13,1,6.5
90424,2023-24,2024-03-08 16:00,1,KZNIN,WAR,St George's Park,22061,Alindile Mhletywa,4,0,19,3,4.8
90424,2023-24,2024-03-08 16:00,1,KZNIN,WAR,St George's Park,9822,Nofal,2,0,20,0,10
90424,2023-24,2024-03-08 16:00,2,WAR,KZNIN,St George's Park,14565,Marco Jansen,3.4,0,19,4,5.2
90424,2023-24,2024-03-08 16:00,2,WAR,KZNIN,St George's Park,11427,Anrich Nortje,4,0,12,0,3
90424,2023-24,2024-03-08 16:00,2,WAR,KZNIN,St George's Park,20372,Nealan van Heerden,2,0,17,1,8.5
90424,2023-24,2024-03-08 16:00,2,WAR,KZNIN,St George's Park,19243,Tristan Stubbs,1,0,2,1,2
90424,2023-24,2024-03-08 16:00,2,WAR,KZNIN,St George's Park,9714,Siya Simetu,4,0,25,3,6.2
90424,2023-24,2024-03-08 16:00,2,WAR,KZNIN,St George's Park,11902,Patrick Kruger,2,0,10,1,5
90428,2023-24,2024-03-08 16:00,1,DOL,WPR,Kingsmead,8530,Subrayen,4,0,28,0,7
90428,2023-24,2024-03-08 16:00,1,DOL,WPR,Kingsmead,12191,Okuhle Cele,4,0,27,2,6.8
90428,2023-24,2024-03-08 16:00,1,DOL,WPR,Kingsmead,13100,Ottniel Baartman,4,0,29,1,7.2
90428,2023-24,2024-03-08 16:00,1,DOL,WPR,Kingsmead,9601,Phehlukwayo,4,0,29,2,7.2
90428,2023-24,2024-03-08 16:00,1,DOL,WPR,Kingsmead,9720,Maharaj,3,0,28,1,9.3
90428,2023-24,2024-03-08 16:00,1,DOL,WPR,Kingsmead,20518,Bradley Porteous,1,0,5,1,5
90428,2023-24,2024-03-08 16:00,2,WPR,DOL,Kingsmead,13630,Nandre Burger,4,1,13,1,3.2
90428,2023-24,2024-03-08 16:00,2,WPR,DOL,Kingsmead,9490,Beuran Hendricks,4,0,41,0,10.2
90428,2023-24,2024-03-08 16:00,2,WPR,DOL,Kingsmead,13151,Mthiwekhaya Nabe,4,0,37,2,9.2
90428,2023-24,2024-03-08 16:00,2,WPR,DOL,Kingsmead,12223,Kyle Simmonds,4,0,18,2,4.5
90428,2023-24,2024-03-08 16:00,2,WPR,DOL,Kingsmead,17026,Mihlali Mpongwana,3,0,22,2,7.3
90428,2023-24,2024-03-08 16:00,2,WPR,DOL,Kingsmead,14429,Onke Nyaku,1,0,10,0,10
90431,2023-24,2024-03-08 16:00,1,BOL,LIONS,The Wanderers Stadium,9493,Viljoen,4,0,45,3,11.2
90431,2023-24,2024-03-08 16:00,1,BOL,LIONS,The Wanderers Stadium,14687,Imran Manack,4,0,24,0,6
90431,2023-24,2024-03-08 16:00,1,BOL,LIONS,The Wanderers Stadium,19058,Mahima,4,0,47,0,11.8
90431,2023-24,2024-03-08 16:00,1,BOL,LIONS,The Wanderers Stadium,10194,Ferisco Adams,4,0,47,1,11.8
90431,2023-24,2024-03-08 16:00,1,BOL,LIONS,The Wanderers Stadium,13066,Akhona Mnyaka,3,0,38,1,12.7
90431,2023-24,2024-03-08 16:00,1,BOL,LIONS,The Wanderers Stadium,15123,Michael Copeland,1,0,16,0,16
90431,2023-24,2024-03-08 16:00,2,LIONS,BOL,The Wanderers Stadium,9585,Kagiso Rabada,4,0,31,0,7.8
90431,2023-24,2024-03-08 16:00,2,LIONS,BOL,The Wanderers Stadium,10676,Bjorn Fortuin,4,0,21,2,5.2
90431,2023-24,2024-03-08 16:00,2,LIONS,BOL,The Wanderers Stadium,20308,Evan Jones,4,0,34,2,8.5
90431,2023-24,2024-03-08 16:00,2,LIONS,BOL,The Wanderers Stadium,23346,Kwena Maphaka,4,0,22,3,5.5
90431,2023-24,2024-03-08 16:00,2,LIONS,BOL,The Wanderers Stadium,10679,Tshepo Moreki,4,0,66,0,16.5
90438,2023-24,2024-03-08 16:00,1,NWEST,TIT,SuperSport Park,11432,Senuran Muthusamy,2,0,15,0,7.5
90438,2023-24,2024-03-08 16:00,1,NWEST,TIT,SuperSport Park,18523,Duan Jansen,3,0,25,2,8.3
90438,2023-24,2024-03-08 16:00,1,NWEST,TIT,SuperSport Park,13069,Migael Pretorius,4,0,18,3,4.5
90438,2023-24,2024-03-08 16:00,1,NWEST,TIT,SuperSport Park,20417,Bamanye Xenxe,2,0,28,0,14
90438,2023-24,2024-03-08 16:00,1,NWEST,TIT,SuperSport Park,20526,Caleb Seleka,4,0,33,0,8.2
90438,2023-24,2024-03-08 16:00,1,NWEST,TIT,SuperSport Park,51046,Irvin Modimokoane,4,0,31,2,7.8
90438,2023-24,2024-03-08 16:00,1,NWEST,TIT,SuperSport Park,13317,van Tonder,1,0,8,0,8
90438,2023-24,2024-03-08 16:00,2,TIT,NWEST,SuperSport Park,9582,Aiden Markram,1,0,12,0,12
90438,2023-24,2024-03-08 16:00,2,TIT,NWEST,SuperSport Park,8531,Lizaad Williams,4,0,33,0,8.2
90438,2023-24,2024-03-08 16:00,2,TIT,NWEST,SuperSport Park,9489,Ayabulela Gqamane,2,0,19,1,9.5
90438,2023-24,2024-03-08 16:00,2,TIT,NWEST,SuperSport Park,9576,Corbin Bosch,4,0,29,1,7.2
90438,2023-24,2024-03-08 16:00,2,TIT,NWEST,SuperSport Park,10175,Junior Dala,4,0,30,3,7.5
90438,2023-24,2024-03-08 16:00,2,TIT,NWEST,SuperSport Park,10173,Tabraiz Shamsi,4,0,18,3,4.5
90438,2023-24,2024-03-08 16:00,2,TIT,NWEST,SuperSport Park,14798,Donovan Ferreira,1,0,9,0,9
90452,2023-24,2024-03-10 12:00,1,LIONS,NWEST,North-West University No1 Ground,23346,Kwena Maphaka,3,0,11,2,3.7
90452,2023-24,2024-03-10 12:00,1,LIONS,NWEST,North-West University No1 Ground,10676,Bjorn Fortuin,3,0,14,2,4.7
90452,2023-24,2024-03-10 12:00,1,LIONS,NWEST,North-West University No1 Ground,14566,Delano Potgieter,3,0,20,1,6.7
90452,2023-24,2024-03-10 12:00,1,LIONS,NWEST,North-West University No1 Ground,11208,Sipamla,2.2,0,17,1,7.3
90452,2023-24,2024-03-10 12:00,1,LIONS,NWEST,North-West University No1 Ground,13629,Dawood,4,0,23,3,5.8
90452,2023-24,2024-03-10 12:00,1,LIONS,NWEST,North-West University No1 Ground,9491,Reeza Hendricks,3,0,18,1,6
90452,2023-24,2024-03-10 12:00,2,NWEST,LIONS,North-West University No1 Ground,11432,Senuran Muthusamy,1,0,6,0,6
90452,2023-24,2024-03-10 12:00,2,NWEST,LIONS,North-West University No1 Ground,18523,Duan Jansen,1,0,12,0,12
90452,2023-24,2024-03-10 12:00,2,NWEST,LIONS,North-West University No1 Ground,13069,Migael Pretorius,2,0,21,0,10.5
90452,2023-24,2024-03-10 12:00,2,NWEST,LIONS,North-West University No1 Ground,51046,Irvin Modimokoane,1,0,9,0,9
90452,2023-24,2024-03-10 12:00,2,NWEST,LIONS,North-West University No1 Ground,11497,Wihan Lubbe,1,0,11,0,11
90452,2023-24,2024-03-10 12:00,2,NWEST,LIONS,North-West University No1 Ground,20526,Caleb Seleka,2.4,0,22,0,8.2
90452,2023-24,2024-03-10 12:00,2,NWEST,LIONS,North-West University No1 Ground,20417,Bamanye Xenxe,2,0,22,1,11
90449,2023-24,2024-03-10 12:00,1,WAR,DOL,Kingsmead,16433,Beyers Swanepoel,4,0,26,1,6.5
90449,2023-24,2024-03-10 12:00,1,WAR,DOL,Kingsmead,19243,Tristan Stubbs,2,0,10,1,5
90449,2023-24,2024-03-10 12:00,1,WAR,DOL,Kingsmead,14565,Marco Jansen,4,0,14,2,3.5
90449,2023-24,2024-03-10 12:00,1,WAR,DOL,Kingsmead,9714,Simetu,4,0,15,2,3.8
90449,2023-24,2024-03-10 12:00,1,WAR,DOL,Kingsmead,20372,Heerden,4,0,42,1,10.5
90449,2023-24,2024-03-10 12:00,1,WAR,DOL,Kingsmead,11902,Patrick Kruger,2,0,10,1,5
90449,2023-24,2024-03-10 12:00,2,DOL,WAR,Kingsmead,7668,JJ Smuts,3,0,23,1,7.7
90449,2023-24,2024-03-10 12:00,2,DOL,WAR,Kingsmead,13100,Ottniel Baartman,2,0,16,1,8
90449,2023-24,2024-03-10 12:00,2,DOL,WAR,Kingsmead,12191,Okuhle Cele,1,0,13,0,13
90449,2023-24,2024-03-10 12:00,2,DOL,WAR,Kingsmead,8530,Prenelan Subrayen,4,0,32,1,8
90449,2023-24,2024-03-10 12:00,2,DOL,WAR,Kingsmead,9720,Keshav Maharaj,3,0,30,0,10
90449,2023-24,2024-03-10 12:00,2,DOL,WAR,Kingsmead,9601,Andile Phehlukwayo,1,0,4,0,4
90449,2023-24,2024-03-10 12:00,2,DOL,WAR,Kingsmead,14586,Bryce Parsons,0.1,0,4,0,24
90445,2023-24,2024-03-10 12:00,1,WPR,KZNIN,Newlands,13630,Nandre Burger,4,0,22,2,5.5
90445,2023-24,2024-03-10 12:00,1,WPR,KZNIN,Newlands,9490,B Hendricks,4,1,15,1,3.8
90445,2023-24,2024-03-10 12:00,1,WPR,KZNIN,Newlands,12223,Kyle Simmonds,4,0,20,2,5
90445,2023-24,2024-03-10 12:00,1,WPR,KZNIN,Newlands,1692,Parnell,4,0,26,0,6.5
90445,2023-24,2024-03-10 12:00,1,WPR,KZNIN,Newlands,13151,Nabe,4,0,28,2,7
90445,2023-24,2024-03-10 12:00,2,KZNIN,WPR,Newlands,12592,Keith Dudgeon,3,0,22,2,7.3
90445,2023-24,2024-03-10 12:00,2,KZNIN,WPR,Newlands,10993,Mbulelo Budaza,3,0,26,0,8.7
90445,2023-24,2024-03-10 12:00,2,KZNIN,WPR,Newlands,20348,Kurtlyn Mannikam,1.3,0,23,0,15.3
90445,2023-24,2024-03-10 12:00,2,KZNIN,WPR,Newlands,22061,Alindile Mhletywa,2,0,21,1,10.5
90445,2023-24,2024-03-10 12:00,2,KZNIN,WPR,Newlands,13099,Smangaliso Nhlebela,2,0,17,0,8.5
90445,2023-24,2024-03-10 12:00,2,KZNIN,WPR,Newlands,9822,Malcolm Nofal,1,0,6,0,6
90442,2023-24,2024-03-10 12:00,1,TIT,BOL,Boland Park,7649,Phangiso,4,0,16,1,4
90442,2023-24,2024-03-10 12:00,1,TIT,BOL,Boland Park,9582,Markram,1,0,6,1,6
90442,2023-24,2024-03-10 12:00,1,TIT,BOL,Boland Park,8531,Williams,4,0,30,2,7.5
90442,2023-24,2024-03-10 12:00,1,TIT,BOL,Boland Park,10175,Junior Dala,1,0,15,0,15
90442,2023-24,2024-03-10 12:00,1,TIT,BOL,Boland Park,10173,Shamsi,4,0,23,4,5.8
90442,2023-24,2024-03-10 12:00,1,TIT,BOL,Boland Park,9576,Corbin Bosch,3,0,20,0,6.7
90442,2023-24,2024-03-10 12:00,1,TIT,BOL,Boland Park,20538,Dewald Brevis,3,1,13,1,4.3
90442,2023-24,2024-03-10 12:00,2,BOL,TIT,Boland Park,19058,Siyabonga Mahima,4,0,22,2,5.5
90442,2023-24,2024-03-10 12:00,2,BOL,TIT,Boland Park,14687,Imran Manack,4,0,23,0,5.8
90442,2023-24,2024-03-10 12:00,2,BOL,TIT,Boland Park,10194,Ferisco Adams,3,0,38,1,12.7
90442,2023-24,2024-03-10 12:00,2,BOL,TIT,Boland Park,15123,Michael Copeland,4,0,22,2,5.5
90442,2023-24,2024-03-10 12:00,2,BOL,TIT,Boland Park,9736,Shaun von Berg,4,0,18,0,4.5
90442,2023-24,2024-03-10 12:00,2,BOL,TIT,Boland Park,13066,Akhona Mnyaka,0.1,0,3,0,18
90459,2023-24,2024-03-13 16:00,1,NWEST,WPR,Newlands,13069,Migael Pretorius,4,0,37,2,9.2
90459,2023-24,2024-03-13 16:00,1,NWEST,WPR,Newlands,51046,Irvin Modimokoane,3,0,30,1,10
90459,2023-24,2024-03-13 16:00,1,NWEST,WPR,Newlands,20417,Bamanye Xenxe,4,0,35,1,8.8
90459,2023-24,2024-03-13 16:00,1,NWEST,WPR,Newlands,11432,Senuran Muthusamy,4,0,35,0,8.8
90459,2023-24,2024-03-13 16:00,1,NWEST,WPR,Newlands,15852,Ruan de Swardt,4,0,23,3,5.8
90459,2023-24,2024-03-13 16:00,1,NWEST,WPR,Newlands,20526,Caleb Seleka,1,0,15,0,15
90459,2023-24,2024-03-13 16:00,2,WPR,NWEST,Newlands,12223,Kyle Simmonds,4,0,16,2,4
90459,2023-24,2024-03-13 16:00,2,WPR,NWEST,Newlands,9490,Beuran Hendricks,4,0,28,2,7
90459,2023-24,2024-03-13 16:00,2,WPR,NWEST,Newlands,1692,Wayne Parnell,4,0,52,1,13
90459,2023-24,2024-03-13 16:00,2,WPR,NWEST,Newlands,10187,George Linde,3,0,33,0,11
90459,2023-24,2024-03-13 16:00,2,WPR,NWEST,Newlands,13151,Mthiwekhaya Nabe,3,0,34,1,11.3
90459,2023-24,2024-03-13 16:00,2,WPR,NWEST,Newlands,17026,Mihlali Mpongwana,2,0,20,0,10
90463,2023-24,2024-03-13 16:00,1,DOL,LIONS,Kingsmead,10079,Dupavillon,4,0,38,0,9.5
90463,2023-24,2024-03-13 16:00,1,DOL,LIONS,Kingsmead,8530,Subrayen,1,0,8,0,8
90463,2023-24,2024-03-13 16:00,1,DOL,LIONS,Kingsmead,12191,Okuhle Cele,4,0,21,2,5.2
90463,2023-24,2024-03-13 16:00,1,DOL,LIONS,Kingsmead,13100,Ottniel Baartman,4,0,25,2,6.2
90463,2023-24,2024-03-13 16:00,1,DOL,LIONS,Kingsmead,7668,Smuts,3,0,23,1,7.7
90463,2023-24,2024-03-13 16:00,1,DOL,LIONS,Kingsmead,9601,Phehlukwayo,4,0,36,0,9
90463,2023-24,2024-03-13 16:00,2,LIONS,DOL,Kingsmead,11208,Lutho Sipamla,3.1,0,29,0,9.2
90463,2023-24,2024-03-13 16:00,2,LIONS,DOL,Kingsmead,10676,Bjorn Fortuin,4,0,28,0,7
90463,2023-24,2024-03-13 16:00,2,LIONS,DOL,Kingsmead,24546,Codi Yusuf,4,0,34,2,8.5
90463,2023-24,2024-03-13 16:00,2,LIONS,DOL,Kingsmead,14566,Delano Potgieter,4,1,25,3,6.2
90463,2023-24,2024-03-13 16:00,2,LIONS,DOL,Kingsmead,9491,Reeza Hendricks,2,0,18,0,9
90463,2023-24,2024-03-13 16:00,2,LIONS,DOL,Kingsmead,20428,Nqaba Peter,2,0,17,0,8.5
90470,2023-24,2024-03-13 16:00,1,TIT,WAR,SuperSport Park,9582,Markram,3,0,21,1,7
90470,2023-24,2024-03-13 16:00,1,TIT,WAR,SuperSport Park,8531,Williams,4,0,22,1,5.5
90470,2023-24,2024-03-13 16:00,1,TIT,WAR,SuperSport Park,7649,Phangiso,1,0,14,0,14
90470,2023-24,2024-03-13 16:00,1,TIT,WAR,SuperSport Park,10175,Junior Dala,4,0,39,1,9.8
90470,2023-24,2024-03-13 16:00,1,TIT,WAR,SuperSport Park,10173,Shamsi,3,0,25,0,8.3
90470,2023-24,2024-03-13 16:00,1,TIT,WAR,SuperSport Park,9576,Corbin Bosch,3,0,35,1,11.7
90470,2023-24,2024-03-13 16:00,1,TIT,WAR,SuperSport Park,9581,D Galiem,2,0,20,1,10
90470,2023-24,2024-03-13 16:00,2,WAR,TIT,SuperSport Park,16433,Beyers Swanepoel,4,0,27,0,6.8
90470,2023-24,2024-03-13 16:00,2,WAR,TIT,SuperSport Park,14565,Marco Jansen,4,0,49,1,12.2
90470,2023-24,2024-03-13 16:00,2,WAR,TIT,SuperSport Park,20372,Nealan van Heerden,4,0,44,0,11
90470,2023-24,2024-03-13 16:00,2,WAR,TIT,SuperSport Park,9714,Siya Simetu,4,0,20,3,5
90470,2023-24,2024-03-13 16:00,2,WAR,TIT,SuperSport Park,11902,Patrick Kruger,3,0,22,2,7.3
90470,2023-24,2024-03-13 16:00,2,WAR,TIT,SuperSport Park,53450,Andile Mogakane,1,0,19,0,19
90473,2023-24,2024-03-15 11:00,1,KZNIN,NWEST,City Oval,13099,Smangaliso Nhlebela,4,0,32,0,8
90473,2023-24,2024-03-15 11:00,1,KZNIN,NWEST,City Oval,12592,Keith Dudgeon,4,0,31,1,7.8
90473,2023-24,2024-03-15 11:00,1,KZNIN,NWEST,City Oval,14431,Trumpelmann,4,0,48,0,12
90473,2023-24,2024-03-15 11:00,1,KZNIN,NWEST,City Oval,22061,Alindile Mhletywa,2,0,31,0,15.5
90473,2023-24,2024-03-15 11:00,1,KZNIN,NWEST,City Oval,9703,Erlank,1,0,17,0,17
90473,2023-24,2024-03-15 11:00,1,KZNIN,NWEST,City Oval,15919,Mondli Khumalo,4,0,33,3,8.2
90473,2023-24,2024-03-15 11:00,1,KZNIN,NWEST,City Oval,9719,Delport,1,0,14,0,14
90473,2023-24,2024-03-15 11:00,2,NWEST,KZNIN,City Oval,13150,Kerwin Mungroo,2,0,14,2,7
90473,2023-24,2024-03-15 11:00,2,NWEST,KZNIN,City Oval,13069,Migael Pretorius,2,0,13,1,6.5
90473,2023-24,2024-03-15 11:00,2,NWEST,KZNIN,City Oval,15852,Ruan de Swardt,1,0,5,0,5
90473,2023-24,2024-03-15 11:00,2,NWEST,KZNIN,City Oval,11432,Senuran Muthusamy,4,0,16,3,4
90473,2023-24,2024-03-15 11:00,2,NWEST,KZNIN,City Oval,20526,Caleb Seleka,4,0,16,2,4
90473,2023-24,2024-03-15 11:00,2,NWEST,KZNIN,City Oval,20417,Bamanye Xenxe,1.5,0,15,1,8.2
90480,2023-24,2024-03-15 16:00,1,DOL,BOL,Boland Park,7668,Smuts,4,0,20,0,5
90480,2023-24,2024-03-15 16:00,1,DOL,BOL,Boland Park,10079,Dupavillon,4,0,30,2,7.5
90480,2023-24,2024-03-15 16:00,1,DOL,BOL,Boland Park,12191,Okuhle Cele,4,0,27,2,6.8
90480,2023-24,2024-03-15 16:00,1,DOL,BOL,Boland Park,13100,Ottniel Baartman,4,0,26,2,6.5
90480,2023-24,2024-03-15 16:00,1,DOL,BOL,Boland Park,8530,Subrayen,4,0,19,2,4.8
90480,2023-24,2024-03-15 16:00,2,BOL,DOL,Boland Park,19058,Siyabonga Mahima,4,0,34,0,8.5
90480,2023-24,2024-03-15 16:00,2,BOL,DOL,Boland Park,14687,Imran Manack,4,0,27,0,6.8
90480,2023-24,2024-03-15 16:00,2,BOL,DOL,Boland Park,15123,Michael Copeland,1,0,10,0,10
90480,2023-24,2024-03-15 16:00,2,BOL,DOL,Boland Park,9493,Hardus Viljoen,3.3,0,33,1,9.4
90480,2023-24,2024-03-15 16:00,2,BOL,DOL,Boland Park,10194,Ferisco Adams,1,0,15,0,15
90480,2023-24,2024-03-15 16:00,2,BOL,DOL,Boland Park,9736,Shaun von Berg,1,0,8,0,8
90484,2023-24,2024-03-15 16:00,1,TIT,LIONS,The Wanderers Stadium,8531,Williams,4,0,20,2,5
90484,2023-24,2024-03-15 16:00,1,TIT,LIONS,The Wanderers Stadium,9581,D Galiem,2,0,34,0,17
90484,2023-24,2024-03-15 16:00,1,TIT,LIONS,The Wanderers Stadium,10175,Junior Dala,4,0,45,1,11.2
90484,2023-24,2024-03-15 16:00,1,TIT,LIONS,The Wanderers Stadium,9576,Corbin Bosch,4,0,32,0,8
90484,2023-24,2024-03-15 16:00,1,TIT,LIONS,The Wanderers Stadium,7649,Phangiso,4,0,22,1,5.5
90484,2023-24,2024-03-15 16:00,1,TIT,LIONS,The Wanderers Stadium,10173,Shamsi,2,0,26,0,13
90484,2023-24,2024-03-15 16:00,2,LIONS,TIT,The Wanderers Stadium,10676,Bjorn Fortuin,4,0,23,2,5.8
90484,2023-24,2024-03-15 16:00,2,LIONS,TIT,The Wanderers Stadium,9585,Kagiso Rabada,4,0,24,1,6
90484,2023-24,2024-03-15 16:00,2,LIONS,TIT,The Wanderers Stadium,23346,Kwena Maphaka,4,0,37,1,9.2
90484,2023-24,2024-03-15 16:00,2,LIONS,TIT,The Wanderers Stadium,24546,Codi Yusuf,4,0,48,2,12
90484,2023-24,2024-03-15 16:00,2,LIONS,TIT,The Wanderers Stadium,14566,Delano Potgieter,2,0,29,0,14.5
90484,2023-24,2024-03-15 16:00,2,LIONS,TIT,The Wanderers Stadium,11200,Wiaan Mulder,2,0,18,0,9
90501,2023-24,2024-03-17 12:00,1,LIONS,WPR,The Wanderers Stadium,10676,Bjorn Fortuin,4,0,22,1,5.5
90501,2023-24,2024-03-17 12:00,1,LIONS,WPR,The Wanderers Stadium,23346,Kwena Maphaka,4,1,27,1,6.8
90501,2023-24,2024-03-17 12:00,1,LIONS,WPR,The Wanderers Stadium,20308,Evan Jones,3,0,20,1,6.7
90501,2023-24,2024-03-17 12:00,1,LIONS,WPR,The Wanderers Stadium,11208,Sipamla,4,0,20,2,5
90501,2023-24,2024-03-17 12:00,1,LIONS,WPR,The Wanderers Stadium,24546,Codi Yusuf,4,0,28,2,7
90501,2023-24,2024-03-17 12:00,1,LIONS,WPR,The Wanderers Stadium,9491,Reeza Hendricks,1,0,8,1,8
90501,2023-24,2024-03-17 12:00,2,WPR,LIONS,The Wanderers Stadium,9490,Beuran Hendricks,2,0,8,0,4
90501,2023-24,2024-03-17 12:00,2,WPR,LIONS,The Wanderers Stadium,1692,Wayne Parnell,2,0,21,1,10.5
90501,2023-24,2024-03-17 12:00,2,WPR,LIONS,The Wanderers Stadium,12223,Kyle Simmonds,2,0,13,1,6.5
90501,2023-24,2024-03-17 12:00,2,WPR,LIONS,The Wanderers Stadium,13151,Mthiwekhaya Nabe,1,0,7,1,7
90487,2023-24,2024-03-17 12:00,1,BOL,WAR,St George's Park,9493,Viljoen,4,0,28,2,7
90487,2023-24,2024-03-17 12:00,1,BOL,WAR,St George's Park,13066,Akhona Mnyaka,2,0,27,0,13.5
90487,2023-24,2024-03-17 12:00,1,BOL,WAR,St George's Park,14687,Imran Manack,4,0,24,0,6
90487,2023-24,2024-03-17 12:00,1,BOL,WAR,St George's Park,19058,Mahima,3,0,33,2,11
90487,2023-24,2024-03-17 12:00,1,BOL,WAR,St George's Park,9736,von Berg,4,0,23,2,5.8
90487,2023-24,2024-03-17 12:00,1,BOL,WAR,St George's Park,15123,Michael Copeland,1,0,5,0,5
90487,2023-24,2024-03-17 12:00,1,BOL,WAR,St George's Park,10194,Ferisco Adams,2,0,25,0,12.5
90487,2023-24,2024-03-17 12:00,2,WAR,BOL,St George's Park,16433,Beyers Swanepoel,4,0,16,4,4
90487,2023-24,2024-03-17 12:00,2,WAR,BOL,St George's Park,11427,Anrich Nortje,4,0,28,1,7
90487,2023-24,2024-03-17 12:00,2,WAR,BOL,St George's Park,20287,Renaldo Meyer,3,0,32,0,10.7
90487,2023-24,2024-03-17 12:00,2,WAR,BOL,St George's Park,9714,Siya Simetu,3,0,17,1,5.7
90487,2023-24,2024-03-17 12:00,2,WAR,BOL,St George's Park,11902,Patrick Kruger,2.4,0,20,3,7.5
90505,2023-24,2024-03-20 16:00,1,TIT,DOL,SuperSport Park,9489,Gqamane,2,0,31,0,15.5
90505,2023-24,2024-03-20 16:00,1,TIT,DOL,SuperSport Park,8531,Williams,3,0,44,0,14.7
90505,2023-24,2024-03-20 16:00,1,TIT,DOL,SuperSport Park,8589,Wiese,2,0,24,1,12
90505,2023-24,2024-03-20 16:00,1,TIT,DOL,SuperSport Park,7649,Phangiso,3,0,37,0,12.3
90505,2023-24,2024-03-20 16:00,1,TIT,DOL,SuperSport Park,10173,Shamsi,2,0,26,0,13
90505,2023-24,2024-03-20 16:00,1,TIT,DOL,SuperSport Park,9581,D Galiem,2,0,20,0,10
90505,2023-24,2024-03-20 16:00,2,DOL,TIT,SuperSport Park,8530,Prenelan Subrayen,2,0,15,1,7.5
90505,2023-24,2024-03-20 16:00,2,DOL,TIT,SuperSport Park,10079,Daryn Dupavillon,3,0,28,0,9.3
90505,2023-24,2024-03-20 16:00,2,DOL,TIT,SuperSport Park,12191,Okuhle Cele,3,0,40,2,13.3
90505,2023-24,2024-03-20 16:00,2,DOL,TIT,SuperSport Park,13100,Ottniel Baartman,3,0,33,1,11
90505,2023-24,2024-03-20 16:00,2,DOL,TIT,SuperSport Park,9601,Andile Phehlukwayo,2,0,20,0,10
90505,2023-24,2024-03-20 16:00,2,DOL,TIT,SuperSport Park,7668,JJ Smuts,1,0,7,0,7
90508,2023-24,2024-03-21 12:00,1,WAR,WPR,St George's Park,16433,Beyers Swanepoel,4,0,34,1,8.5
90508,2023-24,2024-03-21 12:00,1,WAR,WPR,St George's Park,11902,Patrick Kruger,4,0,25,2,6.2
90508,2023-24,2024-03-21 12:00,1,WAR,WPR,St George's Park,20287,Renaldo Meyer,3,0,22,1,7.3
90508,2023-24,2024-03-21 12:00,1,WAR,WPR,St George's Park,11427,Nortje,4,0,43,1,10.8
90508,2023-24,2024-03-21 12:00,1,WAR,WPR,St George's Park,9714,Simetu,4,0,15,2,3.8
90508,2023-24,2024-03-21 12:00,1,WAR,WPR,St George's Park,21386,Jordan Hermann,1,0,7,0,7
90508,2023-24,2024-03-21 12:00,2,WPR,WAR,St George's Park,12223,Kyle Simmonds,4,0,27,0,6.8
90508,2023-24,2024-03-21 12:00,2,WPR,WAR,St George's Park,9490,Beuran Hendricks,3,0,33,0,11
90508,2023-24,2024-03-21 12:00,2,WPR,WAR,St George's Park,1692,Wayne Parnell,2,0,24,1,12
90508,2023-24,2024-03-21 12:00,2,WPR,WAR,St George's Park,10187,George Linde,4,0,17,1,4.2
90508,2023-24,2024-03-21 12:00,2,WPR,WAR,St George's Park,13151,Mthiwekhaya Nabe,1.4,0,20,0,12
90508,2023-24,2024-03-21 12:00,2,WPR,WAR,St George's Park,31979,Abdullah Bayoumy,2,0,21,0,10.5
90508,2023-24,2024-03-21 12:00,2,WPR,WAR,St George's Park,14429,Onke Nyaku,1,0,7,0,7
90512,2023-24,2024-03-21 12:00,1,NWEST,BOL,North-West University No1 Ground,13150,Mungroo,4,0,32,1,8
90512,2023-24,2024-03-21 12:00,1,NWEST,BOL,North-West University No1 Ground,13069,Migael Pretorius,4,0,14,4,3.5
90512,2023-24,2024-03-21 12:00,1,NWEST,BOL,North-West University No1 Ground,11432,Senuran Muthusamy,4,0,17,0,4.2
90512,2023-24,2024-03-21 12:00,1,NWEST,BOL,North-West University No1 Ground,20526,Caleb Seleka,4,0,31,0,7.8
90512,2023-24,2024-03-21 12:00,1,NWEST,BOL,North-West University No1 Ground,18523,Duan Jansen,2,0,26,1,13
90512,2023-24,2024-03-21 12:00,1,NWEST,BOL,North-West University No1 Ground,20417,Bamanye Xenxe,2,0,19,0,9.5
90512,2023-24,2024-03-21 12:00,2,BOL,NWEST,North-West University No1 Ground,9493,Hardus Viljoen,3,0,23,1,7.7
90512,2023-24,2024-03-21 12:00,2,BOL,NWEST,North-West University No1 Ground,10194,Ferisco Adams,2,0,19,0,9.5
90512,2023-24,2024-03-21 12:00,2,BOL,NWEST,North-West University No1 Ground,14687,Imran Manack,4,0,17,2,4.2
90512,2023-24,2024-03-21 12:00,2,BOL,NWEST,North-West University No1 Ground,19058,Siyabonga Mahima,2,0,18,0,9
90512,2023-24,2024-03-21 12:00,2,BOL,NWEST,North-West University No1 Ground,9736,Shaun von Berg,2,0,20,0,10
90512,2023-24,2024-03-21 12:00,2,BOL,NWEST,North-West University No1 Ground,15123,Michael Copeland,1.5,0,34,0,18.5
90512,2023-24,2024-03-21 12:00,2,BOL,NWEST,North-West University No1 Ground,13066,Akhona Mnyaka,2,0,16,0,8
90515,2023-24,2024-03-23 12:00,1,WPR,TIT,The Wanderers Stadium,12223,Kyle Simmonds,4,0,35,1,8.8
90515,2023-24,2024-03-23 12:00,1,WPR,TIT,The Wanderers Stadium,1692,Parnell,4,0,23,2,5.8
90515,2023-24,2024-03-23 12:00,1,WPR,TIT,The Wanderers Stadium,9490,B Hendricks,4,0,23,2,5.8
90515,2023-24,2024-03-23 12:00,1,WPR,TIT,The Wanderers Stadium,13151,Nabe,4,0,39,0,9.8
90515,2023-24,2024-03-23 12:00,1,WPR,TIT,The Wanderers Stadium,10187,George Linde,4,0,25,2,6.2
90515,2023-24,2024-03-23 12:00,2,TIT,WPR,The Wanderers Stadium,7649,Aaron Phangiso,3,0,25,0,8.3
90515,2023-24,2024-03-23 12:00,2,TIT,WPR,The Wanderers Stadium,8531,Lizaad Williams,3,0,22,0,7.3
90515,2023-24,2024-03-23 12:00,2,TIT,WPR,The Wanderers Stadium,10175,Junior Dala,2,0,20,0,10
90515,2023-24,2024-03-23 12:00,2,TIT,WPR,The Wanderers Stadium,9581,Dayyaan Galiem,3,0,19,0,6.3
90515,2023-24,2024-03-23 12:00,2,TIT,WPR,The Wanderers Stadium,10173,Tabraiz Shamsi,4,0,31,2,7.8
90515,2023-24,2024-03-23 12:00,2,TIT,WPR,The Wanderers Stadium,8589,David Wiese,4,0,20,4,5
90522,2023-24,2024-03-23 16:00,1,KZNIN,LIONS,The Wanderers Stadium,12592,Keith Dudgeon,3,1,5,4,1.7
90522,2023-24,2024-03-23 16:00,1,KZNIN,LIONS,The Wanderers Stadium,14431,Trumpelmann,3,1,14,0,4.7
90522,2023-24,2024-03-23 16:00,1,KZNIN,LIONS,The Wanderers Stadium,15919,Mondli Khumalo,3,0,16,0,5.3
90522,2023-24,2024-03-23 16:00,1,KZNIN,LIONS,The Wanderers Stadium,22061,Alindile Mhletywa,2,0,16,1,8
90522,2023-24,2024-03-23 16:00,1,KZNIN,LIONS,The Wanderers Stadium,16631,Tian Koekemoer,2,0,12,0,6
90522,2023-24,2024-03-23 16:00,1,KZNIN,LIONS,The Wanderers Stadium,13099,Smangaliso Nhlebela,2,0,24,0,12
90522,2023-24,2024-03-23 16:00,2,LIONS,KZNIN,The Wanderers Stadium,10679,Tshepo Moreki,1,0,9,0,9
90522,2023-24,2024-03-23 16:00,2,LIONS,KZNIN,The Wanderers Stadium,10676,Bjorn Fortuin,3,0,21,0,7
90522,2023-24,2024-03-23 16:00,2,LIONS,KZNIN,The Wanderers Stadium,11208,Lutho Sipamla,2,0,12,1,6
90522,2023-24,2024-03-23 16:00,2,LIONS,KZNIN,The Wanderers Stadium,20308,Evan Jones,2.4,0,21,0,7.9
90522,2023-24,2024-03-23 16:00,2,LIONS,KZNIN,The Wanderers Stadium,11200,Wiaan Mulder,1,0,10,0,10
90522,2023-24,2024-03-23 16:00,2,LIONS,KZNIN,The Wanderers Stadium,13629,Junaid Dawood,2,0,16,1,8
90529,2023-24,2024-03-24 08:00,1,BOL,DOL,St George's Park,14516,Glenton Stuurman,4,0,24,1,6
90529,2023-24,2024-03-24 08:00,1,BOL,DOL,St George's Park,10194,Ferisco Adams,4,0,36,0,9
90529,2023-24,2024-03-24 08:00,1,BOL,DOL,St George's Park,13066,Akhona Mnyaka,3,0,34,0,11.3
90529,2023-24,2024-03-24 08:00,1,BOL,DOL,St George's Park,14687,Imran Manack,4,0,26,1,6.5
90529,2023-24,2024-03-24 08:00,1,BOL,DOL,St George's Park,9736,von Berg,4,0,26,1,6.5
90529,2023-24,2024-03-24 08:00,1,BOL,DOL,St George's Park,1423931,Adrian du Toit,1,0,9,0,9
90529,2023-24,2024-03-24 08:00,2,DOL,BOL,St George's Park,10079,Daryn Dupavillon,4,0,33,2,8.2
90529,2023-24,2024-03-24 08:00,2,DOL,BOL,St George's Park,12191,Okuhle Cele,4,0,29,0,7.2
90529,2023-24,2024-03-24 08:00,2,DOL,BOL,St George's Park,13100,Ottniel Baartman,3.3,0,35,1,10
90529,2023-24,2024-03-24 08:00,2,DOL,BOL,St George's Park,7668,JJ Smuts,4,0,21,0,5.2
90529,2023-24,2024-03-24 08:00,2,DOL,BOL,St George's Park,9601,Andile Phehlukwayo,1,0,9,1,9
90529,2023-24,2024-03-24 08:00,2,DOL,BOL,St George's Park,18687,Andile Simelane,2,0,21,1,10.5
90529,2023-24,2024-03-24 08:00,2,DOL,BOL,St George's Park,14586,Bryce Parsons,1,0,13,0,13
90533,2023-24,2024-03-24 12:00,1,NWEST,WAR,St George's Park,13150,Mungroo,3,0,44,0,14.7
90533,2023-24,2024-03-24 12:00,1,NWEST,WAR,St George's Park,13069,Migael Pretorius,2,0,24,0,12
90533,2023-24,2024-03-24 12:00,1,NWEST,WAR,St George's Park,18523,Duan Jansen,4,0,39,1,9.8
90533,2023-24,2024-03-24 12:00,1,NWEST,WAR,St George's Park,11432,Senuran Muthusamy,3,0,22,0,7.3
90533,2023-24,2024-03-24 12:00,1,NWEST,WAR,St George's Park,20526,Caleb Seleka,4,0,33,2,8.2
90533,2023-24,2024-03-24 12:00,1,NWEST,WAR,St George's Park,11497,Wihan Lubbe,4,0,23,1,5.8
90533,2023-24,2024-03-24 12:00,2,WAR,NWEST,St George's Park,16433,Beyers Swanepoel,4,0,28,2,7
90533,2023-24,2024-03-24 12:00,2,WAR,NWEST,St George's Park,11902,Patrick Kruger,2,0,21,0,10.5
90533,2023-24,2024-03-24 12:00,2,WAR,NWEST,St George's Park,9714,Siya Simetu,4,0,24,1,6
90533,2023-24,2024-03-24 12:00,2,WAR,NWEST,St George's Park,12587,Shimane Alfred Mothoa,4,0,33,1,8.2
90533,2023-24,2024-03-24 12:00,2,WAR,NWEST,St George's Park,20287,Renaldo Meyer,4,1,38,2,9.5
90533,2023-24,2024-03-24 12:00,2,WAR,NWEST,St George's Park,41704,JP King,2,0,13,2,6.5
90540,2023-24,2024-03-27 11:00,1,KZNIN,WPR,City Oval,9703,Erlank,4,0,33,1,8.2
90540,2023-24,2024-03-27 11:00,1,KZNIN,WPR,City Oval,12592,Keith Dudgeon,4,0,45,0,11.2
90540,2023-24,2024-03-27 11:00,1,KZNIN,WPR,City Oval,10993,Budaza,4,0,41,3,10.2
90540,2023-24,2024-03-27 11:00,1,KZNIN,WPR,City Oval,13099,Smangaliso Nhlebela,2,0,27,0,13.5
90540,2023-24,2024-03-27 11:00,1,KZNIN,WPR,City Oval,16631,Tian Koekemoer,3,0,27,1,9
90540,2023-24,2024-03-27 11:00,1,KZNIN,WPR,City Oval,9719,Delport,3,0,32,0,10.7
90540,2023-24,2024-03-27 11:00,2,WPR,KZNIN,City Oval,9490,Beuran Hendricks,4,0,37,0,9.2
90540,2023-24,2024-03-27 11:00,2,WPR,KZNIN,City Oval,1692,Wayne Parnell,2,0,28,1,14
90540,2023-24,2024-03-27 11:00,2,WPR,KZNIN,City Oval,12223,Kyle Simmonds,4,0,28,2,7
90540,2023-24,2024-03-27 11:00,2,WPR,KZNIN,City Oval,13151,Mthiwekhaya Nabe,4,0,27,1,6.8
90540,2023-24,2024-03-27 11:00,2,WPR,KZNIN,City Oval,10187,George Linde,4,0,27,0,6.8
90540,2023-24,2024-03-27 11:00,2,WPR,KZNIN,City Oval,31972,Juan James,2,0,12,2,6
90543,2023-24,2024-03-27 16:00,1,LIONS,WAR,The Wanderers Stadium,11208,Sipamla,3,0,24,1,8
90543,2023-24,2024-03-27 16:00,1,LIONS,WAR,The Wanderers Stadium,11200,Wiaan Mulder,4,0,28,1,7
90543,2023-24,2024-03-27 16:00,1,LIONS,WAR,The Wanderers Stadium,24546,Codi Yusuf,4,0,32,1,8
90543,2023-24,2024-03-27 16:00,1,LIONS,WAR,The Wanderers Stadium,10679,Tshepo Moreki,2,0,18,0,9
90543,2023-24,2024-03-27 16:00,1,LIONS,WAR,The Wanderers Stadium,20308,Evan Jones,2,0,21,0,10.5
90543,2023-24,2024-03-27 16:00,1,LIONS,WAR,The Wanderers Stadium,10676,Bjorn Fortuin,4,0,28,1,7
90543,2023-24,2024-03-27 16:00,1,LIONS,WAR,The Wanderers Stadium,9491,Reeza Hendricks,1,0,15,0,15
90543,2023-24,2024-03-27 16:00,2,WAR,LIONS,The Wanderers Stadium,16433,Beyers Swanepoel,4,0,27,2,6.8
90543,2023-24,2024-03-27 16:00,2,WAR,LIONS,The Wanderers Stadium,41704,JP King,1,0,6,0,6
90543,2023-24,2024-03-27 16:00,2,WAR,LIONS,The Wanderers Stadium,9714,Siya Simetu,4,0,25,1,6.2
90543,2023-24,2024-03-27 16:00,2,WAR,LIONS,The Wanderers Stadium,12587,Shimane Alfred Mothoa,4,0,35,3,8.8
90543,2023-24,2024-03-27 16:00,2,WAR,LIONS,The Wanderers Stadium,20372,Nealan van Heerden,4,0,36,1,9
90543,2023-24,2024-03-27 16:00,2,WAR,LIONS,The Wanderers Stadium,11902,Patrick Kruger,3,0,41,0,13.7
90547,2023-24,2024-03-31 08:00,1,WAR,WPR,Boland Park,16433,Beyers Swanepoel,2,0,18,0,9
90547,2023-24,2024-03-31 08:00,1,WAR,WPR,Boland Park,41704,JP King,4,0,24,1,6
90547,2023-24,2024-03-31 08:00,1,WAR,WPR,Boland Park,12587,Shimane Mothoa,4,0,36,2,9
90547,2023-24,2024-03-31 08:00,1,WAR,WPR,Boland Park,20372,Heerden,4,0,25,2,6.2
90547,2023-24,2024-03-31 08:00,1,WAR,WPR,Boland Park,11902,Patrick Kruger,2,0,14,1,7
90547,2023-24,2024-03-31 08:00,1,WAR,WPR,Boland Park,9714,Simetu,4,0,24,1,6
90547,2023-24,2024-03-31 08:00,2,WPR,WAR,Boland Park,12223,Kyle Simmonds,4,0,32,1,8
90547,2023-24,2024-03-31 08:00,2,WPR,WAR,Boland Park,10187,George Linde,2,0,16,0,8
90547,2023-24,2024-03-31 08:00,2,WPR,WAR,Boland Park,9490,Beuran Hendricks,3,0,34,0,11.3
90547,2023-24,2024-03-31 08:00,2,WPR,WAR,Boland Park,1692,Wayne Parnell,2,0,16,0,8
90547,2023-24,2024-03-31 08:00,2,WPR,WAR,Boland Park,13151,Mthiwekhaya Nabe,2.3,0,29,0,11.6
90547,2023-24,2024-03-31 08:00,2,WPR,WAR,Boland Park,31972,Juan James,3,0,16,0,5.3
90554,2023-24,2024-03-31 12:00,1,LIONS,BOL,Boland Park,11200,Wiaan Mulder,4,0,26,2,6.5
90554,2023-24,2024-03-31 12:00,1,LIONS,BOL,Boland Park,10676,Bjorn Fortuin,4,1,15,2,3.8
90554,2023-24,2024-03-31 12:00,1,LIONS,BOL,Boland Park,24546,Codi Yusuf,2,0,12,0,6
90554,2023-24,2024-03-31 12:00,1,LIONS,BOL,Boland Park,11208,Sipamla,3,0,29,0,9.7
90554,2023-24,2024-03-31 12:00,1,LIONS,BOL,Boland Park,20428,Nqaba Peter,4,0,14,3,3.5
90554,2023-24,2024-03-31 12:00,1,LIONS,BOL,Boland Park,20308,Evan Jones,3,0,20,1,6.7
90554,2023-24,2024-03-31 12:00,2,BOL,LIONS,Boland Park,14516,Glenton Stuurman,4,0,30,0,7.5
90554,2023-24,2024-03-31 12:00,2,BOL,LIONS,Boland Park,14687,Imran Manack,4,0,24,0,6
90554,2023-24,2024-03-31 12:00,2,BOL,LIONS,Boland Park,9736,Shaun von Berg,4,0,29,1,7.2
90554,2023-24,2024-03-31 12:00,2,BOL,LIONS,Boland Park,10194,Ferisco Adams,2,0,16,0,8
90554,2023-24,2024-03-31 12:00,2,BOL,LIONS,Boland Park,1423931,Adrian du Toit,2,0,8,0,4
90554,2023-24,2024-03-31 12:00,2,BOL,LIONS,Boland Park,13066,Akhona Mnyaka,1.2,0,13,0,9.8
90561,2023-24,2024-04-01 08:00,1,KZNIN,DOL,North-West University No1 Ground,12592,Keith Dudgeon,4,0,24,0,6
90561,2023-24,2024-04-01 08:00,1,KZNIN,DOL,North-West University No1 Ground,10993,Budaza,4,0,27,3,6.8
90561,2023-24,2024-04-01 08:00,1,KZNIN,DOL,North-West University No1 Ground,13099,Smangaliso Nhlebela,4,0,28,2,7
90561,2023-24,2024-04-01 08:00,1,KZNIN,DOL,North-West University No1 Ground,13324,Thando Ntini,4,0,24,2,6
90561,2023-24,2024-04-01 08:00,1,KZNIN,DOL,North-West University No1 Ground,16631,Tian Koekemoer,2,0,26,0,13
90561,2023-24,2024-04-01 08:00,1,KZNIN,DOL,North-West University No1 Ground,9822,Nofal,2,0,18,0,9
90561,2023-24,2024-04-01 08:00,2,DOL,KZNIN,North-West University No1 Ground,50972,Tristan Luus,4,0,30,2,7.5
90561,2023-24,2024-04-01 08:00,2,DOL,KZNIN,North-West University No1 Ground,13100,Ottniel Baartman,4,0,23,0,5.8
90561,2023-24,2024-04-01 08:00,2,DOL,KZNIN,North-West University No1 Ground,8530,Prenelan Subrayen,4,0,23,1,5.8
90561,2023-24,2024-04-01 08:00,2,DOL,KZNIN,North-West University No1 Ground,7668,JJ Smuts,4,0,26,0,6.5
90561,2023-24,2024-04-01 08:00,2,DOL,KZNIN,North-West University No1 Ground,9601,Andile Phehlukwayo,4,0,28,1,7
90575,2023-24,2024-04-03 16:00,1,WPR,LIONS,Newlands,12223,Kyle Simmonds,4,0,34,0,8.5
90575,2023-24,2024-04-03 16:00,1,WPR,LIONS,Newlands,9490,B Hendricks,4,0,38,1,9.5
90575,2023-24,2024-04-03 16:00,1,WPR,LIONS,Newlands,1692,Parnell,4,0,58,0,14.5
90575,2023-24,2024-04-03 16:00,1,WPR,LIONS,Newlands,13151,Nabe,2,0,32,0,16
90575,2023-24,2024-04-03 16:00,1,WPR,LIONS,Newlands,10187,George Linde,4,0,34,1,8.5
90575,2023-24,2024-04-03 16:00,1,WPR,LIONS,Newlands,31972,Juan James,2,0,15,0,7.5
90575,2023-24,2024-04-03 16:00,2,LIONS,WPR,Newlands,10679,Tshepo Moreki,2,0,14,1,7
90575,2023-24,2024-04-03 16:00,2,LIONS,WPR,Newlands,11208,Lutho Sipamla,3,1,14,3,4.7
90575,2023-24,2024-04-03 16:00,2,LIONS,WPR,Newlands,11200,Wiaan Mulder,1,0,10,0,10
90575,2023-24,2024-04-03 16:00,2,LIONS,WPR,Newlands,10676,Bjorn Fortuin,4,0,30,1,7.5
90575,2023-24,2024-04-03 16:00,2,LIONS,WPR,Newlands,20308,Evan Jones,2,0,6,1,3
90575,2023-24,2024-04-03 16:00,2,LIONS,WPR,Newlands,20428,Nqaba Peter,2.3,1,7,4,2.8
90585,2023-24,2024-04-05 16:00,1,BOL,KZNIN,Boland Park,14516,Glenton Stuurman,3,0,14,0,4.7
90585,2023-24,2024-04-05 16:00,1,BOL,KZNIN,Boland Park,14687,Imran Manack,4,0,17,3,4.2
90585,2023-24,2024-04-05 16:00,1,BOL,KZNIN,Boland Park,19058,Mahima,4,0,22,1,5.5
90585,2023-24,2024-04-05 16:00,1,BOL,KZNIN,Boland Park,9736,von Berg,4,0,15,2,3.8
90585,2023-24,2024-04-05 16:00,1,BOL,KZNIN,Boland Park,9766,Mgijima,1,0,5,0,5
90585,2023-24,2024-04-05 16:00,1,BOL,KZNIN,Boland Park,9764,Jonker,1,0,4,0,4
90585,2023-24,2024-04-05 16:00,1,BOL,KZNIN,Boland Park,1423931,Adrian du Toit,3,0,17,1,5.7
90585,2023-24,2024-04-05 16:00,2,KZNIN,BOL,Boland Park,12592,Keith Dudgeon,4,0,20,1,5
90585,2023-24,2024-04-05 16:00,2,KZNIN,BOL,Boland Park,10993,Mbulelo Budaza,4,0,39,3,9.8
90585,2023-24,2024-04-05 16:00,2,KZNIN,BOL,Boland Park,13324,Thando Ntini,1,0,10,0,10
90585,2023-24,2024-04-05 16:00,2,KZNIN,BOL,Boland Park,13099,Smangaliso Nhlebela,3.3,1,12,0,3.4
90585,2023-24,2024-04-05 16:00,2,KZNIN,BOL,Boland Park,9822,Malcolm Nofal,3,0,15,0,5
90592,2023-24,2024-04-05 16:00,1,WAR,TIT,St George's Park,9714,Simetu,4,0,18,0,4.5
90592,2023-24,2024-04-05 16:00,1,WAR,TIT,St George's Park,16433,Beyers Swanepoel,4,0,39,5,9.8
90592,2023-24,2024-04-05 16:00,1,WAR,TIT,St George's Park,11902,Patrick Kruger,2,0,25,0,12.5
90592,2023-24,2024-04-05 16:00,1,WAR,TIT,St George's Park,12587,Shimane Mothoa,4,0,27,2,6.8
90592,2023-24,2024-04-05 16:00,1,WAR,TIT,St George's Park,41704,JP King,2,0,25,0,12.5
90592,2023-24,2024-04-05 16:00,1,WAR,TIT,St George's Park,20372,Heerden,4,0,30,1,7.5
90592,2023-24,2024-04-05 16:00,2,TIT,WAR,St George's Park,8531,Lizaad Williams,4,0,26,2,6.5
90592,2023-24,2024-04-05 16:00,2,TIT,WAR,St George's Park,9603,Lungi Ngidi,2,0,28,0,14
90592,2023-24,2024-04-05 16:00,2,TIT,WAR,St George's Park,9581,Dayyaan Galiem,3,0,23,1,7.7
90592,2023-24,2024-04-05 16:00,2,TIT,WAR,St George's Park,7649,Aaron Phangiso,2,0,11,0,5.5
90592,2023-24,2024-04-05 16:00,2,TIT,WAR,St George's Park,14308,Neil Brand,3,0,21,1,7
90592,2023-24,2024-04-05 16:00,2,TIT,WAR,St George's Park,10173,Tabraiz Shamsi,2,0,13,0,6.5
90592,2023-24,2024-04-05 16:00,2,TIT,WAR,St George's Park,9576,Corbin Bosch,4,0,22,3,5.5
90596,2023-24,2024-04-05 16:00,1,LIONS,DOL,The Wanderers Stadium,11208,Sipamla,1,0,19,0,19
90596,2023-24,2024-04-05 16:00,1,LIONS,DOL,The Wanderers Stadium,10676,Bjorn Fortuin,2,0,19,1,9.5
90596,2023-24,2024-04-05 16:00,1,LIONS,DOL,The Wanderers Stadium,24546,Codi Yusuf,2,0,15,3,7.5
90596,2023-24,2024-04-05 16:00,1,LIONS,DOL,The Wanderers Stadium,20428,Nqaba Peter,2,0,13,0,6.5
90596,2023-24,2024-04-05 16:00,1,LIONS,DOL,The Wanderers Stadium,20308,Evan Jones,2,0,27,1,13.5
90596,2023-24,2024-04-05 16:00,2,DOL,LIONS,The Wanderers Stadium,13098,Eathan Bosch,1,0,19,0,19
90596,2023-24,2024-04-05 16:00,2,DOL,LIONS,The Wanderers Stadium,12191,Okuhle Cele,1,0,13,0,13
90596,2023-24,2024-04-05 16:00,2,DOL,LIONS,The Wanderers Stadium,13100,Ottniel Baartman,2,0,26,1,13
90596,2023-24,2024-04-05 16:00,2,DOL,LIONS,The Wanderers Stadium,7668,JJ Smuts,1,0,11,0,11
90596,2023-24,2024-04-05 16:00,2,DOL,LIONS,The Wanderers Stadium,8530,Prenelan Subrayen,2,0,18,1,9
90596,2023-24,2024-04-05 16:00,2,DOL,LIONS,The Wanderers Stadium,9601,Andile Phehlukwayo,1.2,0,11,1,8.2
90603,2023-24,2024-04-07 11:00,1,KZNIN,TIT,City Oval,12592,Keith Dudgeon,4,0,42,0,10.5
90603,2023-24,2024-04-07 11:00,1,KZNIN,TIT,City Oval,10993,Budaza,3,0,18,1,6
90603,2023-24,2024-04-07 11:00,1,KZNIN,TIT,City Oval,9822,Nofal,3,0,29,0,9.7
90603,2023-24,2024-04-07 11:00,1,KZNIN,TIT,City Oval,13324,Thando Ntini,4,0,25,1,6.2
90603,2023-24,2024-04-07 11:00,1,KZNIN,TIT,City Oval,20348,Mannikam,4,0,28,3,7
90603,2023-24,2024-04-07 11:00,1,KZNIN,TIT,City Oval,22061,Alindile Mhletywa,2,0,23,1,11.5
90603,2023-24,2024-04-07 11:00,2,TIT,KZNIN,City Oval,8531,Lizaad Williams,3,0,39,0,13
90603,2023-24,2024-04-07 11:00,2,TIT,KZNIN,City Oval,9603,Lungi Ngidi,1.4,0,18,1,10.8
90603,2023-24,2024-04-07 11:00,2,TIT,KZNIN,City Oval,9581,Dayyaan Galiem,4,0,27,2,6.8
90603,2023-24,2024-04-07 11:00,2,TIT,KZNIN,City Oval,9576,Corbin Bosch,4,0,24,0,6
90603,2023-24,2024-04-07 11:00,2,TIT,KZNIN,City Oval,10173,Tabraiz Shamsi,3,0,32,0,10.7
90603,2023-24,2024-04-07 11:00,2,TIT,KZNIN,City Oval,7649,Aaron Phangiso,2,0,25,0,12.5
90617,2023-24,2024-04-07 12:00,1,NWEST,DOL,North-West University No1 Ground,13150,Mungroo,4,0,36,1,9
90617,2023-24,2024-04-07 12:00,1,NWEST,DOL,North-West University No1 Ground,13069,Migael Pretorius,4,0,35,3,8.8
90617,2023-24,2024-04-07 12:00,1,NWEST,DOL,North-West University No1 Ground,15852,Ruan de Swardt,4,1,23,3,5.8
90617,2023-24,2024-04-07 12:00,1,NWEST,DOL,North-West University No1 Ground,11497,Wihan Lubbe,3,0,24,1,8
90617,2023-24,2024-04-07 12:00,1,NWEST,DOL,North-West University No1 Ground,11432,Senuran Muthusamy,2,0,16,0,8
90617,2023-24,2024-04-07 12:00,1,NWEST,DOL,North-West University No1 Ground,51046,Irvin Modimokoane,2,0,26,0,13
90617,2023-24,2024-04-07 12:00,1,NWEST,DOL,North-West University No1 Ground,20526,Caleb Seleka,1,0,11,0,11
90617,2023-24,2024-04-07 12:00,2,DOL,NWEST,North-West University No1 Ground,13098,Eathan Bosch,3,0,25,1,8.3
90617,2023-24,2024-04-07 12:00,2,DOL,NWEST,North-West University No1 Ground,12191,Okuhle Cele,4,0,28,3,7
90617,2023-24,2024-04-07 12:00,2,DOL,NWEST,North-West University No1 Ground,13100,Ottniel Baartman,4,0,28,2,7
90617,2023-24,2024-04-07 12:00,2,DOL,NWEST,North-West University No1 Ground,9601,Andile Phehlukwayo,2,0,8,0,4
90617,2023-24,2024-04-07 12:00,2,DOL,NWEST,North-West University No1 Ground,7668,JJ Smuts,4,0,36,0,9
90617,2023-24,2024-04-07 12:00,2,DOL,NWEST,North-West University No1 Ground,8530,Prenelan Subrayen,3,0,24,1,8
90620,2023-24,2024-04-10 16:00,1,TIT,DOL,Kingsmead,14308,Neil Brand,3,0,13,0,4.3
90620,2023-24,2024-04-10 16:00,1,TIT,DOL,Kingsmead,9603,Lungi Ngidi,2,0,18,0,9
90620,2023-24,2024-04-10 16:00,1,TIT,DOL,Kingsmead,9581,D Galiem,2,0,12,0,6
90620,2023-24,2024-04-10 16:00,1,TIT,DOL,Kingsmead,8589,Wiese,4,0,29,5,7.2
90620,2023-24,2024-04-10 16:00,1,TIT,DOL,Kingsmead,10173,Shamsi,3,0,17,0,5.7
90620,2023-24,2024-04-10 16:00,1,TIT,DOL,Kingsmead,7649,Phangiso,3,0,17,0,5.7
90620,2023-24,2024-04-10 16:00,1,TIT,DOL,Kingsmead,9576,Corbin Bosch,3,0,17,0,5.7
90620,2023-24,2024-04-10 16:00,2,DOL,TIT,Kingsmead,8530,Prenelan Subrayen,4,0,17,2,4.2
90620,2023-24,2024-04-10 16:00,2,DOL,TIT,Kingsmead,12191,Okuhle Cele,3,0,25,0,8.3
90620,2023-24,2024-04-10 16:00,2,DOL,TIT,Kingsmead,13098,Eathan Bosch,1,0,9,0,9
90620,2023-24,2024-04-10 16:00,2,DOL,TIT,Kingsmead,13100,Ottniel Baartman,3,0,18,1,6
90620,2023-24,2024-04-10 16:00,2,DOL,TIT,Kingsmead,9601,Andile Phehlukwayo,2,0,14,1,7
90620,2023-24,2024-04-10 16:00,2,DOL,TIT,Kingsmead,7668,JJ Smuts,3,0,15,2,5
90624,2023-24,2024-04-12 11:30,1,KZNIN,WAR,City Oval,10993,Budaza,4,0,26,1,6.5
90624,2023-24,2024-04-12 11:30,1,KZNIN,WAR,City Oval,12592,Keith Dudgeon,4,0,19,0,4.8
90624,2023-24,2024-04-12 11:30,1,KZNIN,WAR,City Oval,22061,Alindile Mhletywa,2,0,29,0,14.5
90624,2023-24,2024-04-12 11:30,1,KZNIN,WAR,City Oval,9779,Nipper,2,0,38,1,19
90624,2023-24,2024-04-12 11:30,1,KZNIN,WAR,City Oval,13324,Thando Ntini,4,0,30,1,7.5
90624,2023-24,2024-04-12 11:30,1,KZNIN,WAR,City Oval,20348,Mannikam,4,0,26,2,6.5
90624,2023-24,2024-04-12 11:30,2,WAR,KZNIN,City Oval,16433,Beyers Swanepoel,4,0,34,2,8.5
90624,2023-24,2024-04-12 11:30,2,WAR,KZNIN,City Oval,41704,JP King,1,0,7,0,7
90624,2023-24,2024-04-12 11:30,2,WAR,KZNIN,City Oval,12587,Shimane Alfred Mothoa,4,0,20,1,5
90624,2023-24,2024-04-12 11:30,2,WAR,KZNIN,City Oval,9714,Siya Simetu,4,0,29,0,7.2
90624,2023-24,2024-04-12 11:30,2,WAR,KZNIN,City Oval,20372,Nealan van Heerden,4,0,31,3,7.8
90624,2023-24,2024-04-12 11:30,2,WAR,KZNIN,City Oval,11902,Patrick Kruger,3,0,14,1,4.7
90631,2023-24,2024-04-12 16:00,1,TIT,BOL,SuperSport Park,8589,Wiese,3,1,9,2,3
90631,2023-24,2024-04-12 16:00,1,TIT,BOL,SuperSport Park,9581,D Galiem,2,0,14,0,7
90631,2023-24,2024-04-12 16:00,1,TIT,BOL,SuperSport Park,9603,Lungi Ngidi,3,0,19,2,6.3
90631,2023-24,2024-04-12 16:00,1,TIT,BOL,SuperSport Park,10175,Junior Dala,3,0,32,2,10.7
90631,2023-24,2024-04-12 16:00,1,TIT,BOL,SuperSport Park,9576,Corbin Bosch,3.1,0,14,1,4.4
90631,2023-24,2024-04-12 16:00,1,TIT,BOL,SuperSport Park,14308,Neil Brand,1,0,13,1,13
90631,2023-24,2024-04-12 16:00,1,TIT,BOL,SuperSport Park,10173,Shamsi,3,0,16,1,5.3
90631,2023-24,2024-04-12 16:00,2,BOL,TIT,SuperSport Park,14516,Glenton Stuurman,4,0,24,2,6
90631,2023-24,2024-04-12 16:00,2,BOL,TIT,SuperSport Park,14687,Imran Manack,4,0,23,1,5.8
90631,2023-24,2024-04-12 16:00,2,BOL,TIT,SuperSport Park,9493,Hardus Viljoen,2,0,21,0,10.5
90631,2023-24,2024-04-12 16:00,2,BOL,TIT,SuperSport Park,9736,Shaun von Berg,1,0,17,1,17
90631,2023-24,2024-04-12 16:00,2,BOL,TIT,SuperSport Park,1423931,Adrian du Toit,1,0,14,0,14
90631,2023-24,2024-04-12 16:00,2,BOL,TIT,SuperSport Park,13066,Akhona Mnyaka,1,0,23,0,23
90634,2023-24,2024-04-12 16:00,1,WPR,NWEST,North-West University No1 Ground,9490,B Hendricks,4,0,23,1,5.8
90634,2023-24,2024-04-12 16:00,1,WPR,NWEST,North-West University No1 Ground,53454,Wesley Bedja,2,0,22,0,11
90634,2023-24,2024-04-12 16:00,1,WPR,NWEST,North-West University No1 Ground,12223,Kyle Simmonds,4,0,22,2,5.5
90634,2023-24,2024-04-12 16:00,1,WPR,NWEST,North-West University No1 Ground,13151,Nabe,4,0,25,2,6.2
90634,2023-24,2024-04-12 16:00,1,WPR,NWEST,North-West University No1 Ground,31972,Juan James,3,0,26,1,8.7
90634,2023-24,2024-04-12 16:00,1,WPR,NWEST,North-West University No1 Ground,10187,George Linde,3,0,29,2,9.7
90634,2023-24,2024-04-12 16:00,2,NWEST,WPR,North-West University No1 Ground,13150,Kerwin Mungroo,4,0,12,1,3
90634,2023-24,2024-04-12 16:00,2,NWEST,WPR,North-West University No1 Ground,11497,Wihan Lubbe,2,0,26,0,13
90634,2023-24,2024-04-12 16:00,2,NWEST,WPR,North-West University No1 Ground,15852,Ruan de Swardt,4,0,35,1,8.8
90634,2023-24,2024-04-12 16:00,2,NWEST,WPR,North-West University No1 Ground,20432,Gideon Peters,4,0,23,3,5.8
90634,2023-24,2024-04-12 16:00,2,NWEST,WPR,North-West University No1 Ground,11432,Senuran Muthusamy,4,0,27,1,6.8
90634,2023-24,2024-04-12 16:00,2,NWEST,WPR,North-West University No1 Ground,20417,Bamanye Xenxe,2,0,21,0,10.5
90652,2023-24,2024-04-14 12:00,1,TIT,KZNIN,SuperSport Park,8589,Wiese,4,1,21,3,5.2
90652,2023-24,2024-04-14 12:00,1,TIT,KZNIN,SuperSport Park,9576,Corbin Bosch,3,0,20,2,6.7
90652,2023-24,2024-04-14 12:00,1,TIT,KZNIN,SuperSport Park,10175,Junior Dala,2,0,26,0,13
90652,2023-24,2024-04-14 12:00,1,TIT,KZNIN,SuperSport Park,9603,Lungi Ngidi,3,0,12,2,4
90652,2023-24,2024-04-14 12:00,1,TIT,KZNIN,SuperSport Park,10173,Shamsi,3,0,23,0,7.7
90652,2023-24,2024-04-14 12:00,1,TIT,KZNIN,SuperSport Park,9581,D Galiem,3.4,0,24,3,6.5
90652,2023-24,2024-04-14 12:00,1,TIT,KZNIN,SuperSport Park,14308,Neil Brand,1,0,11,0,11
90652,2023-24,2024-04-14 12:00,2,KZNIN,TIT,SuperSport Park,12592,Keith Dudgeon,2,0,25,0,12.5
90652,2023-24,2024-04-14 12:00,2,KZNIN,TIT,SuperSport Park,10993,Mbulelo Budaza,2,0,38,0,19
90652,2023-24,2024-04-14 12:00,2,KZNIN,TIT,SuperSport Park,13324,Thando Ntini,3.3,0,29,2,8.3
90652,2023-24,2024-04-14 12:00,2,KZNIN,TIT,SuperSport Park,9703,Michael Erlank,1,0,7,0,7
90652,2023-24,2024-04-14 12:00,2,KZNIN,TIT,SuperSport Park,9779,Kyle Nipper,2,0,15,0,7.5
90652,2023-24,2024-04-14 12:00,2,KZNIN,TIT,SuperSport Park,15919,Mondli Khumalo,1,0,11,0,11
90652,2023-24,2024-04-14 12:00,2,KZNIN,TIT,SuperSport Park,20348,Kurtlyn Mannikam,1,0,13,0,13
90645,2023-24,2024-04-14 12:00,1,LIONS,NWEST,The Wanderers Stadium,24546,Codi Yusuf,2.2,0,5,1,2.1
90645,2023-24,2024-04-14 12:00,1,LIONS,NWEST,The Wanderers Stadium,11200,Wiaan Mulder,2,0,9,2,4.5
90645,2023-24,2024-04-14 12:00,1,LIONS,NWEST,The Wanderers Stadium,11208,Sipamla,3,0,18,2,6
90645,2023-24,2024-04-14 12:00,1,LIONS,NWEST,The Wanderers Stadium,20308,Evan Jones,3,0,11,1,3.7
90645,2023-24,2024-04-14 12:00,1,LIONS,NWEST,The Wanderers Stadium,10676,Bjorn Fortuin,4,0,19,1,4.8
90645,2023-24,2024-04-14 12:00,1,LIONS,NWEST,The Wanderers Stadium,20428,Nqaba Peter,4,0,22,3,5.5
90645,2023-24,2024-04-14 12:00,2,NWEST,LIONS,The Wanderers Stadium,13150,Kerwin Mungroo,3,0,16,0,5.3
90645,2023-24,2024-04-14 12:00,2,NWEST,LIONS,The Wanderers Stadium,20432,Gideon Peters,2,0,20,0,10
90645,2023-24,2024-04-14 12:00,2,NWEST,LIONS,The Wanderers Stadium,15852,Ruan de Swardt,1,0,16,0,16
90645,2023-24,2024-04-14 12:00,2,NWEST,LIONS,The Wanderers Stadium,20417,Bamanye Xenxe,2,0,19,0,9.5
90645,2023-24,2024-04-14 12:00,2,NWEST,LIONS,The Wanderers Stadium,20526,Caleb Seleka,1.2,0,15,0,11.2
90641,2023-24,2024-04-14 12:00,1,DOL,WPR,Newlands,13098,Eathan Bosch,2,0,14,1,7
90641,2023-24,2024-04-14 12:00,1,DOL,WPR,Newlands,12191,Okuhle Cele,2,0,19,0,9.5
90641,2023-24,2024-04-14 12:00,1,DOL,WPR,Newlands,8530,Subrayen,4,0,18,3,4.5
90641,2023-24,2024-04-14 12:00,1,DOL,WPR,Newlands,10079,Dupavillon,3,0,13,1,4.3
90641,2023-24,2024-04-14 12:00,1,DOL,WPR,Newlands,7668,Smuts,3,0,11,2,3.7
90641,2023-24,2024-04-14 12:00,1,DOL,WPR,Newlands,18687,Simelane,3,0,12,3,4
90641,2023-24,2024-04-14 12:00,2,WPR,DOL,Newlands,12223,Kyle Simmonds,1,0,10,0,10
90641,2023-24,2024-04-14 12:00,2,WPR,DOL,Newlands,9490,Beuran Hendricks,4,0,22,1,5.5
90641,2023-24,2024-04-14 12:00,2,WPR,DOL,Newlands,13151,Mthiwekhaya Nabe,2,0,24,0,12
90641,2023-24,2024-04-14 12:00,2,WPR,DOL,Newlands,53454,Wesley Bedja,3,0,26,1,8.7
90641,2023-24,2024-04-14 12:00,2,WPR,DOL,Newlands,14429,Onke Nyaku,1.1,0,13,0,11.1
90659,2023-24,2024-04-14 16:00,1,BOL,WAR,Boland Park,14516,Glenton Stuurman,3,0,31,1,10.3
90659,2023-24,2024-04-14 16:00,1,BOL,WAR,Boland Park,14687,Imran Manack,4,0,24,0,6
90659,2023-24,2024-04-14 16:00,1,BOL,WAR,Boland Park,19058,Mahima,4,0,21,2,5.2
90659,2023-24,2024-04-14 16:00,1,BOL,WAR,Boland Park,10194,Ferisco Adams,2,0,10,1,5
90659,2023-24,2024-04-14 16:00,1,BOL,WAR,Boland Park,9736,von Berg,4,0,18,1,4.5
90659,2023-24,2024-04-14 16:00,1,BOL,WAR,Boland Park,9764,Jonker,2,0,21,2,10.5
90659,2023-24,2024-04-14 16:00,1,BOL,WAR,Boland Park,1423931,Adrian du Toit,1,0,2,1,2
90659,2023-24,2024-04-14 16:00,2,WAR,BOL,Boland Park,16433,Beyers Swanepoel,4,0,28,2,7
90659,2023-24,2024-04-14 16:00,2,WAR,BOL,Boland Park,9714,Siya Simetu,4,0,21,2,5.2
90659,2023-24,2024-04-14 16:00,2,WAR,BOL,Boland Park,12587,Shimane Alfred Mothoa,4,0,29,1,7.2
90659,2023-24,2024-04-14 16:00,2,WAR,BOL,Boland Park,20566,Liam Alder,4,0,26,0,6.5
90659,2023-24,2024-04-14 16:00,2,WAR,BOL,Boland Park,20287,Renaldo Meyer,1,0,18,0,18
90666,2023-24,2024-04-17 11:00,1,BOL,KZNIN,City Oval,14516,Glenton Stuurman,2,0,14,1,7
90666,2023-24,2024-04-17 11:00,1,BOL,KZNIN,City Oval,14687,Imran Manack,4,0,20,2,5
90666,2023-24,2024-04-17 11:00,1,BOL,KZNIN,City Oval,9489,Gqamane,2,0,12,1,6
90666,2023-24,2024-04-17 11:00,1,BOL,KZNIN,City Oval,19058,Mahima,4,0,17,3,4.2
90666,2023-24,2024-04-17 11:00,1,BOL,KZNIN,City Oval,9736,von Berg,4,0,25,0,6.2
90666,2023-24,2024-04-17 11:00,1,BOL,KZNIN,City Oval,1423931,Adrian du Toit,2,0,8,1,4
90666,2023-24,2024-04-17 11:00,1,BOL,KZNIN,City Oval,9766,Mgijima,2,0,22,0,11
90666,2023-24,2024-04-17 11:00,2,KZNIN,BOL,City Oval,12592,Keith Dudgeon,2,0,17,0,8.5
90666,2023-24,2024-04-17 11:00,2,KZNIN,BOL,City Oval,10993,Mbulelo Budaza,3,0,15,2,5
90666,2023-24,2024-04-17 11:00,2,KZNIN,BOL,City Oval,13099,Smangaliso Nhlebela,4,0,26,0,6.5
90666,2023-24,2024-04-17 11:00,2,KZNIN,BOL,City Oval,13324,Thando Ntini,3,0,24,0,8
90666,2023-24,2024-04-17 11:00,2,KZNIN,BOL,City Oval,9779,Kyle Nipper,3.4,0,20,0,5.5
90666,2023-24,2024-04-17 11:00,2,KZNIN,BOL,City Oval,20348,Kurtlyn Mannikam,2,0,17,1,8.5
90669,2023-24,2024-04-17 16:00,1,WAR,LIONS,St George's Park,16433,Beyers Swanepoel,4,0,36,1,9
90669,2023-24,2024-04-17 16:00,1,WAR,LIONS,St George's Park,20566,Liam Alder,2,0,22,0,11
90669,2023-24,2024-04-17 16:00,1,WAR,LIONS,St George's Park,12587,Shimane Mothoa,4,0,26,2,6.5
90669,2023-24,2024-04-17 16:00,1,WAR,LIONS,St George's Park,9714,Simetu,4,0,29,1,7.2
90669,2023-24,2024-04-17 16:00,1,WAR,LIONS,St George's Park,20372,Heerden,4,0,23,4,5.8
90669,2023-24,2024-04-17 16:00,1,WAR,LIONS,St George's Park,21386,Jordan Hermann,1,0,5,0,5
90669,2023-24,2024-04-17 16:00,1,WAR,LIONS,St George's Park,11902,Patrick Kruger,1,0,6,0,6
90669,2023-24,2024-04-17 16:00,2,LIONS,WAR,St George's Park,11208,Lutho Sipamla,2,0,19,1,9.5
90669,2023-24,2024-04-17 16:00,2,LIONS,WAR,St George's Park,10676,Bjorn Fortuin,4,0,12,1,3
90669,2023-24,2024-04-17 16:00,2,LIONS,WAR,St George's Park,11200,Wiaan Mulder,4,0,14,4,3.5
90669,2023-24,2024-04-17 16:00,2,LIONS,WAR,St George's Park,20308,Evan Jones,3.1,0,17,2,5.4
90669,2023-24,2024-04-17 16:00,2,LIONS,WAR,St George's Park,13629,Junaid Dawood,4,0,33,1,8.2
90669,2023-24,2024-04-17 16:00,2,LIONS,WAR,St George's Park,20428,Nqaba Peter,2,0,13,0,6.5
90687,2023-24,2024-04-19 16:00,1,NWEST,WAR,North-West University No1 Ground,13150,Mungroo,4,0,29,1,7.2
90687,2023-24,2024-04-19 16:00,1,NWEST,WAR,North-West University No1 Ground,11432,Senuran Muthusamy,4,0,22,1,5.5
90687,2023-24,2024-04-19 16:00,1,NWEST,WAR,North-West University No1 Ground,11497,Wihan Lubbe,1,0,8,0,8
90687,2023-24,2024-04-19 16:00,1,NWEST,WAR,North-West University No1 Ground,18523,Duan Jansen,2,0,17,1,8.5
90687,2023-24,2024-04-19 16:00,1,NWEST,WAR,North-West University No1 Ground,20432,Gideon Peters,4,0,28,3,7
90687,2023-24,2024-04-19 16:00,1,NWEST,WAR,North-West University No1 Ground,20417,Bamanye Xenxe,1,0,9,0,9
90687,2023-24,2024-04-19 16:00,1,NWEST,WAR,North-West University No1 Ground,20526,Caleb Seleka,4,0,27,1,6.8
90687,2023-24,2024-04-19 16:00,2,WAR,NWEST,North-West University No1 Ground,11902,Patrick Kruger,1,0,1,0,1
90687,2023-24,2024-04-19 16:00,2,WAR,NWEST,North-West University No1 Ground,20372,Nealan van Heerden,2.3,0,41,0,16.4
90687,2023-24,2024-04-19 16:00,2,WAR,NWEST,North-West University No1 Ground,41704,JP King,4,0,22,1,5.5
90687,2023-24,2024-04-19 16:00,2,WAR,NWEST,North-West University No1 Ground,11203,Sean Whitehead,4,0,22,2,5.5
90687,2023-24,2024-04-19 16:00,2,WAR,NWEST,North-West University No1 Ground,12587,Shimane Alfred Mothoa,4,0,33,0,8.2
90687,2023-24,2024-04-19 16:00,2,WAR,NWEST,North-West University No1 Ground,9714,Siya Simetu,2,0,9,1,4.5
90687,2023-24,2024-04-19 16:00,2,WAR,NWEST,North-West University No1 Ground,21386,Jordan Hermann,1,0,16,0,16
90683,2023-24,2024-04-19 16:00,1,TIT,LIONS,SuperSport Park,8589,Wiese,4,0,22,1,5.5
90683,2023-24,2024-04-19 16:00,1,TIT,LIONS,SuperSport Park,9603,Lungi Ngidi,3,0,26,2,8.7
90683,2023-24,2024-04-19 16:00,1,TIT,LIONS,SuperSport Park,9581,D Galiem,4,0,20,1,5
90683,2023-24,2024-04-19 16:00,1,TIT,LIONS,SuperSport Park,9576,Corbin Bosch,4,0,42,2,10.5
90683,2023-24,2024-04-19 16:00,1,TIT,LIONS,SuperSport Park,10173,Shamsi,3,0,27,1,9
90683,2023-24,2024-04-19 16:00,1,TIT,LIONS,SuperSport Park,10175,Junior Dala,2,0,15,0,7.5
90683,2023-24,2024-04-19 16:00,2,LIONS,TIT,SuperSport Park,10676,Bjorn Fortuin,2,0,18,0,9
90683,2023-24,2024-04-19 16:00,2,LIONS,TIT,SuperSport Park,10679,Tshepo Moreki,3,0,21,0,7
90683,2023-24,2024-04-19 16:00,2,LIONS,TIT,SuperSport Park,24546,Codi Yusuf,4,0,25,1,6.2
90683,2023-24,2024-04-19 16:00,2,LIONS,TIT,SuperSport Park,20308,Evan Jones,3,0,33,2,11
90683,2023-24,2024-04-19 16:00,2,LIONS,TIT,SuperSport Park,11200,Wiaan Mulder,4,0,24,1,6
90683,2023-24,2024-04-19 16:00,2,LIONS,TIT,SuperSport Park,20428,Nqaba Peter,4,0,29,2,7.2
90680,2023-24,2024-04-19 16:00,1,DOL,KZNIN,Kingsmead,8530,Subrayen,4,0,20,1,5
90680,2023-24,2024-04-19 16:00,1,DOL,KZNIN,Kingsmead,12191,Okuhle Cele,3.3,0,13,4,3.7
90680,2023-24,2024-04-19 16:00,1,DOL,KZNIN,Kingsmead,18687,Simelane,4,1,21,3,5.2
90680,2023-24,2024-04-19 16:00,1,DOL,KZNIN,Kingsmead,50972,Tristan Luus,4,0,25,1,6.2
90680,2023-24,2024-04-19 16:00,1,DOL,KZNIN,Kingsmead,9601,Phehlukwayo,3,0,18,0,6
90680,2023-24,2024-04-19 16:00,2,KZNIN,DOL,Kingsmead,12592,Keith Dudgeon,3,0,22,1,7.3
90680,2023-24,2024-04-19 16:00,2,KZNIN,DOL,Kingsmead,10993,Mbulelo Budaza,0.1,0,2,0,12
90680,2023-24,2024-04-19 16:00,2,KZNIN,DOL,Kingsmead,15919,Mondli Khumalo,2.5,0,22,0,7.8
90680,2023-24,2024-04-19 16:00,2,KZNIN,DOL,Kingsmead,20348,Kurtlyn Mannikam,4,0,28,0,7
90680,2023-24,2024-04-19 16:00,2,KZNIN,DOL,Kingsmead,13099,Smangaliso Nhlebela,4,0,34,1,8.5
90680,2023-24,2024-04-19 16:00,2,KZNIN,DOL,Kingsmead,9703,Michael Erlank,0.1,0,4,0,24
90673,2023-24,2024-04-19 16:00,1,BOL,WPR,Boland Park,14516,Glenton Stuurman,4,0,20,1,5
90673,2023-24,2024-04-19 16:00,1,BOL,WPR,Boland Park,14687,Imran Manack,4,0,30,1,7.5
90673,2023-24,2024-04-19 16:00,1,BOL,WPR,Boland Park,9489,Gqamane,4,0,54,0,13.5
90673,2023-24,2024-04-19 16:00,1,BOL,WPR,Boland Park,19058,Mahima,4,0,23,1,5.8
90673,2023-24,2024-04-19 16:00,1,BOL,WPR,Boland Park,10194,Ferisco Adams,3,0,31,1,10.3
90673,2023-24,2024-04-19 16:00,1,BOL,WPR,Boland Park,1423931,Adrian du Toit,1,0,15,0,15
90673,2023-24,2024-04-19 16:00,2,WPR,BOL,Boland Park,9490,Beuran Hendricks,4,0,18,3,4.5
90673,2023-24,2024-04-19 16:00,2,WPR,BOL,Boland Park,53454,Wesley Bedja,3,0,18,1,6
90673,2023-24,2024-04-19 16:00,2,WPR,BOL,Boland Park,10187,George Linde,4,0,20,1,5
90673,2023-24,2024-04-19 16:00,2,WPR,BOL,Boland Park,12223,Kyle Simmonds,3.4,0,23,2,6.3
90673,2023-24,2024-04-19 16:00,2,WPR,BOL,Boland Park,14429,Onke Nyaku,3,0,27,3,9
90690,2023-24,2024-04-21 11:00,1,LIONS,KZNIN,City Oval,14566,Delano Potgieter,2,0,10,1,5
90690,2023-24,2024-04-21 11:00,1,LIONS,KZNIN,City Oval,24546,Codi Yusuf,4,0,43,0,10.8
90690,2023-24,2024-04-21 11:00,1,LIONS,KZNIN,City Oval,11208,Sipamla,4,0,25,2,6.2
90690,2023-24,2024-04-21 11:00,1,LIONS,KZNIN,City Oval,10676,Bjorn Fortuin,4,0,19,2,4.8
90690,2023-24,2024-04-21 11:00,1,LIONS,KZNIN,City Oval,9491,Reeza Hendricks,2,0,19,0,9.5
90690,2023-24,2024-04-21 11:00,1,LIONS,KZNIN,City Oval,20428,Nqaba Peter,4,0,15,3,3.8
90690,2023-24,2024-04-21 11:00,2,KZNIN,LIONS,City Oval,12592,Keith Dudgeon,4,1,11,2,2.8
90690,2023-24,2024-04-21 11:00,2,KZNIN,LIONS,City Oval,13324,Thando Ntini,3.3,0,45,0,12.9
90690,2023-24,2024-04-21 11:00,2,KZNIN,LIONS,City Oval,15919,Mondli Khumalo,3,0,25,0,8.3
90690,2023-24,2024-04-21 11:00,2,KZNIN,LIONS,City Oval,13099,Smangaliso Nhlebela,4,0,34,1,8.5
90690,2023-24,2024-04-21 11:00,2,KZNIN,LIONS,City Oval,9703,Michael Erlank,2,0,10,0,5
90690,2023-24,2024-04-21 11:00,2,KZNIN,LIONS,City Oval,11435,Kagiso Rapulana,1,0,10,0,10
90697,2023-24,2024-04-21 12:00,1,TIT,WPR,Newlands,8589,Wiese,3,0,16,0,5.3
90697,2023-24,2024-04-21 12:00,1,TIT,WPR,Newlands,9603,Lungi Ngidi,3,0,23,1,7.7
90697,2023-24,2024-04-21 12:00,1,TIT,WPR,Newlands,9581,D Galiem,2,0,18,0,9
90697,2023-24,2024-04-21 12:00,1,TIT,WPR,Newlands,10175,Junior Dala,4,0,13,3,3.2
90697,2023-24,2024-04-21 12:00,1,TIT,WPR,Newlands,10173,Shamsi,4,0,22,1,5.5
90697,2023-24,2024-04-21 12:00,1,TIT,WPR,Newlands,9576,Corbin Bosch,4,0,21,3,5.2
90697,2023-24,2024-04-21 12:00,2,WPR,TIT,Newlands,9490,Beuran Hendricks,3,0,12,0,4
90697,2023-24,2024-04-21 12:00,2,WPR,TIT,Newlands,12223,Kyle Simmonds,3.2,0,33,2,9.9
90697,2023-24,2024-04-21 12:00,2,WPR,TIT,Newlands,53454,Wesley Bedja,2.2,0,16,1,6.9
90697,2023-24,2024-04-21 12:00,2,WPR,TIT,Newlands,31972,Juan James,1,0,17,0,17
90697,2023-24,2024-04-21 12:00,2,WPR,TIT,Newlands,14429,Onke Nyaku,2.4,0,15,1,5.6
90697,2023-24,2024-04-21 12:00,2,WPR,TIT,Newlands,10187,George Linde,1,0,15,0,15
90704,2023-24,2024-04-21 12:00,1,DOL,WAR,St George's Park,13098,Eathan Bosch,4,1,18,2,4.5
90704,2023-24,2024-04-21 12:00,1,DOL,WAR,St George's Park,10079,Dupavillon,4,0,20,5,5
90704,2023-24,2024-04-21 12:00,1,DOL,WAR,St George's Park,18687,Simelane,2,0,19,0,9.5
90704,2023-24,2024-04-21 12:00,1,DOL,WAR,St George's Park,7668,Smuts,4,0,28,0,7
90704,2023-24,2024-04-21 12:00,1,DOL,WAR,St George's Park,8530,Subrayen,4,0,24,1,6
90704,2023-24,2024-04-21 12:00,1,DOL,WAR,St George's Park,9601,Phehlukwayo,2,0,17,0,8.5
90704,2023-24,2024-04-21 12:00,2,WAR,DOL,St George's Park,11902,Patrick Kruger,2,0,20,1,10
90704,2023-24,2024-04-21 12:00,2,WAR,DOL,St George's Park,11203,Sean Whitehead,4,0,14,0,3.5
90704,2023-24,2024-04-21 12:00,2,WAR,DOL,St George's Park,9714,Siya Simetu,4,0,35,1,8.8
90704,2023-24,2024-04-21 12:00,2,WAR,DOL,St George's Park,12587,Shimane Alfred Mothoa,2,0,12,0,6
90704,2023-24,2024-04-21 12:00,2,WAR,DOL,St George's Park,41704,JP King,4,0,32,1,8
90704,2023-24,2024-04-21 12:00,2,WAR,DOL,St George's Park,20372,Nealan van Heerden,1.2,0,15,0,11.2
90708,2023-24,2024-04-21 12:00,1,NWEST,BOL,Boland Park,13150,Mungroo,4,0,21,1,5.2
90708,2023-24,2024-04-21 12:00,1,NWEST,BOL,Boland Park,11497,Wihan Lubbe,1,0,5,0,5
90708,2023-24,2024-04-21 12:00,1,NWEST,BOL,Boland Park,18523,Duan Jansen,3,0,23,1,7.7
90708,2023-24,2024-04-21 12:00,1,NWEST,BOL,Boland Park,20432,Gideon Peters,2,0,29,0,14.5
90708,2023-24,2024-04-21 12:00,1,NWEST,BOL,Boland Park,11432,Senuran Muthusamy,4,0,26,0,6.5
90708,2023-24,2024-04-21 12:00,1,NWEST,BOL,Boland Park,20526,Caleb Seleka,4,1,21,2,5.2
90708,2023-24,2024-04-21 12:00,1,NWEST,BOL,Boland Park,20417,Bamanye Xenxe,2,0,11,1,5.5
90708,2023-24,2024-04-21 12:00,2,BOL,NWEST,Boland Park,14687,Imran Manack,4,0,21,0,5.2
90708,2023-24,2024-04-21 12:00,2,BOL,NWEST,Boland Park,19058,Siyabonga Mahima,4,0,27,0,6.8
90708,2023-24,2024-04-21 12:00,2,BOL,NWEST,Boland Park,10194,Ferisco Adams,2,0,32,1,16
90708,2023-24,2024-04-21 12:00,2,BOL,NWEST,Boland Park,9736,Shaun von Berg,4,0,21,1,5.2
90708,2023-24,2024-04-21 12:00,2,BOL,NWEST,Boland Park,55748,Jevano Baron,1,0,12,1,12
90708,2023-24,2024-04-21 12:00,2,BOL,NWEST,Boland Park,1423931,Adrian du Toit,3.5,0,24,0,6.3
90708,2023-24,2024-04-21 12:00,2,BOL,NWEST,Boland Park,9764,Christiaan Jonker,1,0,12,0,12
90715,2023-24,2024-04-24 16:00,1,LIONS,TIT,New Wanderers No. 1 Oval,11208,Sipamla,2,0,18,0,9
90715,2023-24,2024-04-24 16:00,1,LIONS,TIT,New Wanderers No. 1 Oval,24546,Codi Yusuf,4,0,25,2,6.2
90715,2023-24,2024-04-24 16:00,1,LIONS,TIT,New Wanderers No. 1 Oval,10676,Bjorn Fortuin,3,1,21,0,7
90715,2023-24,2024-04-24 16:00,1,LIONS,TIT,New Wanderers No. 1 Oval,11200,Wiaan Mulder,3,0,31,1,10.3
90715,2023-24,2024-04-24 16:00,1,LIONS,TIT,New Wanderers No. 1 Oval,20428,Nqaba Peter,4,0,18,4,4.5
90715,2023-24,2024-04-24 16:00,1,LIONS,TIT,New Wanderers No. 1 Oval,20308,Evan Jones,2,0,16,1,8
90715,2023-24,2024-04-24 16:00,2,TIT,LIONS,New Wanderers No. 1 Oval,8589,David Wiese,2,0,17,1,8.5
90715,2023-24,2024-04-24 16:00,2,TIT,LIONS,New Wanderers No. 1 Oval,9581,Dayyaan Galiem,3,0,37,0,12.3
90715,2023-24,2024-04-24 16:00,2,TIT,LIONS,New Wanderers No. 1 Oval,9603,Lungi Ngidi,1,0,11,0,11
90715,2023-24,2024-04-24 16:00,2,TIT,LIONS,New Wanderers No. 1 Oval,10175,Junior Dala,1.4,0,15,0,9
90715,2023-24,2024-04-24 16:00,2,TIT,LIONS,New Wanderers No. 1 Oval,9576,Corbin Bosch,2,0,26,0,13
90715,2023-24,2024-04-24 16:00,2,TIT,LIONS,New Wanderers No. 1 Oval,14308,Neil Brand,4,0,24,1,6
90715,2023-24,2024-04-24 16:00,2,TIT,LIONS,New Wanderers No. 1 Oval,10173,Tabraiz Shamsi,1,0,4,0,4
90722,2023-24,2024-04-25 16:00,1,DOL,WAR,Kingsmead,13098,Eathan Bosch,4,0,14,1,3.5
90722,2023-24,2024-04-25 16:00,1,DOL,WAR,Kingsmead,10079,Dupavillon,4,0,31,1,7.8
90722,2023-24,2024-04-25 16:00,1,DOL,WAR,Kingsmead,12191,Okuhle Cele,4,0,36,1,9
90722,2023-24,2024-04-25 16:00,1,DOL,WAR,Kingsmead,9601,Phehlukwayo,2,0,22,0,11
90722,2023-24,2024-04-25 16:00,1,DOL,WAR,Kingsmead,7668,Smuts,4,0,36,1,9
90722,2023-24,2024-04-25 16:00,1,DOL,WAR,Kingsmead,8530,Subrayen,2,0,18,0,9
90722,2023-24,2024-04-25 16:00,2,WAR,DOL,Kingsmead,16433,Beyers Swanepoel,4,0,40,1,10
90722,2023-24,2024-04-25 16:00,2,WAR,DOL,Kingsmead,9714,Siya Simetu,4,0,38,2,9.5
90722,2023-24,2024-04-25 16:00,2,WAR,DOL,Kingsmead,11203,Sean Whitehead,4,0,35,0,8.8
90722,2023-24,2024-04-25 16:00,2,WAR,DOL,Kingsmead,11902,Patrick Kruger,2,0,15,1,7.5
90722,2023-24,2024-04-25 16:00,2,WAR,DOL,Kingsmead,20372,Nealan van Heerden,2,0,25,0,12.5
90722,2023-24,2024-04-25 16:00,2,WAR,DOL,Kingsmead,41704,JP King,2,0,12,0,6
90729,2023-24,2024-04-28 12:00,1,LIONS,DOL,The Wanderers Stadium,24546,Codi Yusuf,4,1,16,2,4
90729,2023-24,2024-04-28 12:00,1,LIONS,DOL,The Wanderers Stadium,11200,Wiaan Mulder,3,0,29,0,9.7
90729,2023-24,2024-04-28 12:00,1,LIONS,DOL,The Wanderers Stadium,11208,Sipamla,3,0,28,1,9.3
90729,2023-24,2024-04-28 12:00,1,LIONS,DOL,The Wanderers Stadium,10676,Bjorn Fortuin,4,0,24,2,6
90729,2023-24,2024-04-28 12:00,1,LIONS,DOL,The Wanderers Stadium,20428,Nqaba Peter,4,0,42,1,10.5
90729,2023-24,2024-04-28 12:00,1,LIONS,DOL,The Wanderers Stadium,20308,Evan Jones,2,0,19,1,9.5
90729,2023-24,2024-04-28 12:00,2,DOL,LIONS,The Wanderers Stadium,8530,Prenelan Subrayen,2,0,10,0,5
90729,2023-24,2024-04-28 12:00,2,DOL,LIONS,The Wanderers Stadium,13098,Eathan Bosch,4,0,41,0,10.2
90729,2023-24,2024-04-28 12:00,2,DOL,LIONS,The Wanderers Stadium,12191,Okuhle Cele,3,0,38,1,12.7
90729,2023-24,2024-04-28 12:00,2,DOL,LIONS,The Wanderers Stadium,10079,Daryn Dupavillon,2.4,0,40,1,15
90729,2023-24,2024-04-28 12:00,2,DOL,LIONS,The Wanderers Stadium,7668,JJ Smuts,4,0,25,0,6.2
90729,2023-24,2024-04-28 12:00,2,DOL,LIONS,The Wanderers Stadium,9601,Andile Phehlukwayo,2,0,14,1,7
103384,2024-25,2024-09-27 16:00,1,LIONS,TIT,The Wanderers Stadium,24546,Codi Yusuf,3,0,46,0,15.3
103384,2024-25,2024-09-27 16:00,1,LIONS,TIT,The Wanderers Stadium,23346,Kwena Maphaka,4,0,31,2,7.8
103384,2024-25,2024-09-27 16:00,1,LIONS,TIT,The Wanderers Stadium,20308,Evan Jones,3,0,41,1,13.7
103384,2024-25,2024-09-27 16:00,1,LIONS,TIT,The Wanderers Stadium,11208,Sipamla,4,0,44,1,11
103384,2024-25,2024-09-27 16:00,1,LIONS,TIT,The Wanderers Stadium,13629,Dawood,3,0,48,0,16
103384,2024-25,2024-09-27 16:00,1,LIONS,TIT,The Wanderers Stadium,14566,Delano Potgieter,3,0,41,1,13.7
103384,2024-25,2024-09-27 16:00,2,TIT,LIONS,The Wanderers Stadium,1669,Roelof van der Merwe,4,0,28,3,7
103384,2024-25,2024-09-27 16:00,2,TIT,LIONS,The Wanderers Stadium,9581,Dayyaan Galiem,4,0,22,3,5.5
103384,2024-25,2024-09-27 16:00,2,TIT,LIONS,The Wanderers Stadium,10175,Junior Dala,4,0,19,0,4.8
103384,2024-25,2024-09-27 16:00,2,TIT,LIONS,The Wanderers Stadium,9576,Corbin Bosch,4,0,26,0,6.5
103384,2024-25,2024-09-27 16:00,2,TIT,LIONS,The Wanderers Stadium,14798,Donovan Ferreira,2,0,17,0,8.5
103384,2024-25,2024-09-27 16:00,2,TIT,LIONS,The Wanderers Stadium,14428,Tsepo Ndwandwa,2,0,23,0,11.5
103393,2024-25,2024-09-28 12:00,1,KNG,NWEST,Mangaung Oval,50444,Dian Forrester,4,0,22,2,5.5
103393,2024-25,2024-09-28 12:00,1,KNG,NWEST,Mangaung Oval,20317,Johan van Dyk,2,0,12,0,6
103393,2024-25,2024-09-28 12:00,1,KNG,NWEST,Mangaung Oval,15127,Tiaan van Vuuren,1,0,7,0,7
103393,2024-25,2024-09-28 12:00,1,KNG,NWEST,Mangaung Oval,9708,Siboto,4,0,46,2,11.5
103393,2024-25,2024-09-28 12:00,1,KNG,NWEST,Mangaung Oval,9530,D Piedt,3,0,15,0,5
103393,2024-25,2024-09-28 12:00,1,KNG,NWEST,Mangaung Oval,7649,Phangiso,3,0,27,0,9
103393,2024-25,2024-09-28 12:00,1,KNG,NWEST,Mangaung Oval,10797,Swanepoel,1,0,10,0,10
103393,2024-25,2024-09-28 12:00,2,NWEST,KNG,Mangaung Oval,13069,Migael Pretorius,4,0,32,0,8
103393,2024-25,2024-09-28 12:00,2,NWEST,KNG,Mangaung Oval,13150,Kerwin Mungroo,4,0,23,1,5.8
103393,2024-25,2024-09-28 12:00,2,NWEST,KNG,Mangaung Oval,18523,Duan Jansen,4,0,30,3,7.5
103393,2024-25,2024-09-28 12:00,2,NWEST,KNG,Mangaung Oval,20526,Caleb Seleka,3,0,24,0,8
103393,2024-25,2024-09-28 12:00,2,NWEST,KNG,Mangaung Oval,14583,Achille Cloete,1,0,10,0,10
103393,2024-25,2024-09-28 12:00,2,NWEST,KNG,Mangaung Oval,11497,Wihan Lubbe,2,0,13,0,6.5
103404,2024-25,2024-09-29 12:00,1,WAR,DOL,St George's Park,16433,Beyers Swanepoel,4,0,51,1,12.8
103404,2024-25,2024-09-29 12:00,1,WAR,DOL,St George's Park,1431435,Christopher King,4,0,18,3,4.5
103404,2024-25,2024-09-29 12:00,1,WAR,DOL,St George's Park,20287,Renaldo Meyer,4,0,26,2,6.5
103404,2024-25,2024-09-29 12:00,1,WAR,DOL,St George's Park,9714,Simetu,2,0,6,0,3
103404,2024-25,2024-09-29 12:00,1,WAR,DOL,St George's Park,14587,Siya Plaatjie,2,0,24,2,12
103404,2024-25,2024-09-29 12:00,1,WAR,DOL,St George's Park,11432,Senuran Muthusamy,4,0,30,1,7.5
103404,2024-25,2024-09-29 12:00,2,DOL,WAR,St George's Park,12191,Okuhle Cele,4,0,35,1,8.8
103404,2024-25,2024-09-29 12:00,2,DOL,WAR,St George's Park,13098,Eathan Bosch,3.2,0,21,1,6.3
103404,2024-25,2024-09-29 12:00,2,DOL,WAR,St George's Park,7668,JJ Smuts,4,0,30,0,7.5
103404,2024-25,2024-09-29 12:00,2,DOL,WAR,St George's Park,53408,Nqobani Mokoena,2,0,20,0,10
103404,2024-25,2024-09-29 12:00,2,DOL,WAR,St George's Park,50549,Romashan Pillay,3,0,33,1,11
103404,2024-25,2024-09-29 12:00,2,DOL,WAR,St George's Park,8530,Prenelan Subrayen,3,0,21,1,7
103422,2024-25,2024-10-04 12:00,1,DOL,TIT,Kingsmead,8530,Subrayen,4,0,27,0,6.8
103422,2024-25,2024-10-04 12:00,1,DOL,TIT,Kingsmead,10079,Dupavillon,4,0,51,1,12.8
103422,2024-25,2024-10-04 12:00,1,DOL,TIT,Kingsmead,12191,Okuhle Cele,4,0,45,0,11.2
103422,2024-25,2024-10-04 12:00,1,DOL,TIT,Kingsmead,18687,Simelane,4,0,46,2,11.5
103422,2024-25,2024-10-04 12:00,1,DOL,TIT,Kingsmead,7668,Smuts,3,0,34,0,11.3
103422,2024-25,2024-10-04 12:00,1,DOL,TIT,Kingsmead,50549,Romashan Pillay,1,0,5,0,5
103422,2024-25,2024-10-04 12:00,2,TIT,DOL,Kingsmead,9581,Dayyaan Galiem,4,0,26,1,6.5
103422,2024-25,2024-10-04 12:00,2,TIT,DOL,Kingsmead,1669,Roelof van der Merwe,4,0,31,4,7.8
103422,2024-25,2024-10-04 12:00,2,TIT,DOL,Kingsmead,10175,Junior Dala,2,0,17,1,8.5
103422,2024-25,2024-10-04 12:00,2,TIT,DOL,Kingsmead,9576,Corbin Bosch,1,0,9,1,9
103422,2024-25,2024-10-04 12:00,2,TIT,DOL,Kingsmead,14428,Tsepo Ndwandwa,4,0,34,1,8.5
103422,2024-25,2024-10-04 12:00,2,TIT,DOL,Kingsmead,14798,Donovan Ferreira,4,0,25,1,6.2
103422,2024-25,2024-10-04 12:00,2,TIT,DOL,Kingsmead,20538,Dewald Brevis,1,0,13,0,13
103413,2024-25,2024-10-04 16:00,1,KNG,BOL,Boland Park,50444,Dian Forrester,2.5,0,30,3,10.6
103413,2024-25,2024-10-04 16:00,1,KNG,BOL,Boland Park,20317,Johan van Dyk,3,0,27,0,9
103413,2024-25,2024-10-04 16:00,1,KNG,BOL,Boland Park,13386,Clayton Bosch,2,0,16,2,8
103413,2024-25,2024-10-04 16:00,1,KNG,BOL,Boland Park,9708,Siboto,4,0,23,2,5.8
103413,2024-25,2024-10-04 16:00,1,KNG,BOL,Boland Park,7649,Phangiso,4,0,20,1,5
103413,2024-25,2024-10-04 16:00,1,KNG,BOL,Boland Park,9530,D Piedt,4,0,18,2,4.5
103413,2024-25,2024-10-04 16:00,2,BOL,KNG,Boland Park,14687,Imran Manack,4,0,11,0,2.8
103413,2024-25,2024-10-04 16:00,2,BOL,KNG,Boland Park,12592,Keith Dudgeon,4,0,23,2,5.8
103413,2024-25,2024-10-04 16:00,2,BOL,KNG,Boland Park,10194,Ferisco Adams,4,0,33,0,8.2
103413,2024-25,2024-10-04 16:00,2,BOL,KNG,Boland Park,9736,Shaun von Berg,3,0,27,1,9
103413,2024-25,2024-10-04 16:00,2,BOL,KNG,Boland Park,9489,Ayabulela Gqamane,3,0,30,0,10
103413,2024-25,2024-10-04 16:00,2,BOL,KNG,Boland Park,19058,Siyabonga Mahima,2,0,12,1,6
103431,2024-25,2024-10-04 16:00,1,WAR,LIONS,The Wanderers Stadium,16433,Beyers Swanepoel,4,0,26,1,6.5
103431,2024-25,2024-10-04 16:00,1,WAR,LIONS,The Wanderers Stadium,1431435,Christopher King,4,0,38,1,9.5
103431,2024-25,2024-10-04 16:00,1,WAR,LIONS,The Wanderers Stadium,9714,Simetu,2,0,28,1,14
103431,2024-25,2024-10-04 16:00,1,WAR,LIONS,The Wanderers Stadium,11432,Senuran Muthusamy,2,0,25,0,12.5
103431,2024-25,2024-10-04 16:00,1,WAR,LIONS,The Wanderers Stadium,14587,Siya Plaatjie,4,0,53,1,13.2
103431,2024-25,2024-10-04 16:00,1,WAR,LIONS,The Wanderers Stadium,11902,Patrick Kruger,4,0,61,0,15.2
103431,2024-25,2024-10-04 16:00,2,LIONS,WAR,The Wanderers Stadium,23346,Kwena Maphaka,4,0,29,1,7.2
103431,2024-25,2024-10-04 16:00,2,LIONS,WAR,The Wanderers Stadium,10679,Tshepo Moreki,4,0,27,0,6.8
103431,2024-25,2024-10-04 16:00,2,LIONS,WAR,The Wanderers Stadium,11208,Lutho Sipamla,3,0,20,0,6.7
103431,2024-25,2024-10-04 16:00,2,LIONS,WAR,The Wanderers Stadium,13629,Junaid Dawood,4,0,30,5,7.5
103431,2024-25,2024-10-04 16:00,2,LIONS,WAR,The Wanderers Stadium,20308,Evan Jones,3,0,26,0,8.7
103431,2024-25,2024-10-04 16:00,2,LIONS,WAR,The Wanderers Stadium,19057,Mitchell Van Buuren,1,0,27,0,27
103431,2024-25,2024-10-04 16:00,2,LIONS,WAR,The Wanderers Stadium,14566,Delano Potgieter,1,0,13,0,13
103440,2024-25,2024-10-04 16:00,1,NWEST,WPR,Senwes Park,14565,Marco Jansen,4,0,34,3,8.5
103440,2024-25,2024-10-04 16:00,1,NWEST,WPR,Senwes Park,13150,Mungroo,4,0,22,2,5.5
103440,2024-25,2024-10-04 16:00,1,NWEST,WPR,Senwes Park,18523,Duan Jansen,4,0,24,1,6
103440,2024-25,2024-10-04 16:00,1,NWEST,WPR,Senwes Park,14583,Achille Cloete,2,0,18,0,9
103440,2024-25,2024-10-04 16:00,1,NWEST,WPR,Senwes Park,11497,Wihan Lubbe,4,0,28,2,7
103440,2024-25,2024-10-04 16:00,1,NWEST,WPR,Senwes Park,20526,Caleb Seleka,2,0,14,1,7
103440,2024-25,2024-10-04 16:00,2,WPR,NWEST,Senwes Park,12223,Kyle Simmonds,4,0,27,1,6.8
103440,2024-25,2024-10-04 16:00,2,WPR,NWEST,Senwes Park,9490,Beuran Hendricks,4,0,33,0,8.2
103440,2024-25,2024-10-04 16:00,2,WPR,NWEST,Senwes Park,17026,Mihlali Mpongwana,2.4,0,18,2,6.8
103440,2024-25,2024-10-04 16:00,2,WPR,NWEST,Senwes Park,53454,Wesley Bedja,4,0,28,2,7
103440,2024-25,2024-10-04 16:00,2,WPR,NWEST,Senwes Park,13151,Mthiwekhaya Nabe,1,0,14,0,14
103440,2024-25,2024-10-04 16:00,2,WPR,NWEST,Senwes Park,10187,George Linde,4,0,24,2,6
103467,2024-25,2024-10-06 12:00,1,BOL,NWEST,Senwes Park,19058,Mahima,4,0,26,0,6.5
103467,2024-25,2024-10-06 12:00,1,BOL,NWEST,Senwes Park,14516,Glenton Stuurman,4,0,32,2,8
103467,2024-25,2024-10-06 12:00,1,BOL,NWEST,Senwes Park,12592,Keith Dudgeon,2,0,24,0,12
103467,2024-25,2024-10-06 12:00,1,BOL,NWEST,Senwes Park,10194,Ferisco Adams,2,0,22,0,11
103467,2024-25,2024-10-06 12:00,1,BOL,NWEST,Senwes Park,14687,Imran Manack,4,0,27,1,6.8
103467,2024-25,2024-10-06 12:00,1,BOL,NWEST,Senwes Park,9489,Gqamane,4,0,41,1,10.2
103467,2024-25,2024-10-06 12:00,2,NWEST,BOL,Senwes Park,14565,Marco Jansen,4,0,35,1,8.8
103467,2024-25,2024-10-06 12:00,2,NWEST,BOL,Senwes Park,13150,Kerwin Mungroo,4,0,21,1,5.2
103467,2024-25,2024-10-06 12:00,2,NWEST,BOL,Senwes Park,9735,Lesiba Ngoepe,2,0,15,2,7.5
103467,2024-25,2024-10-06 12:00,2,NWEST,BOL,Senwes Park,18523,Duan Jansen,2,0,27,0,13.5
103467,2024-25,2024-10-06 12:00,2,NWEST,BOL,Senwes Park,14583,Achille Cloete,4,1,33,2,8.2
103467,2024-25,2024-10-06 12:00,2,NWEST,BOL,Senwes Park,20526,Caleb Seleka,4,0,36,1,9
103456,2024-25,2024-10-06 12:00,1,DOL,LIONS,The Wanderers Stadium,10079,Dupavillon,4,0,44,1,11
103456,2024-25,2024-10-06 12:00,1,DOL,LIONS,The Wanderers Stadium,12191,Okuhle Cele,4,1,16,1,4
103456,2024-25,2024-10-06 12:00,1,DOL,LIONS,The Wanderers Stadium,50549,Romashan Pillay,2,0,16,0,8
103456,2024-25,2024-10-06 12:00,1,DOL,LIONS,The Wanderers Stadium,18687,Simelane,4,0,36,2,9
103456,2024-25,2024-10-06 12:00,1,DOL,LIONS,The Wanderers Stadium,7668,Smuts,3,0,19,0,6.3
103456,2024-25,2024-10-06 12:00,1,DOL,LIONS,The Wanderers Stadium,8530,Subrayen,3,0,24,1,8
103456,2024-25,2024-10-06 12:00,2,LIONS,DOL,The Wanderers Stadium,23346,Kwena Maphaka,4,0,24,2,6
103456,2024-25,2024-10-06 12:00,2,LIONS,DOL,The Wanderers Stadium,10679,Tshepo Moreki,4,0,39,0,9.8
103456,2024-25,2024-10-06 12:00,2,LIONS,DOL,The Wanderers Stadium,24546,Codi Yusuf,4,0,24,2,6
103456,2024-25,2024-10-06 12:00,2,LIONS,DOL,The Wanderers Stadium,13629,Junaid Dawood,4,0,23,3,5.8
103456,2024-25,2024-10-06 12:00,2,LIONS,DOL,The Wanderers Stadium,20308,Evan Jones,4,0,33,1,8.2
103447,2024-25,2024-10-06 12:00,1,WAR,KNG,St George's Park,16433,Beyers Swanepoel,4,0,42,2,10.5
103447,2024-25,2024-10-06 12:00,1,WAR,KNG,St George's Park,20287,Renaldo Meyer,2,0,20,1,10
103447,2024-25,2024-10-06 12:00,1,WAR,KNG,St George's Park,11427,Nortje,4,0,32,0,8
103447,2024-25,2024-10-06 12:00,1,WAR,KNG,St George's Park,9714,Simetu,4,0,18,2,4.5
103447,2024-25,2024-10-06 12:00,1,WAR,KNG,St George's Park,11432,Senuran Muthusamy,3,0,28,0,9.3
103447,2024-25,2024-10-06 12:00,1,WAR,KNG,St George's Park,11902,Patrick Kruger,3,1,24,2,8
103447,2024-25,2024-10-06 12:00,2,KNG,WAR,St George's Park,14552,Jacques Snyman,2,0,16,0,8
103447,2024-25,2024-10-06 12:00,2,KNG,WAR,St George's Park,7649,Aaron Phangiso,4,0,17,2,4.2
103447,2024-25,2024-10-06 12:00,2,KNG,WAR,St George's Park,50444,Dian Forrester,2,0,21,0,10.5
103447,2024-25,2024-10-06 12:00,2,KNG,WAR,St George's Park,15127,Tiaan van Vuuren,4,0,29,0,7.2
103447,2024-25,2024-10-06 12:00,2,KNG,WAR,St George's Park,9708,Malusi Siboto,4,1,28,4,7
103447,2024-25,2024-10-06 12:00,2,KNG,WAR,St George's Park,13523,Sithembile Langa,2,0,19,0,9.5
103447,2024-25,2024-10-06 12:00,2,KNG,WAR,St George's Park,9530,Dane Piedt,2,0,17,0,8.5
103458,2024-25,2024-10-06 14:00,1,WPR,TIT,SuperSport Park,12223,Kyle Simmonds,4,0,26,0,6.5
103458,2024-25,2024-10-06 14:00,1,WPR,TIT,SuperSport Park,17026,Mpongwana,2,0,14,2,7
103458,2024-25,2024-10-06 14:00,1,WPR,TIT,SuperSport Park,53454,Wesley Bedja,4,0,22,2,5.5
103458,2024-25,2024-10-06 14:00,1,WPR,TIT,SuperSport Park,9490,B Hendricks,4,0,39,0,9.8
103458,2024-25,2024-10-06 14:00,1,WPR,TIT,SuperSport Park,10187,George Linde,4,1,23,2,5.8
103458,2024-25,2024-10-06 14:00,1,WPR,TIT,SuperSport Park,13151,Nabe,2,0,16,0,8
103458,2024-25,2024-10-06 14:00,2,TIT,WPR,SuperSport Park,9581,Dayyaan Galiem,3.4,0,27,0,7.4
103458,2024-25,2024-10-06 14:00,2,TIT,WPR,SuperSport Park,10175,Junior Dala,3,0,24,1,8
103458,2024-25,2024-10-06 14:00,2,TIT,WPR,SuperSport Park,9576,Corbin Bosch,3,0,23,2,7.7
103458,2024-25,2024-10-06 14:00,2,TIT,WPR,SuperSport Park,1669,Roelof van der Merwe,3,0,25,0,8.3
103458,2024-25,2024-10-06 14:00,2,TIT,WPR,SuperSport Park,14798,Donovan Ferreira,1,0,18,0,18
103458,2024-25,2024-10-06 14:00,2,TIT,WPR,SuperSport Park,14428,Tsepo Ndwandwa,2,0,25,0,12.5
103474,2024-25,2024-10-09 16:00,1,WAR,WPR,Newlands,16433,Beyers Swanepoel,4,0,15,2,3.8
103474,2024-25,2024-10-09 16:00,1,WAR,WPR,Newlands,1431435,Christopher King,4,0,27,3,6.8
103474,2024-25,2024-10-09 16:00,1,WAR,WPR,Newlands,11902,Patrick Kruger,4,0,56,0,14
103474,2024-25,2024-10-09 16:00,1,WAR,WPR,Newlands,9714,Simetu,3,0,11,0,3.7
103474,2024-25,2024-10-09 16:00,1,WAR,WPR,Newlands,12587,Shimane Mothoa,4,0,30,2,7.5
103474,2024-25,2024-10-09 16:00,1,WAR,WPR,Newlands,19243,Tristan Stubbs,1,0,5,0,5
103474,2024-25,2024-10-09 16:00,2,WPR,WAR,Newlands,9490,Beuran Hendricks,3.4,0,24,0,6.5
103474,2024-25,2024-10-09 16:00,2,WPR,WAR,Newlands,17026,Mihlali Mpongwana,3,0,23,2,7.7
103474,2024-25,2024-10-09 16:00,2,WPR,WAR,Newlands,53454,Wesley Bedja,4,1,13,1,3.2
103474,2024-25,2024-10-09 16:00,2,WPR,WAR,Newlands,13151,Mthiwekhaya Nabe,2,0,23,0,11.5
103474,2024-25,2024-10-09 16:00,2,WPR,WAR,Newlands,12223,Kyle Simmonds,1,0,21,0,21
103474,2024-25,2024-10-09 16:00,2,WPR,WAR,Newlands,14582,Jonathan Bird,2,0,20,0,10
103474,2024-25,2024-10-09 16:00,2,WPR,WAR,Newlands,10187,George Linde,2,0,19,1,9.5
103476,2024-25,2024-10-09 16:00,1,DOL,NWEST,Kingsmead,9720,Maharaj,4,0,27,0,6.8
103476,2024-25,2024-10-09 16:00,1,DOL,NWEST,Kingsmead,7668,Smuts,2,0,9,1,4.5
103476,2024-25,2024-10-09 16:00,1,DOL,NWEST,Kingsmead,10079,Dupavillon,2,0,18,1,9
103476,2024-25,2024-10-09 16:00,1,DOL,NWEST,Kingsmead,8530,Subrayen,4,0,31,0,7.8
103476,2024-25,2024-10-09 16:00,1,DOL,NWEST,Kingsmead,12191,Okuhle Cele,4,0,31,1,7.8
103476,2024-25,2024-10-09 16:00,1,DOL,NWEST,Kingsmead,18687,Simelane,4,0,19,4,4.8
103476,2024-25,2024-10-09 16:00,2,NWEST,DOL,Kingsmead,13150,Kerwin Mungroo,4,0,29,3,7.2
103476,2024-25,2024-10-09 16:00,2,NWEST,DOL,Kingsmead,13069,Migael Pretorius,3.5,1,10,2,2.6
103476,2024-25,2024-10-09 16:00,2,NWEST,DOL,Kingsmead,20417,Bamanye Xenxe,4,0,25,4,6.2
103476,2024-25,2024-10-09 16:00,2,NWEST,DOL,Kingsmead,14583,Achille Cloete,1,0,6,0,6
103476,2024-25,2024-10-09 16:00,2,NWEST,DOL,Kingsmead,15852,Ruan de Swardt,1,0,12,0,12
103476,2024-25,2024-10-09 16:00,2,NWEST,DOL,Kingsmead,20526,Caleb Seleka,3,0,9,1,3
103485,2024-25,2024-10-09 16:00,1,KNG,LIONS,Mangaung Oval,14552,Snyman,1,0,9,0,9
103485,2024-25,2024-10-09 16:00,1,KNG,LIONS,Mangaung Oval,7649,Phangiso,4,0,26,3,6.5
103485,2024-25,2024-10-09 16:00,1,KNG,LIONS,Mangaung Oval,15127,Tiaan van Vuuren,3,0,27,0,9
103485,2024-25,2024-10-09 16:00,1,KNG,LIONS,Mangaung Oval,50444,Dian Forrester,1,0,9,0,9
103485,2024-25,2024-10-09 16:00,1,KNG,LIONS,Mangaung Oval,13523,S Langa,4,0,24,2,6
103485,2024-25,2024-10-09 16:00,1,KNG,LIONS,Mangaung Oval,9708,Siboto,4,0,26,2,6.5
103485,2024-25,2024-10-09 16:00,1,KNG,LIONS,Mangaung Oval,9530,D Piedt,3,0,21,0,7
103485,2024-25,2024-10-09 16:00,2,LIONS,KNG,Mangaung Oval,24546,Codi Yusuf,3,0,13,2,4.3
103485,2024-25,2024-10-09 16:00,2,LIONS,KNG,Mangaung Oval,10679,Tshepo Moreki,3,0,20,1,6.7
103485,2024-25,2024-10-09 16:00,2,LIONS,KNG,Mangaung Oval,20308,Evan Jones,3,1,14,2,4.7
103485,2024-25,2024-10-09 16:00,2,LIONS,KNG,Mangaung Oval,11208,Lutho Sipamla,2.5,0,14,1,4.9
103485,2024-25,2024-10-09 16:00,2,LIONS,KNG,Mangaung Oval,14566,Delano Potgieter,2,0,11,0,5.5
103485,2024-25,2024-10-09 16:00,2,LIONS,KNG,Mangaung Oval,13629,Junaid Dawood,4,0,21,2,5.2
103492,2024-25,2024-10-09 16:00,1,BOL,TIT,SuperSport Park,14516,Glenton Stuurman,3,0,27,0,9
103492,2024-25,2024-10-09 16:00,1,BOL,TIT,SuperSport Park,12592,Keith Dudgeon,3,0,38,1,12.7
103492,2024-25,2024-10-09 16:00,1,BOL,TIT,SuperSport Park,14687,Imran Manack,3,0,33,1,11
103492,2024-25,2024-10-09 16:00,1,BOL,TIT,SuperSport Park,10194,Ferisco Adams,1.1,0,2,2,1.7
103492,2024-25,2024-10-09 16:00,1,BOL,TIT,SuperSport Park,13066,Akhona Mnyaka,3,0,29,0,9.7
103492,2024-25,2024-10-09 16:00,1,BOL,TIT,SuperSport Park,9489,Gqamane,1.5,0,39,0,21.3
103492,2024-25,2024-10-09 16:00,2,TIT,BOL,SuperSport Park,9581,Dayyaan Galiem,3,0,7,3,2.3
103492,2024-25,2024-10-09 16:00,2,TIT,BOL,SuperSport Park,23341,Matthew Boast,3,0,23,1,7.7
103492,2024-25,2024-10-09 16:00,2,TIT,BOL,SuperSport Park,9576,Corbin Bosch,2.2,0,16,1,6.9
103492,2024-25,2024-10-09 16:00,2,TIT,BOL,SuperSport Park,14428,Tsepo Ndwandwa,2,0,20,1,10
103492,2024-25,2024-10-09 16:00,2,TIT,BOL,SuperSport Park,9601,Andile Phehlukwayo,3,1,7,2,2.3
103501,2024-25,2024-10-12 12:00,1,LIONS,BOL,Boland Park,14566,Delano Potgieter,2,0,12,0,6
103501,2024-25,2024-10-12 12:00,1,LIONS,BOL,Boland Park,10676,Bjorn Fortuin,4,0,22,0,5.5
103501,2024-25,2024-10-12 12:00,1,LIONS,BOL,Boland Park,11208,Sipamla,3,0,19,2,6.3
103501,2024-25,2024-10-12 12:00,1,LIONS,BOL,Boland Park,20308,Evan Jones,3,0,24,1,8
103501,2024-25,2024-10-12 12:00,1,LIONS,BOL,Boland Park,20428,Nqaba Peter,4,0,28,1,7
103501,2024-25,2024-10-12 12:00,1,LIONS,BOL,Boland Park,13629,Dawood,4,0,21,3,5.2
103501,2024-25,2024-10-12 12:00,2,BOL,LIONS,Boland Park,12592,Keith Dudgeon,4,0,18,2,4.5
103501,2024-25,2024-10-12 12:00,2,BOL,LIONS,Boland Park,14516,Glenton Stuurman,4,0,37,1,9.2
103501,2024-25,2024-10-12 12:00,2,BOL,LIONS,Boland Park,19058,Siyabonga Mahima,4,0,21,0,5.2
103501,2024-25,2024-10-12 12:00,2,BOL,LIONS,Boland Park,9736,Shaun von Berg,4,0,27,0,6.8
103501,2024-25,2024-10-12 12:00,2,BOL,LIONS,Boland Park,14687,Imran Manack,3.4,0,29,1,7.9
103510,2024-25,2024-10-12 16:00,1,NWEST,WAR,St George's Park,13069,Migael Pretorius,4,0,32,2,8
103510,2024-25,2024-10-12 16:00,1,NWEST,WAR,St George's Park,13150,Mungroo,4,0,54,2,13.5
103510,2024-25,2024-10-12 16:00,1,NWEST,WAR,St George's Park,11497,Wihan Lubbe,2,0,24,0,12
103510,2024-25,2024-10-12 16:00,1,NWEST,WAR,St George's Park,14583,Achille Cloete,2,0,28,0,14
103510,2024-25,2024-10-12 16:00,1,NWEST,WAR,St George's Park,20417,Bamanye Xenxe,2,0,24,0,12
103510,2024-25,2024-10-12 16:00,1,NWEST,WAR,St George's Park,15852,Ruan de Swardt,2,0,26,0,13
103510,2024-25,2024-10-12 16:00,1,NWEST,WAR,St George's Park,20526,Caleb Seleka,4,0,33,1,8.2
103510,2024-25,2024-10-12 16:00,2,WAR,NWEST,St George's Park,1431435,Christopher King,2,0,21,0,10.5
103510,2024-25,2024-10-12 16:00,2,WAR,NWEST,St George's Park,11427,Anrich Nortje,4,0,36,0,9
103510,2024-25,2024-10-12 16:00,2,WAR,NWEST,St George's Park,9823,Duanne Olivier,4,0,42,1,10.5
103510,2024-25,2024-10-12 16:00,2,WAR,NWEST,St George's Park,12587,Shimane Alfred Mothoa,3,0,39,1,13
103510,2024-25,2024-10-12 16:00,2,WAR,NWEST,St George's Park,9714,Siya Simetu,2,0,18,0,9
103510,2024-25,2024-10-12 16:00,2,WAR,NWEST,St George's Park,41704,JP King,4,0,30,1,7.5
103510,2024-25,2024-10-12 16:00,2,WAR,NWEST,St George's Park,11902,Patrick Kruger,1,0,12,0,12
103512,2024-25,2024-10-13 12:00,1,DOL,WPR,Kingsmead,8530,Subrayen,4,0,32,0,8
103512,2024-25,2024-10-13 12:00,1,DOL,WPR,Kingsmead,12191,Okuhle Cele,4,0,29,2,7.2
103512,2024-25,2024-10-13 12:00,1,DOL,WPR,Kingsmead,18687,Simelane,4,0,44,3,11
103512,2024-25,2024-10-13 12:00,1,DOL,WPR,Kingsmead,13100,Ottneil Baartman,4,0,33,0,8.2
103512,2024-25,2024-10-13 12:00,1,DOL,WPR,Kingsmead,9587,J Smith,3,0,19,0,6.3
103512,2024-25,2024-10-13 12:00,1,DOL,WPR,Kingsmead,14586,Bryce Parsons,1,0,9,0,9
103512,2024-25,2024-10-13 12:00,2,WPR,DOL,Kingsmead,12223,Kyle Simmonds,4,0,21,2,5.2
103512,2024-25,2024-10-13 12:00,2,WPR,DOL,Kingsmead,9490,Beuran Hendricks,3,0,37,0,12.3
103512,2024-25,2024-10-13 12:00,2,WPR,DOL,Kingsmead,17026,Mihlali Mpongwana,3,1,26,3,8.7
103512,2024-25,2024-10-13 12:00,2,WPR,DOL,Kingsmead,53454,Wesley Bedja,4,0,46,0,11.5
103512,2024-25,2024-10-13 12:00,2,WPR,DOL,Kingsmead,10187,George Linde,2,0,17,0,8.5
103512,2024-25,2024-10-13 12:00,2,WPR,DOL,Kingsmead,13151,Mthiwekhaya Nabe,1,0,12,0,12
103512,2024-25,2024-10-13 12:00,2,WPR,DOL,Kingsmead,14582,Jonathan Bird,2,0,10,1,5
103521,2024-25,2024-10-13 12:00,1,TIT,KNG,SuperSport Park,9581,D Galiem,4,0,61,1,15.2
103521,2024-25,2024-10-13 12:00,1,TIT,KNG,SuperSport Park,13320,Gerald Coetzee,4,0,37,2,9.2
103521,2024-25,2024-10-13 12:00,1,TIT,KNG,SuperSport Park,14428,Tsepo Ndwandwa,2,0,29,0,14.5
103521,2024-25,2024-10-13 12:00,1,TIT,KNG,SuperSport Park,9576,Corbin Bosch,4,0,35,1,8.8
103521,2024-25,2024-10-13 12:00,1,TIT,KNG,SuperSport Park,14798,Donovan Ferreira,3,0,32,0,10.7
103521,2024-25,2024-10-13 12:00,1,TIT,KNG,SuperSport Park,1432889,Letsholo Selemela,2,0,25,1,12.5
103521,2024-25,2024-10-13 12:00,1,TIT,KNG,SuperSport Park,9801,Makhanya,1,0,3,1,3
103521,2024-25,2024-10-13 12:00,2,KNG,TIT,SuperSport Park,14552,Jacques Snyman,1,0,11,0,11
103521,2024-25,2024-10-13 12:00,2,KNG,TIT,SuperSport Park,20317,Johannes van Dyk,4,0,37,0,9.2
103521,2024-25,2024-10-13 12:00,2,KNG,TIT,SuperSport Park,15127,Tiaan van Vuuren,4,0,28,1,7
103521,2024-25,2024-10-13 12:00,2,KNG,TIT,SuperSport Park,7649,Aaron Phangiso,3,0,22,2,7.3
103521,2024-25,2024-10-13 12:00,2,KNG,TIT,SuperSport Park,9708,Malusi Siboto,4,0,46,2,11.5
103521,2024-25,2024-10-13 12:00,2,KNG,TIT,SuperSport Park,13523,Sithembile Langa,4,0,47,1,11.8
103528,2024-25,2024-10-16 16:00,1,WAR,BOL,Boland Park,16433,Beyers Swanepoel,4,0,51,0,12.8
103528,2024-25,2024-10-16 16:00,1,WAR,BOL,Boland Park,9714,Simetu,4,0,19,1,4.8
103528,2024-25,2024-10-16 16:00,1,WAR,BOL,Boland Park,12587,Shimane Mothoa,4,1,34,1,8.5
103528,2024-25,2024-10-16 16:00,1,WAR,BOL,Boland Park,11902,Patrick Kruger,3,0,31,1,10.3
103528,2024-25,2024-10-16 16:00,1,WAR,BOL,Boland Park,20566,Liam Alder,4,0,24,2,6
103528,2024-25,2024-10-16 16:00,1,WAR,BOL,Boland Park,41704,JP King,1,0,12,0,12
103528,2024-25,2024-10-16 16:00,2,BOL,WAR,Boland Park,12592,Keith Dudgeon,4,0,27,1,6.8
103528,2024-25,2024-10-16 16:00,2,BOL,WAR,Boland Park,14516,Glenton Stuurman,4,0,33,5,8.2
103528,2024-25,2024-10-16 16:00,2,BOL,WAR,Boland Park,14687,Imran Manack,3,0,17,0,5.7
103528,2024-25,2024-10-16 16:00,2,BOL,WAR,Boland Park,9736,Shaun von Berg,3,0,23,0,7.7
103528,2024-25,2024-10-16 16:00,2,BOL,WAR,Boland Park,19058,Siyabonga Mahima,2,0,17,0,8.5
103528,2024-25,2024-10-16 16:00,2,BOL,WAR,Boland Park,9489,Ayabulela Gqamane,3.5,0,36,3,9.4
103530,2024-25,2024-10-16 16:00,1,DOL,KNG,Mangaung Oval,12191,Okuhle Cele,3,0,34,2,11.3
103530,2024-25,2024-10-16 16:00,1,DOL,KNG,Mangaung Oval,7668,Smuts,4,0,27,0,6.8
103530,2024-25,2024-10-16 16:00,1,DOL,KNG,Mangaung Oval,13100,Ottneil Baartman,4,0,35,2,8.8
103530,2024-25,2024-10-16 16:00,1,DOL,KNG,Mangaung Oval,18687,Simelane,1,0,15,0,15
103530,2024-25,2024-10-16 16:00,1,DOL,KNG,Mangaung Oval,8530,Subrayen,4,0,21,0,5.2
103530,2024-25,2024-10-16 16:00,1,DOL,KNG,Mangaung Oval,9587,J Smith,4,0,21,3,5.2
103530,2024-25,2024-10-16 16:00,2,KNG,DOL,Mangaung Oval,14552,Jacques Snyman,1,0,7,0,7
103530,2024-25,2024-10-16 16:00,2,KNG,DOL,Mangaung Oval,20317,Johannes van Dyk,3,0,25,1,8.3
103530,2024-25,2024-10-16 16:00,2,KNG,DOL,Mangaung Oval,15127,Tiaan van Vuuren,3,0,32,0,10.7
103530,2024-25,2024-10-16 16:00,2,KNG,DOL,Mangaung Oval,13523,Sithembile Langa,3.3,0,34,2,9.7
103530,2024-25,2024-10-16 16:00,2,KNG,DOL,Mangaung Oval,10797,Aubrey Swanepoel,2,0,13,0,6.5
103530,2024-25,2024-10-16 16:00,2,KNG,DOL,Mangaung Oval,9708,Malusi Siboto,2,0,23,0,11.5
103530,2024-25,2024-10-16 16:00,2,KNG,DOL,Mangaung Oval,7649,Aaron Phangiso,4,0,22,0,5.5
103539,2024-25,2024-10-16 16:00,1,WPR,LIONS,The Wanderers Stadium,9490,B Hendricks,4,0,27,1,6.8
103539,2024-25,2024-10-16 16:00,1,WPR,LIONS,The Wanderers Stadium,12223,Kyle Simmonds,2,0,14,0,7
103539,2024-25,2024-10-16 16:00,1,WPR,LIONS,The Wanderers Stadium,17026,Mpongwana,4,0,29,1,7.2
103539,2024-25,2024-10-16 16:00,1,WPR,LIONS,The Wanderers Stadium,53454,Wesley Bedja,4,0,33,1,8.2
103539,2024-25,2024-10-16 16:00,1,WPR,LIONS,The Wanderers Stadium,10187,George Linde,3,0,16,1,5.3
103539,2024-25,2024-10-16 16:00,1,WPR,LIONS,The Wanderers Stadium,13151,Nabe,3,0,24,2,8
103539,2024-25,2024-10-16 16:00,2,LIONS,WPR,The Wanderers Stadium,24546,Codi Yusuf,4,0,40,1,10
103539,2024-25,2024-10-16 16:00,2,LIONS,WPR,The Wanderers Stadium,23346,Kwena Maphaka,3.3,0,28,1,8
103539,2024-25,2024-10-16 16:00,2,LIONS,WPR,The Wanderers Stadium,20308,Evan Jones,4,0,39,0,9.8
103539,2024-25,2024-10-16 16:00,2,LIONS,WPR,The Wanderers Stadium,14566,Delano Potgieter,3,1,4,2,1.3
103539,2024-25,2024-10-16 16:00,2,LIONS,WPR,The Wanderers Stadium,10676,Bjorn Fortuin,3,0,21,0,7
103539,2024-25,2024-10-16 16:00,2,LIONS,WPR,The Wanderers Stadium,20428,Nqaba Peter,2,0,11,1,5.5
103555,2024-25,2024-10-18 16:00,1,WPR,KNG,Newlands,9490,B Hendricks,4,0,28,2,7
103555,2024-25,2024-10-18 16:00,1,WPR,KNG,Newlands,12223,Kyle Simmonds,4,0,19,1,4.8
103555,2024-25,2024-10-18 16:00,1,WPR,KNG,Newlands,17026,Mpongwana,2,0,22,0,11
103555,2024-25,2024-10-18 16:00,1,WPR,KNG,Newlands,53454,Wesley Bedja,4,0,34,2,8.5
103555,2024-25,2024-10-18 16:00,1,WPR,KNG,Newlands,10187,George Linde,4,0,33,0,8.2
103555,2024-25,2024-10-18 16:00,1,WPR,KNG,Newlands,13151,Nabe,2,0,15,1,7.5
103555,2024-25,2024-10-18 16:00,2,KNG,WPR,Newlands,14552,Jacques Snyman,4,0,26,0,6.5
103555,2024-25,2024-10-18 16:00,2,KNG,WPR,Newlands,15127,Tiaan van Vuuren,1,0,14,0,14
103555,2024-25,2024-10-18 16:00,2,KNG,WPR,Newlands,13523,Sithembile Langa,2.5,0,25,1,8.8
103555,2024-25,2024-10-18 16:00,2,KNG,WPR,Newlands,50444,Dian Forrester,1,0,8,0,8
103555,2024-25,2024-10-18 16:00,2,KNG,WPR,Newlands,9708,Malusi Siboto,1,0,14,0,14
103555,2024-25,2024-10-18 16:00,2,KNG,WPR,Newlands,7649,Aaron Phangiso,4,0,24,0,6
103555,2024-25,2024-10-18 16:00,2,KNG,WPR,Newlands,10797,Aubrey Swanepoel,2,0,17,0,8.5
103555,2024-25,2024-10-18 16:00,2,KNG,WPR,Newlands,51098,Seth Flerdermaus,3,0,32,2,10.7
103564,2024-25,2024-10-19 12:00,1,NWEST,LIONS,Senwes Park,14565,Marco Jansen,4,0,32,0,8
103564,2024-25,2024-10-19 12:00,1,NWEST,LIONS,Senwes Park,13069,Migael Pretorius,4,0,28,1,7
103564,2024-25,2024-10-19 12:00,1,NWEST,LIONS,Senwes Park,13150,Mungroo,4,0,39,1,9.8
103564,2024-25,2024-10-19 12:00,1,NWEST,LIONS,Senwes Park,14583,Achille Cloete,2,0,23,0,11.5
103564,2024-25,2024-10-19 12:00,1,NWEST,LIONS,Senwes Park,20526,Caleb Seleka,4,0,24,0,6
103564,2024-25,2024-10-19 12:00,1,NWEST,LIONS,Senwes Park,9735,Ngoepe,2,0,24,1,12
103564,2024-25,2024-10-19 12:00,2,LIONS,NWEST,Senwes Park,10676,Bjorn Fortuin,3,0,25,0,8.3
103564,2024-25,2024-10-19 12:00,2,LIONS,NWEST,Senwes Park,23346,Kwena Maphaka,4,0,28,2,7
103564,2024-25,2024-10-19 12:00,2,LIONS,NWEST,Senwes Park,10679,Tshepo Moreki,4,0,38,2,9.5
103564,2024-25,2024-10-19 12:00,2,LIONS,NWEST,Senwes Park,9491,Reeza Hendricks,2,0,10,0,5
103564,2024-25,2024-10-19 12:00,2,LIONS,NWEST,Senwes Park,20308,Evan Jones,3,0,31,0,10.3
103564,2024-25,2024-10-19 12:00,2,LIONS,NWEST,Senwes Park,20428,Nqaba Peter,3,0,19,0,6.3
103564,2024-25,2024-10-19 12:00,2,LIONS,NWEST,Senwes Park,14566,Delano Potgieter,1,0,12,0,12
103566,2024-25,2024-10-19 16:00,1,TIT,WAR,St George's Park,9581,D Galiem,4,0,28,1,7
103566,2024-25,2024-10-19 16:00,1,TIT,WAR,St George's Park,9576,Corbin Bosch,4,0,42,1,10.5
103566,2024-25,2024-10-19 16:00,1,TIT,WAR,St George's Park,10175,Junior Dala,2,0,49,1,24.5
103566,2024-25,2024-10-19 16:00,1,TIT,WAR,St George's Park,1669,van der Merwe,4,0,16,0,4
103566,2024-25,2024-10-19 16:00,1,TIT,WAR,St George's Park,10173,Shamsi,2,0,23,2,11.5
103566,2024-25,2024-10-19 16:00,1,TIT,WAR,St George's Park,9601,Phehlukwayo,4,0,20,0,5
103566,2024-25,2024-10-19 16:00,2,WAR,TIT,St George's Park,11427,Anrich Nortje,4,0,46,1,11.5
103566,2024-25,2024-10-19 16:00,2,WAR,TIT,St George's Park,9714,Siya Simetu,3,0,27,0,9
103566,2024-25,2024-10-19 16:00,2,WAR,TIT,St George's Park,1431435,Christopher King,3.2,0,30,0,9
103566,2024-25,2024-10-19 16:00,2,WAR,TIT,St George's Park,12587,Shimane Alfred Mothoa,4,0,47,1,11.8
103566,2024-25,2024-10-19 16:00,2,WAR,TIT,St George's Park,41704,JP King,2,0,23,1,11.5
103575,2024-25,2024-10-19 16:00,1,DOL,BOL,Kingsmead,7668,Smuts,4,0,32,1,8
103575,2024-25,2024-10-19 16:00,1,DOL,BOL,Kingsmead,12191,Okuhle Cele,3,0,21,0,7
103575,2024-25,2024-10-19 16:00,1,DOL,BOL,Kingsmead,18687,Simelane,1,0,11,1,11
103575,2024-25,2024-10-19 16:00,1,DOL,BOL,Kingsmead,8530,Subrayen,2,0,13,1,6.5
103575,2024-25,2024-10-19 16:00,1,DOL,BOL,Kingsmead,13100,Ottneil Baartman,4,0,43,0,10.8
103575,2024-25,2024-10-19 16:00,1,DOL,BOL,Kingsmead,14586,Bryce Parsons,3,0,16,1,5.3
103575,2024-25,2024-10-19 16:00,1,DOL,BOL,Kingsmead,9587,J Smith,3,0,28,0,9.3
103575,2024-25,2024-10-19 16:00,2,BOL,DOL,Kingsmead,12592,Keith Dudgeon,3,0,22,0,7.3
103575,2024-25,2024-10-19 16:00,2,BOL,DOL,Kingsmead,14516,Glenton Stuurman,2,0,24,0,12
103575,2024-25,2024-10-19 16:00,2,BOL,DOL,Kingsmead,14687,Imran Manack,2,0,14,2,7
103575,2024-25,2024-10-19 16:00,2,BOL,DOL,Kingsmead,13066,Akhona Mnyaka,2,0,9,1,4.5
103575,2024-25,2024-10-19 16:00,2,BOL,DOL,Kingsmead,9489,Ayabulela Gqamane,1,0,11,2,11
103582,2024-25,2024-10-22 16:00,1,LIONS,TIT,The Wanderers Stadium,14566,Delano Potgieter,4,0,22,1,5.5
103582,2024-25,2024-10-22 16:00,1,LIONS,TIT,The Wanderers Stadium,23346,Kwena Maphaka,4,1,11,3,2.8
103582,2024-25,2024-10-22 16:00,1,LIONS,TIT,The Wanderers Stadium,11208,Sipamla,3,0,27,1,9
103582,2024-25,2024-10-22 16:00,1,LIONS,TIT,The Wanderers Stadium,20308,Evan Jones,4,0,22,1,5.5
103582,2024-25,2024-10-22 16:00,1,LIONS,TIT,The Wanderers Stadium,10676,Bjorn Fortuin,1,0,12,0,12
103582,2024-25,2024-10-22 16:00,1,LIONS,TIT,The Wanderers Stadium,20428,Nqabayomzi Peter,3.2,1,15,4,4.5
103582,2024-25,2024-10-22 16:00,2,TIT,LIONS,The Wanderers Stadium,1669,Roelof van der Merwe,3,0,17,0,5.7
103582,2024-25,2024-10-22 16:00,2,TIT,LIONS,The Wanderers Stadium,9581,Dayyaan Galiem,4,0,16,2,4
103582,2024-25,2024-10-22 16:00,2,TIT,LIONS,The Wanderers Stadium,13320,Gerald Coetzee,4,0,31,1,7.8
103582,2024-25,2024-10-22 16:00,2,TIT,LIONS,The Wanderers Stadium,9601,Andile Phehlukwayo,1,0,8,0,8
103582,2024-25,2024-10-22 16:00,2,TIT,LIONS,The Wanderers Stadium,10175,Junior Dala,2,0,17,0,8.5
103582,2024-25,2024-10-22 16:00,2,TIT,LIONS,The Wanderers Stadium,10173,Tabraiz Shamsi,2,0,25,0,12.5
103591,2024-25,2024-10-23 16:00,1,NWEST,WPR,The Wanderers Stadium,13069,Migael Pretorius,3,0,26,0,8.7
103591,2024-25,2024-10-23 16:00,1,NWEST,WPR,The Wanderers Stadium,14565,Marco Jansen,4,0,38,0,9.5
103591,2024-25,2024-10-23 16:00,1,NWEST,WPR,The Wanderers Stadium,13150,Mungroo,3,0,34,1,11.3
103591,2024-25,2024-10-23 16:00,1,NWEST,WPR,The Wanderers Stadium,20432,Gideon Peters,4,0,24,3,6
103591,2024-25,2024-10-23 16:00,1,NWEST,WPR,The Wanderers Stadium,11497,Wihan Lubbe,1,0,5,0,5
103591,2024-25,2024-10-23 16:00,1,NWEST,WPR,The Wanderers Stadium,20417,Bamanye Xenxe,1,0,3,0,3
103591,2024-25,2024-10-23 16:00,1,NWEST,WPR,The Wanderers Stadium,20526,Caleb Seleka,4,0,25,1,6.2
103591,2024-25,2024-10-23 16:00,2,WPR,NWEST,The Wanderers Stadium,9490,Beuran Hendricks,2,0,9,2,4.5
103591,2024-25,2024-10-23 16:00,2,WPR,NWEST,The Wanderers Stadium,12223,Kyle Simmonds,4,0,14,3,3.5
103591,2024-25,2024-10-23 16:00,2,WPR,NWEST,The Wanderers Stadium,53454,Wesley Bedja,3,0,43,1,14.3
103591,2024-25,2024-10-23 16:00,2,WPR,NWEST,The Wanderers Stadium,17026,Mihlali Mpongwana,1,0,9,0,9
103591,2024-25,2024-10-23 16:00,2,WPR,NWEST,The Wanderers Stadium,13151,Mthiwekhaya Nabe,1,0,22,0,22
103591,2024-25,2024-10-23 16:00,2,WPR,NWEST,The Wanderers Stadium,10187,George Linde,3.3,1,15,3,4.3
103591,2024-25,2024-10-23 16:00,2,WPR,NWEST,The Wanderers Stadium,14582,Jonathan Bird,1,0,11,0,11
103600,2024-25,2024-10-25 16:00,1,WPR,TIT,SuperSport Park,12223,Kyle Simmonds,4,1,20,0,5
103600,2024-25,2024-10-25 16:00,1,WPR,TIT,SuperSport Park,9490,B Hendricks,4,0,38,2,9.5
103600,2024-25,2024-10-25 16:00,1,WPR,TIT,SuperSport Park,17026,Mpongwana,3,0,28,2,9.3
103600,2024-25,2024-10-25 16:00,1,WPR,TIT,SuperSport Park,53454,Wesley Bedja,3,0,40,1,13.3
103600,2024-25,2024-10-25 16:00,1,WPR,TIT,SuperSport Park,10187,George Linde,2,0,18,0,9
103600,2024-25,2024-10-25 16:00,1,WPR,TIT,SuperSport Park,50815,Oliver Whitehead,2,0,21,1,10.5
103600,2024-25,2024-10-25 16:00,1,WPR,TIT,SuperSport Park,13151,Nabe,2,0,13,1,6.5
103600,2024-25,2024-10-25 16:00,2,TIT,WPR,SuperSport Park,9581,Dayyaan Galiem,4,0,37,0,9.2
103600,2024-25,2024-10-25 16:00,2,TIT,WPR,SuperSport Park,10175,Junior Dala,3,0,36,1,12
103600,2024-25,2024-10-25 16:00,2,TIT,WPR,SuperSport Park,13320,Gerald Coetzee,4,0,14,2,3.5
103600,2024-25,2024-10-25 16:00,2,TIT,WPR,SuperSport Park,9576,Corbin Bosch,4,0,20,0,5
103600,2024-25,2024-10-25 16:00,2,TIT,WPR,SuperSport Park,10173,Tabraiz Shamsi,3,0,26,1,8.7
103600,2024-25,2024-10-25 16:00,2,TIT,WPR,SuperSport Park,9601,Andile Phehlukwayo,2,0,18,0,9
103602,2024-25,2024-10-27 12:00,1,LIONS,TIT,The Wanderers Stadium,14566,Delano Potgieter,2,0,18,1,9
103602,2024-25,2024-10-27 12:00,1,LIONS,TIT,The Wanderers Stadium,23346,Kwena Maphaka,4,0,15,2,3.8
103602,2024-25,2024-10-27 12:00,1,LIONS,TIT,The Wanderers Stadium,11208,Sipamla,4,0,12,4,3
103602,2024-25,2024-10-27 12:00,1,LIONS,TIT,The Wanderers Stadium,20428,Nqabayomzi Peter,3,0,36,0,12
103602,2024-25,2024-10-27 12:00,1,LIONS,TIT,The Wanderers Stadium,20308,Evan Jones,3.2,0,24,1,7.2
103602,2024-25,2024-10-27 12:00,1,LIONS,TIT,The Wanderers Stadium,10676,Bjorn Fortuin,3,0,10,2,3.3
103602,2024-25,2024-10-27 12:00,2,TIT,LIONS,The Wanderers Stadium,1669,Roelof van der Merwe,3,0,13,0,4.3
103602,2024-25,2024-10-27 12:00,2,TIT,LIONS,The Wanderers Stadium,9581,Dayyaan Galiem,3,0,14,1,4.7
103602,2024-25,2024-10-27 12:00,2,TIT,LIONS,The Wanderers Stadium,13320,Gerald Coetzee,3.1,0,38,1,12
103602,2024-25,2024-10-27 12:00,2,TIT,LIONS,The Wanderers Stadium,10173,Tabraiz Shamsi,2,0,21,0,10.5
103602,2024-25,2024-10-27 12:00,2,TIT,LIONS,The Wanderers Stadium,9601,Andile Phehlukwayo,2,0,14,0,7
103602,2024-25,2024-10-27 12:00,2,TIT,LIONS,The Wanderers Stadium,10175,Junior Dala,2,0,23,0,11.5
105146,2024-25,2024-09-21 11:00,1,NCAPE,ESTORM,Diamond Oval,10798,Ntuli,3,0,31,1,10.3
105146,2024-25,2024-09-21 11:00,1,NCAPE,ESTORM,Diamond Oval,9493,Viljoen,4,0,25,2,6.2
105146,2024-25,2024-09-21 11:00,1,NCAPE,ESTORM,Diamond Oval,9729,Walters,4,0,37,2,9.2
105146,2024-25,2024-09-21 11:00,1,NCAPE,ESTORM,Diamond Oval,9709,Terblanche,4,0,25,0,6.2
105146,2024-25,2024-09-21 11:00,1,NCAPE,ESTORM,Diamond Oval,20303,Ernest Kemm,3,0,33,0,11
105146,2024-25,2024-09-21 11:00,1,NCAPE,ESTORM,Diamond Oval,50997,Emmanuel Motswiri,2,0,18,1,9
105146,2024-25,2024-09-21 11:00,2,ESTORM,NCAPE,Diamond Oval,31925,Juan Lubbe,3,0,32,1,10.7
105146,2024-25,2024-09-21 11:00,2,ESTORM,NCAPE,Diamond Oval,18582,Andrew Rasemene,4,0,38,1,9.5
105146,2024-25,2024-09-21 11:00,2,ESTORM,NCAPE,Diamond Oval,24351,Amaan Khan,4,0,15,2,3.8
105146,2024-25,2024-09-21 11:00,2,ESTORM,NCAPE,Diamond Oval,20623,Tumelo Simelane,4,0,31,1,7.8
105146,2024-25,2024-09-21 11:00,2,ESTORM,NCAPE,Diamond Oval,1431059,Shaveer Khan,4,0,41,0,10.2
105146,2024-25,2024-09-21 11:00,2,ESTORM,NCAPE,Diamond Oval,10685,Grant Thomson,1,0,12,0,12
105148,2024-25,2024-09-21 11:00,1,LIMPO,KZNIN,Polokwane Cricket Club,20503,Morne Venter,2,0,10,1,5
105148,2024-25,2024-09-21 11:00,1,LIMPO,KZNIN,Polokwane Cricket Club,24629,Atwell Mokgoloboto,3,0,14,1,4.7
105148,2024-25,2024-09-21 11:00,1,LIMPO,KZNIN,Polokwane Cricket Club,20497,Don Radebe,4,0,24,1,6
105148,2024-25,2024-09-21 11:00,1,LIMPO,KZNIN,Polokwane Cricket Club,10992,Eldred Hawken,4,0,39,0,9.8
105148,2024-25,2024-09-21 11:00,1,LIMPO,KZNIN,Polokwane Cricket Club,13394,Kgaudisa Molefe,3,0,30,1,10
105148,2024-25,2024-09-21 11:00,1,LIMPO,KZNIN,Polokwane Cricket Club,50552,Daniel van der Merwe,4,0,41,0,10.2
105148,2024-25,2024-09-21 11:00,2,KZNIN,LIMPO,Polokwane Cricket Club,10993,Mbulelo Budaza,2,0,8,0,4
105148,2024-25,2024-09-21 11:00,2,KZNIN,LIMPO,Polokwane Cricket Club,11204,Ziyaad Abrahams,2.5,0,17,3,6
105148,2024-25,2024-09-21 11:00,2,KZNIN,LIMPO,Polokwane Cricket Club,1431073,Thabiso Ndlela,3,1,19,2,6.3
105148,2024-25,2024-09-21 11:00,2,KZNIN,LIMPO,Polokwane Cricket Club,11203,Sean Whitehead,2,0,13,2,6.5
105148,2024-25,2024-09-21 11:00,2,KZNIN,LIMPO,Polokwane Cricket Club,51686,Sean Gilson,4,0,13,2,3.2
105148,2024-25,2024-09-21 11:00,2,KZNIN,LIMPO,Polokwane Cricket Club,9703,Michael Erlank,2,0,10,0,5
105148,2024-25,2024-09-21 11:00,2,KZNIN,LIMPO,Polokwane Cricket Club,1431051,James Ritchie,1,0,3,1,3
105162,2024-25,2024-09-24 11:00,1,BOR,LIMPO,Buffalo Park,20578,Aphiwe Mnyanda,3,0,44,0,14.7
105162,2024-25,2024-09-24 11:00,1,BOR,LIMPO,Buffalo Park,31923,Nico van Zyl,3,0,20,0,6.7
105162,2024-25,2024-09-24 11:00,1,BOR,LIMPO,Buffalo Park,11340,Chad Classen,3,0,23,1,7.7
105162,2024-25,2024-09-24 11:00,1,BOR,LIMPO,Buffalo Park,11872,Tladi Bokako,4,0,47,0,11.8
105162,2024-25,2024-09-24 11:00,1,BOR,LIMPO,Buffalo Park,13321,Jade de Klerk,4,0,18,0,4.5
105162,2024-25,2024-09-24 11:00,1,BOR,LIMPO,Buffalo Park,13319,Jason Niemand,3,0,33,1,11
105162,2024-25,2024-09-24 11:00,2,LIMPO,BOR,Buffalo Park,24629,Atwell Mokgoloboto,4,0,18,1,4.5
105162,2024-25,2024-09-24 11:00,2,LIMPO,BOR,Buffalo Park,10992,Eldred Hawken,4,0,38,0,9.5
105162,2024-25,2024-09-24 11:00,2,LIMPO,BOR,Buffalo Park,20503,Morne Venter,1,0,16,0,16
105162,2024-25,2024-09-24 11:00,2,LIMPO,BOR,Buffalo Park,20497,Don Radebe,4,0,32,1,8
105162,2024-25,2024-09-24 11:00,2,LIMPO,BOR,Buffalo Park,13394,Kgaudisa Molefe,4,0,30,3,7.5
105162,2024-25,2024-09-24 11:00,2,LIMPO,BOR,Buffalo Park,20458,Ludwig Kaestner,3,1,28,1,9.3
105164,2024-25,2024-09-24 11:00,1,ESTORM,SWD,Willowmoore Park,10685,Thomson,0.3,0,8,0,16
105164,2024-25,2024-09-24 11:00,1,ESTORM,SWD,Willowmoore Park,31925,Juan Lubbe,3.3,0,37,0,10.6
105164,2024-25,2024-09-24 11:00,1,ESTORM,SWD,Willowmoore Park,18582,Andrew Rasemene,4,0,29,1,7.2
105164,2024-25,2024-09-24 11:00,1,ESTORM,SWD,Willowmoore Park,24351,Amaan Khan,4,0,34,1,8.5
105164,2024-25,2024-09-24 11:00,1,ESTORM,SWD,Willowmoore Park,20623,Tumelo Simelane,4,0,29,0,7.2
105164,2024-25,2024-09-24 11:00,1,ESTORM,SWD,Willowmoore Park,1431059,Shaveer Khan,3,0,23,1,7.7
105164,2024-25,2024-09-24 11:00,1,ESTORM,SWD,Willowmoore Park,14768,Kabelo Sekhukhune,1,0,4,1,4
105164,2024-25,2024-09-24 11:00,2,SWD,ESTORM,Willowmoore Park,14611,Jarred Jardine,3.3,0,37,1,10.6
105164,2024-25,2024-09-24 11:00,2,SWD,ESTORM,Willowmoore Park,50808,Liyabona Malife,3,0,18,2,6
105164,2024-25,2024-09-24 11:00,2,SWD,ESTORM,Willowmoore Park,22106,Hlompo Modimokwane,2,0,17,0,8.5
105164,2024-25,2024-09-24 11:00,2,SWD,ESTORM,Willowmoore Park,14585,Lifa Ntanzi,4,0,34,1,8.5
105164,2024-25,2024-09-24 11:00,2,SWD,ESTORM,Willowmoore Park,20448,Kyle Jacobs,2,0,23,0,11.5
105164,2024-25,2024-09-24 11:00,2,SWD,ESTORM,Willowmoore Park,13068,Thomas Kaber,4,0,26,3,6.5
105172,2024-25,2024-09-24 11:00,1,MPR,NCAPE,"Uplands College, White River",14589,Nonelela Yikha,2,0,12,0,6
105172,2024-25,2024-09-24 11:00,1,MPR,NCAPE,"Uplands College, White River",20362,Gareth Dukes,4,0,36,1,9
105172,2024-25,2024-09-24 11:00,1,MPR,NCAPE,"Uplands College, White River",20591,Jurie Snyman,2,0,22,0,11
105172,2024-25,2024-09-24 11:00,1,MPR,NCAPE,"Uplands College, White River",1431091,Themba Maupa,4,0,38,1,9.5
105172,2024-25,2024-09-24 11:00,1,MPR,NCAPE,"Uplands College, White River",20257,Dadswell,4,0,44,1,11
105172,2024-25,2024-09-24 11:00,1,MPR,NCAPE,"Uplands College, White River",20392,Hinrichsen,4,0,46,1,11.5
105172,2024-25,2024-09-24 11:00,2,NCAPE,MPR,"Uplands College, White River",20303,Ernest Kemm,3,1,22,1,7.3
105172,2024-25,2024-09-24 11:00,2,NCAPE,MPR,"Uplands College, White River",9493,Hardus Viljoen,4,0,26,0,6.5
105172,2024-25,2024-09-24 11:00,2,NCAPE,MPR,"Uplands College, White River",9729,Basheeru-Deen Walters,4,0,41,2,10.2
105172,2024-25,2024-09-24 11:00,2,NCAPE,MPR,"Uplands College, White River",10080,Zakhele Qwabe,3,0,28,2,9.3
105172,2024-25,2024-09-24 11:00,2,NCAPE,MPR,"Uplands College, White River",9709,Romano Terblanche,4,0,41,1,10.2
105172,2024-25,2024-09-24 11:00,2,NCAPE,MPR,"Uplands College, White River",10798,Tshepo Ntuli,2,0,22,1,11
105186,2024-25,2024-09-28 11:00,1,BOR,KZNIN,City Oval,31923,Nico van Zyl,4,0,22,2,5.5
105186,2024-25,2024-09-28 11:00,1,BOR,KZNIN,City Oval,20578,Aphiwe Mnyanda,4,0,36,0,9
105186,2024-25,2024-09-28 11:00,1,BOR,KZNIN,City Oval,11340,Chad Classen,3,0,24,1,8
105186,2024-25,2024-09-28 11:00,1,BOR,KZNIN,City Oval,11872,Tladi Bokako,1,0,9,0,9
105186,2024-25,2024-09-28 11:00,1,BOR,KZNIN,City Oval,13319,Jason Niemand,4,0,21,2,5.2
105186,2024-25,2024-09-28 11:00,1,BOR,KZNIN,City Oval,13321,Jade de Klerk,4,0,17,1,4.2
105186,2024-25,2024-09-28 11:00,2,KZNIN,BOR,City Oval,9703,Michael Erlank,1,0,7,0,7
105186,2024-25,2024-09-28 11:00,2,KZNIN,BOR,City Oval,10993,Mbulelo Budaza,4,0,17,2,4.2
105186,2024-25,2024-09-28 11:00,2,KZNIN,BOR,City Oval,11204,Ziyaad Abrahams,4,0,27,1,6.8
105186,2024-25,2024-09-28 11:00,2,KZNIN,BOR,City Oval,11203,Sean Whitehead,4,1,18,1,4.5
105186,2024-25,2024-09-28 11:00,2,KZNIN,BOR,City Oval,1431073,Thabiso Ndlela,2,0,20,0,10
105186,2024-25,2024-09-28 11:00,2,KZNIN,BOR,City Oval,51686,Sean Gilson,2,0,12,1,6
105186,2024-25,2024-09-28 11:00,2,KZNIN,BOR,City Oval,9779,Kyle Nipper,3,0,17,2,5.7
105178,2024-25,2024-09-28 11:00,1,LIMPO,SWD,Recreation Ground,24629,Atwell Mokgoloboto,2,0,18,0,9
105178,2024-25,2024-09-28 11:00,1,LIMPO,SWD,Recreation Ground,20503,Morne Venter,3,0,20,1,6.7
105178,2024-25,2024-09-28 11:00,1,LIMPO,SWD,Recreation Ground,10992,Eldred Hawken,4,0,18,3,4.5
105178,2024-25,2024-09-28 11:00,1,LIMPO,SWD,Recreation Ground,22086,Jesse Albanie,3,0,30,0,10
105178,2024-25,2024-09-28 11:00,1,LIMPO,SWD,Recreation Ground,13394,Kgaudisa Molefe,2,0,18,0,9
105178,2024-25,2024-09-28 11:00,1,LIMPO,SWD,Recreation Ground,20497,Don Radebe,4,0,17,3,4.2
105178,2024-25,2024-09-28 11:00,1,LIMPO,SWD,Recreation Ground,20458,Ludwig Kaestner,2,0,20,1,10
105178,2024-25,2024-09-28 11:00,2,SWD,LIMPO,Recreation Ground,50808,Liyabona Malife,2,0,17,0,8.5
105178,2024-25,2024-09-28 11:00,2,SWD,LIMPO,Recreation Ground,20288,Sintu Majeza,3,0,21,1,7
105178,2024-25,2024-09-28 11:00,2,SWD,LIMPO,Recreation Ground,14611,Jarred Jardine,3.5,0,37,0,9.7
105178,2024-25,2024-09-28 11:00,2,SWD,LIMPO,Recreation Ground,13068,Thomas Kaber,4,0,34,2,8.5
105178,2024-25,2024-09-28 11:00,2,SWD,LIMPO,Recreation Ground,14585,Lifa Ntanzi,2,0,22,1,11
105178,2024-25,2024-09-28 11:00,2,SWD,LIMPO,Recreation Ground,20448,Kyle Jacobs,1,0,15,0,15
105188,2024-25,2024-09-29 11:00,1,MPR,ESTORM,Willowmoore Park,20362,Gareth Dukes,4,0,27,2,6.8
105188,2024-25,2024-09-29 11:00,1,MPR,ESTORM,Willowmoore Park,1431091,Themba Maupa,3,0,28,1,9.3
105188,2024-25,2024-09-29 11:00,1,MPR,ESTORM,Willowmoore Park,13325,Hermann Rolfes,4,0,33,0,8.2
105188,2024-25,2024-09-29 11:00,1,MPR,ESTORM,Willowmoore Park,14589,Nonelela Yikha,1,0,13,0,13
105188,2024-25,2024-09-29 11:00,1,MPR,ESTORM,Willowmoore Park,20407,Akhulile Mkhatu,3,0,24,1,8
105188,2024-25,2024-09-29 11:00,1,MPR,ESTORM,Willowmoore Park,20257,Dadswell,3,0,24,1,8
105188,2024-25,2024-09-29 11:00,1,MPR,ESTORM,Willowmoore Park,20591,Jurie Snyman,2,0,17,1,8.5
105188,2024-25,2024-09-29 11:00,2,ESTORM,MPR,Willowmoore Park,20623,Tumelo Simelane,4,0,28,3,7
105188,2024-25,2024-09-29 11:00,2,ESTORM,MPR,Willowmoore Park,18582,Andrew Rasemene,4,0,14,2,3.5
105188,2024-25,2024-09-29 11:00,2,ESTORM,MPR,Willowmoore Park,24351,Amaan Khan,4,1,22,1,5.5
105188,2024-25,2024-09-29 11:00,2,ESTORM,MPR,Willowmoore Park,1431059,Shaveer Khan,4,0,36,1,9
105188,2024-25,2024-09-29 11:00,2,ESTORM,MPR,Willowmoore Park,20528,Christopher Britz,3,0,41,0,13.7
105188,2024-25,2024-09-29 11:00,2,ESTORM,MPR,Willowmoore Park,14768,Kabelo Sekhukhune,1,0,6,0,6
105194,2024-25,2024-10-02 11:00,1,SWD,KZNIN,Recreation Ground,20448,Kyle Jacobs,4,0,27,3,6.8
105194,2024-25,2024-10-02 11:00,1,SWD,KZNIN,Recreation Ground,20288,Majeza,3,0,12,2,4
105194,2024-25,2024-10-02 11:00,1,SWD,KZNIN,Recreation Ground,50808,Liyabona Malife,4,0,33,1,8.2
105194,2024-25,2024-10-02 11:00,1,SWD,KZNIN,Recreation Ground,14585,Lifa Ntanzi,4,0,40,1,10
105194,2024-25,2024-10-02 11:00,1,SWD,KZNIN,Recreation Ground,13068,Thomas Kaber,4,0,33,1,8.2
105194,2024-25,2024-10-02 11:00,1,SWD,KZNIN,Recreation Ground,15918,Tyrese Karelse,1,0,8,0,8
105194,2024-25,2024-10-02 11:00,2,KZNIN,SWD,Recreation Ground,10993,Mbulelo Budaza,3,0,22,1,7.3
105194,2024-25,2024-10-02 11:00,2,KZNIN,SWD,Recreation Ground,11204,Ziyaad Abrahams,3.1,0,38,0,12
105194,2024-25,2024-10-02 11:00,2,KZNIN,SWD,Recreation Ground,51686,Sean Gilson,2,0,22,1,11
105194,2024-25,2024-10-02 11:00,2,KZNIN,SWD,Recreation Ground,1431073,Thabiso Ndlela,4,0,24,1,6
105194,2024-25,2024-10-02 11:00,2,KZNIN,SWD,Recreation Ground,11203,Sean Whitehead,4,0,26,0,6.5
105194,2024-25,2024-10-02 11:00,2,KZNIN,SWD,Recreation Ground,9779,Kyle Nipper,3,0,23,0,7.7
105202,2024-25,2024-10-02 11:00,1,BOR,NCAPE,Diamond Oval,20578,Aphiwe Mnyanda,4,0,42,0,10.5
105202,2024-25,2024-10-02 11:00,1,BOR,NCAPE,Diamond Oval,31923,Nico van Zyl,4,0,9,5,2.2
105202,2024-25,2024-10-02 11:00,1,BOR,NCAPE,Diamond Oval,11340,Chad Classen,4,0,38,0,9.5
105202,2024-25,2024-10-02 11:00,1,BOR,NCAPE,Diamond Oval,36398,Thabile Hlatuka,4,0,35,1,8.8
105202,2024-25,2024-10-02 11:00,1,BOR,NCAPE,Diamond Oval,13319,Jason Niemand,3,0,15,1,5
105202,2024-25,2024-10-02 11:00,1,BOR,NCAPE,Diamond Oval,13321,Jade de Klerk,1,0,16,0,16
105202,2024-25,2024-10-02 11:00,2,NCAPE,BOR,Diamond Oval,10798,Tshepo Ntuli,4,0,23,1,5.8
105202,2024-25,2024-10-02 11:00,2,NCAPE,BOR,Diamond Oval,19238,Ruan Haasbroek,4,0,30,3,7.5
105202,2024-25,2024-10-02 11:00,2,NCAPE,BOR,Diamond Oval,20322,Benjamin Van Rensburg,4,0,27,1,6.8
105202,2024-25,2024-10-02 11:00,2,NCAPE,BOR,Diamond Oval,9493,Hardus Viljoen,4,0,20,0,5
105202,2024-25,2024-10-02 11:00,2,NCAPE,BOR,Diamond Oval,9729,Basheeru-Deen Walters,3,0,22,3,7.3
105202,2024-25,2024-10-02 11:00,2,NCAPE,BOR,Diamond Oval,50997,Emmanuel Motswiri,1,0,16,0,16
105210,2024-25,2024-10-02 11:00,1,LIMPO,ESTORM,Polokwane Cricket Club,20503,Morne Venter,3,0,20,0,6.7
105210,2024-25,2024-10-02 11:00,1,LIMPO,ESTORM,Polokwane Cricket Club,10992,Eldred Hawken,4,0,35,0,8.8
105210,2024-25,2024-10-02 11:00,1,LIMPO,ESTORM,Polokwane Cricket Club,20497,Don Radebe,4,0,49,0,12.2
105210,2024-25,2024-10-02 11:00,1,LIMPO,ESTORM,Polokwane Cricket Club,13394,Kgaudisa Molefe,3,0,23,1,7.7
105210,2024-25,2024-10-02 11:00,1,LIMPO,ESTORM,Polokwane Cricket Club,24629,Atwell Mokgoloboto,3,0,24,0,8
105210,2024-25,2024-10-02 11:00,1,LIMPO,ESTORM,Polokwane Cricket Club,50552,Daniel van der Merwe,3,0,41,1,13.7
105210,2024-25,2024-10-02 11:00,2,ESTORM,LIMPO,Polokwane Cricket Club,20623,Tumelo Simelane,4,0,56,0,14
105210,2024-25,2024-10-02 11:00,2,ESTORM,LIMPO,Polokwane Cricket Club,18582,Andrew Rasemene,4,0,33,1,8.2
105210,2024-25,2024-10-02 11:00,2,ESTORM,LIMPO,Polokwane Cricket Club,24351,Amaan Khan,4,0,46,1,11.5
105210,2024-25,2024-10-02 11:00,2,ESTORM,LIMPO,Polokwane Cricket Club,31925,Juan Lubbe,4,0,26,2,6.5
105210,2024-25,2024-10-02 11:00,2,ESTORM,LIMPO,Polokwane Cricket Club,1431059,Shaveer Khan,4,0,27,2,6.8
105220,2024-25,2024-10-05 11:00,1,NCAPE,KZNIN,City Oval,20303,Ernest Kemm,3,0,16,0,5.3
105220,2024-25,2024-10-05 11:00,1,NCAPE,KZNIN,City Oval,9493,Viljoen,4,0,29,0,7.2
105220,2024-25,2024-10-05 11:00,1,NCAPE,KZNIN,City Oval,9729,Walters,4,0,41,1,10.2
105220,2024-25,2024-10-05 11:00,1,NCAPE,KZNIN,City Oval,10080,Zakhele Qwabe,4,0,33,2,8.2
105220,2024-25,2024-10-05 11:00,1,NCAPE,KZNIN,City Oval,19238,Haasbroek,2,0,15,0,7.5
105220,2024-25,2024-10-05 11:00,1,NCAPE,KZNIN,City Oval,10798,Ntuli,2,0,20,0,10
105220,2024-25,2024-10-05 11:00,1,NCAPE,KZNIN,City Oval,16631,Tian Koekemoer,1,0,8,0,8
105220,2024-25,2024-10-05 11:00,2,KZNIN,NCAPE,City Oval,11203,Sean Whitehead,4,0,24,1,6
105220,2024-25,2024-10-05 11:00,2,KZNIN,NCAPE,City Oval,10993,Mbulelo Budaza,4,0,19,1,4.8
105220,2024-25,2024-10-05 11:00,2,KZNIN,NCAPE,City Oval,9703,Michael Erlank,1,0,12,0,12
105220,2024-25,2024-10-05 11:00,2,KZNIN,NCAPE,City Oval,11204,Ziyaad Abrahams,4,0,44,2,11
105220,2024-25,2024-10-05 11:00,2,KZNIN,NCAPE,City Oval,51686,Sean Gilson,2,0,7,1,3.5
105220,2024-25,2024-10-05 11:00,2,KZNIN,NCAPE,City Oval,15919,Mondli Khumalo,4,0,27,1,6.8
105220,2024-25,2024-10-05 11:00,2,KZNIN,NCAPE,City Oval,9779,Kyle Nipper,1,0,8,0,8
105218,2024-25,2024-10-05 11:00,1,SWD,BOR,Buffalo Park,20448,Kyle Jacobs,4,0,27,1,6.8
105218,2024-25,2024-10-05 11:00,1,SWD,BOR,Buffalo Park,20288,Majeza,4,0,31,1,7.8
105218,2024-25,2024-10-05 11:00,1,SWD,BOR,Buffalo Park,50808,Liyabona Malife,2,0,9,1,4.5
105218,2024-25,2024-10-05 11:00,1,SWD,BOR,Buffalo Park,15918,Tyrese Karelse,4,0,16,1,4
105218,2024-25,2024-10-05 11:00,1,SWD,BOR,Buffalo Park,14585,Lifa Ntanzi,2,0,12,0,6
105218,2024-25,2024-10-05 11:00,1,SWD,BOR,Buffalo Park,13068,Thomas Kaber,4,0,16,3,4
105218,2024-25,2024-10-05 11:00,2,BOR,SWD,Buffalo Park,31923,Nico van Zyl,3,1,13,0,4.3
105218,2024-25,2024-10-05 11:00,2,BOR,SWD,Buffalo Park,13321,Jade de Klerk,3.5,0,24,2,6.3
105218,2024-25,2024-10-05 11:00,2,BOR,SWD,Buffalo Park,11340,Chad Classen,3,0,11,0,3.7
105218,2024-25,2024-10-05 11:00,2,BOR,SWD,Buffalo Park,1431507,Ayabonga Tongo,4,0,28,0,7
105218,2024-25,2024-10-05 11:00,2,BOR,SWD,Buffalo Park,36398,Thabile Hlatuka,1,0,17,0,17
105218,2024-25,2024-10-05 11:00,2,BOR,SWD,Buffalo Park,13319,Jason Niemand,1,0,21,0,21
105226,2024-25,2024-10-06 11:00,1,MPR,LIMPO,Polokwane Cricket Club,14589,Nonelela Yikha,1,0,11,0,11
105226,2024-25,2024-10-06 11:00,1,MPR,LIMPO,Polokwane Cricket Club,20362,Gareth Dukes,4,0,17,2,4.2
105226,2024-25,2024-10-06 11:00,1,MPR,LIMPO,Polokwane Cricket Club,13325,Hermann Rolfes,4,0,37,1,9.2
105226,2024-25,2024-10-06 11:00,1,MPR,LIMPO,Polokwane Cricket Club,20392,Hinrichsen,4,0,28,1,7
105226,2024-25,2024-10-06 11:00,1,MPR,LIMPO,Polokwane Cricket Club,1431091,Themba Maupa,4,0,20,1,5
105226,2024-25,2024-10-06 11:00,1,MPR,LIMPO,Polokwane Cricket Club,20591,Jurie Snyman,1,0,12,0,12
105226,2024-25,2024-10-06 11:00,1,MPR,LIMPO,Polokwane Cricket Club,1409130,Junior Makua,2,0,10,1,5
105226,2024-25,2024-10-06 11:00,2,LIMPO,MPR,Polokwane Cricket Club,50552,Daniel van der Merwe,3,0,27,0,9
105226,2024-25,2024-10-06 11:00,2,LIMPO,MPR,Polokwane Cricket Club,24629,Atwell Mokgoloboto,3,0,21,1,7
105226,2024-25,2024-10-06 11:00,2,LIMPO,MPR,Polokwane Cricket Club,20503,Morne Venter,3.5,0,17,3,4.4
105226,2024-25,2024-10-06 11:00,2,LIMPO,MPR,Polokwane Cricket Club,10992,Eldred Hawken,4,0,18,2,4.5
105226,2024-25,2024-10-06 11:00,2,LIMPO,MPR,Polokwane Cricket Club,20497,Don Radebe,4,0,19,3,4.8
105226,2024-25,2024-10-06 11:00,2,LIMPO,MPR,Polokwane Cricket Club,13394,Kgaudisa Molefe,2,0,19,1,9.5
105234,2024-25,2024-10-09 11:00,1,NCAPE,SWD,Recreation Ground,9729,Walters,4,1,21,0,5.2
105234,2024-25,2024-10-09 11:00,1,NCAPE,SWD,Recreation Ground,9493,Viljoen,2,0,9,1,4.5
105234,2024-25,2024-10-09 11:00,1,NCAPE,SWD,Recreation Ground,10080,Zakhele Qwabe,4,0,40,2,10
105234,2024-25,2024-10-09 11:00,1,NCAPE,SWD,Recreation Ground,20303,Ernest Kemm,4,0,15,1,3.8
105234,2024-25,2024-10-09 11:00,1,NCAPE,SWD,Recreation Ground,50997,Emmanuel Motswiri,2,0,24,0,12
105234,2024-25,2024-10-09 11:00,1,NCAPE,SWD,Recreation Ground,10798,Ntuli,1,0,9,0,9
105234,2024-25,2024-10-09 11:00,1,NCAPE,SWD,Recreation Ground,24071,Klijnhans,2,0,16,0,8
105234,2024-25,2024-10-09 11:00,1,NCAPE,SWD,Recreation Ground,19238,Haasbroek,1,0,6,2,6
105234,2024-25,2024-10-09 11:00,2,SWD,NCAPE,Recreation Ground,20288,Sintu Majeza,3,0,15,0,5
105234,2024-25,2024-10-09 11:00,2,SWD,NCAPE,Recreation Ground,14611,Jarred Jardine,4,0,27,2,6.8
105234,2024-25,2024-10-09 11:00,2,SWD,NCAPE,Recreation Ground,20448,Kyle Jacobs,4,0,27,3,6.8
105234,2024-25,2024-10-09 11:00,2,SWD,NCAPE,Recreation Ground,50808,Liyabona Malife,4,0,23,1,5.8
105234,2024-25,2024-10-09 11:00,2,SWD,NCAPE,Recreation Ground,14585,Lifa Ntanzi,1,0,7,0,7
105234,2024-25,2024-10-09 11:00,2,SWD,NCAPE,Recreation Ground,13068,Thomas Kaber,4,0,29,3,7.2
105236,2024-25,2024-10-09 11:00,1,ESTORM,BOR,Buffalo Park,18582,Andrew Rasemene,4,0,34,1,8.5
105236,2024-25,2024-10-09 11:00,1,ESTORM,BOR,Buffalo Park,20623,Tumelo Simelane,4,0,11,0,2.8
105236,2024-25,2024-10-09 11:00,1,ESTORM,BOR,Buffalo Park,24351,Amaan Khan,4,0,43,1,10.8
105236,2024-25,2024-10-09 11:00,1,ESTORM,BOR,Buffalo Park,1431059,Shaveer Khan,4,0,36,1,9
105236,2024-25,2024-10-09 11:00,1,ESTORM,BOR,Buffalo Park,31925,Juan Lubbe,3,0,29,0,9.7
105236,2024-25,2024-10-09 11:00,1,ESTORM,BOR,Buffalo Park,14768,Kabelo Sekhukhune,1,0,6,0,6
105236,2024-25,2024-10-09 11:00,2,BOR,ESTORM,Buffalo Park,31923,Nico van Zyl,3.3,0,39,1,11.1
105236,2024-25,2024-10-09 11:00,2,BOR,ESTORM,Buffalo Park,11340,Chad Classen,4,0,30,2,7.5
105236,2024-25,2024-10-09 11:00,2,BOR,ESTORM,Buffalo Park,1423859,Olwakhe Goqoza,1,0,22,0,22
105236,2024-25,2024-10-09 11:00,2,BOR,ESTORM,Buffalo Park,11872,Tladi Bokako,3,0,26,0,8.7
105236,2024-25,2024-10-09 11:00,2,BOR,ESTORM,Buffalo Park,13319,Jason Niemand,2,0,33,0,16.5
105236,2024-25,2024-10-09 11:00,2,BOR,ESTORM,Buffalo Park,13321,Jade de Klerk,4,0,15,0,3.8
105242,2024-25,2024-10-09 11:00,1,KZNIN,MPR,City Oval,11203,Sean Whitehead,4,0,17,1,4.2
105242,2024-25,2024-10-09 11:00,1,KZNIN,MPR,City Oval,10993,Budaza,4,0,38,2,9.5
105242,2024-25,2024-10-09 11:00,1,KZNIN,MPR,City Oval,9703,Erlank,1,0,7,0,7
105242,2024-25,2024-10-09 11:00,1,KZNIN,MPR,City Oval,15919,Mondli Khumalo,4,0,44,1,11
105242,2024-25,2024-10-09 11:00,1,KZNIN,MPR,City Oval,11204,Abrahams,4,0,29,1,7.2
105242,2024-25,2024-10-09 11:00,1,KZNIN,MPR,City Oval,51686,Sean Gilson,2,0,22,0,11
105242,2024-25,2024-10-09 11:00,1,KZNIN,MPR,City Oval,9779,Nipper,1,0,8,0,8
105242,2024-25,2024-10-09 11:00,2,MPR,KZNIN,City Oval,20362,Gareth Dukes,4,0,38,2,9.5
105242,2024-25,2024-10-09 11:00,2,MPR,KZNIN,City Oval,20392,Jon Hinrichsen,4,0,35,2,8.8
105242,2024-25,2024-10-09 11:00,2,MPR,KZNIN,City Oval,1409130,Junior Makua,3,0,26,0,8.7
105242,2024-25,2024-10-09 11:00,2,MPR,KZNIN,City Oval,14589,Nonelela Yikha,1,0,14,1,14
105242,2024-25,2024-10-09 11:00,2,MPR,KZNIN,City Oval,1431091,Themba Maupa,3,0,20,0,6.7
105242,2024-25,2024-10-09 11:00,2,MPR,KZNIN,City Oval,13325,Hermann Rolfes,1,0,15,0,15
105242,2024-25,2024-10-09 11:00,2,MPR,KZNIN,City Oval,20591,Jurie Snyman,4,0,22,0,5.5
105260,2024-25,2024-10-12 11:00,1,MPR,BOR,"Uplands College, White River",1431091,Themba Maupa,4,0,12,1,3
105260,2024-25,2024-10-12 11:00,1,MPR,BOR,"Uplands College, White River",20362,Gareth Dukes,4,1,39,2,9.8
105260,2024-25,2024-10-12 11:00,1,MPR,BOR,"Uplands College, White River",13325,Hermann Rolfes,4,0,46,0,11.5
105260,2024-25,2024-10-12 11:00,1,MPR,BOR,"Uplands College, White River",20591,Jurie Snyman,1,0,8,0,8
105260,2024-25,2024-10-12 11:00,1,MPR,BOR,"Uplands College, White River",1409130,Junior Makua,3,0,28,1,9.3
105260,2024-25,2024-10-12 11:00,1,MPR,BOR,"Uplands College, White River",20392,Hinrichsen,4,0,26,0,6.5
105260,2024-25,2024-10-12 11:00,2,BOR,MPR,"Uplands College, White River",31923,Nico van Zyl,4,0,13,2,3.2
105260,2024-25,2024-10-12 11:00,2,BOR,MPR,"Uplands College, White River",13321,Jade de Klerk,4,0,47,0,11.8
105260,2024-25,2024-10-12 11:00,2,BOR,MPR,"Uplands College, White River",34116,Mathew Fourie,4,0,15,1,3.8
105260,2024-25,2024-10-12 11:00,2,BOR,MPR,"Uplands College, White River",11872,Tladi Bokako,3.4,0,38,0,10.4
105260,2024-25,2024-10-12 11:00,2,BOR,MPR,"Uplands College, White River",1431507,Ayabonga Tongo,3,0,49,1,16.3
105252,2024-25,2024-10-12 11:00,1,ESTORM,KZNIN,Willowmoore Park,20623,Tumelo Simelane,4,0,36,0,9
105252,2024-25,2024-10-12 11:00,1,ESTORM,KZNIN,Willowmoore Park,18582,Andrew Rasemene,3.5,0,26,5,6.8
105252,2024-25,2024-10-12 11:00,1,ESTORM,KZNIN,Willowmoore Park,24351,Amaan Khan,4,0,33,1,8.2
105252,2024-25,2024-10-12 11:00,1,ESTORM,KZNIN,Willowmoore Park,1431059,Shaveer Khan,4,0,27,2,6.8
105252,2024-25,2024-10-12 11:00,1,ESTORM,KZNIN,Willowmoore Park,20528,Christopher Britz,4,0,18,1,4.5
105252,2024-25,2024-10-12 11:00,2,KZNIN,ESTORM,Willowmoore Park,10993,Mbulelo Budaza,4,0,22,1,5.5
105252,2024-25,2024-10-12 11:00,2,KZNIN,ESTORM,Willowmoore Park,11203,Sean Whitehead,4,0,21,2,5.2
105252,2024-25,2024-10-12 11:00,2,KZNIN,ESTORM,Willowmoore Park,11204,Ziyaad Abrahams,4,0,26,2,6.5
105252,2024-25,2024-10-12 11:00,2,KZNIN,ESTORM,Willowmoore Park,1431073,Thabiso Ndlela,4,1,35,3,8.8
105252,2024-25,2024-10-12 11:00,2,KZNIN,ESTORM,Willowmoore Park,9703,Michael Erlank,2,0,10,0,5
105252,2024-25,2024-10-12 11:00,2,KZNIN,ESTORM,Willowmoore Park,9779,Kyle Nipper,1,0,11,0,11
105252,2024-25,2024-10-12 11:00,2,KZNIN,ESTORM,Willowmoore Park,51686,Sean Gilson,1,0,15,0,15
105244,2024-25,2024-10-12 11:00,1,LIMPO,NCAPE,Diamond Oval,24629,Atwell Mokgoloboto,2,0,19,1,9.5
105244,2024-25,2024-10-12 11:00,1,LIMPO,NCAPE,Diamond Oval,22086,Jesse Albanie,3,0,18,1,6
105244,2024-25,2024-10-12 11:00,1,LIMPO,NCAPE,Diamond Oval,20503,Morne Venter,4,0,45,0,11.2
105244,2024-25,2024-10-12 11:00,1,LIMPO,NCAPE,Diamond Oval,13394,Kgaudisa Molefe,3,0,37,0,12.3
105244,2024-25,2024-10-12 11:00,1,LIMPO,NCAPE,Diamond Oval,10992,Eldred Hawken,4,0,33,1,8.2
105244,2024-25,2024-10-12 11:00,1,LIMPO,NCAPE,Diamond Oval,20497,Don Radebe,4,0,38,1,9.5
105244,2024-25,2024-10-12 11:00,2,NCAPE,LIMPO,Diamond Oval,9729,Basheeru-Deen Walters,4,0,20,2,5
105244,2024-25,2024-10-12 11:00,2,NCAPE,LIMPO,Diamond Oval,19238,Ruan Haasbroek,3,0,29,1,9.7
105244,2024-25,2024-10-12 11:00,2,NCAPE,LIMPO,Diamond Oval,9493,Hardus Viljoen,4,0,27,1,6.8
105244,2024-25,2024-10-12 11:00,2,NCAPE,LIMPO,Diamond Oval,10080,Zakhele Qwabe,3,0,17,1,5.7
105244,2024-25,2024-10-12 11:00,2,NCAPE,LIMPO,Diamond Oval,10798,Tshepo Ntuli,4,1,21,2,5.2
105266,2024-25,2024-10-16 11:00,1,NCAPE,ESTORM,Willowmoore Park,10798,Ntuli,4,0,30,1,7.5
105266,2024-25,2024-10-16 11:00,1,NCAPE,ESTORM,Willowmoore Park,9729,Walters,3,0,50,0,16.7
105266,2024-25,2024-10-16 11:00,1,NCAPE,ESTORM,Willowmoore Park,9493,Viljoen,4,0,48,0,12
105266,2024-25,2024-10-16 11:00,1,NCAPE,ESTORM,Willowmoore Park,10080,Zakhele Qwabe,4,0,29,0,7.2
105266,2024-25,2024-10-16 11:00,1,NCAPE,ESTORM,Willowmoore Park,19238,Haasbroek,4,0,47,0,11.8
105266,2024-25,2024-10-16 11:00,1,NCAPE,ESTORM,Willowmoore Park,24071,Klijnhans,1,0,11,0,11
105266,2024-25,2024-10-16 11:00,2,ESTORM,NCAPE,Willowmoore Park,22046,Divan Posthumus,3.5,0,23,3,6
105266,2024-25,2024-10-16 11:00,2,ESTORM,NCAPE,Willowmoore Park,20623,Tumelo Simelane,4,0,36,3,9
105266,2024-25,2024-10-16 11:00,2,ESTORM,NCAPE,Willowmoore Park,24351,Amaan Khan,4,0,31,3,7.8
105266,2024-25,2024-10-16 11:00,2,ESTORM,NCAPE,Willowmoore Park,50580,Martin Khumalo,4,0,28,1,7
105266,2024-25,2024-10-16 11:00,2,ESTORM,NCAPE,Willowmoore Park,1431059,Shaveer Khan,4,0,26,0,6.5
105268,2024-25,2024-10-17 11:00,1,KZNIN,SWD,City Oval,11203,Sean Whitehead,3,0,19,0,6.3
105268,2024-25,2024-10-17 11:00,1,KZNIN,SWD,City Oval,10993,Budaza,4,0,25,2,6.2
105268,2024-25,2024-10-17 11:00,1,KZNIN,SWD,City Oval,11204,Abrahams,4,0,22,3,5.5
105268,2024-25,2024-10-17 11:00,1,KZNIN,SWD,City Oval,1431073,Thabiso Ndlela,4,0,21,1,5.2
105268,2024-25,2024-10-17 11:00,1,KZNIN,SWD,City Oval,51686,Sean Gilson,1,0,3,1,3
105268,2024-25,2024-10-17 11:00,1,KZNIN,SWD,City Oval,14767,Marcello Piedt,3,0,23,0,7.7
105268,2024-25,2024-10-17 11:00,1,KZNIN,SWD,City Oval,9779,Nipper,1,0,4,0,4
105268,2024-25,2024-10-17 11:00,2,SWD,KZNIN,City Oval,20448,Kyle Jacobs,2,0,11,0,5.5
105268,2024-25,2024-10-17 11:00,2,SWD,KZNIN,City Oval,20288,Sintu Majeza,3,0,26,0,8.7
105268,2024-25,2024-10-17 11:00,2,SWD,KZNIN,City Oval,15564,Khwezi Gumede,2,0,24,0,12
105268,2024-25,2024-10-17 11:00,2,SWD,KZNIN,City Oval,50808,Liyabona Malife,2,0,13,0,6.5
105268,2024-25,2024-10-17 11:00,2,SWD,KZNIN,City Oval,15918,Tyrese Karelse,2,0,14,0,7
105268,2024-25,2024-10-17 11:00,2,SWD,KZNIN,City Oval,13068,Thomas Kaber,3,0,17,1,5.7
105268,2024-25,2024-10-17 11:00,2,SWD,KZNIN,City Oval,20293,Heath Richards,1,0,9,0,9
105274,2024-25,2024-10-20 11:00,1,KZNIN,ESTORM,Willowmoore Park,9703,Erlank,1,0,9,1,9
105274,2024-25,2024-10-20 11:00,1,KZNIN,ESTORM,Willowmoore Park,10993,Budaza,3,0,21,0,7
105274,2024-25,2024-10-20 11:00,1,KZNIN,ESTORM,Willowmoore Park,11203,Sean Whitehead,4,0,14,2,3.5
105274,2024-25,2024-10-20 11:00,1,KZNIN,ESTORM,Willowmoore Park,11204,Abrahams,3,0,18,3,6
105274,2024-25,2024-10-20 11:00,1,KZNIN,ESTORM,Willowmoore Park,1431073,Thabiso Ndlela,3,1,21,1,7
105274,2024-25,2024-10-20 11:00,1,KZNIN,ESTORM,Willowmoore Park,9779,Nipper,4,0,21,1,5.2
105274,2024-25,2024-10-20 11:00,1,KZNIN,ESTORM,Willowmoore Park,14767,Marcello Piedt,2,0,22,0,11
105274,2024-25,2024-10-20 11:00,2,ESTORM,KZNIN,Willowmoore Park,22046,Divan Posthumus,4,0,26,1,6.5
105274,2024-25,2024-10-20 11:00,2,ESTORM,KZNIN,Willowmoore Park,20623,Tumelo Simelane,4,0,28,0,7
105274,2024-25,2024-10-20 11:00,2,ESTORM,KZNIN,Willowmoore Park,24351,Amaan Khan,4,1,21,0,5.2
105274,2024-25,2024-10-20 11:00,2,ESTORM,KZNIN,Willowmoore Park,50580,Martin Khumalo,3,0,22,1,7.3
105274,2024-25,2024-10-20 11:00,2,ESTORM,KZNIN,Willowmoore Park,1431059,Shaveer Khan,3.2,0,32,1,9.6
136269,2025-26,2025-10-29 10:00,1,KZNIN,TIT,City Oval,9493,Viljoen,4,0,25,1,6.2
136269,2025-26,2025-10-29 10:00,1,KZNIN,TIT,City Oval,10079,Dupavillon,4,0,38,0,9.5
136269,2025-26,2025-10-29 10:00,1,KZNIN,TIT,City Oval,1692,Parnell,4,0,28,3,7
136269,2025-26,2025-10-29 10:00,1,KZNIN,TIT,City Oval,11204,Abrahams,4,0,30,2,7.5
136269,2025-26,2025-10-29 10:00,1,KZNIN,TIT,City Oval,11203,Sean Whitehead,4,0,27,1,6.8
136269,2025-26,2025-10-29 10:00,2,TIT,KZNIN,City Oval,9581,Dayyaan Galiem,3.3,0,17,2,4.9
136269,2025-26,2025-10-29 10:00,2,TIT,KZNIN,City Oval,14308,Neil Brand,3,1,25,2,8.3
136269,2025-26,2025-10-29 10:00,2,TIT,KZNIN,City Oval,18523,Duan Jansen,2,0,34,0,17
136269,2025-26,2025-10-29 10:00,2,TIT,KZNIN,City Oval,10173,Tabraiz Shamsi,4,0,19,1,4.8
136269,2025-26,2025-10-29 10:00,2,TIT,KZNIN,City Oval,1669,Roelof van der Merwe,4,0,12,2,3
136269,2025-26,2025-10-29 10:00,2,TIT,KZNIN,City Oval,10175,Junior Dala,3,0,32,2,10.7
136291,2025-26,2025-10-31 16:00,1,NWEST,BOL,Boland Park,50444,Dian Forrester,2,0,19,0,9.5
136291,2025-26,2025-10-31 16:00,1,NWEST,BOL,Boland Park,11497,Wihan Lubbe,3,0,22,1,7.3
136291,2025-26,2025-10-31 16:00,1,NWEST,BOL,Boland Park,15852,Ruan de Swardt,3,0,30,1,10
136291,2025-26,2025-10-31 16:00,1,NWEST,BOL,Boland Park,13321,Jade de Klerk,4,0,23,1,5.8
136291,2025-26,2025-10-31 16:00,1,NWEST,BOL,Boland Park,12587,Shimane Mothoa,4,0,32,3,8
136291,2025-26,2025-10-31 16:00,1,NWEST,BOL,Boland Park,20526,Caleb Seleka,4,0,19,1,4.8
136291,2025-26,2025-10-31 16:00,2,BOL,NWEST,Boland Park,14687,Imran Manack,4,0,30,3,7.5
136291,2025-26,2025-10-31 16:00,2,BOL,NWEST,Boland Park,14516,Glenton Stuurman,4,0,25,2,6.2
136291,2025-26,2025-10-31 16:00,2,BOL,NWEST,Boland Park,12592,Keith Dudgeon,3,0,21,3,7
136291,2025-26,2025-10-31 16:00,2,BOL,NWEST,Boland Park,19058,Siyabonga Mahima,4,0,23,0,5.8
136291,2025-26,2025-10-31 16:00,2,BOL,NWEST,Boland Park,10194,Ferisco Adams,4,0,32,1,8
136291,2025-26,2025-10-31 16:00,2,BOL,NWEST,Boland Park,9766,Aviwe Mgijima,1,0,5,0,5
136293,2025-26,2025-11-01 10:00,1,KZNIN,DOL,Kingsmead,10079,Dupavillon,4,0,36,0,9
136293,2025-26,2025-11-01 10:00,1,KZNIN,DOL,Kingsmead,1692,Parnell,3,0,49,1,16.3
136293,2025-26,2025-11-01 10:00,1,KZNIN,DOL,Kingsmead,11203,Sean Whitehead,4,0,21,1,5.2
136293,2025-26,2025-11-01 10:00,1,KZNIN,DOL,Kingsmead,11204,Abrahams,4,0,34,1,8.5
136293,2025-26,2025-11-01 10:00,1,KZNIN,DOL,Kingsmead,1431075,Chad Laycock,3,0,29,1,9.7
136293,2025-26,2025-11-01 10:00,1,KZNIN,DOL,Kingsmead,51686,Sean Gilson,2,0,9,1,4.5
136293,2025-26,2025-11-01 10:00,2,DOL,KZNIN,Kingsmead,7668,JJ Smuts,4,0,21,1,5.2
136293,2025-26,2025-11-01 10:00,2,DOL,KZNIN,Kingsmead,11427,Anrich Nortje,4,0,27,2,6.8
136293,2025-26,2025-11-01 10:00,2,DOL,KZNIN,Kingsmead,50972,Tristan Luus,4,0,27,0,6.8
136293,2025-26,2025-11-01 10:00,2,DOL,KZNIN,Kingsmead,53408,Nqobani Mokoena,3,0,38,1,12.7
136293,2025-26,2025-11-01 10:00,2,DOL,KZNIN,Kingsmead,50549,Romashan Pillay,3,0,24,1,8
136293,2025-26,2025-11-01 10:00,2,DOL,KZNIN,Kingsmead,1463617,Aryan Gopalan,2,0,24,0,12
136304,2025-26,2025-11-01 11:30,1,TIT,WAR,SuperSport Park,9581,D Galiem,4,0,29,0,7.2
136304,2025-26,2025-11-01 11:30,1,TIT,WAR,SuperSport Park,14565,Marco Jansen,4,0,29,2,7.2
136304,2025-26,2025-11-01 11:30,1,TIT,WAR,SuperSport Park,10175,Junior Dala,4,0,49,1,12.2
136304,2025-26,2025-11-01 11:30,1,TIT,WAR,SuperSport Park,10173,Shamsi,4,0,30,0,7.5
136304,2025-26,2025-11-01 11:30,1,TIT,WAR,SuperSport Park,9601,Phehlukwayo,2,0,31,0,15.5
136304,2025-26,2025-11-01 11:30,1,TIT,WAR,SuperSport Park,1669,van der Merwe,2,0,18,0,9
136304,2025-26,2025-11-01 11:30,2,WAR,TIT,SuperSport Park,13150,Kerwin Mungroo,4,0,24,3,6
136304,2025-26,2025-11-01 11:30,2,WAR,TIT,SuperSport Park,23341,Matthew Boast,3.1,0,23,4,7.3
136304,2025-26,2025-11-01 11:30,2,WAR,TIT,SuperSport Park,20578,Aphiwe Mnyanda,3,0,22,0,7.3
136304,2025-26,2025-11-01 11:30,2,WAR,TIT,SuperSport Park,53454,Wesley Bedja,4,0,13,1,3.2
136304,2025-26,2025-11-01 11:30,2,WAR,TIT,SuperSport Park,13068,Thomas Kaber,3,0,22,1,7.3
136315,2025-26,2025-11-02 10:00,1,WPR,NWEST,Newlands,9490,B Hendricks,4,0,40,1,10
136315,2025-26,2025-11-02 10:00,1,WPR,NWEST,Newlands,50815,Oliver Whitehead,4,0,41,2,10.2
136315,2025-26,2025-11-02 10:00,1,WPR,NWEST,Newlands,31972,Juan James,1,0,12,0,12
136315,2025-26,2025-11-02 10:00,1,WPR,NWEST,Newlands,13151,Nabe,4,0,31,1,7.8
136315,2025-26,2025-11-02 10:00,1,WPR,NWEST,Newlands,1464101,Mbulelo Dube,4,0,32,1,8
136315,2025-26,2025-11-02 10:00,1,WPR,NWEST,Newlands,1451224,Josh Breed,3,0,23,0,7.7
136315,2025-26,2025-11-02 10:00,2,NWEST,WPR,Newlands,12587,Shimane Alfred Mothoa,3.5,0,34,1,8.9
136315,2025-26,2025-11-02 10:00,2,NWEST,WPR,Newlands,14429,Onke Nyaku,4,0,29,3,7.2
136315,2025-26,2025-11-02 10:00,2,NWEST,WPR,Newlands,50444,Dian Forrester,2,0,28,0,14
136315,2025-26,2025-11-02 10:00,2,NWEST,WPR,Newlands,15852,Ruan de Swardt,2,0,26,1,13
136315,2025-26,2025-11-02 10:00,2,NWEST,WPR,Newlands,20526,Caleb Seleka,3,0,55,0,18.3
136315,2025-26,2025-11-02 10:00,2,NWEST,WPR,Newlands,11497,Wihan Lubbe,2,0,11,1,5.5
136326,2025-26,2025-11-02 11:30,1,LIONS,BOL,The Wanderers Stadium,16433,Beyers Swanepoel,4,0,27,4,6.8
136326,2025-26,2025-11-02 11:30,1,LIONS,BOL,The Wanderers Stadium,14566,Delano Potgieter,2,0,20,0,10
136326,2025-26,2025-11-02 11:30,1,LIONS,BOL,The Wanderers Stadium,1464307,Rafeeq Patel,3,0,28,0,9.3
136326,2025-26,2025-11-02 11:30,1,LIONS,BOL,The Wanderers Stadium,14587,Siya Plaatjie,4,0,31,3,7.8
136326,2025-26,2025-11-02 11:30,1,LIONS,BOL,The Wanderers Stadium,20308,Evan Jones,3,0,16,2,5.3
136326,2025-26,2025-11-02 11:30,1,LIONS,BOL,The Wanderers Stadium,33183,Muhammad Manack,2,0,13,0,6.5
136326,2025-26,2025-11-02 11:30,2,BOL,LIONS,The Wanderers Stadium,14516,Glenton Stuurman,4,0,23,0,5.8
136326,2025-26,2025-11-02 11:30,2,BOL,LIONS,The Wanderers Stadium,13066,Akhona Mnyaka,4,0,19,3,4.8
136326,2025-26,2025-11-02 11:30,2,BOL,LIONS,The Wanderers Stadium,14687,Imran Manack,4,0,27,0,6.8
136326,2025-26,2025-11-02 11:30,2,BOL,LIONS,The Wanderers Stadium,1423887,Lehan Botha,3,0,26,1,8.7
136326,2025-26,2025-11-02 11:30,2,BOL,LIONS,The Wanderers Stadium,9489,Ayabulela Gqamane,2,0,18,1,9
136326,2025-26,2025-11-02 11:30,2,BOL,LIONS,The Wanderers Stadium,10194,Ferisco Adams,3,0,14,1,4.7
136337,2025-26,2025-11-04 16:00,1,WPR,BOL,Boland Park,20583,Asakhe Tsaka,4,0,25,0,6.2
136337,2025-26,2025-11-04 16:00,1,WPR,BOL,Boland Park,9490,B Hendricks,4,0,34,1,8.5
136337,2025-26,2025-11-04 16:00,1,WPR,BOL,Boland Park,50815,Oliver Whitehead,4,0,38,1,9.5
136337,2025-26,2025-11-04 16:00,1,WPR,BOL,Boland Park,13151,Nabe,3,0,35,0,11.7
136337,2025-26,2025-11-04 16:00,1,WPR,BOL,Boland Park,1451224,Josh Breed,4,0,31,3,7.8
136337,2025-26,2025-11-04 16:00,1,WPR,BOL,Boland Park,31972,Juan James,1,0,6,0,6
136337,2025-26,2025-11-04 16:00,2,BOL,WPR,Boland Park,14516,Glenton Stuurman,4,0,20,3,5
136337,2025-26,2025-11-04 16:00,2,BOL,WPR,Boland Park,12592,Keith Dudgeon,3,0,11,3,3.7
136337,2025-26,2025-11-04 16:00,2,BOL,WPR,Boland Park,19058,Siyabonga Mahima,3,0,22,1,7.3
136337,2025-26,2025-11-04 16:00,2,BOL,WPR,Boland Park,14687,Imran Manack,3,0,24,3,8
136337,2025-26,2025-11-04 16:00,2,BOL,WPR,Boland Park,10194,Ferisco Adams,2,0,18,0,9
136337,2025-26,2025-11-04 16:00,2,BOL,WPR,Boland Park,1423887,Lehan Botha,1,0,5,0,5
136348,2025-26,2025-11-06 16:00,1,BOL,TIT,Boland Park,14516,Glenton Stuurman,4,0,16,2,4
136348,2025-26,2025-11-06 16:00,1,BOL,TIT,Boland Park,12592,Keith Dudgeon,4,0,32,1,8
136348,2025-26,2025-11-06 16:00,1,BOL,TIT,Boland Park,14687,Imran Manack,4,1,18,2,4.5
136348,2025-26,2025-11-06 16:00,1,BOL,TIT,Boland Park,19058,Mahima,4,0,32,1,8
136348,2025-26,2025-11-06 16:00,1,BOL,TIT,Boland Park,10194,Ferisco Adams,3,0,24,1,8
136348,2025-26,2025-11-06 16:00,1,BOL,TIT,Boland Park,1423887,Lehan Botha,1,0,3,1,3
136348,2025-26,2025-11-06 16:00,2,TIT,BOL,Boland Park,9581,Dayyaan Galiem,2,0,24,1,12
136348,2025-26,2025-11-06 16:00,2,TIT,BOL,Boland Park,1462705,Janco Smit,2,0,30,0,15
136348,2025-26,2025-11-06 16:00,2,TIT,BOL,Boland Park,1669,Roelof van der Merwe,3,0,21,1,7
136348,2025-26,2025-11-06 16:00,2,TIT,BOL,Boland Park,10175,Junior Dala,2,0,17,0,8.5
136348,2025-26,2025-11-06 16:00,2,TIT,BOL,Boland Park,10173,Tabraiz Shamsi,4,0,34,1,8.5
136348,2025-26,2025-11-06 16:00,2,TIT,BOL,Boland Park,9601,Andile Phehlukwayo,0.4,0,3,0,4.5
136359,2025-26,2025-11-07 15:00,1,WAR,WPR,St George's Park,13150,Mungroo,4,0,26,3,6.5
136359,2025-26,2025-11-07 15:00,1,WAR,WPR,St George's Park,23341,Matthew Boast,4,0,36,0,9
136359,2025-26,2025-11-07 15:00,1,WAR,WPR,St George's Park,20578,Aphiwe Mnyanda,4,0,24,0,6
136359,2025-26,2025-11-07 15:00,1,WAR,WPR,St George's Park,53454,Wesley Bedja,4,0,22,4,5.5
136359,2025-26,2025-11-07 15:00,1,WAR,WPR,St George's Park,13068,Thomas Kaber,4,0,24,1,6
136359,2025-26,2025-11-07 15:00,2,WPR,WAR,St George's Park,9702,Dane Paterson,3,0,31,0,10.3
136359,2025-26,2025-11-07 15:00,2,WPR,WAR,St George's Park,55284,Raeeq Daniels,2,0,23,1,11.5
136359,2025-26,2025-11-07 15:00,2,WPR,WAR,St George's Park,13151,Mthiwekhaya Nabe,3,0,25,1,8.3
136359,2025-26,2025-11-07 15:00,2,WPR,WAR,St George's Park,20583,Asakhe Tsaka,2.3,0,22,0,8.8
136359,2025-26,2025-11-07 15:00,2,WPR,WAR,St George's Park,1451224,Josh Breed,4,0,26,2,6.5
136359,2025-26,2025-11-07 15:00,2,WPR,WAR,St George's Park,50815,Oliver Whitehead,1,0,7,0,7
136370,2025-26,2025-11-07 16:00,1,NWEST,DOL,Senwes Park,14429,Nyaku,3,1,27,1,9
136370,2025-26,2025-11-07 16:00,1,NWEST,DOL,Senwes Park,12587,Shimane Mothoa,4,0,26,3,6.5
136370,2025-26,2025-11-07 16:00,1,NWEST,DOL,Senwes Park,50444,Dian Forrester,3,0,29,1,9.7
136370,2025-26,2025-11-07 16:00,1,NWEST,DOL,Senwes Park,20526,Caleb Seleka,4,0,23,2,5.8
136370,2025-26,2025-11-07 16:00,1,NWEST,DOL,Senwes Park,14583,Achille Cloete,1,0,18,0,18
136370,2025-26,2025-11-07 16:00,1,NWEST,DOL,Senwes Park,11497,Wihan Lubbe,2,0,20,1,10
136370,2025-26,2025-11-07 16:00,2,DOL,NWEST,Senwes Park,13098,Eathan Bosch,3,0,27,4,9
136370,2025-26,2025-11-07 16:00,2,DOL,NWEST,Senwes Park,11427,Anrich Nortje,4,0,18,3,4.5
136370,2025-26,2025-11-07 16:00,2,DOL,NWEST,Senwes Park,50972,Tristan Luus,4,0,20,3,5
136370,2025-26,2025-11-07 16:00,2,DOL,NWEST,Senwes Park,7668,JJ Smuts,2,0,11,0,5.5
136370,2025-26,2025-11-07 16:00,2,DOL,NWEST,Senwes Park,18687,Andile Simelane,2,0,25,0,12.5
136370,2025-26,2025-11-07 16:00,2,DOL,NWEST,Senwes Park,53408,Nqobani Mokoena,2,0,21,0,10.5
136381,2025-26,2025-11-08 11:00,1,LIONS,KZNIN,The Wanderers Stadium,16433,Beyers Swanepoel,4,0,24,2,6
136381,2025-26,2025-11-08 11:00,1,LIONS,KZNIN,The Wanderers Stadium,1464626,Morteza Manack,2,0,14,0,7
136381,2025-26,2025-11-08 11:00,1,LIONS,KZNIN,The Wanderers Stadium,20308,Evan Jones,4,0,25,2,6.2
136381,2025-26,2025-11-08 11:00,1,LIONS,KZNIN,The Wanderers Stadium,1464307,Rafeeq Patel,3,0,27,1,9
136381,2025-26,2025-11-08 11:00,1,LIONS,KZNIN,The Wanderers Stadium,14587,Siya Plaatjie,3,0,48,0,16
136381,2025-26,2025-11-08 11:00,1,LIONS,KZNIN,The Wanderers Stadium,14566,Delano Potgieter,4,0,22,0,5.5
136381,2025-26,2025-11-08 11:00,2,KZNIN,LIONS,The Wanderers Stadium,11203,Sean Whitehead,4,1,26,1,6.5
136381,2025-26,2025-11-08 11:00,2,KZNIN,LIONS,The Wanderers Stadium,10079,Daryn Dupavillon,4,0,30,0,7.5
136381,2025-26,2025-11-08 11:00,2,KZNIN,LIONS,The Wanderers Stadium,11204,Ziyaad Abrahams,4,0,40,1,10
136381,2025-26,2025-11-08 11:00,2,KZNIN,LIONS,The Wanderers Stadium,1692,Wayne Parnell,4,0,29,2,7.2
136381,2025-26,2025-11-08 11:00,2,KZNIN,LIONS,The Wanderers Stadium,51686,Sean Gilson,3,0,23,0,7.7
136381,2025-26,2025-11-08 11:00,2,KZNIN,LIONS,The Wanderers Stadium,13323,Andile Mokgakane,1,0,11,0,11
136403,2025-26,2025-11-09 10:00,1,DOL,WAR,Kingsmead,7668,Smuts,2,0,14,0,7
136403,2025-26,2025-11-09 10:00,1,DOL,WAR,Kingsmead,13098,Eathan Bosch,4,0,11,2,2.8
136403,2025-26,2025-11-09 10:00,1,DOL,WAR,Kingsmead,11427,Nortje,4,1,21,2,5.2
136403,2025-26,2025-11-09 10:00,1,DOL,WAR,Kingsmead,50972,Tristan Luus,3,0,22,1,7.3
136403,2025-26,2025-11-09 10:00,1,DOL,WAR,Kingsmead,18687,Simelane,3.1,0,13,3,4.1
136403,2025-26,2025-11-09 10:00,1,DOL,WAR,Kingsmead,1463617,Aryan Gopalan,3,0,9,2,3
136403,2025-26,2025-11-09 10:00,2,WAR,DOL,Kingsmead,13150,Kerwin Mungroo,3,0,22,0,7.3
136403,2025-26,2025-11-09 10:00,2,WAR,DOL,Kingsmead,53454,Wesley Bedja,4,0,24,0,6
136403,2025-26,2025-11-09 10:00,2,WAR,DOL,Kingsmead,23341,Matthew Boast,1,0,11,0,11
136403,2025-26,2025-11-09 10:00,2,WAR,DOL,Kingsmead,13068,Thomas Kaber,2.2,0,17,0,7.3
136403,2025-26,2025-11-09 10:00,2,WAR,DOL,Kingsmead,41704,JP King,1,0,6,0,6
136403,2025-26,2025-11-09 10:00,2,WAR,DOL,Kingsmead,20578,Aphiwe Mnyanda,3,0,19,3,6.3
136392,2025-26,2025-11-09 11:30,1,TIT,WPR,Newlands,9581,D Galiem,4,0,41,1,10.2
136392,2025-26,2025-11-09 11:30,1,TIT,WPR,Newlands,18523,Duan Jansen,4,0,22,3,5.5
136392,2025-26,2025-11-09 11:30,1,TIT,WPR,Newlands,10175,Junior Dala,2,0,30,0,15
136392,2025-26,2025-11-09 11:30,1,TIT,WPR,Newlands,10173,Shamsi,4,0,50,1,12.5
136392,2025-26,2025-11-09 11:30,1,TIT,WPR,Newlands,1669,van der Merwe,1,0,9,0,9
136392,2025-26,2025-11-09 11:30,1,TIT,WPR,Newlands,14308,Neil Brand,1,0,11,0,11
136392,2025-26,2025-11-09 11:30,1,TIT,WPR,Newlands,9601,Phehlukwayo,4,0,53,1,13.2
136392,2025-26,2025-11-09 11:30,2,WPR,TIT,Newlands,55284,Raeeq Daniels,2,0,21,2,10.5
136392,2025-26,2025-11-09 11:30,2,WPR,TIT,Newlands,9702,Dane Paterson,3,0,32,1,10.7
136392,2025-26,2025-11-09 11:30,2,WPR,TIT,Newlands,50815,Oliver Whitehead,2,0,22,0,11
136392,2025-26,2025-11-09 11:30,2,WPR,TIT,Newlands,20583,Asakhe Tsaka,2.4,0,23,2,8.6
136392,2025-26,2025-11-09 11:30,2,WPR,TIT,Newlands,13151,Mthiwekhaya Nabe,4,0,19,4,4.8
136392,2025-26,2025-11-09 11:30,2,WPR,TIT,Newlands,1451224,Josh Breed,4,0,22,1,5.5
136422,2025-26,2025-11-11 15:00,1,KZNIN,NWEST,Senwes Park,11203,Sean Whitehead,4,0,19,0,4.8
136422,2025-26,2025-11-11 15:00,1,KZNIN,NWEST,Senwes Park,10079,Dupavillon,4,0,30,0,7.5
136422,2025-26,2025-11-11 15:00,1,KZNIN,NWEST,Senwes Park,9493,Viljoen,4,0,47,0,11.8
136422,2025-26,2025-11-11 15:00,1,KZNIN,NWEST,Senwes Park,11204,Abrahams,3,0,36,0,12
136422,2025-26,2025-11-11 15:00,1,KZNIN,NWEST,Senwes Park,51686,Sean Gilson,2,0,22,1,11
136422,2025-26,2025-11-11 15:00,1,KZNIN,NWEST,Senwes Park,9703,Erlank,3,0,17,3,5.7
136422,2025-26,2025-11-11 15:00,2,NWEST,KZNIN,Senwes Park,14429,Onke Nyaku,4,0,29,3,7.2
136422,2025-26,2025-11-11 15:00,2,NWEST,KZNIN,Senwes Park,13321,Jade de Klerk,2,0,9,1,4.5
136422,2025-26,2025-11-11 15:00,2,NWEST,KZNIN,Senwes Park,11497,Wihan Lubbe,4,0,24,0,6
136422,2025-26,2025-11-11 15:00,2,NWEST,KZNIN,Senwes Park,12587,Shimane Alfred Mothoa,4,0,29,0,7.2
136422,2025-26,2025-11-11 15:00,2,NWEST,KZNIN,Senwes Park,15852,Ruan de Swardt,2,0,19,2,9.5
136422,2025-26,2025-11-11 15:00,2,NWEST,KZNIN,Senwes Park,20526,Caleb Seleka,4,0,37,2,9.2
136414,2025-26,2025-11-11 16:00,1,WAR,LIONS,St George's Park,13150,Mungroo,4,0,24,1,6
136414,2025-26,2025-11-11 16:00,1,WAR,LIONS,St George's Park,1431435,Christopher King,3,0,21,2,7
136414,2025-26,2025-11-11 16:00,1,WAR,LIONS,St George's Park,20578,Aphiwe Mnyanda,4,0,42,0,10.5
136414,2025-26,2025-11-11 16:00,1,WAR,LIONS,St George's Park,53454,Wesley Bedja,4,0,21,1,5.2
136414,2025-26,2025-11-11 16:00,1,WAR,LIONS,St George's Park,13068,Thomas Kaber,3,0,25,1,8.3
136414,2025-26,2025-11-11 16:00,1,WAR,LIONS,St George's Park,33183,Muhammad Manack,2,0,11,1,5.5
136414,2025-26,2025-11-11 16:00,2,LIONS,WAR,St George's Park,16433,Beyers Swanepoel,3,0,33,1,11
136414,2025-26,2025-11-11 16:00,2,LIONS,WAR,St George's Park,1464626,Morteza Manack,4,0,27,0,6.8
136414,2025-26,2025-11-11 16:00,2,LIONS,WAR,St George's Park,9491,Reeza Hendricks,1,0,8,0,8
136414,2025-26,2025-11-11 16:00,2,LIONS,WAR,St George's Park,1464673,Wilco de Bruin,4,0,34,1,8.5
136414,2025-26,2025-11-11 16:00,2,LIONS,WAR,St George's Park,1464307,Rafeeq Patel,3,0,25,0,8.3
136414,2025-26,2025-11-11 16:00,2,LIONS,WAR,St George's Park,14587,Siya Plaatjie,2.4,0,24,0,9
136431,2025-26,2025-11-13 11:00,1,WPR,KZNIN,City Oval,55284,Raeeq Daniels,3,0,23,2,7.7
136431,2025-26,2025-11-13 11:00,1,WPR,KZNIN,City Oval,10187,George Linde,4,0,21,2,5.2
136431,2025-26,2025-11-13 11:00,1,WPR,KZNIN,City Oval,22111,Liyema Waqu,2,0,7,1,3.5
136431,2025-26,2025-11-13 11:00,1,WPR,KZNIN,City Oval,13151,Nabe,3,0,22,0,7.3
136431,2025-26,2025-11-13 11:00,1,WPR,KZNIN,City Oval,1451224,Josh Breed,3.4,0,18,2,4.9
136431,2025-26,2025-11-13 11:00,1,WPR,KZNIN,City Oval,1464101,Mbulelo Dube,4,0,9,2,2.2
136431,2025-26,2025-11-13 11:00,2,KZNIN,WPR,City Oval,11203,Sean Whitehead,4,0,22,1,5.5
136431,2025-26,2025-11-13 11:00,2,KZNIN,WPR,City Oval,10079,Daryn Dupavillon,3,0,16,0,5.3
136431,2025-26,2025-11-13 11:00,2,KZNIN,WPR,City Oval,9493,Hardus Viljoen,2,0,14,0,7
136431,2025-26,2025-11-13 11:00,2,KZNIN,WPR,City Oval,14767,Marcello Piedt,1,0,20,0,20
136431,2025-26,2025-11-13 11:00,2,KZNIN,WPR,City Oval,51686,Sean Gilson,3.3,0,23,0,6.6
136431,2025-26,2025-11-13 11:00,2,KZNIN,WPR,City Oval,1431073,Thabiso Ndlela,2,0,14,0,7
136442,2025-26,2025-11-14 15:00,1,DOL,BOL,Boland Park,7668,Smuts,4,0,20,2,5
136442,2025-26,2025-11-14 15:00,1,DOL,BOL,Boland Park,11427,Nortje,4,0,32,1,8
136442,2025-26,2025-11-14 15:00,1,DOL,BOL,Boland Park,13098,Eathan Bosch,3,0,23,2,7.7
136442,2025-26,2025-11-14 15:00,1,DOL,BOL,Boland Park,18687,Simelane,1,0,10,0,10
136442,2025-26,2025-11-14 15:00,1,DOL,BOL,Boland Park,53408,Nqobani Mokoena,1,0,6,1,6
136442,2025-26,2025-11-14 15:00,1,DOL,BOL,Boland Park,1463617,Aryan Gopalan,4,0,27,1,6.8
136442,2025-26,2025-11-14 15:00,1,DOL,BOL,Boland Park,14586,Bryce Parsons,3,0,14,1,4.7
136442,2025-26,2025-11-14 15:00,2,BOL,DOL,Boland Park,14516,Glenton Stuurman,4,0,30,2,7.5
136442,2025-26,2025-11-14 15:00,2,BOL,DOL,Boland Park,14687,Imran Manack,4,0,17,1,4.2
136442,2025-26,2025-11-14 15:00,2,BOL,DOL,Boland Park,12592,Keith Dudgeon,4,0,27,3,6.8
136442,2025-26,2025-11-14 15:00,2,BOL,DOL,Boland Park,10194,Ferisco Adams,4,0,26,1,6.5
136442,2025-26,2025-11-14 15:00,2,BOL,DOL,Boland Park,19058,Siyabonga Mahima,4,0,33,2,8.2
136453,2025-26,2025-11-14 16:00,1,NWEST,TIT,Senwes Park,14429,Nyaku,4,0,33,2,8.2
136453,2025-26,2025-11-14 16:00,1,NWEST,TIT,Senwes Park,11497,Wihan Lubbe,2,0,15,0,7.5
136453,2025-26,2025-11-14 16:00,1,NWEST,TIT,Senwes Park,13321,Jade de Klerk,3,0,36,0,12
136453,2025-26,2025-11-14 16:00,1,NWEST,TIT,Senwes Park,12587,Shimane Mothoa,4,0,34,1,8.5
136453,2025-26,2025-11-14 16:00,1,NWEST,TIT,Senwes Park,15852,Ruan de Swardt,4,0,40,1,10
136453,2025-26,2025-11-14 16:00,1,NWEST,TIT,Senwes Park,20526,Caleb Seleka,3,0,36,0,12
136453,2025-26,2025-11-14 16:00,2,TIT,NWEST,Senwes Park,1669,Roelof van der Merwe,1,0,4,0,4
136453,2025-26,2025-11-14 16:00,2,TIT,NWEST,Senwes Park,9603,Lungi Ngidi,4,0,38,2,9.5
136453,2025-26,2025-11-14 16:00,2,TIT,NWEST,Senwes Park,18523,Duan Jansen,4,0,40,1,10
136453,2025-26,2025-11-14 16:00,2,TIT,NWEST,Senwes Park,8531,Lizaad Williams,4,0,40,1,10
136453,2025-26,2025-11-14 16:00,2,TIT,NWEST,Senwes Park,14798,Donovan Ferreira,3,0,30,1,10
136453,2025-26,2025-11-14 16:00,2,TIT,NWEST,Senwes Park,9581,Dayyaan Galiem,4,0,33,1,8.2
136464,2025-26,2025-11-15 11:00,1,KZNIN,WAR,City Oval,11203,Sean Whitehead,4,0,33,1,8.2
136464,2025-26,2025-11-15 11:00,1,KZNIN,WAR,City Oval,9493,Viljoen,2,0,13,0,6.5
136464,2025-26,2025-11-15 11:00,1,KZNIN,WAR,City Oval,20417,Bamanye Xenxe,4,0,41,4,10.2
136464,2025-26,2025-11-15 11:00,1,KZNIN,WAR,City Oval,14767,Marcello Piedt,2,0,19,0,9.5
136464,2025-26,2025-11-15 11:00,1,KZNIN,WAR,City Oval,1692,Parnell,3,0,39,0,13
136464,2025-26,2025-11-15 11:00,1,KZNIN,WAR,City Oval,1431075,Chad Laycock,1,0,10,0,10
136464,2025-26,2025-11-15 11:00,1,KZNIN,WAR,City Oval,9703,Erlank,4,0,21,2,5.2
136464,2025-26,2025-11-15 11:00,2,WAR,KZNIN,City Oval,13150,Kerwin Mungroo,4,0,27,2,6.8
136464,2025-26,2025-11-15 11:00,2,WAR,KZNIN,City Oval,1431435,Christopher King,3,0,16,2,5.3
136464,2025-26,2025-11-15 11:00,2,WAR,KZNIN,City Oval,53454,Wesley Bedja,3,0,17,1,5.7
136464,2025-26,2025-11-15 11:00,2,WAR,KZNIN,City Oval,20578,Aphiwe Mnyanda,3,0,25,1,8.3
136464,2025-26,2025-11-15 11:00,2,WAR,KZNIN,City Oval,33183,Muhammad Manack,1,0,15,0,15
136464,2025-26,2025-11-15 11:00,2,WAR,KZNIN,City Oval,13068,Thomas Kaber,4,0,16,2,4
136475,2025-26,2025-11-16 11:30,1,WPR,DOL,Newlands,10187,George Linde,4,0,18,1,4.5
136475,2025-26,2025-11-16 11:30,1,WPR,DOL,Newlands,55284,Raeeq Daniels,2,0,8,0,4
136475,2025-26,2025-11-16 11:30,1,WPR,DOL,Newlands,13151,Nabe,3,0,27,0,9
136475,2025-26,2025-11-16 11:30,1,WPR,DOL,Newlands,1464101,Mbulelo Dube,4,0,26,4,6.5
136475,2025-26,2025-11-16 11:30,1,WPR,DOL,Newlands,1451224,Josh Breed,4,0,32,2,8
136475,2025-26,2025-11-16 11:30,1,WPR,DOL,Newlands,31979,Abdullah Bayoumy,3,0,25,0,8.3
136475,2025-26,2025-11-16 11:30,2,DOL,WPR,Newlands,13098,Eathan Bosch,4,0,37,1,9.2
136475,2025-26,2025-11-16 11:30,2,DOL,WPR,Newlands,11427,Anrich Nortje,3.1,0,19,0,6
136475,2025-26,2025-11-16 11:30,2,DOL,WPR,Newlands,53408,Nqobani Mokoena,3,0,29,0,9.7
136475,2025-26,2025-11-16 11:30,2,DOL,WPR,Newlands,7668,JJ Smuts,3,0,11,2,3.7
136475,2025-26,2025-11-16 11:30,2,DOL,WPR,Newlands,18687,Andile Simelane,1,0,17,0,17
136475,2025-26,2025-11-16 11:30,2,DOL,WPR,Newlands,1463617,Aryan Gopalan,1,0,11,0,11
136475,2025-26,2025-11-16 11:30,2,DOL,WPR,Newlands,14586,Bryce Parsons,3,0,14,2,4.7
136508,2025-26,2025-11-19 11:00,1,LIONS,NWEST,The Wanderers Stadium,14587,Siya Plaatjie,4,0,33,1,8.2
136508,2025-26,2025-11-19 11:00,1,LIONS,NWEST,The Wanderers Stadium,16433,Beyers Swanepoel,4,0,55,1,13.8
136508,2025-26,2025-11-19 11:00,1,LIONS,NWEST,The Wanderers Stadium,20308,Evan Jones,4,0,25,2,6.2
136508,2025-26,2025-11-19 11:00,1,LIONS,NWEST,The Wanderers Stadium,1464307,Rafeeq Patel,4,0,26,2,6.5
136508,2025-26,2025-11-19 11:00,1,LIONS,NWEST,The Wanderers Stadium,1464626,Morteza Manack,3,0,21,0,7
136508,2025-26,2025-11-19 11:00,1,LIONS,NWEST,The Wanderers Stadium,9491,Reeza Hendricks,1,0,18,0,18
136508,2025-26,2025-11-19 11:00,2,NWEST,LIONS,The Wanderers Stadium,15852,Ruan de Swardt,4,0,35,2,8.8
136508,2025-26,2025-11-19 11:00,2,NWEST,LIONS,The Wanderers Stadium,14429,Onke Nyaku,3,0,48,0,16
136508,2025-26,2025-11-19 11:00,2,NWEST,LIONS,The Wanderers Stadium,12587,Shimane Alfred Mothoa,4,0,46,1,11.5
136508,2025-26,2025-11-19 11:00,2,NWEST,LIONS,The Wanderers Stadium,13321,Jade de Klerk,4,0,12,3,3
136508,2025-26,2025-11-19 11:00,2,NWEST,LIONS,The Wanderers Stadium,20526,Caleb Seleka,2,0,17,0,8.5
136508,2025-26,2025-11-19 11:00,2,NWEST,LIONS,The Wanderers Stadium,11497,Wihan Lubbe,3,0,21,0,7
136497,2025-26,2025-11-19 16:00,1,BOL,WAR,St George's Park,14516,Glenton Stuurman,4,0,57,0,14.2
136497,2025-26,2025-11-19 16:00,1,BOL,WAR,St George's Park,12592,Keith Dudgeon,4,0,55,1,13.8
136497,2025-26,2025-11-19 16:00,1,BOL,WAR,St George's Park,13066,Akhona Mnyaka,3,0,30,1,10
136497,2025-26,2025-11-19 16:00,1,BOL,WAR,St George's Park,14687,Imran Manack,4,0,24,1,6
136497,2025-26,2025-11-19 16:00,1,BOL,WAR,St George's Park,10194,Ferisco Adams,4,0,31,2,7.8
136497,2025-26,2025-11-19 16:00,1,BOL,WAR,St George's Park,1423887,Lehan Botha,1,0,8,0,8
136497,2025-26,2025-11-19 16:00,2,WAR,BOL,St George's Park,13150,Kerwin Mungroo,2,0,11,0,5.5
136497,2025-26,2025-11-19 16:00,2,WAR,BOL,St George's Park,1431435,Christopher King,2.5,0,16,3,5.6
136497,2025-26,2025-11-19 16:00,2,WAR,BOL,St George's Park,53454,Wesley Bedja,3,0,25,0,8.3
136497,2025-26,2025-11-19 16:00,2,WAR,BOL,St George's Park,20578,Aphiwe Mnyanda,4,0,23,4,5.8
136497,2025-26,2025-11-19 16:00,2,WAR,BOL,St George's Park,41704,JP King,1,0,10,1,10
136497,2025-26,2025-11-19 16:00,2,WAR,BOL,St George's Park,13068,Thomas Kaber,3,0,18,2,6
136519,2025-26,2025-11-21 10:00,1,WPR,LIONS,Newlands,55284,Raeeq Daniels,4,1,25,0,6.2
136519,2025-26,2025-11-21 10:00,1,WPR,LIONS,Newlands,10187,George Linde,4,0,22,0,5.5
136519,2025-26,2025-11-21 10:00,1,WPR,LIONS,Newlands,13151,Nabe,4,0,44,0,11
136519,2025-26,2025-11-21 10:00,1,WPR,LIONS,Newlands,1464101,Mbulelo Dube,4,0,59,1,14.8
136519,2025-26,2025-11-21 10:00,1,WPR,LIONS,Newlands,1451224,Josh Breed,3,0,33,0,11
136519,2025-26,2025-11-21 10:00,1,WPR,LIONS,Newlands,31979,Abdullah Bayoumy,1,0,13,1,13
136519,2025-26,2025-11-21 10:00,2,LIONS,WPR,Newlands,14587,Siya Plaatjie,4,0,30,1,7.5
136519,2025-26,2025-11-21 10:00,2,LIONS,WPR,Newlands,16433,Beyers Swanepoel,4,0,42,1,10.5
136519,2025-26,2025-11-21 10:00,2,LIONS,WPR,Newlands,20308,Evan Jones,4,0,34,2,8.5
136519,2025-26,2025-11-21 10:00,2,LIONS,WPR,Newlands,1464307,Rafeeq Patel,4,0,39,1,9.8
136519,2025-26,2025-11-21 10:00,2,LIONS,WPR,Newlands,9491,Reeza Hendricks,2,0,21,0,10.5
136519,2025-26,2025-11-21 10:00,2,LIONS,WPR,Newlands,1465473,Zakwan Patel,2,0,11,1,5.5
136530,2025-26,2025-11-21 11:30,1,DOL,TIT,SuperSport Park,13098,Eathan Bosch,4,0,49,0,12.2
136530,2025-26,2025-11-21 11:30,1,DOL,TIT,SuperSport Park,11427,Nortje,4,0,47,1,11.8
136530,2025-26,2025-11-21 11:30,1,DOL,TIT,SuperSport Park,50972,Tristan Luus,2,0,32,0,16
136530,2025-26,2025-11-21 11:30,1,DOL,TIT,SuperSport Park,18687,Simelane,3,0,31,0,10.3
136530,2025-26,2025-11-21 11:30,1,DOL,TIT,SuperSport Park,7668,Smuts,3,0,35,0,11.7
136530,2025-26,2025-11-21 11:30,1,DOL,TIT,SuperSport Park,53408,Nqobani Mokoena,3,0,35,1,11.7
136530,2025-26,2025-11-21 11:30,1,DOL,TIT,SuperSport Park,14586,Bryce Parsons,1,0,14,0,14
136530,2025-26,2025-11-21 11:30,2,TIT,DOL,SuperSport Park,18523,Duan Jansen,2,0,16,2,8
136530,2025-26,2025-11-21 11:30,2,TIT,DOL,SuperSport Park,8531,Lizaad Williams,2,0,35,1,17.5
136530,2025-26,2025-11-21 11:30,2,TIT,DOL,SuperSport Park,14798,Donovan Ferreira,1,0,17,0,17
136530,2025-26,2025-11-21 11:30,2,TIT,DOL,SuperSport Park,1669,Roelof van der Merwe,1,0,18,0,18
136530,2025-26,2025-11-21 11:30,2,TIT,DOL,SuperSport Park,9581,Dayyaan Galiem,1,0,17,0,17
136541,2025-26,2025-11-22 11:00,1,KZNIN,BOL,City Oval,10079,Dupavillon,4,0,30,2,7.5
136541,2025-26,2025-11-22 11:00,1,KZNIN,BOL,City Oval,9822,Nofal,4,0,31,0,7.8
136541,2025-26,2025-11-22 11:00,1,KZNIN,BOL,City Oval,11204,Abrahams,4,0,51,2,12.8
136541,2025-26,2025-11-22 11:00,1,KZNIN,BOL,City Oval,20417,Bamanye Xenxe,4,0,26,1,6.5
136541,2025-26,2025-11-22 11:00,1,KZNIN,BOL,City Oval,20287,Renaldo Meyer,4,0,29,1,7.2
136541,2025-26,2025-11-22 11:00,2,BOL,KZNIN,City Oval,14516,Glenton Stuurman,4,0,16,4,4
136541,2025-26,2025-11-22 11:00,2,BOL,KZNIN,City Oval,14687,Imran Manack,4,0,13,2,3.2
136541,2025-26,2025-11-22 11:00,2,BOL,KZNIN,City Oval,12592,Keith Dudgeon,4,0,36,2,9
136541,2025-26,2025-11-22 11:00,2,BOL,KZNIN,City Oval,19058,Siyabonga Mahima,4,0,16,1,4
136541,2025-26,2025-11-22 11:00,2,BOL,KZNIN,City Oval,10194,Ferisco Adams,2,0,14,1,7
136541,2025-26,2025-11-22 11:00,2,BOL,KZNIN,City Oval,9489,Ayabulela Gqamane,2,0,16,0,8
136544,2025-26,2025-11-23 11:00,1,DOL,LIONS,Kingsmead,7668,Smuts,4,0,33,1,8.2
136544,2025-26,2025-11-23 11:00,1,DOL,LIONS,Kingsmead,11427,Nortje,4,0,49,0,12.2
136544,2025-26,2025-11-23 11:00,1,DOL,LIONS,Kingsmead,13098,Eathan Bosch,2,0,20,0,10
136544,2025-26,2025-11-23 11:00,1,DOL,LIONS,Kingsmead,18687,Simelane,3,0,39,1,13
136544,2025-26,2025-11-23 11:00,1,DOL,LIONS,Kingsmead,1450305,Zeden Mahomed,2,0,13,0,6.5
136544,2025-26,2025-11-23 11:00,1,DOL,LIONS,Kingsmead,14586,Bryce Parsons,4,0,28,0,7
136544,2025-26,2025-11-23 11:00,1,DOL,LIONS,Kingsmead,1463617,Aryan Gopalan,1,0,10,0,10
136544,2025-26,2025-11-23 11:00,2,LIONS,DOL,Kingsmead,14587,Siya Plaatjie,4,0,38,0,9.5
136544,2025-26,2025-11-23 11:00,2,LIONS,DOL,Kingsmead,16433,Beyers Swanepoel,3.4,0,48,1,13.1
136544,2025-26,2025-11-23 11:00,2,LIONS,DOL,Kingsmead,20308,Evan Jones,4,0,43,2,10.8
136544,2025-26,2025-11-23 11:00,2,LIONS,DOL,Kingsmead,1465473,Zakwan Patel,4,0,33,2,8.2
136544,2025-26,2025-11-23 11:00,2,LIONS,DOL,Kingsmead,1464307,Rafeeq Patel,4,0,32,2,8
136555,2025-26,2025-11-25 16:00,1,WAR,BOL,Boland Park,13150,Mungroo,3,0,28,0,9.3
136555,2025-26,2025-11-25 16:00,1,WAR,BOL,Boland Park,1431435,Christopher King,4,0,39,0,9.8
136555,2025-26,2025-11-25 16:00,1,WAR,BOL,Boland Park,53454,Wesley Bedja,4,0,42,0,10.5
136555,2025-26,2025-11-25 16:00,1,WAR,BOL,Boland Park,20578,Aphiwe Mnyanda,4,0,25,1,6.2
136555,2025-26,2025-11-25 16:00,1,WAR,BOL,Boland Park,13068,Thomas Kaber,4,0,28,1,7
136555,2025-26,2025-11-25 16:00,1,WAR,BOL,Boland Park,41704,JP King,1,0,7,0,7
136555,2025-26,2025-11-25 16:00,2,BOL,WAR,Boland Park,14516,Glenton Stuurman,4,0,29,1,7.2
136555,2025-26,2025-11-25 16:00,2,BOL,WAR,Boland Park,14687,Imran Manack,4,0,25,3,6.2
136555,2025-26,2025-11-25 16:00,2,BOL,WAR,Boland Park,19058,Siyabonga Mahima,4,0,27,0,6.8
136555,2025-26,2025-11-25 16:00,2,BOL,WAR,Boland Park,10194,Ferisco Adams,4,0,39,1,9.8
136555,2025-26,2025-11-25 16:00,2,BOL,WAR,Boland Park,9489,Ayabulela Gqamane,3,0,31,1,10.3
136555,2025-26,2025-11-25 16:00,2,BOL,WAR,Boland Park,1423887,Lehan Botha,1,0,15,0,15
136566,2025-26,2025-11-26 11:00,1,WPR,DOL,Kingsmead,10187,George Linde,4,1,9,2,2.2
136566,2025-26,2025-11-26 11:00,1,WPR,DOL,Kingsmead,55284,Raeeq Daniels,2,0,11,0,5.5
136566,2025-26,2025-11-26 11:00,1,WPR,DOL,Kingsmead,10679,Tshepo Moreki,3,0,37,2,12.3
136566,2025-26,2025-11-26 11:00,1,WPR,DOL,Kingsmead,12223,Kyle Simmonds,4,0,29,0,7.2
136566,2025-26,2025-11-26 11:00,1,WPR,DOL,Kingsmead,1451224,Josh Breed,4,0,29,1,7.2
136566,2025-26,2025-11-26 11:00,1,WPR,DOL,Kingsmead,1464101,Mbulelo Dube,3,0,25,1,8.3
136566,2025-26,2025-11-26 11:00,2,DOL,WPR,Kingsmead,13098,Eathan Bosch,4,1,21,4,5.2
136566,2025-26,2025-11-26 11:00,2,DOL,WPR,Kingsmead,11427,Anrich Nortje,4,0,20,2,5
136566,2025-26,2025-11-26 11:00,2,DOL,WPR,Kingsmead,14586,Bryce Parsons,4,0,24,0,6
136566,2025-26,2025-11-26 11:00,2,DOL,WPR,Kingsmead,18687,Andile Simelane,4,0,19,1,4.8
136566,2025-26,2025-11-26 11:00,2,DOL,WPR,Kingsmead,50972,Tristan Luus,1,0,14,1,14
136566,2025-26,2025-11-26 11:00,2,DOL,WPR,Kingsmead,1463617,Aryan Gopalan,3,0,22,1,7.3
136588,2025-26,2025-11-30 11:00,1,WAR,BOL,Boland Park,13150,Mungroo,4,0,30,1,7.5
136588,2025-26,2025-11-30 11:00,1,WAR,BOL,Boland Park,11432,Senuran Muthusamy,4,0,23,2,5.8
136588,2025-26,2025-11-30 11:00,1,WAR,BOL,Boland Park,20578,Aphiwe Mnyanda,2,0,14,0,7
136588,2025-26,2025-11-30 11:00,1,WAR,BOL,Boland Park,13068,Thomas Kaber,4,0,18,1,4.5
136588,2025-26,2025-11-30 11:00,1,WAR,BOL,Boland Park,53454,Wesley Bedja,3,0,23,2,7.7
136588,2025-26,2025-11-30 11:00,1,WAR,BOL,Boland Park,11902,Patrick Kruger,3,0,31,0,10.3
136588,2025-26,2025-11-30 11:00,2,BOL,WAR,Boland Park,14516,Glenton Stuurman,4,0,30,0,7.5
136588,2025-26,2025-11-30 11:00,2,BOL,WAR,Boland Park,14687,Imran Manack,4,0,25,0,6.2
136588,2025-26,2025-11-30 11:00,2,BOL,WAR,Boland Park,1423887,Lehan Botha,1,0,17,0,17
136588,2025-26,2025-11-30 11:00,2,BOL,WAR,Boland Park,19058,Siyabonga Mahima,4,0,24,3,6
136588,2025-26,2025-11-30 11:00,2,BOL,WAR,Boland Park,10194,Ferisco Adams,4,0,22,0,5.5
136588,2025-26,2025-11-30 11:00,2,BOL,WAR,Boland Park,9489,Ayabulela Gqamane,3,0,24,1,8
136037,2025-26,2025-10-24 11:00,1,NCAPE,KNG,Diamond Oval,20322,Benjamin Van Rensburg,4,0,36,2,9
136037,2025-26,2025-10-24 11:00,1,NCAPE,KNG,Diamond Oval,10798,Ntuli,4,0,44,1,11
136037,2025-26,2025-10-24 11:00,1,NCAPE,KNG,Diamond Oval,1423883,Ethan Frosler,4,0,55,0,13.8
136037,2025-26,2025-10-24 11:00,1,NCAPE,KNG,Diamond Oval,15921,Odirile Modimokoane,4,0,42,0,10.5
136037,2025-26,2025-10-24 11:00,1,NCAPE,KNG,Diamond Oval,20312,Motlhoaring,4,0,34,1,8.5
136037,2025-26,2025-10-24 11:00,2,KNG,NCAPE,Diamond Oval,20317,Johannes van Dyk,4,0,23,2,5.8
136037,2025-26,2025-10-24 11:00,2,KNG,NCAPE,Diamond Oval,24574,Mbongiseni Mhlanga,4,0,31,2,7.8
136037,2025-26,2025-10-24 11:00,2,KNG,NCAPE,Diamond Oval,10172,Sisanda Magala,1.5,0,12,2,6.5
136037,2025-26,2025-10-24 11:00,2,KNG,NCAPE,Diamond Oval,9708,Malusi Siboto,2,0,12,1,6
136037,2025-26,2025-10-24 11:00,2,KNG,NCAPE,Diamond Oval,9530,Dane Piedt,4,0,26,1,6.5
136037,2025-26,2025-10-24 11:00,2,KNG,NCAPE,Diamond Oval,14552,Jacques Snyman,3,0,11,2,3.7
136040,2025-26,2025-10-25 11:00,1,SWD,LIMPO,Polokwane Cricket Club,50808,Liyabona Malife,4,0,37,1,9.2
136040,2025-26,2025-10-25 11:00,1,SWD,LIMPO,Polokwane Cricket Club,1431313,Banele Cele,2,0,18,1,9
136040,2025-26,2025-10-25 11:00,1,SWD,LIMPO,Polokwane Cricket Club,20566,Liam Alder,4,0,15,1,3.8
136040,2025-26,2025-10-25 11:00,1,SWD,LIMPO,Polokwane Cricket Club,1431291,Zack Momberg,2,0,16,0,8
136040,2025-26,2025-10-25 11:00,1,SWD,LIMPO,Polokwane Cricket Club,15919,Mondli Khumalo,4,0,49,0,12.2
136040,2025-26,2025-10-25 11:00,1,SWD,LIMPO,Polokwane Cricket Club,20448,Kyle Jacobs,4,0,20,1,5
136040,2025-26,2025-10-25 11:00,2,LIMPO,SWD,Polokwane Cricket Club,24629,Atwell Mokgoloboto,4,0,29,0,7.2
136040,2025-26,2025-10-25 11:00,2,LIMPO,SWD,Polokwane Cricket Club,33204,Maphekgola Pootona,3,0,32,1,10.7
136040,2025-26,2025-10-25 11:00,2,LIMPO,SWD,Polokwane Cricket Club,1463082,Matthew Hollard,3,0,31,1,10.3
136040,2025-26,2025-10-25 11:00,2,LIMPO,SWD,Polokwane Cricket Club,20497,Don Radebe,3.2,0,28,0,8.4
136040,2025-26,2025-10-25 11:00,2,LIMPO,SWD,Polokwane Cricket Club,51046,Irvin Modimokoane,3,0,26,0,8.7
136040,2025-26,2025-10-25 11:00,2,LIMPO,SWD,Polokwane Cricket Club,1463980,Richard Williams,2,0,13,0,6.5
136062,2025-26,2025-10-29 11:00,1,BOR,SWD,Recreation Ground,13319,Jason Niemand,1,0,14,0,14
136062,2025-26,2025-10-29 11:00,1,BOR,SWD,Recreation Ground,13324,Thando Ntini,3,0,30,0,10
136062,2025-26,2025-10-29 11:00,1,BOR,SWD,Recreation Ground,34116,Mathew Fourie,3,0,20,0,6.7
136062,2025-26,2025-10-29 11:00,1,BOR,SWD,Recreation Ground,20551,Jan Hardus Coetzer,4,0,36,2,9
136062,2025-26,2025-10-29 11:00,1,BOR,SWD,Recreation Ground,15123,Michael Copeland,1,0,13,0,13
136062,2025-26,2025-10-29 11:00,1,BOR,SWD,Recreation Ground,22061,Alindile Mhletywa,4,0,35,2,8.8
136062,2025-26,2025-10-29 11:00,1,BOR,SWD,Recreation Ground,13394,Kgaudisa Molefe,4,0,11,1,2.8
136062,2025-26,2025-10-29 11:00,2,SWD,BOR,Recreation Ground,50808,Liyabona Malife,3,0,23,0,7.7
136062,2025-26,2025-10-29 11:00,2,SWD,BOR,Recreation Ground,1431313,Banele Cele,2,0,16,0,8
136062,2025-26,2025-10-29 11:00,2,SWD,BOR,Recreation Ground,20566,Liam Alder,4,0,38,2,9.5
136062,2025-26,2025-10-29 11:00,2,SWD,BOR,Recreation Ground,1431291,Zack Momberg,2,0,19,1,9.5
136062,2025-26,2025-10-29 11:00,2,SWD,BOR,Recreation Ground,20448,Kyle Jacobs,4,0,40,1,10
136062,2025-26,2025-10-29 11:00,2,SWD,BOR,Recreation Ground,15919,Mondli Khumalo,2.4,0,21,0,7.9
136073,2025-26,2025-10-29 11:00,1,LIMPO,KNG,Mangaung Oval,1451017,Thabo Mosefowa,3,0,24,0,8
136073,2025-26,2025-10-29 11:00,1,LIMPO,KNG,Mangaung Oval,33204,Maphekgola Pootona,3,0,36,0,12
136073,2025-26,2025-10-29 11:00,1,LIMPO,KNG,Mangaung Oval,1463082,Matthew Hollard,2,0,29,0,14.5
136073,2025-26,2025-10-29 11:00,1,LIMPO,KNG,Mangaung Oval,51046,Irvin Modimokoane,4,0,34,2,8.5
136073,2025-26,2025-10-29 11:00,1,LIMPO,KNG,Mangaung Oval,24629,Atwell Mokgoloboto,4,0,27,1,6.8
136073,2025-26,2025-10-29 11:00,1,LIMPO,KNG,Mangaung Oval,50997,Emmanuel Motswiri,3,0,38,0,12.7
136073,2025-26,2025-10-29 11:00,1,LIMPO,KNG,Mangaung Oval,20458,Ludwig Kaestner,1,0,9,1,9
136073,2025-26,2025-10-29 11:00,2,KNG,LIMPO,Mangaung Oval,20317,Johannes van Dyk,1,0,26,2,26
136073,2025-26,2025-10-29 11:00,2,KNG,LIMPO,Mangaung Oval,14552,Jacques Snyman,2,0,9,0,4.5
136073,2025-26,2025-10-29 11:00,2,KNG,LIMPO,Mangaung Oval,24574,Mbongiseni Mhlanga,4,0,23,0,5.8
136073,2025-26,2025-10-29 11:00,2,KNG,LIMPO,Mangaung Oval,9708,Malusi Siboto,1,0,2,1,2
136073,2025-26,2025-10-29 11:00,2,KNG,LIMPO,Mangaung Oval,13523,Sithembile Langa,1,0,13,0,13
136073,2025-26,2025-10-29 11:00,2,KNG,LIMPO,Mangaung Oval,9530,Dane Piedt,3,0,14,2,4.7
136073,2025-26,2025-10-29 11:00,2,KNG,LIMPO,Mangaung Oval,1464059,Ross Boast,2.5,0,12,5,4.2
136093,2025-26,2025-11-01 11:00,1,ESTORM,MPR,"Uplands College, White River",18582,Andrew Rasemene,4,0,31,1,7.8
136093,2025-26,2025-11-01 11:00,1,ESTORM,MPR,"Uplands College, White River",20623,Tumelo Simelane,4,1,13,0,3.2
136093,2025-26,2025-11-01 11:00,1,ESTORM,MPR,"Uplands College, White River",24351,Amaan Khan,4,1,28,4,7
136093,2025-26,2025-11-01 11:00,1,ESTORM,MPR,"Uplands College, White River",1431059,Shaveer Khan,4,0,20,1,5
136093,2025-26,2025-11-01 11:00,1,ESTORM,MPR,"Uplands College, White River",20303,Ernest Kemm,4,0,23,1,5.8
136093,2025-26,2025-11-01 11:00,2,MPR,ESTORM,"Uplands College, White River",20392,Jon Hinrichsen,4,0,16,0,4
136093,2025-26,2025-11-01 11:00,2,MPR,ESTORM,"Uplands College, White River",33113,Tetelo Maphaka,4,0,25,1,6.2
136093,2025-26,2025-11-01 11:00,2,MPR,ESTORM,"Uplands College, White River",1463229,Ricus Kramm,4,0,33,3,8.2
136093,2025-26,2025-11-01 11:00,2,MPR,ESTORM,"Uplands College, White River",13325,Hermann Rolfes,1.4,0,15,0,9
136093,2025-26,2025-11-01 11:00,2,MPR,ESTORM,"Uplands College, White River",10797,Aubrey Swanepoel,2,0,14,0,7
136093,2025-26,2025-11-01 11:00,2,MPR,ESTORM,"Uplands College, White River",1463716,Bryn Brokensha,4,0,12,5,3
136092,2025-26,2025-11-01 11:00,1,BOR,KNG,Buffalo Park,13324,Thando Ntini,4,1,21,1,5.2
136092,2025-26,2025-11-01 11:00,1,BOR,KNG,Buffalo Park,20551,Jan Hardus Coetzer,4,0,22,1,5.5
136092,2025-26,2025-11-01 11:00,1,BOR,KNG,Buffalo Park,22061,Alindile Mhletywa,4,0,18,2,4.5
136092,2025-26,2025-11-01 11:00,1,BOR,KNG,Buffalo Park,50454,Thozama Totana,4,0,21,2,5.2
136092,2025-26,2025-11-01 11:00,1,BOR,KNG,Buffalo Park,13394,Kgaudisa Molefe,4,0,28,1,7
136092,2025-26,2025-11-01 11:00,2,KNG,BOR,Buffalo Park,13523,Sithembile Langa,3,0,25,0,8.3
136092,2025-26,2025-11-01 11:00,2,KNG,BOR,Buffalo Park,9708,Malusi Siboto,3,0,21,0,7
136092,2025-26,2025-11-01 11:00,2,KNG,BOR,Buffalo Park,24574,Mbongiseni Mhlanga,3.1,0,26,0,8.2
136092,2025-26,2025-11-01 11:00,2,KNG,BOR,Buffalo Park,1464059,Ross Boast,2,0,14,2,7
136092,2025-26,2025-11-01 11:00,2,KNG,BOR,Buffalo Park,9530,Dane Piedt,4,0,15,3,3.8
136092,2025-26,2025-11-01 11:00,2,KNG,BOR,Buffalo Park,14552,Jacques Snyman,1,0,11,1,11
136104,2025-26,2025-11-02 11:00,1,NCAPE,SWD,Diamond Oval,10798,Ntuli,2,0,17,0,8.5
136104,2025-26,2025-11-02 11:00,1,NCAPE,SWD,Diamond Oval,20322,Benjamin Van Rensburg,4,0,35,1,8.8
136104,2025-26,2025-11-02 11:00,1,NCAPE,SWD,Diamond Oval,1423883,Ethan Frosler,2,0,17,0,8.5
136104,2025-26,2025-11-02 11:00,1,NCAPE,SWD,Diamond Oval,9709,Terblanche,4,0,34,2,8.5
136104,2025-26,2025-11-02 11:00,1,NCAPE,SWD,Diamond Oval,20312,Motlhoaring,4,0,34,1,8.5
136104,2025-26,2025-11-02 11:00,1,NCAPE,SWD,Diamond Oval,1463916,Ruan Van Rooyen,4,0,27,0,6.8
136104,2025-26,2025-11-02 11:00,2,SWD,NCAPE,Diamond Oval,1431313,Banele Cele,3,0,22,0,7.3
136104,2025-26,2025-11-02 11:00,2,SWD,NCAPE,Diamond Oval,1431291,Zack Momberg,3,0,25,3,8.3
136104,2025-26,2025-11-02 11:00,2,SWD,NCAPE,Diamond Oval,20566,Liam Alder,4,0,31,2,7.8
136104,2025-26,2025-11-02 11:00,2,SWD,NCAPE,Diamond Oval,15919,Mondli Khumalo,3.3,0,20,3,5.7
136104,2025-26,2025-11-02 11:00,2,SWD,NCAPE,Diamond Oval,20448,Kyle Jacobs,2,0,17,0,8.5
136104,2025-26,2025-11-02 11:00,2,SWD,NCAPE,Diamond Oval,50808,Liyabona Malife,3,0,17,0,5.7
136115,2025-26,2025-11-03 11:00,1,BOR,ESTORM,Willowmoore Park,13324,Thando Ntini,4,0,26,1,6.5
136115,2025-26,2025-11-03 11:00,1,BOR,ESTORM,Willowmoore Park,20551,Jan Hardus Coetzer,4,0,23,1,5.8
136115,2025-26,2025-11-03 11:00,1,BOR,ESTORM,Willowmoore Park,22061,Alindile Mhletywa,4,0,36,2,9
136115,2025-26,2025-11-03 11:00,1,BOR,ESTORM,Willowmoore Park,50454,Thozama Totana,4,0,21,2,5.2
136115,2025-26,2025-11-03 11:00,1,BOR,ESTORM,Willowmoore Park,13394,Kgaudisa Molefe,4,0,28,0,7
136115,2025-26,2025-11-03 11:00,2,ESTORM,BOR,Willowmoore Park,20623,Tumelo Simelane,4,0,26,3,6.5
136115,2025-26,2025-11-03 11:00,2,ESTORM,BOR,Willowmoore Park,18582,Andrew Rasemene,4,0,29,2,7.2
136115,2025-26,2025-11-03 11:00,2,ESTORM,BOR,Willowmoore Park,24351,Amaan Khan,3,0,15,0,5
136115,2025-26,2025-11-03 11:00,2,ESTORM,BOR,Willowmoore Park,20303,Ernest Kemm,4,0,34,0,8.5
136115,2025-26,2025-11-03 11:00,2,ESTORM,BOR,Willowmoore Park,33197,Mekyle Pillay,3,0,31,0,10.3
136137,2025-26,2025-11-05 11:00,1,KNG,MPR,"Uplands College, White River",20317,Johan van Dyk,4,0,45,2,11.2
136137,2025-26,2025-11-05 11:00,1,KNG,MPR,"Uplands College, White River",13523,S Langa,2,0,34,0,17
136137,2025-26,2025-11-05 11:00,1,KNG,MPR,"Uplands College, White River",9708,Siboto,4,0,31,2,7.8
136137,2025-26,2025-11-05 11:00,1,KNG,MPR,"Uplands College, White River",24574,Mbongiseni Mhlanga,4,0,18,1,4.5
136137,2025-26,2025-11-05 11:00,1,KNG,MPR,"Uplands College, White River",14552,Snyman,2,0,16,0,8
136137,2025-26,2025-11-05 11:00,1,KNG,MPR,"Uplands College, White River",1464296,Ruben du Toit,3,0,21,1,7
136137,2025-26,2025-11-05 11:00,1,KNG,MPR,"Uplands College, White River",1451116,Seth Fledermaus,1,0,6,0,6
136137,2025-26,2025-11-05 11:00,2,MPR,KNG,"Uplands College, White River",20362,Gareth Dukes,4,0,30,2,7.5
136137,2025-26,2025-11-05 11:00,2,MPR,KNG,"Uplands College, White River",33113,Tetelo Maphaka,4,0,26,1,6.5
136137,2025-26,2025-11-05 11:00,2,MPR,KNG,"Uplands College, White River",20392,Jon Hinrichsen,3.5,0,41,2,10.7
136137,2025-26,2025-11-05 11:00,2,MPR,KNG,"Uplands College, White River",10797,Aubrey Swanepoel,4,0,31,0,7.8
136137,2025-26,2025-11-05 11:00,2,MPR,KNG,"Uplands College, White River",13325,Hermann Rolfes,3,0,29,1,9.7
136137,2025-26,2025-11-05 11:00,2,MPR,KNG,"Uplands College, White River",1463716,Bryn Brokensha,1,0,23,0,23
136156,2025-26,2025-11-08 11:00,1,BOR,LIMPO,Polokwane Cricket Club,13324,Thando Ntini,3,0,22,0,7.3
136156,2025-26,2025-11-08 11:00,1,BOR,LIMPO,Polokwane Cricket Club,20551,Jan Hardus Coetzer,4,0,25,0,6.2
136156,2025-26,2025-11-08 11:00,1,BOR,LIMPO,Polokwane Cricket Club,22061,Alindile Mhletywa,3,0,38,2,12.7
136156,2025-26,2025-11-08 11:00,1,BOR,LIMPO,Polokwane Cricket Club,51644,Lihle Sizani,3,0,23,1,7.7
136156,2025-26,2025-11-08 11:00,1,BOR,LIMPO,Polokwane Cricket Club,50454,Thozama Totana,4,0,30,3,7.5
136156,2025-26,2025-11-08 11:00,1,BOR,LIMPO,Polokwane Cricket Club,13394,Kgaudisa Molefe,3,0,20,0,6.7
136156,2025-26,2025-11-08 11:00,2,LIMPO,BOR,Polokwane Cricket Club,33204,Maphekgola Pootona,3,0,14,0,4.7
136156,2025-26,2025-11-08 11:00,2,LIMPO,BOR,Polokwane Cricket Club,24629,Atwell Mokgoloboto,4,0,24,2,6
136156,2025-26,2025-11-08 11:00,2,LIMPO,BOR,Polokwane Cricket Club,1451017,Thabo Mosefowa,2,0,22,0,11
136156,2025-26,2025-11-08 11:00,2,LIMPO,BOR,Polokwane Cricket Club,51046,Irvin Modimokoane,4,0,27,3,6.8
136156,2025-26,2025-11-08 11:00,2,LIMPO,BOR,Polokwane Cricket Club,55638,Kyle Landsberg,3,0,12,2,4
136156,2025-26,2025-11-08 11:00,2,LIMPO,BOR,Polokwane Cricket Club,20458,Ludwig Kaestner,2,0,15,0,7.5
136156,2025-26,2025-11-08 11:00,2,LIMPO,BOR,Polokwane Cricket Club,50997,Emmanuel Motswiri,1.1,0,11,1,9.4
136148,2025-26,2025-11-08 11:00,1,SWD,MPR,Recreation Ground,1431291,Zack Momberg,3,0,22,0,7.3
136148,2025-26,2025-11-08 11:00,1,SWD,MPR,Recreation Ground,20566,Liam Alder,4,0,26,3,6.5
136148,2025-26,2025-11-08 11:00,1,SWD,MPR,Recreation Ground,1431313,Banele Cele,3,0,15,1,5
136148,2025-26,2025-11-08 11:00,1,SWD,MPR,Recreation Ground,15919,Mondli Khumalo,4,0,27,1,6.8
136148,2025-26,2025-11-08 11:00,1,SWD,MPR,Recreation Ground,20448,Kyle Jacobs,3,0,11,1,3.7
136148,2025-26,2025-11-08 11:00,1,SWD,MPR,Recreation Ground,50808,Liyabona Malife,3,0,23,1,7.7
136148,2025-26,2025-11-08 11:00,2,MPR,SWD,Recreation Ground,20362,Gareth Dukes,2,0,17,1,8.5
136148,2025-26,2025-11-08 11:00,2,MPR,SWD,Recreation Ground,33113,Tetelo Maphaka,3,0,29,0,9.7
136148,2025-26,2025-11-08 11:00,2,MPR,SWD,Recreation Ground,20392,Jon Hinrichsen,2,0,11,0,5.5
136148,2025-26,2025-11-08 11:00,2,MPR,SWD,Recreation Ground,13099,Smangaliso Nhlebela,3.1,0,25,1,7.9
136148,2025-26,2025-11-08 11:00,2,MPR,SWD,Recreation Ground,13325,Hermann Rolfes,3,0,22,1,7.3
136148,2025-26,2025-11-08 11:00,2,MPR,SWD,Recreation Ground,10797,Aubrey Swanepoel,2,0,14,2,7
136148,2025-26,2025-11-08 11:00,2,MPR,SWD,Recreation Ground,1463716,Bryn Brokensha,1,0,10,0,10
136167,2025-26,2025-11-09 11:00,1,ESTORM,KNG,Mangaung Oval,20623,Tumelo Simelane,2,0,22,0,11
136167,2025-26,2025-11-09 11:00,1,ESTORM,KNG,Mangaung Oval,18582,Andrew Rasemene,2,0,25,0,12.5
136167,2025-26,2025-11-09 11:00,1,ESTORM,KNG,Mangaung Oval,24351,Amaan Khan,1.1,0,14,0,12
136167,2025-26,2025-11-09 11:00,1,ESTORM,KNG,Mangaung Oval,20591,Jurie Snyman,2,0,16,0,8
136167,2025-26,2025-11-09 11:00,1,ESTORM,KNG,Mangaung Oval,1464659,Kaylan Archary,2,0,14,0,7
136167,2025-26,2025-11-09 11:00,1,ESTORM,KNG,Mangaung Oval,31925,Juan Lubbe,2,0,15,0,7.5
136167,2025-26,2025-11-09 11:00,2,KNG,ESTORM,Mangaung Oval,24574,Mbongiseni Mhlanga,2,0,25,0,12.5
136167,2025-26,2025-11-09 11:00,2,KNG,ESTORM,Mangaung Oval,10172,Sisanda Magala,2,0,12,4,6
136167,2025-26,2025-11-09 11:00,2,KNG,ESTORM,Mangaung Oval,14552,Jacques Snyman,1,0,14,1,14
136167,2025-26,2025-11-09 11:00,2,KNG,ESTORM,Mangaung Oval,9708,Malusi Siboto,1,0,11,0,11
136178,2025-26,2025-11-12 11:00,1,ESTORM,SWD,Recreation Ground,20623,Tumelo Simelane,3,0,21,1,7
136178,2025-26,2025-11-12 11:00,1,ESTORM,SWD,Recreation Ground,18582,Andrew Rasemene,4,0,36,1,9
136178,2025-26,2025-11-12 11:00,1,ESTORM,SWD,Recreation Ground,24351,Amaan Khan,4,0,38,1,9.5
136178,2025-26,2025-11-12 11:00,1,ESTORM,SWD,Recreation Ground,1464659,Kaylan Archary,4,0,41,1,10.2
136178,2025-26,2025-11-12 11:00,1,ESTORM,SWD,Recreation Ground,20303,Ernest Kemm,3,0,24,2,8
136178,2025-26,2025-11-12 11:00,1,ESTORM,SWD,Recreation Ground,20591,Jurie Snyman,2,0,9,0,4.5
136178,2025-26,2025-11-12 11:00,2,SWD,ESTORM,Recreation Ground,1463245,Jade Richter,4,0,26,2,6.5
136178,2025-26,2025-11-12 11:00,2,SWD,ESTORM,Recreation Ground,20566,Liam Alder,4,0,27,0,6.8
136178,2025-26,2025-11-12 11:00,2,SWD,ESTORM,Recreation Ground,1431313,Banele Cele,3.1,0,30,0,9.5
136178,2025-26,2025-11-12 11:00,2,SWD,ESTORM,Recreation Ground,1431291,Zack Momberg,1,0,17,0,17
136178,2025-26,2025-11-12 11:00,2,SWD,ESTORM,Recreation Ground,15919,Mondli Khumalo,3,0,37,0,12.3
136178,2025-26,2025-11-12 11:00,2,SWD,ESTORM,Recreation Ground,20448,Kyle Jacobs,4,0,41,2,10.2
136189,2025-26,2025-11-12 11:00,1,NCAPE,BOR,Buffalo Park,20322,Benjamin Van Rensburg,4,0,28,1,7
136189,2025-26,2025-11-12 11:00,1,NCAPE,BOR,Buffalo Park,1463916,Ruan Van Rooyen,4,0,27,1,6.8
136189,2025-26,2025-11-12 11:00,1,NCAPE,BOR,Buffalo Park,20312,Motlhoaring,2,0,27,0,13.5
136189,2025-26,2025-11-12 11:00,1,NCAPE,BOR,Buffalo Park,9709,Terblanche,4,0,41,1,10.2
136189,2025-26,2025-11-12 11:00,1,NCAPE,BOR,Buffalo Park,1423883,Ethan Frosler,2,0,16,0,8
136189,2025-26,2025-11-12 11:00,1,NCAPE,BOR,Buffalo Park,10798,Ntuli,4,0,34,1,8.5
136189,2025-26,2025-11-12 11:00,2,BOR,NCAPE,Buffalo Park,13324,Thando Ntini,4,0,16,2,4
136189,2025-26,2025-11-12 11:00,2,BOR,NCAPE,Buffalo Park,20551,Jan Hardus Coetzer,4,0,31,1,7.8
136189,2025-26,2025-11-12 11:00,2,BOR,NCAPE,Buffalo Park,22061,Alindile Mhletywa,3,0,28,1,9.3
136189,2025-26,2025-11-12 11:00,2,BOR,NCAPE,Buffalo Park,13394,Kgaudisa Molefe,4,0,14,1,3.5
136189,2025-26,2025-11-12 11:00,2,BOR,NCAPE,Buffalo Park,50454,Thozama Totana,4,0,18,2,4.5
136189,2025-26,2025-11-12 11:00,2,BOR,NCAPE,Buffalo Park,15123,Michael Copeland,1,0,4,1,4
136200,2025-26,2025-11-12 11:00,1,LIMPO,MPR,"Uplands College, White River",33204,Maphekgola Pootona,4,0,16,1,4
136200,2025-26,2025-11-12 11:00,1,LIMPO,MPR,"Uplands College, White River",24629,Atwell Mokgoloboto,4,0,13,3,3.2
136200,2025-26,2025-11-12 11:00,1,LIMPO,MPR,"Uplands College, White River",51046,Irvin Modimokoane,4,0,38,1,9.5
136200,2025-26,2025-11-12 11:00,1,LIMPO,MPR,"Uplands College, White River",55638,Kyle Landsberg,4,0,29,0,7.2
136200,2025-26,2025-11-12 11:00,1,LIMPO,MPR,"Uplands College, White River",50997,Emmanuel Motswiri,3.4,0,27,4,7.4
136200,2025-26,2025-11-12 11:00,2,MPR,LIMPO,"Uplands College, White River",33113,Tetelo Maphaka,1,0,1,0,1
136200,2025-26,2025-11-12 11:00,2,MPR,LIMPO,"Uplands College, White River",20362,Gareth Dukes,3,0,24,1,8
136200,2025-26,2025-11-12 11:00,2,MPR,LIMPO,"Uplands College, White River",20392,Jon Hinrichsen,4,0,13,2,3.2
136200,2025-26,2025-11-12 11:00,2,MPR,LIMPO,"Uplands College, White River",10797,Aubrey Swanepoel,4,0,18,2,4.5
136200,2025-26,2025-11-12 11:00,2,MPR,LIMPO,"Uplands College, White River",13325,Hermann Rolfes,4,0,24,0,6
136200,2025-26,2025-11-12 11:00,2,MPR,LIMPO,"Uplands College, White River",13099,Smangaliso Nhlebela,1,0,6,1,6
136200,2025-26,2025-11-12 11:00,2,MPR,LIMPO,"Uplands College, White River",1463716,Bryn Brokensha,3,0,24,1,8
136224,2025-26,2025-11-15 11:00,1,ESTORM,LIMPO,Willowmoore Park,20623,Tumelo Simelane,4,0,13,3,3.2
136224,2025-26,2025-11-15 11:00,1,ESTORM,LIMPO,Willowmoore Park,18582,Andrew Rasemene,4,0,22,2,5.5
136224,2025-26,2025-11-15 11:00,1,ESTORM,LIMPO,Willowmoore Park,24351,Amaan Khan,3,0,31,1,10.3
136224,2025-26,2025-11-15 11:00,1,ESTORM,LIMPO,Willowmoore Park,20303,Ernest Kemm,3,0,10,0,3.3
136224,2025-26,2025-11-15 11:00,1,ESTORM,LIMPO,Willowmoore Park,1431059,Shaveer Khan,2,0,16,0,8
136224,2025-26,2025-11-15 11:00,1,ESTORM,LIMPO,Willowmoore Park,20591,Jurie Snyman,1,0,5,1,5
136224,2025-26,2025-11-15 11:00,2,LIMPO,ESTORM,Willowmoore Park,24629,Atwell Mokgoloboto,1,0,15,0,15
136224,2025-26,2025-11-15 11:00,2,LIMPO,ESTORM,Willowmoore Park,33204,Maphekgola Pootona,1.1,0,7,0,6
136224,2025-26,2025-11-15 11:00,2,LIMPO,ESTORM,Willowmoore Park,51046,Irvin Modimokoane,1,0,10,0,10
136224,2025-26,2025-11-15 11:00,2,LIMPO,ESTORM,Willowmoore Park,20497,Don Radebe,2,0,15,2,7.5
136224,2025-26,2025-11-15 11:00,2,LIMPO,ESTORM,Willowmoore Park,50997,Emmanuel Motswiri,1,0,8,0,8
136235,2025-26,2025-11-18 11:00,1,KNG,BOR,Mangaung Oval,10172,Magala,3,0,25,1,8.3
136235,2025-26,2025-11-18 11:00,1,KNG,BOR,Mangaung Oval,9708,Siboto,3,0,19,0,6.3
136235,2025-26,2025-11-18 11:00,1,KNG,BOR,Mangaung Oval,24574,Mbongiseni Mhlanga,4,0,20,3,5
136235,2025-26,2025-11-18 11:00,1,KNG,BOR,Mangaung Oval,20317,Johan van Dyk,3,0,28,0,9.3
136235,2025-26,2025-11-18 11:00,1,KNG,BOR,Mangaung Oval,1464296,Ruben du Toit,4,0,33,2,8.2
136235,2025-26,2025-11-18 11:00,1,KNG,BOR,Mangaung Oval,14552,Snyman,2,1,5,0,2.5
136235,2025-26,2025-11-18 11:00,1,KNG,BOR,Mangaung Oval,1451116,Seth Fledermaus,1,0,4,1,4
136235,2025-26,2025-11-18 11:00,2,BOR,KNG,Mangaung Oval,51644,Lihle Sizani,2,0,13,1,6.5
136235,2025-26,2025-11-18 11:00,2,BOR,KNG,Mangaung Oval,20551,Jan Hardus Coetzer,2,0,20,0,10
136235,2025-26,2025-11-18 11:00,2,BOR,KNG,Mangaung Oval,22061,Alindile Mhletywa,2,0,25,0,12.5
136235,2025-26,2025-11-18 11:00,2,BOR,KNG,Mangaung Oval,50454,Thozama Totana,3,0,6,1,2
136235,2025-26,2025-11-18 11:00,2,BOR,KNG,Mangaung Oval,13394,Kgaudisa Molefe,2.4,0,8,0,3
136246,2025-26,2025-11-19 11:00,1,MPR,SWD,Recreation Ground,20362,Gareth Dukes,3,0,29,0,9.7
136246,2025-26,2025-11-19 11:00,1,MPR,SWD,Recreation Ground,33113,Tetelo Maphaka,1,0,13,0,13
136246,2025-26,2025-11-19 11:00,1,MPR,SWD,Recreation Ground,20392,Hinrichsen,4,0,33,1,8.2
136246,2025-26,2025-11-19 11:00,1,MPR,SWD,Recreation Ground,13325,Hermann Rolfes,4,0,23,2,5.8
136246,2025-26,2025-11-19 11:00,1,MPR,SWD,Recreation Ground,10797,Swanepoel,4,0,17,1,4.2
136246,2025-26,2025-11-19 11:00,1,MPR,SWD,Recreation Ground,1463716,Bryn Brokensha,3,0,23,1,7.7
136246,2025-26,2025-11-19 11:00,1,MPR,SWD,Recreation Ground,13099,Smangaliso Nhlebela,1,0,13,0,13
136246,2025-26,2025-11-19 11:00,2,SWD,MPR,Recreation Ground,1463245,Jade Richter,4,0,37,1,9.2
136246,2025-26,2025-11-19 11:00,2,SWD,MPR,Recreation Ground,20566,Liam Alder,4,1,7,3,1.8
136246,2025-26,2025-11-19 11:00,2,SWD,MPR,Recreation Ground,1431313,Banele Cele,4,0,19,2,4.8
136246,2025-26,2025-11-19 11:00,2,SWD,MPR,Recreation Ground,50808,Liyabona Malife,2.2,0,7,1,3
136246,2025-26,2025-11-19 11:00,2,SWD,MPR,Recreation Ground,20448,Kyle Jacobs,2,0,11,0,5.5
136246,2025-26,2025-11-19 11:00,2,SWD,MPR,Recreation Ground,15919,Mondli Khumalo,3,0,24,3,8
136257,2025-26,2025-11-21 11:00,1,SWD,BOR,Buffalo Park,1463245,Jade Richter,4,0,24,3,6
136257,2025-26,2025-11-21 11:00,1,SWD,BOR,Buffalo Park,20566,Liam Alder,4,0,24,0,6
136257,2025-26,2025-11-21 11:00,1,SWD,BOR,Buffalo Park,1431313,Banele Cele,3,0,29,0,9.7
136257,2025-26,2025-11-21 11:00,1,SWD,BOR,Buffalo Park,50808,Liyabona Malife,4,0,29,0,7.2
136257,2025-26,2025-11-21 11:00,1,SWD,BOR,Buffalo Park,20448,Kyle Jacobs,2,0,19,1,9.5
136257,2025-26,2025-11-21 11:00,1,SWD,BOR,Buffalo Park,15919,Mondli Khumalo,3,0,30,0,10
136257,2025-26,2025-11-21 11:00,2,BOR,SWD,Buffalo Park,13324,Thando Ntini,4,0,16,4,4
136257,2025-26,2025-11-21 11:00,2,BOR,SWD,Buffalo Park,20551,Jan Hardus Coetzer,4,1,32,1,8
136257,2025-26,2025-11-21 11:00,2,BOR,SWD,Buffalo Park,22061,Alindile Mhletywa,4,0,23,3,5.8
136257,2025-26,2025-11-21 11:00,2,BOR,SWD,Buffalo Park,50454,Thozama Totana,4,0,32,1,8
136257,2025-26,2025-11-21 11:00,2,BOR,SWD,Buffalo Park,13394,Kgaudisa Molefe,4,0,22,0,5.5
136268,2025-26,2025-11-23 11:00,1,BOR,KNG,Mangaung Oval,13324,Thando Ntini,3,0,26,1,8.7
136268,2025-26,2025-11-23 11:00,1,BOR,KNG,Mangaung Oval,20551,Jan Hardus Coetzer,3,0,36,0,12
136268,2025-26,2025-11-23 11:00,1,BOR,KNG,Mangaung Oval,22061,Alindile Mhletywa,4,0,31,2,7.8
136268,2025-26,2025-11-23 11:00,1,BOR,KNG,Mangaung Oval,13394,Kgaudisa Molefe,4,0,18,2,4.5
136268,2025-26,2025-11-23 11:00,1,BOR,KNG,Mangaung Oval,50454,Thozama Totana,2,0,20,1,10
136268,2025-26,2025-11-23 11:00,1,BOR,KNG,Mangaung Oval,15123,Michael Copeland,4,0,23,1,5.8
136268,2025-26,2025-11-23 11:00,2,KNG,BOR,Mangaung Oval,10172,Sisanda Magala,3,0,16,2,5.3
136268,2025-26,2025-11-23 11:00,2,KNG,BOR,Mangaung Oval,15127,Tiaan van Vuuren,4,0,28,0,7
136268,2025-26,2025-11-23 11:00,2,KNG,BOR,Mangaung Oval,1464059,Ross Boast,2,0,23,0,11.5
136268,2025-26,2025-11-23 11:00,2,KNG,BOR,Mangaung Oval,24574,Mbongiseni Mhlanga,3,0,18,0,6
136268,2025-26,2025-11-23 11:00,2,KNG,BOR,Mangaung Oval,9708,Malusi Siboto,4,0,25,1,6.2
136268,2025-26,2025-11-23 11:00,2,KNG,BOR,Mangaung Oval,14552,Jacques Snyman,4,0,31,3,7.8
172981,2026,2026-09-25 12:00,1,NWEST,WAR,SuperSport Park,11497,Wihan Lubbe,3,0,9,3,3
172981,2026,2026-09-25 12:00,1,NWEST,WAR,SuperSport Park,10079,Daryn Dupavillon,4,0,23,1,5.8
172981,2026,2026-09-25 12:00,1,NWEST,WAR,SuperSport Park,14429,Onke Nyaku,3,0,28,1,9.3
172981,2026,2026-09-25 12:00,1,NWEST,WAR,SuperSport Park,12587,Shimane Alfred Mothoa,2,0,13,0,6.5
172981,2026,2026-09-25 12:00,1,NWEST,WAR,SuperSport Park,15852,Ruan de Swardt,4,0,27,0,6.8
172981,2026,2026-09-25 12:00,1,NWEST,WAR,SuperSport Park,20526,Caleb Seleka,4,0,23,1,5.8
172981,2026,2026-09-25 12:00,2,WAR,NWEST,SuperSport Park,21386,Jordan Hermann,3,0,18,0,6
172981,2026,2026-09-25 12:00,2,WAR,NWEST,SuperSport Park,9490,Beuran Hendricks,2,0,19,1,9.5
172981,2026,2026-09-25 12:00,2,WAR,NWEST,SuperSport Park,13150,Kerwin Mungroo,3.3,0,30,0,8.6
172981,2026,2026-09-25 12:00,2,WAR,NWEST,SuperSport Park,20432,Gideon Peters,3,0,38,0,12.7
172981,2026,2026-09-25 12:00,2,WAR,NWEST,SuperSport Park,13068,Thomas Kaber,3,0,15,2,5
172981,2026,2026-09-25 12:00,2,WAR,NWEST,SuperSport Park,11902,Patrick Kruger,1,0,9,0,9
172991,2026,2026-09-25 16:00,1,TIT,WPR,SuperSport Park,16433,Beyers Swanepoel,3,0,19,0,6.3
172991,2026,2026-09-25 16:00,1,TIT,WPR,SuperSport Park,13098,Eathan Bosch,4,0,30,1,7.5
172991,2026,2026-09-25 16:00,1,TIT,WPR,SuperSport Park,9581,Dayyaan Galiem,4,0,38,2,9.5
172991,2026,2026-09-25 16:00,1,TIT,WPR,SuperSport Park,10173,Tabraiz Shamsi,3,0,34,0,11.3
172991,2026,2026-09-25 16:00,1,TIT,WPR,SuperSport Park,10175,Junior Dala,2,0,21,1,10.5
172991,2026,2026-09-25 16:00,1,TIT,WPR,SuperSport Park,20578,Aphiwe Mnyanda,2,0,23,0,11.5
172991,2026,2026-09-25 16:00,1,TIT,WPR,SuperSport Park,14798,Donovan Ferreira,2,0,20,0,10
172991,2026,2026-09-25 16:00,2,WPR,TIT,SuperSport Park,17026,Mihlali Mpongwana,2,0,17,0,8.5
172991,2026,2026-09-25 16:00,2,WPR,TIT,SuperSport Park,55284,Raeeq Daniels,4,1,27,3,6.8
172991,2026,2026-09-25 16:00,2,WPR,TIT,SuperSport Park,50815,Oliver Whitehead,2,0,32,0,16
172991,2026,2026-09-25 16:00,2,WPR,TIT,SuperSport Park,10679,Tshepo Lebohang Moreki,3.5,0,52,2,13.6
172991,2026,2026-09-25 16:00,2,WPR,TIT,SuperSport Park,10187,George Linde,2,0,34,0,17
172991,2026,2026-09-25 16:00,2,WPR,TIT,SuperSport Park,23906,Jody Lawrence,1,0,25,0,25
173010,2026,2026-09-27 11:00,1,DOL,LIONS,Kingsmead,14586,Bryce Parsons,3,0,42,0,14
173010,2026,2026-09-27 11:00,1,DOL,LIONS,Kingsmead,12191,Okuhle Cele,4,0,39,1,9.8
173010,2026,2026-09-27 11:00,1,DOL,LIONS,Kingsmead,1451245,Bayanda Majola,2,0,21,0,10.5
173010,2026,2026-09-27 11:00,1,DOL,LIONS,Kingsmead,8530,Prenelan Subrayen,4,0,28,1,7
173010,2026,2026-09-27 11:00,1,DOL,LIONS,Kingsmead,9587,Jason Smith,3,0,25,0,8.3
173010,2026,2026-09-27 11:00,1,DOL,LIONS,Kingsmead,50972,Tristan Luus,4,0,47,2,11.8
173010,2026,2026-09-27 11:00,2,LIONS,DOL,Kingsmead,24546,Codi Yusuf,4,0,38,2,9.5
173010,2026,2026-09-27 11:00,2,LIONS,DOL,Kingsmead,11208,Lutho Sipamla,4,0,37,1,9.2
173010,2026,2026-09-27 11:00,2,LIONS,DOL,Kingsmead,11200,Wiaan Mulder,4,0,31,2,7.8
173010,2026,2026-09-27 11:00,2,LIONS,DOL,Kingsmead,14566,Delano Potgieter,2,0,23,1,11.5
173010,2026,2026-09-27 11:00,2,LIONS,DOL,Kingsmead,20428,Nqabayomzi Peter,4,0,46,0,11.5
173010,2026,2026-09-27 11:00,2,LIONS,DOL,Kingsmead,9491,Reeza Hendricks,2,0,18,0,9
173027,2026,2026-09-27 11:00,1,TIT,MPR,"Uplands College, White River",16433,Beyers Swanepoel,2,0,21,1,10.5
173027,2026,2026-09-27 11:00,1,TIT,MPR,"Uplands College, White River",9581,Dayyaan Galiem,2,0,23,1,11.5
173027,2026,2026-09-27 11:00,1,TIT,MPR,"Uplands College, White River",1462705,Janco Smit,2,0,30,0,15
173027,2026,2026-09-27 11:00,2,MPR,TIT,"Uplands College, White River",20392,Jon Hinrichsen,2,0,29,1,14.5
173027,2026,2026-09-27 11:00,2,MPR,TIT,"Uplands College, White River",36398,Thabile Hlatuka,2,0,31,0,15.5
173027,2026,2026-09-27 11:00,2,MPR,TIT,"Uplands College, White River",1463716,Bryn Brokensha,1,0,19,0,19
173017,2026,2026-09-27 16:00,1,WPR,KNG,Newlands,55284,Raeeq Daniels,4,0,38,1,9.5
173017,2026,2026-09-27 16:00,1,WPR,KNG,Newlands,10187,George Linde,2,0,14,0,7
173017,2026,2026-09-27 16:00,1,WPR,KNG,Newlands,10679,Tshepo Lebohang Moreki,4,0,29,1,7.2
173017,2026,2026-09-27 16:00,1,WPR,KNG,Newlands,23906,Jody Lawrence,2,0,18,1,9
173017,2026,2026-09-27 16:00,1,WPR,KNG,Newlands,1451224,Josh Breed,4,1,31,3,7.8
173017,2026,2026-09-27 16:00,1,WPR,KNG,Newlands,20437,Joshua van Heerden,1,0,10,0,10
173017,2026,2026-09-27 16:00,1,WPR,KNG,Newlands,17026,Mihlali Mpongwana,3,0,22,1,7.3
173017,2026,2026-09-27 16:00,2,KNG,WPR,Newlands,15127,Tiaan van Vuuren,4,0,28,1,7
173017,2026,2026-09-27 16:00,2,KNG,WPR,Newlands,14552,Jacques Snyman,3,0,22,1,7.3
173017,2026,2026-09-27 16:00,2,KNG,WPR,Newlands,24574,Mbongiseni Mhlanga,1,0,6,0,6
173017,2026,2026-09-27 16:00,2,KNG,WPR,Newlands,50997,Emmanuel Motswiri,4,0,42,0,10.5
173017,2026,2026-09-27 16:00,2,KNG,WPR,Newlands,9708,Malusi Siboto,3.4,0,36,1,9.8
173017,2026,2026-09-27 16:00,2,KNG,WPR,Newlands,9530,Dane Piedt,4,0,33,1,8.2
173031,2026,2026-09-28 11:00,1,NWEST,BOR,Buffalo Park,10079,Daryn Dupavillon,4,0,14,1,3.5
173031,2026,2026-09-28 11:00,1,NWEST,BOR,Buffalo Park,15852,Ruan de Swardt,3,0,31,0,10.3
173031,2026,2026-09-28 11:00,1,NWEST,BOR,Buffalo Park,13151,Mthiwekhaya Nabe,3,0,29,0,9.7
173031,2026,2026-09-28 11:00,1,NWEST,BOR,Buffalo Park,12587,Shimane Alfred Mothoa,4,0,31,0,7.8
173031,2026,2026-09-28 11:00,1,NWEST,BOR,Buffalo Park,20526,Caleb Seleka,4,0,32,2,8
173031,2026,2026-09-28 11:00,1,NWEST,BOR,Buffalo Park,11497,Wihan Lubbe,2,0,9,1,4.5
173031,2026,2026-09-28 11:00,2,BOR,NWEST,Buffalo Park,13523,Sithembile Langa,4,0,18,3,4.5
173031,2026,2026-09-28 11:00,2,BOR,NWEST,Buffalo Park,20551,Jan Hardus Coetzer,3,0,16,0,5.3
173031,2026,2026-09-28 11:00,2,BOR,NWEST,Buffalo Park,22061,Alindile Mhletywa,4,0,52,0,13
173031,2026,2026-09-28 11:00,2,BOR,NWEST,Buffalo Park,9489,Ayabulela Gqamane,2,0,20,0,10
173031,2026,2026-09-28 11:00,2,BOR,NWEST,Buffalo Park,15123,Michael Copeland,3,0,14,1,4.7
173031,2026,2026-09-28 11:00,2,BOR,NWEST,Buffalo Park,13394,Kgaudisa Molefe,4,0,17,4,4.2
173133,2026,2026-09-29 12:00,1,LIMPO,WAR,St George's Park,24629,Atwell Mokgoloboto,3,0,18,0,6
173133,2026,2026-09-29 12:00,1,LIMPO,WAR,St George's Park,41928,Thomas Mayes,4,0,32,0,8
173133,2026,2026-09-29 12:00,1,LIMPO,WAR,St George's Park,14767,Marcello Piedt,3,0,38,2,12.7
173133,2026,2026-09-29 12:00,1,LIMPO,WAR,St George's Park,51046,Irvin Modimokoane,3,0,30,0,10
173133,2026,2026-09-29 12:00,1,LIMPO,WAR,St George's Park,20497,Don Radebe,4,0,30,1,7.5
173133,2026,2026-09-29 12:00,1,LIMPO,WAR,St George's Park,1464100,Abdullah Bayoumy,1,0,10,0,10
173133,2026,2026-09-29 12:00,1,LIMPO,WAR,St George's Park,20303,Ernest Kemm,2,0,10,1,5
173133,2026,2026-09-29 12:00,2,WAR,LIMPO,St George's Park,13150,Kerwin Mungroo,4,0,31,1,7.8
173133,2026,2026-09-29 12:00,2,WAR,LIMPO,St George's Park,9490,Beuran Hendricks,4,0,34,1,8.5
173133,2026,2026-09-29 12:00,2,WAR,LIMPO,St George's Park,53454,Wesley Bedja,4,0,21,0,5.2
173133,2026,2026-09-29 12:00,2,WAR,LIMPO,St George's Park,9801,Sibonelo Makhanya,2,0,18,0,9
173133,2026,2026-09-29 12:00,2,WAR,LIMPO,St George's Park,13068,Thomas Kaber,4,0,25,4,6.2
173133,2026,2026-09-29 12:00,2,WAR,LIMPO,St George's Park,21386,Jordan Hermann,2,0,10,0,5
173143,2026,2026-09-29 16:00,1,BOL,KNG,Boland Park,14516,Glenton Stuurman,4,0,36,1,9
173143,2026,2026-09-29 16:00,1,BOL,KNG,Boland Park,19058,Siyabonga Mahima,3,0,23,0,7.7
173143,2026,2026-09-29 16:00,1,BOL,KNG,Boland Park,13066,Akhona Mnyaka,2,0,18,1,9
173143,2026,2026-09-29 16:00,1,BOL,KNG,Boland Park,14687,Imran Manack,4,0,28,1,7
173143,2026,2026-09-29 16:00,1,BOL,KNG,Boland Park,10194,Ferisco Adams,2,0,22,0,11
173143,2026,2026-09-29 16:00,1,BOL,KNG,Boland Park,14308,Neil Brand,2,0,13,0,6.5
173143,2026,2026-09-29 16:00,1,BOL,KNG,Boland Park,1423887,Lehan Botha,3,0,19,1,6.3
173143,2026,2026-09-29 16:00,2,KNG,BOL,Boland Park,14552,Jacques Snyman,2,0,9,0,4.5
173143,2026,2026-09-29 16:00,2,KNG,BOL,Boland Park,9530,Dane Piedt,4,0,35,2,8.8
173143,2026,2026-09-29 16:00,2,KNG,BOL,Boland Park,15127,Tiaan van Vuuren,3,0,38,1,12.7
173143,2026,2026-09-29 16:00,2,KNG,BOL,Boland Park,9708,Malusi Siboto,4,1,23,1,5.8
173143,2026,2026-09-29 16:00,2,KNG,BOL,Boland Park,24574,Mbongiseni Mhlanga,3,0,23,0,7.7
173143,2026,2026-09-29 16:00,2,KNG,BOL,Boland Park,13629,Junaid Dawood,2,0,20,0,10
173143,2026,2026-09-29 16:00,2,KNG,BOL,Boland Park,50997,Emmanuel Motswiri,2,0,13,0,6.5
